id,smiles,inchikey,mwt,clogp,SMILES,Name,Rep 1,Rep 2,Mean,pmic
73605986,C=CC(C1=CC(=O)C(OC)=CC1=O)c1ccc(O)cc1,DLCVFIMWFKVRTM-UHFFFAOYSA-N,270.089208928,2.2702999999999998,C=CC(C1=CC(=O)C(OC)=CC1=O)c1ccc(O)cc1, 4-METHOXY-4'-HYDROXY-DALBERGIONE,1.0415,1.1245,1.083,
36607903,C=C1CC/C=C(/C)CC[C@@H]2[C@@H]1CC2(C)C.O,HXXVLFJCXBVAIE-DTPOWOMPSA-N,222.198365452,3.900500000000004,C=C1CC/C=C(/C)CC[C@@H]2[C@@H]1CC2(C)C.O,(-)E-CARYOPHYLLENE hydrate,0.84605,1.0282,0.937125,
81810894,CCCCCCCCCCCCCCCC(=O)OCC(O)CO,QHZLMUACJMDIAE-UHFFFAOYSA-N,330.27700969599994,4.364100000000005,CCCCCCCCCCCCCCCC(=O)OCC(O)CO,1-MONOPALMITIN,1.0894,1.247,1.1682,
14873350,CC1(C)C(=O)[C@@H]2O[C@@H]2[C@@]2(C)C1C[C@@H](O)[C@]1(C)C2CC[C@@]2(C)[C@H](c3ccoc3)OC(=O)C3OC321,UIUKQADPLSFRBN-NIJWRPTQSA-N,456.21480336399986,3.201100000000002,CC1(C)C(=O)[C@@H]2O[C@@H]2[C@@]2(C)C1C[C@@H](O)[C@]1(C)C2CC[C@@]2(C)[C@H](c3ccoc3)OC(=O)C3OC321,"1,2alpha-EPOXYDEACETOXYDIHYDROGEDUNIN",1.1681,1.1717,1.1699,
31923661,CC1(C)C2CC(=O)[C@]3(C)C(CC[C@@]4(C)[C@H](c5ccoc5)OC(=O)C5OC543)[C@@]2(C)[C@@H](O)C[C@H]1O,BBSPXZBAZKHYLF-HUBYRZTESA-N,458.23045342799986,3.1847000000000016,CC1(C)C2CC(=O)[C@]3(C)C(CC[C@@]4(C)[C@H](c5ccoc5)OC(=O)C5OC543)[C@@]2(C)[C@@H](O)C[C@H]1O,"1,3-DIDEACETYL-7-DEACETOXY-7-OXOKHIVORIN",1.1953,1.2281,1.2117,
10835410,CC1(C)C2CC(=O)[C@]3(C)C(CC[C@@]4(C)[C@H](c5ccoc5)OC(=O)[C@H]5O[C@]543)[C@@]2(C)C(=O)C[C@H]1O,BSZLLSHGSWKZRE-IYLQSFRJSA-N,456.21480336399986,3.3929000000000022,CC1(C)C2CC(=O)[C@]3(C)C(CC[C@@]4(C)[C@H](c5ccoc5)OC(=O)[C@H]5O[C@]543)[C@@]2(C)C(=O)C[C@H]1O,"1,7-DIDEACETOXY-1,7-DIOXO-3-DEACETYLKHIVORIN",0.96196,0.90409,0.933025,
11248432,CC[C@@]1(O)C(=O)OCc2c1cc1n(c2=O)Cc2cc3cc(O)ccc3nc2-1,HAWSQZCWOQZXHI-FQEVSTJZSA-N,364.105921612,1.7852,CC[C@@]1(O)C(=O)OCc2c1cc1n(c2=O)Cc2cc3cc(O)ccc3nc2-1,10-HYDROXYCAMPTOTHECIN,1.1802,0.97645,1.078325,
28520057,CC(=O)OC1CC[C@@]2(C)C(CC[C@]3(C)C2C2OC2[C@]24OC(=O)[C@@]5(CCC(C)C(C)C52)CC[C@]43C)C1(C)C,YAMVHWVYHOZWMH-NPHWSOHISA-N,512.350174636,6.322200000000008,CC(=O)OC1CC[C@@]2(C)C(CC[C@]3(C)C2C2OC2[C@]24OC(=O)[C@@]5(CCC(C)C(C)C52)CC[C@]43C)C1(C)C,11(12)-EPOXY-URSOLOLACTONE ACETATE,1.0645,1.0832,1.07385,
49369700,CC(=O)[C@@]12O[C@]1(C)CC1C3CC=C4C[C@@H](O)CC[C@]4(C)C3CC[C@@]12C,LMVLICSGVDWDSM-JNJIFQTJSA-N,344.23514488399996,4.036700000000003,CC(=O)[C@@]12O[C@]1(C)CC1C3CC=C4C[C@@H](O)CC[C@]4(C)C3CC[C@@]12C,16beta-METHYL-16(17)-EPOXY-5-PREGNENOLONE,0.88329,1.2307,1.056995,
10525992,C[C@@H](N)[C@@H](O)c1ccccc1.Cl,DYWNLSQWJMTVGJ-PRCZDLBKSA-N,187.076391748,1.489,C[C@@H](N)[C@@H](O)c1ccccc1.Cl,"1S,2R-PHENYLPROPANOLAMINE HYDROCHLORIDE",1.1119,1.0247,1.0683,
34558021,CC(=O)c1ccc[nH]1,IGJQUJNPMOYEJY-UHFFFAOYSA-N,109.052763844,1.2173,CC(=O)c1ccc[nH]1,2-ACETYLPYRROLE,0.99141,0.91784,0.954625,
16465674,CC1=CC2C(CC1=O)C2(C)C,CTZWGIMYGKDLPH-UHFFFAOYSA-N,150.104465068,2.1776999999999997,CC1=CC2C(CC1=O)C2(C)C,2-CARENE-3-ONE,1.0287,0.95938,0.99404,
86391866,COc1ccc(C(=O)O)c(O)c1OC,CJFQIVAOBBTJCI-UHFFFAOYSA-N,198.05282342,1.1076,COc1ccc(C(=O)O)c(O)c1OC,"2-HYDROXY-3,4-DIMETHOXYBENZOIC ACID",1.0966,1.3274,1.212,
37735676,CC1(C)CC2C1CCC1(C)OC1CCC2(C)O,KGYCKUADVHYVLM-UHFFFAOYSA-N,238.193280072,3.131200000000002,CC1(C)CC2C1CCC1(C)OC1CCC2(C)O,2-HYDROXY-5 (6)EPOXY-TETRAHYDROCARYOPHYLLENE,0.93811,1.1551,1.046605,
49055686,O=c1c2ccccc2oc2ccc(O)cc12,WSACHQJPCNOREV-UHFFFAOYSA-N,212.047344116,2.6518000000000006,O=c1c2ccccc2oc2ccc(O)cc12,2-HYDROXYXANTHONE,1.0162,1.1756,1.0959,
89094709,COc1cc2c(cc1C=O)OCO2,NCIYDDIPUGCVKX-UHFFFAOYSA-N,180.042258736,1.2363999999999997,COc1cc2c(cc1C=O)OCO2,"2-METHOXY-4,5-METHYLENEDIOXYBENZALDEHYDE",0.97578,0.97047,0.973125,
73886776,COc1c(O)cccc1O,QFYYAIBEHOEZKC-UHFFFAOYSA-N,140.047344116,1.1063999999999996,COc1c(O)cccc1O,2-METHOXYRESORCINOL,1.0627,0.94618,1.00444,
33306764,Oc1ccnc(S)n1,ZEMGGZBWXRYJHK-UHFFFAOYSA-N,128.004433748,0.47089999999999993,Oc1ccnc(S)n1,2-THIOURACIL,0.99259,0.99591,0.99425,
10955155,O=[N+]([O-])c1ccc(O)c([N+](=O)[O-])c1,UFBJCMHMOXMLKC-UHFFFAOYSA-N,184.012021228,1.2086,O=[N+]([O-])c1ccc(O)c([N+](=O)[O-])c1,"2,4-DINITROPHENOL",0.71714,0.69101,0.704075,
63513903,O=C(O[C@@H]1Cc2c(O)cc(O)cc2O[C@@H]1c1cc(O)c(O)c(O)c1-c1c([C@H]2Oc3cc(O)cc(O)c3C[C@H]2OC(=O)c2cc(O)c(O)c(O)c2)cc(O)c(O)c1O)c1cc(O)c(O)c(O)c1,YUULFXAQUWEYNP-GXAWFILRSA-N,914.1541727280003,4.446800000000015,O=C(O[C@@H]1Cc2c(O)cc(O)cc2O[C@@H]1c1cc(O)c(O)c(O)c1-c1c([C@H]2Oc3cc(O)cc(O)c3C[C@H]2OC(=O)c2cc(O)c(O)c(O)c2)cc(O)c(O)c1O)c1cc(O)c(O)c(O)c1,"2',2'-BISEPIGALLOCATECHIN DIGALLATE",1.112,0.9095,1.01075,
24937372,O=C(/C=C/c1ccc(O)cc1)c1ccccc1O,FGPJTMCJNPRZGF-UHFFFAOYSA-N,240.078644244,2.9939000000000013,O=C(/C=C/c1ccc(O)cc1)c1ccccc1O,"2',4-DIHYDROXYCHALCONE",0.88214,0.83519,0.858665,
19970211,COc1ccc(/C=C/C(=O)c2ccc(O)cc2O)cc1,ADRQFDIWPRFKSP-UHFFFAOYSA-N,270.089208928,3.0025000000000013,COc1ccc(/C=C/C(=O)c2ccc(O)cc2O)cc1,"2',4'-DIHYDROXY-4-METHOXYCHALCONE",1.0343,1.0423,1.0383,
56310019,O=C(/C=C/c1ccccc1)c1ccc(O)cc1O,JUMSUVHHUVPSOY-UHFFFAOYSA-N,240.078644244,2.9939000000000013,O=C(/C=C/c1ccccc1)c1ccc(O)cc1O,"2',4'-DIHYDROXYCHALCONE",0.84379,0.92657,0.88518,
14526444,O=C(/C=C/c1ccccc1)c1ccc(O[C@@H]2O[C@H](CO)[C@@H](O)[C@H](O)[C@H]2O)cc1O,SYDNPHFWTKACIZ-YMQHIKHWSA-N,402.1314676639999,0.46699999999999925,O=C(/C=C/c1ccccc1)c1ccc(O[C@@H]2O[C@H](CO)[C@@H](O)[C@H](O)[C@H]2O)cc1O,"2',4'-DIHYDROXYCHALCONE 4'-GLUCOSIDE",1.0181,0.96584,0.99197,
66475999,COc1ccc(/C=C/C(=O)c2cc(O)ccc2O)cc1,FUQGIYDZGLORRC-UHFFFAOYSA-N,270.089208928,3.0025000000000013,COc1ccc(/C=C/C(=O)c2cc(O)ccc2O)cc1,"2',5'-DIHYDROXY-4-METHOXYCHALCONE",1.0456,1.0832,1.0644,
35200973,N#CCCN.O=C(O)/C=C/C(=O)O,NYPGBHKJFKQTIY-UHFFFAOYSA-N,186.0640568,-0.42942000000000063,N#CCCN.O=C(O)/C=C/C(=O)O,3-AMINOPROPIONITRILE FUMARATE,0.95253,0.91986,0.936195,
60392242,CC(=O)O[C@H]1CC[C@]2(C)C3CC[C@]4(C)C(C(C)=O)=CC[C@H]4C3CC[C@H]2C1,YFMSIVMSEGIVCP-UYKOYKHJSA-N,358.25079494799996,5.086100000000005,CC(=O)O[C@H]1CC[C@]2(C)C3CC[C@]4(C)C(C(C)=O)=CC[C@H]4C3CC[C@H]2C1,3-beta-ACETOXYALLOPREG-16-EN-20-ONE,1.3016,1.1397,1.22065,
89416114,CC(=O)O[C@H]1C[C@@H](O)C(C)(C)C2C[C@@H](OC(C)=O)[C@]3(C)C(CC[C@@]4(C)[C@H](c5ccoc5)OC(=O)C5OC543)[C@]21C,PDKGFQJSCXMICA-GBOCIRNBSA-N,544.2672328599999,4.118100000000004,CC(=O)O[C@H]1C[C@@H](O)C(C)(C)C2C[C@@H](OC(C)=O)[C@]3(C)C(CC[C@@]4(C)[C@H](c5ccoc5)OC(=O)C5OC543)[C@]21C,3-DEACETYLKHIVORIN,1.0457,0.95996,1.00283,
42666241,O=c1c(O)c(-c2ccccc2)oc2ccccc12,HVQAJTFOCKOKIN-UHFFFAOYSA-N,238.06299418,3.1656000000000013,O=c1c(O)c(-c2ccccc2)oc2ccccc12,3-HYDROXYFLAVONE,0.87379,1.0517,0.962745,
24285550,COc1cccc(O)c1O,LPYUENQFPVNPHY-UHFFFAOYSA-N,140.047344116,1.1063999999999996,COc1cccc(O)c1O,3-METHOXYCATECHOL,0.90019,0.98082,0.940505,
30962989,CC(=O)O[C@@H]1CC2C(C)(C)C=CC[C@]2(C)C2CC[C@@]3(C)C(c4ccoc4)OC(=O)[C@H]4O[C@]43[C@@]21C,XESIJTFPTYJRCY-NBZZXXKMSA-N,468.2511888719999,5.381700000000005,CC(=O)O[C@@H]1CC2C(C)(C)C=CC[C@]2(C)C2CC[C@@]3(C)C(c4ccoc4)OC(=O)[C@H]4O[C@]43[C@@]21C,"3,4-DEHYDRO-1,2-DIHYDRO-3-DESOXO-GEDUNIN",0.95891,1.0044,0.981655,
50593492,COc1cc(C=O)cc(OC)c1OC,OPHQOIGEOHXOGX-UHFFFAOYSA-N,196.073558864,1.5248999999999997,COc1cc(C=O)cc(OC)c1OC,"3,4,5-TRIMETHOXYBENZALDEHYDE",0.98444,1.0013,0.99287,
16228121,O=c1c(O)c(-c2ccc(O)cc2)oc2ccccc12,GPGOCTLAUAHUQO-UHFFFAOYSA-N,254.0579088,2.871200000000001,O=c1c(O)c(-c2ccc(O)cc2)oc2ccccc12,"3,4'-DIHYDROXYFLAVONE",1.1969,1.3146,1.25575,
10579401,COc1ccc(-c2oc3cc(OC)c(OC)c(OC)c3c(=O)c2OC)cc1,OWNRDLYPIYHOQK-UHFFFAOYSA-N,372.12090298,3.503000000000003,COc1ccc(-c2oc3cc(OC)c(OC)c(OC)c3c(=O)c2OC)cc1,"3,4',5,6,7-PENTAMETHOXYFLAVONE",0.95417,1.06,1.007085,
97382133,O=c1c(O)c(-c2ccccc2)oc2cccc(O)c12,QHYWQIVTVQAKQF-UHFFFAOYSA-N,254.0579088,2.8712000000000013,O=c1c(O)c(-c2ccccc2)oc2cccc(O)c12,"3,5-DIHYDROXYFLAVONE",1.0498,1.0837,1.06675,
21870030,O=c1c(O)c(-c2ccccc2)oc2cc(O)ccc12,UWQJWDYDYIJWKY-UHFFFAOYSA-N,254.0579088,2.871200000000001,O=c1c(O)c(-c2ccccc2)oc2cc(O)ccc12,"3,7-DIHYDROXYFLAVONE",1.0391,0.88492,0.96201,
11507096,COc1ccc2c(=O)c(OC)c(-c3ccccc3)oc2c1,CNDZOPXQZSXGSK-UHFFFAOYSA-N,282.089208928,3.4772000000000025,COc1ccc2c(=O)c(OC)c(-c3ccccc3)oc2c1,"3,7-DIMETHOXYFLAVONE",0.78035,1.0982,0.939275,
70934771,O=c1cc(-c2cccc(O)c2)oc2ccc(O)cc12,YHLLABKHTFWHSZ-UHFFFAOYSA-N,254.0579088,2.871200000000001,O=c1cc(-c2cccc(O)c2)oc2ccc(O)cc12,"3',6-DIHYDROXYFLAVONE",0.75648,1.0373,0.89689,
34586512,CC(=O)O[C@@H]1CC[C@@]2(C)C(C[C@@H](OC(C)=O)[C@@]3(C)C4=CC(=O)O[C@@H](c5ccoc5)[C@]4(C)CCC23)C1(C)C,HNFPPWVGLWDXQQ-FJPSVTAHSA-N,512.27740362,5.936100000000007,CC(=O)O[C@@H]1CC[C@@]2(C)C(C[C@@H](OC(C)=O)[C@@]3(C)C4=CC(=O)O[C@@H](c5ccoc5)[C@]4(C)CCC23)C1(C)C,3alpha-ACETOXYDIHYDRODEOXYGEDUNIN,0.91099,1.0018,0.956395,
49517684,C=C1C2CC[C@@]3(C)[C@H](c4ccoc4)OC(=O)C[C@]13O[C@H]1CC(O)C(C)(C)C(CC(=O)OC)[C@@]21C,QFRUZVNPYYYLAN-BBJYNIMOSA-N,472.2461034919999,4.354100000000003,C=C1C2CC[C@@]3(C)[C@H](c4ccoc4)OC(=O)C[C@]13O[C@H]1CC(O)C(C)(C)C(CC(=O)OC)[C@@]21C,3alpha-HYDROXY-3-DEOXYANGOLENSIC ACID METHYL ESTER,0.97071,1.1006,1.035655,
66774034,CC(=O)O[C@H]1CC[C@@]2(C)C(C[C@@H](OC(C)=O)[C@]3(C)C2CC[C@@]2(C)[C@H](c4ccoc4)OC(=O)[C@H]4O[C@]423)C1(C)C,LCTHKUJMKQOYDY-ZYIGBFDLSA-N,528.2723182399999,5.147300000000006,CC(=O)O[C@H]1CC[C@@]2(C)C(C[C@@H](OC(C)=O)[C@]3(C)C2CC[C@@]2(C)[C@H](c4ccoc4)OC(=O)[C@H]4O[C@]423)C1(C)C,3beta-ACETOXYDEOXODIHYDROGEDUNIN,0.91475,0.82062,0.867685,
87797181,CC(CCC(=O)O)[C@H]1CCC2C3CC=C4C[C@@H](O)CC[C@]4(C)C3CC[C@@]21C,HIAJCGFYHIANNA-YZVLTLOFSA-N,374.28209507599996,5.427200000000005,CC(CCC(=O)O)[C@H]1CCC2C3CC=C4C[C@@H](O)CC[C@]4(C)C3CC[C@@]21C,3beta-HYDROXYCHOL-5-ENIC ACID,1.0197,0.73905,0.879375,
80899107,CC(=O)O[C@@H]1CC2C(C)(CC[C@H](O)C2(C)C)C2CC[C@]3(C)C(=CC(=O)O[C@H]3c3ccoc3)C21C,FJIIOEQLAAKWEL-VISHRWGOSA-N,470.2668389359999,5.365300000000006,CC(=O)O[C@@H]1CC2C(C)(CC[C@H](O)C2(C)C)C2CC[C@]3(C)C(=CC(=O)O[C@H]3c3ccoc3)C21C,3beta-HYDROXYDEOXODIHYDRODEOXYGEDUNIN,1.0379,0.8518,0.94485,
11322636,CC(=O)Oc1ccc(O)cc1,HBMCQTHGYMTCOF-UHFFFAOYSA-N,152.047344116,1.3175,CC(=O)Oc1ccc(O)cc1,4-ACETOXYPHENOL,0.8929,0.9458,0.91935,
96904409,COc1ccc(C=O)cc1,ZRSNZINYAWTAHE-UHFFFAOYSA-N,136.052429496,1.5076999999999998,COc1ccc(C=O)cc1,4-ANISALDEHYDE,1.0887,0.95376,1.02123,
47807370,Cc1cc(O)cc(=O)o1,NSYSSMYQPLSPOD-UHFFFAOYSA-N,126.031694052,0.6538199999999998,Cc1cc(O)cc(=O)o1,4-HYDROXY-6-METHYLPYRAN-2-ONE,1.087,1.1995,1.14325,
79904295,O=C(/C=C/c1ccc(O)cc1)c1ccccc1,PWWCDTYUYPOAIU-UHFFFAOYSA-N,224.083729624,3.2883000000000013,O=C(/C=C/c1ccc(O)cc1)c1ccccc1,4-HYDROXYCHALCONE,0.77955,0.94796,0.863755,
37995730,COc1ccc(/C=C/C(=O)c2ccccc2)cc1,XUFXKBJMCRJATM-UHFFFAOYSA-N,238.099379688,3.591300000000002,COc1ccc(/C=C/C(=O)c2ccccc2)cc1,4-METHOXYCHALCONE,0.90807,0.87487,0.89147,
58548800,C=CC(C1=CC(=O)C(OC)=CC1=O)c1ccccc1,RGSUZUQISVAJJF-UHFFFAOYSA-N,254.094294308,2.564700000000001,C=CC(C1=CC(=O)C(OC)=CC1=O)c1ccccc1,4-METHOXYDALBERGIONE,1.016,1.0832,1.0496,
10953465,Cc1cc(=O)oc2c(O)c(O)ccc12,NWQBYMPNIJXFNQ-UHFFFAOYSA-N,192.042258736,1.5126199999999996,Cc1cc(=O)oc2c(O)c(O)ccc12,4-METHYLDAPHNETIN,0.9406,0.90702,0.92381,
24179546,Cc1cc(=O)oc2cc(O)c(O)cc12,KVOJTUXGYQVLAJ-UHFFFAOYSA-N,192.042258736,1.5126199999999996,Cc1cc(=O)oc2cc(O)c(O)cc12,4-METHYLESCULETIN,0.9283,0.94641,0.937355,
56616750,Cc1c[nH]cn1,XLSZMDLNRCVEIJ-UHFFFAOYSA-N,82.053098192,0.7181199999999999,Cc1c[nH]cn1,4-METHYLIMIDAZOLE,0.90829,0.88804,0.898165,
57131165,O=C(O)CCCN1C(=O)c2cccc3cccc(c23)C1=O,ZHXRDXTYPCPBTI-UHFFFAOYSA-N,283.084457896,2.3006,O=C(O)CCCN1C(=O)c2cccc3cccc(c23)C1=O,4-NAPHTHALIMIDOBUTYRIC ACID,0.97344,1.1444,1.05892,
11066313,CCCCCCCCCc1ccc(O)cc1,IGFHQQFPSIBGKE-UHFFFAOYSA-N,220.182715388,4.685300000000005,CCCCCCCCCc1ccc(O)cc1,4-NONYLPHENOL,1.2382,1.1278,1.183,
11358626,C=CC(C1=CC(=O)C(OC)=CC1=O)c1ccc(OC)cc1,FSNITHOUQGJHTR-UHFFFAOYSA-N,284.104858992,2.5733000000000006,C=CC(C1=CC(=O)C(OC)=CC1=O)c1ccc(OC)cc1,"4,4'-DIMETHOXYDALBERGIONE",0.91686,0.99036,0.95361,
10417842,O=C(/C=C/c1ccccc1)c1ccc(O)cc1,UAHGNXFYLAJDIN-UHFFFAOYSA-N,224.083729624,3.2883000000000013,O=C(/C=C/c1ccccc1)c1ccc(O)cc1,4'-HYDROXYCHALCONE,0.87486,0.90126,0.88806,
43007076,COc1ccc(C(=O)/C=C/c2ccccc2)cc1,KJHHAPASNNVTSN-UHFFFAOYSA-N,238.099379688,3.591300000000002,COc1ccc(C(=O)/C=C/c2ccccc2)cc1,4'-METHOXYCHALCONE,0.8536,0.92319,0.888395,
11176230,COc1ccc(-c2cc(=O)c3ccccc3o2)cc1,OMICQBVLCVRFGN-UHFFFAOYSA-N,252.078644244,3.468600000000002,COc1ccc(-c2cc(=O)c3ccccc3o2)cc1,4'-METHOXYFLAVONE,0.87478,0.97626,0.92552,
43722904,COc1ccc(-c2cc(=O)c3c(O)cc(OC)c(OC)c3o2)c(OC)c1,AHUAGKUYEMQHTH-UHFFFAOYSA-N,358.105252916,3.200000000000002,COc1ccc(-c2cc(=O)c3c(O)cc(OC)c(OC)c3o2)c(OC)c1,"5-HYDROXY-2',4',7,8-TETRAMETHOXYFLAVONE",1.048,1.3181,1.18305,
12686380,COc1ccccc1-c1cc(=O)c2c(OC)cccc2o1,QNKIRTADURZGPG-UHFFFAOYSA-N,282.089208928,3.4772000000000025,COc1ccccc1-c1cc(=O)c2c(OC)cccc2o1,"5,2'-DIMETHOXYFLAVONE",1.1647,1.2829,1.2238,
48474999,COc1ccc(-c2coc3cc(O)cc(OC)c3c2=O)cc1,JQQULYXWXRNRAX-UHFFFAOYSA-N,298.084123548,3.182800000000002,COc1ccc(-c2coc3cc(O)cc(OC)c3c2=O)cc1,"5,4'-DIMETHOXY-7-HYDROXYISOFLAVONE",1.003,1.0473,1.02515,
73061467,COc1ccc(-c2cc(=O)c3c(OC)cc(OC)cc3o2)cc1,ZXJJBDHPUHUUHD-UHFFFAOYSA-N,312.099773612,3.485800000000002,COc1ccc(-c2cc(=O)c3c(OC)cc(OC)cc3o2)cc1,"5,7,4'-TRIMETHOXYFLAVONE",1.1084,0.94477,1.026585,
19172416,COc1ccc(-c2coc3cc(OC)cc(OC)c3c2=O)cc1,PVVORTURQPBPEQ-UHFFFAOYSA-N,312.099773612,3.485800000000002,COc1ccc(-c2coc3cc(OC)cc(OC)c3c2=O)cc1,"5,7,4'-TRIMETHOXYISOFLAVONE",1.0509,1.1334,1.09215,
58949385,C[C@]12CCC3C(CC[C@H]4CC(=O)CC[C@]34C)C1CCC2=O,RAJWOBJTTGJROA-LWTCHCTNSA-N,288.208930136,4.167300000000004,C[C@]12CCC3C(CC[C@H]4CC(=O)CC[C@]34C)C1CCC2=O,"5alpha-ANDROSTAN-3,17-DIONE",1.0264,0.91649,0.971445,
79456510,CC(C)CCCC(C)C1CCC2C3CC(=O)[C@H]4C[C@@H](O)CC[C@]4(C)C3CC[C@]12C,JQMQKOQOLPGBBE-JJMJUPCVSA-N,402.349780712,6.647600000000009,CC(C)CCCC(C)C1CCC2C3CC(=O)[C@H]4C[C@@H](O)CC[C@]4(C)C3CC[C@]12C,5alpha-CHOLESTAN-3beta-OL-6-ONE,1.1645,0.86172,1.01311,
79748886,CC(C)CCCC(C)C1CCC2C3CC[C@H]4C[C@@H](O)CC[C@]4(C)C3CC[C@]12C,QYIXCDOBOSTCEI-ONUATZFWSA-N,388.370516156,7.468600000000009,CC(C)CCCC(C)C1CCC2C3CC[C@H]4C[C@@H](O)CC[C@]4(C)C3CC[C@]12C,5alpha-CHOLESTANOL,1.0717,1.0743,1.073,
80105067,O=c1cccc(/C=C/c2ccc3c(c2)OCO3)o1,HVUYPPPEYCNSFQ-UHFFFAOYSA-N,242.0579088,2.538900000000001,O=c1cccc(/C=C/c2ccc3c(c2)OCO3)o1,"6-(3,4-METHYLENEDIOXYSTYRYL)-alpha-PYRONE",0.92958,0.89049,0.910035,
82313164,O=c1cc(-c2ccccc2)oc2ccc(O)cc12,GPZYYYGYCRFPBU-UHFFFAOYSA-N,238.06299418,3.1656000000000013,O=c1cc(-c2ccccc2)oc2ccc(O)cc12,6-HYDROXYFLAVONE,0.82066,0.97696,0.89881,
21718088,O=c1cc(-c2ccccc2O)oc2ccc(O)cc12,YCGXYGWBHFKQHY-UHFFFAOYSA-N,254.0579088,2.871200000000001,O=c1cc(-c2ccccc2O)oc2ccc(O)cc12,"6,2'-DIHYDROXYFLAVONE",1.0405,0.96089,1.000695,
41768657,COc1cccc(-c2cc(=O)c3cc(OC)ccc3o2)c1,LLLIKVGWTVPYAL-UHFFFAOYSA-N,282.089208928,3.4772000000000025,COc1cccc(-c2cc(=O)c3cc(OC)ccc3o2)c1,"6,3'-DIMETHOXYFLAVONE",0.96175,0.90703,0.93439,
48658397,O=c1cc(-c2ccc(O)cc2)oc2ccc(O)cc12,FFULTBKXWHYHFQ-UHFFFAOYSA-N,254.0579088,2.871200000000001,O=c1cc(-c2ccc(O)cc2)oc2ccc(O)cc12,"6,4'-DIHYDROXYFLAVONE",1.0577,1.025,1.04135,
75278115,CC(=O)O[C@H]1C[C@@H](OC(C)=O)C(C)(C)C2CC(=O)[C@]3(C)C(CC[C@@]4(C)[C@H](c5ccoc5)OC(=O)[C@H]5O[C@]543)[C@]21C,IKFXPERBVFYFMS-DPILJLKXSA-N,542.251582796,4.326300000000004,CC(=O)O[C@H]1C[C@@H](OC(C)=O)C(C)(C)C2CC(=O)[C@]3(C)C(CC[C@@]4(C)[C@H](c5ccoc5)OC(=O)[C@H]5O[C@]543)[C@]21C,7-DEACETOXY-7-OXOKHIVORIN,1.0639,1.0028,1.03335,
21404456,CC(=O)O[C@H]1C[C@@H](OC(C)=O)C(C)(C)C2C[C@@H](O)[C@]3(C)C(CC[C@@]4(C)[C@H](c5ccoc5)OC(=O)[C@H]5O[C@]543)[C@]21C,MRMHZWKIOFZZID-WNXWNNQMSA-N,544.2672328599999,4.118100000000004,CC(=O)O[C@H]1C[C@@H](OC(C)=O)C(C)(C)C2C[C@@H](O)[C@]3(C)C(CC[C@@]4(C)[C@H](c5ccoc5)OC(=O)[C@H]5O[C@]543)[C@]21C,7-DEACETYLKHIVORIN,1.1873,1.1267,1.157,
79069996,CC1(C)C(=O)C=C[C@@]2(C)C1C=C[C@]1(C)C2CC[C@@]2(C)[C@H](c3ccoc3)OC(=O)[C@H]3O[C@]321,ZXHLDNILIVGKPC-XVHXIHMNSA-N,422.2093240599999,4.795100000000004,CC1(C)C(=O)C=C[C@@]2(C)C1C=C[C@]1(C)C2CC[C@@]2(C)[C@H](c3ccoc3)OC(=O)[C@H]3O[C@]321,"7-DESACETOXY-6,7-DEHYDROGEDUNIN",1.3448,1.2086,1.2767,
89935338,O=c1cc(-c2ccccc2)oc2cc(O)ccc12,MQGPSCMMNJKMHQ-UHFFFAOYSA-N,238.06299418,3.1656000000000013,O=c1cc(-c2ccccc2)oc2cc(O)ccc12,7-HYDROXYFLAVONE,1.065,1.0589,1.06195,
74350411,COc1ccc2c(=O)ccoc2c1,ZIPLCYUNFCYCCT-UHFFFAOYSA-N,176.047344116,1.8016,COc1ccc2c(=O)ccoc2c1,7-METHOXYCHROMONE,1.1283,1.1251,1.1267,
24274662,COC(=O)[C@]1(C)CCC[C@]2(C)c3ccc(C(C)C)cc3C(=O)CC12,URPBIQPJABGDJD-VTVVEXCCSA-N,328.20384475599997,4.633500000000004,COC(=O)[C@]1(C)CCC[C@]2(C)c3ccc(C(C)C)cc3C(=O)CC21,"7-OXOCALLITRISIC ACID, METHYL ESTER",0.70899,1.0734,0.891195,
50859752,O=c1cc(-c2ccccc2O)oc2cc(O)ccc12,NUGPQONICGTVNA-UHFFFAOYSA-N,254.0579088,2.871200000000001,O=c1cc(-c2ccccc2O)oc2cc(O)ccc12,"7,2'-DIHYDROXYFLAVONE",1.0751,1.0512,1.06315,
24159397,COc1ccc2c(=O)cc(-c3ccccc3OC)oc2c1,WVWDHKIZBHIGJE-UHFFFAOYSA-N,282.089208928,3.4772000000000025,COc1ccc2c(=O)cc(-c3ccccc3OC)oc2c1,"7,2'-DIMETHOXYFLAVONE",1.0831,1.3247,1.2039,
44265614,O=c1cc(-c2ccc(O)cc2)oc2cc(O)ccc12,LCAWNFIFMLXZPQ-UHFFFAOYSA-N,254.0579088,2.871200000000001,O=c1cc(-c2ccc(O)cc2)oc2cc(O)ccc12,"7,4'-DIHYDROXYFLAVONE",1.0701,1.0831,1.0766,
31874702,COc1ccc(-c2coc3cc(OC)ccc3c2=O)c(O)c1,ZQOPJNNVXTYJMC-UHFFFAOYSA-N,298.084123548,3.182800000000002,COc1ccc(-c2coc3cc(OC)ccc3c2=O)c(O)c1,"7,4'-DIMETHOXY-2'-HYDROXY-ISOFLAVONE",0.95834,0.98581,0.972075,
47204347,COc1ccc(-c2coc3cc(OC)ccc3c2=O)cc1,LPNBCGIVZXHHHO-UHFFFAOYSA-N,282.089208928,3.4772000000000025,COc1ccc(-c2coc3cc(OC)ccc3c2=O)cc1,"7,4'-DIMETHOXYISOFLAVONE",1.015,1.1245,1.06975,
37041870,O=c1cc(-c2ccccc2)oc2c(O)c(O)ccc12,COCYGNDCWFKTMF-UHFFFAOYSA-N,254.0579088,2.871200000000001,O=c1cc(-c2ccccc2)oc2c(O)c(O)ccc12,"7,8-DIHYDROXYFLAVONE",0.83726,0.95884,0.89805,
84043398,COc1ccc2c(=O)cc(-c3ccccc3)oc2c1OC,KJRQQECDVUXBCO-UHFFFAOYSA-N,282.089208928,3.4772000000000025,COc1ccc2c(=O)cc(-c3ccccc3)oc2c1OC,"7,8-DIMETHOXYFLAVONE",1.027,1.2942,1.1606,
13628493,CC1(C)C(=O)[C@@H]2C[C@@]3(O)C4=CC(=O)O[C@@H](c5ccoc5)[C@]4(C)CCC3[C@](C)(C2=O)[C@H]1CC(=O)O,UKTUQKGXNWDYAI-VBIPTOAJSA-N,470.19406791999995,3.2464000000000013,CC1(C)C(=O)[C@@H]2C[C@@]3(O)C4=CC(=O)O[C@@H](c5ccoc5)[C@]4(C)CCC3[C@](C)(C2=O)[C@H]1CC(=O)O,8-HYDROXYCARAPINIC ACID,0.80631,0.96629,0.8863,
20568227,Nc1nc(NC2CC2)c2ncn(C3C=C[C@@H](CO)C3)c2n1.O=S(=O)(O)O,MBFKCGGQTYQTLR-GLXCQHJISA-N,384.12158873999994,0.43950000000000017,Nc1nc(NC2CC2)c2ncn(C3C=C[C@@H](CO)C3)c2n1.O=S(=O)(O)O,ABACAVIR SULFATE,1.1396,1.0248,1.0822,
21129680,CCC(C)[C@H]1O[C@]2(C=C[C@@H]1C)C[C@@H]1C[C@@H](C/C=C(\C)[C@@H](OC3C[C@H](OC)C(O[C@H]4C[C@H](OC)[C@@H](O)[C@H](C)O4)[C@H](C)O3)[C@@H](C)/C=C/C=C3\CO[C@@H]4[C@H](O)C(C)=C[C@@H](C(=O)O1)[C@]34O)O2,RRZXIRBKKLTSOM-BEQYTDCESA-N,872.4922069840001,5.377400000000007,CCC(C)[C@H]1O[C@]2(C=C[C@@H]1C)C[C@@H]1C[C@@H](C/C=C(\C)[C@@H](OC3C[C@H](OC)C(O[C@H]4C[C@H](OC)[C@@H](O)[C@H](C)O4)[C@H](C)O3)[C@@H](C)/C=C/C=C3\CO[C@@H]4[C@H](O)C(C)=C[C@@H](C(=O)O1)[C@]34O)O2,ABAMECTIN (avermectin B1a shown),0.74844,0.9107,0.82957,
11269038,CC(C)C1=CC2=CCC3[C@](C)(CCC[C@]3(C)C(=O)O)C2CC1,RSWGJHLUYNHPMX-TZJYRCSTSA-N,302.2245802,5.206200000000004,CC(C)C1=CC2=CCC3[C@@](C)(C(=O)O)CCC[C@]3(C)C2CC1,ABIETIC ACID,0.98963,0.97189,0.98076,
28740771,C[C@]12CC[C@H](O)CC1=CC[C@@H]1C2CC[C@]2(C)C(c3cccnc3)=CCC12,GZOSMCIZMLWJML-MOZXWMAFSA-N,349.24056461200007,5.398600000000005,C[C@]12CCC3[C@@H](CC=C4C[C@@H](O)CC[C@@]43C)C1CC=C2c1cccnc1,ABIRATERONE,1.0267,1.0537,1.0402,
82115822,CNC(Cc1c[nH]c2ccccc12)C(=O)O,CZCIKBSVHDNIDH-UHFFFAOYSA-N,218.105527688,1.383,CNC(Cc1c[nH]c2ccccc12)C(=O)O,ABRINE (L),0.89614,0.94297,0.919555,
11383243,CC1=CC(=O)CC(C)(C)C1(O)/C=C/C(C)=C\C(=O)O,JLIDBLDQVAYHNE-UHFFFAOYSA-N,264.13615912,2.2499,CC1=CC(=O)CC(C)(C)C1(O)/C=C/C(C)=C\C(=O)O,"ABSCISIC ACID (cis,trans; +/-)",1.1909,0.98166,1.08628,
61873189,COc1ccc(-c2cc(=O)c3c(O)cc(O)cc3o2)cc1,DANYIYRPLHHOCZ-UHFFFAOYSA-N,284.06847348400004,2.8798000000000012,COc1ccc(-c2cc(=O)c3c(O)cc(O)cc3o2)cc1,ACACETIN,1.3517,1.082,1.21685,
18258964,NC(=O)c1ncn(C2O[C@H](CO)[C@@H](O)[C@H]2O)c1N,RTRQQBHATOEIAF-LZGMGDPASA-N,258.09641954800003,-2.8242999999999996,NC(=O)c1ncn(C2O[C@H](CO)[C@@H](O)[C@H]2O)c1N,ACADESINE,0.97551,0.91002,0.942765,
70624773,CC(=O)NCCCS(=O)(=O)[O-].CC(=O)NCCCS(=O)(=O)[O-].[Ca+2],BUVGWDNTAWHSKI-UHFFFAOYSA-L,400.0286985799999,-2.2651999999999957,CC(=O)NCCCS(=O)(=O)[O-].CC(=O)NCCCS(=O)(=O)[O-].[Ca+2],ACAMPROSATE CALCIUM,1.0699,1.1972,1.13355,
91372054,C[C@H]1O[C@H](O[C@H]2[C@H](O)[C@@H](O)[C@@H](O[C@H]3[C@H](O)[C@@H](O)C(O)O[C@@H]3CO)O[C@@H]2CO)[C@H](O)[C@@H](O)[C@@H]1N[C@H]1C=C(CO)[C@@H](O)[C@H](O)[C@H]1O,XUFXOAAUWZOOIT-UGEKTDRHSA-N,645.2480135359999,-8.564500000000002,C[C@H]1O[C@H](O[C@@H]2[C@@H](CO)O[C@H](O[C@@H]3[C@@H](CO)OC(O)[C@H](O)[C@H]3O)[C@H](O)[C@H]2O)[C@H](O)[C@@H](O)[C@@H]1N[C@H]1C=C(CO)[C@@H](O)[C@H](O)[C@H]1O,ACARBOSE,0.85392,1.0671,0.96051,
68839502,CCCC(=O)Nc1ccc(OCC(O)CNC(C)C)c(C(C)=O)c1.Cl,KTUFKADDDORSSI-UHFFFAOYSA-N,372.181585088,2.7873000000000014,CCCC(=O)Nc1ccc(OCC(O)CNC(C)C)c(C(C)=O)c1.Cl,ACEBUTOLOL HYDROCHLORIDE,0.96087,1.1643,1.062585,
41398678,CCN(CC)CCNC(=O)c1ccc(NC(C)=O)cc1.Cl,IYEWBJUCJHKLHD-UHFFFAOYSA-N,313.155704688,2.1384000000000003,CCN(CC)CCNC(=O)c1ccc(NC(C)=O)cc1.Cl,ACECAINIDE HYDROCHLORIDE,0.95018,1.467,1.20859,
36619872,O=C(O)COC(=O)Cc1ccccc1Nc1c(Cl)cccc1Cl,MNIPYSSQXLZQLJ-UHFFFAOYSA-N,353.02216325600006,3.907300000000002,O=C(O)COC(=O)Cc1ccccc1Nc1c(Cl)cccc1Cl,ACECLOFENAC,1.0908,0.9697,1.03025,
86123539,CC(=O)Nc1ccc(S(=O)(=O)c2ccc(NC(C)=O)cc2)cc1,AMTPYFGPPVFBBI-UHFFFAOYSA-N,332.08307799199997,2.4362000000000004,CC(=O)Nc1ccc(S(=O)(=O)c2ccc(NC(C)=O)cc2)cc1,ACEDAPSONE,0.93625,1.3047,1.120475,
68922618,CC(=O)Nc1ccc(C(=O)O)cc1,QCXJEYYXVJIFCE-UHFFFAOYSA-N,179.058243148,1.3432,CC(=O)Nc1ccc(C(=O)O)cc1,ACEDOBEN,1.1451,1.003,1.07405,
34564053,Cn1c(=O)c2c(ncn2CC(=O)O)n(C)c1=O,HCYFGRCYSCXKNQ-UHFFFAOYSA-N,238.0702048,-1.4816999999999998,Cn1c(=O)c2c(ncn2CC(=O)O)n(C)c1=O,ACEFYLLINE,0.97685,1.0632,1.020025,
21532680,CC(=O)N[C@@H](CCC(N)=O)C(=O)O,KSMRODHGGIIXDV-YFKPBYRVSA-N,188.079706864,-1.1587999999999987,CC(=O)N[C@@H](CCC(N)=O)C(=O)O,ACEGLUTAMIDE,0.97605,0.95942,0.967735,
68924188,COc1ccc2c(c1)c(CC(=O)OCC(=O)O)c(C)n2C(=O)c1ccc(Cl)cc1,FSQKKOOTNAMONP-UHFFFAOYSA-N,415.082264976,3.4705200000000014,COc1ccc2c(c1)c(CC(=O)OCC(=O)O)c(C)n2C(=O)c1ccc(Cl)cc1,ACEMETACIN,1.2182,1.2522,1.2352,
58430246,CC(=O)N[C@H]1[C@H]([C@H](O)[C@H](O)CO)O[C@](O)(C(=O)O)C[C@@H]1O,SQVRNKJHWKZAKO-PFQGKNLYSA-N,309.105981188,-3.871799999999999,CC(=O)N[C@@H]1[C@@H](O)C[C@@](O)(C(=O)O)O[C@H]1[C@H](O)[C@H](O)CO,ACENEURAMIC ACID,0.94974,0.94239,0.946065,
72535110,CC(=O)c1ccc2c(c1)N(CCCN(C)C)c1ccccc1S2.O=C(O)/C=C\C(=O)O,FQRHOOHLUYHMGG-UHFFFAOYSA-N,442.1562429319999,4.155400000000002,CC(=O)c1ccc2c(c1)N(CCCN(C)C)c1ccccc1S2.O=C(O)/C=C\C(=O)O,ACEPROMAZINE MALEATE,0.84049,0.8043,0.822395,
11037192,CC1=CC(=O)[N-]S(=O)(=O)O1.[K+],WBZFUFAFFUEMEI-UHFFFAOYSA-M,200.949810288,-2.9304999999999994,CC1=CC(=O)[N-]S(=O)(=O)O1.[K+],ACESULFAME POTASSIUM,0.89612,0.85005,0.873085,
40270045,CC(=O)Nc1ccc(O)cc1,RZVAJINKPMORJF-UHFFFAOYSA-N,151.063328528,1.3505999999999998,CC(=O)Nc1ccc(O)cc1,ACETAMINOPHEN,0.98619,1.0325,1.009345,
71872805,CC(=O)Nc1ccc(OC(=O)c2ccccc2O)cc1,TWIIVLKQFJBFPW-UHFFFAOYSA-N,271.084457896,2.5698000000000008,CC(=O)Nc1ccc(OC(=O)c2ccccc2O)cc1,ACETAMINOSALOL,1.1262,1.3939,1.26005,
63994574,CC(=O)Nc1ccccc1,FZERHIULMFGESH-UHFFFAOYSA-N,135.068413908,1.6449999999999998,CC(=O)Nc1ccccc1,ACETANILIDE,0.94974,0.91957,0.934655,
36938270,CC(=O)Nc1cc([As](=O)(O)O)ccc1O,ODFJOVXVLFUVNQ-UHFFFAOYSA-N,274.97749392000003,-1.0884000000000005,CC(=O)Nc1cc([As](=O)(O)O)ccc1O,ACETARSOL,1.0772,1.0536,1.0654,
63743403,CC(=O)Nc1nnc(S(N)(=O)=O)s1,BZKPWHYZMXOIDC-UHFFFAOYSA-N,221.988132052,-0.8561000000000003,CC(=O)Nc1nnc(S(N)(=O)=O)s1,ACETAZOLAMIDE,1.0962,0.91893,1.007565,
38553466,CC(=O)c1ccc(S(=O)(=O)NC(=O)NC2CCCCC2)cc1,VGZSUPCWNCWDAN-UHFFFAOYSA-N,324.11437811999997,2.2098000000000004,CC(=O)c1ccc(S(=O)(=O)NC(=O)NC2CCCCC2)cc1,ACETOHEXAMIDE,1.0544,0.9599,1.00715,
16065141,CC(=O)NO,RRUDCFGSUDOHDG-UHFFFAOYSA-N,75.0320284,-0.4882999999999999,CC(=O)NO,ACETOHYDROXAMIC ACID,1.1412,1.0831,1.11215,
61514603,CC(=O)c1ccc2c(c1)N(CCCN1CCN(CCO)CC1)c1ccccc1S2.O=C(O)/C=C\C(=O)O,JVMBOHDUHCHGOE-UHFFFAOYSA-N,527.2090067759999,3.2037000000000004,CC(=O)c1ccc2c(c1)N(CCCN1CCN(CCO)CC1)c1ccccc1S2.O=C(O)/C=C\C(=O)O,ACETOPHENAZINE MALEATE,0.97423,0.88476,0.929495,
11172281,COc1cc(C(C)=O)cc(OC)c1O,OJOBTAOGJIWAGB-UHFFFAOYSA-N,196.073558864,1.6119999999999999,COc1cc(C(C)=O)cc(OC)c1O,ACETOSYRINGONE,0.91798,1.1263,1.02214,
48407693,CC(=O)Nc1c(I)cc(I)c(C(=O)O)c1I,GNOGSFBXBWBTIG-UHFFFAOYSA-N,556.7481870519999,3.157000000000001,CC(=O)Nc1c(I)cc(I)c(C(=O)O)c1I,ACETRIAZOIC ACID,1.0951,1.0129,1.054,
16120610,COc1cc(C)c(C(=O)O)c(OC(C)=O)c1,URQLZJHAKAZWEI-UHFFFAOYSA-N,224.068473484,1.62712,COc1cc(C)c(C(=O)O)c(OC(C)=O)c1,ACETYL EVERNINIC ACID,1.1921,1.307,1.24955,
66727207,CC(=O)Oc1ccc2c(C)cc(=O)oc2c1,HXVZGASCDAGAPS-UHFFFAOYSA-N,218.0579088,2.02672,CC(=O)Oc1ccc2c(C)cc(=O)oc2c1,ACETYL HYMETOCHROME,0.91816,0.87005,0.894105,
87829677,CC(=O)OC1O[C@@H](c2ccoc2)[C@]2(C)CCC3[C@]4(C)C(C[C@H](OC(C)=O)C[C@@H]4OC(C)=O)C[C@H](OC(C)=O)[C@@]3(C)C23OC13,XHERMGQOIKLUHI-ZQKSIUHDSA-N,602.2727121639999,4.4154000000000035,CC(=O)OC1O[C@@H](c2ccoc2)[C@]2(C)CCC3[C@]4(C)C(C[C@H](OC(C)=O)C[C@@H]4OC(C)=O)C[C@H](OC(C)=O)[C@@]3(C)C23OC13,ACETYL-DIHYDRO-7-EPIKHIVORIN,0.95336,0.89865,0.926005,
58719504,CC(=O)OC(CC(=O)O)[N+](C)(C)C.[Cl-],IUAKEEBDYHRVOD-UHFFFAOYSA-N,225.076785672,-2.9394999999999962,CC(=O)OC(CC(=O)O)[N+](C)(C)C.[Cl-],ACETYLCARNITINE,0.92853,1.3154,1.121965,
45653606,CC(=O)OCC[N+](C)(C)C.[Cl-],JUGOREOARAHOCO-UHFFFAOYSA-M,181.086956432,-2.740299999999996,CC(=O)OCC[N+](C)(C)C.[Cl-],ACETYLCHOLINE CHLORIDE,1.1355,1.112,1.12375,
65119568,CC(=O)N[C@@H](CS)C(=O)O,PWKSKIMOESPYIA-BYPYZUCNSA-N,163.030314148,-0.4945,CC(=O)N[C@@H](CS)C(=O)O,ACETYLCYSTEINE,0.95102,1.0256,0.98831,
10256550,CC(=O)Oc1ccccc1C(=O)Nc1ccccc1,LFQKSSGMPCWSPD-UHFFFAOYSA-N,255.089543276,2.864200000000001,CC(=O)Oc1ccccc1C(=O)Nc1ccccc1,ACETYLSALICYLANILIDE,0.95925,0.99804,0.978645,
93677041,CC(=O)NCCCCCC(=O)O,WDSCBUNMANHPFH-UHFFFAOYSA-N,173.10519334,0.7674999999999998,CC(=O)NCCCCCC(=O)O,ACEXAMIC ACID,1.0902,0.84661,0.968405,
20609180,Cc1cnc(C(=O)O)c[n+]1[O-],DJQOOSBJCLSSEY-UHFFFAOYSA-N,154.037842052,-0.2783799999999999,Cc1cnc(C(=O)O)c[n+]1[O-],ACIPIMOX,0.92139,0.95507,0.93823,
91504517,COc1cc(C)c(/C=C/C=C/C=C/C=C/C(=O)O)c(C)c1C,CVIWFCMUUNYSFR-UHFFFAOYSA-N,298.15689456399997,4.386860000000004,COc1cc(C)c(/C=C/C=C/C=C/C=C/C(=O)O)c(C)c1C,ACITRETIN,1.1789,1.0831,1.131,
69927666,O=C(O)/C=C(\CC(=O)O)C(=O)O,GTZCVFVGUGFEME-UHFFFAOYSA-N,174.01643791200001,-0.44329999999999964,O=C(O)/C=C(\CC(=O)O)C(=O)O,ACONITIC ACID,1.1605,0.95501,1.057755,
47022595,C[n+]1c2cc(N)ccc2cc2ccc(N)cc21.[Cl-],KKAJSJJFBSOMGS-UHFFFAOYSA-N,259.087625128,-1.0140999999999993,C[n+]1c2cc(N)ccc2cc2ccc(N)cc21.[Cl-],ACRIFLAVINIUM HYDROCHLORIDE,0.38499,0.39267,0.38883,
32859566,CCCCCCc1ccc(O)cc1O.Nc1c2ccccc2nc2ccccc12,YZODJQFXMFEJRM-UHFFFAOYSA-N,388.21507813600005,6.1908000000000065,CCCCCCc1ccc(O)cc1O.Nc1c2ccccc2nc2ccccc12,ACRISORCIN,0.84161,0.82897,0.83529,
67036774,CC(=O)Nc1ccc(CC(=O)O)cc1,MROJXXOCABQVEF-UHFFFAOYSA-N,193.073893212,1.2721,CC(=O)Nc1ccc(CC(=O)O)cc1,ACTARIT,1.1926,0.94314,1.06787,
10069455,CC(=O)O[C@@H]1C[C@@]23C[C@@]24CC[C@H](O[C@@H]2OC[C@@H](O)[C@H](O)[C@H]2O)C(C)(C)C4CCC3[C@]2(C)C[C@@H]3OC4(C[C@@H](C)[C@@H]3[C@@]12C)O[C@H](O)[C@]1(C)O[C@H]41,NEWMWGLPJQHSSQ-GLQYJHRBSA-N,676.3822626120001,3.028600000000001,CC(=O)O[C@@H]1C[C@@]23C[C@@]24CC[C@H](O[C@@H]2OC[C@@H](O)[C@H](O)[C@H]2O)C(C)(C)C4CCC3[C@]2(C)C[C@@H]3OC4(C[C@@H](C)[C@@H]3[C@@]12C)O[C@H](O)[C@]1(C)O[C@H]41,ACTEIN,0.76919,0.89785,0.83352,
80657953,CCOc1ccc(S(=O)(=O)[O-])c2cccnc12.[Na+],KGBPIIYKHSGTAJ-UHFFFAOYSA-M,275.02282308,-1.4583999999999995,CCOc1ccc(S(=O)(=O)[O-])c2cccnc12.[Na+],ACTINOQUINOL SODIUM,0.95311,0.97555,0.96433,
32843496,Nc1nc2c(ncn2COCCO)c(=O)[nH]1,MKUXAQIIEYXACX-UHFFFAOYSA-N,225.086189212,-1.3318000000000003,Nc1nc2c(ncn2COCCO)c(=O)[nH]1,ACYCLOVIR,0.99873,1.1891,1.093915,
96861498,COc1ccc(-c2ccc3cc(C(=O)O)ccc3c2)cc1C12CC3CC(CC(C3)C1)C2,LZCDAPDGXCYOEH-UHFFFAOYSA-N,412.20384475599997,6.681400000000005,COc1ccc(-c2ccc3cc(C(=O)O)ccc3c2)cc1C12CC3CC(CC(C3)C1)C2,ADAPALENE,1.0343,0.69355,0.863925,
87706180,CC(C)(C)C(=O)OCOP(=O)(COCCn1cnc2c(N)ncnc21)OCOC(=O)C(C)(C)C,WOZSCQDILHKSGG-UHFFFAOYSA-N,501.198849614,2.7025000000000006,CC(C)(C)C(=O)OCOP(=O)(COCCn1cnc2c(N)ncnc21)OCOC(=O)C(C)(C)C,ADEFOVIR DIPIVOXYL,1.2452,1.1498,1.1975,
46486992,O=C(CCCCCCCC(=O)NCCO)NCCO,PAHZPHDAJQIETD-UHFFFAOYSA-N,274.189257312,-0.06589999999999929,O=C(CCCCCCCC(=O)NCCO)NCCO,ADELMIDROL,1.2839,1.0517,1.1678,
60826595,Nc1ncnc2[nH]cnc12,GFFGJBXGBJISGV-UHFFFAOYSA-N,135.05449516,-0.0648999999999999,Nc1ncnc2[nH]cnc12,ADENINE,0.93604,0.92829,0.932165,
93811513,Nc1ncnc2c1ncn2[C@@H]1O[C@H](CO)[C@@H](O)[C@H]1O,OIRDTQYFTABQOQ-KQYNXXCUSA-N,267.096753896,-1.9800000000000006,Nc1ncnc2c1ncn2[C@@H]1O[C@H](CO)[C@@H](O)[C@H]1O,ADENOSINE,1.1003,1.0183,1.0593,
13122042,Nc1ncnc2c1ncn2C1O[C@H](COP(=O)(O)O)[C@@H](O)[C@H]1O,UDMBCSSLTHHNCD-VTHZCTBJSA-N,347.0630844179999,-1.8630000000000009,Nc1ncnc2c1ncn2C1O[C@H](COP(=O)(O)O)[C@@H](O)[C@H]1O,ADENOSINE 5-MONOPHOSPHATE,0.90396,0.89292,0.89844,
10844740,Nc1ncnc2c1ncn2C1O[C@H](COP(=O)(O)OP(=O)([O-])OP(=O)([O-])O)[C@@H](O)[C@H]1O.[Na+].[Na+],TTWYZDPBDWHJOR-ANEDODFUSA-L,550.9596339579999,-8.885000000000003,Nc1ncnc2c1ncn2C1O[C@H](COP(=O)(O)OP(=O)([O-])OP(=O)([O-])O)[C@@H](O)[C@H]1O.[Na+].[Na+],ADENOSINE TRIPHOSPHATE DISODIUM,0.91213,1.0833,0.997715,
29910208,O=C(O)CCCCC(=O)O,WNLRTRBMVRJNCN-UHFFFAOYSA-N,146.0579088,0.716,O=C(O)CCCCC(=O)O,ADIPIC ACID,1.1486,1.641,1.3948,
72841754,OC[C@@H](O)[C@@H](O)[C@@H](O)CO,HEBKCHPVOIAQTA-ZXFHETKHSA-N,152.068473484,-2.9463000000000004,OC[C@H](O)[C@H](O)[C@H](O)CO,ADONITOL,0.94697,1.1187,1.032835,
37532778,CNCC(=O)c1ccc(O)c(O)c1.Cl,CSRRBDMYOUQTCO-UHFFFAOYSA-N,217.050570924,0.9217,CNCC(=O)c1ccc(O)c(O)c1.Cl,ADRENALONE HYDROCHLORIDE,0.908,0.87574,0.89187,
21289000,C[C@]12CCC(=O)C=C1CC[C@@H]1C2C(=O)C[C@]2(C)C(=O)CCC12,RZRPTBIGEANTGU-GXDAWWPVSA-N,300.17254462799997,3.2664000000000017,C[C@]12CC(=O)C3[C@@H](CCC4=CC(=O)CC[C@@]43C)C1CCC2=O,ADRENOSTERONE,1.1718,1.1884,1.1801,
24819692,CC(=O)N[C@@H](Cc1ccccc1)C(=O)O,CBQJSKKFNMDLON-JTQLQIEISA-N,207.089543276,0.8183999999999998,CC(=O)N[C@@H](Cc1ccccc1)C(=O)O,AFALANINE,0.84641,0.84145,0.84393,
20159337,CCCCCCCCCCCCCCCCC(C(=O)O)C(O)(CC(=O)O)C(=O)O,HZLCGUXUOFWCCN-UHFFFAOYSA-N,416.27740361999986,4.849000000000004,CCCCCCCCCCCCCCCCC(C(=O)O)C(O)(CC(=O)O)C(=O)O,AGARIC ACID,0.93195,0.95749,0.94472,
46840936,CC1=CCC[C@@H]2C1(C)CCC(C)[C@@]2(C)CC/C(C)=C/Cn1c[n+](C)c2c(N)ncnc21.[Cl-],YBNXVKHEQXZPFB-JRTLUJSYSA-M,457.29722396000005,2.3673,CC1=CCC[C@@H]2C1(C)CCC(C)[C@@]2(C)CC/C(C)=C/Cn1c[n+](C)c2c(N)ncnc21.[Cl-],AGELASINE,0.82283,0.80994,0.816385,
28444942,N=C(N)NCCCCN.O=S(=O)(O)O,PTAYFGHRDOMJGC-UHFFFAOYSA-N,228.089225992,-1.4444299999999988,N=C(N)NCCCCN.O=S(=O)(O)O,AGMATINE SULFATE,1.0839,0.92724,1.00557,
71757762,COc1ccc2cccc(CCNC(C)=O)c2c1,YJYPHIXNFHFHND-UHFFFAOYSA-N,243.125928784,2.527,COc1ccc2cccc(CCNC(C)=O)c2c1,AGOMELATINE,1.081,0.97372,1.02736,
82606829,CC[C@H]1C2CC3[C@@H]4N(C)c5ccccc5[C@]45C[C@@H](C2C5O)N3[C@@H]1O,CJDRUOGAGYHKKD-FYGXBCQKSA-N,326.199428072,1.5545,CC[C@H]1C2CC3[C@@H]4N(C)c5ccccc5[C@]45C[C@@H](C2C5O)N3[C@@H]1O,AJMALINE,0.96828,0.83895,0.903615,
99390948,NC(=O)c1ccc([N+](=O)[O-])cc1Cl,GFGSZUNNBQXGMK-UHFFFAOYSA-N,199.9988697,1.3471,NC(=O)c1ccc([N+](=O)[O-])cc1Cl,AKLOMIDE,0.9445,1.1549,1.0497,
76162378,CCCSc1ccc2nc(NC(=O)OC)[nH]c2c1,HXHWSAZORRCQMX-UHFFFAOYSA-N,265.08849772,3.2433000000000005,CCCSc1ccc2nc(NC(=O)OC)[nH]c2c1,ALBENDAZOLE,1.4268,1.3968,1.4118,
35916771,CC(C)(C)NCC(O)c1ccc(O)c(CO)c1,NDAUXUAQIAJITI-UHFFFAOYSA-N,239.152143532,1.3059999999999998,CC(C)(C)NCC(O)c1ccc(O)c(CO)c1,ALBUTEROL,1.0195,0.92252,0.97101,
48322519,NCCCC(O)(P(=O)(O)O)P(=O)(O)O.O.O.O.[Na+],DCSBSVSZJRSITC-UHFFFAOYSA-N,326.03763976809,-6.743299999999994,NCCCC(O)(P(=O)(O)O)P(=O)(O)O.O.O.O.[Na+],ALENDRONATE SODIUM TRIHYDRATE,1.0726,1.2258,1.1492,
19278828,O=C(O)CCCCCCCC(O)C(O)CCCCCCO,MEHUJCGAYMDLEL-UHFFFAOYSA-N,304.22497412399997,2.466300000000001,O=C(O)CCCCCCCC(O)C(O)CCCCCCO,ALEURETIC ACID,0.96976,1.0945,1.03213,
10708213,COc1cc2nc(N(C)CCCNC(=O)C3CCCO3)nc(N)c2cc1OC.Cl,YTNKWDJILNVLGX-UHFFFAOYSA-N,425.182982056,1.7724999999999995,COc1cc2nc(N(C)CCCNC(=O)C3CCCO3)nc(N)c2cc1OC.Cl,ALFUZOSIN HYDROCHLORIDE,0.87772,0.86414,0.87093,
94396619,CO[C@@H]1O[C@H](C(=O)O)[C@@H](O)[C@H](O)[C@@H]1O.CO[C@H]1[C@H](O)[C@H](O)[C@H](C)O[C@H]1C(=O)O,IJOSDFFZUBPEOH-IPQTZECWSA-N,414.1373408919999,-3.8798999999999926,CO[C@@H]1O[C@H](C(=O)O)[C@@H](O)[C@H](O)[C@@H]1O.CO[C@@H]1[C@H](C(=O)O)O[C@@H](C)[C@@H](O)[C@H]1O,"ALGINIC ACID [Mol Wt ~200,000; monomers shown]",1.0882,1.1943,1.14125,
61090872,COCCCOc1cc(C[C@@H](C[C@H](N)[C@@H](O)C[C@H](C(=O)NCC(C)(C)C(N)=O)C(C)C)C(C)C)ccc1OC.O=C(O)/C=C/C(=O)O,RSFGNDXWVZPKJA-NATPOTRJSA-N,667.4043950240001,3.0053000000000045,COCCCOc1cc(C[C@@H](C[C@H](N)[C@@H](O)C[C@H](C(=O)NCC(C)(C)C(N)=O)C(C)C)C(C)C)ccc1OC.O=C(O)/C=C/C(=O)O,ALISKIREN HEMIFUMARATE,0.86269,0.87833,0.87051,
11398298,O=C1c2ccccc2C(=O)c2c1ccc(O)c2O,RGCKGOZRHPZPFP-UHFFFAOYSA-N,240.042258736,1.8732000000000006,O=C1c2ccccc2C(=O)c2c1ccc(O)c2O,ALIZARIN,1.0345,0.95657,0.995535,
25984782,NC(=O)NC1NC(=O)NC1=O,POJWUDADGALRAB-UHFFFAOYSA-N,158.043990052,-2.1798,NC(=O)NC1NC(=O)NC1=O,ALLANTOIN,0.85464,0.91133,0.882985,
94833677,O=c1[nH]cnc2[nH]ncc12,OFCNXPDARWKPPY-UHFFFAOYSA-N,136.038510748,-0.35380000000000006,O=c1[nH]cnc2[nH]ncc12,ALLOPURINOL,1.1085,1.0212,1.06485,
11496552,C=CC[C@]1(O)CCC2[C@@H]3CCC4=CCCC[C@@H]4C3CC[C@@]21C,ATXHVCQZZJYMCF-TXCAMPLASA-N,300.245315644,5.2564000000000055,C=CC[C@]1(O)CCC2[C@@H]3CCC4=CCCC[C@@H]4C3CC[C@@]21C,ALLYLESTRENOL,1.3888,1.353,1.3709,
74827417,C=CCN=C=S,ZOJBYZNEUISWFT-UHFFFAOYSA-N,99.01427016,1.2752,C=CCN=C=S,ALLYLISOTHIOCYANATE,0.81338,0.84578,0.82958,
12289491,C=CCNC(N)=S,HTKFORQRBXIQHD-UHFFFAOYSA-N,116.04081925599999,0.005600000000000216,C=CCNC(N)=S,ALLYLTHIOUREA,0.80768,0.91732,0.8625,
48209978,Cn1c(=O)cc(N2CCCC(N)C2)n(Cc2ccccc2C#N)c1=O.O=C(O)c1ccccc1,KEJICOXJTRHYAK-UHFFFAOYSA-N,461.206304344,1.7792800000000006,Cn1c(=O)cc(N2CCCC(N)C2)n(Cc2ccccc2C#N)c1=O.O=C(O)c1ccccc1,ALOGLIPTIN BENZOATE,1.0615,1.5843,1.3229,
10423908,O=C1c2c(O)cccc2C([C@@H]2O[C@H](CO)[C@@H](O)[C@H](O)[C@H]2O)c2cc(CO)cc(O)c21,AFHJQYHRLPMKHU-CGISPIQUSA-N,418.12638228399993,-0.8912000000000002,O=C1c2c(O)cccc2C([C@@H]2O[C@H](CO)[C@@H](O)[C@H](O)[C@H]2O)c2cc(CO)cc(O)c21,ALOIN,0.93655,0.89539,0.91597,
60136489,CC(CCC(=O)O)[C@H]1CCC2C3C[C@H](O)[C@@H]4C[C@H](O)CC[C@]4(C)C3CC[C@@]21C,DGABKXLVXPYZII-FKEALSDISA-N,392.29265976,4.477900000000004,CC(CCC(=O)O)[C@H]1CCC2C3C[C@H](O)[C@@H]4C[C@H](O)CC[C@]4(C)C3CC[C@@]21C,alpha-HYDROXYDEOXYCHOLIC ACID,1.2482,1.1614,1.2048,
46068063,CC1(C)CCC2=C(O1)C(=O)c1ccccc1C2=O,PJWHOPKRRBUSDH-UHFFFAOYSA-N,242.094294308,2.9087000000000014,CC1(C)CCC2=C(O1)C(=O)c1ccccc1C2=O,alpha-LAPACHONE,0.95309,0.9422,0.947645,
10650272,COc1c(O)cc2oc3cc(O)c(CC=C(C)C)c(O)c3c(=O)c2c1CC=C(C)C,GNRIZKKCNOBBMO-UHFFFAOYSA-N,410.17293855199995,5.089000000000003,COc1c(O)cc2oc3cc(O)c(CC=C(C)C)c(O)c3c(=O)c2c1CC=C(C)C,alpha-MANGOSTIN,1.1042,0.94591,1.025055,
51180834,Cc1c(C)c2c(c(C)c1O)CCC(C)(CCCC(C)CCCC(C)CCCC(C)C)O2,GVJHHUAWPYXKBD-UHFFFAOYSA-N,430.38108084,8.840260000000002,Cc1c(C)c2c(c(C)c1O)CCC(C)(CCCC(C)CCCC(C)CCCC(C)C)O2,alpha-TOCHOPHEROL [4 mM],0.99732,0.94552,0.97142,
35984396,CC(=O)Oc1c(C)c(C)c2c(c1C)CCC(C)(CCCC(C)CCCC(C)CCCC(C)C)O2,ZAKOWWREFLAJOT-UHFFFAOYSA-N,472.39164552399996,9.059960000000002,CC(=O)Oc1c(C)c(C)c2c(c1C)CCC(C)(CCCC(C)CCCC(C)CCCC(C)C)O2,alpha-TOCHOPHERYL ACETATE [4mM],1.3054,1.4315,1.36845,
89267140,COc1cc2c(cc1OC)C1C(=O)c3c(O)cc4c(c3OC1CO2)C=CC(C)(C)O4,JLTNCZQNGBLBGO-UHFFFAOYSA-N,410.1365530439999,3.7135000000000025,COc1cc2c(cc1OC)C1C(=O)c3c(O)cc4c(c3OC1CO2)C=CC(C)(C)O4,alpha-TOXICAROL (dl),1.0557,1.0625,1.0591,
45531154,COc1cc(OC)c2c(c1)OC(c1ccccc1)CC2=O,IAFBOKYTDSDNHV-UHFFFAOYSA-N,284.104858992,3.410300000000002,COc1cc(OC)c2c(c1)OC(c1ccccc1)CC2=O,ALPINETIN METHYL ETHER,0.90553,1.1226,1.014065,
10762499,C=CCc1ccccc1OCC(O)CNC(C)C.Cl,RRCPAXJDDNWJBI-UHFFFAOYSA-N,285.14955668799996,2.5746000000000007,C=CCc1ccccc1OCC(O)CNC(C)C.Cl,ALPRENOLOL HYDROCHLORIDE,0.75753,0.79536,0.776445,
51753132,O=C(O)CN1C(=O)c2cccc3cccc(c23)C1=O,GCUCIFQCGJIRNT-UHFFFAOYSA-N,255.053157768,1.5204,O=C(O)CN1C(=O)c2cccc3cccc(c23)C1=O,ALRESTATIN,1.1604,0.92544,1.04292,
45659966,C=CCSCC1Nc2cc(Cl)c(S(N)(=O)=O)cc2S(=O)(=O)N1,VGLGVJVUHYTIIU-UHFFFAOYSA-N,382.983496608,0.9365000000000001,C=CCSCC1Nc2cc(Cl)c(S(N)(=O)=O)cc2S(=O)(=O)N1,ALTHIAZIDE,1.2437,0.92902,1.08636,
30481200,C=CC[C@]1(O)CCC2C3CCC4=CC(=O)CCC4=C3C=C[C@@]21C,VWAUPFMBXBWEQY-JSRAGOMMSA-N,310.193280072,4.275600000000004,C=CC[C@]1(O)CCC2C3CCC4=CC(=O)CCC4=C3C=C[C@@]21C,ALTRENOGEST,0.91316,0.89163,0.902395,
94660609,CCN(CCCc1ccccc1)CCCc1ccccc1.O=C(O)CC(O)(CC(=O)O)C(=O)O,RYHCACJBKCOBTJ-UHFFFAOYSA-N,473.24135245999986,3.3254,CCN(CCCc1ccccc1)CCCc1ccccc1.O=C(O)CC(O)(CC(=O)O)C(=O)O,ALVERINE CITRATE,1.0868,0.9023,0.99455,
35790632,Cl.NC12CC3CC(CC(C3)C1)C2,WOLHOYHSEKDWQH-UHFFFAOYSA-N,187.112777256,2.3357,Cl.NC12CC3CC(CC(C3)C1)C2,AMANTADINE HYDROCHLORIDE,1.0288,1.3607,1.19475,
92347233,CC1(C)CCC[C@@]2(C)C1CC[C@@]1(C)OCC[C@@H]12,YPZUZOLGGMJZJO-BHUMPYGKSA-N,236.21401551600002,4.408000000000004,CC1(C)CCC[C@@]2(C)C1CC[C@@]1(C)OCC[C@H]21,AMBROXIDE (-),1.0567,0.97664,1.01667,
83511000,Cl.Nc1c(Br)cc(Br)cc1CNC1CCC(O)CC1,QNVKOSLOVOTXKF-UHFFFAOYSA-N,411.955265108,3.6087000000000016,Cl.Nc1c(Br)cc(Br)cc1CNC1CCC(O)CC1,AMBROXOL HYDROCHLORIDE,0.70307,0.83502,0.769045,
87910899,CC(=O)OCC(=O)[C@@]12OC3(CCCC3)O[C@@H]1CC1C3CCC4=CC(=O)C=C[C@]4(C)[C@@]3(F)[C@@H](O)C[C@@]12C,ILKJAFIWWBXGDU-ZYDCGBIBSA-N,502.23668168,3.5238000000000023,CC(=O)OCC(=O)[C@@]12OC3(CCCC3)O[C@@H]1CC1C3CCC4=CC(=O)C=C[C@]4(C)[C@@]3(F)[C@@H](O)C[C@@]12C,AMCINONIDE,1.1072,1.0635,1.08535,
16738066,COS(=O)(=O)[O-].COc1cc(N)cn[n+]1-c1ccccc1,ZEASXVYVFFXULL-UHFFFAOYSA-N,313.07324158,0.04210000000000047,COS(=O)(=O)[O-].COc1cc(N)cn[n+]1-c1ccccc1,AMEZINIUM METILSULFATE,1.0147,1.0733,1.044,
10324052,NCCCNCCSP(=O)(O)O,JKOQGQFVAUAYPM-UHFFFAOYSA-N,214.05409996999998,-0.2492999999999997,NCCCNCCSP(=O)(O)O,AMIFOSTINE,1.0624,1.1964,1.1294,
10243326,NCC[C@@H](O)C(=O)N[C@@H]1C[C@H](N)[C@@H](O[C@H]2O[C@H](CN)[C@@H](O)[C@H](O)[C@H]2O)[C@H](O)[C@H]1O[C@H]1O[C@H](CO)[C@@H](O)[C@H](N)C1O.O,DTSOZYYWEZJFSS-LLPWHQRGSA-N,603.2963011199998,-9.248900000000015,NCC[C@@H](O)C(=O)N[C@@H]1C[C@H](N)[C@@H](O[C@H]2O[C@H](CN)[C@@H](O)[C@H](O)[C@H]2O)[C@H](O)[C@H]1O[C@H]1O[C@H](CO)[C@@H](O)[C@H](N)C1O.O,AMIKACIN HYDRATE,0.14906,0.17127,0.160165,
57652144,Cl.N=C(N)NC(=O)c1nc(Cl)c(N)nc1N,ACHKKGDWZVCSNH-UHFFFAOYSA-N,265.024563268,-0.6605300000000001,Cl.N=C(N)NC(=O)c1nc(Cl)c(N)nc1N,AMILORIDE HYDROCHLORIDE,1.0154,1.0621,1.03875,
63210426,Nc1c2ccccc2nc2ccccc12,XJGFWWJLMVZSIG-UHFFFAOYSA-N,194.08439832,2.970200000000001,Nc1c2ccccc2nc2ccccc12,AMINACRINE,0.2704,0.23965,0.255025,
15534763,Cl.NCCCCCC(=O)O,AENOKLOQCCSDAZ-UHFFFAOYSA-N,167.071306368,1.0119,Cl.NCCCCCC(=O)O,AMINOCAPROIC ACID HYDROCHLORIDE,0.87545,0.91934,0.897395,
24845819,CCC1(c2ccc(N)cc2)CCC(=O)NC1=O,ROBVIMPUHSLWNV-UHFFFAOYSA-N,232.121177752,1.3532,CCC1(c2ccc(N)cc2)CCC(=O)NC1=O,AMINOGLUTETHIMIDE,1.0262,0.79235,0.909275,
57741989,Nc1ccc(C(=O)NCC(=O)O)cc1,HSMNQINEKMPTIC-UHFFFAOYSA-N,194.06914218,0.08319999999999966,Nc1ccc(C(=O)NCC(=O)O)cc1,AMINOHIPPURIC ACID,1.1764,1.1332,1.1548,
63581312,Cl.NCC(=O)CCC(=O)O,ZLHFONARZHCSET-UHFFFAOYSA-N,167.03492086,-0.19920000000000032,Cl.NCC(=O)CCC(=O)O,AMINOLEVULINIC ACID HYDROCHLORIDE,0.88794,1.0427,0.96532,
74017243,Cn1c(=O)c2[nH]cnc2n(C)c1=O.NCCN,LHRHXWBJUQKYEL-UHFFFAOYSA-N,240.133473752,-2.1358999999999986,Cn1c(=O)c2[nH]cnc2n(C)c1=O.NCCN,AMINOPHYLLINE,0.90932,0.90723,0.908275,
85166719,Nc1nc(N)c2nc(CNc3ccc(C(=O)NC(CCC(=O)O)C(=O)O)cc3)cnc2n1,TVZGACDUOSZQKY-UHFFFAOYSA-N,440.1556657399999,0.24409999999999987,Nc1nc(N)c2nc(CNc3ccc(C(=O)NC(CCC(=O)O)C(=O)O)cc3)cnc2n1,AMINOPTERIN,1.0659,0.91029,0.988095,
82705438,Cc1c(N(C)C)c(=O)n(-c2ccccc2)n1C,RMMXTBMQSGEXHJ-UHFFFAOYSA-N,231.137162164,1.55042,Cc1c(N(C)C)c(=O)n(-c2ccccc2)n1C,AMINOPYRINE,1.1701,1.0688,1.11945,
26292191,Nc1ccc(C(=O)[O-])c(O)c1.[Na+],FVVDKUPCWXUVNP-UHFFFAOYSA-M,175.024537332,-3.6581,Nc1ccc(C(=O)[O-])c(O)c1.[Na+],AMINOSALICYLATE SODIUM,0.93755,0.91528,0.926415,
43711494,Nc1nccs1,RAIPHJJURHTUIC-UHFFFAOYSA-N,100.009519128,0.7253000000000001,Nc1nccs1,AMINOTHIAZOLE,1.0796,0.98279,1.031195,
86478974,CCCCc1oc2ccccc2c1C(=O)c1cc(I)c(OCCN(CC)CC)c(I)c1.Cl,ITPDYQOUSLNIHG-UHFFFAOYSA-N,681.0003675000002,7.358000000000007,CCCCc1oc2ccccc2c1C(=O)c1cc(I)c(OCCN(CC)CC)c(I)c1.Cl,AMIODARONE HYDROCHLORIDE,1.2417,0.95497,1.098335,
11207832,CCN1CCCC1CNC(=O)c1cc(S(=O)(=O)CC)c(N)cc1OC,NTJOBXMMWNYJFB-UHFFFAOYSA-N,369.172227344,1.2851000000000006,CCN1CCCC1CNC(=O)c1cc(S(=O)(=O)CC)c(N)cc1OC,AMISULPRIDE,1.1319,1.2763,1.2041,
77861437,Cc1ccc(/N=C/N(C)/C=N/c2ccc(C)cc2C)c(C)c1,QXAITBQSYVNQDR-UHFFFAOYSA-N,293.18919773600004,4.871880000000004,Cc1ccc(/N=C/N(C)/C=N/c2ccc(C)cc2C)c(C)c1,AMITRAZ,1.0221,1.0398,1.03095,
62554421,CN(C)CCC=C1c2ccccc2CCc2ccccc21.Cl,KFYRPLNVJVHZGT-UHFFFAOYSA-N,313.159727448,4.590400000000005,CN(C)CCC=C1c2ccccc2CCc2ccccc21.Cl,AMITRIPTYLINE HYDROCHLORIDE,0.66743,0.89296,0.780195,
84485234,CC(C)c1ccc2oc3nc(N)c(C(=O)O)cc3c(=O)c2c1,SGRYPYWGNKJSDL-UHFFFAOYSA-N,298.095356928,2.745,CC(C)c1ccc2oc3nc(N)c(C(=O)O)cc3c(=O)c2c1,AMLEXANOX,1.0647,1.0019,1.0333,
65946147,CCOC(=O)C1=C(COCCN)NC(C)=C(C(=O)OC)C1c1ccccc1Cl.O=S(=O)(O)c1ccccc1,ZPBWCRDSRKPIDG-UHFFFAOYSA-N,566.1489646319999,3.199600000000002,CCOC(=O)C1=C(COCCN)NC(C)=C(C(=O)OC)C1c1ccccc1Cl.O=S(=O)(O)c1ccccc1,AMLODIPINE BESYLATE,1.1868,1.0218,1.1043,
10212670,CC(O)C(=O)[O-].[NH4+],RZOBLYBZQXQGFY-UHFFFAOYSA-N,107.058243148,-1.5067,CC(O)C(=O)[O-].[NH4+],AMMONIUM LACTATE,0.82449,0.77971,0.8021,
56689407,CCN(CC)Cc1ccc(Nc2ccnc3cc(Cl)ccc23)cc1O.Cl.Cl,DHTLLULITDNQFA-UHFFFAOYSA-N,427.0984954279999,6.0228000000000055,CCN(CC)Cc1ccc(Nc2ccnc3cc(Cl)ccc23)cc1O.Cl.Cl,AMODIAQUINE DIHYDROCHLORIDE,0.81484,0.7246,0.76972,
80238676,CCC(C)(C)c1ccc(CC(C)CN2C[C@@H](C)O[C@@H](C)C2)cc1.Cl,XZKWIPVTHGWDCF-KUZYQSSXSA-N,353.248542452,5.083800000000006,CCC(C)(C)c1ccc(CC(C)CN2C[C@H](C)O[C@H](C)C2)cc1.Cl,AMOROLFINE HYDROCHLORIDE,0.95456,0.90132,0.92794,
99349341,Clc1ccc2c(c1)C(N1CCNCC1)=Nc1ccccc1O2,QWGDMFLQWFTERH-UHFFFAOYSA-N,313.09818981199993,3.4292000000000025,Clc1ccc2c(c1)C(N1CCNCC1)=Nc1ccccc1O2,AMOXAPINE,0.56885,1.0206,0.794725,
70104791,CC1(C)S[C@@H]2[C@H](NC(=O)[C@@H](N)c3ccc(O)cc3)C(=O)N2[C@H]1C(=O)O,LSQZJLSUYDQPKJ-BBGACYKPSA-N,365.104541708,0.023700000000000443,CC1(C)S[C@@H]2[C@H](NC(=O)[C@@H](N)c3ccc(O)cc3)C(=O)N2[C@H]1C(=O)O,AMOXICILLIN,1.2125,0.94003,1.076265,
29716951,CC1OC(O[C@H]2/C=C/C=C/C=C/C=C/C=C/C=C/C=C/[C@H](C)[C@@H](O)[C@@H](C)[C@H](C)OC(=O)CC(O)CC(O)CCC(O)C(O)CC(O)C[C@]3(O)C[C@H](O)C(C(=O)O)C(C2)O3)C(O)[C@H](N)C1O,APKFDSVGJQXUKY-AUDLGAQHSA-N,923.4878498760002,0.7117000000000049,CC1OC(O[C@H]2/C=C/C=C/C=C/C=C/C=C/C=C/C=C/[C@H](C)[C@@H](O)[C@@H](C)[C@H](C)OC(=O)CC(O)CC(O)CCC(O)C(O)CC(O)C[C@]3(O)C[C@H](O)C(C(=O)O)C(C2)O3)C(O)[C@H](N)C1O,AMPHOTERICIN B,0.94989,1.0226,0.986245,
29278999,CC1(C)S[C@@H]2[C@H](NC(=O)[C@H](N)c3ccccc3)C(=O)N2[C@H]1C(=O)[O-].[Na+],KLOHDWPABZXLGI-YWUHCJSESA-M,371.09157133599996,-4.012599999999997,CC1(C)S[C@@H]2[C@H](NC(=O)[C@H](N)c3ccccc3)C(=O)N2[C@H]1C(=O)[O-].[Na+],AMPICILLIN SODIUM,1.1385,1.1185,1.1285,
11424269,CCOC(=O)OC(C)OC1=C(C(=O)Nc2ccccn2)N(C)S(=O)(=O)c2ccccc21,LSNWBKACGXCGAJ-UHFFFAOYSA-N,447.11002101200006,2.558700000000001,CCOC(=O)OC(C)OC1=C(C(=O)Nc2ccccn2)N(C)S(=O)(=O)c2ccccc21,AMPIROXICAM,0.95294,1.1816,1.06727,
11199741,CCCc1ncc(C[n+]2ccccc2C)c(N)n1.[Cl-],LCTXBFGHZLGBNU-UHFFFAOYSA-M,278.129824288,-1.3404799999999972,CCCc1ncc(C[n+]2ccccc2C)c(N)n1.[Cl-],AMPROLIUM,1.288,1.2795,1.28375,
58444885,CN(C)c1cnccn1.O=S(=O)(O)O,JAFORFFJNCDPDP-UHFFFAOYSA-N,221.047026832,-0.11019999999999974,CN(C)c1cnccn1.O=S(=O)(O)O,AMPYZINE SULFATE,0.9981,1.0504,1.02425,
71734936,COc1cc(NS(C)(=O)=O)ccc1Nc1c2ccccc2nc2ccccc12,XCPGHVQEEXUHNC-UHFFFAOYSA-N,393.11471246800005,4.511700000000003,COc1cc(NS(C)(=O)=O)ccc1Nc1c2ccccc2nc2ccccc12,AMSACRINE,0.88023,0.77888,0.829555,
48014585,N#CC(O[C@@H]1O[C@H](CO[C@@H]2O[C@H](CO)[C@@H](O)[C@H](O)[C@H]2O)[C@@H](O)[C@H](O)[C@H]1O)c1ccccc1,XUCIJNAGGSZNQT-SWRVSKMJSA-N,457.15841068399993,-3.108019999999997,N#CC(O[C@@H]1O[C@H](CO[C@@H]2O[C@H](CO)[C@@H](O)[C@H](O)[C@H]2O)[C@@H](O)[C@H](O)[C@H]1O)c1ccccc1,AMYGDALIN,1.0943,0.91717,1.005735,
11506266,CCC(C)(C)O,MSXVEPNJUHWQHW-UHFFFAOYSA-N,88.088815004,1.1673,CCC(C)(C)O,AMYLENE HYDRATE,1.0357,0.91375,0.974725,
10465153,CN1CCCCC1c1ccc(-c2cccnc2)nc1.Cl,PFWHFUPRJSEODI-UHFFFAOYSA-N,289.13457531999995,3.722200000000003,CN1CCCCC1c1ccc(-c2cccnc2)nc1.Cl,ANABASAMINE HYDROCHLORIDE,1.0994,1.0418,1.0706,
33787034,Cl.c1cncc(C2CCCCN2)c1,VTMZQNZVYCJLGG-UHFFFAOYSA-N,198.09237616,2.3179999999999996,Cl.c1cncc(C2CCCCN2)c1,ANABASINE HYDROCHLORIDE,0.92166,0.94183,0.931745,
45265514,Cl.O=C1CN2Cc3c(ccc(Cl)c3Cl)N=C2N1,TVWRQCIPWUCNMI-UHFFFAOYSA-N,290.97329491600004,2.3481000000000005,Cl.O=C1CN2Cc3c(ccc(Cl)c3Cl)N=C2N1,ANAGRELIDE HYDROCHLORIDE,0.8474,1.0207,0.93405,
84192884,CC(C)(C#N)c1cc(Cn2cncn2)cc(C(C)(C)C#N)c1,YBBLVLTVTVSKRW-UHFFFAOYSA-N,293.16404560800004,2.9287600000000014,CC(C)(C#N)c1cc(Cn2cncn2)cc(C(C)(C)C#N)c1,ANASTROZOLE,0.9119,0.92672,0.91931,
10498602,O=S(=O)([O-])c1cc(O)c2c(/N=N/c3ccc(Nc4ccccc4)c4c(S(=O)(=O)[O-])cccc34)cc(S(=O)(=O)[O-])cc2c1.[Na+].[Na+].[Na+],ADGGJQPKBDIZMT-UHFFFAOYSA-K,694.9690895520002,-4.4180999999999955,O=S(=O)([O-])c1cc(O)c2c(/N=N/c3ccc(Nc4ccccc4)c4c(S(=O)(=O)[O-])cccc34)cc(S(=O)(=O)[O-])cc2c1.[Na+].[Na+].[Na+],ANAZOLENE SODIUM,2.1663,2.0743,2.1203,
80941927,Cl.N=c1ccn2c(n1)O[C@@H]1[C@@H](O)[C@H](CO)O[C@@H]12,KZOWNALBTMILAP-QFSSJCHDSA-N,261.051633544,-1.2040300000000004,Cl.N=c1ccn2c(n1)O[C@@H]1[C@@H](O)[C@H](CO)O[C@@H]12,ANCITABINE HYDROCHLORIDE,1.0502,0.96703,1.008615,
38873507,C=C1C(C2(C)C=CC(=O)C(C)(C)C2CC(=O)OC)CC[C@@]2(C)[C@H](c3ccoc3)OC(=O)C3OC132,BFUCTROUWLSVBH-WECPIXGDSA-N,468.21480336399986,4.338300000000004,C=C1C(C2(C)C=CC(=O)C(C)(C)C2CC(=O)OC)CC[C@@]2(C)[C@H](c3ccoc3)OC(=O)C3OC132,ANDIROBIN,1.1454,0.86648,1.00594,
79140770,C=C1CCC2[C@](C)(CO)[C@H](O)CC[C@@]2(C)[C@@H]1C/C=C1/C(=O)OC[C@H]1O,BOJKULTULYSRAS-RIQHVNDASA-N,350.2093240599999,1.9625999999999997,C=C1CCC2[C@@](C)(CC[C@@H](O)[C@@]2(C)CO)[C@@H]1C/C=C1/C(=O)OC[C@H]1O,ANDROGRAPHOLIDE,0.92052,1.182,1.05126,
18389113,C[C@]12C=CC(=O)C=C1CCC1C2CC[C@]2(C)C(=O)CCC12,LUJVUUWNAPIQQI-WFZCBACDSA-N,284.177630008,3.863400000000003,C[C@]12C=CC(=O)C=C1CCC1C2CC[C@]2(C)C(=O)CCC12,"ANDROSTA-1,4-DIEN-3,17-DIONE",1.1455,1.1981,1.1718,
44316937,C[C@]12CCC3C(CC[C@H]4C[C@H](O)CC[C@]34C)C1CCC2=O,QGXBDMJGAMFCBF-KMMCVRKDSA-N,290.2245802,3.959100000000003,C[C@]12CCC3C(CC[C@H]4C[C@H](O)CC[C@]34C)C1CCC2=O,ANDROSTERONE,0.90113,0.92005,0.91059,
10993587,C/C=C/c1ccc(OC)cc1,RUVINXPYWBROJD-UHFFFAOYSA-N,148.088815004,2.728300000000001,C/C=C/c1ccc(OC)cc1,ANETHOLE,1.2089,1.1543,1.1816,
17554783,COc1ccc([C@@H](C)C(=O)c2ccc(O)cc2O)cc1,CCOJFDRSZSSKOG-SNVBAGLBSA-N,272.104858992,3.092800000000002,COc1ccc([C@@H](C)C(=O)c2ccc(O)cc2O)cc1,ANGOLENSIN (R),0.98805,0.89153,0.93979,
64284963,COc1ccc(C(=O)N2CCCC2=O)cc1,ZXNRTKGTQJPIJK-UHFFFAOYSA-N,219.089543276,1.4578,COc1ccc(C(=O)N2CCCC2=O)cc1,ANIRACETAM,1.1245,0.89415,1.009325,
71353774,COc1ccc(C2C(=O)c3ccccc3C2=O)cc1,XRCFXMGQEVUZFC-UHFFFAOYSA-N,252.078644244,2.8580000000000005,COc1ccc(C2C(=O)c3ccccc3C2=O)cc1,ANISINDIONE,1.0709,1.012,1.04145,
75904104,Br.CN1C2CC(O)[C@H]1C[C@@H](OC(=O)[C@H](CO)c1ccccc1)C2,KMYQCELRVANQNG-PIODLRSPSA-N,385.08887034799994,1.4795999999999998,Br.CN1C2CC(O)[C@H]1C[C@@H](OC(=O)[C@H](CO)c1ccccc1)C2,ANISODAMINE HYDROBROMIDE (+/-),1.0384,0.9496,0.994,
33944437,c1ccc(CN(CC2=NCCN2)c2ccccc2)cc1,REYFJDPCWQRWAA-UHFFFAOYSA-N,265.157897608,2.6949000000000014,c1ccc(CN(CC2=NCCN2)c2ccccc2)cc1,ANTAZOLINE,1.2509,1.0769,1.1639,
68785056,CC(=O)O[C@@H]1C[C@@]2(C)[C@H](c3ccoc3)C[C@H]3O[C@]32[C@]2(C)C(=O)C(O)=C3C(C)(C)C(=O)C=C[C@]3(C)C12,AJTULIWKBMDPCJ-IYGCLJFQSA-N,480.2148033639999,4.434900000000003,CC(=O)O[C@@H]1C[C@@]2(C)[C@H](c3ccoc3)C[C@H]3O[C@]32[C@]2(C)C(=O)C(O)=C3C(C)(C)C(=O)C=C[C@]3(C)C12,ANTHOTHECOL,1.1427,1.0488,1.09575,
22004673,O=C(O)c1c2ccccc2cc2ccccc12,XGWFJBFNAQHLEF-UHFFFAOYSA-N,222.06807956,3.691200000000001,O=C(O)c1c2ccccc2cc2ccccc12,ANTHRACENE-9-CARBOXYLIC ACID,1.1133,1.1035,1.1084,
36229602,O=C1c2c(O)cccc2Cc2cccc(O)c21,NUZWLKWWNNJHPT-UHFFFAOYSA-N,226.06299418,2.233000000000001,O=C1c2c(O)cccc2Cc2cccc(O)c21,ANTHRALIN,0.80212,0.9526,0.87736,
61908519,COc1cc(O)cc(OC)c1OC,VTCDZPUMZAZMSB-UHFFFAOYSA-N,184.073558864,1.418,COc1cc(O)cc(OC)c1OC,ANTIAROL,1.2022,0.90583,1.054015,
87117912,O.O.O.O=C([O-])C1O[Sb]2OC(=O)C(O2)C(C(=O)[O-])O[Sb]2OC(=O)C1O2.[K+].[K+],WBTCZEPSIIFINA-UHFFFAOYSA-J,665.73701438,-14.342099999999999,O.O.O.O=C([O-])C1O[Sb]2OC(=O)C(O2)C(C(=O)[O-])O[Sb]2OC(=O)C1O2.[K+].[K+],ANTIMONY POTASSIUM TARTRATE TRIHYDRATE,1.0292,0.8661,0.94765,
15778130,CCCCC[C@H]1C(=O)O[C@H](C)[C@H](NC(=O)c2cccc(NC=O)c2O)C(=O)O[C@@H](C)[C@@H]1OC(=O)CC(C)C,ZVYMCLIDNNTNCL-GFRRLMGDSA-N,534.2577307959999,3.090300000000001,CCCCC[C@H]1C(=O)O[C@H](C)[C@H](NC(=O)c2cccc(NC=O)c2O)C(=O)O[C@@H](C)[C@@H]1OC(=O)CC(C)C,ANTIMYCIN A (A1 shown),0.905,0.75235,0.828675,
47661850,Cc1cc(=O)n(-c2ccccc2)n1C,VEQOALNAAJBPNY-UHFFFAOYSA-N,188.094963004,1.4844199999999999,Cc1cc(=O)n(-c2ccccc2)n1C,ANTIPYRINE,1.0068,0.94246,0.97463,
23133188,O=C(O)C1CC([C@H]2CCCCN2)CN2CCCCC12,VFENFLGNSRQELY-WCFLAILDSA-N,266.199428072,1.7036999999999998,O=C(O)C1CC([C@H]2CCCCN2)CN2CCCCC12,APHYLLIC ACID,1.1617,1.0241,1.0929,
29084026,O=c1cc(-c2ccc(O)cc2)oc2cc(O)cc(O)c12,KZNIFHPLKGYRTM-UHFFFAOYSA-N,270.05282342000004,2.576800000000001,O=c1cc(-c2ccc(O)cc2)oc2cc(O)cc(O)c12,APIGENIN,0.82559,1.069,0.947295,
33439211,COc1ccc(-c2cc(=O)c3c(O)cc(OC)cc3o2)cc1,LZERJKGWTQYMBB-UHFFFAOYSA-N,298.084123548,3.182800000000002,COc1ccc(-c2cc(=O)c3c(O)cc(OC)cc3o2)cc1,APIGENIN DIMETHYL ETHER,0.99505,1.1254,1.060225,
60175620,CC(=O)Oc1ccc(-c2cc(=O)c3c(OC(C)=O)cc(OC(C)=O)cc3o2)cc1,IVXFOQQPPONQTB-UHFFFAOYSA-N,396.08451747199996,3.2359000000000018,CC(=O)Oc1ccc(-c2cc(=O)c3c(OC(C)=O)cc(OC(C)=O)cc3o2)cc1,APIGENIN TRIACETATE,0.78191,1.0321,0.907005,
12321117,C=CCc1cc(OC)c2c(c1OC)OCO2,QQRSPHJOOXUALR-UHFFFAOYSA-N,222.089208928,2.1609999999999996,C=CCc1cc(OC)c2c(c1OC)OCO2,APIOLE,1.1338,0.96418,1.04899,
10743402,COc1ccc(-n2nc(C(N)=O)c3c2C(=O)N(c2ccc(N4CCCCC4=O)cc2)CC3)cc1,QNZCBYKSOIHPEH-UHFFFAOYSA-N,459.19065428,2.699600000000001,COc1ccc(-n2nc(C(N)=O)c3c2C(=O)N(c2ccc(N4CCCCC4=O)cc2)CC3)cc1,APIXABAN,1.0657,1.0083,1.037,
55627907,COc1cc(C(C)=O)ccc1O,DFYRUELUNQRZTB-UHFFFAOYSA-N,166.06299418,1.6034,COc1cc(C(C)=O)ccc1O,APOCYNIN,0.87729,0.94513,0.91121,
90527965,CN1CCc2cccc3c2C1Cc1ccc(O)c(O)c1-3.Cl,SKYZYDSNJIOXRL-UHFFFAOYSA-N,303.10260649599996,3.271700000000003,CN1CCc2cccc3c2C1Cc1ccc(O)c(O)c1-3.Cl,APOMORPHINE HYDROCHLORIDE,0.96262,0.80939,0.886005,
10473830,CN[C@@H]1[C@@H](O[C@H]2O[C@H](CO)[C@@H](N)[C@H](O)[C@H]2O)O[C@H]2C[C@@H](N)[C@H](O[C@H]3[C@H](O)[C@@H](O)[C@H](N)C[C@@H]3N)O[C@@H]2[C@@H]1O.O=S(=O)(O)O,WGLYHYWDYPSNPF-ADSMRDENSA-N,637.2476366760001,-7.602100000000016,CN[C@@H]1[C@@H](O[C@H]2O[C@H](CO)[C@@H](N)[C@H](O)[C@H]2O)O[C@H]2C[C@@H](N)[C@H](O[C@@H]3[C@@H](N)C[C@@H](N)[C@H](O)[C@H]3O)O[C@@H]2[C@@H]1O.O=S(=O)(O)O,APRAMYCIN SULFATE,0.89054,0.94921,0.919875,
10951992,CC(c1nc(=O)[nH][nH]1)N1CCOC(O[C@H](C)c2cc(C(F)(F)F)cc(C(F)(F)F)c2)C1c1ccc(F)cc1,OBXIQNYBIWAVEQ-STFBYJNUSA-N,548.1658381359999,5.513100000000004,CC(c1nc(=O)[nH][nH]1)N1CCOC(O[C@H](C)c2cc(C(F)(F)F)cc(C(F)(F)F)c2)C1c1ccc(F)cc1,APREPITANT,0.65452,0.77824,0.71638,
81687149,OC[C@H](O)C(O)[C@@H](O)CO,HEBKCHPVOIAQTA-IMJSIDKUSA-N,152.068473484,-2.9463000000000004,OC[C@H](O)C(O)[C@@H](O)CO,ARABITOL,1.1036,1.1093,1.10645,
39622244,CCCCC/C=C\C/C=C\C/C=C\C/C=C\CCCC(=O)O,YZXBAPSDXZZRGB-UHFFFAOYSA-N,304.240230264,6.216700000000006,CCCCC/C=C\C/C=C\C/C=C\C/C=C\CCCC(=O)O,ARACHIDONIC ACID,1.0161,1.3828,1.19945,
11334947,OC[C@H]1O[C@@H](Oc2ccc(O)cc2)[C@H](O)[C@@H](O)[C@@H]1O,BJRNKVDFDLYUGJ-RMPHRYRLSA-N,272.08960285200004,-1.4291000000000003,OC[C@H]1O[C@@H](Oc2ccc(O)cc2)[C@H](O)[C@@H](O)[C@@H]1O,ARBUTIN,1.0986,0.875,0.9868,
10125857,N=C(N)NCCCCNC(=N)N.O=S(=O)(O)O,RWTGFMPOODRXIM-UHFFFAOYSA-N,270.111024056,-1.9200599999999977,N=C(N)NCCCCNC(=N)N.O=S(=O)(O)O,ARCAINE SULFATE,0.94308,0.95301,0.948045,
17521971,Br.COC(=O)C1=CCCN(C)C1,AXOJRQLKMVSHHZ-UHFFFAOYSA-N,235.020790788,0.9992,Br.COC(=O)C1=CCCN(C)C1,ARECOLINE HYDROBROMIDE,0.97072,1.0794,1.02506,
74796649,Cl.N=C(N)NCCCC(N)C(=O)O,KWTQSFXGGICVPE-UHFFFAOYSA-N,210.0883534,-0.9166299999999994,Cl.N=C(N)NCCCC(N)C(=O)O,ARGININE HYDROCHLORIDE,1.0753,1.0662,1.07075,
10737213,O=C1CCc2ccc(OCCCCN3CCN(c4cccc(Cl)c4Cl)CC3)cc2N1,CEUORZQYGODEFX-UHFFFAOYSA-N,447.14803246400004,4.859300000000005,O=C1CCc2ccc(OCCCCN3CCN(c4cccc(Cl)c4Cl)CC3)cc2N1,ARIPIPRAZOLE,0.83126,0.75934,0.7953,
47939843,COc1cccc2c1cc([N+](=O)[O-])c1c(C(=O)O)cc3c(c12)OCO3,BBFQZRXNYIEMAW-UHFFFAOYSA-N,341.053551692,3.336700000000002,COc1cccc2c1cc([N+](=O)[O-])c1c(C(=O)O)cc3c(c12)OCO3,ARISTOLOCHIC ACID,0.9848,1.0924,1.0386,
66154463,NC(=O)C[S@@](=O)C(c1ccccc1)c1ccccc1,YFGHCGITMMYXAQ-LJQANCHMSA-N,273.08234972,2.01,NC(=O)C[S@@](=O)C(c1ccccc1)c1ccccc1,ARMODAFINIL,1.3522,0.96611,1.159155,
59492028,Nc1ccc([As](=O)(O)O)cc1,XKNKHVGWJDPIRJ-UHFFFAOYSA-N,216.972014616,-1.1702000000000004,Nc1ccc([As](=O)(O)O)cc1,ARSANILIC ACID,1.0501,0.98043,1.015265,
49266146,NCCO.NCCO.O[AsH]O[AsH]O,RDTAODVGWVGGEV-UHFFFAOYSA-N,323.96476467599996,-4.604599999999996,NCCO.NCCO.O[AsH]O[AsH]O,ARSENIC TRIOXIDE DIETHANOLAMINE SALT,1.093,1.1187,1.10585,
80274182,COC1O[C@@H]2O[C@]3(C)CC[C@H]4[C@H](C)CC[C@@H]([C@H]1C)[C@@]24OO3,SXYIRMFQILZOAM-DAWBJHCGSA-N,298.178023932,2.8408000000000015,COC1O[C@@H]2O[C@]3(C)CC[C@H]4[C@H](C)CC[C@@H]([C@H]1C)[C@]42OO3,ARTEMETHER,1.1804,1.0422,1.1113,
76314076,C[C@@H]1CC[C@H]2[C@@H](C)C(=O)O[C@@H]3O[C@]4(C)CC[C@@H]1[C@]32OO4,BLUAFEHZUWYNDE-DKGJTOOQSA-N,282.146723804,2.3949000000000007,C[C@@H]1CC[C@H]2[C@@H](C)C(=O)O[C@@H]3O[C@]4(C)CC[C@@H]1[C@]32OO4,ARTEMISININ,0.90207,0.95756,0.929815,
75020564,CCOC1O[C@@H]2O[C@]3(C)CC[C@H]4[C@H](C)CC[C@@H]([C@H]1C)[C@@]24OO3,NLYNIRQVMRLPIQ-UCHVITTHSA-N,312.193673996,3.230900000000002,CCOC1O[C@@H]2O[C@]3(C)CC[C@H]4[C@H](C)CC[C@@H]([C@H]1C)[C@]42OO3,ARTEMOTIL,1.309,1.1408,1.2249,
28589579,C[C@@H]1CC[C@H]2[C@@H](C)C(O)O[C@@H]3O[C@]4(C)CC[C@@H]1[C@]32OO4,BJDCWCLMFKKGEE-SUZORCHOSA-N,284.162373868,2.1867,C[C@@H]1CC[C@H]2[C@@H](C)C(O)O[C@@H]3O[C@]4(C)CC[C@@H]1[C@@]23OO4,ARTENIMOL,0.89054,0.86527,0.877905,
11564088,CC1C(=O)O[C@H]2C1CCC1(C)CCC(=O)[C@@H](C)[C@H]21,BXRGGUXPWTWACZ-JFYDMLHMSA-N,250.156894564,2.5794000000000006,CC1C(=O)O[C@H]2C1CCC1(C)CCC(=O)[C@@H](C)[C@H]21,ARTEPAULIN,0.91239,0.97928,0.945835,
81660475,C[C@H]1[C@H](OC(=O)CCC(=O)O)O[C@@H]2O[C@]3(C)CC[C@H]4[C@H](C)CC[C@@H]1[C@@]24OO3,FIHJKUPKCHIPAT-AXFKQHSWSA-N,384.17841785599995,2.6024000000000003,C[C@@H]1CC[C@H]2[C@@H](C)[C@H](OC(=O)CCC(=O)O)O[C@@H]3O[C@]4(C)CC[C@@H]1[C@@]23OO4,ARTESUNATE,0.82049,0.8371,0.828795,
10834643,CCCCCC(=O)Cc1cc(O)cc(O)c1C(=O)Oc1cc(CC(=O)CCCCC)c(C(=O)O)c(OC)c1,DGXLEDCXMIJNPJ-UHFFFAOYSA-N,528.2359327319999,5.407600000000005,CCCCCC(=O)Cc1cc(O)cc(O)c1C(=O)Oc1cc(CC(=O)CCCCC)c(C(=O)O)c(OC)c1,ARTHONIOIC ACID,1.1956,1.0174,1.1065,
37666302,COc1cc(OC)c(OC)cc1C=O,IAJBQAYHSQIQRE-UHFFFAOYSA-N,196.073558864,1.5249,COc1cc(OC)c(OC)cc1C=O,ASARYLALDEHYDE,0.91525,0.84719,0.88122,
48847009,O=C1O[C@H](C(O)CO)C(O)=C1O,CIWBSHSKHKDKBQ-DOAHDZERSA-N,176.032087976,-1.4073999999999995,O=C1O[C@H](C(O)CO)C(O)=C1O,ASCORBIC ACID,1.0248,0.94619,0.985495,
19524376,CCCCCCCCCCCCCCCC(=O)OCC(O)[C@H]1OC(=O)C(O)=C1O,QAQJMLQRFWZOBN-FBLFFUNLSA-N,414.26175355599986,4.624800000000002,CCCCCCCCCCCCCCCC(=O)OCC(O)[C@H]1OC(=O)C(O)=C1O,ASCORBYL PALMITATE,1.3375,1.1257,1.2316,
96389036,C[C@@H]1CC[C@]2(C(=O)O[C@@H]3O[C@H](CO[C@@H]4O[C@H](CO)[C@@H](O[C@H]5O[C@H](C)[C@H](O)[C@@H](O)[C@H]5O)[C@H](O)[C@H]4O)[C@@H](O)[C@H](O)[C@H]3O)CC[C@]3(C)C(=CCC4[C@@]5(C)C[C@@H](O)[C@H](O)[C@@](C)(CO)C5CC[C@]43C)C2[C@H]1C,WYQVAPGDARQUBT-VOFBOSDASA-N,958.5137302760002,-1.0327999999999888,C[C@@H]1C2C3=CCC4[C@@]5(C)C[C@@H](O)[C@H](O)[C@@](C)(CO)C5CC[C@@]4(C)[C@]3(C)CC[C@@]2(C(=O)O[C@@H]2O[C@H](CO[C@@H]3O[C@H](CO)[C@@H](O[C@H]4O[C@H](C)[C@H](O)[C@@H](O)[C@H]4O)[C@H](O)[C@H]3O)[C@@H](O)[C@H](O)[C@H]2O)CC[C@H]1C,ASIATICOSIDE,1.0136,0.8791,0.94635,
69641836,NC(=O)C[C@H](N)C(=O)O.O,RBMGJIZCEWRQES-DKWTVANSSA-N,150.0640568,-2.551,NC(=O)C[C@H](N)C(=O)O.O,ASPARAGINE (L) HYDRATE,0.92099,0.86733,0.89416,
53902320,COC(=O)[C@H](Cc1ccccc1)NC(=O)[C@@H](N)CC(=O)O,IAOZJIPTCAWIRG-QWRGUYRKSA-N,294.121571676,-0.31109999999999954,COC(=O)[C@H](Cc1ccccc1)NC(=O)[C@@H](N)CC(=O)O,ASPARTAME,0.92307,0.86483,0.89395,
32436549,N[C@@H](CC(=O)O)C(=O)O,CKLJMWTZIZZHCS-REOHCLBHSA-N,133.037507704,-1.127,N[C@@H](CC(=O)O)C(=O)O,ASPARTIC ACID (L),0.8443,1.0087,0.9265,
71308230,CC(=O)Oc1ccccc1C(=O)O,BSYNRYMUTXBXSQ-UHFFFAOYSA-N,180.042258736,1.3101,CC(=O)Oc1ccccc1C(=O)O,ASPIRIN,1.1501,0.86132,1.00571,
58565520,CC1=C(/C=C/C(C)=C/C=C/C(C)=C/C=C/C=C(C)/C=C/C=C(C)/C=C/C2=C(C)C(=O)C(O)CC2(C)C)C(C)(C)CC(O)C1=O,MQZIGYBFDRPAKN-UHFFFAOYSA-N,596.386560144,8.905400000000004,CC1=C(/C=C/C(C)=C/C=C/C(C)=C/C=C/C=C(C)/C=C/C=C(C)/C=C/C2=C(C)C(=O)C(O)CC2(C)C)C(C)(C)CC(O)C1=O,ASTAXANTHIN,1.1455,1.278,1.21175,
11661546,CC(C)(O)[C@@H]1CC[C@](C)([C@H]2[C@@H](O)C[C@@]3(C)C4C[C@H](O[C@@H]5O[C@H](CO)[C@@H](O)[C@H](O)[C@H]5O)C5C(C)(C)[C@@H](O[C@@H]6OC[C@@H](O)[C@H](O)[C@H]6O)CC[C@@]56C[C@@]46CC[C@]23C)O1,QMNWISYXSJWHRY-XWJCTJPOSA-N,784.460906856,0.7241000000000044,CC(C)(O)[C@@H]1CC[C@](C)([C@H]2[C@@H](O)C[C@@]3(C)C4C[C@H](O[C@@H]5O[C@H](CO)[C@@H](O)[C@H](O)[C@H]5O)C5C(C)(C)[C@@H](O[C@@H]6OC[C@@H](O)[C@H](O)[C@H]6O)CC[C@@]56C[C@@]46CC[C@]23C)O1,ASTRAGALOSIDE IV,0.99119,1.0616,1.026395,
58131208,COC(=O)N[C@H](C(=O)N[C@@H](Cc1ccccc1)[C@@H](O)CN(Cc1ccc(-c2ccccn2)cc1)NC(=O)[C@@H](NC(=O)OC)C(C)(C)C)C(C)(C)C.O=S(=O)(O)O,DQSGVVGOPRWTKI-QVFAWCHISA-N,802.3571275480003,3.5588000000000024,COC(=O)N[C@H](C(=O)N[C@@H](Cc1ccccc1)[C@@H](O)CN(Cc1ccc(-c2ccccn2)cc1)NC(=O)[C@@H](NC(=O)OC)C(C)(C)C)C(C)(C)C.O=S(=O)(O)O,ATAZANAVIR SULFATE,0.75562,0.8963,0.82596,
24031907,CC(C)NCC(O)COc1ccc(CC(N)=O)cc1,METKIMKYRPQLGS-UHFFFAOYSA-N,266.163042564,0.45210000000000006,CC(C)NCC(O)COc1ccc(CC(N)=O)cc1,ATENOLOL,0.93121,1.0221,0.976655,
72618843,CNCC[C@@H](Oc1ccccc1C)c1ccccc1.Cl,LUCXVPAZUDVVBT-UNTBIKODSA-N,291.138992004,4.146420000000004,CNCC[C@@H](Oc1ccccc1C)c1ccccc1.Cl,ATOMOXETINE HYDROCHLORIDE,0.9414,1.2787,1.11005,
80444885,CC(C)c1c(C(=O)Nc2ccccc2)c(-c2ccccc2)c(-c2ccc(F)cc2)n1CC[C@@H](O)C[C@@H](O)CC(=O)[O-].[Ca+2],DYJKAHNDTTZSNX-CNZCJKERSA-M,597.2072178080899,4.598100000000007,CC(C)c1c(C(=O)Nc2ccccc2)c(-c2ccccc2)c(-c2ccc(F)cc2)n1CC[C@@H](O)C[C@@H](O)CC(=O)[O-].[Ca+2],ATORVASTATIN CALCIUM,1.0461,1.062,1.05405,
12890979,O=C1C(O)=C([C@H]2CC[C@H](c3ccc(Cl)cc3)CC2)C(=O)c2ccccc21,KUCQYCKVKVOKAY-CTYIDZIISA-N,366.102272148,5.505100000000004,O=C1C(O)=C([C@H]2CC[C@H](c3ccc(Cl)cc3)CC2)C(=O)c2ccccc21,ATOVAQUONE,1.3019,1.4885,1.3952,
83247773,COc1ccc(CC2c3cc(OC)c(OC)cc3CC[N+]2(C)CCC(=O)OCCCCCOC(=O)CC[N+]2(C)CCc3cc(OC)c(OC)cc3C2Cc2ccc(OC)c(OC)c2)cc1OC.O=S(=O)([O-])c1ccccc1.O=S(=O)([O-])c1ccccc1,XXZSQOVSEBAPGS-UHFFFAOYSA-L,1242.500405784,9.246900000000004,COc1ccc(CC2c3cc(OC)c(OC)cc3CC[N+]2(C)CCC(=O)OCCCCCOC(=O)CC[N+]2(C)CCc3cc(OC)c(OC)cc3C2Cc2ccc(OC)c(OC)c2)cc1OC.O=S(=O)([O-])c1ccccc1.O=S(=O)([O-])c1ccccc1,ATRACURIUM BESYLATE,0.89922,1.3141,1.10666,
85541138,COC(=O)c1c(C)cc(OC(=O)c2c(C)cc(O)c(C=O)c2O)c(C)c1O,YLOYKYXNDHOHHT-UHFFFAOYSA-N,374.10016753599996,2.546960000000001,COC(=O)c1c(C)cc(OC(=O)c2c(C)cc(O)c(C=O)c2O)c(C)c1O,ATRANORIN,1.0328,0.88878,0.96079,
83703730,CN1C2CCC1CC(OC(=O)C(CO)c1ccccc1)C2,RKUNBYITZUJHSG-UHFFFAOYSA-N,289.167793596,1.9308999999999996,CN1C2CCC1CC(OC(=O)C(CO)c1ccccc1)C2,ATROPINE,1.0818,1.3781,1.22995,
65401222,C[N+]1([O-])C2CCC1CC(OC(=O)C(CO)c1ccccc1)C2,HGWPFSBHDACWNL-UHFFFAOYSA-N,305.162708216,1.9434999999999996,C[N+]1([O-])C2CCC1CC(OC(=O)C(CO)c1ccccc1)C2,ATROPINE OXIDE,0.77415,1.0034,0.888775,
85141085,CN1C2CCC1CC(OC(=O)C(CO)c1ccccc1)C2.O=S(=O)(O)O,VJFQPODMEGSXHC-UHFFFAOYSA-N,387.13517313999995,1.2780999999999998,CN1C2CCC1CC(OC(=O)C(CO)c1ccccc1)C2.O=S(=O)(O)O,ATROPINE SULFATE,0.97571,0.9879,0.981805,
89017904,CC(C)=CCC/C(C)=C/COc1ccc2ccc(=O)oc2c1,RSDDHGSKLOSQFK-UHFFFAOYSA-N,298.15689456399997,4.864500000000005,CC(C)=CCC/C(C)=C/COc1ccc2ccc(=O)oc2c1,AURAPTENE,1.2966,1.2865,1.29155,
10156931,COc1ccc(CNc2nc(N3CCC[C@H]3CO)ncc2C(=O)NCc2ncccn2)cc1Cl,WEAJZXNPAWBCOA-INIZCTEOSA-N,483.17856537200004,2.4318,COc1ccc(CNc2nc(N3CCC[C@H]3CO)ncc2C(=O)NCc2ncccn2)cc1Cl,AVANAFIL,0.97312,1.2218,1.09746,
60904933,CCC(C)[C@H]1O[C@]2(C=C[C@@H]1C)C[C@@H]1C[C@@H](C/C=C(\C)[C@@H](OC3C[C@H](OC)C(O[C@H]4C[C@H](OC)[C@@H](O)[C@H](C)O4)[C@H](C)O3)[C@@H](C)/C=C/C=C3\CO[C@@H]4[C@H](OC)C(C)=C[C@@H](C(=O)O1)[C@]34O)O2,AFSHKCWTGFDXJR-UGCGZJJLSA-N,886.5078570480001,6.031500000000008,CCC(C)[C@H]1O[C@]2(C=C[C@@H]1C)C[C@@H]1C[C@@H](C/C=C(\C)[C@@H](OC3C[C@H](OC)C(O[C@H]4C[C@H](OC)[C@@H](O)[C@H](C)O4)[C@H](C)O3)[C@@H](C)/C=C/C=C3\CO[C@@H]4[C@H](OC)C(C)=C[C@@H](C(=O)O1)[C@]34O)O2,AVERMECTIN A1a,0.97007,1.1149,1.042485,
17155592,COc1ccc(C(=O)CC(=O)c2ccc(C(C)(C)C)cc2)cc1,XNEFYCZVKIDDMS-UHFFFAOYSA-N,310.15689456399997,4.448400000000004,COc1ccc(C(=O)CC(=O)c2ccc(C(C)(C)C)cc2)cc1,AVOBENZONE,0.90439,1.0136,0.958995,
64647417,C=CCCCCCCCCCCCC(O)CC(O)CO,DFEHQWFIOMAGBM-UHFFFAOYSA-N,286.250794948,3.5677000000000016,C=CCCCCCCCCCCCC(O)CC(O)CO,AVOCADENE,1.3208,1.1853,1.25305,
70469358,C=CCCCCCCCCCCCc1ccco1,KNKVJBRMGKXDGO-UHFFFAOYSA-N,248.21401551600002,5.909100000000006,C=CCCCCCCCCCCCc1ccco1,AVOCADENOFURAN,1.0696,1.1803,1.12495,
73470920,C#CCCCCCCCCCCCC(O)CC(O)CO,OHLQBKZXSJYBMK-UHFFFAOYSA-N,284.235144884,3.0149000000000012,C#CCCCCCCCCCCCC(O)CC(O)CO,AVOCADYNE,0.75771,0.92057,0.83914,
22185018,C#CCCCCCCCCCCCC(O)CC(O)COC(C)=O,JAKAZHIACKJNNB-UHFFFAOYSA-N,326.24570956799994,3.585700000000002,C#CCCCCCCCCCCCC(O)CC(O)COC(C)=O,AVOCADYNE ACETATE,0.73091,0.84684,0.788875,
24698979,C#CCCCCCCCCCCCC(O)CC(O)COC(C)=O.C=CCCCCCCCCCCCC(O)CC(O)COC(C)=O,VPOWSDDTEVCUHB-UHFFFAOYSA-N,654.5070692,7.72420000000001,C#CCCCCCCCCCCCC(O)CC(O)COC(C)=O.C=CCCCCCCCCCCCC(O)CC(O)COC(C)=O,AVOCATIN A,0.99676,0.62853,0.812645,
32293718,C#CCCCCCCCCCCCC(O)CC(O)CO.C=CCCCCCCCCCCCC(O)CC(O)CO,MKQLKSXQNMNNHU-UHFFFAOYSA-N,570.4859398319999,6.582600000000009,C#CCCCCCCCCCCCC(O)CC(O)CO.C=CCCCCCCCCCCCC(O)CC(O)CO,AVOCATIN B,1.2279,1.0012,1.11455,
68970667,Nc1ncn([C@@H]2O[C@H](CO)[C@@H](O)[C@H]2O)c(=O)n1,NMUSYJAQQFHJEW-KVTDHHQDSA-N,244.080769484,-3.1679999999999997,Nc1ncn([C@@H]2O[C@H](CO)[C@@H](O)[C@H]2O)c(=O)n1,AZACITIDINE,0.98647,0.96732,0.976895,
60986755,C/C=C(\C)C(=O)O[C@H]1C[C@@H](OC(C)=O)[C@@]2(C(=O)OC)CO[C@@H]3C2[C@]12CO[C@](O)(C(=O)OC)[C@H]2[C@](C)(C12O[C@@]1(C)[C@H]1C[C@@H]2OC2OC=C[C@@]21O)[C@@H]3O,FTNJWQUOZFUQQJ-AQHCTGCISA-N,720.262935328,-0.2030999999999955,C/C=C(\C)C(=O)O[C@H]1C[C@@H](OC(C)=O)[C@@]2(C(=O)OC)CO[C@@H]3C2[C@]12CO[C@](O)(C(=O)OC)[C@H]2[C@](C)(C12O[C@@]1(C)[C@H]1C[C@@H]2OC2OC=C[C@@]21O)[C@@H]3O,AZADIRACHTIN,0.91553,0.86388,0.889705,
14988858,O=C(CCCN1CCN(c2ccccn2)CC1)c1ccc(F)cc1,XTKDAFGWCDAMPY-UHFFFAOYSA-N,327.174690544,3.0058000000000016,O=C(CCCN1CCN(c2ccccn2)CC1)c1ccc(F)cc1,AZAPERONE,0.78249,0.96934,0.875915,
56455037,[N-]=[N+]=CC(=O)OCC(N)C(=O)O,MZZGOOYMKKIOOX-UHFFFAOYSA-N,173.043655704,-1.7578999999999994,[N-]=[N+]=CC(=O)OCC(N)C(=O)O,AZASERINE,1.0751,0.98783,1.031465,
25042876,Cn1cnc([N+](=O)[O-])c1Sc1[nH]cnc2ncnc1-2,LMEKQMALGUDUQG-UHFFFAOYSA-N,277.038193464,1.0973999999999997,Cn1cnc([N+](=O)[O-])c1Sc1[nH]cnc2ncnc1-2,AZATHIOPRINE,1.2743,1.2423,1.2583,
10214186,O=C(O)CCCCCCCC(=O)O,BDJRBEYXGGNYIS-UHFFFAOYSA-N,188.104858992,1.8863,O=C(O)CCCCCCCC(=O)O,AZELAIC ACID,1.1568,1.1877,1.17225,
56861037,CN1CCCC(n2nc(Cc3ccc(Cl)cc3)c3ccccc3c2=O)CC1.Cl,YEJAJYAHJQIWNU-UHFFFAOYSA-N,417.13746777999995,4.719300000000006,CN1CCCC(n2nc(Cc3ccc(Cl)cc3)c3ccccc3c2=O)CC1.Cl,AZELASTINE HYDROCHLORIDE,1.0003,0.85653,0.928415,
36428158,CCOc1nc2cccc(C(=O)OCc3oc(=O)oc3C)c2n1Cc1ccc(-c2ccccc2-c2noc([O-])n2)cc1.[K+],IHWFKDWIUSZLCJ-UHFFFAOYSA-M,606.1152953760001,1.4895199999999995,CCOc1nc2cccc(C(=O)OCc3oc(=O)oc3C)c2n1Cc1ccc(-c2ccccc2-c2noc([O-])n2)cc1.[K+],AZILSARTAN MEDOXOMIL,1.1283,1.0804,1.10435,
11500586,CC[C@H]1OC(=O)[C@H](C)[C@@H](O[C@H]2C[C@@](C)(OC)[C@@H](O)[C@H](C)O2)[C@H](C)[C@@H](O[C@@H]2O[C@H](C)C[C@H](N(C)C)[C@H]2O)[C@](C)(O)C[C@@H](C)CN(C)[C@H](C)[C@@H](O)[C@]1(C)O,MQTOSJVFKKJCRP-BICOPXKESA-N,748.5085257439999,1.9007000000000054,CC[C@H]1OC(=O)[C@H](C)[C@@H](O[C@H]2C[C@@](C)(OC)[C@@H](O)[C@H](C)O2)[C@H](C)[C@@H](O[C@@H]2O[C@H](C)C[C@H](N(C)C)[C@H]2O)[C@](C)(O)C[C@@H](C)CN(C)[C@H](C)[C@@H](O)[C@]1(C)O,AZITHROMYCIN,0.13798,0.1531,0.14554,
29497955,CC1(C)S[C@@H]2[C@H](NC(=O)[C@H](NC(=O)N3CCNC3=O)c3ccccc3)C(=O)N2C1C(=O)[O-].[Na+],UVOCNBWUHNCKJM-VZYMBTLFSA-M,483.11884870399996,-4.236499999999997,CC1(C)S[C@@H]2[C@H](NC(=O)[C@H](NC(=O)N3CCNC3=O)c3ccccc3)C(=O)N2C1C(=O)[O-].[Na+],AZLOCILLIN SODIUM,0.77256,0.65843,0.715495,
11000353,C[C@H]1[C@H](NC(=O)/C(=N/OC(C)(C)C(=O)O)c2csc(N)n2)C(=O)N1S(=O)(=O)O,WZPBZJONDBGPKJ-FSPLSTOPSA-N,435.051854504,-1.1724999999999979,C[C@H]1[C@H](NC(=O)/C(=N/OC(C)(C)C(=O)O)c2csc(N)n2)C(=O)N1S(=O)(=O)O,AZTREONAM,0.14184,0.1518,0.14682,
74841265,CCOC(=O)OC(C)OC(=O)C1N2C(=O)C(NC(=O)[C@H](N)c3ccccc3)C2SC1(C)C.Cl,IWVTXAGTHUECPN-WAPAZPKCSA-N,501.133648916,1.717600000000001,CCOC(=O)OC(C)OC(=O)C1N2C(=O)C(NC(=O)[C@H](N)c3ccccc3)C2SC1(C)C.Cl,BACAMPICILLIN HYDROCHLORIDE,0.46436,0.51408,0.48922,
54547877,CC(=O)O[C@H]1C(=O)[C@@]2(C)C([C@H](OC(=O)c3ccccc3)[C@]3(O)C[C@H](O)C(C)=C1C3(C)C)[C@]1(OC(C)=O)CO[C@@H]1C[C@@H]2O,OVMSOCFBDVBLFW-IAGPSASASA-N,586.2414120359999,1.6525999999999998,CC(=O)O[C@H]1C(=O)[C@@]2(C)C([C@H](OC(=O)c3ccccc3)[C@]3(O)C[C@H](O)C(C)=C1C3(C)C)[C@]1(OC(C)=O)CO[C@@H]1C[C@@H]2O,BACCATIN III,0.80485,1.0209,0.912875,
30776478,CCC(C)C(N)C1=NC(C(=O)NC(CC(C)C)C(=O)NC(CCC(=O)O)C(=O)NC(C(=O)NCCCCC2NC(=O)C(CC(N)=O)NC(=O)C(CC(=O)O)NC(=O)C(Cc3c[nH]cn3)NC(=O)C(Cc3ccccc3)NC(=O)C(C(C)CC)NC(=O)C(CCCN)NC2=O)C(C)CC)CS1,VRKHYMXTJQCIND-UHFFFAOYSA-N,1421.7489412159996,-1.6776000000000149,CCC(C)C(N)C1=NC(C(=O)NC(CC(C)C)C(=O)NC(CCC(=O)O)C(=O)NC(C(=O)NCCCCC2NC(=O)C(CC(N)=O)NC(=O)C(CC(=O)O)NC(=O)C(Cc3c[nH]cn3)NC(=O)C(Cc3ccccc3)NC(=O)C(C(C)CC)NC(=O)C(CCCN)NC2=O)C(C)CC)CS1,BACITRACIN,0.96224,1.0102,0.98622,
96055930,Cl.NCC(CC(=O)O)c1ccc(Cl)cc1,WMNUVYYLMCMHLU-UHFFFAOYSA-N,249.032334016,2.2788000000000004,Cl.NCC(CC(=O)O)c1ccc(Cl)cc1,BACLOFEN HYDROCHLORIDE (+/-),1.0259,1.4325,1.2292,
21329541,O=c1cc(-c2ccccc2)oc2cc(O)c(O)c(O)c12,FXNFHKRTJBSTCS-UHFFFAOYSA-N,270.05282342000004,2.576800000000001,O=c1cc(-c2ccccc2)oc2cc(O)c(O)c(O)c12,BAICALEIN,1.0275,0.92011,0.973805,
88093563,O=C(O)[C@H]1O[C@@H](Oc2cc3oc(-c4ccccc4)cc(=O)c3c(O)c2O)[C@H](O)[C@@H](O)[C@@H]1O,IKIIZLYTISPENI-ZFORQUDYSA-N,446.0849113959999,0.14219999999999955,O=C(O)[C@H]1O[C@@H](Oc2cc3oc(-c4ccccc4)cc(=O)c3c(O)c2O)[C@H](O)[C@@H](O)[C@@H]1O,BAICALIN,1.2575,0.85461,1.056055,
91486366,O=C([O-])CCNC(=O)c1ccc(/N=N/c2ccc(O)c(C(=O)[O-])c2)cc1.[Na+].[Na+],CKMOQBVBEGCJGW-UHFFFAOYSA-L,401.059973696,-5.951099999999998,O=C([O-])CCNC(=O)c1ccc(/N=N/c2ccc(O)c(C(=O)[O-])c2)cc1.[Na+].[Na+],BALSALAZIDE DISODIUM,0.94863,0.91315,0.93089,
84808760,CN(C)C(=O)Oc1cc(OC(=O)N(C)C)cc(C(O)CNC(C)(C)C)c1.Cl,LBARATORRVNNQM-UHFFFAOYSA-N,403.18739874,2.650700000000001,CN(C)C(=O)Oc1cc(OC(=O)N(C)C)cc(C(O)CNC(C)(C)C)c1.Cl,BAMBUTEROL HYDROCHLORIDE,0.9211,1.3642,1.14265,
83611884,CCC1(CC)C(=O)NC(=O)NC1=O,FTOAOBMCPZCFFF-UHFFFAOYSA-N,184.084792244,0.15879999999999994,CCC1(CC)C(=O)NC(=O)NC1=O,BARBITAL,0.92311,0.91032,0.916715,
46818073,CCCCCCCCCCCCCCCCCCOCC(O)CO,OGBUMNBNEWYMNJ-UHFFFAOYSA-N,344.32904526799996,5.617700000000006,CCCCCCCCCCCCCCCCCCOCC(O)CO,BATYL ALCOHOL,1.0236,1.0432,1.0334,
49130007,CC(=O)O.Cc1c(-c2ccc(O)cc2)n(Cc2ccc(OCCN3CCCCCC3)cc2)c2ccc(O)cc12,OMZAMQFQZMUNTP-UHFFFAOYSA-N,530.278072316,6.421920000000007,CC(=O)O.Cc1c(-c2ccc(O)cc2)n(Cc2ccc(OCCN3CCCCCC3)cc2)c2ccc(O)cc12,BAZEDOXIFENE ACETATE,0.73057,0.88246,0.806515,
20808251,O=C(CCCl)NCc1ccccc1,JPYQFYIEOUVJDU-UHFFFAOYSA-N,197.060741684,1.9317,O=C(CCCl)NCc1ccccc1,BECLAMIDE,1.0124,1.0728,1.0426,
90308355,CCC(=O)OCC(=O)C1(OC(=O)CC)C(C)CC2C3CCC4=CC(=O)C=CC4(C)C3(Cl)C(O)CC21C,KUVIULQEHSCUHY-UHFFFAOYSA-N,520.222781204,4.086800000000004,CCC(=O)OCC(=O)C1(OC(=O)CC)C(C)CC2C3CCC4=CC(=O)C=CC4(C)C3(Cl)C(O)CC21C,BECLOMETHASONE DIPROPIONATE,1.2649,0.99155,1.128225,
12402162,NC[C@H]1O[C@H](O[C@H]2[C@H](O)[C@@H](O[C@H]3O[C@H](CO)[C@@H](O)[C@H](N)[C@H]3O)[C@H](N)C[C@@H]2N)[C@H](N)[C@@H](O)[C@@H]1O.O=S(=O)(O)O,YGTPKDKJVZOVCO-KELBJJLKSA-N,581.2214219279998,-7.977800000000013,NC[C@H]1O[C@H](O[C@@H]2[C@@H](N)C[C@@H](N)[C@H](O[C@H]3O[C@H](CO)[C@@H](O)[C@H](N)[C@H]3O)[C@H]2O)[C@H](N)[C@@H](O)[C@@H]1O.O=S(=O)(O)O,BEKANAMYCIN SULFATE,0.13854,0.16755,0.153045,
10789032,CCCCC(CC)COc1ccc(-c2nc(-c3ccc(OC)cc3)nc(-c3ccc(OCC(CC)CCCC)cc3O)n2)c(O)c1,XVAMCHGMPYWHNL-UHFFFAOYSA-N,627.367221668,9.482799999999997,CCCCC(CC)COc1ccc(-c2nc(-c3ccc(OC)cc3)nc(-c3ccc(OCC(CC)CCCC)cc3O)n2)c(O)c1,BEMOTRIZINOL,1.1019,1.1352,1.11855,
14945191,CCN(CC)CCOC(=O)C(O)(c1ccccc1)c1ccccc1.Cl,ZCEHOOLYWQBGQO-UHFFFAOYSA-N,363.160121372,3.2293000000000025,CCN(CC)CCOC(=O)C(O)(c1ccccc1)c1ccccc1.Cl,BENACTYZINE HYDROCHLORIDE,0.92878,1.012,0.97039,
10604187,CCOC(=O)[C@H](CCc1ccccc1)N[C@H]1CCc2ccccc2N(CC(=O)O)C1=O.Cl,VPSRQEHTHIMDQM-FKLPMGAJSA-N,460.176499708,2.9949000000000017,CCOC(=O)[C@H](CCc1ccccc1)N[C@H]1CCc2ccccc2N(CC(=O)O)C1=O.Cl,BENAZEPRIL HYDROCHLORIDE,1.1038,0.97657,1.040185,
10158484,Cl.Cn1c(CCCC(=O)O)nc2cc(N(CCCl)CCCl)ccc21,ZHSKUOZOLHMKEA-UHFFFAOYSA-N,393.07775998399995,3.6864000000000026,Cl.Cn1c(CCCC(=O)O)nc2cc(N(CCCl)CCCl)ccc21,BENDAMUSTINE HYDROCHLORIDE,1.0535,0.90041,0.976955,
86793897,O=C(O)COc1nn(Cc2ccccc2)c2ccccc12,BYFMCKSPFYVMOU-UHFFFAOYSA-N,282.10044230799997,2.548,O=C(O)COc1nn(Cc2ccccc2)c2ccccc12,BENDAZAC,1.0229,0.85188,0.93739,
82801041,NS(=O)(=O)c1cc2c(cc1C(F)(F)F)NC(Cc1ccccc1)NS2(=O)=O,HDWIHXWEUNVBIY-UHFFFAOYSA-N,421.03778258799997,1.6254000000000004,NS(=O)(=O)c1cc2c(cc1C(F)(F)F)NC(Cc1ccccc1)NS2(=O)=O,BENDROFLUMETHIAZIDE,0.97597,1.0297,1.002835,
23573091,CC(Cc1cccc(C(F)(F)F)c1)NCCOC(=O)c1ccccc1.Cl,NLOALSPYZIIXEO-UHFFFAOYSA-N,387.121291252,4.504800000000004,CC(Cc1cccc(C(F)(F)F)c1)NCCOC(=O)c1ccccc1.Cl,BENFLUOREX HYDROCHLORIDE,0.88253,0.92572,0.904125,
96857816,C/C(=C(/CCOP(=O)(O)O)SC(=O)c1ccccc1)N(C=O)Cc1cnc(C)nc1N,BTNNPSLJPBRMLZ-UHFFFAOYSA-N,466.10759208600007,2.630119999999999,C/C(=C(/CCOP(=O)(O)O)SC(=O)c1ccccc1)N(C=O)Cc1cnc(C)nc1N,BENFOTIAMINE,1.0058,0.96123,0.983515,
68777855,CCCCOc1cc(C(=O)OCCN(CC)CC)ccc1N.Cl,PRGUDWLMFLCODA-UHFFFAOYSA-N,344.18667046800005,3.3681000000000014,CCCCOc1cc(C(=O)OCCN(CC)CC)ccc1N.Cl,BENOXINATE HYDROCHLORIDE,1.0388,0.69684,0.86782,
10034291,Cl.NC(CO)C(=O)NNCc1ccc(O)c(O)c1O,ULFCBIUXQQYDEI-UHFFFAOYSA-N,293.07784829199994,-1.3344000000000007,Cl.NC(CO)C(=O)NNCc1ccc(O)c(O)c1O,BENSERAZIDE HYDROCHLORIDE,1.0812,0.88972,0.98546,
10859329,O=C(CNC(=O)c1ccc(Cl)cc1)NO,JFZGBMJPJZDNNT-UHFFFAOYSA-N,228.030169828,0.5751999999999999,O=C(CNC(=O)c1ccc(Cl)cc1)NO,BENURESTAT,1.0052,0.91438,0.95979,
98104745,CCCCCCCCCCCCC[N+](C)(C)Cc1ccccc1.O.[Cl-],YDYYFACRFOILLS-UHFFFAOYSA-M,371.295492644,2.753300000000001,CCCCCCCCCCCCC[N+](C)(C)Cc1ccccc1.O.[Cl-],BENZALKONIUM CHLORIDE HYDRATE,0.19035,0.20312,0.196735,
84001971,CCc1oc2ccccc2c1C(=O)c1cc(Br)c(O)c(Br)c1,WHQCHUCQKNIQEC-UHFFFAOYSA-N,421.9153184439999,5.456800000000003,CCc1oc2ccccc2c1C(=O)c1cc(Br)c(O)c(Br)c1,BENZBROMARONE,0.81651,0.99949,0.908,
55282237,CC(C)(C)CC(C)(C)c1ccc(OCCOCC[N+](C)(C)Cc2ccccc2)cc1.[Cl-],UREZNYTWGJKWBI-UHFFFAOYSA-M,447.29040726399995,3.0764000000000014,CC(C)(C)CC(C)(C)c1ccc(OCCOCC[N+](C)(C)Cc2ccccc2)cc1.[Cl-],BENZETHONIUM CHLORIDE,0.15563,0.16959,0.16261,
10989073,CCOC(=O)c1ccc(N)cc1,BLFLLBZGZJTVJG-UHFFFAOYSA-N,165.078978592,1.4455,CCOC(=O)c1ccc(N)cc1,BENZOCAINE,0.96636,0.76435,0.865355,
88977285,O=C(OC1CN2CCC1CC2)c1ccccc1,AHKAOMZZTQULDS-UHFFFAOYSA-N,231.125928784,1.9376000000000004,O=C(OC1CN2CCC1CC2)c1ccccc1,BENZOCLIDINE,0.96096,1.085,1.02298,
25058997,O=C(O)c1ccccc1,WPYMKLBDIGXBTP-UHFFFAOYSA-N,122.036779432,1.3848,O=C(O)c1ccccc1,BENZOIC ACID,0.96865,0.96417,0.96641,
46285569,CCCCNc1ccc(C(=O)OCCOCCOCCOCCOCCOCCOCCOCCOCCOC)cc1,MAFMQEKGGFWBAB-UHFFFAOYSA-N,603.3618615159999,2.8346000000000036,CCCCNc1ccc(C(=O)OCCOCCOCCOCCOCCOCCOCCOCCOCCOC)cc1,BENZONATATE,0.96482,0.92225,0.943535,
29464365,O=C(Oc1cccc2cccnc12)c1ccccc1,BHKPHCKISVSDGV-UHFFFAOYSA-N,249.078978592,3.4540000000000015,O=C(Oc1cccc2cccnc12)c1ccccc1,BENZOXIQUINE,0.65152,0.81907,0.735295,
67677248,O=C(OOC(=O)c1ccccc1)c1ccccc1,OMPJBNCRMGITSC-UHFFFAOYSA-N,242.0579088,2.615400000000001,O=C(OOC(=O)c1ccccc1)c1ccccc1,BENZOYL PEROXIDE,0.95975,0.98857,0.97416,
83331957,O=C(Nc1ccc(C(=O)O)c(O)c1)c1ccccc1,GNZCRYWFWKFIDM-UHFFFAOYSA-N,257.068807832,2.3427,O=C(Nc1ccc(C(=O)O)c(O)c1)c1ccccc1,BENZOYLPAS,0.93485,1.0124,0.973625,
97212702,NS(=O)(=O)c1cc2c(cc1Cl)N=C(CSCc1ccccc1)NS2(=O)=O,NDTSRXAMMQDVSW-UHFFFAOYSA-N,430.98349660799994,2.2427,NS(=O)(=O)c1cc2c(cc1Cl)N=C(CSCc1ccccc1)NS2(=O)=O,BENZTHIAZIDE,1.0184,0.95341,0.985905,
42309070,CN1C2CCC1CC(OC(c1ccccc1)c1ccccc1)C2.CS(=O)(=O)O,CPFJLLXFNPCTDW-UHFFFAOYSA-N,403.18172940799997,3.921800000000003,CN1C2CCC1CC(OC(c1ccccc1)c1ccccc1)C2.CS(=O)(=O)O,BENZTROPINE MESYLATE,0.87772,0.96649,0.922105,
43223081,CN(C)CCCOc1nn(Cc2ccccc2)c2ccccc12.Cl,HNNIWKQLJSNAEQ-UHFFFAOYSA-N,345.160790068,3.836900000000003,CN(C)CCCOc1nn(Cc2ccccc2)c2ccccc12.Cl,BENZYDAMINE HYDROCHLORIDE,1.0274,0.92157,0.974485,
39847547,OCc1ccccc1,WVDDGKGOMKODPV-UHFFFAOYSA-N,108.057514876,1.1789,OCc1ccccc1,BENZYL ALCOHOL,1.0486,0.96525,1.006925,
62455020,O=C(OCc1ccccc1)c1ccccc1,SESFRYSPDFLNCH-UHFFFAOYSA-N,212.083729624,3.0436000000000014,O=C(OCc1ccccc1)c1ccccc1,BENZYL BENZOATE,0.9375,0.91869,0.928095,
20961843,S=C=NCc1ccccc1,MDKCFLQDBWCQCV-UHFFFAOYSA-N,149.029920224,2.2894000000000005,S=C=NCc1ccccc1,BENZYL ISOTHIOCYANATE,0.81668,0.7138,0.76524,
32873346,O=C(OCc1ccccc1)c1cccnc1,KVYGGMBOZFWZBQ-UHFFFAOYSA-N,213.078978592,2.4386,O=C(OCc1ccccc1)c1cccnc1,BENZYL NICOTINATE,1.2362,1.4087,1.32245,
10557143,Cl.NNCc1ccccc1,PRBLRLQZOKOQCQ-UHFFFAOYSA-N,158.061076032,1.0717,Cl.NNCc1ccccc1,BENZYLHYDRAZINE HYDROCHLORIDE,0.98759,0.90643,0.94701,
37137434,C[N+](C)(CCOc1ccccc1)Cc1ccccc1.O=C([O-])c1cc2ccccc2cc1O,PMPQCPQAHTXCDK-UHFFFAOYSA-M,443.20965840799994,4.250900000000005,C[N+](C)(CCOc1ccccc1)Cc1ccccc1.O=C([O-])c1cc2ccccc2cc1O,BEPHENIUM HYDROXYNAPTHOATE,0.89671,0.8208,0.858755,
10328898,CC(C)COCC(CN(Cc1ccccc1)c1ccccc1)N1CCCC1.Cl,JXBBWYGMTNAYNM-UHFFFAOYSA-N,402.24379142000004,5.252000000000007,CC(C)COCC(CN(Cc1ccccc1)c1ccccc1)N1CCCC1.Cl,BEPRIDIL HYDROCHLORIDE,1.2519,1.0109,1.1314,
16051307,COc1cc2c3cc1Oc1c(OC)c(OC)cc4c1[C@@H](Cc1cccc(c1)Oc1ccc(c(O)c1)C[C@@H]3N(C)CC2)N(C)CC4.Cl.Cl,SNFZOWCOEANLMI-ROLVXWJJSA-N,680.241992424,7.703000000000008,COc1cc2c3cc1Oc1c(OC)c(OC)cc4c1[C@@H](Cc1cccc(c1)Oc1ccc(c(O)c1)C[C@@H]3N(C)CC2)N(C)CC4.Cl.Cl,BERBAMINE HYDROCHLORIDE,1.0696,0.92638,0.99799,
83386829,COc1ccc2cc3[n+](cc2c1OC)CCc1cc2c(cc1-3)OCO2.[Cl-],VKJGBAJNNALVAV-UHFFFAOYSA-M,371.0924357359999,0.10029999999999983,COc1ccc2cc3[n+](cc2c1OC)CCc1cc2c(cc1-3)OCO2.[Cl-],BERBERINE CHLORIDE,0.94847,0.93841,0.94344,
10914236,COc1c2ccoc2cc2oc(=O)ccc12,BGEBZHIAGXMEMV-UHFFFAOYSA-N,216.042258736,2.5478000000000005,COc1c2ccoc2cc2oc(=O)ccc12,BERGAPTEN,1.0729,0.98675,1.029825,
11232722,COc1c(O)cc2c(c1O)[C@@H]1O[C@H](CO)[C@@H](O)[C@H](O)[C@H]1OC2=O,YWJXCIXBAKGUKZ-HJJNZUOJSA-N,328.07943209199993,-1.2006000000000006,COc1c(O)cc2c(c1O)[C@@H]1O[C@H](CO)[C@@H](O)[C@H](O)[C@H]1OC2=O,BERGENIN,1.066,0.9954,1.0307,
10496394,Cl.NCC(N)C(=O)O,SKWCZPYWFRTSDD-UHFFFAOYSA-N,140.035255208,-1.2211999999999998,Cl.NCC(N)C(=O)O,BETA-AMINOALANINE HYDROCHLORIDE,0.82593,0.87667,0.8513,
11092199,CC1(C)CC[C@]2(C)CC[C@]3(C)C(=CCC4[C@@]5(C)CC[C@H](O)C(C)(C)C5CC[C@]43C)C2C1,JFSHUTJDVKUMTJ-KOMNAURRSA-N,426.38616622,8.168900000000008,CC1(C)CC[C@]2(C)CC[C@]3(C)C(=CCC4[C@@]5(C)CC[C@H](O)C(C)(C)C5CC[C@]43C)C2C1,beta-AMYRIN,0.87682,0.9259,0.90136,
10471095,CC(=O)O[C@H]1CC[C@@]2(C)C(CC[C@]3(C)C2CC=C2C4CC(C)(C)CC[C@]4(C)CC[C@]23C)C1(C)C,UMRPOGLIBDXFNK-PLIKLMKUSA-N,468.396730904,8.739700000000004,CC(=O)O[C@H]1CC[C@@]2(C)C(CC[C@]3(C)C2CC=C2C4CC(C)(C)CC[C@]4(C)CC[C@]23C)C1(C)C,beta-AMYRIN ACETATE,1.1594,1.1438,1.1516,
91076416,CC1(C)CC[C@]2(C)CC[C@]3(C)C(=CCC4[C@@]5(C)CC[C@H](OC(=O)c6ccccc6)C(C)(C)C5CC[C@]43C)C2C1,FJFGMZSGRVIUSZ-HHZRVWEKSA-N,530.412380968,10.033599999999996,CC1(C)CC[C@]2(C)CC[C@]3(C)C(=CCC4[C@@]5(C)CC[C@H](OC(=O)c6ccccc6)C(C)(C)C5CC[C@]43C)C2C1,beta-AMYRIN BENZOATE,1.1322,0.91863,1.025415,
37144671,CC1=C(/C=C/C(C)=C/C=C/C(C)=C/C=C/C=C(C)/C=C/C=C(C)/C=C/C2=C(C)CCCC2(C)C)C(C)(C)CCC1,OENHQHLEOONYIE-UHFFFAOYSA-N,536.438201792,12.605799999999977,CC1=C(/C=C/C(C)=C/C=C/C(C)=C/C=C/C=C(C)/C=C/C=C(C)/C=C/C2=C(C)CCCC2(C)C)C(C)(C)CCC1,beta-CAROTENE [2mM],0.96545,0.9861,0.975775,
98521080,CC12CCCC(O)(C1)C1CC(C)(C)C1CC2,FUQAYSQLAOJBBC-UHFFFAOYSA-N,222.198365452,3.7539000000000025,CC12CCCC(O)(C1)C1CC(C)(C)C1CC2,beta-CARYOPHYLLENE ALCOHOL,0.96136,0.95397,0.957665,
81412286,CC1(C)CCC2=C(O1)c1ccccc1C(=O)C2=O,QZPQTZZNNJUOLS-UHFFFAOYSA-N,242.094294308,2.7521000000000013,CC1(C)CCC2=C(O1)c1ccccc1C(=O)C2=O,beta-LAPACHONE,1.3418,1.6071,1.47445,
91138834,CCC(CCC(C)[C@H]1CCC2C3CC=C4C[C@@H](O)CC[C@]4(C)C3CC[C@@]21C)C(C)C,KZJWDPNRJALLNS-LRWZISJQSA-N,414.38616622,8.02480000000001,CCC(CCC(C)[C@H]1CCC2C3CC=C4C[C@@H](O)CC[C@]4(C)C3CC[C@@]21C)C(C)C,beta-SITOSTEROL,0.87128,1.0209,0.94609,
70120213,C[N+](C)(C)CC(=O)[O-].Cl,HOPSCVCBEOCPJZ-UHFFFAOYSA-N,153.055656304,-1.1357,C[N+](C)(C)CC(=O)[O-].Cl,BETAINE HYDROCHLORIDE,0.98315,1.0194,1.001275,
88550607,C[C@H]1CC2C3CCC4=CC(=O)C=C[C@]4(C)[C@@]3(F)[C@@H](O)C[C@]2(C)[C@@]1(O)C(=O)CO,UREBDLICKHMUKA-REKGUKDCSA-N,392.19990224799994,1.8957000000000002,C[C@H]1CC2C3CCC4=CC(=O)C=C[C@]4(C)[C@@]3(F)[C@@H](O)C[C@]2(C)[C@@]1(O)C(=O)CO,BETAMETHASONE,1.4177,1.0229,1.2203,
94918725,CCC(=O)OCC(=O)[C@@]1(OC(=O)CC)[C@@H](C)CC2C3CCC4=CC(=O)C=C[C@]4(C)C3(F)[C@@H](O)C[C@@]21C,CIWBQSYVNNPZIQ-YMSYXYNZSA-N,504.252331744,3.8175000000000026,CCC(=O)OCC(=O)[C@@]1(OC(=O)CC)[C@@H](C)CC2C3CCC4=CC(=O)C=C[C@]4(C)C3(F)[C@@H](O)C[C@@]21C,"BETAMETHASONE 17,21-DIPROPIONATE",1.0936,1.0231,1.05835,
74070357,CC(=O)OCC(=O)[C@@]1(O)[C@@H](C)CC2C3CCC4=CC(=O)C=C[C@]4(C)[C@@]3(F)[C@@H](O)C[C@@]21C,AKUJBENLRBOFTD-DKNQJTFPSA-N,434.210466932,2.466500000000001,CC(=O)OCC(=O)[C@@]1(O)[C@@H](C)CC2C3CCC4=CC(=O)C=C[C@]4(C)[C@@]3(F)[C@@H](O)C[C@@]21C,BETAMETHASONE ACETATE,0.95498,0.83446,0.89472,
43690751,C[C@H]1CC2C3CCC4=CC(=O)C=C[C@]4(C)[C@@]3(F)[C@@H](O)C[C@]2(C)[C@@]1(O)C(=O)COP(=O)([O-])[O-].[Na+].[Na+],PLCQGRYPOISRTQ-OWRLUTHBSA-L,516.130121266,-5.243299999999994,C[C@H]1CC2C3CCC4=CC(=O)C=C[C@]4(C)[C@@]3(F)[C@@H](O)C[C@]2(C)[C@@]1(O)C(=O)COP(=O)([O-])[O-].[Na+].[Na+],BETAMETHASONE SODIUM PHOSPHATE,1.0584,0.81433,0.936365,
10875498,CCCCC(=O)O[C@]1(C(=O)CO)[C@@H](C)CC2C3CCC4=CC(=O)C=C[C@]4(C)[C@@]3(F)C(O)C[C@@]21C,SNHRLVCMMWUAJD-FHOZUDJNSA-N,476.25741712399997,3.6368000000000027,CCCCC(=O)O[C@]1(C(=O)CO)[C@@H](C)CC2C3CCC4=CC(=O)C=C[C@]4(C)[C@@]3(F)C(O)C[C@@]21C,BETAMETHASONE VALERATE,0.87318,0.93992,0.90655,
34183380,O=C(O)CCNC(=O)c1ccccc1,CWXYHOHYCJXYFQ-UHFFFAOYSA-N,193.073893212,0.8911,O=C(O)CCNC(=O)c1ccccc1,BETAMIPRON,1.1689,0.89773,1.033315,
81264041,CC(C[N+](C)(C)C)OC(N)=O.[Cl-],XXRMYXBSBOVVBH-UHFFFAOYSA-N,196.097855464,-2.8195999999999968,CC(C[N+](C)(C)C)OC(N)=O.[Cl-],BETHANECHOL CHLORIDE,0.96187,0.89378,0.927825,
62998674,C=C(C)[C@@H]1CC[C@]2(CO)CC[C@]3(C)[C@H](CCC4[C@@]5(C)CC[C@H](O)C(C)(C)C5CC[C@]43C)C12,FVWJYYTZTCVBKE-UFGVEXIASA-N,442.38108084,6.997200000000009,C=C(C)[C@@H]1CC[C@]2(CO)CC[C@]3(C)[C@H](CCC4[C@@]5(C)CC[C@H](O)C(C)(C)C5CC[C@]43C)C12,BETULIN,0.80842,0.82763,0.818025,
11208405,C=C(C)[C@@H]1CC[C@]2(C(=O)O)CC[C@]3(C)[C@H](CCC4[C@@]5(C)CC[C@H](O)C(C)(C)C5CC[C@]43C)[C@@H]12,QGJZLNKBHJESQX-JKDJOHMOSA-N,456.36034539599996,7.089500000000009,C=C(C)[C@@H]1CC[C@]2(C(=O)O)CC[C@]3(C)[C@H](CCC4[C@@]5(C)CC[C@H](O)C(C)(C)C5CC[C@]43C)[C@@H]12,BETULINIC ACID,0.98684,0.95019,0.968515,
43735557,Cc1cc2c(cc1C(=O)c1ccc(C(=O)O)cc1)C(C)(C)CCC2(C)C,QADGBOQVBUXZKO-UHFFFAOYSA-N,350.18819469199997,5.273220000000005,Cc1cc2c(cc1C(=O)c1ccc(C(=O)O)cc1)C(C)(C)CCC2(C)C,BEXAROTENE,1.0574,1.0389,1.04815,
62726267,C=C(c1ccc(C(=O)O)cc1)c1cc2c(cc1C)C(C)(C)CCC2(C)C,NAVMQTYZDKMPEU-UHFFFAOYSA-N,348.208930136,6.103720000000005,C=C(c1ccc(C(=O)O)cc1)c1cc2c(cc1C)C(C)(C)CCC2(C)C,BEXAROTENE,1.6695,1.1491,1.4093,
98942635,CC(C)(Oc1ccc(CCNC(=O)c2ccc(Cl)cc2)cc1)C(=O)O,IIBYAHWJQTYFKB-UHFFFAOYSA-N,361.1080857999999,3.554500000000001,CC(C)(Oc1ccc(CCNC(=O)c2ccc(Cl)cc2)cc1)C(=O)O,BEZAFIBRATE,0.884,1.0004,0.9422,
68316355,C[C@@H](O)[C@H]1C(=O)N2C(C(=O)[O-])=C(SC3Cn4cnc[n+]4C3)[C@H](C)[C@H]12,MRMBZHPJVKCOMA-YJFSRANCSA-N,350.104876056,-1.8949999999999971,C[C@@H](O)[C@H]1C(=O)N2C(C(=O)[O-])=C(SC3Cn4cnc[n+]4C3)[C@H](C)[C@H]12,BIAPENEM,0.57069,0.55184,0.561265,
25283387,CC(O)(CS(=O)(=O)c1ccc(F)cc1)C(=O)Nc1ccc(C#N)c(C(F)(F)F)c1,LKJPYSCBVHEWIU-UHFFFAOYSA-N,430.06104080800003,2.8795800000000007,CC(O)(CS(=O)(=O)c1ccc(F)cc1)C(=O)Nc1ccc(C#N)c(C(F)(F)F)c1,BICALUTAMIDE,0.87762,0.95837,0.917995,
43975220,CN1CCc2cc3c(cc2[C@H]1C1OC(=O)c2c1ccc1c2OCO1)OCO3,IYGYMKDQCDOMRE-ZENAZSQFSA-N,367.10558726399995,2.5846999999999998,CN1CCc2cc3c(cc2[C@H]1C1OC(=O)c2c1ccc1c2OCO1)OCO3,BICUCULLINE (+),1.2732,0.96663,1.119915,
70005085,c1ccc(-c2ccc(C(c3ccccc3)n3ccnc3)cc2)cc1,OCAPBUJLXMYKEJ-UHFFFAOYSA-N,310.146998576,5.187800000000005,c1ccc(-c2ccc(C(c3ccccc3)n3ccnc3)cc2)cc1,BIFONAZOLE,1.1739,1.0979,1.1359,
78362017,C=CC1=C(C)/C(=C/c2[nH]c(Cc3[nH]c(/C=C4\NC(=O)C(C)=C4C=C)c(C)c3CCC(=O)O)c(CCC(=O)O)c2C)NC1=O,BPYKTIZUTYGOLE-UHFFFAOYSA-N,584.2634848719999,4.531240000000002,C=CC1=C(C)/C(=C/c2[nH]c(Cc3[nH]c(/C=C4\NC(=O)C(C)=C4C=C)c(C)c3CCC(=O)O)c(CCC(=O)O)c2C)NC1=O,BILIRUBIN,1.2361,0.97632,1.10621,
10447428,COc1ccc(-c2coc3cc(O)cc(O)c3c2=O)cc1,WUADCCWRTIWANL-UHFFFAOYSA-N,284.06847348400004,2.8798000000000012,COc1ccc(-c2coc3cc(O)cc(O)c3c2=O)cc1,BIOCHANIN A,0.97413,1.0685,1.021315,
77843848,COc1ccc(-c2coc3cc(OC(C)=O)cc(OC(C)=O)c3c2=O)cc1,VXOBVHAUXZVHTL-UHFFFAOYSA-N,368.089602852,3.319200000000002,COc1ccc(-c2coc3cc(OC(C)=O)cc(OC(C)=O)c3c2=O)cc1,BIOCHANIN A DIACETATE,1.0027,0.96827,0.985485,
13763391,O=C(O)CCCCC1SCC2NC(=O)NC21,YBJHBAHKTGYVGT-UHFFFAOYSA-N,244.088163372,0.7968000000000001,O=C(O)CCCCC1SCC2NC(=O)NC21,BIOTIN,0.93158,1.1225,1.02704,
27987651,CC(C)=CCC[C@](C)(O)C1CC=C(C)CC1,RGZSQWQPBWRIAQ-LOACHALJSA-N,222.198365452,4.2302000000000035,CC(C)=CCC[C@](C)(O)C1CC=C(C)CC1,BISABOLOL,0.79548,0.81325,0.804365,
68917286,CC(=O)Oc1ccc(C(c2ccc(OC(C)=O)cc2)c2ccccn2)cc1,KHOITXIGCFIULA-UHFFFAOYSA-N,361.13140808800006,4.112400000000003,CC(=O)Oc1ccc(C(c2ccc(OC(C)=O)cc2)c2ccccn2)cc1,BISACODYL,0.81222,0.93313,0.872675,
65437165,O=C1O[Bi](O)Oc2ccccc21,ZREIPSZUJIFJNP-UHFFFAOYSA-K,361.99918234,0.21300000000000008,O=C1O[Bi](O)Oc2ccccc21,BISMUTH SUBSALICYLATE,0.96905,0.94339,0.95622,
65422950,CC(C)(C)CC(C)(C)c1cc(Cc2cc(C(C)(C)CC(C)(C)C)cc(-n3nc4ccccc4n3)c2O)c(O)c(-n2nc3ccccc3n2)c1,FQUNFJULCYSSOP-UHFFFAOYSA-N,658.3995248400001,9.583999999999996,CC(C)(C)CC(C)(C)c1cc(Cc2cc(C(C)(C)CC(C)(C)C)cc(-n3nc4ccccc4n3)c2O)c(O)c(-n2nc3ccccc3n2)c1,BISOCTRIZOLE,0.84804,0.89159,0.869815,
41714074,CC(C)NCC(O)COc1ccc(COCCOC(C)C)cc1.O=C(O)/C=C/C(=O)O,RZPZLFIUFMNCLY-UHFFFAOYSA-N,441.2362670799999,2.077699999999999,CC(C)NCC(O)COc1ccc(COCCOC(C)C)cc1.O=C(O)/C=C/C(=O)O,BISOPROLOL FUMARATE,1.0211,0.96353,0.992315,
62875211,Oc1c(Cl)cc(Cl)cc1Sc1cc(Cl)cc(Cl)c1O,JFIOVJDNOJYLKP-UHFFFAOYSA-N,353.88426115199997,5.862600000000001,Oc1c(Cl)cc(Cl)cc1Sc1cc(Cl)cc(Cl)c1O,BITHIONOL,0.23046,0.25478,0.24262,
22604832,S=C=Nc1ccc(N=C=S)cc1,OMWQUXGVXQELIX-UHFFFAOYSA-N,191.981590128,3.1552000000000007,S=C=Nc1ccc(N=C=S)cc1,BITOSCANATE,0.88289,0.833,0.857945,
10315955,COC(=O)/C=C/C(C)=C/C=C/C(C)=C/C=C/C=C(C)/C=C/C=C(C)/C=C/C(=O)O,RAFGELQLHMBRHD-UHFFFAOYSA-N,394.21440943999994,5.810200000000006,COC(=O)/C=C/C(C)=C/C=C/C(C)=C/C=C/C=C(C)/C=C/C=C(C)/C=C/C(=O)O,BIXIN,0.91547,1.0553,0.985385,
87824117,CC[C@@H]1OC(OC(c2c[nH]cn2)C(NC(=O)c2nc(C(CC(N)=O)NCC(N)C(N)=O)nc(N)c2C)C(=O)NC(C)C(O)C(C)C(=O)NC(C(=O)NCCc2nc(-c3nc(C(=O)NCCCCNC(=N)N)cs3)cs2)C(C)O)[C@@H](O[C@H]2O[C@H](CO)[C@@H](O)[C@H](OC(N)=O)[C@@H]2O)[C@@H](C)[C@@H]1C.O=S(=O)(O)O.O=S(=O)(O)O,MYFKIPTTYRRUOH-AGNCXHMGSA-N,1614.5530971279984,-6.045810000000018,CC[C@@H]1OC(OC(c2c[nH]cn2)C(NC(=O)c2nc(C(CC(N)=O)NCC(N)C(N)=O)nc(N)c2C)C(=O)NC(C)C(O)C(C)C(=O)NC(C(=O)NCCc2nc(-c3nc(C(=O)NCCCCNC(=N)N)cs3)cs2)C(C)O)[C@@H](O[C@H]2O[C@H](CO)[C@@H](O)[C@H](OC(N)=O)[C@@H]2O)[C@@H](C)[C@@H]1C.O=S(=O)(O)O.O=S(=O)(O)O,BLEOMYCIN (bleomycin B2 shown),0.15577,0.17726,0.166515,
10185945,COc1cc2c(cc1O)CC1c3c(cc(O)c(OC)c3-2)CCN1C,LZJRNLRASBVRRX-UHFFFAOYSA-N,327.14705815200006,2.8671000000000015,COc1cc2c(cc1O)CC1c3c(cc(O)c(OC)c3-2)CCN1C,BOLDINE,0.95838,0.92254,0.94046,
43774312,CC1(C)C2CCC1(C)C(O)C2,DTGKSKDOIYIVQL-UHFFFAOYSA-N,154.135765196,2.1935000000000002,CC1(C)C2CCC1(C)C(O)C2,BORNEOL,0.92001,0.84157,0.88079,
63640824,CC(=O)OC1CC2CCC1(C)C2(C)C,KGEKLUUHTZCSIP-UHFFFAOYSA-N,196.14632988,2.7643000000000013,CC(=O)OC1CC2CCC1(C)C2(C)C,BORNYL ACETATE,1.2506,1.0535,1.15205,
85397927,O=C(O)CC[N+](=O)[O-],WBLZUCOIBUDNBV-UHFFFAOYSA-N,119.02185764000001,-0.26219999999999977,O=C(O)CC[N+](=O)[O-],BOVINOCIDIN,0.76826,0.85829,0.813275,
90074927,O=C1C=C2C[C@@]3(O)COc4cc(O)ccc4C3=C2C=C1O,MLWIYODOURBGPI-MRXNPFEDSA-N,284.068473484,1.6239999999999999,O=C1C=C2C[C@@]3(O)COc4cc(O)ccc4C3=C2C=C1O,BRAZILEIN,1.6147,1.7178,1.66625,
89264815,Oc1ccc2c(c1)OCC1(O)Cc3cc(O)c(O)cc3C21,UWHUTZOCTZJUKC-UHFFFAOYSA-N,286.08412354800004,1.6148999999999996,Oc1ccc2c(c1)OCC1(O)Cc3cc(O)c(O)cc3C21,BRAZILIN,1.2576,1.2648,1.2612,
71643669,CC[N+](C)(C)Cc1ccc(Br)cc1.Cc1ccc(S(=O)(=O)[O-])cc1,WGKKOBZFJDFUAX-UHFFFAOYSA-M,413.0660267279999,3.9445200000000034,CC[N+](C)(C)Cc1ccc(Br)cc1.Cc1ccc(S(=O)(=O)[O-])cc1,BRETYLIUM TOSYLATE,1.2906,0.9757,1.13315,
23646946,Brc1c(NC2=NCCN2)ccc2nccnc12,XYLJNLCSTIOKRM-UHFFFAOYSA-N,291.01195742,1.7633999999999999,Brc1c(NC2=NCCN2)ccc2nccnc12,BRIMONIDINE,1.2591,1.0476,1.15335,
31967549,CCNC1CN(CCCOC)S(=O)(=O)c2sc(S(N)(=O)=O)cc21,HCRKCZRJWPKOAR-UHFFFAOYSA-N,383.064333772,0.08690000000000164,CCNC1CN(CCCOC)S(=O)(=O)c2sc(S(N)(=O)=O)cc21,BRINZOLAMIDE,1.336,1.1929,1.26445,
10248737,O=c1[nH]c(=O)n(C2C[C@H](O)[C@@H](CO)O2)cc1/C=C/Br,ODZBBRURCPAEIQ-ZQTLJVIJSA-N,332.00078361600004,-0.45710000000000006,O=c1[nH]c(=O)n(C2C[C@H](O)[C@@H](CO)O2)cc1/C=C/Br,BRIVUDINE,0.94519,1.0397,0.992445,
44999372,CN(Cc1cc(Br)cc(Br)c1N)C1CCCCC1.Cl,UCDKONUHZNTQPY-UHFFFAOYSA-N,409.9760005520001,4.980100000000004,CN(Cc1cc(Br)cc(Br)c1N)C1CCCCC1.Cl,BROMHEXINE HYDROCHLORIDE,1.2735,0.99076,1.13213,
11281903,O=C1c2ccccc2C(=O)C1c1ccc(Br)cc1,NPUZIGSOEWMFKK-UHFFFAOYSA-N,299.978591628,3.611900000000002,O=C1c2ccccc2C(=O)C1c1ccc(Br)cc1,BROMINDIONE,1.1291,1.1416,1.13535,
95284493,CC(C)CC1C(=O)N2CCC[C@H]2C2(O)O[C@](NC(=O)C3C=C4c5cccc6[nH]c(Br)c(c56)C[C@H]4N(C)C3)(C(C)C)C(=O)N12.CS(=O)(=O)O,NOJMTMIRQRDZMT-NBKIJBDLSA-N,749.2093964680003,2.6968000000000005,CC(C)CC1C(=O)N2CCC[C@H]2C2(O)O[C@](NC(=O)C3C=C4c5cccc6[nH]c(Br)c(c56)C[C@H]4N(C)C3)(C(C)C)C(=O)N12.CS(=O)(=O)O,BROMOCRIPTINE MESYLATE,1.0038,1.0849,1.04435,
37321019,CCN(CC)CCNC(=O)c1cc(Br)c(N)cc1OC,GIYAQDDTCWHPPL-UHFFFAOYSA-N,343.089539044,2.1115,CCN(CC)CCNC(=O)c1cc(Br)c(N)cc1OC,BROMOPRIDE,0.97922,1.0808,1.03001,
47967558,O=C(CCCN1CCC(O)(c2ccc(Br)cc2)CC1)c1ccc(F)cc1,RKLNONIVDFXQRX-UHFFFAOYSA-N,419.089619296,4.5347000000000035,O=C(CCCN1CCC(O)(c2ccc(Br)cc2)CC1)c1ccc(F)cc1,BROMPERIDOL,0.75723,0.87962,0.818425,
18435445,CN(C)CCC(c1ccc(Br)cc1)c1ccccn1.O=C(O)/C=C\C(=O)O,SRGKFVAASLQVBO-UHFFFAOYSA-N,434.08411931599994,3.639500000000001,CN(C)CCC(c1ccc(Br)cc1)c1ccccn1.O=C(O)/C=C\C(=O)O,BROMPHENIRAMINE MALEATE,1.1176,1.3303,1.22395,
55625421,O=[N+]([O-])C(Br)(CO)CO,LVDKZNITIUWNER-UHFFFAOYSA-N,198.948019772,-0.6611,O=[N+]([O-])C(Br)(CO)CO,BRONOPOL,0.13534,0.16349,0.149415,
12700973,Cc1ccc2c(Br)cc(Br)c(OC(=O)c3ccccc3)c2n1,IJTPLVAAROHGGB-UHFFFAOYSA-N,418.915652792,5.287420000000003,Cc1ccc2c(Br)cc(Br)c(OC(=O)c3ccccc3)c2n1,BROXALDINE,1.4653,1.3663,1.4158,
77536611,Oc1c(Br)cc(Br)c2cccnc12,ZDASUJMDVPTNTF-UHFFFAOYSA-N,300.87378798000003,3.4654000000000007,Oc1c(Br)cc(Br)c2cccnc12,BROXYQUINOLINE,0.25075,0.3308,0.290775,
11295778,COc1cc2c(cc1OC)[C@@]13CCN4CC5=CCOC6CC(=O)N2C1[C@H]6[C@H]5C[C@H]43,RRKTZKIUPZVBMF-PLNGPGDESA-N,394.189257312,2.1097,COc1cc2c(cc1OC)[C@@]13CCN4CC5=CCOC6CC(=O)N2C1[C@H]6[C@H]5C[C@H]43,BRUCINE,1.0074,0.90616,0.95678,
10012137,CCOc1ccc(NC(=O)CC(C)O)cc1,LIAWQASKBFCRNR-UHFFFAOYSA-N,223.120843404,1.7946999999999997,CCOc1ccc(NC(=O)CC(C)O)cc1,BUCETIN,0.90853,0.86735,0.88794,
67825876,CCCC(=O)Nc1ncnc2c1ncn2C1O[C@@H]2COP(=O)([O-])O[C@H]2[C@H]1OC(=O)CCC.[Na+],KRBZRVBLIUDQNG-DQUNWLBQSA-M,491.1181936059999,-1.9379999999999964,CCCC(=O)Nc1ncnc2c1ncn2C1O[C@@H]2COP(=O)([O-])O[C@H]2[C@H]1OC(=O)CCC.[Na+],BUCLADESINE SODIUM,1.2382,1.1912,1.2147,
17817607,CCCC1O[C@@H]2CC3C4CCC5=CC(=O)C=CC5(C)C4[C@@H](O)CC3(C)[C@]2(C(=O)CO)O1,VOVIALXJUBGFJZ-NECQTEFJSA-N,430.2355388079999,2.7168000000000014,CCCC1O[C@@H]2CC3C4CCC5=CC(=O)C=CC5(C)C4[C@@H](O)CC3(C)[C@]2(C(=O)CO)O1,BUDESONIDE,0.91776,1.1311,1.02443,
46927055,CCCCOc1ccc(CC(=O)NO)cc1,MXJWRABVEGLYDG-UHFFFAOYSA-N,223.120843404,1.9134,CCCCOc1ccc(CC(=O)NO)cc1,BUFEXAMAC,1.0867,1.0975,1.0921,
56382827,COc1cc(OC)c(C(=O)CCCN2CCCC2)c(OC)c1.Cl,ZDPACSAHMZADFZ-UHFFFAOYSA-N,343.15503599199997,3.192900000000002,COc1cc(OC)c(C(=O)CCCN2CCCC2)c(OC)c1.Cl,BUFLOMEDIL HYDROCHLORIDE,0.93118,0.98309,0.957135,
99623470,CCCCNc1cc(C(=O)O)cc(S(N)(=O)=O)c1Oc1ccccc1,MAEIEVLCKWDQJH-UHFFFAOYSA-N,364.10929274,3.036500000000001,CCCCNc1cc(C(=O)O)cc(S(N)(=O)=O)c1Oc1ccccc1,BUMETANIDE,0.96338,0.98088,0.97213,
81566695,CCCCN1CCCCC1C(=O)Nc1c(C)cccc1C.Cl,SIEYLFHKZGLBNX-UHFFFAOYSA-N,324.196841228,4.3183400000000045,CCCCN1CCCCC1C(=O)Nc1c(C)cccc1C.Cl,BUPIVACAINE HYDROCHLORIDE,1.2461,1.0133,1.1297,
89706481,CC(NC(C)(C)C)C(=O)c1cccc(Cl)c1.Cl,HEYVINCGKDONRU-UHFFFAOYSA-N,275.084369588,3.721100000000003,CC(NC(C)(C)C)C(=O)c1cccc(Cl)c1.Cl,BUPROPION,1.1293,0.9603,1.0448,
83412069,O=C(NCc1ccccc1)OCCO,YFLRYAVDPKONNX-UHFFFAOYSA-N,195.089543276,0.9051,O=C(NCc1ccccc1)OCCO,BURAMATE,0.90387,0.89608,0.899975,
44266203,Cl.O=C1CC2(CCCC2)CC(=O)N1CCCCN1CCN(c2ncccn2)CC1,RICLFGYGYQXUFH-UHFFFAOYSA-N,421.22445294400006,2.5100000000000007,Cl.O=C1CC2(CCCC2)CC(=O)N1CCCCN1CCN(c2ncccn2)CC1,BUSPIRONE HYDROCHLORIDE,0.89131,0.90448,0.897895,
77489252,COC(=O)C[C@H]1C2(C)CC34OC5(C)O[C@@]6([C@H](OC(C)=O)C(OC(C)=O)[C@]7(C)C(/C(=C(/O)C(C)C)C(=O)O[C@H]7c7ccoc7)[C@@]6(O5)[C@H](OC(C)=O)[C@@]3(O)C2OC(=O)C(C)C)[C@]14C,KVAGRMDUXLYLAZ-PENVMUEESA-N,858.3310148880001,3.665600000000003,COC(=O)C[C@H]1C2(C)CC34OC5(C)O[C@]6(C7/C(=C(/O)C(C)C)C(=O)O[C@@H](c8ccoc8)[C@]7(C)C(OC(C)=O)[C@@H](OC(C)=O)[C@]6(O5)[C@]13C)[C@H](OC(C)=O)[C@@]4(O)C2OC(=O)C(C)C,BUSSEIN,1.0318,0.94804,0.98992,
10053671,CS(=O)(=O)OCCCCOS(C)(=O)=O,COVZYZSDYWQREU-UHFFFAOYSA-N,246.023180168,-0.2809999999999997,CS(=O)(=O)OCCCCOS(C)(=O)=O,BUSULFAN,0.9585,1.0443,1.0014,
75997482,CCCCN(CCCC)CCCOC(=O)c1ccc(N)cc1.O=S(=O)(O)O,REAJXHWQEFYUCV-UHFFFAOYSA-N,404.19810774399986,3.0651,CCCCN(CCCC)CCCOC(=O)c1ccc(N)cc1.O=S(=O)(O)O,BUTACAINE SULFATE,0.86546,0.85433,0.859895,
60517684,CCCCOC(=O)c1ccc(N)cc1,IUWVALYLNVXWKX-UHFFFAOYSA-N,193.11027872,2.2257,CCCCOC(=O)c1ccc(N)cc1,BUTAMBEN,0.86499,1.1571,1.011045,
75994645,CN(Cc1ccc(C(C)(C)C)cc1)Cc1cccc2ccccc12.Cl,LJBSAUIFGPSHCN-UHFFFAOYSA-N,353.19102757599995,6.191100000000006,CN(Cc1ccc(C(C)(C)C)cc1)Cc1cccc2ccccc12.Cl,BUTENAFINE HYDROCHLORIDE,0.92333,0.98545,0.95439,
74855011,Clc1ccc(CCC(Cn2ccnc2)Sc2c(Cl)cccc2Cl)cc1,SWLMUYACZKCSHZ-UHFFFAOYSA-N,410.017802584,6.637000000000003,Clc1ccc(CCC(Cn2ccnc2)Sc2c(Cl)cccc2Cl)cc1,BUTOCONAZOLE,1.0659,0.92765,0.996775,
73839634,CCCCOC(=O)C1=CC(=O)CC(C)(C)O1,OKIJSNGRQAOIGZ-UHFFFAOYSA-N,226.120509056,1.9816,CCCCOC(=O)C1=CC(=O)CC(C)(C)O1,BUTOPYRONOXYL,0.76812,0.9557,0.86191,
39098436,CCCCOC(=O)c1ccc(O)cc1,QFOHBWFCKVYLES-UHFFFAOYSA-N,194.094294308,2.349100000000001,CCCCOC(=O)c1ccc(O)cc1,BUTYL PARABEN,0.91997,1.1881,1.054035,
33658934,COc1ccc(O)c(C(C)(C)C)c1,MRBKEAMVRSLQPH-UHFFFAOYSA-N,180.115029752,2.6983000000000006,COc1ccc(O)c(C(C)(C)C)c1,BUTYLATED HYDROXYANISOLE,1.0241,1.1106,1.06735,
70052720,Cc1cc(C(C)(C)C)c(O)c(C(C)(C)C)c1,NLZUEZXRPGMBCV-UHFFFAOYSA-N,220.182715388,4.295620000000004,Cc1cc(C(C)(C)C)c(O)c(C(C)(C)C)c1,BUTYLATED HYDROXYTOLUENE,1.0654,0.90901,0.987205,
26656584,CO[C@H]1C(=O)[C@@]2(C)C([C@H](OC(=O)c3ccccc3)[C@]3(O)C[C@H](OC(=O)[C@H](O)[C@@H](NC(=O)OC(C)(C)C)c4ccccc4)C(C)=C1C3(C)C)[C@]1(OC(C)=O)CO[C@@H]1C[C@@H]2OC,BMQGVNUXMIRLCK-FREYRPHJSA-N,835.377905504,4.567800000000003,CO[C@H]1C[C@H]2OC[C@@]2(OC(C)=O)C2[C@H](OC(=O)c3ccccc3)[C@]3(O)C[C@H](OC(=O)[C@H](O)[C@@H](NC(=O)OC(C)(C)C)c4ccccc4)C(C)=C([C@@H](OC)C(=O)[C@@]21C)C3(C)C,CABAZITAXEL,1.409,1.4827,1.44585,
10458628,NCCCN.O=C(O)C(O)C(O)C(=O)O,LHAMHOYLSNNJQR-UHFFFAOYSA-N,224.100836232,-2.8286999999999973,NCCCN.O=C(O)C(O)C(O)C(=O)O,CADAVERINE TARTRATE,0.82582,0.95292,0.88937,
10374767,CC1=CC2C(C(C)C)CCC(C)(O)C2CC1,LHYHMMRYTDARSZ-UHFFFAOYSA-N,222.198365452,3.7759000000000027,CC1=CC2C(C(C)C)CCC(C)(O)C2CC1,CADIN-4-EN-10-OL,1.09,1.0239,1.05695,
31963816,O=C(O)/C=C/c1ccc(O)c(O)c1,QAIPRVGONGVQAS-UHFFFAOYSA-N,180.042258736,1.1956,O=C(O)/C=C/c1ccc(O)c(O)c1,CAFFEIC ACID,1.0628,1.035,1.0489,
85860394,Cn1c(=O)c2c(ncn2C)n(C)c1=O,RYYVLZVUVIJVGH-UHFFFAOYSA-N,194.08037556,-1.0293,Cn1c(=O)c2c(ncn2C)n(C)c1=O,CAFFEINE,1.0816,0.79884,0.94022,
38616751,Br.Cn1c(=O)c2c(ncn2C)n(C)c1=O,XXSSHQCOBPQFOL-UHFFFAOYSA-N,274.006537692,-0.4514,Br.Cn1c(=O)c2c(ncn2C)n(C)c1=O,CAFFEINE HYDROBROMIDE,0.82783,0.89729,0.86256,
11323708,Cl[Ca]Cl,UXVMQQNJUSDDNG-UHFFFAOYSA-L,109.90029634,0.9982,Cl[Ca]Cl,CALCIUM CHLORIDE,1.1907,1.128,1.15935,
73854116,O=C([O-])C(O)[C@H](O)[C@H](O)[C@H](O)[C@H](O)CO.O=C([O-])C(O)[C@H](O)[C@H](O)[C@H](O)[C@H](O)CO.[Ca+2],FATUQANACHZLRT-AAONGDSNSA-L,490.0846757319998,-11.314600000000006,O=C([O-])C(O)[C@H](O)[C@H](O)[C@H](O)[C@H](O)CO.O=C([O-])C(O)[C@H](O)[C@H](O)[C@H](O)[C@H](O)CO.[Ca+2],CALCIUM GLUCEPTATE,1.256,1.2474,1.2517,
62437373,CC1(C)[C@@H]2CC[C@]1(C)C(=O)C2,DSSYKIVIOFKYAU-GMSGAONNSA-N,152.120115132,2.401700000000001,CC1(C)[C@@H]2CC[C@]1(C)C(=O)C2,CAMPHOR,0.92932,0.97451,0.951915,
93890043,CC[C@@]1(O)C(=O)OCc2c1cc1n(c2=O)Cc2cc3ccccc3nc2-1,VSJKWCGYPAHWDS-FQEVSTJZSA-N,348.111006992,2.0796,CC[C@@]1(O)C(=O)OCc2c1cc1n(c2=O)Cc2cc3ccccc3nc2-1,CAMPTOTHECIN,1.0445,0.94183,0.993165,
23511589,CCN(CC)CCNC(C(=O)OCCC(C)C)c1ccccc1.Cl.Cl,ZHRVNCCPAKIGRH-UHFFFAOYSA-N,392.199733688,4.092000000000004,CCN(CC)CCNC(C(=O)OCCC(C)C)c1ccccc1.Cl.Cl,CAMYLOFINE DIHYDROCHLORIDE,0.99352,1.0787,1.03611,
19582273,Cc1ccc([C@@H]2O[C@H](CO)[C@@H](O)[C@H](O)[C@H]2O)cc1Cc1ccc(-c2ccc(F)cc2)s1,XTNGUQKDFGDXSJ-ZXGKGEBGSA-N,444.1406731200001,2.968320000000001,Cc1ccc([C@@H]2O[C@H](CO)[C@@H](O)[C@H](O)[C@H]2O)cc1Cc1ccc(-c2ccc(F)cc2)s1,CANAGLIFLOZIN,0.94805,0.74061,0.84433,
31547746,N=C(N)NOCC[C@H](N)C(=O)O,FSBIGDSBMBYOPN-VKHMYHEASA-N,176.090940244,-1.7969299999999988,N=C(N)NOCC[C@H](N)C(=O)O,CANAVANINE,0.88045,0.84663,0.86354,
82811713,CCOc1nc2cccc(C(=O)O)c2n1Cc1ccc(-c2ccccc2-c2nnn[nH]2)cc1,HTQMVQVXFRQIKW-UHFFFAOYSA-N,440.15968850000013,4.028600000000002,CCOc1nc2cccc(C(=O)O)c2n1Cc1ccc(-c2ccccc2-c2nnn[nH]2)cc1,CANDESARTAN,0.92712,0.80853,0.867825,
32439929,CCOc1nc2cccc(C(=O)OC(C)OC(=O)OC3CCCCC3)c2n1Cc1ccc(-c2ccccc2-c2nnn[nH]2)cc1,GHOSNRCGJFBJIB-UHFFFAOYSA-N,610.253982808,6.319100000000007,CCOc1nc2cccc(C(=O)OC(C)OC(=O)OC3CCCCC3)c2n1Cc1ccc(-c2ccccc2-c2nnn[nH]2)cc1,CANDESARTAN CILEXTIL,0.96146,0.93853,0.949995,
11167908,CC1/C=C/C=C/C=C/C=C/C=C/C=C/C=C/C(OC2O[C@H](C)[C@@H](O)[C@H](N)[C@@H]2O)CC(O)C(C(=O)O)C(O)CC(=O)CC(O)CC(O)CC(O)CC(=O)CCCC(=O)CC(=O)OC1C(C)CC(C)C(O)CC(=O)c1ccc(N)cc1,OPGSFDUODIJJGF-IBQISEJLSA-N,1108.5719138480001,3.6124000000000045,CC1/C=C/C=C/C=C/C=C/C=C/C=C/C=C/C(OC2O[C@H](C)[C@@H](O)[C@H](N)[C@@H]2O)CC(O)C(C(=O)O)C(O)CC(=O)CC(O)CC(O)CC(O)CC(=O)CCCC(=O)CC(=O)OC1C(C)CC(C)C(O)CC(=O)c1ccc(N)cc1,CANDICIDIN,1.132,1.1188,1.1254,
46012330,C[C@]12CCC(=O)C=C1C=CC1C2CC[C@@]2(C)C1CC[C@@]2(O)CCC(=O)[O-].[K+],JTZQCHFUGHIPDF-KDWQWJJSSA-M,396.17029108799994,-0.44049999999999767,C[C@]12CCC3C(C=CC4=CC(=O)CC[C@@]43C)C1CC[C@@]2(O)CCC(=O)[O-].[K+],"CANRENOIC ACID, POTASSIUM SALT",0.96329,0.90483,0.93406,
88819441,C[C@]12CCC(=O)C=C1C=CC1C2CC[C@@]2(C)C1CC[C@@]21CCC(=O)O1,UJVLDDZCTMKXJK-GMTJQTPWSA-N,340.20384475599997,4.370100000000003,C[C@]12CCC3C(C=CC4=CC(=O)CC[C@@]43C)C1CC[C@@]21CCC(=O)O1,CANRENONE,1.0086,1.0014,1.005,
66174478,C[C@@]12C(=O)OC(=O)[C@]1(C)C1CCC2O1,DHZBEENLJMYSHQ-OBDNUKKESA-N,196.073558864,0.6436,C[C@]12C(=O)OC(=O)[C@@]1(C)C1CCC2O1,CANTHARIDIN,0.96626,0.8896,0.92793,
11278372,CC1=C(/C=C/C(C)=C/C=C/C(C)=C/C=C/C=C(C)/C=C/C=C(C)/C=C/C2=C(C)C(=O)CCC2(C)C)C(C)(C)CCC1=O,FDSDTBUPSURDBL-UHFFFAOYSA-N,564.3967309039999,10.96379999999999,CC1=C(/C=C/C(C)=C/C=C/C(C)=C/C=C/C=C(C)/C=C/C=C(C)/C=C/C2=C(C)C(=O)CCC2(C)C)C(C)(C)CCC1=O,CANTHAXANTHIN (euglenanone),0.89248,0.91718,0.90483,
64595693,CCCCCOC(=O)Nc1nc(=O)n(C2O[C@H](C)[C@@H](O)[C@H]2O)cc1F,GAGWJHPBXLXJQN-LXGADPQPSA-N,359.149263644,0.7601999999999995,CCCCCOC(=O)Nc1nc(=O)n(C2O[C@H](C)[C@@H](O)[C@H]2O)cc1F,CAPECITABINE,1.0543,1.0987,1.0765,
29020417,CCCCCOC(=O)Nc1nc(=O)n([C@@H]2O[C@H](C)[C@@H](O)[C@H]2O)cc1F,GAGWJHPBXLXJQN-UORFTKCHSA-N,359.149263644,0.7601999999999995,CCCCCOC(=O)Nc1nc(=O)n([C@@H]2O[C@H](C)[C@@H](O)[C@H]2O)cc1F,CAPECITABINE,1.2314,0.92681,1.079105,
63349168,COc1cc(C(=O)NCCCCCC(=O)O)cc(OC)c1OC,MPTXLVRHYGBOQY-UHFFFAOYSA-N,325.152537456,2.0872,COc1cc(C(=O)NCCCCCC(=O)O)cc(OC)c1OC,CAPOBENIC ACID,0.98519,1.2497,1.117445,
95822662,N=C1NCCC(C2NC(=O)/C(=C\NC(N)=O)NC(=O)C(CNC(=O)CC(N)CCCN)NC(=O)C(CO)NC(=O)C(N)CNC2=O)N1.O=S(=O)(O)O,AJQVUIHGEOLMDY-UHFFFAOYSA-N,766.3140339120002,-8.677930000000016,N=C1NCCC(C2NC(=O)/C(=C\NC(N)=O)NC(=O)C(CNC(=O)CC(N)CCCN)NC(=O)C(CO)NC(=O)C(N)CNC2=O)N1.O=S(=O)(O)O,CAPREOMYCIN SULFATE [4mM],0.91667,0.84351,0.88009,
37858855,CCCCCCCC(=O)OCC(COC(=O)CCCCCCC)OC(=O)CCCCCCC,VLPFTAMPNXLGLX-UHFFFAOYSA-N,470.36073931999994,7.066100000000009,CCCCCCCC(=O)OCC(COC(=O)CCCCCCC)OC(=O)CCCCCCC,CAPRYILIDENE,1.1145,1.4634,1.28895,
11019870,COc1cc(CNC(=O)CCCC/C=C/C(C)C)ccc1O,YKPUWZUDDOIDPM-UHFFFAOYSA-N,305.199093724,3.789600000000003,COc1cc(CNC(=O)CCCC/C=C/C(C)C)ccc1O,CAPSAICIN,0.75566,0.70921,0.732435,
16205550,CC1=C(/C=C/C(C)=C/C=C/C(C)=C/C=C/C=C(C)/C=C/C=C(C)/C=C/C(=O)[C@]2(C)C[C@@H](O)CC2(C)C)C(C)(C)C[C@H](O)C1,VYIRVAXUEZSDNC-YXQOSMAKSA-N,584.422945652,9.806299999999997,CC1=C(/C=C/C(C)=C/C=C/C(C)=C/C=C/C=C(C)/C=C/C=C(C)/C=C/C(=O)[C@]2(C)C[C@@H](O)CC2(C)C)C(C)(C)C[C@H](O)C1,CAPSANTHIN,1.0628,1.052,1.0574,
65404722,CN(C)CCS,DENMGZODXQRYAR-UHFFFAOYSA-N,105.06122035199999,0.47779999999999995,CN(C)CCS,CAPTAMINE,0.911,0.96468,0.93784,
40191677,COC(=O)C[C@H]1C(C)(C)C(=O)[C@@H]2CC3C4=CC(=O)O[C@@H](c5ccoc5)[C@]4(C)CCC3[C@@]1(C)C2=O,SWTDXMBCOHIACK-HJFYQMTDSA-N,468.214803364,4.2199000000000035,COC(=O)C[C@H]1C(C)(C)C(=O)[C@@H]2CC3C4=CC(=O)O[C@@H](c5ccoc5)[C@]4(C)CCC3[C@@]1(C)C2=O,CARAPIN,0.98655,0.99687,0.99171,
42290234,COC(=O)C[C@H]1C(C)(C)C(=O)[C@@H]2CC3=C(CC[C@]4(C)C3=CC(=O)O[C@H]4c3ccoc3)[C@@]1(C)C2=O,XLRKFSDSKCYZBE-KPNJIROHSA-N,466.19915329999986,4.284100000000004,COC(=O)C[C@H]1C(C)(C)C(=O)[C@@H]2CC3=C(CC[C@]4(C)C3=CC(=O)O[C@H]4c3ccoc3)[C@@]1(C)C2=O,CARAPIN-8(9)-ENE,0.96496,0.97908,0.97202,
10283535,CC(C)NCC(O)COc1cccc2[nH]c3ccccc3c12,BQXQGZPYHWWCEB-UHFFFAOYSA-N,298.168127944,3.0588000000000006,CC(C)NCC(O)COc1cccc2[nH]c3ccccc3c12,CARAZOLOL,0.90361,0.94187,0.92274,
72582135,C[N+](C)(C)CCOC(N)=O.[Cl-],AIXAANGOTKPUOY-UHFFFAOYSA-N,182.0822054,-3.2080999999999973,C[N+](C)(C)CCOC(N)=O.[Cl-],CARBACHOL,1.1699,1.0597,1.1148,
30127623,NC(=O)N1c2ccccc2C=Cc2ccccc21,FFGPTBGBLSHEPO-UHFFFAOYSA-N,236.094963004,3.3872000000000018,NC(=O)N1c2ccccc2C=Cc2ccccc21,CARBAMAZEPINE,0.93643,0.7818,0.859115,
96570023,CNC(=O)Oc1cccc2ccccc12,CVXBEEMKQHEXEN-UHFFFAOYSA-N,201.078978592,2.5580000000000007,CNC(=O)Oc1cccc2ccccc12,CARBARIL,1.0134,0.88471,0.949055,
70039863,NC(=O)Nc1ccc([As](=O)(O)O)cc1,WWXBHTZSYYGCSG-UHFFFAOYSA-N,259.977828268,-1.2617999999999998,NC(=O)Nc1ccc([As](=O)(O)O)cc1,CARBARSONE,1.2569,0.86727,1.062085,
28514357,CN1CC(O)C2=C/C(=N/NC(N)=O)C(=O)C=C21,XSXCZNVKFKNLPR-UHFFFAOYSA-N,236.090940244,-1.2899999999999994,CN1CC(O)C2=C/C(=N/NC(N)=O)C(=O)C=C21,CARBAZOCHROME,0.99127,0.99891,0.99509,
68060924,CC1(C)S[C@@H]2[C@H](NC(=O)C(C(=O)[O-])c3ccccc3)C(=O)N2[C@H]1C(=O)[O-].[Na+].[Na+],RTYJTGSCYUUYAL-YCAHSCEMSA-L,422.052445792,-8.17490000000001,CC1(C)S[C@@H]2[C@H](NC(=O)C(C(=O)[O-])c3ccccc3)C(=O)N2[C@H]1C(=O)[O-].[Na+].[Na+],CARBENICILLIN DISODIUM,1.0513,0.93353,0.992415,
95124454,CC1(C)C2CC[C@]3(C)C(C(=O)C=C4[C@@H]5C[C@@](C)(C(=O)[O-])CC[C@]5(C)CC[C@]43C)[C@@]2(C)CC[C@@H]1OC(=O)CCC(=O)[O-].[Na+].[Na+],BQENDLAVTKRQMS-JDUWAFRZSA-L,614.319542436,-1.8330999999999897,CC1(C)C2CC[C@]3(C)C(C(=O)C=C4[C@@H]5C[C@@](C)(C(=O)[O-])CC[C@]5(C)CC[C@]43C)[C@@]2(C)CC[C@@H]1OC(=O)CCC(=O)[O-].[Na+].[Na+],CARBENOXOLONE SODIUM,0.94714,0.94658,0.94686,
42969984,CCN(CC)CCOCCOC(=O)C1(c2ccccc2)CCCC1.O=C(O)CC(O)(CC(=O)O)C(=O)O,AKJDEXBCRLOVTH-UHFFFAOYSA-N,525.2573964479998,2.1515000000000004,CCN(CC)CCOCCOC(=O)C1(c2ccccc2)CCCC1.O=C(O)CC(O)(CC(=O)O)C(=O)O,CARBETAPENTANE CITRATE,1.0187,1.1038,1.06125,
38261868,C[C@@](Cc1ccc(O)c(O)c1)(NN)C(=O)O,TZFNLOMSOLWIDK-JTQLQIEISA-N,226.095356928,-0.05310000000000015,C[C@@](Cc1ccc(O)c(O)c1)(NN)C(=O)O,CARBIDOPA,1.0171,1.1452,1.08115,
25890910,CCOC(=O)n1ccn(C)c1=S,CFOYWRHIYXMDOT-UHFFFAOYSA-N,186.04629856,1.56069,CCOC(=O)n1ccn(C)c1=S,CARBIMAZOLE,1.1781,1.0718,1.12495,
29772029,CN(C)CCOC(c1ccc(Cl)cc1)c1ccccn1.O=C(O)/C=C\C(=O)O,GVNWHCVWDRNXAZ-UHFFFAOYSA-N,406.12954951599994,3.1144000000000007,CN(C)CCOC(c1ccc(Cl)cc1)c1ccccn1.O=C(O)/C=C\C(=O)O,CARBINOXAMINE MALEATE,0.84851,0.85036,0.849435,
11327263,N.N.O=C1O[Pt]OC(=O)C12CCC2,OLESAACUTLOWQZ-UHFFFAOYSA-L,371.04449796399996,0.4931999999999995,N.N.O=C1O[Pt]OC(=O)C12CCC2,CARBOPLATIN,0.80548,0.79884,0.80216,
62782274,NC(=O)N[C@@H](CCC(=O)O)C(=O)O,LCQLHJZYVOQKHU-VKHMYHEASA-N,190.05897142,-1.0273000000000003,NC(=O)N[C@@H](CCC(=O)O)C(=O)O,CARGLUMIC ACID,1.3496,1.3719,1.36075,
75013151,CCCC(C)(COC(N)=O)COC(=O)NC(C)C,OFZCIYFFPZCNJE-UHFFFAOYSA-N,260.173607248,2.0227,CCCC(C)(COC(N)=O)COC(=O)NC(C)C,CARISOPRODOL,1.0988,1.0058,1.0523,
32428129,Cc1c(C(=O)O)c(O)cc2c1C(=O)c1c(O)c(C3O[C@H](CO)[C@@H](O)[C@H](O)[C@H]3O)c(O)c(O)c1C2=O,DGQLVPJVXFOQEV-TXLRMCOBSA-N,492.09039069999983,-1.1940800000000005,Cc1c(C(=O)O)c(O)cc2c1C(=O)c1c(O)c(C3O[C@H](CO)[C@@H](O)[C@H](O)[C@H]3O)c(O)c(O)c1C2=O,CARMINIC ACID,1.2734,1.2565,1.26495,
56240604,CCCCCCNC(=O)n1cc(F)c(=O)[nH]c1=O,AOCCBINRVIKJHY-UHFFFAOYSA-N,257.117569592,0.8136999999999999,CCCCCCNC(=O)n1cc(F)c(=O)[nH]c1=O,CARMOFUR,0.72801,0.75612,0.742065,
48655106,O=NN(CCCl)C(=O)NCCCl,DLGOEMSEDOSKAD-UHFFFAOYSA-N,213.007181888,1.157,O=NN(CCCl)C(=O)NCCCl,CARMUSTINE,0.84666,1.1936,1.02013,
44267275,C[N+](C)(C)CC(O)CC(=O)O.[Cl-],JXXCENBLGFBQJM-UHFFFAOYSA-N,197.081871052,-3.467799999999997,C[N+](C)(C)CC(O)CC(=O)O.[Cl-],CARNITINE (dl) HYDROCHLORIDE,0.97228,0.89994,0.93611,
11258289,CC(C)c1cc2c(c(O)c1O)[C@@]1(C(=O)O)CCCC(C)(C)C1CC2,QRYRORQUOLYVBU-YBMSBYLISA-N,332.198759376,4.316100000000004,CC(C)c1cc2c(c(O)c1O)[C@@]1(C(=O)O)CCCC(C)(C)C1CC2,CARNOSIC ACID,0.99725,0.99606,0.996655,
46527451,NCCC(=O)N[C@@H](Cc1c[nH]cn1)C(=O)O,CQOVPNPJLQNMDC-ZETCQYMHSA-N,226.106590308,-1.1295999999999988,NCCC(=O)N[C@@H](Cc1c[nH]cn1)C(=O)O,CARNOSINE,1.0004,1.1035,1.05195,
19604530,CC(C(=O)O)c1ccc2c(c1)[nH]c1ccc(Cl)cc12,PUXBGTOOZJQSKH-UHFFFAOYSA-N,273.05565630399997,4.162600000000002,CC(C(=O)O)c1ccc2c(c1)[nH]c1ccc(Cl)cc12,CARPROFEN,0.90641,0.93853,0.92247,
11462989,O=c1[nH]c(=O)c2ccccc2o1,OAYRYNVEFFWSHK-UHFFFAOYSA-N,163.02694302,0.4813000000000001,O=c1[nH]c(=O)c2ccccc2o1,CARSALAM,0.8551,0.81541,0.835255,
15398558,COc1ccccc1OCCNCC(O)COc1cccc2[nH]c3ccccc3c12,OGHNVEJMJSYVRP-UHFFFAOYSA-N,406.189257312,3.738000000000002,COc1ccccc1OCCNCC(O)COc1cccc2[nH]c3ccccc3c12,CARVEDILOL,0.78992,0.87867,0.834295,
47323652,COc1ccccc1OCCNCC(O)COc1cccc2[nH]c3ccccc3c12.O=P(O)(O)O,XCPXNPBILMXKNX-UHFFFAOYSA-N,504.16615251799993,2.8094000000000015,COc1ccccc1OCCNCC(O)COc1cccc2[nH]c3ccccc3c12.O=P(O)(O)O,CARVEDILOL PHOSPHATE,1.6446,0.92293,1.283765,
68460546,C=C1C/C=C(\C)CC[C@@H]2[C@@H]1CC2(C)C,INOSMXBKABLUIL-CHWSQXEVSA-N,190.172150704,4.335100000000003,C=C1C/C=C(\C)CC[C@@H]2[C@@H]1CC2(C)C,CARYOPHYLLENE [t(-)],1.2328,1.0375,1.13515,
35888936,NS(=O)(=O)c1ccc(C(=O)O)cc1,UCAGLBKTLXCODC-UHFFFAOYSA-N,201.009578704,0.03219999999999995,NS(=O)(=O)c1ccc(C(=O)O)cc1,CARZENIDE,0.94107,0.95648,0.948775,
24604858,O=C1c2c(O)cc(CO)cc2[C@H](O[C@@H]2O[C@H](CO)[C@@H](O)[C@H](O)[C@H]2O)c2cccc(O[C@@H]3O[C@H](CO)[C@@H](O)[C@H](O)[C@H]3O)c21,ROODSNXIUAPCQO-SSLVZKOYSA-N,596.1741203239999,-3.486499999999999,O=C1c2c(O)cc(CO)cc2[C@H](O[C@@H]2O[C@H](CO)[C@@H](O)[C@H](O)[C@H]2O)c2cccc(O[C@@H]3O[C@H](CO)[C@@H](O)[C@H](O)[C@H]3O)c21,CASANTHRANOL [cascaroside A shown],0.96101,0.89901,0.93001,
97962227,COc1cccc(C(=O)c2ccccc2)c1,VMFJVWPCRCAWBS-UHFFFAOYSA-N,212.083729624,2.9262000000000015,COc1cccc(C(=O)c2ccccc2)c1,CEAROIN 3-METHYL ETHER,1.0123,0.98144,0.99687,
94414319,CC1(C)C(=O)C=C[C@@]2(C)C1=C(O)C(=O)[C@]1(C)C2CC[C@@]2(C)[C@H](c3ccoc3)C[C@H]3O[C@]321,OQMUOVSEPOBWMK-FDGFJIMDSA-N,422.2093240599999,4.893300000000004,CC1(C)C(=O)C=C[C@@]2(C)C1=C(O)C(=O)[C@]1(C)C2CC[C@@]2(C)[C@H](c3ccoc3)C[C@H]3O[C@]321,CEDRELONE,1.2214,1.3211,1.27125,
11281507,C[C@@H]1CC[C@H]2C(C)(C)C3CC12CC[C@@]3(C)O,SVURIXNDRWRAFU-WGNAFFPOSA-N,222.198365452,3.609800000000003,C[C@@H]1CC[C@H]2C(C)(C)C3CC21CC[C@@]3(C)O,CEDROL,1.0597,0.96857,1.014135,
58036391,N[C@@H](C(=O)N[C@@H]1C(=O)N2C(C(=O)O)=C(Cl)CS[C@H]12)c1ccccc1,QYIYFLOTGYLRGG-GPCCPHFNSA-N,367.039354608,0.6213000000000004,N[C@@H](C(=O)N[C@@H]1C(=O)N2C(C(=O)O)=C(Cl)CS[C@H]12)c1ccccc1,CEFACLOR,0.15486,0.16566,0.16026,
32262830,CC1=C(C(=O)O)N2C(=O)[C@@H](NC(=O)[C@@H](N)c3ccc(O)cc3)[C@H]2SC1,BOEGTKLJZSQCCD-FIXISWKDSA-N,363.088891644,0.15050000000000108,CC1=C(C(=O)O)N2C(=O)[C@@H](NC(=O)[C@@H](N)c3ccc(O)cc3)[C@H]2SC1,CEFADROXIL,0.98394,1.0804,1.03217,
31066363,NC(=O)c1cc[n+](CC2=C(C(=O)[O-])N3C(=O)[C@@H](NC(=O)Cc4cccs4)[C@H]3SC2)cc1,FMZXNVLFJHCSAF-DNVCBOLYSA-N,458.07186167599997,-1.218899999999995,NC(=O)c1cc[n+](CC2=C(C(=O)[O-])N3C(=O)[C@@H](NC(=O)Cc4cccs4)[C@H]3SC2)cc1,CEFALONIUM,1.2848,0.84064,1.06272,
65341452,Cn1nnnc1SCC1=C(C(=O)[O-])N2C(=O)C(NC(=O)C(OC=O)c3ccccc3)C2SC1.[Na+],ICZOIXFFVKYXOM-UHFFFAOYSA-M,512.0548685439999,-4.375599999999993,Cn1nnnc1SCC1=C(C(=O)[O-])N2C(=O)C(NC(=O)C(OC=O)c3ccccc3)C2SC1.[Na+],CEFAMANDOLE NAFATE,0.85405,0.94339,0.89872,
94206297,Cn1nnnc1SCC1=C(C(=O)[O-])N2C(=O)C(NC(=O)C(O)c3ccccc3)C2SC1.[Na+],OJMNTWPPFNMOCJ-UHFFFAOYSA-M,484.059953924,-4.556299999999994,Cn1nnnc1SCC1=C(C(=O)[O-])N2C(=O)C(NC(=O)C(O)c3ccccc3)C2SC1.[Na+],CEFAMANDOLE SODIUM,1.0843,0.92344,1.00387,
22063346,Cc1nnc(SCC2=C(C(=O)[O-])N3C(=O)[C@@H](NC(=O)Cn4cnnn4)[C@H]3SC2)s1.[Na+],FLKYBGKDCCEQQM-WYUVZMMLSA-M,476.0119581760002,-4.966779999999997,Cc1nnc(SCC2=C(C(=O)[O-])N3C(=O)[C@@H](NC(=O)Cn4cnnn4)[C@H]3SC2)s1.[Na+],CEFAZOLIN SODIUM,1.2627,1.1514,1.20705,
86804946,CC/C=C(/C(=O)N[C@@H]1C(=O)N2C(C(=O)OCOC(=O)C(C)(C)C)=C(COC(N)=O)CS[C@H]12)c1csc(N)n1.Cl,ALPFRUJYOAKQQR-KEZWHQCISA-N,603.1224326,1.7797999999999998,CC/C=C(/C(=O)N[C@@H]1C(=O)N2C(C(=O)OCOC(=O)C(C)(C)C)=C(COC(N)=O)CS[C@H]12)c1csc(N)n1.Cl,CEFCAPENE PIVOXIL HYDROCHLORIDE,0.98492,0.8612,0.92306,
97534243,C=CC1=C(C(=O)O)N2C(=O)[C@@H](NC(=O)/C(=N\O)c3csc(N)n3)[C@H]2SC1,RTXOFQZKPXMALH-PRHODGIISA-N,395.0358105160001,-0.17179999999999884,C=CC1=C(C(=O)O)N2C(=O)[C@@H](NC(=O)/C(=N\O)c3csc(N)n3)[C@H]2SC1,CEFDINIR,0.14538,0.15664,0.15101,
26267298,CO/N=C(\C(=O)NC1C(=O)N2C(C(=O)OCOC(=O)C(C)(C)C)=C(/C=C\c3scnc3C)CSC12)c1csc(N)n1,AFZFFLVORLEPPO-UHFFFAOYSA-N,620.118160236,2.2981199999999986,CO/N=C(\C(=O)NC1C(=O)N2C(C(=O)OCOC(=O)C(C)(C)C)=C(/C=C\c3scnc3C)CSC12)c1csc(N)n1,CEFDITORIN PIVOXIL,0.79184,0.87728,0.83456,
10449735,CO/N=C(/C(=O)NC1C(=O)N2C(C(=O)O)=C(C[N+]3(C)CCCC3)CSC12)c1csc(N)n1.[Cl-],MMRINLZOZVAPDZ-UHFFFAOYSA-N,516.1016375800001,-2.941199999999996,CO/N=C(/C(=O)NC1C(=O)N2C(C(=O)O)=C(C[N+]3(C)CCCC3)CSC12)c1csc(N)n1.[Cl-],CEFEPIME HYDROCHLORIDE,0.15131,0.15305,0.15218,
53558607,C=CC1=C(C(=O)O)N2C(=O)C(NC(=O)/C(=N/OCC(=O)O)c3csc(N)n3)C2SC1,OKBVVJOGVLARMR-UHFFFAOYSA-N,453.04128982000003,-0.5447999999999991,C=CC1=C(C(=O)O)N2C(=O)C(NC(=O)/C(=N/OCC(=O)O)c3csc(N)n3)C2SC1,CEFIXIME,0.90672,0.86224,0.88448,
11356724,CO[C@@]1(NC(=O)CSCC#N)C(=O)N2C(C(=O)[O-])=C(CSc3nnnn3C)CSC21.[Na+],BITQGIOJQWZUPL-LDCKTULKSA-M,493.0272738920001,-5.059019999999996,CO[C@@]1(NC(=O)CSCC#N)C(=O)N2C(C(=O)[O-])=C(CSc3nnnn3C)CSC21.[Na+],CEFMETAZOLE SODIUM,0.94606,0.93182,0.93894,
47988938,O=C([O-])C1=C(CSc2nnnn2CS(=O)(=O)[O-])CS[C@@H]2C(NC(=O)[C@H](O)c3ccccc3)C(=O)N12.[Na+].[Na+],NAXFZVGOZUWLEP-WEUCUGKOSA-L,585.9987130320001,-8.586600000000008,O=C([O-])C1=C(CSc2nnnn2CS(=O)(=O)[O-])CS[C@@H]2C(NC(=O)[C@H](O)c3ccccc3)C(=O)N12.[Na+].[Na+],CEFONICID SODIUM,0.96389,1.1212,1.042545,
25505258,CCN1CCN(C(=O)NC(C(=O)NC2C(=O)N3C(C(=O)O)=C(CSc4nnnn4C)CSC23)c2ccc(O)cc2)C(=O)C1=O,GCFBRXLSHGKWDP-UHFFFAOYSA-N,645.1424008240001,-1.1119999999999965,CCN1CCN(C(=O)NC(C(=O)NC2C(=O)N3C(C(=O)O)=C(CSc4nnnn4C)CSC23)c2ccc(O)cc2)C(=O)C1=O,CEFOPERAZONE,0.15876,0.16913,0.163945,
95241970,NCc1ccccc1CC(=O)NC1C(=O)N2C(C(=O)O)=C(CSc3nnnn3CC(=O)O)CSC12,SLAYUXIURFNXPG-UHFFFAOYSA-N,519.099473392,-0.7101999999999984,NCc1ccccc1CC(=O)NC1C(=O)N2C(C(=O)O)=C(CSc3nnnn3CC(=O)O)CSC12,CEFORANIDE,1.2601,1.2152,1.23765,
81892071,CO/N=C(/C(=O)N[C@@H]1C(=O)N2C(C(=O)[O-])=C(COC(C)=O)CS[C@H]12)c1csc(N)n1.[Na+],AZZMGZXNTDTSME-BWTUWSSMSA-M,477.0388841320001,-4.953199999999996,CO/N=C(/C(=O)N[C@@H]1C(=O)N2C(C(=O)[O-])=C(COC(C)=O)CS[C@H]12)c1csc(N)n1.[Na+],CEFOTAXIME SODIUM,0.15414,0.16837,0.161255,
57414871,CO[C@@]1(NC(=O)C2SC(=C(C(N)=O)C(=O)O)S2)C(=O)N2C(C(=O)O)=C(CSc3nnnn3C)CSC21,SRZNHPXWXCNNDU-PGEKIEPBSA-N,575.0021445040002,-1.3974999999999984,CO[C@@]1(NC(=O)C2SC(=C(C(N)=O)C(=O)O)S2)C(=O)N2C(C(=O)O)=C(CSc3nnnn3C)CSC21,CEFOTETAN,0.3002,0.33029,0.315245,
73523345,CO[C@@]1(NC(=O)Cc2cccs2)C(=O)N2C(C(=O)[O-])=C(COC(N)=O)CS[C@@H]21.[Na+],GNWUOVJNSFPWDD-XMZRARIVSA-M,449.032736132,-4.232099999999998,CO[C@@]1(NC(=O)Cc2cccs2)C(=O)N2C(C(=O)[O-])=C(COC(N)=O)CS[C@@H]21.[Na+],CEFOXITIN SODIUM,0.93271,0.80617,0.86944,
98349951,Cc1cc(O)c(C(=O)N[C@@H](C(=O)N[C@@H]2C(=O)N3C(C(=O)O)=C(CSc4nnnn4C)CSC23)c2ccc(O)cc2)cn1,PWAUCHMQEXVFJR-JGUPTHKFSA-N,612.1209371080001,0.3267200000000013,Cc1cc(O)c(C(=O)N[C@@H](C(=O)N[C@@H]2C(=O)N3C(C(=O)O)=C(CSc4nnnn4C)CSC23)c2ccc(O)cc2)cn1,CEFPIRAMIDE,0.13069,0.14054,0.135615,
92233187,COCC1=C(C(=O)OC(C)OC(=O)OC(C)C)N2C(=O)[C@@H](NC(=O)/C(=N/OC)c3csc(N)n3)[C@H]2SC1,LTINZAODLRIQIX-OBEQYXGQSA-N,557.125019444,0.8270000000000015,COCC1=C(C(=O)OC(C)OC(=O)OC(C)C)N2C(=O)[C@@H](NC(=O)/C(=N/OC)c3csc(N)n3)[C@H]2SC1,CEFPODOXIME PROXETIL,1.2054,1.3378,1.2716,
17485515,C/C=C\C1=C(C(=O)O)N2C(=O)C(NC(=O)C(N)c3ccc(O)cc3)C2SC1,WDLWHQDACQUCJR-UHFFFAOYSA-N,389.104541708,0.7067000000000008,C/C=C\C1=C(C(=O)O)N2C(=O)C(NC(=O)C(N)c3ccc(O)cc3)C2SC1,CEFPROZIL,0.92757,1.2307,1.079135,
72570101,NC(=O)c1cc[n+](CC2=C(C(=O)[O-])N3C(=O)C(NC(=O)C(c4ccccc4)S(=O)(=O)[O-])C3SC2)cc1.[Na+],REACMANCWHKJSM-UHFFFAOYSA-M,554.0541998479999,-5.232599999999993,NC(=O)c1cc[n+](CC2=C(C(=O)[O-])N3C(=O)C(NC(=O)C(c4ccccc4)S(=O)(=O)[O-])C3SC2)cc1.[Na+],CEFSULODIN SODIUM,0.86604,0.94053,0.903285,
10066704,CC(C)(O/N=C(\C(=O)N[C@@H]1C(=O)N2C(C(=O)[O-])=C(C[n+]3ccccc3)CSC12)c1csc(N)n1)C(=O)O,ORFOPKXBNMVMKC-IKJXHCRLSA-N,546.0991390440001,-1.2991999999999946,CC(C)(O/N=C(\C(=O)N[C@@H]1C(=O)N2C(C(=O)[O-])=C(C[n+]3ccccc3)CSC12)c1csc(N)n1)C(=O)O,CEFTAZIDIME,0.83793,1.0362,0.937065,
51568091,O=C(Cn1cnnn1)N[C@@H]1C(=O)N2C(C(=O)O)=C(CSc3nncs3)CS[C@H]12,DZMVCVMFETWNIU-LDYMZIIASA-N,440.0143638640001,-0.9444999999999995,O=C(Cn1cnnn1)N[C@@H]1C(=O)N2C(C(=O)O)=C(CSc3nncs3)CS[C@H]12,CEFTEZOLE,0.67341,0.67087,0.67214,
47717017,Nc1nc(/C(=C/CC(=O)O)C(=O)N[C@@H]2C(=O)N3C(C(=O)O)=CCS[C@H]23)cs1,UNJFKXSSGBWRBZ-ZWNOBZJWSA-N,410.035476168,-0.0481999999999998,Nc1nc(/C(=C/CC(=O)O)C(=O)N[C@@H]2C(=O)N3C(C(=O)O)=CCS[C@H]23)cs1,CEFTIBUTEN,0.14087,0.1518,0.146335,
30217681,CO/N=C(/C(=O)N[C@@H]1C(=O)N2C(C(=O)O)=C(CSC(=O)c3ccco3)CS[C@H]12)c1csc(N)n1.Cl,KEQFDTJEEQKVLM-VQZRABBESA-N,559.005688596,1.4027999999999996,CO/N=C(/C(=O)N[C@@H]1C(=O)N2C(C(=O)O)=C(CSC(=O)c3ccco3)CS[C@H]12)c1csc(N)n1.Cl,CEFTIOFUR HYDROCHLORIDE,0.13999,0.15382,0.146905,
11551482,CO/N=C(/C(=O)N[C@@H]1C(=O)N2C(C(=O)[O-])=C(CSc3nc(=O)c([O-])nn3C)CS[C@H]12)c1csc(N)n1.O.O.O.[Na+].[Na+],XMCDZRXQAGFWAK-JDZBAYAFSA-L,652.0416404640004,-11.631800000000005,CO/N=C(/C(=O)N[C@@H]1C(=O)N2C(C(=O)[O-])=C(CSc3nc(=O)c([O-])nn3C)CS[C@H]12)c1csc(N)n1.O.O.O.[Na+].[Na+],CEFTRIAXONE SODIUM TRIHYDRATE,0.78084,0.75648,0.76866,
89802333,CO/N=C(/C(=O)NC1C(=O)N2C(C(=O)OC(C)OC(C)=O)=C(COC(N)=O)CSC12)c1ccco1,KEJCWVGMRLCZQQ-UHFFFAOYSA-N,510.1056639039999,-0.16829999999999856,CO/N=C(/C(=O)NC1C(=O)N2C(C(=O)OC(C)OC(C)=O)=C(COC(N)=O)CSC12)c1ccco1,CEFUROXIME AXETIL,0.99738,0.99658,0.99698,
87321960,CO/N=C(/C(=O)NC1C(=O)N2C(C(=O)[O-])=C(COC(N)=O)CSC12)c1ccco1.[Na+],URDOHUPGIOGTKV-UHFFFAOYSA-M,446.0508287200001,-4.866699999999996,CO/N=C(/C(=O)NC1C(=O)N2C(C(=O)[O-])=C(COC(N)=O)CSC12)c1ccco1.[Na+],CEFUROXIME SODIUM,0.15335,0.24133,0.19734,
78009374,CC1=C(O)C(=O)C=C2C1=CC=C1[C@@]2(C)CC[C@@]2(C)[C@@H]3C[C@](C)(C(=O)O)CC[C@]3(C)CC[C@]12C,KQJSQWZMSAGSHN-JJWQIEBTSA-N,450.27700969599994,6.697700000000006,CC1=C(O)C(=O)C=C2C1=CC=C1[C@@]3(C)CC[C@@]4(C)CC[C@@](C)(C(=O)O)C[C@H]4[C@]3(C)CC[C@@]21C,CELASTROL,1.016,0.72268,0.86934,
13856050,Cc1ccc(-c2cc(C(F)(F)F)nn2-c2ccc(S(N)(=O)=O)cc2)cc1,RZEKVGVHFLEQIL-UHFFFAOYSA-N,381.07588234799994,3.5139200000000006,Cc1ccc(-c2cc(C(F)(F)F)nn2-c2ccc(S(N)(=O)=O)cc2)cc1,CELECOXIB,0.76777,1.0034,0.885585,
31484248,OC[C@H]1O[C@@H](O[C@H]2[C@H](O)[C@@H](O)[C@@H](O)O[C@@H]2CO)[C@H](O)[C@@H](O)[C@@H]1O,GUBGYTABKSRVRQ-MFRLZQSSSA-N,342.11621152399994,-5.397199999999993,OC[C@H]1O[C@@H](O[C@@H]2[C@@H](CO)O[C@H](O)[C@H](O)[C@H]2O)[C@H](O)[C@@H](O)[C@@H]1O,CELLOBIOSE (D[+]),1.1455,0.88544,1.01547,
31188958,CC1=C(C(=O)O)N2C(=O)[C@@H](NC(=O)C(N)c3ccccc3)[C@H]2SC1,ZAIPMKNFIOOWCQ-HUFXEGEASA-N,347.0939770240001,0.4449000000000012,CC1=C(C(=O)O)N2C(=O)[C@@H](NC(=O)C(N)c3ccccc3)[C@H]2SC1,CEPHALEXIN,0.86668,0.92065,0.893665,
41694269,CC(=O)OCC1=C(C(=O)[O-])N2C(=O)[C@@H](NC(=O)CCCC(N)C(=O)[O-])C2SC1.[Zn+2],TVMXJQZBKOMFQK-XLCFFBBVSA-L,477.018427768,-3.801599999999995,CC(=O)OCC1=C(C(=O)[O-])N2C(=O)[C@@H](NC(=O)CCCC(N)C(=O)[O-])C2SC1.[Zn+2],CEPHALOSPORIN C Zn,1.0145,0.78811,0.901305,
98153371,CC(=O)OCC1=C(C(=O)[O-])N2C(=O)[C@@H](NC(=O)Cc3cccs3)[C@H]2SC1.[Na+],VUFGUVLLDPOSBC-XRZFDKQNSA-M,418.02692248000005,-3.738399999999995,CC(=O)OCC1=C(C(=O)[O-])N2C(=O)[C@@H](NC(=O)Cc3cccs3)[C@H]2SC1.[Na+],CEPHALOTHIN SODIUM,0.9252,0.98316,0.95418,
18478709,CC(=O)OCC1=C(C(=O)[O-])N2C(=O)[C@@H](NC(=O)CSc3ccncc3)[C@H]2SC1.[Na+],VGEOUKPOQQEQSX-OALZAMAHSA-M,445.037821512,-3.8552999999999953,CC(=O)OCC1=C(C(=O)[O-])N2C(=O)[C@@H](NC(=O)CSc3ccncc3)[C@H]2SC1.[Na+],CEPHAPIRIN SODIUM,0.92296,0.86781,0.895385,
79996394,COc1ccc2cc1Oc1ccc(cc1)C[C@H]1c3c(cc4c(c3Oc3cc5c(cc3OC)CCN(C)[C@@H]5C2)OCO4)CCN1C,YVPXVXANRNDGTA-WDYNHAJCSA-N,606.2729869359999,6.873900000000009,COc1ccc2cc1Oc1ccc(cc1)C[C@H]1c3c(cc4c(c3Oc3cc5c(cc3OC)CCN(C)[C@@H]5C2)OCO4)CCN1C,CEPHARANTHINE,0.90456,1.0967,1.00063,
76712333,CC1=C(C(=O)O)N2C(=O)[C@@H](NC(=O)[C@H](N)C3=CCC=CC3)C2SC1,RDLPVSKMFDYCOR-MHSSMOFYSA-N,349.1096270880001,0.34860000000000113,CC1=C(C(=O)O)N2C(=O)[C@@H](NC(=O)[C@H](N)C3=CCC=CC3)C2SC1,CEPHRADINE,0.81783,1.0126,0.915215,
11449807,CCCCCCCCCCCCCCCC[N+](C)(C)Cc1ccccc1.[Cl-],SXPWTBGAZSPLHA-UHFFFAOYSA-M,395.331878152,4.748300000000004,CCCCCCCCCCCCCCCC[N+](C)(C)Cc1ccccc1.[Cl-],CETALKONIUM CHLORIDE,0.29654,0.32504,0.31079,
74287339,CCCCCCCCCCCCCCCCOc1nc2ccc(C)cc2c(=O)o1,MVCQKIKWYUURMU-UHFFFAOYSA-N,401.29299410799996,7.356520000000009,CCCCCCCCCCCCCCCCOc1nc2ccc(C)cc2c(=O)o1,CETILISAT,0.99919,0.91871,0.95895,
86554109,Cl.Cl.O=C(O)COCCN1CCN(C(c2ccccc2)c2ccc(Cl)cc2)CC1,PGLIUCLTXOYQMV-UHFFFAOYSA-N,460.10872576400004,3.991800000000003,Cl.Cl.O=C(O)COCCN1CCN(C(c2ccccc2)c2ccc(Cl)cc2)CC1,CETIRIZINE HYDROCHLORIDE,1.2193,1.6263,1.4228,
10269265,CCCCCCCCCCCCCCCC[N+](C)(C)C.[Br-],LZZYPRNAOMGNLH-UHFFFAOYSA-M,363.250062444,3.177900000000001,CCCCCCCCCCCCCCCC[N+](C)(C)C.[Br-],CETRIMONIUM BROMIDE,0.17414,0.21175,0.192945,
45211830,CCCCCCCCCCCCCCCC[n+]1ccccc1.[Cl-],YMKDRGPMQRFJGP-UHFFFAOYSA-M,339.269277896,3.4594000000000014,CCCCCCCCCCCCCCCC[n+]1ccccc1.[Cl-],CETYLPYRIDINIUM CHLORIDE,0.22597,0.2702,0.248085,
41580020,O=C(O)CCCCCCCCCCCCC1C=CCC1,XMVQWNRDPAAMJB-UHFFFAOYSA-N,280.240230264,5.718400000000007,O=C(O)CCCCCCCCCCCCC1C=CCC1,CHAULMOOGRIC ACID,1.4909,1.2089,1.3499,
32408669,C[C@H](CCC(=O)O)[C@H]1CCC2C3C(CC[C@@]21C)[C@@]1(C)CC[C@@H](O)C[C@H]1C[C@H]3O,RUDATBOHQWOJDD-GXLBFMQUSA-N,392.29265975999994,4.477900000000006,C[C@H](CCC(=O)O)[C@H]1CCC2C3C(CC[C@@]21C)[C@@]1(C)CC[C@@H](O)C[C@H]1C[C@H]3O,CHENODIOL,0.97787,1.0626,1.020235,
58673161,O=S(=O)([O-])c1cc(I)c(O)c2ncccc12.[Na+],NWAPYWBKEFRREH-UHFFFAOYSA-M,372.88817092000005,-1.5469,O=S(=O)([O-])c1cc(I)c(O)c2ncccc12.[Na+],CHINIOFON,0.2475,0.43796,0.34273,
32229072,OCC(O)[C@H]1O[C@@H]2O[C@H](C(Cl)(Cl)Cl)O[C@@H]2[C@H]1O,OJYGBLRPYBAHRT-YCNXOVPFSA-N,307.962121112,-0.46290000000000026,OCC(O)[C@H]1O[C@@H]2O[C@H](C(Cl)(Cl)Cl)O[C@@H]2[C@H]1O,CHLORALOSE,1.0873,1.0536,1.07045,
17774388,O=C(O)CCCc1ccc(N(CCCl)CCCl)cc1,JCKYGMPEJWAADB-UHFFFAOYSA-N,303.07928420800005,3.377900000000002,O=C(O)CCCc1ccc(N(CCCl)CCCl)cc1,CHLORAMBUCIL,0.83953,1.0435,0.941515,
46242811,Cc1ccc(S(=O)(=O)[N-]Cl)cc1.[Na+],VDQQXEISLMTGAB-UHFFFAOYSA-N,226.978371424,-0.78478,Cc1ccc(S(=O)(=O)[N-]Cl)cc1.[Na+],CHLORAMINE-T,0.85452,0.86361,0.859065,
32691200,O=C(N[C@@H](CO)[C@H](O)c1ccc([N+](=O)[O-])cc1)C(Cl)Cl,WIIZWVCIJKGZOK-DTWKUNHWSA-N,322.01232684400003,0.9089999999999998,O=C(N[C@@H](CO)[C@H](O)c1ccc([N+](=O)[O-])cc1)C(Cl)Cl,CHLORAMPHENICOL,0.42874,0.56028,0.49451,
80500999,O=C([O-])CCC(=O)OC[C@@H](NC(=O)C(Cl)Cl)[C@H](O)c1ccc([N+](=O)[O-])cc1.[Na+],RPLOPBHEZLFENN-HTMVYDOJSA-M,444.01031508,-3.0059999999999967,O=C([O-])CCC(=O)OC[C@@H](NC(=O)C(Cl)Cl)[C@H](O)c1ccc([N+](=O)[O-])cc1.[Na+],CHLORAMPHENICOL SODIUM SUCCINATE,0.84552,1.1709,1.00821,
11215129,Cl.Nc1ncnc(Nc2ccc(Cl)cc2)n1,UYCMHUVQSSDLAM-UHFFFAOYSA-N,257.023500648,2.2725999999999997,Cl.Nc1ncnc(Nc2ccc(Cl)cc2)n1,CHLORAZANIL HYDROCHLORIDE,1.1732,1.1162,1.1447,
96854074,Cl.Cl.N=C(NCCCCCCNC(=N)NC(=N)Nc1ccc(Cl)cc1)NC(=N)Nc1ccc(Cl)cc1,WJLVQTJZDCGNJN-UHFFFAOYSA-N,576.1565517440001,5.018880000000002,Cl.Cl.N=C(NCCCCCCNC(=N)NC(=N)Nc1ccc(Cl)cc1)NC(=N)Nc1ccc(Cl)cc1,CHLORHEXIDINE DIHYDROCHLORIDE,0.14853,0.16553,0.15703,
10147435,O=C1c2ccccc2C(=O)C1c1ccc(Cl)cc1,NJDUWAXIURWWLN-UHFFFAOYSA-N,256.029107208,3.5028000000000024,O=C1c2ccccc2C(=O)C1c1ccc(Cl)cc1,CHLORINDIONE,0.91704,0.91145,0.914245,
46489162,CC(=O)O[C@]1(C(C)=O)CCC2C3C=C(Cl)C4=CC(=O)CC[C@]4(C)C3CC[C@@]21C,QMBJSIBWORFWQT-GDMUWPLKSA-N,404.175437088,4.751700000000005,CC(=O)O[C@]1(C(C)=O)CCC2C3C=C(Cl)C4=CC(=O)CC[C@]4(C)C3CC[C@@]21C,CHLORMADINONE ACETATE,1.0906,1.0605,1.07555,
10030807,CN1C(=O)CCS(=O)(=O)C1c1ccc(Cl)cc1,WEQAYVWKMWHEJO-UHFFFAOYSA-N,273.022641924,1.6155000000000002,CN1C(=O)CCS(=O)(=O)C1c1ccc(Cl)cc1,CHLORMEZANONE,1.0462,1.3704,1.2083,
10365440,Cc1nc2ccccc2n1Cc1ccc(Cl)cc1,WNAQOLSMVPFGTE-UHFFFAOYSA-N,256.076726096,4.046420000000003,Cc1nc2ccccc2n1Cc1ccc(Cl)cc1,CHLORMIDAZOLE,0.13171,0.1576,0.144655,
92347575,CC(=O)Oc1ccc(Cl)c2cccnc12,JSJOTZXJKCXWQC-UHFFFAOYSA-N,221.024356176,2.8135000000000003,CC(=O)Oc1ccc(Cl)c2cccnc12,CHLOROACETOXYQUINOLINE,0.17521,0.20403,0.18962,
39109651,CC(C)(O)C(Cl)(Cl)Cl,OSASVXMJTNOKOY-UHFFFAOYSA-N,175.956247884,2.127500000000001,CC(C)(O)C(Cl)(Cl)Cl,CHLOROBUTANOL,1.1404,1.052,1.0962,
72262359,Cc1cc(O)ccc1Cl,CFKMVGJGLGKFKI-UHFFFAOYSA-N,142.018542524,2.3540200000000002,Cc1cc(O)ccc1Cl,CHLOROCRESOL,0.81746,0.94814,0.8828,
23641256,O=C(/C=C/c1ccc(O)c(O)c1)O[C@@H]1C[C@](O)(C(=O)O)C[C@@H](O)[C@H]1O,CWVRJTMFETXNAD-NCZKRNLISA-N,354.09508215599993,-0.6459000000000001,O=C(/C=C/c1ccc(O)c(O)c1)O[C@@H]1C[C@](O)(C(=O)O)C[C@@H](O)[C@H]1O,CHLOROGENIC ACID,0.92872,0.92196,0.92534,
72593162,CC(C)NC(=N)NC(=N)Nc1ccc(Cl)cc1.Cl,SARMGXPVOFNNNG-UHFFFAOYSA-N,289.086100904,2.6308399999999996,CC(C)NC(=N)NC(=N)Nc1ccc(Cl)cc1.Cl,CHLOROGUANIDE HYDROCHLORIDE,1.0739,1.0031,1.0385,
58111131,CN(C)CCN(Cc1ccc(Cl)cc1)c1ccccn1.Cl,VEYWWAGBHABATA-UHFFFAOYSA-N,325.11125303200004,3.7250000000000028,CN(C)CCN(Cc1ccc(Cl)cc1)c1ccccn1.Cl,CHLOROPYRAMINE HYDROCHLORIDE,1.1886,1.1245,1.15655,
59552918,CCN(CC)CCCC(C)Nc1ccnc2cc(Cl)ccc12.O=P(O)(O)O.O=P(O)(O)O,QKICWELGRMTQCR-UHFFFAOYSA-N,515.1353159239998,2.9534000000000047,CCN(CC)CCCC(C)Nc1ccnc2cc(Cl)ccc12.O=P(O)(O)O.O=P(O)(O)O,CHLOROQUINE DIPHOSPHATE,1.1481,1.1467,1.1474,
41869868,N#Cc1c(Cl)c(Cl)c(Cl)c(C#N)c1Cl,CRQQGFGUEAVUIL-UHFFFAOYSA-N,263.88155872,4.04356,N#Cc1c(Cl)c(Cl)c(Cl)c(C#N)c1Cl,CHLOROTHALONIL,1.0846,1.0846,1.0846,
59373950,Oc1c(Cl)cc(Cl)c2cccnc12,WDFKMLRRRCGAKS-UHFFFAOYSA-N,212.97481914,3.2472000000000003,Oc1c(Cl)cc(Cl)c2cccnc12,CHLOROXINE,0.5019,0.6397,0.5708,
60630685,Cc1cc(O)cc(C)c1Cl,OSDLLIBGSJNGJE-UHFFFAOYSA-N,156.034192588,2.662440000000001,Cc1cc(O)cc(C)c1Cl,CHLOROXYLENOL,0.14815,0.16391,0.15603,
33567245,CN(C)CCC(c1ccc(Cl)cc1)c1ccccn1.O=C(O)/C=C\C(=O)O,DBAKFASWICGISY-UHFFFAOYSA-N,390.1346348959999,3.5304,CN(C)CCC(c1ccc(Cl)cc1)c1ccccn1.O=C(O)/C=C\C(=O)O,CHLORPHENIRAMINE MALEATE,0.86398,0.96181,0.912895,
19836146,CN(C)CCCN1c2ccccc2Sc2ccc(Cl)cc21.Cl,FBSMERQALIEGJT-UHFFFAOYSA-N,354.072425,5.316200000000005,CN(C)CCCN1c2ccccc2Sc2ccc(Cl)cc21.Cl,CHLORPROMAZINE HYDROCHLORIDE,0.59373,0.6613,0.627515,
43029004,CCCNC(=O)NS(=O)(=O)c1ccc(Cl)cc1,RKWGIWYCVPQPMF-UHFFFAOYSA-N,276.033540956,1.7379,CCCNC(=O)NS(=O)(=O)c1ccc(Cl)cc1,CHLORPROPAMIDE,1.1512,1.4524,1.3018,
55723416,CN(C)CC/C=C1\c2ccccc2Sc2ccc(Cl)cc21.Cl,YWKRLOSRDGPEJR-UHFFFAOYSA-N,351.061525968,5.609800000000004,CN(C)CC/C=C1\c2ccccc2Sc2ccc(Cl)cc21.Cl,CHLORPROTHIXENE HYDROCHLORIDE,0.84147,0.8604,0.850935,
60376332,CCOP(=S)(OCC)Oc1nc(Cl)c(Cl)cc1Cl,SBPBAQFWLVIOKP-UHFFFAOYSA-N,348.926283882,4.718100000000002,CCOP(=S)(OCC)Oc1nc(Cl)c(Cl)cc1Cl,CHLORPYRIFOS,1.035,1.0819,1.05845,
50963841,Cc1ccc2c(Cl)cc(Cl)c(O)c2n1,GPTXWRGISTZRIO-UHFFFAOYSA-N,226.990469204,3.5556200000000016,Cc1ccc2c(Cl)cc(Cl)c(O)c2n1,CHLORQUINALDOL,1.4823,1.1426,1.31245,
43067229,CN(C)[C@@H]1C(O)=C(C(N)=O)C(=O)[C@@]2(O)C(O)=C3C(=O)c4c(O)ccc(Cl)c4[C@@](C)(O)[C@H]3C[C@@H]12.Cl,CBHYYLPALVVVEY-MRFRVZCGSA-N,514.090971088,0.8608000000000005,CN(C)[C@@H]1C(O)=C(C(N)=O)C(=O)[C@@]2(O)C(O)=C3C(=O)c4c(O)ccc(Cl)c4[C@@](C)(O)[C@H]3C[C@@H]12.Cl,CHLORTETRACYCLINE HYDROCHLORIDE,0.15791,0.18434,0.171125,
81574430,NS(=O)(=O)c1cc(C2(O)NC(=O)c3ccccc32)ccc1Cl,JIVPVXMEBJLZRO-UHFFFAOYSA-N,338.012805512,0.9242000000000001,NS(=O)(=O)c1cc(C2(O)NC(=O)c3ccccc32)ccc1Cl,CHLORTHALIDONE,0.97012,1.464,1.21706,
37688398,O=c1[nH]c2cc(Cl)ccc2o1,TZFWDZFKRBELIQ-UHFFFAOYSA-N,168.993056048,1.7745,O=c1[nH]c2cc(Cl)ccc2o1,CHLORZOXAZONE,0.63845,0.70641,0.67243,
62139221,C=C1CC[C@H](O)C/C1=C/C=C1\CCCC2(C)C1CCC2C(C)CCCC(C)C,QYSXJUFSXHHAJI-PAVZAANLSA-N,384.339216028,7.619000000000008,C=C1CC[C@H](O)C/C1=C/C=C1\CCCC2(C)C1CCC2C(C)CCCC(C)C,CHOLECALCIFEROL,1.6672,1.0129,1.34005,
60417923,CC(C)CCCC(C)[C@H]1CCC2C3CC=C4CC(=O)CC[C@]4(C)C3CC[C@@]21C,GGCLNOIGPMGLDB-IVFFKYSXSA-N,384.339216028,7.596900000000009,CC(C)CCCC(C)[C@H]1CCC2C3CC=C4CC(=O)CC[C@]4(C)C3CC[C@@]21C,CHOLEST-5-EN-3-ONE,1.6439,1.0934,1.36865,
45203194,CC(C)CCCC(C)C1CCC2C3CC[C@H]4CC(=O)CC[C@]4(C)C3CC[C@]12C,PESKGJQREUXSRR-GTMPCABPSA-N,386.354866092,7.676800000000009,CC(C)CCCC(C)C1CCC2C3CC[C@H]4CC(=O)CC[C@]4(C)C3CC[C@]12C,CHOLESTAN-3-ONE,1.0007,0.96131,0.981005,
11479390,CC(C)CCCC(C)C1CCC2C3C[C@@H](O)[C@@]4(O)C[C@@H](O)CC[C@]4(C)C3CC[C@]12C,YMMFNKXZULYSOQ-QETVQNBESA-N,420.36034539599996,5.554300000000007,CC(C)CCCC(C)C1CCC2C3C[C@@H](O)[C@@]4(O)C[C@@H](O)CC[C@]4(C)C3CC[C@]12C,"CHOLESTAN-3beta,5alpha,6beta-TRIOL",1.0744,1.0781,1.07625,
10286173,CC(C)CCCC(C)[C@H]1CCC2C3CC=C4C[C@@H](O)CC[C@]4(C)C3CC[C@@]21C,HVYWMOMLDIMFJA-RJLWFLQPSA-N,386.354866092,7.388700000000009,CC(C)CCCC(C)[C@H]1CCC2C3CC=C4C[C@@H](O)CC[C@]4(C)C3CC[C@@]21C,CHOLESTEROL,1.0443,0.93335,0.988825,
64760463,CC(=O)O[C@H]1CC[C@@]2(C)C(=CCC3C2CC[C@@]2(C)C3CC[C@@H]2C(C)CCCC(C)C)C1,XUGISPSHIFXEHZ-UKFXPFHUSA-N,428.365430776,7.95950000000001,CC(=O)O[C@H]1CC[C@@]2(C)C(=CCC3C2CC[C@@]2(C)C3CC[C@@H]2C(C)CCCC(C)C)C1,CHOLESTERYL ACETATE,0.90651,1.0198,0.963155,
98683000,CC(CCC(=O)O)C1CC[C@H]2C3[C@H](O)C[C@@H]4C[C@H](O)CCC4(C)[C@H]3C[C@H](O)C12C,BHQCQFFYRZLCQQ-WVWOBNCHSA-N,408.2875743799999,3.4487000000000028,CC(CCC(=O)O)C1CC[C@H]2C3[C@H](C[C@H](O)C12C)C1(C)CC[C@@H](O)C[C@H]1C[C@H]3O,CHOLIC ACID,1.1876,1.222,1.2048,
11482990,C[N+](C)(C)CCO.[Cl-],SGMZJAMFUVOLNK-UHFFFAOYSA-M,139.076391748,-3.3110999999999975,C[N+](C)(C)CCO.[Cl-],CHOLINE CHLORIDE,1.2158,1.1191,1.16745,
16050472,O=C(O)c1cc(=O)c2ccccc2o1,RVMGXWBCQGAWBR-UHFFFAOYSA-N,190.026608672,1.4911999999999999,O=C(O)c1cc(=O)c2ccccc2o1,CHROMOCARB,1.201,1.2574,1.2292,
69842031,CC(C)=CC1C(C(=O)O)C1(C)C,XLOPRKKSAJMMEW-UHFFFAOYSA-N,168.115029752,2.3094,CC(C)=CC1C(C(=O)O)C1(C)C,CHRYSANTHEMIC ACID,0.91514,0.89895,0.907045,
92393816,CCOC(=O)C1C(C=C(C)C)C1(C)C,VIMXTGUGWLAOFZ-UHFFFAOYSA-N,196.14632988,2.7879000000000014,CCOC(=O)C1C(C=C(C)C)C1(C)C,"CHRYSANTHEMIC ACID, ETHYL ESTER",0.98372,1.0064,0.99506,
67109982,Cc1cc(O)c2c(c1)Cc1cccc(O)c1C2=O,ZZBWSNKBZKPGAK-UHFFFAOYSA-N,240.078644244,2.541420000000001,Cc1cc(O)c2c(c1)Cc1cccc(O)c1C2=O,CHRYSAROBIN,0.88701,0.90864,0.897825,
55064007,O=c1cc(-c2ccccc2)oc2cc(O)cc(O)c12,RTIXKCRFFJGDFG-UHFFFAOYSA-N,254.0579088,2.8712000000000013,O=c1cc(-c2ccccc2)oc2cc(O)cc(O)c12,CHRYSIN,0.99929,1.0315,1.015395,
11221748,COc1cc(OC)c2c(=O)cc(-c3ccccc3)oc2c1,JRFZSUMZAUHNSL-UHFFFAOYSA-N,282.089208928,3.4772000000000025,COc1cc(OC)c2c(=O)cc(-c3ccccc3)oc2c1,CHRYSIN DIMETHYL ETHER,0.91756,1.2728,1.09518,
53910314,Cc1cc(O)c2c(c1)C(=O)c1cccc(O)c1C2=O,LQGUBLBATBMXHT-UHFFFAOYSA-N,254.0579088,2.18162,Cc1cc(O)c2c(c1)C(=O)c1cccc(O)c1C2=O,CHRYSOPHANOL,0.77227,0.86573,0.819,
90144891,Oc1cc(O)c2c(c1)O[C@H](c1ccc(O)c(O)c1)[C@@H](O)C2,PFTAWBLQPZVEMU-DZGCQCFKSA-N,290.079038168,1.5460999999999998,Oc1cc(O)c2c(c1)O[C@H](c1ccc(O)c(O)c1)[C@@H](O)C2,CIANIDANOL [+-catechin],0.95987,0.92062,0.940245,
46309097,Cc1cc(C2CCCCC2)n(O)c(=O)c1.NCCO,MBRHNTMUYWQHMR-UHFFFAOYSA-N,268.178692628,1.3791199999999995,Cc1cc(C2CCCCC2)n(O)c(=O)c1.NCCO,CICLOPIROX OLAMINE,0.14439,0.17059,0.15749,
16522743,COCCOC(=O)C1=C(C)NC(C)=C(C(=O)OC/C=C/c2ccccc2)C1c1cccc([N+](=O)[O-])c1,KJEBULYHNRNJTE-UHFFFAOYSA-N,492.189651236,4.275800000000004,COCCOC(=O)C1=C(C)NC(C)=C(C(=O)OC/C=C/c2ccccc2)C1c1cccc([N+](=O)[O-])c1,CILNIDIPINE,1.4687,1.713,1.59085,
89656318,O=C1CCc2cc(OCCCCc3nnnn3C3CCCCC3)ccc2N1,RRGUKTPIGVIEKM-UHFFFAOYSA-N,369.21647510400004,3.4647000000000014,O=C1CCc2cc(OCCCCc3nnnn3C3CCCCC3)ccc2N1,CILOSTAZOL,0.86678,0.87002,0.8684,
80946631,CN/C(=N\C#N)NCCSCc1nc[nH]c1C,AQIXAKUUQRKLND-UHFFFAOYSA-N,252.11571551199998,0.5973999999999997,CN/C(=N\C#N)NCCSCc1nc[nH]c1C,CIMETIDINE,1.2561,0.94851,1.102305,
99682565,C[C@H](CC(=O)C1OC1(C)C)[C@H]1C(=O)C[C@@]2(C)C3=CCC4C(C)(C)[C@@H](O[C@@H]5OC[C@@H](O)[C@H](O)[C@H]5O)CC[C@@]45C[C@@]35[C@@H](O)C[C@]12C,PYBFXJMIKJNNAJ-ORUQLYNUSA-N,616.3611332439998,3.0923000000000007,C[C@H](CC(=O)C1OC1(C)C)[C@H]1C(=O)C[C@@]2(C)C3=CCC4C(C)(C)[C@@H](O[C@@H]5OC[C@@H](O)[C@H](O)[C@H]5O)CC[C@@]45C[C@@]35[C@@H](O)C[C@]12C,CIMICIFUGOSIDE H1,0.9961,0.98333,0.989715,
47889645,C[C@@H](NCCCc1cccc(C(F)(F)F)c1)c1cccc2ccccc12.Cl,QANQWUQOEJZMLL-PKLMIRHRSA-N,393.147112076,6.563800000000006,C[C@@H](NCCCc1cccc(C(F)(F)F)c1)c1cccc2ccccc12.Cl,CINACALCET HYDROCHLORIDE,0.14939,0.16851,0.15895,
61928155,C=C[C@H]1CN2CC[C@H]1C[C@H]2[C@H](O)c1ccnc2ccccc12,KMPWYEUPVWOPIM-KODHJQJWSA-N,294.17321332399996,3.164600000000002,C=C[C@H]1CN2CC[C@H]1C[C@H]2[C@H](O)c1ccnc2ccccc12,CINCHONIDINE,0.8791,0.82761,0.853355,
22981541,C=C[C@H]1CN2CC[C@H]1C[C@@H]2[C@H](O)c1ccnc2ccccc12,KMPWYEUPVWOPIM-YXUGBTPSSA-N,294.17321332399996,3.164600000000002,C=C[C@H]1CN2CC[C@H]1C[C@@H]2[C@H](O)c1ccnc2ccccc12,CINCHONINE,1.1163,0.85491,0.985605,
38483943,O=C(O)c1cc(-c2ccccc2)nc2ccccc12,YTRMTPPVNRALON-UHFFFAOYSA-N,249.078978592,3.6000000000000014,O=C(O)c1cc(-c2ccccc2)nc2ccccc12,CINCHOPHEN,0.93615,0.89597,0.91606,
54183288,C(=C/N1CCN(C(c2ccccc2)c2ccccc2)CC1)\Cc1ccccc1,SSKFWBSXNIWCBH-UHFFFAOYSA-N,368.225248896,5.150000000000005,C(=C/N1CCN(C(c2ccccc2)c2ccccc2)CC1)\Cc1ccccc1,CINNARAZINE,0.9561,0.85269,0.904395,
62915912,COc1cc(/C=C/C(=O)N2CCCCCCC2)cc(OC)c1OC,MDGVCMGGLSOVIQ-UHFFFAOYSA-N,333.194008344,3.5183000000000026,COc1cc(/C=C/C(=O)N2CCCCCCC2)cc(OC)c1OC,CINOCTRAMIDE,0.97646,1.0198,0.99813,
54985976,CCn1nc(C(=O)O)c(=O)c2cc3c(cc21)OCO3,VDUWPHTZYNWKRN-UHFFFAOYSA-N,262.05897142000003,0.8432999999999997,CCn1nc(C(=O)O)c(=O)c2cc3c(cc21)OCO3,CINOXACIN,0.1529,0.18145,0.167175,
30259637,CCNC(=O)/C=C/c1cccc(Br)c1,LDCXGZCEMNMWIL-UHFFFAOYSA-N,253.010226104,2.5984000000000007,CCNC(=O)/C=C/c1cccc(Br)c1,CINROMIDE,1.0781,1.0414,1.05975,
41641249,COc1cc(/C=C/C(N)=O)cc(OC)c1OC,LRLKZVMLJBNNPE-UHFFFAOYSA-N,237.10010796,1.2109,COc1cc(/C=C/C(N)=O)cc(OC)c1OC,CINTRIAMIDE,0.98571,0.88727,0.93649,
32619913,CC(C)(Oc1ccc(C2CC2(Cl)Cl)cc1)C(=O)O,KPSRODZRAIWAKH-UHFFFAOYSA-N,288.03199966799997,3.589800000000003,CC(C)(Oc1ccc(C2CC2(Cl)Cl)cc1)C(=O)O,CIPROFIBRATE,1.2623,1.3691,1.3157,
59856225,O=C(O)c1cn(C2CC2)c2cc(N3CCNCC3)c(F)cc2c1=O,MYSWGUAQZAJSOK-UHFFFAOYSA-N,331.13321965599994,1.5833,O=C(O)c1cn(C2CC2)c2cc(N3CCNCC3)c(F)cc2c1=O,CIPROFLOXACIN,0.15879,0.1803,0.169545,
35185338,Cl[Pt]Cl.N.N,LXZZYRPGZAFOLE-UHFFFAOYSA-L,298.95559465200006,1.7004999999999997,Cl[Pt]Cl.N.N,CISPLATIN,0.97601,0.83289,0.90445,
89393072,Br.CN(C)CCCC1(c2ccc(F)cc2)OCc2cc(C#N)ccc21,WIHMBLDNRMIGDW-UHFFFAOYSA-N,404.089953644,4.390880000000004,Br.CN(C)CCCC1(c2ccc(F)cc2)OCc2cc(C#N)ccc21,CITALOPRAM HYDROBROMIDE,1.2539,1.0263,1.1401,
85571421,C[N+](C)(C)CCOP(=O)([O-])OP(=O)(O)OC[C@H]1OC(n2ccc(N)nc2=O)[C@H](O)[C@@H]1O,RZZPDXZPRHQOCG-INCVAACISA-N,488.10733091199995,-2.2304999999999957,C[N+](C)(C)CCOP(=O)([O-])OP(=O)(O)OC[C@H]1OC(n2ccc(N)nc2=O)[C@H](O)[C@@H]1O,CITICOLINE,1.0575,0.89642,0.97696,
86262088,CC(=O)NC1CCSC1=O,NRFJZTXWLKPZAV-UHFFFAOYSA-N,159.035399528,0.15460000000000013,CC(=O)NC1CCSC1=O,CITIOLONE,0.96164,0.87954,0.92059,
52102449,O=C(O)CC(O)(CC(=O)O)C(=O)O,KRKNYBCHXYNGOX-UHFFFAOYSA-N,192.02700259600002,-1.2484999999999995,O=C(O)CC(O)(CC(=O)O)C(=O)O,CITRIC ACID,0.97478,0.94951,0.962145,
53136951,CC1=C2C(=CO[C@H](C)[C@H]2C)C(O)=C(C(=O)O)C1=O,CQIUKKVOEOPUDV-IYSWYEEDSA-N,250.084123548,1.721,CC1=C2C(=CO[C@H](C)[C@H]2C)C(O)=C(C(=O)O)C1=O,CITRININ,0.86143,0.82529,0.84336,
10001745,CC(C)=CCC[C@@H](C)CC=O,NEHNMFOYXAPHSD-SNVBAGLBSA-N,154.135765196,2.9579000000000013,CC(C)=CCC[C@@H](C)CC=O,CITRONELLAL (R+),0.95148,0.93742,0.94445,
87944816,COc1cc(OC)c2ccc(=O)oc2c1,NXJCRELRQHZBQA-UHFFFAOYSA-N,206.0579088,1.8102,COc1cc(OC)c2ccc(=O)oc2c1,CITROPTEN,0.70226,0.83422,0.76824,
85334239,NC(=O)NCCC[C@H](N)C(=O)O,RHGKLRLOHDJJDR-BYPYZUCNSA-N,175.095691276,-1.1531999999999993,NC(=O)NCCC[C@H](N)C(=O)O,CITRULLINE,0.8786,0.95894,0.91877,
31212175,CC[C@H]1OC(=O)[C@H](C)[C@@H](O[C@H]2C[C@@](C)(OC)[C@@H](O)[C@H](C)O2)[C@H](C)[C@@H](O[C@@H]2O[C@H](C)C[C@H](N(C)C)[C@H]2O)[C@](C)(OC)C[C@@H](C)C(=O)[C@H](C)[C@@H](O)[C@]1(C)O,AGOYDEPGAOXOCK-KCBOHYOISA-N,747.476891268,2.439700000000004,CC[C@H]1OC(=O)[C@H](C)[C@@H](O[C@H]2C[C@@](C)(OC)[C@@H](O)[C@H](C)O2)[C@H](C)[C@@H](O[C@@H]2O[C@H](C)C[C@H](N(C)C)[C@H]2O)[C@](C)(OC)C[C@@H](C)C(=O)[C@H](C)[C@@H](O)[C@]1(C)O,CLARITHROMYCIN,0.17893,0.15527,0.1671,
12625224,O=C(O)[C@H]1/C(=C/CO)O[C@@H]2CC(=O)N21.[LiH],TZEKKJSZIPSHNY-GPJOBVNKSA-N,207.07190197,-1.7441000000000002,O=C(O)[C@H]1/C(=C/CO)O[C@@H]2CC(=O)N21.[LiH],CLAVULANATE LITHIUM,0.14956,0.17566,0.16261,
21809381,CN1CCC[C@@H]1CCO[C@](C)(c1ccccc1)c1ccc(Cl)cc1.O=C(O)/C=C/C(=O)O,PMGQWSIVQFOFOQ-MUCZFFFMSA-N,459.1812507399999,4.816200000000003,CN1CCC[C@@H]1CCO[C@](C)(c1ccccc1)c1ccc(Cl)cc1.O=C(O)/C=C/C(=O)O,CLEMASTINE FUMARATE,1.0192,1.2054,1.1123,
84238546,Cl.Clc1ccc(Cn2c(CN3CCCC3)nc3ccccc32)cc1,DNFMJYXRIMLMBZ-UHFFFAOYSA-N,361.11125303200004,4.755600000000004,Cl.Clc1ccc(Cn2c(CN3CCCC3)nc3ccccc32)cc1,CLEMIZOLE HYDROCHLORIDE,0.77329,0.81537,0.79433,
61381080,CC(C)(C)NCC(O)c1cc(Cl)c(N)c(Cl)c1.Cl,OPXKTCUYRHXSBK-UHFFFAOYSA-N,312.056296268,3.418900000000001,CC(C)(C)NCC(O)c1cc(Cl)c(N)c(Cl)c1.Cl,CLENBUTEROL HYDROCHLORIDE,1.1544,1.2787,1.21655,
68656276,C[C@@H]1CC[C@]2(C)C(C=O)=CCC[C@H]2[C@@]1(C)CC1OC(O)C(=O)[C@]12CO2,TYEWCIUNKYTNGK-ISJFFHDNSA-N,348.1936739959999,2.4096,C[C@@H]1CC[C@]2(C)C(C=O)=CCC[C@H]2[C@@]1(C)CC1OC(O)C(=O)[C@]12CO2,"CLEROCIDIN
equilibrates in solution between monomer and dimer [links*]",0.12618,0.16742,0.1468,
36247901,C[N+]12CCC(CC1)C(OC(=O)C(O)(c1ccccc1)c1ccccc1)C2.[Br-],GKEGFOKQMZHVOW-UHFFFAOYSA-M,431.109605792,-0.291499999999999,C[N+]12CCC(CC1)C(OC(=O)C(O)(c1ccccc1)c1ccccc1)C2.[Br-],CLIDINIUM BROMIDE,0.8444,1.0682,0.9563,
68186255,CC(C)(C)C(=O)C(Oc1ccc(Cl)cc1)n1ccnc1,OWEGWHBOCFMBLP-UHFFFAOYSA-N,292.097855464,3.729300000000002,CC(C)(C)C(=O)C(Oc1ccc(Cl)cc1)n1ccnc1,CLIMBAZOLE,0.95583,1.1148,1.035315,
52044757,Cl.NC1CCN(c2c(F)cc3c(=O)c(C(=O)O)cn(C4CC4)c3c2Cl)C1,BMACYHMTJHBPOX-UHFFFAOYSA-N,401.070925016,2.7863000000000016,Cl.NC1CCN(c2c(F)cc3c(=O)c(C(=O)O)cn(C4CC4)c3c2Cl)C1,CLINAFOXACIN HYDROCHLORIDE,0.13331,0.15598,0.144645,
14715171,CCC[C@@H]1C[C@@H](C(=O)N[C@@H](C2O[C@H](SC)[C@H](O)[C@@H](O)[C@H]2O)[C@H](C)Cl)N(C)C1.Cl,AUODDLQVRAJAJM-PTTDBYGSSA-N,460.156548548,0.8112999999999999,CCC[C@@H]1C[C@@H](C(=O)N[C@@H](C2O[C@H](SC)[C@H](O)[C@@H](O)[C@H]2O)[C@H](C)Cl)N(C)C1.Cl,CLINDAMYCIN HYDROCHLORIDE,0.44364,0.53504,0.48934,
25959006,CCCCCCCCCCCCCCCC(=O)O[C@@H]1[C@@H](O)[C@@H](O)C([C@H](NC(=O)[C@@H]2C[C@@H](CCC)CN2C)[C@H](C)Cl)O[C@@H]1SC.Cl,GTNDZRUWKHDICY-MHBVHFIZSA-N,698.3862141280001,6.843500000000008,CCCCCCCCCCCCCCCC(=O)O[C@@H]1[C@@H](O)[C@@H](O)C([C@H](NC(=O)[C@@H]2C[C@@H](CCC)CN2C)[C@H](C)Cl)O[C@@H]1SC.Cl,CLINDAMYCIN PALMITATE HYDROCHLORIDE,0.838,0.81866,0.82833,
19174112,Oc1c(I)cc(Cl)c2cccnc12,QCDFBFJGMNKBDO-UHFFFAOYSA-N,304.9104394600001,3.1984000000000004,Oc1c(I)cc(Cl)c2cccnc12,CLIOQUINOL,0.57861,0.76386,0.671235,
82084184,CCC(=O)O[C@]1(C(=O)CCl)[C@@H](C)CC2C3CCC4=CC(=O)C=C[C@]4(C)[C@@]3(F)[C@@H](O)C[C@@]21C,CBGUOGMQLZIXBE-BHPVMOEKSA-N,466.19223002399997,4.103100000000003,CCC(=O)O[C@]1(C(=O)CCl)[C@@H](C)CC2C3CCC4=CC(=O)C=C[C@]4(C)[C@@]3(F)[C@@H](O)C[C@@]21C,CLOBETASOL PROPIONATE,0.90272,0.98214,0.94243,
71593568,CC(C)/N=c1\cc2n(-c3ccc(Cl)cc3)c3ccccc3nc-2cc1Nc1ccc(Cl)cc1,WDQPAMHFFCXSNU-UHFFFAOYSA-N,472.12215206400003,7.489800000000005,CC(C)/N=c1\cc2n(-c3ccc(Cl)cc3)c3ccccc3nc-2cc1Nc1ccc(Cl)cc1,CLOFAZIMINE,1.0314,1.0587,1.04505,
11459695,CCOC(=O)C(C)(C)Oc1ccc(Cl)cc1,KNHUKKLJHYUCFP-UHFFFAOYSA-N,242.07097202,3.060500000000001,CCOC(=O)C(C)(C)Oc1ccc(Cl)cc1,CLOFIBRATE,1.223,1.3055,1.26425,
77171639,CC(C)(Oc1ccc(Cl)cc1)C(=O)O,TXCGAZHTZHNUAI-UHFFFAOYSA-N,214.039671892,2.582,CC(C)(Oc1ccc(Cl)cc1)C(=O)O,CLOFIBRIC ACID,1.1796,1.121,1.1503,
56824688,CC(C)(C)CC(C)(C)c1ccc(O)c(Cc2ccc(Cl)cc2Cl)c1,HQVZOORKDNCGCK-UHFFFAOYSA-N,364.13607081199996,7.003600000000006,CC(C)(C)CC(C)(C)c1ccc(O)c(Cc2ccc(Cl)cc2Cl)c1,CLOFOCTOL,1.5542,1.6947,1.62445,
58751177,CCN(CC)CCOc1ccc(/C(=C(\Cl)c2ccccc2)c2ccccc2)cc1.O=C(O)CC(O)(CC(=O)O)C(=O)O,PYTMYKVIJXPNBD-UHFFFAOYSA-N,597.2129447919999,5.314100000000005,CCN(CC)CCOc1ccc(/C(=C(\Cl)c2ccccc2)c2ccccc2)cc1.O=C(O)CC(O)(CC(=O)O)C(=O)O,CLOMIPHENE CITRATE,0.61455,0.76147,0.68801,
76885418,CN(C)CCCN1c2ccccc2CCc2ccc(Cl)cc21.Cl,WIMWMKZEIBHDTH-UHFFFAOYSA-N,350.131654128,4.950200000000005,CN(C)CCCN1c2ccccc2CCc2ccc(Cl)cc21.Cl,CLOMIPRAMINE HYDROCHLORIDE,0.9345,1.2695,1.102,
41402478,Cl.Clc1cccc(Cl)c1N=C1NCCN1,ZNIFSRGNXRYGHF-UHFFFAOYSA-N,264.99403036,2.5955000000000004,Cl.Clc1cccc(Cl)c1N=C1NCCN1,CLONIDINE HYDROCHLORIDE,1.0379,1.1469,1.0924,
99131124,Cc1c(Cl)cccc1Nc1ncccc1C(=O)O,CLOMYZFHNHFSIQ-UHFFFAOYSA-N,262.050905272,3.485220000000001,Cc1c(Cl)cccc1Nc1ncccc1C(=O)O,CLONIXIN,0.97285,0.80697,0.88991,
34426411,Cl.Clc1ccc(C(OCCN2CCCCC2)c2ccccc2)cc1,UNPLRYRWJLTVAE-UHFFFAOYSA-N,365.13131978,5.353700000000005,Cl.Clc1ccc(C(OCCN2CCCCC2)c2ccccc2)cc1,CLOPERASTINE HYDROCHLORIDE,0.78707,0.852,0.819535,
17439722,COC(=O)[C@H](c1ccccc1Cl)N1CCc2sccc2C1.O=S(=O)(O)O,FDEODCTUSIWGLK-RSAXXLAASA-N,419.02640697599986,3.0211000000000006,COC(=O)[C@H](c1ccccc1Cl)N1CCc2sccc2C1.O=S(=O)(O)O,CLOPIDOGREL SULFATE,1.2881,1.0392,1.16365,
89120876,Cc1nc(C)c(Cl)c(O)c1Cl,ZDPIZLCVJAAHHR-UHFFFAOYSA-N,190.990469204,2.7108400000000015,Cc1nc(C)c(Cl)c(O)c1Cl,CLOPIDOL,0.77448,0.88627,0.830375,
73478996,C#CCN(C)CCCOc1ccc(Cl)cc1Cl.Cl,BBAZDLONIUABKI-UHFFFAOYSA-N,307.029747172,3.7491000000000034,C#CCN(C)CCCOc1ccc(Cl)cc1Cl.Cl,CLORGILINE HYDROCHLORIDE,0.83936,0.87601,0.857685,
10082645,Nc1cc(C(Cl)=C(Cl)Cl)c(S(N)(=O)=O)cc1S(N)(=O)=O,QOVTVIYTBRHADL-UHFFFAOYSA-N,378.90218077599997,0.9060999999999999,Nc1cc(C(Cl)=C(Cl)Cl)c(S(N)(=O)=O)cc1S(N)(=O)=O,CLORSULON,1.3236,1.1829,1.25325,
68502508,Cc1cc(C(C#N)c2ccc(Cl)cc2)c(Cl)cc1NC(=O)c1cc(I)cc(I)c1O,JMPFSEBWVLAJKM-UHFFFAOYSA-N,661.852179048,7.124400000000003,Cc1cc(C(C#N)c2ccc(Cl)cc2)c(Cl)cc1NC(=O)c1cc(I)cc(I)c1O,CLOSANTEL,1.5238,1.2944,1.4091,
73398722,Clc1ccccc1C(c1ccccc1)(c1ccccc1)n1ccnc1,VNFPBHJOKIVQEB-UHFFFAOYSA-N,344.10802622400007,5.376700000000004,Clc1ccccc1C(c1ccccc1)(c1ccccc1)n1ccnc1,CLOTRIMAZOLE,2.0539,1.8444,1.94915,
92565249,Cc1onc(-c2ccccc2Cl)c1C(=O)N[C@@H]1C(=O)N2[C@@H]1SC(C)(C)[C@@H]2C(=O)[O-].[Na+],SCLZRKVZRBKZCR-SLINCCQESA-M,457.047513604,-1.7819799999999968,Cc1onc(-c2ccccc2Cl)c1C(=O)N[C@@H]1C(=O)N2[C@@H](C(=O)[O-])C(C)(C)S[C@H]12.[Na+],CLOXACILLIN SODIUM,0.93509,1.1364,1.035745,
77595738,Oc1ccc(Cl)c2cccnc12,CTQMJYWDVABFRZ-UHFFFAOYSA-N,179.013791492,2.5938000000000008,Oc1ccc(Cl)c2cccnc12,CLOXYQUIN,0.16469,0.19928,0.181985,
11296864,CN1CCN(C2=Nc3cc(Cl)ccc3Nc3ccccc32)CC1,QZUDBNBUXVUHMW-UHFFFAOYSA-N,326.129824288,3.7227000000000023,CN1CCN(C2=Nc3cc(Cl)ccc3Nc3ccccc32)CC1,CLOZAPINE,0.98261,0.8505,0.916555,
69860897,COc1cc2c(c(OC)c1OC)-c1ccc(O)c(=O)cc1[C@@H](NC(C)=O)CC2,PRGILOMAMBLWNG-HNNXBMFYSA-N,385.15253745600006,2.568600000000001,COc1cc2c(c(OC)c1OC)-c1ccc(O)c(=O)cc1[C@@H](NC(C)=O)CC2,COLCHICEINE,1.0107,0.97976,0.99523,
89141052,COc1cc2c(c(OC)c1OC)-c1ccc(OC)c(=O)cc1[C@@H](NC(C)=O)CC2,IAKHMKGGTNLKSZ-INIZCTEOSA-N,399.16818752,2.871600000000001,COc1cc2c(c(OC)c1OC)-c1ccc(OC)c(=O)cc1[C@@H](NC(C)=O)CC2,COLCHICINE,1.2948,0.97457,1.134685,
15443243,CCCCCCCCCCNCCC.CCCN.CCCNCCCCCC[N+](C)(C)C.ClCC1CO1,XNOCJXKFGRIXTK-UHFFFAOYSA-N,551.53891702409,7.358400000000008,CCCCCCCCCCNCCC.CCCN.CCCNCCCCCC[N+](C)(C)C.ClCC1CO1,COLESEVALAM HYDROCHLORIDE (high mol wt copolymer @ 5mg/ml),1.0578,1.0556,1.0567,
11405331,C=C[C@@]1(C)CC(=O)[C@@]2(O)[C@](C)(O1)[C@@H](OC(C)=O)[C@@H](O)C1C(C)(C)CC[C@H](O)[C@@]12C,OHCQJHSOBUTRHG-VDCUXWMXSA-N,410.230453428,1.5198999999999987,C=C[C@@]1(C)CC(=O)[C@@]2(O)[C@](C)(O1)[C@@H](OC(C)=O)[C@@H](O)C1C(C)(C)CC[C@H](O)[C@@]12C,COLFORSIN,0.87183,0.91101,0.89142,
16794485,CCC(C)C1NC(=O)C(CCNCS(=O)(=O)[O-])NC(=O)C(NC(=O)C(CCNCS(=O)(=O)[O-])NC(=O)C(NC(=O)C(CCNCS(=O)(=O)[O-])NC(=O)CCCCC(C)C)C(C)O)CCNC(=O)C(C(C)O)NC(=O)C(CCNCS(=O)(=O)[O-])NC(=O)C(CCNCS(=O)(=O)[O-])NC(=O)C(C(C)CC)NC1=O.[Na+].[Na+].[Na+].[Na+].[Na+],LYQBWQQPMNCRCJ-UHFFFAOYSA-I,1734.521973055999,-25.143500000000042,CCC(C)C1NC(=O)C(CCNCS(=O)(=O)[O-])NC(=O)C(NC(=O)C(CCNCS(=O)(=O)[O-])NC(=O)C(NC(=O)C(CCNCS(=O)(=O)[O-])NC(=O)CCCCC(C)C)C(C)O)CCNC(=O)C(C(C)O)NC(=O)C(CCNCS(=O)(=O)[O-])NC(=O)C(CCNCS(=O)(=O)[O-])NC(=O)C(C(C)CC)NC1=O.[Na+].[Na+].[Na+].[Na+].[Na+],COLISTIMETHATE SODIUM,0.14373,0.17253,0.15813,
32780990,CCC(C)C1NC(=O)C(CCN)NC(=O)C(NC(=O)C(CCN)NC(=O)C(NC(=O)C(CCN)NC(=O)CCCCC(C)C)C(C)O)CCNC(=O)C(C(C)O)NC(=O)C(CCN)NC(=O)C(CCN)NC(=O)C(C(C)CC)NC1=O.O=S(=O)(O)O.O=S(=O)(O)O,GQOWKFKFLXZQFI-UHFFFAOYSA-N,1350.684686283999,-7.137099999999984,CCC(C)C1NC(=O)C(CCN)NC(=O)C(NC(=O)C(CCN)NC(=O)C(NC(=O)C(CCN)NC(=O)CCCCC(C)C)C(C)O)CCNC(=O)C(C(C)O)NC(=O)C(CCN)NC(=O)C(CCN)NC(=O)C(C(C)CC)NC1=O.O=S(=O)(O)O.O=S(=O)(O)O,COLISTIN SULFATE,0.12177,0.14595,0.13386,
32047142,C[C@H]1[C@H]2CCC3C4CC=C5C[C@@H](N(C)C)CC[C@]5(C)C4CC[C@@]32CN1C,GPLGAQQQNWMVMM-YHQZIGKZSA-N,356.31914928,4.809600000000005,C[C@H]1[C@H]2CCC3C4CC=C5C[C@@H](N(C)C)CC[C@]5(C)C4CC[C@@]32CN1C,CONESSINE,1.1443,1.2072,1.17575,
93880934,C[C@@H]1O[C@@H](O[C@H]2CC[C@]3(C=O)C4CC[C@]5(C)[C@@H](C6=CC(=O)OC6)CC[C@]5(O)C4CC[C@]3(O)C2)[C@H](O)[C@H](O)[C@H]1O,HULMNSIAKWANQO-OKPGQIJDSA-N,550.2777975439999,0.75,C[C@@H]1O[C@@H](O[C@H]2CC[C@]3(C=O)C4CC[C@]5(C)[C@@H](C6=CC(=O)OC6)CC[C@]5(O)C4CC[C@]3(O)C2)[C@H](O)[C@H](O)[C@H]1O,CONVALLATOXIN,1.1188,1.1021,1.11045,
90077226,C[C@]12CCC(=O)C=C1CCC1C2CC[C@@]2(C)C1CC[C@]2(O)C(=O)CO,WHBHBVVOGNECLV-RCSFYLKVSA-N,346.21440943999994,2.810800000000001,C[C@]12CCC3C(CCC4=CC(=O)CC[C@@]43C)C1CC[C@]2(O)C(=O)CO,CORTEXOLONE,0.93577,1.0031,0.969435,
10403935,C[C@]12CCC(=O)C=C1CCC1C2C(=O)C[C@@]2(C)C1CC[C@]2(O)C(=O)CO,MFYSYFVPBJMHGN-BDQMTFAOSA-N,360.1936739959999,1.9898000000000002,C[C@]12CC(=O)C3C(CCC4=CC(=O)CC[C@@]43C)C1CC[C@]2(O)C(=O)CO,CORTISONE,0.9594,0.92522,0.94231,
21510000,CC(=O)OCC(=O)[C@@]1(O)CCC2C3CCC4=CC(=O)CC[C@]4(C)C3C(=O)C[C@@]21C,ITRJWOMZKQRYTA-XLSOAHDVSA-N,402.20423868,2.560600000000001,CC(=O)OCC(=O)[C@@]1(O)CCC2C3CCC4=CC(=O)CC[C@]4(C)C3C(=O)C[C@@]21C,CORTISONE ACETATE,0.87288,1.098,0.98544,
85602669,COC(=O)[C@@H]1C(O)CC[C@H]2CN3CCc4c([nH]c5ccccc45)[C@@H]3C[C@@H]21,BLGXFZZNTVWLAY-CJIGJYAPSA-N,354.194342692,2.647100000000001,COC(=O)[C@@H]1C(O)CC[C@H]2CN3CCc4c([nH]c5ccccc45)[C@@H]3C[C@H]12,CORYNANTHINE,0.9632,1.1955,1.07935,
86812665,COc1c2c(cc3c1OCO3)CC[N+](C)=C2.[Cl-],BWQAGVANIBSWBW-UHFFFAOYSA-M,255.066220988,-1.9547999999999972,COc1c2c(cc3c1OCO3)CC[N+](C)=C2.[Cl-],COTARNINE CHLORIDE,1.0128,1.2129,1.11285,
54766807,CN1C(=O)CC[C@H]1c1cccnc1,UIKROCXWUNQSPJ-VIFPVBQESA-N,176.094963004,1.3749,CN1C(=O)CC[C@H]1c1cccnc1,COTININE,0.84145,0.97122,0.906335,
75153886,O=c1ccc2ccccc2o1,ZYGHJZDHTFUPRJ-UHFFFAOYSA-N,146.036779432,1.793,O=c1ccc2ccccc2o1,COUMARIN,1.1311,1.0014,1.06625,
10102264,CCOP(=S)(OCC)Oc1ccc2c(C)c(Cl)c(=O)oc2c1,BXNANOICGRISHX-UHFFFAOYSA-N,362.0144589219999,4.431120000000004,CCOP(=S)(OCC)Oc1ccc2c(C)c(Cl)c(=O)oc2c1,COUMOPHOS,0.94316,0.92324,0.9332,
10716220,CN1CC(=O)NC1=N,DDRJAANPRJIHGJ-UHFFFAOYSA-N,113.058911844,-1.0172299999999999,CN1CC(=O)NC1=N,CREATININE,0.98862,1.0071,0.99786,
16915019,Cc1ccc(O)cc1,IWDCLRJOBJJRNH-UHFFFAOYSA-N,108.057514876,1.7006199999999998,Cc1ccc(O)cc1,CRESOL,0.83818,1.0348,0.93649,
97009448,CC(=O)Oc1c(C)cccc1C(=O)O,XRBMKGUDDJPAMH-UHFFFAOYSA-N,194.0579088,1.6185200000000002,CC(=O)Oc1c(C)cccc1C(=O)O,CRESOPIRINE,1.1043,0.97477,1.039535,
51294404,COC1C=CC23c4cc5c(cc4CN(C[C@H]2O)[C@@H]3C1)OCO5,YGPRSGKVLATIHT-SVHUJYGOSA-N,301.131408088,1.1866999999999996,COC1C=CC23c4cc5c(cc4CN(C[C@H]2O)[C@@H]3C1)OCO5,CRINAMINE,1.1328,1.1285,1.13065,
93108600,O=C([O-])c1cc(=O)c2c(OCC(O)COc3cccc4oc(C(=O)[O-])cc(=O)c34)cccc2o1.[Na+].[Na+],VLARUOGDXDTHEH-UHFFFAOYSA-L,512.033149828,-6.546899999999996,O=C([O-])c1cc(=O)c2c(OCC(O)COc3cccc4oc(C(=O)[O-])cc(=O)c34)cccc2o1.[Na+].[Na+],CROMOLYN SODIUM,0.79103,1.1926,0.991815,
10758343,C/C=C/C(=O)N(CC)c1ccccc1C,DNTGGZPQPQTDQF-UHFFFAOYSA-N,203.131014164,2.9240200000000014,C/C=C/C(=O)N(CC)c1ccccc1C,CROTAMITON,0.93593,1.0063,0.971115,
25405010,CC(C)(O)CC[C@@H](O)[C@](C)(O)C1CC[C@@]2(O)C3=CC(=O)C4C[C@@H](O)[C@@H](O)C[C@]4(C)C3CC[C@]12C,NKDFYOWSKOHCCO-QNDLOGEDSA-N,480.3087037479999,1.8539999999999994,CC(C)(O)CC[C@@H](O)[C@](C)(O)C1CC[C@@]2(O)C3=CC(=O)C4C[C@@H](O)[C@@H](O)C[C@]4(C)C3CC[C@]12C,CRUSTECDYSONE,0.91418,0.9544,0.93429,
42967930,FC(F)(Cl)C(F)(F)Cl,DDMOUSALMHHKOS-UHFFFAOYSA-N,169.93131824,2.6495999999999995,FC(F)(Cl)C(F)(F)Cl,CRYOFLURANE,1.1828,0.87513,1.028965,
62568718,C[C@H]1COC2=C1C(=O)C(=O)c1c2ccc2c1CCCC2(C)C,GVKKJJOMQCNPGB-JTQLQIEISA-N,296.14124449999997,3.4433000000000025,C[C@H]1COC2=C1C(=O)C(=O)c1c2ccc2c1CCCC2(C)C,CRYPTOTANSHINONE,1.1435,0.99933,1.071415,
10074441,CC(=O)CCc1ccc(OC(C)=O)cc1,UMIKWXDGXDJQJK-UHFFFAOYSA-N,206.094294308,2.1334999999999997,CC(=O)CCc1ccc(OC(C)=O)cc1,CUELURE,0.98042,1.0406,1.01051,
99343412,COc1cc(/C=C/C(=O)/C=C(O)/C=C/c2ccc(O)c(OC)c2)ccc1O,ZIUSSTSXXLLKKK-UHFFFAOYSA-N,368.12598835999995,3.852600000000003,COc1cc(/C=C/C(=O)/C=C(O)/C=C/c2ccc(O)c(OC)c2)ccc1O,CURCUMIN,0.96349,0.8881,0.925795,
84473052,N#CCC(=O)NN,HPHBOJANXDKUQD-UHFFFAOYSA-N,99.04326178,-1.11002,N#CCC(=O)NN,CYACETACIDE,0.89702,0.93679,0.916905,
23395970,Oc1cc(O)c2cc(O)c(-c3ccc(O)c(O)c3)[o+]c2c1.[Cl-],COAWNPJQKJEHPG-UHFFFAOYSA-N,322.02441575200004,-0.08709999999999923,Oc1cc(O)c2cc(O)c(-c3ccc(O)c(O)c3)[o+]c2c1.[Cl-],CYANIDIN CHLORIDE,0.85535,0.99884,0.927095,
89751514,C/C1=C2/N=C(/C=C3\N=C(/C(C)=C4\N=C(C(CC(N)=O)C4(C)CCC(=O)NCC(C)OP(=O)(O)O[C@@H]4[C@@H](CO)OC(n5c[n+]([Co]C#N)c6cc(C)c(C)cc65)[C@@H]4O)C4(C)N=C1C(CCC(N)=O)C4(C)CC(N)=O)C(CCC(N)=O)C3(C)C)C(CCC(N)=O)C2(C)CC(N)=O,OEEKSCBDGPRZJZ-VDFQXXDWSA-N,1354.5668515460895,2.8652200000000123,C/C1=C2/N=C(/C=C3\N=C(/C(C)=C4\N=C(C(CC(N)=O)C4(C)CCC(=O)NCC(C)OP(=O)(O)O[C@@H]4[C@@H](CO)OC(n5c[n+]([Co]C#N)c6cc(C)c(C)cc65)[C@@H]4O)C4(C)N=C1C(CCC(N)=O)C4(C)CC(N)=O)C(CCC(N)=O)C3(C)C)C(CCC(N)=O)C2(C)CC(N)=O,CYANOCOBALAMIN,1.2978,1.1427,1.22025,
86234992,O=S(=O)(O)NC1CCCCC1,HCAJEUSONLESMK-UHFFFAOYSA-N,179.061614276,0.7114999999999998,O=S(=O)(O)NC1CCCCC1,CYCLAMIC ACID,1.001,0.92157,0.961285,
65479627,CC1CC(OC(=O)C(O)c2ccccc2)CC(C)(C)C1,WZHCOOQXZCIUNC-UHFFFAOYSA-N,276.172544628,3.4780000000000024,CC1CC(OC(=O)C(O)c2ccccc2)CC(C)(C)C1,CYCLANDELATE,0.99723,0.90054,0.948885,
24471819,CN1CCN(C(c2ccccc2)c2ccccc2)CC1,UVKZSORBKUEBAZ-UHFFFAOYSA-N,266.178298704,3.0234000000000014,CN1CCN(C(c2ccccc2)c2ccccc2)CC1,CYCLIZINE,0.79234,1.0127,0.90252,
31610000,CN(C)CCC=C1c2ccccc2C=Cc2ccccc21.Cl,VXEAYBOGHINOKW-UHFFFAOYSA-N,311.144077384,4.9756000000000045,CN(C)CCC=C1c2ccccc2C=Cc2ccccc21.Cl,CYCLOBENZAPRINE HYDROCHLORIDE,0.85505,0.78879,0.82192,
95433626,C[C@@H]1C[C@@H]([C@H](O)CC2CC(=O)NC(=O)C2)C(=O)[C@@H](C)C1,YPHMISFOHDHNIV-FSZOTQKASA-N,281.162708216,1.0415,C[C@H]1C[C@H](C)C(=O)[C@H]([C@H](O)CC2CC(=O)NC(=O)C2)C1,CYCLOHEXIMIDE,0.96121,0.91387,0.93754,
21009469,CC1=C2CC3[C@@H](CC=C4C[C@@H](O)CC[C@@]43C)[C@@H]2CC[C@]12O[C@@H]1C[C@H](C)CN[C@H]1[C@H]2C,QASFUMOKHFSJGL-WHNPEMQBSA-N,411.31372955200004,5.0019000000000045,CC1=C2CC3[C@@H](CC=C4C[C@@H](O)CC[C@@]43C)[C@@H]2CC[C@]12O[C@@H]1C[C@H](C)CN[C@H]1[C@H]2C,CYCLOPAMINE,0.92773,0.95138,0.939555,
27654529,CN(C)CCOC(=O)C(c1ccccc1)C1(O)CCCC1.Cl,RHKZVMUBMXGOLL-UHFFFAOYSA-N,327.160121372,2.601900000000001,CN(C)CCOC(=O)C(c1ccccc1)C1(O)CCCC1.Cl,CYCLOPENTOLATE HYDROCHLORIDE,1.1646,1.0201,1.09235,
87548825,O.O=P1(N(CCCl)CCCl)NCCCO1,PWOQRKCAHTVFLB-UHFFFAOYSA-N,278.035384394,1.0593,O.O=P1(N(CCCl)CCCl)NCCCO1,CYCLOPHOSPHAMIDE,1.1839,1.1011,1.1425,
54155605,N[C@@H]1CONC1=O,DYDCUQKUCUHJBH-UWTATZPHSA-N,102.042927432,-1.6249000000000007,N[C@@H]1CONC1=O,CYCLOSERINE (D),0.84088,0.93557,0.888225,
62303598,N[C@H]1CONC1=O,DYDCUQKUCUHJBH-REOHCLBHSA-N,102.042927432,-1.6249000000000007,N[C@H]1CONC1=O,CYCLOSERINE (L),0.96528,0.90007,0.932675,
46323286,C/C=C/CC(C)C(O)C1C(=O)NC(CC)C(=O)N(C)CC(=O)N(C)C(CC(C)C)C(=O)NC(C(C)C)C(=O)N(C)C(CC(C)C)C(=O)NC(C)C(=O)NC(C)C(=O)N(C)C(CC(C)C)C(=O)N(C)C(CC(C)C)C(=O)N(C)C(C(C)C)C(=O)N1C,PMATZTZNYRCHOR-UHFFFAOYSA-N,1201.8413679919997,3.2690000000000046,C/C=C/CC(C)C(O)C1C(=O)NC(CC)C(=O)N(C)CC(=O)N(C)C(CC(C)C)C(=O)NC(C(C)C)C(=O)N(C)C(CC(C)C)C(=O)NC(C)C(=O)NC(C)C(=O)N(C)C(CC(C)C)C(=O)N(C)C(CC(C)C)C(=O)N(C)C(C(C)C)C(=O)N1C,CYCLOSPORINE,1.112,1.0444,1.0782,
75858738,NS(=O)(=O)c1cc2c(cc1Cl)NC(C1CC3C=CC1C3)NS2(=O)=O,BOCUKUHCLICSIY-UHFFFAOYSA-N,389.0270756719999,1.2295000000000003,NS(=O)(=O)c1cc2c(cc1Cl)NC(C1CC3C=CC1C3)NS2(=O)=O,CYCLOTHIAZIDE,0.86632,0.85453,0.860425,
23341536,COc1cc2c(cc1OC)Cc1cc(OC)c(OC)cc1Cc1cc(OC)c(OC)cc1C2,YECHEDVCXXVLIY-UHFFFAOYSA-N,450.20423867999995,4.824000000000004,COc1cc2c(cc1OC)Cc1cc(OC)c(OC)cc1Cc1cc(OC)c(OC)cc1C2,CYCLOVERATRYLENE,0.91726,1.0303,0.97378,
10662880,CC1(C)C(C=C(Cl)Cl)C1C(=O)OC(C#N)c1cccc(Oc2ccccc2)c1,KAATUXNTWXVJKI-UHFFFAOYSA-N,415.074198828,6.177980000000004,CC1(C)C(C=C(Cl)Cl)C1C(=O)OC(C#N)c1cccc(Oc2ccccc2)c1,CYPERMETHRIN,1.1258,1.0954,1.1106,
13970665,CN1CCC(=C2c3ccccc3C=Cc3ccccc32)CC1.Cl,ZPMVNZLARAEGHB-UHFFFAOYSA-N,323.14407738399996,5.119700000000004,CN1CCC(=C2c3ccccc3C=Cc3ccccc32)CC1.Cl,CYPROHEPTADINE HYDROCHLORIDE,0.89318,1.0369,0.96504,
32969161,CC(=O)[C@@]1(O)CCC2C3C=C(Cl)C4=CC(=O)[C@@H]5CC5[C@]4(C)C3CC[C@@]21C,DUSHUSLJJMDGTE-AVWUXPBGSA-N,374.16487240400005,4.036800000000003,CC(=O)[C@@]1(O)CCC2C3C=C(Cl)C4=CC(=O)[C@@H]5CC5[C@]4(C)C3CC[C@@]21C,CYPROTERONE,1.0378,1.0662,1.052,
42942887,CC(=O)O[C@]1(C(C)=O)CCC2C3C=C(Cl)C4=CC(=O)[C@@H]5C[C@@H]5[C@]4(C)C3CC[C@@]21C,UWFYSQMTEOIJJG-WMANOXGZSA-N,416.175437088,4.607600000000004,CC(=O)O[C@]1(C(C)=O)CCC2C3C=C(Cl)C4=CC(=O)[C@@H]5C[C@@H]5[C@]4(C)C3CC[C@@]21C,CYPROTERONE ACETATE,1.0575,1.1313,1.0944,
11066991,Nc1nc(N)nc(NC2CC2)n1,LVQDKIWDGQRHTE-UHFFFAOYSA-N,166.09669431999998,-0.3897000000000006,Nc1nc(N)nc(NC2CC2)n1,CYROMAZINE,1.3875,1.017,1.20225,
11578460,Cl.Cl.NCCSSCCN,YUFRRMZSSPQMOS-UHFFFAOYSA-N,223.99754580799998,1.1288,Cl.Cl.NCCSSCCN,CYSTAMINE DIHYDROCHLORIDE,1.1031,0.98376,1.04343,
10666352,Cl.NCCS,OGMADIBCHLQMIP-UHFFFAOYSA-N,113.00659793599999,0.2967,Cl.NCCS,CYSTEAMINE HYDROCHLORIDE,1.2015,1.0274,1.11445,
64915947,Cl.NC(CS)C(=O)O,IFQSXNOEEPCSLW-UHFFFAOYSA-N,156.996427176,-0.25010000000000004,Cl.NC(CS)C(=O)O,CYSTEINE HYDROCHLORIDE,0.89342,0.90562,0.89952,
38332851,NC(CSSCC(N)C(=O)O)C(=O)O,LEVWYRKDKASIDU-UHFFFAOYSA-N,240.023848864,-0.8083999999999993,NC(CSSCC(N)C(=O)O)C(=O)O,CYSTINE,0.80328,0.8717,0.83749,
81560682,Nc1ccn(C2O[C@H](CO)[C@@H](O)[C@@H]2O)c(=O)n1,UHDGCWIWMRVCDJ-STUHELBRSA-N,243.085520516,-2.563,Nc1ccn(C2O[C@H](CO)[C@@H](O)[C@@H]2O)c(=O)n1,CYTARABINE,1.1469,1.0406,1.09375,
63614264,Nc1ccn(C2O[C@H](CO)[C@@H](O)[C@H]2O)c(=O)n1,UHDGCWIWMRVCDJ-ZRTZXPPTSA-N,243.085520516,-2.563,Nc1ccn(C2O[C@H](CO)[C@@H](O)[C@H]2O)c(=O)n1,CYTIDINE,1.0701,1.1474,1.10875,
99927602,O=c1cccc2n1C[C@H]1CNCC2C1,ANJTVLIZGCUXLD-VEDVMXKPSA-N,190.110613068,0.5549999999999999,O=c1cccc2n1C[C@H]1CNCC2C1,CYTISINE,1.2936,0.99306,1.14333,
91747862,OC[C@H]1O[C@](O)(CO)[C@@H](O)[C@@H]1O,RFSUNEUAIZKAJO-ARQDHWQXSA-N,180.063388104,-3.2197999999999998,OC[C@H]1O[C@](O)(CO)[C@@H](O)[C@@H]1O,D-(-)-FRUCTOSE ,1.107,1.0866,1.0968,
76010512,OC[C@H]1O[C@H](O[C@H]2[C@H](O)[C@@H](O)[C@H](O)O[C@@H]2CO)[C@H](O)[C@@H](O)[C@@H]1O,GUBGYTABKSRVRQ-QUYVBRFLSA-N,342.11621152399994,-5.397199999999993,OC[C@H]1O[C@H](O[C@@H]2[C@@H](CO)O[C@@H](O)[C@H](O)[C@H]2O)[C@H](O)[C@@H](O)[C@@H]1O,D-(+)-MALTOSE,0.94567,1.0978,1.021735,
70862746,O=C1O[C@H]([C@H](O)CO)C(O)=C1O,CIWBSHSKHKDKBQ-DUZGATOHSA-N,176.032087976,-1.4073999999999995,O=C1O[C@H]([C@H](O)CO)C(O)=C1O,D-ERYTHOBIC ACID,1.0333,1.067,1.05015,
65825796,O.OC[C@@H](O)C(O[C@@H]1O[C@H](CO)[C@H](O)[C@H](O)[C@H]1O)[C@H](O)[C@@H](O)CO,LXMBXZRLTPSWCR-ORTLXSBDSA-N,362.1424262719999,-6.585899999999991,O.OC[C@H](O)[C@@H](O)C(O[C@@H]1O[C@H](CO)[C@H](O)[C@H](O)[C@H]1O)[C@H](O)CO,D-LACTITOL MONOHYDRATE,0.99839,1.0822,1.040295,
92162184,C=C(C)C1CC=C(C)CC1,XMGQYMWWDOXHJM-UHFFFAOYSA-N,136.125200512,3.308900000000002,C=C(C)C1CC=C(C)CC1,d-LIMONENE,0.81187,1.2042,1.008035,
67448580,Cl.N[C@H](Cc1ccccc1)C(=O)O,ZAIZDXVMSSDZFA-DDWIOCJRSA-N,201.055656304,1.0628,Cl.N[C@H](Cc1ccccc1)C(=O)O,D-PHENYLALANINE,0.95291,0.9221,0.937505,
33286708,NC(C(=O)O)C(O)C(=O)O,YYLQUHNPNCGKJQ-UHFFFAOYSA-N,149.032422324,-2.1561999999999997,NC(C(=O)O)C(O)C(=O)O,"d,l-threo-3-HYDROXYASPARTIC ACID",1.0044,1.1636,1.084,
28091840,CCCCCCOC(=O)/N=C(\N)c1ccc(NCc2nc3cc(C(=O)N(CCC(=O)OCC)c4ccccn4)ccc3n2C)cc1.CS(=O)(=O)O,XETBXHPXHHOLOE-UHFFFAOYSA-N,723.3050324000001,5.106600000000005,CCCCCCOC(=O)/N=C(\N)c1ccc(NCc2nc3cc(C(=O)N(CCC(=O)OCC)c4ccccn4)ccc3n2C)cc1.CS(=O)(=O)O,DABIGATRAN ETEXILATE MESYLATE,1.1525,0.98214,1.06732,
63912587,CN(C)/N=N/c1[nH]cnc1C(N)=O,FDKXTQMXEQVLRF-UHFFFAOYSA-N,182.09160894,0.0688999999999999,CN(C)/N=N/c1[nH]cnc1C(N)=O,DACARBAZINE,0.14144,0.16943,0.155435,
72766875,Cc1c2oc3c(C)ccc(C(=O)OC(C)C4NC(=O)C(C(C)C)N(C)C(=O)CN(C)C(=O)C5CCCN5C(=O)C(C(C)C)NC4=O)c3nc-2c(C(=O)OC(C)C2NC(=O)C(C(C)C)N(C)C(=O)CN(C)C(=O)C3CCCN3C(=O)C(C(C)C)NC2=O)c(N)c1=O,QKRYGAZNLBVXHK-UHFFFAOYSA-N,1254.6284746719996,0.725640000000003,Cc1c2oc3c(C)ccc(C(=O)OC(C)C4NC(=O)C(C(C)C)N(C)C(=O)CN(C)C(=O)C5CCCN5C(=O)C(C(C)C)NC4=O)c3nc-2c(C(=O)OC(C)C2NC(=O)C(C(C)C)N(C)C(=O)CN(C)C(=O)C3CCCN3C(=O)C(C(C)C)NC2=O)c(N)c1=O,DACTINOMYCIN,0.1432,0.20167,0.172435,
60740184,O=c1c(-c2ccc(O)cc2)coc2cc(O)ccc12,ZQSIJRDFPHDXIC-UHFFFAOYSA-N,254.0579088,2.871200000000001,O=c1c(-c2ccc(O)cc2)coc2cc(O)ccc12,DAIDZEIN,1.1416,0.91711,1.029355,
15102326,C=CC(C1=CC(=O)C=CC1=O)c1ccccc1,GHCDJBVCFINEBQ-UHFFFAOYSA-N,224.083729624,2.590600000000001,C=CC(C1=CC(=O)C=CC1=O)c1ccccc1,DALBERGIONE,1.0358,0.92552,0.98066,
95280717,C#C[C@]1(O)CCC2C3CCC4=Cc5oncc5C[C@]4(C)C3CC[C@@]21C,POZRVZJJTULAOH-GSQPBCFPSA-N,337.20417910400005,4.221000000000004,C#C[C@]1(O)CCC2C3CCC4=Cc5oncc5C[C@]4(C)C3CC[C@@]21C,DANAZOL,1.1734,1.0647,1.11905,
12015768,O=C1c2cccc(O)c2C(=O)c2c(O)cccc21,QBPFLULOKWLNNW-UHFFFAOYSA-N,240.042258736,1.873199999999999,O=C1c2cccc(O)c2C(=O)c2c(O)cccc21,DANTHRON,1.2483,0.95073,1.099515,
32663544,O=C1CN(/N=C/c2ccc(-c3ccc([N+](=O)[O-])cc3)o2)C(=O)[N-]1.[Na+],KSRLIXGNPXAZHD-UHFFFAOYSA-M,336.047063668,-0.47140000000000026,O=C1CN(/N=C/c2ccc(-c3ccc([N+](=O)[O-])cc3)o2)C(=O)[N-]1.[Na+],DANTROLENE SODIUM,1.0392,0.85893,0.949065,
10990854,CCOc1ccc(Cc2cc([C@@H]3O[C@H](CO)[C@@H](O)[C@H](O)[C@H]3O)ccc2Cl)cc1,JVHXJTBJCFBINQ-ADAARDCZSA-N,408.1339662,1.8443999999999996,CCOc1ccc(Cc2cc([C@@H]3O[C@H](CO)[C@@H](O)[C@H](O)[C@H]3O)ccc2Cl)cc1,DAPAGLIFLOZIN,1.0731,0.97729,1.025195,
90152304,CN(C)[C@@H](CCOc1cccc2ccccc12)c1ccccc1.Cl,IHWDIQRWYNMKFM-BDQAORGHSA-N,341.154642068,5.3334000000000055,CN(C)[C@@H](CCOc1cccc2ccccc12)c1ccccc1.Cl,DAPOXETINE HYDROCHLORIDE,0.59723,0.42907,0.51315,
14836842,Nc1ccc(S(=O)(=O)c2ccc(N)cc2)cc1,MQJKPEGWNLWLTK-UHFFFAOYSA-N,248.061948624,1.6838000000000002,Nc1ccc(S(=O)(=O)c2ccc(N)cc2)cc1,DAPSONE,1.0258,1.0468,1.0363,
33905076,Br.NC(=O)C(c1ccccc1)(c1ccccc1)C1CCN(CCc2ccc3c(c2)CCO3)C1,UQAVIASOPREUIT-UHFFFAOYSA-N,506.15689033200005,4.535400000000004,Br.NC(=O)C(c1ccccc1)(c1ccccc1)C1CCN(CCc2ccc3c(c2)CCO3)C1,DARIFENACIN HYDROBROMIDE,1.0425,0.91593,0.979215,
57294144,COc1cccc2c1C(=O)c1c(O)c3c(c(O)c1C2=O)C[C@@](O)(C(C)=O)C[C@@H]3O[C@H]1C[C@H](N)[C@H](O)[C@H](C)O1.Cl,GUGHGUXZJWAIAS-QQYBVWGSSA-N,563.1558238399999,1.4506999999999997,COc1cccc2c1C(=O)c1c(O)c3c(c(O)c1C2=O)C[C@@](O)(C(C)=O)C[C@@H]3O[C@H]1C[C@H](N)[C@H](O)[C@H](C)O1.Cl,DAUNORUBICIN HYDROCHLORIDE,0.53303,0.59165,0.56234,
22476913,CC1(C)C(=O)C=C[C@@]2(C)C1CC(=O)[C@]1(C)C2CC[C@@]2(C)[C@H](c3ccoc3)OC(=O)[C@H]3O[C@]321,PMISPNORJONCHB-DKBZVKCESA-N,438.2042386799999,4.198100000000003,CC1(C)C(=O)C=C[C@@]2(C)C1CC(=O)[C@]1(C)C2CC[C@@]2(C)[C@H](c3ccoc3)OC(=O)[C@H]3O[C@]321,DEACETOXY-7-OXOGEDUNIN,0.91758,0.99513,0.956355,
98032624,CC1(C)C(=O)C=C[C@@]2(C)C1C[C@@H](O)[C@]1(C)C2CC[C@@]2(C)[C@H](c3ccoc3)OC(=O)[C@H]3O[C@]321,HCEYJYMNIQHPPK-NIANHESQSA-N,440.2198887439999,3.989900000000003,CC1(C)C(=O)C=C[C@@]2(C)C1C[C@@H](O)[C@]1(C)C2CC[C@@]2(C)[C@H](c3ccoc3)OC(=O)[C@H]3O[C@]321,DEACETYLGEDUNIN,0.93378,1.106,1.01989,
32482201,N=C(N)N1CCc2ccccc2C1.O=S(=O)(O)O,SVYNLIRHKQCPNE-UHFFFAOYSA-N,273.07832696,0.2853699999999998,N=C(N)N1CCc2ccccc2C1.O=S(=O)(O)O,DEBRISOQUIN SULFATE,0.84869,1.0087,0.928695,
54659231,C[N+](C)(C)CCCCCCCCCC[N+](C)(C)C.[Br-].[Br-],HLXQFVXURMXRPU-UHFFFAOYSA-L,416.1401734159999,-2.4723999999999915,C[N+](C)(C)CCCCCCCCCC[N+](C)(C)C.[Br-].[Br-],DECAMETHONIUM BROMIDE,1.0776,0.91276,0.99518,
64382489,CCCCCCCCCCOc1cc2c(O)c(C(=O)OCC)cnc2cc1OCC,JHAYEQICABJSTP-UHFFFAOYSA-N,417.25152322,6.035300000000007,CCCCCCCCCCOc1cc2c(O)c(C(=O)OCC)cnc2cc1OCC,DECOQUINATE [5mM],1.9394,1.0453,1.49235,
38993215,O=C(O)c1ccc(-n2nc(-c3ccccc3O)nc2-c2ccccc2O)cc1,BOFQWVMAQOTZIW-UHFFFAOYSA-N,373.10625596,3.710700000000001,O=C(O)c1ccc(-n2nc(-c3ccccc3O)nc2-c2ccccc2O)cc1,DEFERASIROX ,1.1474,1.1609,1.15415,
67614997,Cc1c(O)c(=O)ccn1C,TZXKOCQBRNJULO-UHFFFAOYSA-N,139.063328528,0.39931999999999984,Cc1c(O)c(=O)ccn1C,DEFERIPRONE,0.83368,0.80943,0.821555,
61753075,CC(=O)N(O)CCCCCNC(=O)CCC(=O)N(O)CCCCCNC(=O)CCC(=O)N(O)CCCCCN.CS(=O)(=O)O,IDDIJAWJANBQLJ-UHFFFAOYSA-N,656.3414774840002,0.42610000000000686,CC(=O)N(O)CCCCCNC(=O)CCC(=O)N(O)CCCCCNC(=O)CCC(=O)N(O)CCCCCN.CS(=O)(=O)O,DEFEROXAMINE MESYLATE,1.0123,0.95408,0.98319,
91913815,CC(=O)OCC(=O)[C@@]12N=C(C)O[C@@H]1CC1C3CCC4=CC(=O)C=C[C@]4(C)C3[C@@H](O)C[C@@]12C,FBHSPRKOSMHSIF-JEHHHYCTSA-N,441.21513771199994,2.5632,CC(=O)OCC(=O)[C@@]12N=C(C)O[C@@H]1CC1C3CCC4=CC(=O)C=C[C@]4(C)C3[C@@H](O)C[C@@]12C,DEFLAZACORT,0.97519,0.88603,0.93061,
65490291,COc1cc2c(cc1OC)[C@@H]1C(=O)c3ccc4c(c3O[C@@H]1CO2)C=CC(C)(C)O4,ORDAZKGHSNRHTD-UXHICEINSA-N,394.14163842399995,4.007900000000003,COc1cc2c(cc1OC)[C@@H]1C(=O)c3ccc4c(c3O[C@@H]1CO2)C=CC(C)(C)O4,DEGUELIN(-),1.3997,1.56,1.47985,
12460091,CC(=O)C1C(=O)C=C(C)OC1=O,PGRHXDWITVMQBC-UHFFFAOYSA-N,168.042258736,0.22130000000000005,CC(=O)C1C(=O)C=C(C)OC1=O,DEHYDROACETIC ACID,0.87125,0.99879,0.93502,
39651250,C[C@H](CCC(=O)[O-])[C@H]1CCC2C3C(=O)CC4CC(=O)CC[C@]4(C)C3CC(=O)[C@@]21C.[Na+],FKJIJBSJQSMPTI-FHVQCLKSSA-M,424.222568436,-0.25739999999999585,C[C@H](CCC(=O)[O-])[C@H]1CCC2C3C(=O)CC4CC(=O)CC[C@]4(C)C3CC(=O)[C@@]21C.[Na+],DEHYDROCHOLATE SODIUM,1.1777,1.0713,1.1245,
87842852,CC(CCC(=O)O)[C@H]1CCC2C3C(=O)C[C@@H]4CC(=O)CC[C@]4(C)C3CC(=O)[C@@]21C,OHXPGWPVLFPUSM-IWYXHJQRSA-N,402.24062418799997,4.073300000000003,CC(CCC(=O)O)[C@H]1CCC2C3C(=O)C[C@@H]4CC(=O)CC[C@]4(C)C3CC(=O)[C@@]21C,DEHYDROCHOLIC ACID,0.93604,0.99867,0.967355,
25498093,COc1cc2c(cc1OC)-c1c(oc3c4c(ccc3c1=O)OC(C)(C)C=C4)CO2,NGQVFILFHVPLFE-UHFFFAOYSA-N,392.12598835999995,4.553800000000004,COc1cc2c(cc1OC)-c1c(oc3c4c(ccc3c1=O)OC(C)(C)C=C4)CO2,DEHYDRODEGUELIN,1.0462,1.2466,1.1464,
11221809,C=C(C)C1Cc2c(ccc3c(=O)c4c(oc23)COc2cc(OC)c(OC)cc2-4)O1,GFERNZCCTZEIET-UHFFFAOYSA-N,392.1259883599999,4.249200000000004,C=C(C)C1Cc2c(ccc3c(=O)c4c(oc23)COc2cc(OC)c(OC)cc2-4)O1,DEHYDROROTENONE,1.2415,1.2134,1.22745,
41189161,COc1ccc2c(c1)OCc1c-2oc2cc(OC)ccc12,FLEXCYTURSFUNC-UHFFFAOYSA-N,282.089208928,4.009400000000002,COc1ccc2c(c1)OCc1c-2oc2cc(OC)ccc12,DEHYDROVARIABILIN,1.0375,1.0437,1.0406,
69333430,CCOC(=O)[C@H](CCc1ccccc1)N[C@@H](C)C(=O)N(CC(=O)O)C1Cc2ccccc2C1.Cl,FDJCVHVKXFIEPJ-JCNFZFLDSA-N,488.207799836,3.031400000000002,CCOC(=O)[C@H](CCc1ccccc1)N[C@@H](C)C(=O)N(CC(=O)O)C1Cc2ccccc2C1.Cl,DELAPRIL HYDROCHLORIDE,0.84176,1.003,0.92238,
29460056,CN(C)[C@@H]1C(O)=C(C(N)=O)C(=O)[C@@]2(O)C(O)=C3C(=O)c4c(O)ccc(Cl)c4[C@@H](O)[C@H]3C[C@@H]12.Cl,GVSJQNRGSCOSNJ-KBHRXELFSA-N,500.07532102399995,0.6867000000000003,CN(C)[C@@H]1C(O)=C(C(N)=O)C(=O)[C@@]2(O)C(O)=C3C(=O)c4c(O)ccc(Cl)c4[C@@H](O)[C@H]3C[C@@H]12.Cl,DEMECLOCYCLINE HYDROCHLORIDE,0.15388,0.17951,0.166695,
42997183,COc1ccc(-c2cc(=O)c3c(O)c(OC)c(OC)c(OC)c3o2)cc1OC,DOFJNFPSMUCECH-UHFFFAOYSA-N,388.11581759999996,3.2086000000000023,COc1ccc(-c2cc(=O)c3c(O)c(OC)c(OC)c(OC)c3o2)cc1OC,DEMETHYLNOBILETIN,1.0681,1.139,1.10355,
54566286,CC[N+](CC)(CC(=O)Nc1c(C)cccc1C)Cc1ccccc1.O=C([O-])c1ccccc1,VWTINHYPRWEBQY-UHFFFAOYSA-N,446.25694294799996,4.348840000000004,CC[N+](CC)(CC(=O)Nc1c(C)cccc1C)Cc1ccccc1.O=C([O-])c1ccccc1,DENATONIUM BENZOATE,1.1226,1.0996,1.1111,
20891235,CC(CCC(=O)O)[C@H]1CCC2C3CC[C@@H]4C[C@H](O)CC[C@]4(C)C3C[C@H](O)[C@@]21C,KXGVEGMKQFWNSR-XBEHKFBISA-N,392.29265975999994,4.477900000000005,CC(CCC(=O)O)[C@H]1CCC2C3CC[C@@H]4C[C@H](O)CC[C@]4(C)C3C[C@H](O)[C@@]21C,DEOXYCHOLIC ACID,0.99035,1.0883,1.039325,
45163633,CC(=O)O[C@@H]1CC2C(C)(C)C(=O)C=C[C@]2(C)C2CC[C@]3(C)C(=CC(=O)O[C@H]3c3ccoc3)[C@@]21C,VOUDTVRGPAGHGA-OMRKLITNSA-N,466.2355388079999,5.349500000000006,CC(=O)O[C@@H]1CC2C(C)(C)C(=O)C=C[C@]2(C)C2CC[C@]3(C)C(=CC(=O)O[C@H]3c3ccoc3)[C@@]21C,DEOXYGEDUNIN,1.0467,1.2269,1.1368,
51748648,CC(=O)O[C@H]1C[C@@H](OC(C)=O)C(C)(C)C2C[C@@H](OC(C)=O)[C@@]3(C)C4=CC(=O)O[C@@H](c5ccoc5)[C@]4(C)CCC3[C@]21C,SUQFMFHTLHMZNM-SLBLICBISA-N,570.282882924,5.477700000000007,CC(=O)O[C@H]1C[C@@H](OC(C)=O)C(C)(C)C2C[C@@H](OC(C)=O)[C@@]3(C)C4=CC(=O)O[C@@H](c5ccoc5)[C@]4(C)CCC3[C@]21C,DEOXYKHIVORIN,0.88975,0.9967,0.943225,
89474911,COc1ccc2c(c1)OCC(Cc1ccc(O)c(OC)c1)C2=O,OFAYBXSZQCUARK-UHFFFAOYSA-N,314.115423676,2.843400000000001,COc1ccc2c(c1)OCC(Cc1ccc(O)c(OC)c1)C2=O,"DEOXYSAPPANONE B 7,3'-DIMETHYL ETHER",0.90611,0.85786,0.881985,
10693564,COc1ccc2c(c1)OCC(Cc1ccc(OC)c(O)c1)C2=O,NGCXNVIQHUCZIT-UHFFFAOYSA-N,314.115423676,2.8434000000000017,COc1ccc2c(c1)OCC(Cc1ccc(OC)c(O)c1)C2=O,"DEOXYSAPPANONE B 7,4'-DIMETHYL ETHER",1.084,1.2372,1.1606,
10432296,COc1ccc2c(c1)OCC(Cc1ccc(OC)c(OC)c1)C2=O,ZRSCGBGNKZDPOF-UHFFFAOYSA-N,328.13107374,3.1464000000000016,COc1ccc2c(c1)OCC(Cc1ccc(OC)c(OC)c1)C2=O,DEOXYSAPPANONE B TRIMETHYL ETHER,1.1006,0.96467,1.032635,
38958089,Cc1cc(N)c2ccccc2[n+]1CCCCCCCCCC[n+]1c(C)cc(N)c2ccccc21.[Cl-].[Cl-],LTNZEXKYNRNOGT-UHFFFAOYSA-N,526.2630026400001,0.17824000000000445,Cc1cc(N)c2ccccc2[n+]1CCCCCCCCCC[n+]1c(C)cc(N)c2ccccc21.[Cl-].[Cl-],DEQUALINIUM CHLORIDE,0.90916,1.0783,0.99373,
26885593,COc1ccc(-c2cc(C(F)F)nn2-c2ccc(S(N)(=O)=O)cc2)cc1F,WAZQAZKAZLXFMK-UHFFFAOYSA-N,397.07079696799997,3.2720000000000002,COc1ccc(-c2cc(C(F)F)nn2-c2ccc(S(N)(=O)=O)cc2)cc1F,DERACOXIB,0.96327,1.1193,1.041285,
45086186,COc1cc(OC)c2c(OC)c(-c3ccc4c(c3)OCO4)c(=O)oc2c1,PZYZNVLXKYMURF-UHFFFAOYSA-N,356.0896028519999,3.214500000000002,COc1cc(OC)c2c(OC)c(-c3ccc4c(c3)OCO4)c(=O)oc2c1,DERRUSNIN,0.94413,0.97084,0.957485,
83676275,C=C[C@@]1(C)CC(=O)[C@@]2(O)[C@](C)(O1)[C@@H](O)[C@@H](O)C1C(C)(C)CC[C@H](O)[C@@]12C,WPDITXOBNLYZHH-GGLAWTCMSA-N,368.219888744,0.9490999999999989,C=C[C@@]1(C)CC(=O)[C@@]2(O)[C@](C)(O1)[C@@H](O)[C@@H](O)C1C(C)(C)CC[C@H](O)[C@@]12C,DESACETYLCOLFORSIN,0.92926,1.1126,1.02093,
89664412,CNCCCN1c2ccccc2CCc2ccccc21.Cl,XAEWZDYWZHIUCT-UHFFFAOYSA-N,302.154976416,3.954600000000004,CNCCCN1c2ccccc2CCc2ccccc21.Cl,DESIPRAMINE HYDROCHLORIDE,0.88369,0.93206,0.907875,
10938557,Cl.Clc1ccc2c(c1)CCc1cccnc1C2=C1CCNCC1,XJJLVGAIFJSMSJ-UHFFFAOYSA-N,346.100354,4.440700000000004,Cl.Clc1ccc2c(c1)CCc1cccnc1C2=C1CCNCC1,DESLORATADINE HYDROCHLORIDE,0.9459,0.92223,0.934065,
24407365,Clc1ccc2c(c1)CCc1cccnc1C2=C1CCNCC1,JAUOIFJMECXRGI-UHFFFAOYSA-N,310.123676288,4.018900000000002,Clc1ccc2c(c1)CCc1cccnc1C2=C1CCNCC1,DESLORATIDINE,0.75871,0.81295,0.78583,
44193205,C#C[C@]1(O)CCC2[C@@H]3CCC4=CCCC[C@@H]4C3C(=C)C[C@@]21CC,RPLCPCMSCLEKRS-ROLQGWSDSA-N,310.22966558,4.869700000000004,C#C[C@]1(O)CCC2[C@@H]3CCC4=CCCC[C@@H]4C3C(=C)C[C@@]21CC,DESOGESTREL,0.91857,1.1197,1.019135,
32731447,CC1(C)O[C@@H]2CC3C4CCC5=CC(=O)C=C[C@]5(C)C4[C@@H](O)C[C@]3(C)[C@]2(C(=O)CO)O1,WBGKWQHBNHJJPZ-QHDHGWJCSA-N,416.2198887439999,2.326700000000001,CC1(C)O[C@@H]2CC3C4CCC5=CC(=O)C=C[C@]5(C)C4[C@@H](O)C[C@]3(C)[C@]2(C(=O)CO)O1,DESONIDE,0.95192,0.81038,0.88115,
96810323,CC(=O)OCC(=O)[C@H]1CCC2C3CCC4=CC(=O)CC[C@]4(C)C3CC[C@@]21C,VPGRYOFKCNULNK-CLIPTZFXSA-N,372.230059504,4.266700000000004,CC(=O)OCC(=O)[C@H]1CCC2C3CCC4=CC(=O)CC[C@]4(C)C3CC[C@@]21C,DESOXYCORTICOSTERONE ACETATE,1.2705,1.3344,1.30245,
48349133,C[C@@H]1CC2C3CCC4=CC(=O)C=C[C@]4(C)[C@@]3(F)[C@@H](O)C[C@]2(C)[C@H]1C(=O)CO,VWVSBHGCDBMOOT-ZIKVJHDZSA-N,376.20498762799997,2.7808000000000015,C[C@@H]1CC2C3CCC4=CC(=O)C=C[C@]4(C)[C@@]3(F)[C@@H](O)C[C@]2(C)[C@H]1C(=O)CO,DESOXYMETASONE,1.0459,0.76831,0.907105,
10970983,CN(C)CC(c1ccc(O)cc1)C1(O)CCCCC1.O=C(O)CCC(=O)O,ORUUBRMVQCKYHB-UHFFFAOYSA-N,381.21513771199994,2.6684,CN(C)CC(c1ccc(O)cc1)C1(O)CCCCC1.O=C(O)CCC(=O)O,DESVENLAFAXINE SUCCINATE,0.94098,0.95196,0.94647,
11012594,Cc1cccc(Cc2c[nH]cn2)c1C.Cl,OIWRDXKNDCJZSM-UHFFFAOYSA-N,222.09237616,3.039140000000002,Cc1cccc(Cc2c[nH]cn2)c1C.Cl,DETOMIDINE HYDROCHLORIDE,0.8604,0.83238,0.84639,
64909518,C[C@@H]1CC2C3CCC4=CC(=O)C=C[C@]4(C)[C@@]3(F)[C@@H](O)C[C@]2(C)[C@@]1(O)C(=O)CO,UREBDLICKHMUKA-QCYOSJOCSA-N,392.19990224799994,1.8957000000000002,C[C@@H]1CC2C3CCC4=CC(=O)C=C[C@]4(C)[C@@]3(F)[C@@H](O)C[C@]2(C)[C@@]1(O)C(=O)CO,DEXAMETHASONE,1.0589,1.2023,1.1306,
94691924,CC(=O)OCC(=O)[C@@]1(O)[C@H](C)CC2C3CCC4=CC(=O)C=C[C@]4(C)[C@@]3(F)[C@@H](O)C[C@@]21C,AKUJBENLRBOFTD-HIBZCRSPSA-N,434.210466932,2.466500000000001,CC(=O)OCC(=O)[C@@]1(O)[C@H](C)CC2C3CCC4=CC(=O)C=C[C@]4(C)[C@@]3(F)[C@@H](O)C[C@@]21C,DEXAMETHASONE ACETATE,1.1512,0.73743,0.944315,
29843346,C[C@@H]1CC2C3CCC4=CC(=O)C=C[C@]4(C)[C@@]3(F)[C@@H](O)C[C@]2(C)[C@@]1(O)C(=O)COP(=O)([O-])[O-].[Na+].[Na+],PLCQGRYPOISRTQ-YDABOWNXSA-L,516.130121266,-5.243299999999994,C[C@@H]1CC2C3CCC4=CC(=O)C=C[C@]4(C)[C@@]3(F)[C@@H](O)C[C@]2(C)[C@@]1(O)C(=O)COP(=O)([O-])[O-].[Na+].[Na+],DEXAMETHASONE SODIUM PHOSPHATE,1.0497,1.1562,1.10295,
33185622,Cl.N[C@@H](COP(=O)(O)O)C(=O)O,SMQMATXRVFPROR-DKWTVANSSA-N,220.985601318,-1.0706000000000004,Cl.N[C@@H](COP(=O)(O)O)C(=O)O,DEXFOSFOSERINE HYDROCHLORIDE,0.89775,1.0402,0.968975,
48091418,Cc1c(OCC(F)(F)F)ccnc1C[S@@](=O)c1nc2ccccc2[nH]1,MJIHNNLFOKEZEW-RUZDIDTESA-N,369.07588234800005,3.515220000000001,Cc1c(OCC(F)(F)F)ccnc1C[S@@](=O)c1nc2ccccc2[nH]1,DEXLANSOPRAZOLE,1.1323,0.9915,1.0619,
14797726,CC(C)(CO)C(O)C(=O)NCCCO,SNPLKNRPJHDVJA-UHFFFAOYSA-N,205.131408088,-1.1355999999999997,CC(C)(CO)C(O)C(=O)NCCCO,DEXPANTHENOL,0.81351,0.96721,0.89036,
14716645,CC(C)NC[C@@H](O)COc1cccc2ccccc12.Cl,ZMRUPTIKESYGQW-PFEQFJNWSA-N,295.13390662399996,2.999300000000001,CC(C)NC[C@@H](O)COc1cccc2ccccc12.Cl,DEXPROPRANOLOL HYDROCHLORIDE [R(+)],0.75722,0.99074,0.87398,
71491607,C[C@@H](CN1CC(=O)NC(=O)C1)N1CC(=O)NC(=O)C1,BMKDZUISNHGIBY-ZETCQYMHSA-N,268.117154992,-2.708299999999996,C[C@@H](CN1CC(=O)NC(=O)C1)N1CC(=O)NC(=O)C1,DEXRAZOXANE,0.95413,1.0257,0.989915,
93291752,Br.COc1ccc2c(c1)[C@]13CCCC[C@@H]1[C@H](C2)N(C)CC3,MISZALMBODQYFT-URVXVIKDSA-N,351.119776552,3.9613000000000023,Br.COc1ccc2c(c1)[C@]13CCCC[C@@H]1[C@H](C2)N(C)CC3,DEXTROMETHORPHAN HYDROBROMIDE,0.65548,0.69362,0.67455,
60914255,O=C(/C=C(O)/C=C/c1ccc(O)c(O)c1)/C=C/c1ccc(O)c(O)c1,MQHBAUYEIFLTRU-UHFFFAOYSA-N,340.09468823199995,3.2466000000000017,O=C(/C=C(O)/C=C/c1ccc(O)c(O)c1)/C=C/c1ccc(O)c(O)c1,DI-O-DEMETHYLCURCUMIN,0.8119,1.1053,0.9586,
98893696,CC(=O)Oc1cccc2c1C(=O)c1c(OC(C)=O)cc(C(=O)O)cc1C2=O,TYNLGDBUJLVSMA-UHFFFAOYSA-N,368.05321734399996,2.0107999999999997,CC(=O)Oc1cccc2c1C(=O)c1c(OC(C)=O)cc(C(=O)O)cc1C2=O,DIACERIN,0.90282,0.95761,0.930215,
96226411,CC(=O)Nc1ccc(OC(C)=O)cc1,UJAOSPFULOFZRR-UHFFFAOYSA-N,193.073893212,1.5702999999999998,CC(=O)Nc1ccc(OC(C)=O)cc1,DIACETAMATE,1.0997,0.96422,1.03196,
80630529,C=CCSCC=C,UBJVUCKUDDKUJF-UHFFFAOYSA-N,114.05032132,2.0916,C=CCSCC=C,DIALLYL SULFIDE,0.83493,0.99536,0.915145,
50315105,CC(=O)Nc1c(I)c(NC(C)=O)c(I)c(C(=O)O)c1I,YVPYQUNUQOZFHG-UHFFFAOYSA-N,613.769650768,3.1154,CC(=O)Nc1c(I)c(NC(C)=O)c(I)c(C(=O)O)c1I,DIATRIZOIC ACID,0.90033,0.92219,0.91126,
10732636,COc1ccc(Cc2cnc(N)nc2N)cc1OC,LDBTVAXGKYIFHO-UHFFFAOYSA-N,260.127325752,1.2489999999999999,COc1ccc(Cc2cnc(N)nc2N)cc1OC,DIAVERIDINE,0.42388,0.46582,0.44485,
30536183,CC1=Nc2ccc(Cl)cc2S(=O)(=O)N1,GDLBFKVLRPITMI-UHFFFAOYSA-N,229.991676144,1.6818,CC1=Nc2ccc(Cl)cc2S(=O)(=O)N1,DIAZOXIDE,1.0821,1.2051,1.1436,
86871522,NC[C@@H]1CC[C@@H](N)[C@@H](O[C@H]2[C@H](O)[C@@H](O[C@H]3O[C@H](CO)[C@@H](O)[C@H](N)[C@H]3O)[C@H](N)C[C@@H]2N)O1,JJCQSGDBDPYCEO-XVZSLQNASA-N,451.2642131439999,-5.266599999999998,NC[C@@H]1CC[C@@H](N)[C@@H](O[C@@H]2[C@@H](N)C[C@@H](N)[C@H](O[C@H]3O[C@H](CO)[C@@H](O)[C@H](N)[C@H]3O)[C@H]2O)O1,DIBEKACIN,1.0971,1.0862,1.09165,
18483651,c1ccc2c(c1)sc1ccccc12,IYYZUPMFVPLQIF-UHFFFAOYSA-N,184.034671256,4.054500000000002,c1ccc2c(c1)sc1ccccc12,DIBENZOTHIOPHENE,1.3385,1.3686,1.35355,
43881524,CCCCOc1cc(C(=O)NCCN(CC)CC)c2ccccc2n1.Cl,IVHBBMHQKZBJEU-UHFFFAOYSA-N,379.20265488,3.907100000000004,CCCCOc1cc(C(=O)NCCN(CC)CC)c2ccccc2n1.Cl,DIBUCAINE HYDROCHLORIDE,1.0798,0.93749,1.008645,
21789988,CCCCOC(=O)c1ccccc1C(=O)OCCCC,DOIRQSBPFJWKBE-UHFFFAOYSA-N,278.151809184,3.600400000000003,CCCCOC(=O)c1ccccc1C(=O)OCCCC,DIBUTYL PHTHALATE,1.1691,1.1909,1.18,
63904758,CCCCOC(=O)CCCCCCC(=O)OCCCC,LBXQUCHUHCBNTC-UHFFFAOYSA-N,286.21440944,4.013600000000004,CCCCOC(=O)CCCCCCC(=O)OCCCC,DIBUTYL SUBERATE,1.0113,1.0176,1.01445,
19748508,CC(=O)OCC(=O)[C@@]1(O)CCC2C3CCC4=CC(=O)C=C[C@]4(C)[C@@]3(Cl)[C@@H](Cl)C[C@@]21C,YNNURTVKPVJVEI-JORUCDAYSA-N,454.131379356,3.7363000000000026,CC(=O)OCC(=O)[C@@]1(O)CCC2C3CCC4=CC(=O)C=C[C@]4(C)[C@@]3(Cl)[C@@H](Cl)C[C@@]21C,DICHLORISONE ACETATE,0.75468,1.0115,0.88309,
18929888,Clc1ccc(C(c2ccc(Cl)cc2)C(Cl)(Cl)Cl)cc1,YVGGHNCTFXOJCH-UHFFFAOYSA-N,351.914688688,6.495500000000002,Clc1ccc(C(c2ccc(Cl)cc2)C(Cl)(Cl)Cl)cc1,DICHLORODIPHENYLTRICHLOROETHANE,1.1744,1.5028,1.3386,
35861011,COc1c(Cl)c(C)c(C(=O)Oc2cc(C)c(C(=O)O)c(O)c2)c(O)c1Cl,AESGLXVLIHUKMR-UHFFFAOYSA-N,400.0116581479999,3.9474400000000034,COc1c(Cl)c(C)c(C(=O)Oc2cc(C)c(C(=O)O)c(O)c2)c(O)c1Cl,DICHLOROEVERNIC ACID,0.95376,1.0261,0.98993,
31384946,Oc1ccc(Cl)cc1Cc1cc(Cl)ccc1O,MDNWOSOZYLHTCG-UHFFFAOYSA-N,268.00578492,3.9954000000000023,Oc1ccc(Cl)cc1Cc1cc(Cl)ccc1O,DICHLOROPHEN,0.14455,0.16232,0.153435,
37072836,COP(=O)(OC)OC=C(Cl)Cl,OEBRKCOSUFCWJD-UHFFFAOYSA-N,219.94590069400002,2.6804000000000006,COP(=O)(OC)OC=C(Cl)Cl,DICHLORVOS,0.97586,0.98293,0.979395,
91756397,N#CC(c1ccc(Cl)cc1)c1c(Cl)cc(-n2ncc(=O)[nH]c2=O)cc1Cl,ZSZFUDFOPOMEET-UHFFFAOYSA-N,405.979108568,3.536480000000002,N#CC(c1ccc(Cl)cc1)c1c(Cl)cc(-n2ncc(=O)[nH]c2=O)cc1Cl,DICLAZURIL,1.0762,1.0939,1.08505,
27268958,O=C([O-])Cc1ccccc1Nc1c(Cl)cccc1Cl.[Na+],KPHWPUGNDIVLNH-UHFFFAOYSA-M,316.9986282,0.03339999999999904,O=C([O-])Cc1ccccc1Nc1c(Cl)cccc1Cl.[Na+],DICLOFENAC SODIUM,1.1306,0.92896,1.02978,
61560140,O=C(NC(O)C(Cl)(Cl)Cl)NC(O)C(Cl)(Cl)Cl,PPJXIHLNYDVTDI-UHFFFAOYSA-N,351.850958132,1.6627999999999998,O=C(NC(O)C(Cl)(Cl)Cl)NC(O)C(Cl)(Cl)Cl,DICLORALUREA,0.91052,0.94332,0.92692,
90002084,Cc1onc(-c2c(Cl)cccc2Cl)c1C(=O)N[C@@H]1C(=O)N2[C@@H]1SC(C)(C)[C@@H]2C(=O)[O-].[Na+],GXOMMGAFBINOJY-SLINCCQESA-M,491.00854125199993,-1.1285799999999995,Cc1onc(-c2c(Cl)cccc2Cl)c1C(=O)N[C@@H]1C(=O)N2[C@@H](C(=O)[O-])C(C)(C)S[C@H]12.[Na+],DICLOXACILLIN SODIUM,1.2779,0.86615,1.072025,
64292186,COc1c2ccccc2nc2occc12,WIONIXOBNMDJFJ-UHFFFAOYSA-N,199.063328528,2.989600000000001,COc1c2ccccc2nc2occc12,DICTAMNINE,0.95484,1.0715,1.01317,
61468552,O=c1oc2ccccc2c(O)c1Cc1c(O)c2ccccc2oc1=O,DOBMPNYZJYQDGZ-UHFFFAOYSA-N,336.06338810399996,2.9014000000000006,O=c1oc2ccccc2c(O)c1Cc1c(O)c2ccccc2oc1=O,DICUMAROL,1.1081,0.9994,1.05375,
67551391,O=C(NC1CCCCC1)NC1CCCCC1,ADFXKUOMJKEIND-UHFFFAOYSA-N,224.188863388,2.9510000000000014,O=C(NC1CCCCC1)NC1CCCCC1,DICYCLOHEXYLUREA,1.0577,0.94067,0.999185,
67079523,CCN(CC)CCOC(=O)C1(C2CCCCC2)CCCCC1.Cl,GUBNMFJOJGDCEL-UHFFFAOYSA-N,345.243457072,4.824000000000006,CCN(CC)CCOC(=O)C1(C2CCCCC2)CCCCC1.Cl,DICYCLOMINE HYDROCHLORIDE,0.85487,1.0468,0.950835,
88242509,O=c1[nH]cnc2c1ncn2C1CC[C@@H](CO)O1,BXZVVICBKDXVGW-PKPIPKONSA-N,236.090940244,-0.21050000000000008,O=c1[nH]cnc2c1ncn2C1CC[C@@H](CO)O1,DIDANOSINE,1.0159,1.1321,1.074,
44220836,C/C=C(C(=C/C)/c1ccc(O)cc1)\c1ccc(O)cc1,NFDFQCUYFHCNBW-UHFFFAOYSA-N,266.130679816,4.604600000000004,C/C=C(C(=C/C)/c1ccc(O)cc1)\c1ccc(O)cc1,DIENESTROL,0.90169,0.89445,0.89807,
90741504,CCN(CC)C(=O)N1CCN(C)CC1.O=C(O)CC(O)(CC(=O)O)C(=O)O,PGNKBEARDDELNB-UHFFFAOYSA-N,391.1954648879999,-0.552899999999996,CCN(CC)C(=O)N1CCN(C)CC1.O=C(O)CC(O)(CC(=O)O)C(=O)O,DIETHYLCARBAMAZINE CITRATE,1.1021,1.0965,1.0993,
10331935,CC/C(=C(/CC)c1ccc(O)cc1)c1ccc(O)cc1,RGLYKWWBQGJZGM-UHFFFAOYSA-N,268.14632988,4.828600000000005,CC/C(=C(/CC)c1ccc(O)cc1)c1ccc(O)cc1,DIETHYLSTILBESTROL,0.75927,0.72192,0.740595,
10178442,CCN(CC)C(=O)c1cccc(C)c1,MMOXZBCLCQITDF-UHFFFAOYSA-N,191.131014164,2.4770200000000004,CCN(CC)C(=O)c1cccc(C)c1,DIETHYLTOLUAMIDE,0.85071,1.0668,0.958755,
44284876,COc1cc(C)c(C(=O)Oc2cc(C)c(C(=O)O)c(O)c2C)c(OC)c1C,MIJKZXWOOXIEEU-UHFFFAOYSA-N,374.136553044,3.560480000000002,COc1cc(C)c(C(=O)Oc2cc(C)c(C(=O)O)c(O)c2C)c(OC)c1C,DIFFRACTAIC ACID,0.89366,0.91684,0.90525,
63309463,CC(=O)OCC(=O)[C@@]1(OC(C)=O)[C@@H](C)CC2C3C[C@H](F)C4=CC(=O)C=C[C@]4(C)[C@@]3(F)[C@@H](O)C[C@@]21C,BOBLHFUVNSFZPJ-LIRARCAYSA-N,494.211609804,2.9853000000000014,CC(=O)OCC(=O)[C@@]1(OC(C)=O)[C@@H](C)CC2C3C[C@H](F)C4=CC(=O)C=C[C@]4(C)[C@@]3(F)[C@@H](O)C[C@@]21C,DIFLORASONE DIACETATE,1.3707,1.0551,1.2129,
80961675,CN1CCN(c2cc3c(cc2F)c(=O)c(C(=O)O)cn3-c2ccc(F)cc2)CC1.Cl,JFMGBGLSDVIOHL-UHFFFAOYSA-N,435.11612562,3.140700000000002,CN1CCN(c2cc3c(cc2F)c(=O)c(C(=O)O)cn3-c2ccc(F)cc2)CC1.Cl,DIFLOXACIN HYDROCHLORIDE,0.16169,0.16451,0.1631,
11489131,O=C(NC(=O)c1c(F)cccc1F)Nc1ccc(Cl)cc1,QQQYTWIFVNKMRW-UHFFFAOYSA-N,310.032061648,3.5801000000000016,O=C(NC(=O)c1c(F)cccc1F)Nc1ccc(Cl)cc1,DIFLUBENZURON,1.3465,1.1725,1.2595,
30098447,O=C(O)c1cc(-c2ccc(F)cc2F)ccc1O,HUPFGZXOMWLGNK-UHFFFAOYSA-N,250.044150556,3.035600000000001,O=C(O)c1cc(-c2ccc(F)cc2F)ccc1O,DIFLUNISAL,0.98126,1.0336,1.00743,
33825708,C[C@H]1O[C@@H](O[C@H]2[C@@H](O)C[C@H](O[C@H]3[C@@H](O)C[C@H](O[C@H]4CC[C@]5(C)C6CC[C@]7(C)[C@@H](C8=CC(=O)OC8)CC[C@]7(O)C6CC[C@@H]5C4)O[C@@H]3C)O[C@@H]2C)C[C@H](O)[C@@H]1O,WDJUZGPOPHTGOT-KSVSUYAUSA-N,764.434692108,3.2473000000000014,C[C@H]1O[C@@H](O[C@H]2[C@@H](O)C[C@H](O[C@H]3[C@@H](O)C[C@H](O[C@H]4CC[C@]5(C)C6CC[C@]7(C)[C@@H](C8=CC(=O)OC8)CC[C@]7(O)C6CC[C@@H]5C4)O[C@@H]3C)O[C@@H]2C)C[C@H](O)[C@@H]1O,DIGITOXIN,1.052,0.96269,1.007345,
60932414,C[C@]12[C@H](O)CC3C(CC[C@@H]4C[C@@H](O)CC[C@]34C)[C@@]1(O)CC[C@@H]2C1=CC(=O)OC1,SHIBSTMRCDJXLN-CGMOQAKTSA-N,390.2406241879999,2.5751000000000013,C[C@]12CC[C@H](O)C[C@H]1CCC1C2C[C@@H](O)[C@]2(C)[C@@H](C3=CC(=O)OC3)CC[C@]12O,DIGOXIGENIN,0.90839,0.91711,0.91275,
16181562,C[C@H]1O[C@@H](O[C@H]2[C@@H](O)C[C@H](O[C@H]3[C@@H](O)C[C@H](O[C@H]4CC[C@]5(C)C6C[C@@H](O)[C@]7(C)[C@@H](C8=CC(=O)OC8)CC[C@]7(O)C6CC[C@@H]5C4)O[C@@H]3C)O[C@@H]2C)C[C@H](O)[C@@H]1O,LTMHDMANZUZIPE-QVYPYPLASA-N,780.429606728,2.218100000000003,C[C@H]1O[C@@H](O[C@H]2[C@@H](O)C[C@H](O[C@H]3[C@@H](O)C[C@H](O[C@H]4CC[C@]5(C)C6C[C@@H](O)[C@]7(C)[C@@H](C8=CC(=O)OC8)CC[C@]7(O)C6CC[C@@H]5C4)O[C@@H]3C)O[C@@H]2C)C[C@H](O)[C@@H]1O,DIGOXIN,1.124,1.0127,1.06835,
87836264,COC(=O)c1c(C)cc(OC(=O)c2c(C)cc(O)c(CO)c2O)c(C)c1O,WHDBRSOTWRZEGF-UHFFFAOYSA-N,376.11581759999996,2.226760000000001,COC(=O)c1c(C)cc(OC(=O)c2c(C)cc(O)c(CO)c2O)c(C)c1O,DIHYDROATRANORIN,1.0267,0.86266,0.94468,
71749475,C=C1CCC(=O)C(C)CCC2C1CC2(C)C,GWBJPNAWYMBRLQ-UHFFFAOYSA-N,220.182715388,3.9841000000000033,C=C1CCC(=O)C(C)CCC2C1CC2(C)C,DIHYDROCARYOPHYLLEN-5-ONE,1.2745,1.0187,1.1466,
10144502,COc1cc2c(cc1OC)-c1c(oc3cc4c(cc3c1=O)CCO4)CO2,LZUNYTZRKSOHRX-UHFFFAOYSA-N,352.09468823199995,3.3045000000000018,COc1cc2c(cc1OC)-c1c(oc3cc4c(cc3c1=O)CCO4)CO2,DIHYDRODEHYDROEROSONE,0.97236,0.94052,0.95644,
98002299,COC(=O)C[C@H]1C(C)(C)[C@@H](OC(C)=O)[C@@H]2CC3C4CC(=O)O[C@@H](c5ccoc5)[C@]4(C)CCC3[C@@]1(C)C2=O,INDUNANCUDNZJY-BMJUORMOSA-N,514.256668176,4.662400000000004,COC(=O)C[C@H]1C(C)(C)[C@@H](OC(C)=O)[C@@H]2CC3C(CC[C@]4(C)C3CC(=O)O[C@H]4c3ccoc3)[C@@]1(C)C2=O,DIHYDROFISSINOLIDE,1.0345,1.0206,1.02755,
78257973,Nc1nc(=O)c2c([nH]1)NCC(CNc1ccc(C(=O)N[C@H](CCC(=O)O)C(=O)O)cc1)=N2,OZRNSSUDZOLUSN-GFCCVEGCSA-N,443.15533139199994,0.010000000000000397,Nc1nc(=O)c2c([nH]1)NCC(CNc1ccc(C(=O)N[C@H](CCC(=O)O)C(=O)O)cc1)=N2,DIHYDROFOLIC ACID,0.92111,0.88107,0.90109,
11011536,CC(C)=CCCC1(C)C=Cc2c(O)c3c(c(CC=C(C)C)c2O1)OC12C(=CC4CC1C(C)(C)OC2(C/C=C(/C)C(=O)O)C4O)C3=O,VZXLWEWYBUGLJA-UHFFFAOYSA-N,630.3192684320001,7.031100000000008,CC(C)=CCCC1(C)C=Cc2c(O)c3c(c(CC=C(C)C)c2O1)OC12C(=CC4CC1C(C)(C)OC2(C/C=C(/C)C(=O)O)C4O)C3=O,DIHYDROGAMBOGIC ACID,0.99396,0.9269,0.96043,
89402936,CC(=O)O[C@@H]1CC2C(C)(C)C(=O)CC[C@]2(C)C2CC[C@@]3(C)[C@H](c4ccoc4)OC(=O)C4OC43[C@@]21C,ROWFSYNHZPRCKO-RJDQEXAUSA-N,484.24610349199986,4.784700000000004,CC(=O)O[C@@H]1CC2C(C)(C)C(=O)CC[C@]2(C)C2CC[C@@]3(C)[C@H](c4ccoc4)OC(=O)C4OC43[C@@]21C,DIHYDROGEDUNIN,1.2489,1.2327,1.2408,
10973050,COc1cc2c(cc1-c1coc3c4c(c(OC)cc3c1=O)OC(C)(C)CC4)OCO2,HPHQBRGBASCILO-UHFFFAOYSA-N,410.1365530439999,4.309500000000004,COc1cc2c(cc1-c1coc3c4c(c(OC)cc3c1=O)OC(C)(C)CC4)OCO2,DIHYDROICTHYONE,0.86336,0.86917,0.866265,
43407199,CCCCCC1C(=O)CCC1CC(=O)OC,KVWWIYGFBYDJQC-UHFFFAOYSA-N,226.156894564,2.725100000000001,CCCCCC1C(=O)CCC1CC(=O)OC,"DIHYDROJASMONIC ACID, METHYL ESTER",1.3451,1.2086,1.27685,
41345491,COc1cc2c(cc1OC)[C@@H]1C(=O)c3ccc4c(c3O[C@@H]1CO2)CC(C(C)C)O4,DTFARBHXORYQBF-XHEPWMPHSA-N,396.15728848799995,3.7832000000000026,COc1cc2c(cc1OC)[C@@H]1C(=O)c3ccc4c(c3O[C@@H]1CO2)CC(C(C)C)O4,DIHYDROROTENONE,1.0245,0.96395,0.994225,
83149129,CN[C@@H]1C(OC2[C@H](O[C@H]3[C@H](O)[C@@H](O)[C@H](NC(=N)N)[C@@H](O)[C@@H]3NC(=N)N)OC(C)[C@]2(O)CO)OC(CO)C(O)C1O.O=S(=O)(O)O,GSPKOIJAMLDYCY-WXHGXWQUSA-N,681.248699296,-8.601160000000016,CN[C@@H]1C(OC2[C@H](O[C@@H]3[C@@H](NC(=N)N)[C@H](O)[C@@H](NC(=N)N)[C@H](O)[C@H]3O)OC(C)[C@]2(O)CO)OC(CO)C(O)C1O.O=S(=O)(O)O,DIHYDROSTREPTOMYCIN SESQUISULFATE [5mM/10% aq DMSO],0.91748,0.87211,0.894795,
49841734,Cc1cccc2c3c(ccc12)C1=C(C(=O)C3=O)C(C)CO1,HARGZZNYNSYSGJ-UHFFFAOYSA-N,278.094294308,3.2910200000000023,Cc1cccc2c3c(ccc12)C1=C(C(=O)C3=O)C(C)CO1,DIHYDROTANSHINONE I,0.9609,0.88774,0.92432,
58007682,NC(Cc1cc(I)c(O)c(I)c1)C(=O)O.O.O,YWAGQOOMOOUEGY-UHFFFAOYSA-N,468.8883185159999,-0.09360000000000018,NC(Cc1cc(I)c(O)c(I)c1)C(=O)O.O.O,DIIODOTYROSINE DIHYDRATE,1.3409,1.0665,1.2037,
14063087,CN(C(=O)C(Cl)Cl)c1ccc(OC(=O)c2ccco2)cc1,BDYYDXJSHYEDGB-UHFFFAOYSA-N,327.006513192,3.2653000000000016,CN(C(=O)C(Cl)Cl)c1ccc(OC(=O)c2ccco2)cc1,DILOXANIDE FUROATE,0.83901,0.93683,0.88792,
60086843,COc1ccc(C2Sc3ccccc3N(CCN(C)C)C(=O)C2OC(C)=O)cc1.Cl,HDRXZJPWHTXQRI-UHFFFAOYSA-N,450.13800602399994,3.7903000000000024,COc1ccc(C2Sc3ccccc3N(CCN(C)C)C(=O)C2OC(C)=O)cc1.Cl,DILTIAZEM HYDROCHLORIDE,1.1168,1.0428,1.0798,
32261682,CN(C)CCOC(c1ccccc1)c1ccccc1.Cn1c(=O)c2[nH]c(Cl)nc2n(C)c1=O,NFLLKCVHYJRNRH-UHFFFAOYSA-N,469.18806743600004,2.967900000000001,CN(C)CCOC(c1ccccc1)c1ccccc1.Cn1c(=O)c2[nH]c(Cl)nc2n(C)c1=O,DIMENHYDRINATE,0.83457,0.95106,0.892815,
40790111,OCC(S)CS,WQABCVAJNWAXTE-UHFFFAOYSA-N,124.001656876,0.20690000000000003,OCC(S)CS,DIMERCAPROL,1.8165,1.7021,1.7593,
23997451,O=S(=O)([O-])CCSSCCS(=O)(=O)[O-].[Na+].[Na+],KQYGMURBTJPBPQ-UHFFFAOYSA-L,325.89991053600005,-6.533799999999998,O=S(=O)([O-])CCSSCCS(=O)(=O)[O-].[Na+].[Na+],DIMESNA,0.98896,1.0954,1.04218,
10364594,CC1(C)OC(=O)NC1=O,JYJFNDQBESEHJQ-UHFFFAOYSA-N,129.042593084,0.03139999999999993,CC1(C)OC(=O)NC1=O,DIMETHADIONE,1.1898,1.1255,1.15765,
97582241,C[Si](C)(C)O[Si](C)(C)O[Si](C)(C)C,CXQXSVUQTKDNFP-UHFFFAOYSA-N,236.10840959799998,3.391200000000002,C[Si](C)(C)O[Si](C)(C)O[Si](C)(C)C,DIMETHICONE (1%/ DMSO),0.89492,0.81008,0.8525,
71939544,CNC(=O)CSP(=S)(OC)OC,MCWXGJITAZMZEV-UHFFFAOYSA-N,228.99962187399998,0.9828999999999999,CNC(=O)CSP(=S)(OC)OC,DIMETHOATE,1.1306,1.0049,1.06775,
10726600,COC(=O)/C=C/C(=O)OC,LDCRTTXIJACKKU-UHFFFAOYSA-N,144.042258736,-0.11140000000000017,COC(=O)/C=C/C(=O)OC,DIMETHYL FUMARATE,0.85271,0.88738,0.870045,
54677079,COc1ccc(/C=C/C(=O)O)cc1OC,HJBWJAPEBGSQPR-UHFFFAOYSA-N,208.073558864,1.8016,COc1ccc(/C=C/C(=O)O)cc1OC,DIMETHYLCAFFEIC ACID,1.1741,0.92653,1.050315,
38144144,COc1cc2ccc(=O)oc2c(OC)c1OC,RAYQKHLZHPFYEJ-UHFFFAOYSA-N,236.068473484,1.8188,COc1cc2ccc(=O)oc2c(OC)c1OC,DIMETHYLFRAXETIN,1.0331,1.0263,1.0297,
47247926,CS(C)(=O)=O,HHVIBTZHLRERCL-UHFFFAOYSA-N,94.008850432,-0.33919999999999995,CS(C)(=O)=O,DIMETHYLSULFONE,0.94307,1.2156,1.079335,
53849262,Cc1ncc([N+](=O)[O-])n1C,IBXPYPUJPLLOIN-UHFFFAOYSA-N,141.053826464,0.63672,Cc1ncc([N+](=O)[O-])n1C,DIMETRIDAZOLE,0.86697,0.94463,0.9058,
22111885,CC(=O)NCC(=O)O.CC(=O)NCC(=O)O.N=C(N)c1ccc(/N=N/Nc2ccc(C(=N)N)cc2)cc1,OKQSSSVVBOUMNZ-UHFFFAOYSA-N,515.2240796480002,0.7797400000000032,CC(=O)NCC(=O)O.CC(=O)NCC(=O)O.N=C(N)c1ccc(/N=N/Nc2ccc(C(=N)N)cc2)cc1,DIMINAZENE ACETURATE,1.0566,0.98017,1.018385,
16169644,CCOP(=S)(OCC)Oc1cc(C)nc(C(C)C)n1,FHIVAFMUCKRCQO-UHFFFAOYSA-N,304.10105016200004,3.5847200000000026,CCOP(=S)(OCC)Oc1cc(C)nc(C(C)C)n1,DIMPYLATE,1.0963,1.0455,1.0709,
94560541,Cc1c(C(N)=O)cc([N+](=O)[O-])cc1[N+](=O)[O-],ZEFNOZRLAWVAQF-UHFFFAOYSA-N,225.038570324,0.91032,Cc1c(C(N)=O)cc([N+](=O)[O-])cc1[N+](=O)[O-],DINITOLMIDE,0.74963,0.83988,0.794755,
54718489,C[C@@H]1CC[C@@]2(OC1)OC1CC3C4CC=C5C[C@@H](O)CC[C@]5(C)C4CC[C@]3(C)C1[C@@H]2C,WQLVFSAGQJTQCK-IIVSHGRXSA-N,414.31339520399996,5.713900000000006,C[C@H]1C2C(CC3C4CC=C5C[C@@H](O)CC[C@]5(C)C4CC[C@@]32C)O[C@]12CC[C@@H](C)CO2,DIOSGENIN,1.0976,1.1602,1.1289,
69846712,COc1ccc(-c2cc(=O)c3c(O)cc(O[C@@H]4O[C@H](CO[C@@H]5O[C@@H](C)[C@H](O)[C@@H](O)[C@H]5O)[C@@H](O)[C@H](O)[C@H]4O)cc3o2)cc1O,GZSOSUNBTXMUFQ-YFAPSIMESA-N,608.1741203239999,-1.0897,COc1ccc(-c2cc(=O)c3c(O)cc(O[C@@H]4O[C@H](CO[C@@H]5O[C@@H](C)[C@H](O)[C@@H](O)[C@H]5O)[C@@H](O)[C@H](O)[C@H]4O)cc3o2)cc1O,DIOSMIN,0.97499,0.95398,0.964485,
88796543,COc1ccc(C(=O)c2ccccc2O)c(O)c1,MEZZCSHVIGVWFI-UHFFFAOYSA-N,244.073558864,2.3374000000000015,COc1ccc(C(=O)c2ccccc2O)c(O)c1,DIOXYBENZONE,0.8624,0.78745,0.824925,
38316672,Cl.O=C(Nc1ccccc1)OCC(CN1CCCCC1)OC(=O)Nc1ccccc1,OWULVAZDMWJBLB-UHFFFAOYSA-N,433.17683405599996,4.760100000000003,Cl.O=C(Nc1ccccc1)OCC(CN1CCCCC1)OC(=O)Nc1ccccc1,DIPERODON HYDROCHLORIDE,0.77878,0.71906,0.74892,
39862400,CN(C)CCOC(c1ccccc1)c1ccccc1.Cl,PCHPORCSPXIHLZ-UHFFFAOYSA-N,291.138992004,3.776000000000004,CN(C)CCOC(c1ccccc1)c1ccccc1.Cl,DIPHENHYDRAMINE HYDROCHLORIDE,0.95408,1.0895,1.02179,
10307694,CN1CCC(OC(c2ccccc2)c2ccccc2)CC1.Cl,LPRLDRXGWKXRMQ-UHFFFAOYSA-N,317.154642068,4.308600000000005,CN1CCC(OC(c2ccccc2)c2ccccc2)CC1.Cl,DIPHENYLPYRALINE HYDROCHLORIDE,1.0834,0.80644,0.94492,
83968990,O=C(O)c1cccc(C(=O)O)n1,WJJMNDUMQPNECX-UHFFFAOYSA-N,167.02185764,0.4779999999999999,O=C(O)c1cccc(C(=O)O)n1,DIPICOLINIC ACID,1.1721,0.87185,1.021975,
62469544,COc1ccc(-c2coc3c(O)c(O)c(OC)cc3c2=O)cc1,BSXFDHHTXOAUGB-UHFFFAOYSA-N,314.079038168,2.8884000000000016,COc1ccc(-c2coc3c(O)c(O)c(OC)cc3c2=O)cc1,DIPTERYXIN,1.0229,1.0548,1.03885,
53823055,OCCN(CCO)c1nc(N2CCCCC2)c2nc(N(CCO)CCO)nc(N3CCCCC3)c2n1,IZEKFCXSFNUWAM-UHFFFAOYSA-N,504.31725176000003,-0.017599999999997396,OCCN(CCO)c1nc(N2CCCCC2)c2nc(N(CCO)CCO)nc(N3CCCCC3)c2n1,DIPYRIDAMOLE,0.95866,1.3198,1.13923,
35385801,CC(=O)Oc1cccc(C(=O)O)c1OC(C)=O,NYIZXMGNIUSNKL-UHFFFAOYSA-N,238.04773804,1.2354,CC(=O)Oc1cccc(C(=O)O)c1OC(C)=O,DIPYROCETYL,1.1966,0.93565,1.066125,
24503893,Cc1c(N(C)CS(=O)(=O)[O-])c(=O)n(-c2ccccc2)n1C.[Na+],DJGAAPFSPWAYTJ-UHFFFAOYSA-M,333.0759212720001,-2.5726799999999965,Cc1c(N(C)CS(=O)(=O)[O-])c(=O)n(-c2ccccc2)n1C.[Na+],DIPYRONE,0.88222,1.0671,0.97466,
81475029,CC[C@H]1OC(=O)[C@H](C)[C@@H](O[C@H]2C[C@@](C)(OC)[C@@H](O)[C@H](C)O2)[C@H](C)[C@@H](O[C@@H]2O[C@H](C)C[C@H](N(C)C)[C@H]2O)[C@](C)(O)C[C@@H](C)[C@@H]2N[C@@H](COCCOC)O[C@H]([C@H]2C)[C@]1(C)O,WLOHNSSYAXHWNR-DWIOZXRMSA-N,834.545305176,2.201700000000009,CC[C@H]1OC(=O)[C@H](C)[C@@H](O[C@H]2C[C@@](C)(OC)[C@@H](O)[C@H](C)O2)[C@H](C)[C@@H](O[C@@H]2O[C@H](C)C[C@H](N(C)C)[C@H]2O)[C@](C)(O)C[C@@H](C)[C@@H]2N[C@@H](COCCOC)O[C@H]([C@H]2C)[C@]1(C)O,DIRITHROMYCIN,0.48577,0.68748,0.586625,
11334982,CC(C)N(CCC(C(N)=O)(c1ccccc1)c1ccccn1)C(C)C.O=P(O)(O)O,CGDDQFMPGMYYQP-UHFFFAOYSA-N,437.2079577539999,2.4333000000000014,CC(C)N(CCC(C(N)=O)(c1ccccc1)c1ccccn1)C(C)C.O=P(O)(O)O,DISOPYRAMIDE PHOSPHATE,1.2269,1.1233,1.1751,
88557186,CCN(CC)C(=S)SSC(=S)N(CC)CC,AUZONCFQVSMFAP-UHFFFAOYSA-N,296.05093264,3.6212000000000026,CCN(CC)C(=S)SSC(=S)N(CC)CC,DISULFIRAM,0.28747,0.37647,0.33197,
80060569,NC(CSCSCC(N)C(=O)O)C(=O)O,JMQMNWIBUCGUDO-UHFFFAOYSA-N,254.039498928,-0.7658999999999989,NC(CSCSCC(N)C(=O)O)C(=O)O,DJENKOLIC ACID,0.96766,0.95013,0.958895,
48784870,CC(CCc1ccc(O)cc1)NCCc1ccc(O)c(O)c1.Cl,BQKADKWNRWCIJL-UHFFFAOYSA-N,337.144471308,3.3786000000000036,CC(CCc1ccc(O)cc1)NCCc1ccc(O)c(O)c1.Cl,DOBUTAMINE HYDROCHLORIDE,0.98765,0.93962,0.963635,
82936603,CC(=O)O[C@@]12CO[C@@H]1C[C@H](O)[C@@]1(C)C(=O)[C@H](O)C3=C(C)[C@@H](OC(=O)[C@H](O)[C@@H](NC(=O)OC(C)(C)C)c4ccccc4)C[C@@](O)([C@@H](OC(=O)c4ccccc4)C12)C3(C)C.O.O.O,XCDIRYDKECHIPE-DLSGZNSISA-N,861.3782994280002,0.7855000000000025,CC(=O)O[C@@]12CO[C@@H]1C[C@H](O)[C@@]1(C)C(=O)[C@H](O)C3=C(C)[C@@H](OC(=O)[C@H](O)[C@@H](NC(=O)OC(C)(C)C)c4ccccc4)C[C@@](O)([C@@H](OC(=O)c4ccccc4)C12)C3(C)C.O.O.O,DOCETAXEL,1.2512,1.3321,1.29165,
42229492,CC/C=C\C/C=C\C/C=C\C/C=C\C/C=C\C/C=C\CCC(=O)O,MBMBGCFOFBJSGT-UHFFFAOYSA-N,328.24023026399993,6.548900000000006,CC/C=C\C/C=C\C/C=C\C/C=C\C/C=C\C/C=C\CCC(=O)O,DOCONEXENT,0.96109,0.9242,0.942645,
32357018,CCCCCCCCCCCCCCCCCCCCCCO,NOPFSRXAKWQILS-UHFFFAOYSA-N,326.35486609199995,7.800600000000008,CCCCCCCCCCCCCCCCCCCCCCO,DOCOSANOL,0.93158,1.0076,0.96959,
98960802,CCCCC(CC)COC(=O)CC(C(=O)OCC(CC)CCCC)S(=O)(=O)[O-].[Na+],APSBXTVYXVQYAB-UHFFFAOYSA-M,444.215768804,0.8135000000000032,CCCCC(CC)COC(=O)CC(C(=O)OCC(CC)CCCC)S(=O)(=O)[O-].[Na+],DOCUSATE SODIUM,1.3818,0.89199,1.136895,
10358271,O=c1[nH]c2ccccc2n1CCCN1CCC(n2c(=O)[nH]c3cc(Cl)ccc32)CC1,FGXWKSZFVQUSTL-UHFFFAOYSA-N,425.161852688,3.353200000000002,O=c1[nH]c2ccccc2n1CCCN1CCC(n2c(=O)[nH]c3cc(Cl)ccc32)CC1,DOMPERIDONE,1.1125,0.96967,1.041085,
64078198,COc1cc2c(cc1OC)C(=O)C(CC1CCN(Cc3ccccc3)CC1)C2.Cl,XWAIAVWHZJNZQQ-UHFFFAOYSA-N,415.1914215,4.782900000000006,COc1cc2c(cc1OC)C(=O)C(CC1CCN(Cc3ccccc3)CC1)C2.Cl,DONEPEZIL HYDROCHLORIDE,0.1561,0.16652,0.16131,
81569319,Cl.NCCc1ccc(O)c(O)c1,CTENFNNZBMHDDG-UHFFFAOYSA-N,189.055656304,1.0208,Cl.NCCc1ccc(O)c(O)c1,DOPAMINE HYDROCHLORIDE,1.0595,1.1209,1.0902,
12241883,CO[C@H]1CC(O[C@@H]2/C(C)=C/C[C@@H]3C[C@@H](C[C@]4(C=C[C@H](C)[C@@H](C5CCCCC5)O4)O3)OC(=O)[C@@H]3C=C(C)[C@@H](O)[C@H]4OC/C(=C\C=C\[C@@H]2C)[C@]43O)O[C@@H](C)C1O[C@H]1C[C@H](OC)[C@@H](O)[C@H](C)O1,QLFZZSKTJWDQOS-RVAODCOZSA-N,898.507857048,5.911600000000009,CO[C@H]1CC(O[C@@H]2/C(C)=C/C[C@@H]3C[C@@H](C[C@]4(C=C[C@H](C)[C@@H](C5CCCCC5)O4)O3)OC(=O)[C@@H]3C=C(C)[C@@H](O)[C@H]4OC/C(=C\C=C\[C@@H]2C)[C@@]34O)O[C@@H](C)C1O[C@H]1C[C@H](OC)[C@@H](O)[C@H](C)O1,DORAMECTIN,0.90254,0.96976,0.93615,
71429325,CCN[C@H]1C[C@H](C)S(=O)(=O)c2sc(S(N)(=O)=O)cc21.Cl,OSRUSFPMRGDLAG-QMGYSKNISA-N,360.003897704,1.0337999999999998,CCN[C@H]1C[C@H](C)S(=O)(=O)c2sc(S(N)(=O)=O)cc21.Cl,DORZOLAMIDE,0.97729,0.84992,0.913605,
10844804,CCN1CC(CCN2CCOCC2)C(c2ccccc2)(c2ccccc2)C1=O.Cl,MBGXILHMHYLZJT-UHFFFAOYSA-N,414.20740591199996,3.5951000000000026,CCN1CC(CCN2CCOCC2)C(c2ccccc2)(c2ccccc2)C1=O.Cl,DOXAPRAM HYDROCHLORIDE,1.2743,1.2574,1.26585,
67919594,COc1cc2nc(N3CCN(C(=O)C4COc5ccccc5O4)CC3)nc(N)c2cc1OC.CS(=O)(=O)O,VJECBOKJABCYMF-UHFFFAOYSA-N,547.173683888,1.2218000000000007,COc1cc2nc(N3CCN(C(=O)C4COc5ccccc5O4)CC3)nc(N)c2cc1OC.CS(=O)(=O)O,DOXAZOSIN MESYLATE,1.0667,1.0055,1.0361,
92526941,CN(C)CC/C=C1/c2ccccc2COc2ccccc21.Cl,MHNSPTUQQIYJOT-UHFFFAOYSA-N,315.138992004,4.384200000000005,CN(C)CC/C=C1/c2ccccc2COc2ccccc21.Cl,DOXEPIN HYDROCHLORIDE,0.75927,0.89678,0.828025,
11502432,C[C@H]1OC(n2cc(F)c(=O)[nH]c2=O)C(O)[C@@H]1O,ZWAOHEXOSAUJHY-IRKUJEHTSA-N,246.065199672,-1.6851999999999996,C[C@H]1OC(n2cc(F)c(=O)[nH]c2=O)C(O)[C@@H]1O,DOXIFLURIDINE,1.2056,1.0974,1.1515,
64304796,Cn1c(=O)c2c(ncn2CC2OCCO2)n(C)c1=O,HWXIGFIVGWUZAO-UHFFFAOYSA-N,266.101504928,-1.1933999999999994,Cn1c(=O)c2c(ncn2CC2OCCO2)n(C)c1=O,DOXOFYLLINE,0.84442,0.93792,0.89117,
37520383,COc1cccc2c1C(=O)c1c(O)c3c(c(O)c1C2=O)C[C@@](O)(C(=O)CO)C[C@@H]3OC1C[C@H](N)[C@H](O)[C@H](C)O1,AOJJSUZBOXZQNB-BLSUDJMZSA-N,543.1740607479999,0.0012999999999993017,COc1cccc2c1C(=O)c1c(O)c3c(c(O)c1C2=O)C[C@@](O)(C(=O)CO)C[C@@H]3OC1C[C@H](N)[C@H](O)[C@H](C)O1,DOXORUBICIN,0.98745,0.95202,0.969735,
91024728,C[C@H]1c2cccc(O)c2C(=O)C2=C(O)[C@]3(O)C(=O)C(C(N)=O)=C(O)[C@@H](N(C)C)[C@@H]3[C@@H](O)[C@@H]21.Cl,RUYHIJHUVHIMIR-CVHRZJFOSA-N,480.12994344000003,0.07420000000000038,C[C@H]1c2cccc(O)c2C(=O)C2=C(O)[C@]3(O)C(=O)C(C(N)=O)=C(O)[C@@H](N(C)C)[C@@H]3[C@@H](O)[C@@H]21.Cl,DOXYCYCLINE HYDROCHLORIDE,0.16534,0.18882,0.17708,
28884141,CN(C)CCOC(C)(c1ccccc1)c1ccccn1.O=C(O)CCC(=O)O,KBAUFVUYFNWQFM-UHFFFAOYSA-N,388.1998219959999,2.8591000000000006,CN(C)CCOC(C)(c1ccccc1)c1ccccn1.O=C(O)CCC(=O)O,DOXYLAMINE SUCCINATE,1.3421,1.0623,1.2022,
32570092,CCN(CC)CCOC(=O)C(c1ccccc1)C1CCCCC1.Cl,WIELVDXKOYPANK-UHFFFAOYSA-N,353.212156944,4.6573000000000055,CCN(CC)CCOC(=O)C(c1ccccc1)C1CCCCC1.Cl,DROFENINE HYDROCHLORIDE,0.87398,0.9163,0.89514,
83008847,CCCCc1oc2ccc(NS(C)(=O)=O)cc2c1C(=O)c1ccc(OCCCN(CCCC)CCCC)cc1.Cl,DWKVCQXJYURSIQ-UHFFFAOYSA-N,592.27377122,7.470800000000009,CCCCc1oc2ccc(NS(C)(=O)=O)cc2c1C(=O)c1ccc(OCCCN(CCCC)CCCC)cc1.Cl,DRONEDARONE HYDROCHLORIDE,1.0964,1.0761,1.08625,
10067142,O=C(CCCN1CC=C(n2c(=O)[nH]c3ccccc32)CC1)c1ccc(F)cc1,RMEDXOLNCUSCGS-UHFFFAOYSA-N,379.16960516399996,3.6784000000000026,O=C(CCCN1CC=C(n2c(=O)[nH]c3ccccc32)CC1)c1ccc(F)cc1,DROPERIDOL,0.88855,1.0037,0.946125,
98346209,OCC(O)CN1CCN(c2ccccc2)CC1,PTVWPYVOOKLBCG-UHFFFAOYSA-N,236.15247788,0.16179999999999972,OCC(O)CN1CCN(c2ccccc2)CC1,DROPROPIZINE,0.93864,0.92101,0.929825,
94981994,C[C@]12CCC(=O)C=C1[C@@H]1C[C@@H]1C1C2CC[C@@]2(C)C1[C@@H]1C[C@@H]1[C@@]21CCC(=O)O1,METQSPRSQINEEU-GGORKCOASA-N,366.21949481999997,4.305900000000004,C[C@]12CCC3C(C1[C@@H]1C[C@@H]1[C@@]21CCC(=O)O1)[C@H]1C[C@H]1C1=CC(=O)CC[C@@]13C,DROSPIRENONE,1.0511,1.0084,1.02975,
11623458,NC(C(=O)O)C(O)c1ccc(O)c(O)c1,QXWYKJLNLSIPIN-UHFFFAOYSA-N,213.063722452,-0.4569000000000002,NC(C(=O)O)C(O)c1ccc(O)c(O)c1,DROXYDOPA,1.1401,1.0674,1.10375,
11157457,COc1ccc([C@H]2COc3c(ccc(O)c3OC)C2)c(OC)c1O,QVVPJFBYFYYVDM-LLVKDONJSA-N,332.12598835999995,2.842300000000002,COc1ccc([C@H]2COc3c(ccc(O)c3OC)C2)c(OC)c1O,DUARTIN (-),0.84243,0.87151,0.85697,
54653027,CNCC[C@H](Oc1cccc2ccccc12)c1cccs1.Cl,BFFSMCNJSOPUAY-LMOVPXPDSA-N,333.09541294,5.052700000000004,CNCC[C@H](Oc1cccc2ccccc12)c1cccs1.Cl,DULOXETINE HYDROCHLORIDE,0.83698,0.78137,0.809175,
59719187,COc1cc2c(=O)c(-c3ccc4c(c3)OCO4)coc2c2c1OC(C)(C)C=C2,SQBVRNCDBATODN-UHFFFAOYSA-N,378.110338296,4.3815000000000035,COc1cc2c(=O)c(-c3ccc4c(c3)OCO4)coc2c2c1OC(C)(C)C=C2,DURMILLONE,1.1836,1.2509,1.21725,
53585599,CCCCOc1ccc(C(=O)CCN2CCCCC2)cc1.Cl,KNZADIMHVBBPOA-UHFFFAOYSA-N,325.180856816,4.3460000000000045,CCCCOc1ccc(C(=O)CCN2CCCCC2)cc1.Cl,DYCLONINE HYDROCHLORIDE,0.96521,0.8898,0.927505,
10895963,Cn1c(=O)c2c(ncn2CC(O)CO)n(C)c1=O,KSCFJBIXMNOVSH-UHFFFAOYSA-N,254.101504928,-2.213099999999999,Cn1c(=O)c2c(ncn2CC(O)CO)n(C)c1=O,DYPHYLLINE,1.2969,0.96967,1.133285,
34114001,CC(C)(C)c1ccc(C(=O)CCCN2CCC(OC(c3ccccc3)c3ccccc3)CC2)cc1,MJJALKDDGIKVBE-UHFFFAOYSA-N,469.29807948800004,7.217600000000008,CC(C)(C)c1ccc(C(=O)CCCN2CCC(OC(c3ccccc3)c3ccccc3)CC2)cc1,EBASTINE,1.1173,0.89697,1.007135,
72565892,Clc1ccc(COC(Cn2ccnc2)c2ccc(Cl)cc2Cl)cc1.O=[N+]([O-])O,DDXORDQKGIZAME-UHFFFAOYSA-N,443.0206390319999,5.453700000000003,Clc1ccc(COC(Cn2ccnc2)c2ccc(Cl)cc2Cl)cc1.O=[N+]([O-])O,ECONAZOLE NITRATE,0.98394,0.92065,0.952295,
44091864,CC1=NN(c2ccccc2)C(=O)C1,QELUYTUMUWHWMC-UHFFFAOYSA-N,174.07931294,1.7992,CC1=NN(c2ccccc2)C(=O)C1,EDARAVONE,0.96288,0.99626,0.97957,
35345593,O=C(O)CN(CCN(CC(=O)O)CC(=O)O)CC(=O)O.[Na+].[Na+],ZGTMUACCHSMWAC-UHFFFAOYSA-N,338.06910687218,-8.063200000000007,O=C(O)CN(CCN(CC(=O)O)CC(=O)O)CC(=O)O.[Na+].[Na+],EDETATE DISODIUM,0.89912,0.92895,0.914035,
74420886,CC(O)CN(CCN(CC(C)O)CC(C)O)CC(C)O,NSOXQYCFHDMMGV-UHFFFAOYSA-N,292.236207504,-0.8863999999999979,CC(O)CN(CCN(CC(C)O)CC(C)O)CC(C)O,EDITOL,0.83936,0.88274,0.86105,
54938947,CN1CCc2nc(C(=O)NC3C[C@@H](C(=O)N(C)C)CC[C@@H]3NC(=O)C(=O)Nc3ccc(Cl)cn3)sc2C1.Cc1ccc(S(=O)(=O)O)cc1.O,PSMMNJNZVZZNOI-KMCJNONDSA-N,737.2068309200001,1.7066200000000027,CN1CCc2nc(C(=O)NC3C[C@@H](C(=O)N(C)C)CC[C@@H]3NC(=O)C(=O)Nc3ccc(Cl)cn3)sc2C1.Cc1ccc(S(=O)(=O)O)cc1.O,EDOXABAN TOSYLATE HYDRATE,1.1973,1.1052,1.15125,
21630791,CCc1cn(C2OCC(O)C2CO)c(=O)nc1O,QFVJRGJHSZSRJI-UHFFFAOYSA-N,256.10592161200003,-0.9905000000000002,CCc1cn(C2OCC(O)C2CO)c(=O)nc1O,EDOXUDINE,0.96305,0.90153,0.93229,
10985220,CC[N+](C)(C)c1cccc(O)c1.[Cl-],BXKDSDJJOVIHMX-UHFFFAOYSA-N,201.092041812,-1.0169999999999997,CC[N+](C)(C)c1cccc(O)c1.[Cl-],EDROPHONIUM CHLORIDE,1.1287,1.4047,1.2667,
82564264,CCC1(C2=NCCN2)Cc2ccccc2O1.Cl,DWOIUCRHVWIHAH-UHFFFAOYSA-N,252.102940844,2.193800000000001,CCC1(C2=NCCN2)Cc2ccccc2O1.Cl,EFAROXAN HYDROCHLORIDE,1.2159,1.007,1.11145,
50732540,Cl.NCCCC(N)(C(=O)O)C(F)F.O,FJPAMFNRCFEGSD-UHFFFAOYSA-N,236.07392646,-0.6304000000000001,Cl.NCCCC(N)(C(=O)O)C(F)F.O,EFLORNITHINE HYDROCHLORIDE HYDRATE,1.0034,0.91002,0.95671,
40574559,CCOC(=O)COc1ccc2c(=O)cc(-c3ccccc3)oc2c1,ZVXBAHLOGZCFTP-UHFFFAOYSA-N,324.099773612,3.401900000000002,CCOC(=O)COc1ccc2c(=O)cc(-c3ccccc3)oc2c1,EFLOXATE,0.88347,0.92235,0.90291,
78494962,Br.CN1CCC[C@@H]1Cc1c[nH]c2ccc(CCS(=O)(=O)c3ccccc3)cc12,UTINOWOSWSPFLJ-FSRHSHDFSA-N,462.09766120399996,4.398900000000004,Br.CN1CCC[C@@H]1Cc1c[nH]c2ccc(CCS(=O)(=O)c3ccccc3)cc12,ELETRIPTAN HYDROBROMIDE,0.93906,1.2043,1.07168,
85525712,O=c1oc2c(O)c(O)cc3c(=O)oc4c(O)c(O)cc1c4c23,AFSDNFLWKVMVRB-UHFFFAOYSA-N,302.006267152,1.3127999999999997,O=c1oc2c(O)c(O)cc3c(=O)oc4c(O)c(O)cc1c4c23,ELLAGIC ACID,0.86985,1.0844,0.977125,
75579409,CC1=NN(c2ccc(C)c(C)c2)C(=O)/C1=N\Nc1cccc(-c2cccc(C(=O)O)c2)c1O,XDXWLKQMMKQXPV-UHFFFAOYSA-N,442.16410518399994,4.564840000000005,CC1=NN(c2ccc(C)c(C)c2)C(=O)/C1=N\Nc1cccc(-c2cccc(C(=O)O)c2)c1O,ELTROMBOPAG,1.4337,1.1357,1.2847,
16857926,CCOCCn1c(N2CCCN(C)CC2)nc2ccccc21.O=C(O)/C=C/C(=O)O.O=C(O)/C=C/C(=O)O,FWLKKPKZQYVAFR-UHFFFAOYSA-N,534.2325786679999,1.6383000000000016,CCOCCn1c(N2CCCN(C)CC2)nc2ccccc21.O=C(O)/C=C/C(=O)O.O=C(O)/C=C/C(=O)O,EMEDASTINE DIFUMARATE,0.97868,1.1034,1.04104,
10526922,CC[C@H]1CN2CCc3cc(OC)c(OC)cc3C2C[C@@H]1CC1NCCc2cc(OC)c(OC)cc21.Cl.Cl,JROGBPMEKVAPEH-OPQPVGJLSA-N,552.252163184,5.787000000000008,CC[C@H]1CN2CCc3cc(OC)c(OC)cc3C2C[C@@H]1CC1NCCc2cc(OC)c(OC)cc21.Cl.Cl,EMETINE DIHYDROCHLORIDE,0.96947,0.79908,0.884275,
25905224,CO[C@H]1[C@@H](O)[C@@H](C)O[C@H](O[C@H]2CCC3(C)C4CCC5(C)[C@@H](C6=CC(=O)OC6)CC[C@]5(O)[C@@H]4CC[C@]3(O)C2)[C@@H]1O,MABTYQWWFMMYTE-LONDWSRQSA-N,550.3141830519999,2.225099999999999,CO[C@H]1[C@@H](O)[C@@H](C)O[C@H](O[C@H]2CCC3(C)C4CCC5(C)[C@@H](C6=CC(=O)OC6)CC[C@]5(O)[C@@H]4CC[C@]3(O)C2)[C@@H]1O,EMICYMARIN,0.9729,1.0679,1.0204,
57673020,Cc1cc(O)c2c(c1)C(=O)c1cc(O)cc(O)c1C2=O,RHMXXJGYXNZAPX-UHFFFAOYSA-N,270.05282342,1.8872199999999997,Cc1cc(O)c2c(c1)C(=O)c1cc(O)cc(O)c1C2=O,EMODIN,0.8723,0.83607,0.854185,
10451482,O[C@H]1[C@H](O)[C@@H](O)C(c2ccc(Cl)c(Cc3ccc(OC4CCOC4)cc3)c2)O[C@@H]1O,RFFRRUJEBGIBHM-MFJSOZGLSA-N,436.12888081999995,1.570899999999999,O[C@H]1OC(c2ccc(Cl)c(Cc3ccc(OC4CCOC4)cc3)c2)[C@H](O)[C@@H](O)[C@@H]1O,EMPAGLIFLOZIN,1.0455,0.97744,1.01147,
30339639,Nc1nc(=O)n([C@@H]2CS[C@H](CO)O2)cc1F,XQSPYNMVSIKCOC-NTSWFWBYSA-N,247.0426904,-0.4550000000000003,Nc1nc(=O)n([C@@H]2CS[C@H](CO)O2)cc1F,EMTRICITABINE,1.0575,0.96312,1.01031,
68579323,CCOC(=O)[C@H](CCc1ccccc1)N[C@@H](C)C(=O)N1CCC[C@H]1C(=O)O.O=C(O)/C=C\C(=O)O,OYFJQPXVCSSHAI-BDURURIASA-N,492.21078060399986,1.316400000000002,CCOC(=O)[C@H](CCc1ccccc1)N[C@@H](C)C(=O)N1CCC[C@H]1C(=O)O.O=C(O)/C=C\C(=O)O,ENALAPRIL MALEATE,1.0886,0.98048,1.03454,
71045503,C=CCOC(Cn1ccnc1)c1ccc(Cl)cc1Cl.O=S(=O)(O)O,XVTXMTOYQVRHSK-UHFFFAOYSA-N,394.0156979719998,3.4810000000000016,C=CCOC(Cn1ccnc1)c1ccc(Cl)cc1Cl.O=S(=O)(O)O,ENILCONAZOLE SULFATE,0.80222,0.85647,0.829345,
32352002,CCn1cc(C(=O)O)c(=O)c2cc(F)c(N3CCNCC3)nc21,IDYZIJYBMGIQMJ-UHFFFAOYSA-N,320.12846862400005,0.6633000000000002,CCn1cc(C(=O)O)c(=O)c2cc(F)c(N3CCNCC3)nc21,ENOXACIN,0.14709,0.16231,0.1547,
36045833,CC1(C)C2CC[C@]3(C)C(C(=O)C=C4[C@@H]5C[C@@](C)(C(=O)O)CC[C@]5(C)CC[C@]43C)[C@@]2(C)CC[C@@H]1O,MPDGHEJMBKOTSU-VOPRYAMFSA-N,470.33960995199993,6.412600000000007,CC1(C)C2CC[C@]3(C)C(C(=O)C=C4[C@@H]5C[C@@](C)(C(=O)O)CC[C@]5(C)CC[C@]43C)[C@@]2(C)CC[C@@H]1O,ENOXOLONE,1.1952,1.2298,1.2125,
78269705,CCN1CCN(c2cc3c(cc2F)c(=O)c(C(=O)O)cn3C2CC2)CC1,SPFYMRJSYKOXGV-UHFFFAOYSA-N,359.16451978400005,2.3156,CCN1CCN(c2cc3c(cc2F)c(=O)c(C(=O)O)cn3C2CC2)CC1,ENROFLOXACIN,0.13697,0.15745,0.14721,
77687447,CCN(CC)C(=O)/C(C#N)=C/c1cc(O)c(O)c([N+](=O)[O-])c1,JRURYQJSLYLRLN-UHFFFAOYSA-N,305.10117058,1.7813800000000002,CCN(CC)C(=O)/C(C#N)=C/c1cc(O)c(O)c([N+](=O)[O-])c1,ENTACAPONE,0.96614,0.80211,0.884125,
56758793,CCC(C)C(=O)O[C@@H]1C[C@@]2(C)[C@H](c3ccoc3)OC(=O)CC23OC2(C)OC34[C@H](OC(=O)C(C)C)[C@@]3(O)[C@@H](OC(=O)C5(C)OC5C)[C@@]5(C)C[C@]3(O)[C@@](C)([C@H]5CC(=O)OC)C14O2,BUVRFGBECZFCRL-YDTKTFQDSA-N,844.3517503319999,3.3446000000000025,CCC(C)C(=O)O[C@@H]1C[C@@]2(C)[C@H](c3ccoc3)OC(=O)CC23OC2(C)OC34[C@H](OC(=O)C(C)C)[C@@]3(O)[C@@H](OC(=O)C5(C)OC5C)[C@@]5(C)C[C@]3(O)[C@@](C)([C@H]5CC(=O)OC)C14O2,ENTANDROPHRAGMIN,1.0564,1.038,1.0472,
98190253,C=C1[C@H](CO)[C@@H](O)C[C@@H]1n1cnc2c(=O)[nH]c(N)nc21.O,YXPVEXCTPGULBZ-WQYNNSOESA-N,295.128054024,-1.6525000000000005,C=C1[C@@H](n2cnc3c(=O)[nH]c(N)nc32)C[C@H](O)[C@H]1CO.O,ENTECAVIR MONOHYDRATE,1.0639,0.99698,1.03044,
11026533,CC(/C=C1\SC(=S)N(CC(=O)O)C1=O)=C\c1ccccc1,CHNUOJQWGUIOLD-UHFFFAOYSA-N,319.033685276,2.918700000000001,CC(/C=C1\SC(=S)N(CC(=O)O)C1=O)=C\c1ccccc1,EPALRESTAT,1.0774,1.125,1.1012,
25680203,CN[C@@H](C)[C@H](O)c1ccccc1.Cl,BALXUFOVQVENIU-GNAZCLTHSA-N,201.092041812,1.7496999999999998,CN[C@@H](C)[C@H](O)c1ccccc1.Cl,"EPHEDRINE (1R,2S) HYDROCHLORIDE",1.0276,0.90865,0.968125,
99782192,Oc1ccc([C@H]2Oc3cc(O)cc(O)c3C[C@H]2O)cc1,RSYUFYQTACJFML-UKRRQHHQSA-N,274.08412354800004,1.8404999999999996,Oc1ccc([C@H]2Oc3cc(O)cc(O)c3C[C@H]2O)cc1,"EPIAFZELECHIN (2R,3R)(-)",0.92064,0.96089,0.940765,
43757399,C[C@]12CCC3C(CC[C@H]4C[C@H](O)CC[C@]34C)C1CC[C@@H]2O,CBMYJHIOYJEBSB-ILBJSTGGSA-N,292.240230264,3.750900000000003,C[C@]12CCC3C(CC[C@H]4C[C@H](O)CC[C@]34C)C1CC[C@@H]2O,EPIANDROSTANEDIOL,1.0229,0.91549,0.969195,
11343869,C[C@]12CCC3C(CC[C@H]4C[C@@H](O)CC[C@]34C)C1CCC2=O,QGXBDMJGAMFCBF-FMLJXKFRSA-N,290.2245802,3.959100000000003,C[C@]12CCC3C(CC[C@H]4C[C@@H](O)CC[C@]34C)C1CCC2=O,EPIANDROSTERONE,1.0291,0.93757,0.983335,
35486010,Oc1cc(O)c2c(c1)O[C@H](c1ccc(O)c(O)c1)[C@H](O)C2,PFTAWBLQPZVEMU-UKRRQHHQSA-N,290.079038168,1.5460999999999998,Oc1cc(O)c2c(c1)O[C@H](c1ccc(O)c(O)c1)[C@H](O)C2,EPICATECHIN,1.0082,1.1073,1.05775,
17100743,O=C(O[C@@H]1Cc2c(O)cc(O)cc2O[C@@H]1c1ccc(O)c(O)c1)c1cc(O)c(O)c(O)c1,LSHVYAFMTMFKBA-TZIWHRDSSA-N,442.0899967759999,2.5276000000000005,O=C(O[C@@H]1Cc2c(O)cc(O)cc2O[C@@H]1c1ccc(O)c(O)c1)c1cc(O)c(O)c(O)c1,EPICATECHIN MONOGALLATE,0.89818,0.88042,0.8893,
17935243,CC12CCC3c4ccc(O)cc4CCC3C1C[C@H](O)[C@@H]2O,PROQIPRRNZUXQM-WRECPOHLSA-N,288.17254462799997,2.5800000000000005,CC12CCC3c4ccc(O)cc4CCC3C1C[C@H](O)[C@@H]2O,EPIESTRIOL,1.0123,0.93115,0.971725,
85337539,Oc1cc(O)c2c(c1)O[C@H](c1cc(O)c(O)c(O)c1)[C@H](O)C2,XMOCLSLCDHWDHP-IUODEOHRSA-N,306.073952788,1.2517,Oc1cc(O)c2c(c1)O[C@H](c1cc(O)c(O)c(O)c1)[C@H](O)C2,EPIGALLOCATECHIN,1.2231,1.2512,1.23715,
66242233,O=C(O[C@@H]1Cc2c(O)cc(O)cc2O[C@@H]1c1cc(O)c(O)c(O)c1)c1cc(O)c(O)c(O)c1,WMBWREPUVVBILR-WIYYLYMNSA-N,458.0849113959999,2.233199999999999,O=C(O[C@@H]1Cc2c(O)cc(O)cc2O[C@@H]1c1cc(O)c(O)c(O)c1)c1cc(O)c(O)c(O)c1,EPIGALLOCATECHIN-3-MONOGALLATE,0.93041,0.68296,0.806685,
77903997,Cl.NC1=NCC2c3ccccc3Cc3ccccc3N12,VKXSGUIOOQPGAF-UHFFFAOYSA-N,285.103275192,2.888600000000001,Cl.NC1=NCC2c3ccccc3Cc3ccccc3N12,EPINASTINE HYDROCHLORIDE,0.93087,0.93977,0.93532,
74758818,CNC[C@@H](O)c1ccc(O)c(O)c1.O=C(O)C(O)C(O)C(=O)O,YLXIPWWIOISBDD-SBSPUUFOSA-N,333.105981188,-1.7719999999999998,CNC[C@@H](O)c1ccc(O)c(O)c1.O=C(O)C(O)C(O)C(=O)O,EPINEPHRINE BITARTRATE,1.1695,0.98867,1.079085,
46425781,COc1cccc2c1C(=O)c1c(O)c3c(c(O)c1C2=O)C[C@@](O)(C(=O)CO)C[C@@H]3O[C@H]1C[C@H](N)[C@@H](O)[C@H](C)O1.Cl,MWWSFMDVAYGXBV-FGBSZODSSA-N,579.1507384599998,0.4230999999999994,COc1cccc2c1C(=O)c1c(O)c3c(c(O)c1C2=O)C[C@@](O)(C(=O)CO)C[C@@H]3O[C@H]1C[C@H](N)[C@@H](O)[C@H](C)O1.Cl,EPIRUBICIN HYDROCHLORIDE,0.67643,0.75249,0.71446,
83717771,COC(=O)[C@@H]1CC2=CC(=O)CC[C@]2(C)[C@@]23OC2C[C@@]2(C)C(CCC24CCC(=O)O4)[C@H]13,JUKPWJGBANNWMW-NYYNNMKESA-N,414.20423867999995,3.124500000000002,COC(=O)[C@@H]1CC2=CC(=O)CC[C@]2(C)[C@@]23OC2C[C@@]2(C)C(CCC24CCC(=O)O4)[C@H]13,EPLERENONE,0.88458,1.0067,0.94564,
16802240,CC(=O)O[C@@H]1CC2C(C)(C)C(=O)C3OC3[C@]2(C)C2CC[C@@]3(C)[C@H](c4ccoc4)OC(=O)C4OC43[C@@]21C,AZGNIKZHFDJEPU-FJONONFLSA-N,498.2253680479999,3.771900000000003,CC(=O)O[C@@H]1CC2C(C)(C)C(=O)C3OC3[C@]2(C)C2CC[C@@]3(C)[C@H](c4ccoc4)OC(=O)C4OC43[C@@]21C,EPOXYGEDUNIN,1.2914,1.3979,1.34465,
10115415,CCC(C)[C@H]1O[C@]2(C=C[C@@H]1C)C[C@@H]1C[C@@H](C/C=C(\C)[C@@H](OC3C[C@H](OC)C(O[C@H]4C[C@H](OC)[C@@H](NC(C)=O)[C@H](C)O4)[C@H](C)O3)[C@@H](C)/C=C/C=C3\CO[C@@H]4[C@H](O)C(C)=C[C@@H](C(=O)O1)[C@]34O)O2,ZKWQQXZUCOBISE-DHKKYXCTSA-N,913.5187560800002,5.521200000000009,CCC(C)[C@H]1O[C@]2(C=C[C@@H]1C)C[C@@H]1C[C@@H](C/C=C(\C)[C@@H](OC3C[C@H](OC)C(O[C@H]4C[C@H](OC)[C@@H](NC(C)=O)[C@H](C)O4)[C@H](C)O3)[C@@H](C)/C=C/C=C3\CO[C@@H]4[C@H](O)C(C)=C[C@@H](C(=O)O1)[C@]34O)O2,EPRINOMECTIN,0.9961,0.91537,0.955735,
86979503,O=C(NCCCN1CCOCC1)c1ccc(Cl)cc1,YYFGRAGNYHYWEZ-UHFFFAOYSA-N,282.113505528,1.7921,O=C(NCCCN1CCOCC1)c1ccc(Cl)cc1,EPROBEMIDE,1.06,1.1468,1.1034,
50274182,O=S(=O)([O-])CCCS(=O)(=O)[O-].[Na+].[Na+],DKGJFKPIUSHDIT-UHFFFAOYSA-L,247.940118472,-7.5251,O=S(=O)([O-])CCCS(=O)(=O)[O-].[Na+].[Na+],EPRODISATE DISODIUM,1.022,1.1271,1.07455,
49281494,CC12CCC3C(=CCc4cc(O)ccc43)C1CCC2=O,WKRLQDKEXYKHJB-UHFFFAOYSA-N,268.14632988,3.7375000000000025,CC12CCC3C(=CCc4cc(O)ccc43)C1CCC2=O,EQUILIN,0.97178,0.89516,0.93347,
62598162,O=C(O)CSCC(=O)NC1CCSC1=O,QGFORSXNKQLDNO-UHFFFAOYSA-N,249.012949832,-0.047499999999999876,O=C(O)CSCC(=O)NC1CCSC1=O,ERDOSTEINE,0.96158,1.0008,0.98119,
10865770,C=C1CC[C@H](O)C/C1=C/C=C1\CCC[C@]2(C)C([C@H](C)/C=C/[C@H](C)C(C)C)CC[C@@H]12,MECHNRXZTMCUDQ-AUNAYUHPSA-N,396.339216028,7.641000000000008,C=C1CC[C@H](O)C/C1=C/C=C1\CCC[C@]2(C)C([C@H](C)/C=C/[C@H](C)C(C)C)CC[C@@H]12,ERGOCALCIFEROL,1.51,1.0619,1.28595,
59803039,CC(CO)NC(=O)C1C=C2c3cccc4[nH]cc(c34)C[C@H]2N(C)C1.O=C(O)/C=C\C(=O)O,YREISLCRUMOYAY-GAIOTXOASA-N,441.18998558399994,1.2463999999999997,CC(CO)NC(=O)C1C=C2c3cccc4[nH]cc(c34)C[C@H]2N(C)C1.O=C(O)/C=C\C(=O)O,ERGONOVINE MALEATE,1.0353,1.0353,1.0353,
17295267,CC(C)C(C)/C=C/C(C)C1CCC2C3=CC=C4CC(O)CCC4(C)C3CCC21C,DNVPQKQSNYMLRS-UHFFFAOYSA-N,396.339216028,7.330800000000009,CC(C)C(C)/C=C/C(C)C1CCC2C3=CC=C4CC(O)CCC4(C)C3CCC21C,ERGOSTEROL,1.404,1.2131,1.30855,
10058163,CC(=O)OC1CCC2(C)C(=CC=C3C2CCC2(C)C3CCC2C(C)/C=C/C(C)C(C)C)C1(C)C,NZNSOPHQRHNYSM-UHFFFAOYSA-N,466.38108084,8.537700000000006,CC(=O)OC1CCC2(C)C(=CC=C3C2CCC2(C)C3CCC2C(C)/C=C/C(C)C(C)C)C1(C)C,ERGOSTEROL ACETATE,1.2736,1.3548,1.3142,
11284599,OCC(O)[C@@H](O)CO,UNXHWFMMPAWVPI-WUCPZUCCSA-N,122.0579088,-2.3071999999999995,OCC(O)[C@@H](O)CO,ERYTHRITOL,0.93896,0.86124,0.9001,
61989543,CCC(=O)O[C@H]1[C@H](O[C@@H]2[C@@H](C)[C@H](O[C@H]3C[C@@](C)(OC)[C@@H](O)[C@H](C)O3)[C@@H](C)C(=O)O[C@H](CC)[C@@](C)(O)[C@H](O)[C@@H](C)C(=O)[C@H](C)C[C@@]2(C)O)O[C@H](C)C[C@@H]1N(C)C.CCCCCCCCCCCCOS(=O)(=O)O,AWMFUEJKWXESNL-JZBHMOKNSA-N,1055.6426362640002,6.47320000000001,CCC(=O)O[C@H]1[C@H](O[C@@H]2[C@@H](C)[C@H](O[C@H]3C[C@@](C)(OC)[C@@H](O)[C@H](C)O3)[C@@H](C)C(=O)O[C@H](CC)[C@@](C)(O)[C@H](O)[C@@H](C)C(=O)[C@H](C)C[C@@]2(C)O)O[C@H](C)C[C@@H]1N(C)C.CCCCCCCCCCCCOS(=O)(=O)O,ERYTHROMYCIN ESTOLATE,0.86668,0.92943,0.898055,
35484824,CCOC(=O)CCC(=O)O[C@H]1[C@H](O[C@@H]2[C@@H](C)[C@H](O[C@H]3C[C@@](C)(OC)[C@@H](O)[C@H](C)O3)[C@@H](C)C(=O)O[C@H](CC)[C@@](C)(O)[C@H](O)[C@@H](C)C(=O)[C@H](C)C[C@@]2(C)O)O[C@H](C)C[C@@H]1N(C)C,NSYZCCDSJNWWJL-YXOIYICCSA-N,861.5085853200001,2.6798000000000073,CCOC(=O)CCC(=O)O[C@H]1[C@H](O[C@@H]2[C@@H](C)[C@H](O[C@H]3C[C@@](C)(OC)[C@@H](O)[C@H](C)O3)[C@@H](C)C(=O)O[C@H](CC)[C@@](C)(O)[C@H](O)[C@@H](C)C(=O)[C@H](C)C[C@@]2(C)O)O[C@H](C)C[C@@H]1N(C)C,ERYTHROMYCIN ETHYLSUCCINATE,0.18073,0.24697,0.21385,
20772919,CCCCCCCCCCCCCCCCCC(=O)O.CC[C@H]1OC(=O)[C@H](C)[C@@H](O[C@H]2C[C@@](C)(OC)[C@@H](O)[C@H](C)O2)[C@H](C)[C@@H](O[C@@H]2O[C@H](C)C[C@H](N(C)C)[C@H]2O)[C@](C)(O)C[C@@H](C)C(=O)[C@H](C)[C@@H](O)[C@]1(C)O,YAVZHCFFUATPRK-YZPBMOCRSA-N,1017.7327715960001,8.11810000000001,CCCCCCCCCCCCCCCCCC(=O)O.CC[C@H]1OC(=O)[C@H](C)[C@@H](O[C@H]2C[C@@](C)(OC)[C@@H](O)[C@H](C)O2)[C@H](C)[C@@H](O[C@@H]2O[C@H](C)C[C@H](N(C)C)[C@H]2O)[C@](C)(O)C[C@@H](C)C(=O)[C@H](C)[C@@H](O)[C@]1(C)O,ERYTHROMYCIN STEARATE,0.16167,0.18007,0.17087,
92828422,O=C([O-])c1ccccc1-c1c2cc(I)c(=O)c(I)c-2oc2c(I)c([O-])c(I)cc12.[Na+].[Na+],IINNWAYUJNWZRM-UHFFFAOYSA-L,879.6189538520001,-1.5716999999999999,O=C([O-])c1ccccc1-c1c2cc(I)c(=O)c(I)c-2oc2c(I)c([O-])c(I)cc12.[Na+].[Na+],ERYTHROSINE SODIUM,1.0462,1.0265,1.03635,
11314580,C/C=C(/C)C(=O)O[C@@H]1[C@H](OC(C)=O)[C@@]2(CO)C(CC1(C)C)C1=CCC3[C@@]4(C)CC[C@H](O[C@@H]5O[C@H](C(=O)O)[C@@H](O[C@@H]6O[C@H](CO)[C@@H](O)[C@H](O)[C@H]6O)[C@H](O)[C@H]5O[C@@H]5O[C@H](CO)[C@@H](O)[C@H](O)[C@H]5O)[C@](C)(CO)C4CC[C@@]3(C)[C@]1(C)C[C@H]2O,AXNVHPCVMSNXNP-QHLPVZJJSA-N,1130.550903632,-1.3210999999999875,C/C=C(/C)C(=O)O[C@@H]1[C@H](OC(C)=O)[C@@]2(CO)C(CC1(C)C)C1=CCC3[C@@]4(C)CC[C@H](O[C@@H]5O[C@H](C(=O)O)[C@@H](O[C@@H]6O[C@H](CO)[C@@H](O)[C@H](O)[C@H]6O)[C@H](O)[C@H]5O[C@@H]5O[C@H](CO)[C@@H](O)[C@H](O)[C@H]5O)[C@](C)(CO)C4CC[C@@]3(C)[C@]1(C)C[C@H]2O,ESCIN,0.83213,0.98655,0.90934,
51349759,CN(C)CCC[C@@]1(c2ccc(F)cc2)OCc2cc(C#N)ccc21.O=C(O)C(=O)O,KTGRHKOEFSJQNS-BDQAORGHSA-N,414.15910005599994,2.968580000000001,CN(C)CCC[C@@]1(c2ccc(F)cc2)OCc2cc(C#N)ccc21.O=C(O)C(=O)O,ESCITALOPRAM OXALATE,0.90216,0.95577,0.928965,
95401041,O.O=c1ccc2cc(O[C@@H]3O[C@H](CO)[C@@H](O)[C@H](O)[C@H]3O)c(O)cc2o1,CQYPGSKIFJFVDQ-QWFKVUSTSA-N,358.08999677599996,-2.1474,O.O=c1ccc2cc(O[C@@H]3O[C@H](CO)[C@@H](O)[C@H](O)[C@H]3O)c(O)cc2o1,ESCULIN MONOHYDRATE,1.0416,1.2243,1.13295,
54193986,CN1CC[C@@]2(C)c3cc(O)ccc3N(C)[C@@H]12.O=C(O)/C=C/C(=O)O,PBZRRADJWNBPNY-KZCZEQIWSA-N,334.152871804,1.4730999999999999,CN1CC[C@@]2(C)c3cc(O)ccc3N(C)[C@@H]12.O=C(O)/C=C/C(=O)O,ESEROLINE FUMARATE,1.0961,1.1347,1.1154,
10235550,C[C@]12CCC3c4ccc(O)cc4CCC3C1CC[C@@H]2O,VOXZDWNPVJITMN-PAOLREHBSA-N,272.177630008,3.6092000000000026,C[C@]12CCC3c4ccc(O)cc4CCC3C1CC[C@@H]2O,ESTRADIOL,0.96451,0.92496,0.944735,
35643492,C[C@]12CCC3c4ccc(OC(=O)c5ccccc5)cc4CCC3C1CC[C@@H]2O,UYIFTLBWAOGQBI-YSHINGEJSA-N,376.20384475599997,5.122800000000005,C[C@]12CCC3c4ccc(OC(=O)c5ccccc5)cc4CCC3C1CC[C@@H]2O,ESTRADIOL BENZOATE,1.0749,1.0822,1.07855,
77329144,C[C@]12CCC3c4ccc(O)cc4CCC3C1CC[C@@H]2OC(=O)CCC1CCCC1,UOACKFBJUYNSLK-OCTSOESTSA-N,396.26644501199996,6.130500000000006,C[C@]12CCC3c4ccc(O)cc4CCC3C1CC[C@@H]2OC(=O)CCC1CCCC1,ESTRADIOL CYPIONATE,1.3827,1.288,1.33535,
18894590,CCCCC(=O)O[C@H]1CCC2C3CCc4cc(O)ccc4C3CC[C@@]21C,RSEPBGGWRJCQGY-ZZSVNSIZSA-N,356.23514488399996,5.350300000000006,CCCCC(=O)O[C@H]1CCC2C3CCc4cc(O)ccc4C3CC[C@@]21C,ESTRADIOL VALERATE,1.3561,1.4698,1.41295,
30298757,C=CCc1ccc(OC)cc1,ZFMSMUAANRJZFM-UHFFFAOYSA-N,148.088815004,2.4237,C=CCc1ccc(OC)cc1,ESTRAGOLE,1.0725,1.0565,1.0645,
95637821,C[C@]12CCC3c4ccc(OC(=O)N(CCCl)CCCl)cc4CCC3C1CC[C@@H]2O,FRPJXPJMRWBBIH-ZZSVNSIZSA-N,439.168099212,5.182000000000006,C[C@]12CCC3c4ccc(OC(=O)N(CCCl)CCCl)cc4CCC3C1CC[C@@H]2O,ESTRAMUSTINE,1.0607,1.23,1.14535,
16208578,C[C@]12CCC3c4ccc(O)cc4CCC3C1C[C@@H](O)[C@@H]2O,PROQIPRRNZUXQM-YDGSGPMOSA-N,288.17254462799997,2.5800000000000005,C[C@]12CCC3c4ccc(O)cc4CCC3C1C[C@@H](O)[C@@H]2O,ESTRIOL,0.88715,1.004,0.945575,
46500862,CCC(=O)Oc1ccc2c(c1)CCC1C2CC[C@@]2(C)C1C[C@@H](OC(=O)CC)[C@@H]2OC(=O)CC,ONMZMZJEZHMWQL-MJWFMUNBSA-N,456.2511888719999,5.111600000000005,CCC(=O)Oc1ccc2c(c1)CCC1C2CC[C@@]2(C)C1C[C@@H](OC(=O)CC)[C@@H]2OC(=O)CC,ESTRIOL TRIPROPIONATE,1.2035,0.99371,1.098605,
38453400,C[C@]12CCC3c4ccc(O)cc4CCC3C1CCC2=O,DNXHEGUUPJUMQT-GUZDXLFXSA-N,270.161979944,3.817400000000002,C[C@]12CCC3c4ccc(O)cc4CCC3C1CCC2=O,ESTRONE,1.0971,1.0517,1.0744,
33009347,C1CNCCN1.C[C@]12CCC3c4ccc(OS(=O)(=O)O)cc4CCC3C1CCC2=O,HZEQBCVBILBTEP-TWCWWGPMSA-N,436.20319312399994,2.4726,C1CNCCN1.C[C@]12CCC3c4ccc(OS(=O)(=O)O)cc4CCC3C1CCC2=O,ESTROPIPATE,1.2071,0.99519,1.101145,
54912401,CN1CCN(C(=O)O[C@H]2c3nccnc3C(=O)N2c2ccc(Cl)cn2)CC1,GBBSUAFBMRNDJC-INIZCTEOSA-N,388.10506608400004,1.5679999999999998,CN1CCN(C(=O)O[C@H]2c3nccnc3C(=O)N2c2ccc(Cl)cn2)CC1,ESZOPICLONE,1.2814,1.17,1.2257,
48293108,CCN(CC)S(=O)(=O)c1ccc(C(=O)O)cc1,UACOQEQOBAQRDQ-UHFFFAOYSA-N,257.07217896000003,1.4153000000000002,CCN(CC)S(=O)(=O)c1ccc(C(=O)O)cc1,ETEBENECID,1.1011,0.99306,1.04708,
18128779,CC(O)C(=O)O.CCOc1ccc2nc3cc(N)ccc3c(N)c2c1,IYLLULUTZPKQBW-UHFFFAOYSA-N,343.15320615200005,2.4029,CC(O)C(=O)O.CCOc1ccc2nc3cc(N)ccc3c(N)c2c1,ETHACRIDINE LACTATE,0.7396,1.1091,0.92435,
92898166,C=C(CC)C(=O)c1ccc(OCC(=O)O)c(Cl)c1Cl,AVOLMBLBETYQHX-UHFFFAOYSA-N,302.011264224,3.6057000000000023,C=C(CC)C(=O)c1ccc(OCC(=O)O)c(Cl)c1Cl,ETHACRYNIC ACID,1.1469,1.0848,1.11585,
75876263,CC[C@@H](CO)NCCN[C@@H](CC)CO.Cl.Cl,AUAHHJJRFHRVPV-BZDVOYDHSA-N,276.137133432,0.5509999999999997,CC[C@@H](CO)NCCN[C@@H](CC)CO.Cl.Cl,ETHAMBUTOL HYDROCHLORIDE,1.1243,1.117,1.12065,
88959874,CCN(CC)C(=O)c1ccc(O)c(OC)c1,BQJODPIMMWWMFC-UHFFFAOYSA-N,223.120843404,1.8827999999999998,CCN(CC)C(=O)c1ccc(O)c(OC)c1,ETHAMIVAN,0.99378,0.89161,0.942695,
71264959,CCCCCCCC/C=C\CCCCCCCC(=O)[O-].[NH3+]CCO,KGWDUNBJIMUFAP-UHFFFAOYSA-N,343.308644172,2.9944,CCCCCCCC/C=C\CCCCCCCC(=O)[O-].[NH3+]CCO,ETHANOLAMINE OLEATE,1.2394,1.4606,1.35,
22938689,CCOc1ccc(Cc2nccc3cc(OCC)c(OCC)cc23)cc1OCC.Cl,UPUDVKWQBVIKBG-UHFFFAOYSA-N,431.18633611999996,5.842200000000006,CCOc1ccc(Cc2nccc3cc(OCC)c(OCC)cc23)cc1OCC.Cl,ETHAVERINE HYDROCHLORIDE,0.98936,1.0496,1.01948,
89294589,CCOc1ccccc1C(N)=O,SBNKFTQSBPKMBZ-UHFFFAOYSA-N,165.078978592,1.1842,CCOc1ccccc1C(N)=O,ETHENZAMIDE,0.96071,0.97344,0.967075,
36611225,C#C[C@]1(O)CCC2C3CCc4cc(O)ccc4C3CC[C@@]21C,BFPYWIDHMRZLRN-OQPPHWFISA-N,296.177630008,3.6126000000000023,C#C[C@]1(O)CCC2C3CCc4cc(O)ccc4C3CC[C@@]21C,ETHINYL ESTRADIOL,0.96242,1.1091,1.03576,
48162858,CCOP(=S)(OCC)SCSP(=S)(OCC)OCC,RIZMRRKBZQXFOY-UHFFFAOYSA-N,383.9876164439999,5.005300000000004,CCOP(=S)(OCC)SCSP(=S)(OCC)OCC,ETHION,1.0077,1.0322,1.01995,
10290301,CCc1cc(C(N)=S)ccn1,AEOCXXJPGCBFJA-UHFFFAOYSA-N,166.05646932,1.2782,CCc1cc(C(N)=S)ccn1,ETHIONAMIDE,1.1509,1.2744,1.21265,
80572981,C#CC1(O)CCC2C3CCC4=CC(=O)CCC4(C)C3CCC21C,CHNXZKVNWQUJIB-UHFFFAOYSA-N,312.208930136,3.8826000000000036,C#CC1(O)CCC2C3CCC4=CC(=O)CCC4(C)C3CCC21C,ETHISTERONE,1.5776,1.3657,1.47165,
32775376,CCOc1cc(NC(C)=O)ccc1C(=O)OC,GOVWOKSKFSBNGD-UHFFFAOYSA-N,237.10010796,1.8302999999999998,CCOc1cc(NC(C)=O)ccc1C(=O)OC,ETHOPABATE,1.1604,1.0311,1.09575,
79399535,CCN(CC)C(C)CN1c2ccccc2Sc2ccccc21.Cl,VXPCQISYVPFYRK-UHFFFAOYSA-N,348.14269748,5.441400000000005,CCN(CC)C(C)CN1c2ccccc2Sc2ccccc21.Cl,ETHOPROPAZINE HYDROCHLORIDE,0.86833,1.0548,0.961565,
70673654,CCC1(C)CC(=O)NC1=O,HAPOVYFOVVWLRS-UHFFFAOYSA-N,141.078978592,0.4491999999999999,CCC1(C)CC(=O)NC1=O,ETHOSUXIMIDE,1.0709,1.0658,1.06835,
11322798,CCOc1ccc2nc(S(N)(=O)=O)sc2c1,OUZWUKMCLIBBOG-UHFFFAOYSA-N,258.01328418,1.3424,CCOc1ccc2nc(S(N)(=O)=O)sc2c1,ETHOXZOLAMIDE,1.1498,0.94684,1.04832,
10173519,CCOC(=O)c1c(C)c(Cl)c(O)c(Cl)c1O,DCMROEHBFQFVFM-UHFFFAOYSA-N,263.99561416,2.8897200000000014,CCOC(=O)c1c(C)c(Cl)c(O)c(Cl)c1O,ETHYL DICHLOROORSELLINATE,1.0296,1.0463,1.03795,
43120955,CCOC(=O)c1c(C)cc(OC)cc1O,PJOOIAZRUIIQMU-UHFFFAOYSA-N,210.089208928,1.88592,CCOC(=O)c1c(C)cc(OC)cc1O,ETHYL EVERNINATE,1.261,1.1189,1.18995,
97318140,CCOC(=O)c1c(C)cc(O)cc1O,UQSRXQMIXSZGLA-UHFFFAOYSA-N,196.073558864,1.5829199999999999,CCOC(=O)c1c(C)cc(O)cc1O,ETHYL ORSELLINATE,0.8756,0.91839,0.896995,
10568621,CCOC(=O)c1ccc(O)cc1,NUVBSKCKDOMJSU-UHFFFAOYSA-N,166.06299418,1.5689,CCOC(=O)c1ccc(O)cc1,ETHYL PARABEN,1.1365,1.1243,1.1304,
54286052,CCOc1cc(C=O)ccc1O,CBOQJANXLMLOSS-UHFFFAOYSA-N,166.06299418,1.6034,CCOc1cc(C=O)ccc1O,ETHYL VANILLIN,0.93117,1.1014,1.016285,
33330871,O=C(O)CN(CCN(CC(=O)O)CC(=O)O)CC(=O)O,KCXVZYZYPLLWCC-UHFFFAOYSA-N,292.09066547199996,-2.0711999999999957,O=C(O)CN(CCN(CC(=O)O)CC(=O)O)CC(=O)O,ETHYLENEDIAMINE TETRACETIC ACID,1.068,0.8995,0.98375,
32570342,CCC(N)C(O)c1ccc(O)c(O)c1.Cl,NZDMRJGAFPUTMZ-UHFFFAOYSA-N,233.081871052,1.2902999999999996,CCC(N)C(O)c1ccc(O)c(O)c1.Cl,ETHYLNOREPINEPHRINE HYDROCHLORIDE,0.97522,1.0201,0.99766,
27264964,C#C[C@]1(OC(C)=O)CCC2C3CCC4=C[C@@H](OC(C)=O)CCC4C3CC[C@@]21C,ONKUMRGIYFNPJW-FWAVOAFDSA-N,384.230059504,4.425900000000004,C#C[C@]1(OC(C)=O)CCC2C3CCC4=C[C@@H](OC(C)=O)CCC4C3CC[C@@]21C,ETHYNODIOL DIACETATE,1.1574,1.1405,1.14895,
11051417,CC(O)(P(=O)([O-])O)P(=O)([O-])O.[Na+].[Na+],GWBBVOVXJZATQQ-UHFFFAOYSA-L,249.938414352,-8.248199999999999,CC(O)(P(=O)([O-])O)P(=O)([O-])O.[Na+].[Na+],ETIDRONATE DISODIUM,1.0112,1.055,1.0331,
67495633,CCc1cccc2c3c([nH]c12)C(CC)(CC(=O)O)OCC3,NNYBQONXHNTVIJ-UHFFFAOYSA-N,287.152143532,3.383000000000002,CCc1cccc2c3c([nH]c12)C(CC)(CC(=O)O)OCC3,ETODOLAC,1.2268,1.1625,1.19465,
20270916,CCOC(=O)c1cncn1[C@H](C)c1ccccc1,NPUKDXXFDDZOKR-LLVKDONJSA-N,244.121177752,2.669100000000001,CCOC(=O)c1cncn1[C@H](C)c1ccccc1,ETOMIDATE,1.2885,1.1807,1.2346,
91494735,COc1cc([C@@H]2c3cc4c(cc3C(OC3O[C@@H]5COC(C)O[C@H]5[C@H](O)[C@H]3O)C3COC(=O)[C@@H]32)OCO4)cc(OC)c1O,VJJPUSNTGOMMGY-GEGAHKOSSA-N,588.1842910839998,1.3385999999999993,COc1cc([C@@H]2c3cc4c(cc3C(OC3O[C@@H]5COC(C)O[C@H]5[C@H](O)[C@H]3O)C3COC(=O)[C@@H]32)OCO4)cc(OC)c1O,ETOPOSIDE,0.93328,0.89906,0.91617,
21717599,CCOCCOc1ccccc1C(N)=O,XBNRCMFFZFCWMH-UHFFFAOYSA-N,209.10519334,1.2008,CCOCCOc1ccccc1C(N)=O,ETOSALAMIDE,1.0522,1.3188,1.1855,
17631523,CC1(C)O[C@]2(C)CC[C@H]1CC2,WEEGYLXZBRQIMU-WAAGHKOSSA-N,154.135765196,2.7441000000000013,CC1(C)O[C@]2(C)CC[C@H]1CC2,EUCALYPTOL,0.96917,1.0978,1.033485,
10404588,COc1cc(C(=O)O)cc(OC)c1OC,SJSOFNCYXJUNBT-UHFFFAOYSA-N,212.068473484,1.4105999999999999,COc1cc(C(=O)O)cc(OC)c1OC,EUDESMIC ACID,0.86128,0.86508,0.86318,
40638586,C=CCc1ccc(O)c(OC)c1,RRAFCDWBNXTKKO-UHFFFAOYSA-N,164.083729624,2.1292999999999997,C=CCc1ccc(O)c(OC)c1,EUGENOL,0.67263,0.69378,0.683205,
91916710,C=C(C)c1cc2cc(C(C)=O)c(O)cc2o1,OPUFDNZTKHPZHM-UHFFFAOYSA-N,216.078644244,3.374100000000002,C=C(C)c1cc2cc(C(C)=O)c(O)cc2o1,EUPARIN,1.0892,1.2411,1.16515,
99797482,CC(=O)c1cc2c(cc1O)OC(C)(C)C=C2,SVUVYHFYZBCYRF-UHFFFAOYSA-N,218.094294308,2.7790000000000017,CC(=O)c1cc2c(cc1O)OC(C)(C)C=C2,EUPATORIOCHROMENE,1.1536,1.0492,1.1014,
23870417,CC(C)=CCCC(C)[C@@H]1CC[C@]2(C)C3=C(CC[C@@]12C)C1(C)CC[C@H](O)C(C)(C)C1CC3,CAHGCLMLTWQZNJ-CBTGRNSPSA-N,426.38616621999995,8.479100000000006,CC(C)=CCCC(C)[C@@H]1CC[C@]2(C)C3=C(CC[C@@]12C)C1(C)CC[C@H](O)C(C)(C)C1CC3,EUPHOL,0.97103,1.3194,1.145215,
46236005,Cc1cc(-c2ccc(/N=N/c3ccc4c(S(=O)(=O)[O-])cc(S(=O)(=O)[O-])c(N)c4c3O)c(C)c2)ccc1/N=N/c1ccc2c(S(=O)(=O)[O-])cc(S(=O)(=O)[O-])c(N)c2c1O.[Na+].[Na+].[Na+].[Na+],ATNOAWAQFYGAOY-UHFFFAOYSA-J,959.9824105680003,-6.6843600000000025,Cc1cc(-c2ccc(/N=N/c3ccc4c(S(=O)(=O)[O-])cc(S(=O)(=O)[O-])c(N)c4c3O)c(C)c2)ccc1/N=N/c1ccc2c(S(=O)(=O)[O-])cc(S(=O)(=O)[O-])c(N)c2c1O.[Na+].[Na+].[Na+].[Na+],EVANS BLUE,5.2728,5.7469,5.50985,
26284808,COc1cc(C)c(C(=O)Oc2cc(C)c(C(=O)O)c(O)c2)c(O)c1,GODLCSLPZIBRMG-UHFFFAOYSA-N,332.089602852,2.6406400000000003,COc1cc(C)c(C(=O)Oc2cc(C)c(C(=O)O)c(O)c2)c(O)c1,EVERNIC ACID,1.0859,0.92825,1.007075,
11085144,COc1cc(C)c(C(=O)O)c(O)c1,QUCZMUVAQHIOID-UHFFFAOYSA-N,182.0579088,1.40742,COc1cc(C)c(C(=O)O)c(O)c1,EVERNINIC ACID,0.96742,0.98207,0.974745,
87598397,COc1c2ccoc2nc2c(OC)c(OCC(O)C(C)(C)O)ccc12,FGANMDNHTVJAHL-UHFFFAOYSA-N,347.136887392,2.5088,COc1c2ccoc2nc2c(OC)c(OCC(O)C(C)(C)O)ccc12,EVOXINE,0.97101,0.9451,0.958055,
50555706,CCCCCCOc1ccccc1C(N)=O,CKSJXOVLXUMMFF-UHFFFAOYSA-N,221.141578848,2.7446,CCCCCCOc1ccccc1C(N)=O,EXALAMIDE,0.75429,1.0311,0.892695,
11323365,C=C1CC2C(CC[C@]3(C)C(=O)CCC23)[C@@]2(C)C=CC(=O)C=C12,BFYIZQONLCFLEV-VQIOPMHJSA-N,296.177630008,4.029500000000003,C=C1CC2C(CC[C@]3(C)C(=O)CCC23)[C@@]2(C)C=CC(=O)C=C12,EXEMESTANE,0.90005,1.1749,1.037475,
14036939,O=C1[C@H](CCC(O)c2ccc(F)cc2)[C@@H](c2ccc(O)cc2)N1c1ccc(F)cc1,OLNTVTPDXPETLC-OJVMETQDSA-N,409.148949972,4.888300000000004,O=C1[C@H](CCC(O)c2ccc(F)cc2)[C@@H](c2ccc(O)cc2)N1c1ccc(F)cc1,EZETIMIBE,1.1514,1.1591,1.15525,
93053030,CC(=O)OCC(CCn1cnc2cnc(N)nc21)COC(C)=O,GGXKWVWZWMLJEH-UHFFFAOYSA-N,321.143704088,0.5409999999999998,CC(=O)OCC(CCn1cnc2cnc(N)nc21)COC(C)=O,FAMCICLOVIR,1.365,1.166,1.2655,
78270384,NC(N)=Nc1nc(CSCC/C(N)=N\S(N)(=O)=O)cs1,XUFQPHANEAPEMJ-UHFFFAOYSA-N,337.04493571999996,-0.7679999999999998,NC(N)=Nc1nc(CSCC/C(N)=N\S(N)(=O)=O)cs1,FAMOTIDINE,0.97881,0.92902,0.953915,
38249140,Nc1ccncc1,NUKYPUAOHBNCPY-UHFFFAOYSA-N,94.053098192,0.6638000000000001,Nc1ccncc1,FAMPRIDINE,1.0727,0.99596,1.03433,
10525386,CC(C)c1c(CN(C)C(C)Cc2ccccc2)n(C)n(-c2ccccc2)c1=O,GNUXVOXXWGNPIV-UHFFFAOYSA-N,377.246712612,4.362400000000004,CC(C)c1c(CN(C)C(C)Cc2ccccc2)n(C)n(-c2ccccc2)c1=O,FAMPROFAZONE,1.0977,1.0514,1.07455,
10118816,O=S(=O)(c1cccc2cnccc12)N1CCCNCC1,NGOGFTYYXHNFQH-UHFFFAOYSA-N,291.104147784,1.2187999999999999,O=S(=O)(c1cccc2cnccc12)N1CCCNCC1,FASUDIL HYDROCHLORIDE,1.0046,1.2005,1.10255,
94325157,Cc1nc(-c2ccc(OCC(C)C)c(C#N)c2)sc1C(=O)O,BQSJTQLCZDPROO-UHFFFAOYSA-N,316.08816337199994,3.723200000000002,Cc1nc(-c2ccc(OCC(C)C)c(C#N)c2)sc1C(=O)O,FEBUXOSTAT,1.0375,1.3723,1.2049,
30718252,O=C(O)Cc1ccc(-c2ccccc2)cc1,QRZAKQDHEVVFRX-UHFFFAOYSA-N,212.083729624,2.9807000000000015,O=C(O)Cc1ccc(-c2ccccc2)cc1,FELBINAC,0.94049,0.90818,0.924335,
14799631,CCOC(=O)C1=C(C)NC(C)=C(C(=O)OC)C1c1cccc(Cl)c1Cl,RZTAMFZIAATZDJ-UHFFFAOYSA-N,383.069113448,3.9643000000000033,CCOC(=O)C1=C(C)NC(C)=C(C(=O)OC)C1c1cccc(Cl)c1Cl,FELODIPINE,0.86778,0.78714,0.82746,
21667250,O=C(CCCl)NCCc1ccccc1,BITWVVLBVUMFHU-UHFFFAOYSA-N,211.076391748,1.9742,O=C(CCCl)NCCc1ccccc1,FENACLON,0.90431,1.1742,1.039255,
