id,smiles,inchikey,mwt,clogp,SMILES,Name,Rep 1,Rep 2,Mean,pmic
73605986,C=CC(C1=CC(=O)C(OC)=CC1=O)c1ccc(O)cc1,DLCVFIMWFKVRTM-UHFFFAOYSA-N,270.089208928,2.2702999999999998,C=CC(C1=CC(=O)C(OC)=CC1=O)c1ccc(O)cc1, 4-METHOXY-4'-HYDROXY-DALBERGIONE,1.0415,1.1245,1.083,
36607903,C=C1CC/C=C(/C)CC[C@@H]2[C@@H]1CC2(C)C.O,HXXVLFJCXBVAIE-DTPOWOMPSA-N,222.198365452,3.900500000000004,C=C1CC/C=C(/C)CC[C@@H]2[C@@H]1CC2(C)C.O,(-)E-CARYOPHYLLENE hydrate,0.84605,1.0282,0.937125,
81810894,CCCCCCCCCCCCCCCC(=O)OCC(O)CO,QHZLMUACJMDIAE-UHFFFAOYSA-N,330.27700969599994,4.364100000000005,CCCCCCCCCCCCCCCC(=O)OCC(O)CO,1-MONOPALMITIN,1.0894,1.247,1.1682,
14873350,CC1(C)C(=O)[C@@H]2O[C@@H]2[C@@]2(C)C1C[C@@H](O)[C@]1(C)C2CC[C@@]2(C)[C@H](c3ccoc3)OC(=O)C3OC321,UIUKQADPLSFRBN-NIJWRPTQSA-N,456.21480336399986,3.201100000000002,CC1(C)C(=O)[C@@H]2O[C@@H]2[C@@]2(C)C1C[C@@H](O)[C@]1(C)C2CC[C@@]2(C)[C@H](c3ccoc3)OC(=O)C3OC321,"1,2alpha-EPOXYDEACETOXYDIHYDROGEDUNIN",1.1681,1.1717,1.1699,
31923661,CC1(C)C2CC(=O)[C@]3(C)C(CC[C@@]4(C)[C@H](c5ccoc5)OC(=O)C5OC543)[C@@]2(C)[C@@H](O)C[C@H]1O,BBSPXZBAZKHYLF-HUBYRZTESA-N,458.23045342799986,3.1847000000000016,CC1(C)C2CC(=O)[C@]3(C)C(CC[C@@]4(C)[C@H](c5ccoc5)OC(=O)C5OC543)[C@@]2(C)[C@@H](O)C[C@H]1O,"1,3-DIDEACETYL-7-DEACETOXY-7-OXOKHIVORIN",1.1953,1.2281,1.2117,
10835410,CC1(C)C2CC(=O)[C@]3(C)C(CC[C@@]4(C)[C@H](c5ccoc5)OC(=O)[C@H]5O[C@]543)[C@@]2(C)C(=O)C[C@H]1O,BSZLLSHGSWKZRE-IYLQSFRJSA-N,456.21480336399986,3.3929000000000022,CC1(C)C2CC(=O)[C@]3(C)C(CC[C@@]4(C)[C@H](c5ccoc5)OC(=O)[C@H]5O[C@]543)[C@@]2(C)C(=O)C[C@H]1O,"1,7-DIDEACETOXY-1,7-DIOXO-3-DEACETYLKHIVORIN",0.96196,0.90409,0.933025,
11248432,CC[C@@]1(O)C(=O)OCc2c1cc1n(c2=O)Cc2cc3cc(O)ccc3nc2-1,HAWSQZCWOQZXHI-FQEVSTJZSA-N,364.105921612,1.7852,CC[C@@]1(O)C(=O)OCc2c1cc1n(c2=O)Cc2cc3cc(O)ccc3nc2-1,10-HYDROXYCAMPTOTHECIN,1.1802,0.97645,1.078325,
28520057,CC(=O)OC1CC[C@@]2(C)C(CC[C@]3(C)C2C2OC2[C@]24OC(=O)[C@@]5(CCC(C)C(C)C52)CC[C@]43C)C1(C)C,YAMVHWVYHOZWMH-NPHWSOHISA-N,512.350174636,6.322200000000008,CC(=O)OC1CC[C@@]2(C)C(CC[C@]3(C)C2C2OC2[C@]24OC(=O)[C@@]5(CCC(C)C(C)C52)CC[C@]43C)C1(C)C,11(12)-EPOXY-URSOLOLACTONE ACETATE,1.0645,1.0832,1.07385,
49369700,CC(=O)[C@@]12O[C@]1(C)CC1C3CC=C4C[C@@H](O)CC[C@]4(C)C3CC[C@@]12C,LMVLICSGVDWDSM-JNJIFQTJSA-N,344.23514488399996,4.036700000000003,CC(=O)[C@@]12O[C@]1(C)CC1C3CC=C4C[C@@H](O)CC[C@]4(C)C3CC[C@@]12C,16beta-METHYL-16(17)-EPOXY-5-PREGNENOLONE,0.88329,1.2307,1.056995,
10525992,C[C@@H](N)[C@@H](O)c1ccccc1.Cl,DYWNLSQWJMTVGJ-PRCZDLBKSA-N,187.076391748,1.489,C[C@@H](N)[C@@H](O)c1ccccc1.Cl,"1S,2R-PHENYLPROPANOLAMINE HYDROCHLORIDE",1.1119,1.0247,1.0683,
34558021,CC(=O)c1ccc[nH]1,IGJQUJNPMOYEJY-UHFFFAOYSA-N,109.052763844,1.2173,CC(=O)c1ccc[nH]1,2-ACETYLPYRROLE,0.99141,0.91784,0.954625,
16465674,CC1=CC2C(CC1=O)C2(C)C,CTZWGIMYGKDLPH-UHFFFAOYSA-N,150.104465068,2.1776999999999997,CC1=CC2C(CC1=O)C2(C)C,2-CARENE-3-ONE,1.0287,0.95938,0.99404,
86391866,COc1ccc(C(=O)O)c(O)c1OC,CJFQIVAOBBTJCI-UHFFFAOYSA-N,198.05282342,1.1076,COc1ccc(C(=O)O)c(O)c1OC,"2-HYDROXY-3,4-DIMETHOXYBENZOIC ACID",1.0966,1.3274,1.212,
37735676,CC1(C)CC2C1CCC1(C)OC1CCC2(C)O,KGYCKUADVHYVLM-UHFFFAOYSA-N,238.193280072,3.131200000000002,CC1(C)CC2C1CCC1(C)OC1CCC2(C)O,2-HYDROXY-5 (6)EPOXY-TETRAHYDROCARYOPHYLLENE,0.93811,1.1551,1.046605,
49055686,O=c1c2ccccc2oc2ccc(O)cc12,WSACHQJPCNOREV-UHFFFAOYSA-N,212.047344116,2.6518000000000006,O=c1c2ccccc2oc2ccc(O)cc12,2-HYDROXYXANTHONE,1.0162,1.1756,1.0959,
89094709,COc1cc2c(cc1C=O)OCO2,NCIYDDIPUGCVKX-UHFFFAOYSA-N,180.042258736,1.2363999999999997,COc1cc2c(cc1C=O)OCO2,"2-METHOXY-4,5-METHYLENEDIOXYBENZALDEHYDE",0.97578,0.97047,0.973125,
73886776,COc1c(O)cccc1O,QFYYAIBEHOEZKC-UHFFFAOYSA-N,140.047344116,1.1063999999999996,COc1c(O)cccc1O,2-METHOXYRESORCINOL,1.0627,0.94618,1.00444,
33306764,Oc1ccnc(S)n1,ZEMGGZBWXRYJHK-UHFFFAOYSA-N,128.004433748,0.47089999999999993,Oc1ccnc(S)n1,2-THIOURACIL,0.99259,0.99591,0.99425,
10955155,O=[N+]([O-])c1ccc(O)c([N+](=O)[O-])c1,UFBJCMHMOXMLKC-UHFFFAOYSA-N,184.012021228,1.2086,O=[N+]([O-])c1ccc(O)c([N+](=O)[O-])c1,"2,4-DINITROPHENOL",0.71714,0.69101,0.704075,
63513903,O=C(O[C@@H]1Cc2c(O)cc(O)cc2O[C@@H]1c1cc(O)c(O)c(O)c1-c1c([C@H]2Oc3cc(O)cc(O)c3C[C@H]2OC(=O)c2cc(O)c(O)c(O)c2)cc(O)c(O)c1O)c1cc(O)c(O)c(O)c1,YUULFXAQUWEYNP-GXAWFILRSA-N,914.1541727280003,4.446800000000015,O=C(O[C@@H]1Cc2c(O)cc(O)cc2O[C@@H]1c1cc(O)c(O)c(O)c1-c1c([C@H]2Oc3cc(O)cc(O)c3C[C@H]2OC(=O)c2cc(O)c(O)c(O)c2)cc(O)c(O)c1O)c1cc(O)c(O)c(O)c1,"2',2'-BISEPIGALLOCATECHIN DIGALLATE",1.112,0.9095,1.01075,
24937372,O=C(/C=C/c1ccc(O)cc1)c1ccccc1O,FGPJTMCJNPRZGF-UHFFFAOYSA-N,240.078644244,2.9939000000000013,O=C(/C=C/c1ccc(O)cc1)c1ccccc1O,"2',4-DIHYDROXYCHALCONE",0.88214,0.83519,0.858665,
19970211,COc1ccc(/C=C/C(=O)c2ccc(O)cc2O)cc1,ADRQFDIWPRFKSP-UHFFFAOYSA-N,270.089208928,3.0025000000000013,COc1ccc(/C=C/C(=O)c2ccc(O)cc2O)cc1,"2',4'-DIHYDROXY-4-METHOXYCHALCONE",1.0343,1.0423,1.0383,
56310019,O=C(/C=C/c1ccccc1)c1ccc(O)cc1O,JUMSUVHHUVPSOY-UHFFFAOYSA-N,240.078644244,2.9939000000000013,O=C(/C=C/c1ccccc1)c1ccc(O)cc1O,"2',4'-DIHYDROXYCHALCONE",0.84379,0.92657,0.88518,
14526444,O=C(/C=C/c1ccccc1)c1ccc(O[C@@H]2O[C@H](CO)[C@@H](O)[C@H](O)[C@H]2O)cc1O,SYDNPHFWTKACIZ-YMQHIKHWSA-N,402.1314676639999,0.46699999999999925,O=C(/C=C/c1ccccc1)c1ccc(O[C@@H]2O[C@H](CO)[C@@H](O)[C@H](O)[C@H]2O)cc1O,"2',4'-DIHYDROXYCHALCONE 4'-GLUCOSIDE",1.0181,0.96584,0.99197,
66475999,COc1ccc(/C=C/C(=O)c2cc(O)ccc2O)cc1,FUQGIYDZGLORRC-UHFFFAOYSA-N,270.089208928,3.0025000000000013,COc1ccc(/C=C/C(=O)c2cc(O)ccc2O)cc1,"2',5'-DIHYDROXY-4-METHOXYCHALCONE",1.0456,1.0832,1.0644,
35200973,N#CCCN.O=C(O)/C=C/C(=O)O,NYPGBHKJFKQTIY-UHFFFAOYSA-N,186.0640568,-0.42942000000000063,N#CCCN.O=C(O)/C=C/C(=O)O,3-AMINOPROPIONITRILE FUMARATE,0.95253,0.91986,0.936195,
60392242,CC(=O)O[C@H]1CC[C@]2(C)C3CC[C@]4(C)C(C(C)=O)=CC[C@H]4C3CC[C@H]2C1,YFMSIVMSEGIVCP-UYKOYKHJSA-N,358.25079494799996,5.086100000000005,CC(=O)O[C@H]1CC[C@]2(C)C3CC[C@]4(C)C(C(C)=O)=CC[C@H]4C3CC[C@H]2C1,3-beta-ACETOXYALLOPREG-16-EN-20-ONE,1.3016,1.1397,1.22065,
89416114,CC(=O)O[C@H]1C[C@@H](O)C(C)(C)C2C[C@@H](OC(C)=O)[C@]3(C)C(CC[C@@]4(C)[C@H](c5ccoc5)OC(=O)C5OC543)[C@]21C,PDKGFQJSCXMICA-GBOCIRNBSA-N,544.2672328599999,4.118100000000004,CC(=O)O[C@H]1C[C@@H](O)C(C)(C)C2C[C@@H](OC(C)=O)[C@]3(C)C(CC[C@@]4(C)[C@H](c5ccoc5)OC(=O)C5OC543)[C@]21C,3-DEACETYLKHIVORIN,1.0457,0.95996,1.00283,
42666241,O=c1c(O)c(-c2ccccc2)oc2ccccc12,HVQAJTFOCKOKIN-UHFFFAOYSA-N,238.06299418,3.1656000000000013,O=c1c(O)c(-c2ccccc2)oc2ccccc12,3-HYDROXYFLAVONE,0.87379,1.0517,0.962745,
24285550,COc1cccc(O)c1O,LPYUENQFPVNPHY-UHFFFAOYSA-N,140.047344116,1.1063999999999996,COc1cccc(O)c1O,3-METHOXYCATECHOL,0.90019,0.98082,0.940505,
30962989,CC(=O)O[C@@H]1CC2C(C)(C)C=CC[C@]2(C)C2CC[C@@]3(C)C(c4ccoc4)OC(=O)[C@H]4O[C@]43[C@@]21C,XESIJTFPTYJRCY-NBZZXXKMSA-N,468.2511888719999,5.381700000000005,CC(=O)O[C@@H]1CC2C(C)(C)C=CC[C@]2(C)C2CC[C@@]3(C)C(c4ccoc4)OC(=O)[C@H]4O[C@]43[C@@]21C,"3,4-DEHYDRO-1,2-DIHYDRO-3-DESOXO-GEDUNIN",0.95891,1.0044,0.981655,
50593492,COc1cc(C=O)cc(OC)c1OC,OPHQOIGEOHXOGX-UHFFFAOYSA-N,196.073558864,1.5248999999999997,COc1cc(C=O)cc(OC)c1OC,"3,4,5-TRIMETHOXYBENZALDEHYDE",0.98444,1.0013,0.99287,
16228121,O=c1c(O)c(-c2ccc(O)cc2)oc2ccccc12,GPGOCTLAUAHUQO-UHFFFAOYSA-N,254.0579088,2.871200000000001,O=c1c(O)c(-c2ccc(O)cc2)oc2ccccc12,"3,4'-DIHYDROXYFLAVONE",1.1969,1.3146,1.25575,
10579401,COc1ccc(-c2oc3cc(OC)c(OC)c(OC)c3c(=O)c2OC)cc1,OWNRDLYPIYHOQK-UHFFFAOYSA-N,372.12090298,3.503000000000003,COc1ccc(-c2oc3cc(OC)c(OC)c(OC)c3c(=O)c2OC)cc1,"3,4',5,6,7-PENTAMETHOXYFLAVONE",0.95417,1.06,1.007085,
97382133,O=c1c(O)c(-c2ccccc2)oc2cccc(O)c12,QHYWQIVTVQAKQF-UHFFFAOYSA-N,254.0579088,2.8712000000000013,O=c1c(O)c(-c2ccccc2)oc2cccc(O)c12,"3,5-DIHYDROXYFLAVONE",1.0498,1.0837,1.06675,
21870030,O=c1c(O)c(-c2ccccc2)oc2cc(O)ccc12,UWQJWDYDYIJWKY-UHFFFAOYSA-N,254.0579088,2.871200000000001,O=c1c(O)c(-c2ccccc2)oc2cc(O)ccc12,"3,7-DIHYDROXYFLAVONE",1.0391,0.88492,0.96201,
11507096,COc1ccc2c(=O)c(OC)c(-c3ccccc3)oc2c1,CNDZOPXQZSXGSK-UHFFFAOYSA-N,282.089208928,3.4772000000000025,COc1ccc2c(=O)c(OC)c(-c3ccccc3)oc2c1,"3,7-DIMETHOXYFLAVONE",0.78035,1.0982,0.939275,
70934771,O=c1cc(-c2cccc(O)c2)oc2ccc(O)cc12,YHLLABKHTFWHSZ-UHFFFAOYSA-N,254.0579088,2.871200000000001,O=c1cc(-c2cccc(O)c2)oc2ccc(O)cc12,"3',6-DIHYDROXYFLAVONE",0.75648,1.0373,0.89689,
34586512,CC(=O)O[C@@H]1CC[C@@]2(C)C(C[C@@H](OC(C)=O)[C@@]3(C)C4=CC(=O)O[C@@H](c5ccoc5)[C@]4(C)CCC23)C1(C)C,HNFPPWVGLWDXQQ-FJPSVTAHSA-N,512.27740362,5.936100000000007,CC(=O)O[C@@H]1CC[C@@]2(C)C(C[C@@H](OC(C)=O)[C@@]3(C)C4=CC(=O)O[C@@H](c5ccoc5)[C@]4(C)CCC23)C1(C)C,3alpha-ACETOXYDIHYDRODEOXYGEDUNIN,0.91099,1.0018,0.956395,
49517684,C=C1C2CC[C@@]3(C)[C@H](c4ccoc4)OC(=O)C[C@]13O[C@H]1CC(O)C(C)(C)C(CC(=O)OC)[C@@]21C,QFRUZVNPYYYLAN-BBJYNIMOSA-N,472.2461034919999,4.354100000000003,C=C1C2CC[C@@]3(C)[C@H](c4ccoc4)OC(=O)C[C@]13O[C@H]1CC(O)C(C)(C)C(CC(=O)OC)[C@@]21C,3alpha-HYDROXY-3-DEOXYANGOLENSIC ACID METHYL ESTER,0.97071,1.1006,1.035655,
66774034,CC(=O)O[C@H]1CC[C@@]2(C)C(C[C@@H](OC(C)=O)[C@]3(C)C2CC[C@@]2(C)[C@H](c4ccoc4)OC(=O)[C@H]4O[C@]423)C1(C)C,LCTHKUJMKQOYDY-ZYIGBFDLSA-N,528.2723182399999,5.147300000000006,CC(=O)O[C@H]1CC[C@@]2(C)C(C[C@@H](OC(C)=O)[C@]3(C)C2CC[C@@]2(C)[C@H](c4ccoc4)OC(=O)[C@H]4O[C@]423)C1(C)C,3beta-ACETOXYDEOXODIHYDROGEDUNIN,0.91475,0.82062,0.867685,
87797181,CC(CCC(=O)O)[C@H]1CCC2C3CC=C4C[C@@H](O)CC[C@]4(C)C3CC[C@@]21C,HIAJCGFYHIANNA-YZVLTLOFSA-N,374.28209507599996,5.427200000000005,CC(CCC(=O)O)[C@H]1CCC2C3CC=C4C[C@@H](O)CC[C@]4(C)C3CC[C@@]21C,3beta-HYDROXYCHOL-5-ENIC ACID,1.0197,0.73905,0.879375,
80899107,CC(=O)O[C@@H]1CC2C(C)(CC[C@H](O)C2(C)C)C2CC[C@]3(C)C(=CC(=O)O[C@H]3c3ccoc3)C21C,FJIIOEQLAAKWEL-VISHRWGOSA-N,470.2668389359999,5.365300000000006,CC(=O)O[C@@H]1CC2C(C)(CC[C@H](O)C2(C)C)C2CC[C@]3(C)C(=CC(=O)O[C@H]3c3ccoc3)C21C,3beta-HYDROXYDEOXODIHYDRODEOXYGEDUNIN,1.0379,0.8518,0.94485,
11322636,CC(=O)Oc1ccc(O)cc1,HBMCQTHGYMTCOF-UHFFFAOYSA-N,152.047344116,1.3175,CC(=O)Oc1ccc(O)cc1,4-ACETOXYPHENOL,0.8929,0.9458,0.91935,
96904409,COc1ccc(C=O)cc1,ZRSNZINYAWTAHE-UHFFFAOYSA-N,136.052429496,1.5076999999999998,COc1ccc(C=O)cc1,4-ANISALDEHYDE,1.0887,0.95376,1.02123,
47807370,Cc1cc(O)cc(=O)o1,NSYSSMYQPLSPOD-UHFFFAOYSA-N,126.031694052,0.6538199999999998,Cc1cc(O)cc(=O)o1,4-HYDROXY-6-METHYLPYRAN-2-ONE,1.087,1.1995,1.14325,
79904295,O=C(/C=C/c1ccc(O)cc1)c1ccccc1,PWWCDTYUYPOAIU-UHFFFAOYSA-N,224.083729624,3.2883000000000013,O=C(/C=C/c1ccc(O)cc1)c1ccccc1,4-HYDROXYCHALCONE,0.77955,0.94796,0.863755,
37995730,COc1ccc(/C=C/C(=O)c2ccccc2)cc1,XUFXKBJMCRJATM-UHFFFAOYSA-N,238.099379688,3.591300000000002,COc1ccc(/C=C/C(=O)c2ccccc2)cc1,4-METHOXYCHALCONE,0.90807,0.87487,0.89147,
58548800,C=CC(C1=CC(=O)C(OC)=CC1=O)c1ccccc1,RGSUZUQISVAJJF-UHFFFAOYSA-N,254.094294308,2.564700000000001,C=CC(C1=CC(=O)C(OC)=CC1=O)c1ccccc1,4-METHOXYDALBERGIONE,1.016,1.0832,1.0496,
10953465,Cc1cc(=O)oc2c(O)c(O)ccc12,NWQBYMPNIJXFNQ-UHFFFAOYSA-N,192.042258736,1.5126199999999996,Cc1cc(=O)oc2c(O)c(O)ccc12,4-METHYLDAPHNETIN,0.9406,0.90702,0.92381,
24179546,Cc1cc(=O)oc2cc(O)c(O)cc12,KVOJTUXGYQVLAJ-UHFFFAOYSA-N,192.042258736,1.5126199999999996,Cc1cc(=O)oc2cc(O)c(O)cc12,4-METHYLESCULETIN,0.9283,0.94641,0.937355,
56616750,Cc1c[nH]cn1,XLSZMDLNRCVEIJ-UHFFFAOYSA-N,82.053098192,0.7181199999999999,Cc1c[nH]cn1,4-METHYLIMIDAZOLE,0.90829,0.88804,0.898165,
57131165,O=C(O)CCCN1C(=O)c2cccc3cccc(c23)C1=O,ZHXRDXTYPCPBTI-UHFFFAOYSA-N,283.084457896,2.3006,O=C(O)CCCN1C(=O)c2cccc3cccc(c23)C1=O,4-NAPHTHALIMIDOBUTYRIC ACID,0.97344,1.1444,1.05892,
11066313,CCCCCCCCCc1ccc(O)cc1,IGFHQQFPSIBGKE-UHFFFAOYSA-N,220.182715388,4.685300000000005,CCCCCCCCCc1ccc(O)cc1,4-NONYLPHENOL,1.2382,1.1278,1.183,
11358626,C=CC(C1=CC(=O)C(OC)=CC1=O)c1ccc(OC)cc1,FSNITHOUQGJHTR-UHFFFAOYSA-N,284.104858992,2.5733000000000006,C=CC(C1=CC(=O)C(OC)=CC1=O)c1ccc(OC)cc1,"4,4'-DIMETHOXYDALBERGIONE",0.91686,0.99036,0.95361,
10417842,O=C(/C=C/c1ccccc1)c1ccc(O)cc1,UAHGNXFYLAJDIN-UHFFFAOYSA-N,224.083729624,3.2883000000000013,O=C(/C=C/c1ccccc1)c1ccc(O)cc1,4'-HYDROXYCHALCONE,0.87486,0.90126,0.88806,
43007076,COc1ccc(C(=O)/C=C/c2ccccc2)cc1,KJHHAPASNNVTSN-UHFFFAOYSA-N,238.099379688,3.591300000000002,COc1ccc(C(=O)/C=C/c2ccccc2)cc1,4'-METHOXYCHALCONE,0.8536,0.92319,0.888395,
11176230,COc1ccc(-c2cc(=O)c3ccccc3o2)cc1,OMICQBVLCVRFGN-UHFFFAOYSA-N,252.078644244,3.468600000000002,COc1ccc(-c2cc(=O)c3ccccc3o2)cc1,4'-METHOXYFLAVONE,0.87478,0.97626,0.92552,
43722904,COc1ccc(-c2cc(=O)c3c(O)cc(OC)c(OC)c3o2)c(OC)c1,AHUAGKUYEMQHTH-UHFFFAOYSA-N,358.105252916,3.200000000000002,COc1ccc(-c2cc(=O)c3c(O)cc(OC)c(OC)c3o2)c(OC)c1,"5-HYDROXY-2',4',7,8-TETRAMETHOXYFLAVONE",1.048,1.3181,1.18305,
12686380,COc1ccccc1-c1cc(=O)c2c(OC)cccc2o1,QNKIRTADURZGPG-UHFFFAOYSA-N,282.089208928,3.4772000000000025,COc1ccccc1-c1cc(=O)c2c(OC)cccc2o1,"5,2'-DIMETHOXYFLAVONE",1.1647,1.2829,1.2238,
48474999,COc1ccc(-c2coc3cc(O)cc(OC)c3c2=O)cc1,JQQULYXWXRNRAX-UHFFFAOYSA-N,298.084123548,3.182800000000002,COc1ccc(-c2coc3cc(O)cc(OC)c3c2=O)cc1,"5,4'-DIMETHOXY-7-HYDROXYISOFLAVONE",1.003,1.0473,1.02515,
73061467,COc1ccc(-c2cc(=O)c3c(OC)cc(OC)cc3o2)cc1,ZXJJBDHPUHUUHD-UHFFFAOYSA-N,312.099773612,3.485800000000002,COc1ccc(-c2cc(=O)c3c(OC)cc(OC)cc3o2)cc1,"5,7,4'-TRIMETHOXYFLAVONE",1.1084,0.94477,1.026585,
19172416,COc1ccc(-c2coc3cc(OC)cc(OC)c3c2=O)cc1,PVVORTURQPBPEQ-UHFFFAOYSA-N,312.099773612,3.485800000000002,COc1ccc(-c2coc3cc(OC)cc(OC)c3c2=O)cc1,"5,7,4'-TRIMETHOXYISOFLAVONE",1.0509,1.1334,1.09215,
58949385,C[C@]12CCC3C(CC[C@H]4CC(=O)CC[C@]34C)C1CCC2=O,RAJWOBJTTGJROA-LWTCHCTNSA-N,288.208930136,4.167300000000004,C[C@]12CCC3C(CC[C@H]4CC(=O)CC[C@]34C)C1CCC2=O,"5alpha-ANDROSTAN-3,17-DIONE",1.0264,0.91649,0.971445,
79456510,CC(C)CCCC(C)C1CCC2C3CC(=O)[C@H]4C[C@@H](O)CC[C@]4(C)C3CC[C@]12C,JQMQKOQOLPGBBE-JJMJUPCVSA-N,402.349780712,6.647600000000009,CC(C)CCCC(C)C1CCC2C3CC(=O)[C@H]4C[C@@H](O)CC[C@]4(C)C3CC[C@]12C,5alpha-CHOLESTAN-3beta-OL-6-ONE,1.1645,0.86172,1.01311,
79748886,CC(C)CCCC(C)C1CCC2C3CC[C@H]4C[C@@H](O)CC[C@]4(C)C3CC[C@]12C,QYIXCDOBOSTCEI-ONUATZFWSA-N,388.370516156,7.468600000000009,CC(C)CCCC(C)C1CCC2C3CC[C@H]4C[C@@H](O)CC[C@]4(C)C3CC[C@]12C,5alpha-CHOLESTANOL,1.0717,1.0743,1.073,
80105067,O=c1cccc(/C=C/c2ccc3c(c2)OCO3)o1,HVUYPPPEYCNSFQ-UHFFFAOYSA-N,242.0579088,2.538900000000001,O=c1cccc(/C=C/c2ccc3c(c2)OCO3)o1,"6-(3,4-METHYLENEDIOXYSTYRYL)-alpha-PYRONE",0.92958,0.89049,0.910035,
82313164,O=c1cc(-c2ccccc2)oc2ccc(O)cc12,GPZYYYGYCRFPBU-UHFFFAOYSA-N,238.06299418,3.1656000000000013,O=c1cc(-c2ccccc2)oc2ccc(O)cc12,6-HYDROXYFLAVONE,0.82066,0.97696,0.89881,
21718088,O=c1cc(-c2ccccc2O)oc2ccc(O)cc12,YCGXYGWBHFKQHY-UHFFFAOYSA-N,254.0579088,2.871200000000001,O=c1cc(-c2ccccc2O)oc2ccc(O)cc12,"6,2'-DIHYDROXYFLAVONE",1.0405,0.96089,1.000695,
41768657,COc1cccc(-c2cc(=O)c3cc(OC)ccc3o2)c1,LLLIKVGWTVPYAL-UHFFFAOYSA-N,282.089208928,3.4772000000000025,COc1cccc(-c2cc(=O)c3cc(OC)ccc3o2)c1,"6,3'-DIMETHOXYFLAVONE",0.96175,0.90703,0.93439,
48658397,O=c1cc(-c2ccc(O)cc2)oc2ccc(O)cc12,FFULTBKXWHYHFQ-UHFFFAOYSA-N,254.0579088,2.871200000000001,O=c1cc(-c2ccc(O)cc2)oc2ccc(O)cc12,"6,4'-DIHYDROXYFLAVONE",1.0577,1.025,1.04135,
75278115,CC(=O)O[C@H]1C[C@@H](OC(C)=O)C(C)(C)C2CC(=O)[C@]3(C)C(CC[C@@]4(C)[C@H](c5ccoc5)OC(=O)[C@H]5O[C@]543)[C@]21C,IKFXPERBVFYFMS-DPILJLKXSA-N,542.251582796,4.326300000000004,CC(=O)O[C@H]1C[C@@H](OC(C)=O)C(C)(C)C2CC(=O)[C@]3(C)C(CC[C@@]4(C)[C@H](c5ccoc5)OC(=O)[C@H]5O[C@]543)[C@]21C,7-DEACETOXY-7-OXOKHIVORIN,1.0639,1.0028,1.03335,
21404456,CC(=O)O[C@H]1C[C@@H](OC(C)=O)C(C)(C)C2C[C@@H](O)[C@]3(C)C(CC[C@@]4(C)[C@H](c5ccoc5)OC(=O)[C@H]5O[C@]543)[C@]21C,MRMHZWKIOFZZID-WNXWNNQMSA-N,544.2672328599999,4.118100000000004,CC(=O)O[C@H]1C[C@@H](OC(C)=O)C(C)(C)C2C[C@@H](O)[C@]3(C)C(CC[C@@]4(C)[C@H](c5ccoc5)OC(=O)[C@H]5O[C@]543)[C@]21C,7-DEACETYLKHIVORIN,1.1873,1.1267,1.157,
79069996,CC1(C)C(=O)C=C[C@@]2(C)C1C=C[C@]1(C)C2CC[C@@]2(C)[C@H](c3ccoc3)OC(=O)[C@H]3O[C@]321,ZXHLDNILIVGKPC-XVHXIHMNSA-N,422.2093240599999,4.795100000000004,CC1(C)C(=O)C=C[C@@]2(C)C1C=C[C@]1(C)C2CC[C@@]2(C)[C@H](c3ccoc3)OC(=O)[C@H]3O[C@]321,"7-DESACETOXY-6,7-DEHYDROGEDUNIN",1.3448,1.2086,1.2767,
89935338,O=c1cc(-c2ccccc2)oc2cc(O)ccc12,MQGPSCMMNJKMHQ-UHFFFAOYSA-N,238.06299418,3.1656000000000013,O=c1cc(-c2ccccc2)oc2cc(O)ccc12,7-HYDROXYFLAVONE,1.065,1.0589,1.06195,
74350411,COc1ccc2c(=O)ccoc2c1,ZIPLCYUNFCYCCT-UHFFFAOYSA-N,176.047344116,1.8016,COc1ccc2c(=O)ccoc2c1,7-METHOXYCHROMONE,1.1283,1.1251,1.1267,
24274662,COC(=O)[C@]1(C)CCC[C@]2(C)c3ccc(C(C)C)cc3C(=O)CC12,URPBIQPJABGDJD-VTVVEXCCSA-N,328.20384475599997,4.633500000000004,COC(=O)[C@]1(C)CCC[C@]2(C)c3ccc(C(C)C)cc3C(=O)CC21,"7-OXOCALLITRISIC ACID, METHYL ESTER",0.70899,1.0734,0.891195,
50859752,O=c1cc(-c2ccccc2O)oc2cc(O)ccc12,NUGPQONICGTVNA-UHFFFAOYSA-N,254.0579088,2.871200000000001,O=c1cc(-c2ccccc2O)oc2cc(O)ccc12,"7,2'-DIHYDROXYFLAVONE",1.0751,1.0512,1.06315,
24159397,COc1ccc2c(=O)cc(-c3ccccc3OC)oc2c1,WVWDHKIZBHIGJE-UHFFFAOYSA-N,282.089208928,3.4772000000000025,COc1ccc2c(=O)cc(-c3ccccc3OC)oc2c1,"7,2'-DIMETHOXYFLAVONE",1.0831,1.3247,1.2039,
44265614,O=c1cc(-c2ccc(O)cc2)oc2cc(O)ccc12,LCAWNFIFMLXZPQ-UHFFFAOYSA-N,254.0579088,2.871200000000001,O=c1cc(-c2ccc(O)cc2)oc2cc(O)ccc12,"7,4'-DIHYDROXYFLAVONE",1.0701,1.0831,1.0766,
31874702,COc1ccc(-c2coc3cc(OC)ccc3c2=O)c(O)c1,ZQOPJNNVXTYJMC-UHFFFAOYSA-N,298.084123548,3.182800000000002,COc1ccc(-c2coc3cc(OC)ccc3c2=O)c(O)c1,"7,4'-DIMETHOXY-2'-HYDROXY-ISOFLAVONE",0.95834,0.98581,0.972075,
47204347,COc1ccc(-c2coc3cc(OC)ccc3c2=O)cc1,LPNBCGIVZXHHHO-UHFFFAOYSA-N,282.089208928,3.4772000000000025,COc1ccc(-c2coc3cc(OC)ccc3c2=O)cc1,"7,4'-DIMETHOXYISOFLAVONE",1.015,1.1245,1.06975,
37041870,O=c1cc(-c2ccccc2)oc2c(O)c(O)ccc12,COCYGNDCWFKTMF-UHFFFAOYSA-N,254.0579088,2.871200000000001,O=c1cc(-c2ccccc2)oc2c(O)c(O)ccc12,"7,8-DIHYDROXYFLAVONE",0.83726,0.95884,0.89805,
84043398,COc1ccc2c(=O)cc(-c3ccccc3)oc2c1OC,KJRQQECDVUXBCO-UHFFFAOYSA-N,282.089208928,3.4772000000000025,COc1ccc2c(=O)cc(-c3ccccc3)oc2c1OC,"7,8-DIMETHOXYFLAVONE",1.027,1.2942,1.1606,
13628493,CC1(C)C(=O)[C@@H]2C[C@@]3(O)C4=CC(=O)O[C@@H](c5ccoc5)[C@]4(C)CCC3[C@](C)(C2=O)[C@H]1CC(=O)O,UKTUQKGXNWDYAI-VBIPTOAJSA-N,470.19406791999995,3.2464000000000013,CC1(C)C(=O)[C@@H]2C[C@@]3(O)C4=CC(=O)O[C@@H](c5ccoc5)[C@]4(C)CCC3[C@](C)(C2=O)[C@H]1CC(=O)O,8-HYDROXYCARAPINIC ACID,0.80631,0.96629,0.8863,
20568227,Nc1nc(NC2CC2)c2ncn(C3C=C[C@@H](CO)C3)c2n1.O=S(=O)(O)O,MBFKCGGQTYQTLR-GLXCQHJISA-N,384.12158873999994,0.43950000000000017,Nc1nc(NC2CC2)c2ncn(C3C=C[C@@H](CO)C3)c2n1.O=S(=O)(O)O,ABACAVIR SULFATE,1.1396,1.0248,1.0822,
21129680,CCC(C)[C@H]1O[C@]2(C=C[C@@H]1C)C[C@@H]1C[C@@H](C/C=C(\C)[C@@H](OC3C[C@H](OC)C(O[C@H]4C[C@H](OC)[C@@H](O)[C@H](C)O4)[C@H](C)O3)[C@@H](C)/C=C/C=C3\CO[C@@H]4[C@H](O)C(C)=C[C@@H](C(=O)O1)[C@]34O)O2,RRZXIRBKKLTSOM-BEQYTDCESA-N,872.4922069840001,5.377400000000007,CCC(C)[C@H]1O[C@]2(C=C[C@@H]1C)C[C@@H]1C[C@@H](C/C=C(\C)[C@@H](OC3C[C@H](OC)C(O[C@H]4C[C@H](OC)[C@@H](O)[C@H](C)O4)[C@H](C)O3)[C@@H](C)/C=C/C=C3\CO[C@@H]4[C@H](O)C(C)=C[C@@H](C(=O)O1)[C@]34O)O2,ABAMECTIN (avermectin B1a shown),0.74844,0.9107,0.82957,
11269038,CC(C)C1=CC2=CCC3[C@](C)(CCC[C@]3(C)C(=O)O)C2CC1,RSWGJHLUYNHPMX-TZJYRCSTSA-N,302.2245802,5.206200000000004,CC(C)C1=CC2=CCC3[C@@](C)(C(=O)O)CCC[C@]3(C)C2CC1,ABIETIC ACID,0.98963,0.97189,0.98076,
28740771,C[C@]12CC[C@H](O)CC1=CC[C@@H]1C2CC[C@]2(C)C(c3cccnc3)=CCC12,GZOSMCIZMLWJML-MOZXWMAFSA-N,349.24056461200007,5.398600000000005,C[C@]12CCC3[C@@H](CC=C4C[C@@H](O)CC[C@@]43C)C1CC=C2c1cccnc1,ABIRATERONE,1.0267,1.0537,1.0402,
82115822,CNC(Cc1c[nH]c2ccccc12)C(=O)O,CZCIKBSVHDNIDH-UHFFFAOYSA-N,218.105527688,1.383,CNC(Cc1c[nH]c2ccccc12)C(=O)O,ABRINE (L),0.89614,0.94297,0.919555,
11383243,CC1=CC(=O)CC(C)(C)C1(O)/C=C/C(C)=C\C(=O)O,JLIDBLDQVAYHNE-UHFFFAOYSA-N,264.13615912,2.2499,CC1=CC(=O)CC(C)(C)C1(O)/C=C/C(C)=C\C(=O)O,"ABSCISIC ACID (cis,trans; +/-)",1.1909,0.98166,1.08628,
61873189,COc1ccc(-c2cc(=O)c3c(O)cc(O)cc3o2)cc1,DANYIYRPLHHOCZ-UHFFFAOYSA-N,284.06847348400004,2.8798000000000012,COc1ccc(-c2cc(=O)c3c(O)cc(O)cc3o2)cc1,ACACETIN,1.3517,1.082,1.21685,
18258964,NC(=O)c1ncn(C2O[C@H](CO)[C@@H](O)[C@H]2O)c1N,RTRQQBHATOEIAF-LZGMGDPASA-N,258.09641954800003,-2.8242999999999996,NC(=O)c1ncn(C2O[C@H](CO)[C@@H](O)[C@H]2O)c1N,ACADESINE,0.97551,0.91002,0.942765,
70624773,CC(=O)NCCCS(=O)(=O)[O-].CC(=O)NCCCS(=O)(=O)[O-].[Ca+2],BUVGWDNTAWHSKI-UHFFFAOYSA-L,400.0286985799999,-2.2651999999999957,CC(=O)NCCCS(=O)(=O)[O-].CC(=O)NCCCS(=O)(=O)[O-].[Ca+2],ACAMPROSATE CALCIUM,1.0699,1.1972,1.13355,
91372054,C[C@H]1O[C@H](O[C@H]2[C@H](O)[C@@H](O)[C@@H](O[C@H]3[C@H](O)[C@@H](O)C(O)O[C@@H]3CO)O[C@@H]2CO)[C@H](O)[C@@H](O)[C@@H]1N[C@H]1C=C(CO)[C@@H](O)[C@H](O)[C@H]1O,XUFXOAAUWZOOIT-UGEKTDRHSA-N,645.2480135359999,-8.564500000000002,C[C@H]1O[C@H](O[C@@H]2[C@@H](CO)O[C@H](O[C@@H]3[C@@H](CO)OC(O)[C@H](O)[C@H]3O)[C@H](O)[C@H]2O)[C@H](O)[C@@H](O)[C@@H]1N[C@H]1C=C(CO)[C@@H](O)[C@H](O)[C@H]1O,ACARBOSE,0.85392,1.0671,0.96051,
68839502,CCCC(=O)Nc1ccc(OCC(O)CNC(C)C)c(C(C)=O)c1.Cl,KTUFKADDDORSSI-UHFFFAOYSA-N,372.181585088,2.7873000000000014,CCCC(=O)Nc1ccc(OCC(O)CNC(C)C)c(C(C)=O)c1.Cl,ACEBUTOLOL HYDROCHLORIDE,0.96087,1.1643,1.062585,
41398678,CCN(CC)CCNC(=O)c1ccc(NC(C)=O)cc1.Cl,IYEWBJUCJHKLHD-UHFFFAOYSA-N,313.155704688,2.1384000000000003,CCN(CC)CCNC(=O)c1ccc(NC(C)=O)cc1.Cl,ACECAINIDE HYDROCHLORIDE,0.95018,1.467,1.20859,
36619872,O=C(O)COC(=O)Cc1ccccc1Nc1c(Cl)cccc1Cl,MNIPYSSQXLZQLJ-UHFFFAOYSA-N,353.02216325600006,3.907300000000002,O=C(O)COC(=O)Cc1ccccc1Nc1c(Cl)cccc1Cl,ACECLOFENAC,1.0908,0.9697,1.03025,
86123539,CC(=O)Nc1ccc(S(=O)(=O)c2ccc(NC(C)=O)cc2)cc1,AMTPYFGPPVFBBI-UHFFFAOYSA-N,332.08307799199997,2.4362000000000004,CC(=O)Nc1ccc(S(=O)(=O)c2ccc(NC(C)=O)cc2)cc1,ACEDAPSONE,0.93625,1.3047,1.120475,
68922618,CC(=O)Nc1ccc(C(=O)O)cc1,QCXJEYYXVJIFCE-UHFFFAOYSA-N,179.058243148,1.3432,CC(=O)Nc1ccc(C(=O)O)cc1,ACEDOBEN,1.1451,1.003,1.07405,
34564053,Cn1c(=O)c2c(ncn2CC(=O)O)n(C)c1=O,HCYFGRCYSCXKNQ-UHFFFAOYSA-N,238.0702048,-1.4816999999999998,Cn1c(=O)c2c(ncn2CC(=O)O)n(C)c1=O,ACEFYLLINE,0.97685,1.0632,1.020025,
21532680,CC(=O)N[C@@H](CCC(N)=O)C(=O)O,KSMRODHGGIIXDV-YFKPBYRVSA-N,188.079706864,-1.1587999999999987,CC(=O)N[C@@H](CCC(N)=O)C(=O)O,ACEGLUTAMIDE,0.97605,0.95942,0.967735,
68924188,COc1ccc2c(c1)c(CC(=O)OCC(=O)O)c(C)n2C(=O)c1ccc(Cl)cc1,FSQKKOOTNAMONP-UHFFFAOYSA-N,415.082264976,3.4705200000000014,COc1ccc2c(c1)c(CC(=O)OCC(=O)O)c(C)n2C(=O)c1ccc(Cl)cc1,ACEMETACIN,1.2182,1.2522,1.2352,
58430246,CC(=O)N[C@H]1[C@H]([C@H](O)[C@H](O)CO)O[C@](O)(C(=O)O)C[C@@H]1O,SQVRNKJHWKZAKO-PFQGKNLYSA-N,309.105981188,-3.871799999999999,CC(=O)N[C@@H]1[C@@H](O)C[C@@](O)(C(=O)O)O[C@H]1[C@H](O)[C@H](O)CO,ACENEURAMIC ACID,0.94974,0.94239,0.946065,
72535110,CC(=O)c1ccc2c(c1)N(CCCN(C)C)c1ccccc1S2.O=C(O)/C=C\C(=O)O,FQRHOOHLUYHMGG-UHFFFAOYSA-N,442.1562429319999,4.155400000000002,CC(=O)c1ccc2c(c1)N(CCCN(C)C)c1ccccc1S2.O=C(O)/C=C\C(=O)O,ACEPROMAZINE MALEATE,0.84049,0.8043,0.822395,
11037192,CC1=CC(=O)[N-]S(=O)(=O)O1.[K+],WBZFUFAFFUEMEI-UHFFFAOYSA-M,200.949810288,-2.9304999999999994,CC1=CC(=O)[N-]S(=O)(=O)O1.[K+],ACESULFAME POTASSIUM,0.89612,0.85005,0.873085,
40270045,CC(=O)Nc1ccc(O)cc1,RZVAJINKPMORJF-UHFFFAOYSA-N,151.063328528,1.3505999999999998,CC(=O)Nc1ccc(O)cc1,ACETAMINOPHEN,0.98619,1.0325,1.009345,
71872805,CC(=O)Nc1ccc(OC(=O)c2ccccc2O)cc1,TWIIVLKQFJBFPW-UHFFFAOYSA-N,271.084457896,2.5698000000000008,CC(=O)Nc1ccc(OC(=O)c2ccccc2O)cc1,ACETAMINOSALOL,1.1262,1.3939,1.26005,
63994574,CC(=O)Nc1ccccc1,FZERHIULMFGESH-UHFFFAOYSA-N,135.068413908,1.6449999999999998,CC(=O)Nc1ccccc1,ACETANILIDE,0.94974,0.91957,0.934655,
36938270,CC(=O)Nc1cc([As](=O)(O)O)ccc1O,ODFJOVXVLFUVNQ-UHFFFAOYSA-N,274.97749392000003,-1.0884000000000005,CC(=O)Nc1cc([As](=O)(O)O)ccc1O,ACETARSOL,1.0772,1.0536,1.0654,
63743403,CC(=O)Nc1nnc(S(N)(=O)=O)s1,BZKPWHYZMXOIDC-UHFFFAOYSA-N,221.988132052,-0.8561000000000003,CC(=O)Nc1nnc(S(N)(=O)=O)s1,ACETAZOLAMIDE,1.0962,0.91893,1.007565,
38553466,CC(=O)c1ccc(S(=O)(=O)NC(=O)NC2CCCCC2)cc1,VGZSUPCWNCWDAN-UHFFFAOYSA-N,324.11437811999997,2.2098000000000004,CC(=O)c1ccc(S(=O)(=O)NC(=O)NC2CCCCC2)cc1,ACETOHEXAMIDE,1.0544,0.9599,1.00715,
16065141,CC(=O)NO,RRUDCFGSUDOHDG-UHFFFAOYSA-N,75.0320284,-0.4882999999999999,CC(=O)NO,ACETOHYDROXAMIC ACID,1.1412,1.0831,1.11215,
61514603,CC(=O)c1ccc2c(c1)N(CCCN1CCN(CCO)CC1)c1ccccc1S2.O=C(O)/C=C\C(=O)O,JVMBOHDUHCHGOE-UHFFFAOYSA-N,527.2090067759999,3.2037000000000004,CC(=O)c1ccc2c(c1)N(CCCN1CCN(CCO)CC1)c1ccccc1S2.O=C(O)/C=C\C(=O)O,ACETOPHENAZINE MALEATE,0.97423,0.88476,0.929495,
11172281,COc1cc(C(C)=O)cc(OC)c1O,OJOBTAOGJIWAGB-UHFFFAOYSA-N,196.073558864,1.6119999999999999,COc1cc(C(C)=O)cc(OC)c1O,ACETOSYRINGONE,0.91798,1.1263,1.02214,
48407693,CC(=O)Nc1c(I)cc(I)c(C(=O)O)c1I,GNOGSFBXBWBTIG-UHFFFAOYSA-N,556.7481870519999,3.157000000000001,CC(=O)Nc1c(I)cc(I)c(C(=O)O)c1I,ACETRIAZOIC ACID,1.0951,1.0129,1.054,
16120610,COc1cc(C)c(C(=O)O)c(OC(C)=O)c1,URQLZJHAKAZWEI-UHFFFAOYSA-N,224.068473484,1.62712,COc1cc(C)c(C(=O)O)c(OC(C)=O)c1,ACETYL EVERNINIC ACID,1.1921,1.307,1.24955,
66727207,CC(=O)Oc1ccc2c(C)cc(=O)oc2c1,HXVZGASCDAGAPS-UHFFFAOYSA-N,218.0579088,2.02672,CC(=O)Oc1ccc2c(C)cc(=O)oc2c1,ACETYL HYMETOCHROME,0.91816,0.87005,0.894105,
87829677,CC(=O)OC1O[C@@H](c2ccoc2)[C@]2(C)CCC3[C@]4(C)C(C[C@H](OC(C)=O)C[C@@H]4OC(C)=O)C[C@H](OC(C)=O)[C@@]3(C)C23OC13,XHERMGQOIKLUHI-ZQKSIUHDSA-N,602.2727121639999,4.4154000000000035,CC(=O)OC1O[C@@H](c2ccoc2)[C@]2(C)CCC3[C@]4(C)C(C[C@H](OC(C)=O)C[C@@H]4OC(C)=O)C[C@H](OC(C)=O)[C@@]3(C)C23OC13,ACETYL-DIHYDRO-7-EPIKHIVORIN,0.95336,0.89865,0.926005,
58719504,CC(=O)OC(CC(=O)O)[N+](C)(C)C.[Cl-],IUAKEEBDYHRVOD-UHFFFAOYSA-N,225.076785672,-2.9394999999999962,CC(=O)OC(CC(=O)O)[N+](C)(C)C.[Cl-],ACETYLCARNITINE,0.92853,1.3154,1.121965,
45653606,CC(=O)OCC[N+](C)(C)C.[Cl-],JUGOREOARAHOCO-UHFFFAOYSA-M,181.086956432,-2.740299999999996,CC(=O)OCC[N+](C)(C)C.[Cl-],ACETYLCHOLINE CHLORIDE,1.1355,1.112,1.12375,
65119568,CC(=O)N[C@@H](CS)C(=O)O,PWKSKIMOESPYIA-BYPYZUCNSA-N,163.030314148,-0.4945,CC(=O)N[C@@H](CS)C(=O)O,ACETYLCYSTEINE,0.95102,1.0256,0.98831,
10256550,CC(=O)Oc1ccccc1C(=O)Nc1ccccc1,LFQKSSGMPCWSPD-UHFFFAOYSA-N,255.089543276,2.864200000000001,CC(=O)Oc1ccccc1C(=O)Nc1ccccc1,ACETYLSALICYLANILIDE,0.95925,0.99804,0.978645,
93677041,CC(=O)NCCCCCC(=O)O,WDSCBUNMANHPFH-UHFFFAOYSA-N,173.10519334,0.7674999999999998,CC(=O)NCCCCCC(=O)O,ACEXAMIC ACID,1.0902,0.84661,0.968405,
20609180,Cc1cnc(C(=O)O)c[n+]1[O-],DJQOOSBJCLSSEY-UHFFFAOYSA-N,154.037842052,-0.2783799999999999,Cc1cnc(C(=O)O)c[n+]1[O-],ACIPIMOX,0.92139,0.95507,0.93823,
91504517,COc1cc(C)c(/C=C/C=C/C=C/C=C/C(=O)O)c(C)c1C,CVIWFCMUUNYSFR-UHFFFAOYSA-N,298.15689456399997,4.386860000000004,COc1cc(C)c(/C=C/C=C/C=C/C=C/C(=O)O)c(C)c1C,ACITRETIN,1.1789,1.0831,1.131,
69927666,O=C(O)/C=C(\CC(=O)O)C(=O)O,GTZCVFVGUGFEME-UHFFFAOYSA-N,174.01643791200001,-0.44329999999999964,O=C(O)/C=C(\CC(=O)O)C(=O)O,ACONITIC ACID,1.1605,0.95501,1.057755,
47022595,C[n+]1c2cc(N)ccc2cc2ccc(N)cc21.[Cl-],KKAJSJJFBSOMGS-UHFFFAOYSA-N,259.087625128,-1.0140999999999993,C[n+]1c2cc(N)ccc2cc2ccc(N)cc21.[Cl-],ACRIFLAVINIUM HYDROCHLORIDE,0.38499,0.39267,0.38883,
32859566,CCCCCCc1ccc(O)cc1O.Nc1c2ccccc2nc2ccccc12,YZODJQFXMFEJRM-UHFFFAOYSA-N,388.21507813600005,6.1908000000000065,CCCCCCc1ccc(O)cc1O.Nc1c2ccccc2nc2ccccc12,ACRISORCIN,0.84161,0.82897,0.83529,
67036774,CC(=O)Nc1ccc(CC(=O)O)cc1,MROJXXOCABQVEF-UHFFFAOYSA-N,193.073893212,1.2721,CC(=O)Nc1ccc(CC(=O)O)cc1,ACTARIT,1.1926,0.94314,1.06787,
10069455,CC(=O)O[C@@H]1C[C@@]23C[C@@]24CC[C@H](O[C@@H]2OC[C@@H](O)[C@H](O)[C@H]2O)C(C)(C)C4CCC3[C@]2(C)C[C@@H]3OC4(C[C@@H](C)[C@@H]3[C@@]12C)O[C@H](O)[C@]1(C)O[C@H]41,NEWMWGLPJQHSSQ-GLQYJHRBSA-N,676.3822626120001,3.028600000000001,CC(=O)O[C@@H]1C[C@@]23C[C@@]24CC[C@H](O[C@@H]2OC[C@@H](O)[C@H](O)[C@H]2O)C(C)(C)C4CCC3[C@]2(C)C[C@@H]3OC4(C[C@@H](C)[C@@H]3[C@@]12C)O[C@H](O)[C@]1(C)O[C@H]41,ACTEIN,0.76919,0.89785,0.83352,
80657953,CCOc1ccc(S(=O)(=O)[O-])c2cccnc12.[Na+],KGBPIIYKHSGTAJ-UHFFFAOYSA-M,275.02282308,-1.4583999999999995,CCOc1ccc(S(=O)(=O)[O-])c2cccnc12.[Na+],ACTINOQUINOL SODIUM,0.95311,0.97555,0.96433,
32843496,Nc1nc2c(ncn2COCCO)c(=O)[nH]1,MKUXAQIIEYXACX-UHFFFAOYSA-N,225.086189212,-1.3318000000000003,Nc1nc2c(ncn2COCCO)c(=O)[nH]1,ACYCLOVIR,0.99873,1.1891,1.093915,
96861498,COc1ccc(-c2ccc3cc(C(=O)O)ccc3c2)cc1C12CC3CC(CC(C3)C1)C2,LZCDAPDGXCYOEH-UHFFFAOYSA-N,412.20384475599997,6.681400000000005,COc1ccc(-c2ccc3cc(C(=O)O)ccc3c2)cc1C12CC3CC(CC(C3)C1)C2,ADAPALENE,1.0343,0.69355,0.863925,
87706180,CC(C)(C)C(=O)OCOP(=O)(COCCn1cnc2c(N)ncnc21)OCOC(=O)C(C)(C)C,WOZSCQDILHKSGG-UHFFFAOYSA-N,501.198849614,2.7025000000000006,CC(C)(C)C(=O)OCOP(=O)(COCCn1cnc2c(N)ncnc21)OCOC(=O)C(C)(C)C,ADEFOVIR DIPIVOXYL,1.2452,1.1498,1.1975,
46486992,O=C(CCCCCCCC(=O)NCCO)NCCO,PAHZPHDAJQIETD-UHFFFAOYSA-N,274.189257312,-0.06589999999999929,O=C(CCCCCCCC(=O)NCCO)NCCO,ADELMIDROL,1.2839,1.0517,1.1678,
60826595,Nc1ncnc2[nH]cnc12,GFFGJBXGBJISGV-UHFFFAOYSA-N,135.05449516,-0.0648999999999999,Nc1ncnc2[nH]cnc12,ADENINE,0.93604,0.92829,0.932165,
93811513,Nc1ncnc2c1ncn2[C@@H]1O[C@H](CO)[C@@H](O)[C@H]1O,OIRDTQYFTABQOQ-KQYNXXCUSA-N,267.096753896,-1.9800000000000006,Nc1ncnc2c1ncn2[C@@H]1O[C@H](CO)[C@@H](O)[C@H]1O,ADENOSINE,1.1003,1.0183,1.0593,
13122042,Nc1ncnc2c1ncn2C1O[C@H](COP(=O)(O)O)[C@@H](O)[C@H]1O,UDMBCSSLTHHNCD-VTHZCTBJSA-N,347.0630844179999,-1.8630000000000009,Nc1ncnc2c1ncn2C1O[C@H](COP(=O)(O)O)[C@@H](O)[C@H]1O,ADENOSINE 5-MONOPHOSPHATE,0.90396,0.89292,0.89844,
10844740,Nc1ncnc2c1ncn2C1O[C@H](COP(=O)(O)OP(=O)([O-])OP(=O)([O-])O)[C@@H](O)[C@H]1O.[Na+].[Na+],TTWYZDPBDWHJOR-ANEDODFUSA-L,550.9596339579999,-8.885000000000003,Nc1ncnc2c1ncn2C1O[C@H](COP(=O)(O)OP(=O)([O-])OP(=O)([O-])O)[C@@H](O)[C@H]1O.[Na+].[Na+],ADENOSINE TRIPHOSPHATE DISODIUM,0.91213,1.0833,0.997715,
29910208,O=C(O)CCCCC(=O)O,WNLRTRBMVRJNCN-UHFFFAOYSA-N,146.0579088,0.716,O=C(O)CCCCC(=O)O,ADIPIC ACID,1.1486,1.641,1.3948,
72841754,OC[C@@H](O)[C@@H](O)[C@@H](O)CO,HEBKCHPVOIAQTA-ZXFHETKHSA-N,152.068473484,-2.9463000000000004,OC[C@H](O)[C@H](O)[C@H](O)CO,ADONITOL,0.94697,1.1187,1.032835,
37532778,CNCC(=O)c1ccc(O)c(O)c1.Cl,CSRRBDMYOUQTCO-UHFFFAOYSA-N,217.050570924,0.9217,CNCC(=O)c1ccc(O)c(O)c1.Cl,ADRENALONE HYDROCHLORIDE,0.908,0.87574,0.89187,
21289000,C[C@]12CCC(=O)C=C1CC[C@@H]1C2C(=O)C[C@]2(C)C(=O)CCC12,RZRPTBIGEANTGU-GXDAWWPVSA-N,300.17254462799997,3.2664000000000017,C[C@]12CC(=O)C3[C@@H](CCC4=CC(=O)CC[C@@]43C)C1CCC2=O,ADRENOSTERONE,1.1718,1.1884,1.1801,
24819692,CC(=O)N[C@@H](Cc1ccccc1)C(=O)O,CBQJSKKFNMDLON-JTQLQIEISA-N,207.089543276,0.8183999999999998,CC(=O)N[C@@H](Cc1ccccc1)C(=O)O,AFALANINE,0.84641,0.84145,0.84393,
20159337,CCCCCCCCCCCCCCCCC(C(=O)O)C(O)(CC(=O)O)C(=O)O,HZLCGUXUOFWCCN-UHFFFAOYSA-N,416.27740361999986,4.849000000000004,CCCCCCCCCCCCCCCCC(C(=O)O)C(O)(CC(=O)O)C(=O)O,AGARIC ACID,0.93195,0.95749,0.94472,
46840936,CC1=CCC[C@@H]2C1(C)CCC(C)[C@@]2(C)CC/C(C)=C/Cn1c[n+](C)c2c(N)ncnc21.[Cl-],YBNXVKHEQXZPFB-JRTLUJSYSA-M,457.29722396000005,2.3673,CC1=CCC[C@@H]2C1(C)CCC(C)[C@@]2(C)CC/C(C)=C/Cn1c[n+](C)c2c(N)ncnc21.[Cl-],AGELASINE,0.82283,0.80994,0.816385,
28444942,N=C(N)NCCCCN.O=S(=O)(O)O,PTAYFGHRDOMJGC-UHFFFAOYSA-N,228.089225992,-1.4444299999999988,N=C(N)NCCCCN.O=S(=O)(O)O,AGMATINE SULFATE,1.0839,0.92724,1.00557,
71757762,COc1ccc2cccc(CCNC(C)=O)c2c1,YJYPHIXNFHFHND-UHFFFAOYSA-N,243.125928784,2.527,COc1ccc2cccc(CCNC(C)=O)c2c1,AGOMELATINE,1.081,0.97372,1.02736,
82606829,CC[C@H]1C2CC3[C@@H]4N(C)c5ccccc5[C@]45C[C@@H](C2C5O)N3[C@@H]1O,CJDRUOGAGYHKKD-FYGXBCQKSA-N,326.199428072,1.5545,CC[C@H]1C2CC3[C@@H]4N(C)c5ccccc5[C@]45C[C@@H](C2C5O)N3[C@@H]1O,AJMALINE,0.96828,0.83895,0.903615,
99390948,NC(=O)c1ccc([N+](=O)[O-])cc1Cl,GFGSZUNNBQXGMK-UHFFFAOYSA-N,199.9988697,1.3471,NC(=O)c1ccc([N+](=O)[O-])cc1Cl,AKLOMIDE,0.9445,1.1549,1.0497,
76162378,CCCSc1ccc2nc(NC(=O)OC)[nH]c2c1,HXHWSAZORRCQMX-UHFFFAOYSA-N,265.08849772,3.2433000000000005,CCCSc1ccc2nc(NC(=O)OC)[nH]c2c1,ALBENDAZOLE,1.4268,1.3968,1.4118,
35916771,CC(C)(C)NCC(O)c1ccc(O)c(CO)c1,NDAUXUAQIAJITI-UHFFFAOYSA-N,239.152143532,1.3059999999999998,CC(C)(C)NCC(O)c1ccc(O)c(CO)c1,ALBUTEROL,1.0195,0.92252,0.97101,
48322519,NCCCC(O)(P(=O)(O)O)P(=O)(O)O.O.O.O.[Na+],DCSBSVSZJRSITC-UHFFFAOYSA-N,326.03763976809,-6.743299999999994,NCCCC(O)(P(=O)(O)O)P(=O)(O)O.O.O.O.[Na+],ALENDRONATE SODIUM TRIHYDRATE,1.0726,1.2258,1.1492,
19278828,O=C(O)CCCCCCCC(O)C(O)CCCCCCO,MEHUJCGAYMDLEL-UHFFFAOYSA-N,304.22497412399997,2.466300000000001,O=C(O)CCCCCCCC(O)C(O)CCCCCCO,ALEURETIC ACID,0.96976,1.0945,1.03213,
10708213,COc1cc2nc(N(C)CCCNC(=O)C3CCCO3)nc(N)c2cc1OC.Cl,YTNKWDJILNVLGX-UHFFFAOYSA-N,425.182982056,1.7724999999999995,COc1cc2nc(N(C)CCCNC(=O)C3CCCO3)nc(N)c2cc1OC.Cl,ALFUZOSIN HYDROCHLORIDE,0.87772,0.86414,0.87093,
94396619,CO[C@@H]1O[C@H](C(=O)O)[C@@H](O)[C@H](O)[C@@H]1O.CO[C@H]1[C@H](O)[C@H](O)[C@H](C)O[C@H]1C(=O)O,IJOSDFFZUBPEOH-IPQTZECWSA-N,414.1373408919999,-3.8798999999999926,CO[C@@H]1O[C@H](C(=O)O)[C@@H](O)[C@H](O)[C@@H]1O.CO[C@@H]1[C@H](C(=O)O)O[C@@H](C)[C@@H](O)[C@H]1O,"ALGINIC ACID [Mol Wt ~200,000; monomers shown]",1.0882,1.1943,1.14125,
61090872,COCCCOc1cc(C[C@@H](C[C@H](N)[C@@H](O)C[C@H](C(=O)NCC(C)(C)C(N)=O)C(C)C)C(C)C)ccc1OC.O=C(O)/C=C/C(=O)O,RSFGNDXWVZPKJA-NATPOTRJSA-N,667.4043950240001,3.0053000000000045,COCCCOc1cc(C[C@@H](C[C@H](N)[C@@H](O)C[C@H](C(=O)NCC(C)(C)C(N)=O)C(C)C)C(C)C)ccc1OC.O=C(O)/C=C/C(=O)O,ALISKIREN HEMIFUMARATE,0.86269,0.87833,0.87051,
11398298,O=C1c2ccccc2C(=O)c2c1ccc(O)c2O,RGCKGOZRHPZPFP-UHFFFAOYSA-N,240.042258736,1.8732000000000006,O=C1c2ccccc2C(=O)c2c1ccc(O)c2O,ALIZARIN,1.0345,0.95657,0.995535,
25984782,NC(=O)NC1NC(=O)NC1=O,POJWUDADGALRAB-UHFFFAOYSA-N,158.043990052,-2.1798,NC(=O)NC1NC(=O)NC1=O,ALLANTOIN,0.85464,0.91133,0.882985,
94833677,O=c1[nH]cnc2[nH]ncc12,OFCNXPDARWKPPY-UHFFFAOYSA-N,136.038510748,-0.35380000000000006,O=c1[nH]cnc2[nH]ncc12,ALLOPURINOL,1.1085,1.0212,1.06485,
11496552,C=CC[C@]1(O)CCC2[C@@H]3CCC4=CCCC[C@@H]4C3CC[C@@]21C,ATXHVCQZZJYMCF-TXCAMPLASA-N,300.245315644,5.2564000000000055,C=CC[C@]1(O)CCC2[C@@H]3CCC4=CCCC[C@@H]4C3CC[C@@]21C,ALLYLESTRENOL,1.3888,1.353,1.3709,
74827417,C=CCN=C=S,ZOJBYZNEUISWFT-UHFFFAOYSA-N,99.01427016,1.2752,C=CCN=C=S,ALLYLISOTHIOCYANATE,0.81338,0.84578,0.82958,
12289491,C=CCNC(N)=S,HTKFORQRBXIQHD-UHFFFAOYSA-N,116.04081925599999,0.005600000000000216,C=CCNC(N)=S,ALLYLTHIOUREA,0.80768,0.91732,0.8625,
48209978,Cn1c(=O)cc(N2CCCC(N)C2)n(Cc2ccccc2C#N)c1=O.O=C(O)c1ccccc1,KEJICOXJTRHYAK-UHFFFAOYSA-N,461.206304344,1.7792800000000006,Cn1c(=O)cc(N2CCCC(N)C2)n(Cc2ccccc2C#N)c1=O.O=C(O)c1ccccc1,ALOGLIPTIN BENZOATE,1.0615,1.5843,1.3229,
10423908,O=C1c2c(O)cccc2C([C@@H]2O[C@H](CO)[C@@H](O)[C@H](O)[C@H]2O)c2cc(CO)cc(O)c21,AFHJQYHRLPMKHU-CGISPIQUSA-N,418.12638228399993,-0.8912000000000002,O=C1c2c(O)cccc2C([C@@H]2O[C@H](CO)[C@@H](O)[C@H](O)[C@H]2O)c2cc(CO)cc(O)c21,ALOIN,0.93655,0.89539,0.91597,
60136489,CC(CCC(=O)O)[C@H]1CCC2C3C[C@H](O)[C@@H]4C[C@H](O)CC[C@]4(C)C3CC[C@@]21C,DGABKXLVXPYZII-FKEALSDISA-N,392.29265976,4.477900000000004,CC(CCC(=O)O)[C@H]1CCC2C3C[C@H](O)[C@@H]4C[C@H](O)CC[C@]4(C)C3CC[C@@]21C,alpha-HYDROXYDEOXYCHOLIC ACID,1.2482,1.1614,1.2048,
46068063,CC1(C)CCC2=C(O1)C(=O)c1ccccc1C2=O,PJWHOPKRRBUSDH-UHFFFAOYSA-N,242.094294308,2.9087000000000014,CC1(C)CCC2=C(O1)C(=O)c1ccccc1C2=O,alpha-LAPACHONE,0.95309,0.9422,0.947645,
10650272,COc1c(O)cc2oc3cc(O)c(CC=C(C)C)c(O)c3c(=O)c2c1CC=C(C)C,GNRIZKKCNOBBMO-UHFFFAOYSA-N,410.17293855199995,5.089000000000003,COc1c(O)cc2oc3cc(O)c(CC=C(C)C)c(O)c3c(=O)c2c1CC=C(C)C,alpha-MANGOSTIN,1.1042,0.94591,1.025055,
51180834,Cc1c(C)c2c(c(C)c1O)CCC(C)(CCCC(C)CCCC(C)CCCC(C)C)O2,GVJHHUAWPYXKBD-UHFFFAOYSA-N,430.38108084,8.840260000000002,Cc1c(C)c2c(c(C)c1O)CCC(C)(CCCC(C)CCCC(C)CCCC(C)C)O2,alpha-TOCHOPHEROL [4 mM],0.99732,0.94552,0.97142,
35984396,CC(=O)Oc1c(C)c(C)c2c(c1C)CCC(C)(CCCC(C)CCCC(C)CCCC(C)C)O2,ZAKOWWREFLAJOT-UHFFFAOYSA-N,472.39164552399996,9.059960000000002,CC(=O)Oc1c(C)c(C)c2c(c1C)CCC(C)(CCCC(C)CCCC(C)CCCC(C)C)O2,alpha-TOCHOPHERYL ACETATE [4mM],1.3054,1.4315,1.36845,
89267140,COc1cc2c(cc1OC)C1C(=O)c3c(O)cc4c(c3OC1CO2)C=CC(C)(C)O4,JLTNCZQNGBLBGO-UHFFFAOYSA-N,410.1365530439999,3.7135000000000025,COc1cc2c(cc1OC)C1C(=O)c3c(O)cc4c(c3OC1CO2)C=CC(C)(C)O4,alpha-TOXICAROL (dl),1.0557,1.0625,1.0591,
45531154,COc1cc(OC)c2c(c1)OC(c1ccccc1)CC2=O,IAFBOKYTDSDNHV-UHFFFAOYSA-N,284.104858992,3.410300000000002,COc1cc(OC)c2c(c1)OC(c1ccccc1)CC2=O,ALPINETIN METHYL ETHER,0.90553,1.1226,1.014065,
10762499,C=CCc1ccccc1OCC(O)CNC(C)C.Cl,RRCPAXJDDNWJBI-UHFFFAOYSA-N,285.14955668799996,2.5746000000000007,C=CCc1ccccc1OCC(O)CNC(C)C.Cl,ALPRENOLOL HYDROCHLORIDE,0.75753,0.79536,0.776445,
51753132,O=C(O)CN1C(=O)c2cccc3cccc(c23)C1=O,GCUCIFQCGJIRNT-UHFFFAOYSA-N,255.053157768,1.5204,O=C(O)CN1C(=O)c2cccc3cccc(c23)C1=O,ALRESTATIN,1.1604,0.92544,1.04292,
45659966,C=CCSCC1Nc2cc(Cl)c(S(N)(=O)=O)cc2S(=O)(=O)N1,VGLGVJVUHYTIIU-UHFFFAOYSA-N,382.983496608,0.9365000000000001,C=CCSCC1Nc2cc(Cl)c(S(N)(=O)=O)cc2S(=O)(=O)N1,ALTHIAZIDE,1.2437,0.92902,1.08636,
30481200,C=CC[C@]1(O)CCC2C3CCC4=CC(=O)CCC4=C3C=C[C@@]21C,VWAUPFMBXBWEQY-JSRAGOMMSA-N,310.193280072,4.275600000000004,C=CC[C@]1(O)CCC2C3CCC4=CC(=O)CCC4=C3C=C[C@@]21C,ALTRENOGEST,0.91316,0.89163,0.902395,
94660609,CCN(CCCc1ccccc1)CCCc1ccccc1.O=C(O)CC(O)(CC(=O)O)C(=O)O,RYHCACJBKCOBTJ-UHFFFAOYSA-N,473.24135245999986,3.3254,CCN(CCCc1ccccc1)CCCc1ccccc1.O=C(O)CC(O)(CC(=O)O)C(=O)O,ALVERINE CITRATE,1.0868,0.9023,0.99455,
35790632,Cl.NC12CC3CC(CC(C3)C1)C2,WOLHOYHSEKDWQH-UHFFFAOYSA-N,187.112777256,2.3357,Cl.NC12CC3CC(CC(C3)C1)C2,AMANTADINE HYDROCHLORIDE,1.0288,1.3607,1.19475,
92347233,CC1(C)CCC[C@@]2(C)C1CC[C@@]1(C)OCC[C@@H]12,YPZUZOLGGMJZJO-BHUMPYGKSA-N,236.21401551600002,4.408000000000004,CC1(C)CCC[C@@]2(C)C1CC[C@@]1(C)OCC[C@H]21,AMBROXIDE (-),1.0567,0.97664,1.01667,
83511000,Cl.Nc1c(Br)cc(Br)cc1CNC1CCC(O)CC1,QNVKOSLOVOTXKF-UHFFFAOYSA-N,411.955265108,3.6087000000000016,Cl.Nc1c(Br)cc(Br)cc1CNC1CCC(O)CC1,AMBROXOL HYDROCHLORIDE,0.70307,0.83502,0.769045,
87910899,CC(=O)OCC(=O)[C@@]12OC3(CCCC3)O[C@@H]1CC1C3CCC4=CC(=O)C=C[C@]4(C)[C@@]3(F)[C@@H](O)C[C@@]12C,ILKJAFIWWBXGDU-ZYDCGBIBSA-N,502.23668168,3.5238000000000023,CC(=O)OCC(=O)[C@@]12OC3(CCCC3)O[C@@H]1CC1C3CCC4=CC(=O)C=C[C@]4(C)[C@@]3(F)[C@@H](O)C[C@@]12C,AMCINONIDE,1.1072,1.0635,1.08535,
16738066,COS(=O)(=O)[O-].COc1cc(N)cn[n+]1-c1ccccc1,ZEASXVYVFFXULL-UHFFFAOYSA-N,313.07324158,0.04210000000000047,COS(=O)(=O)[O-].COc1cc(N)cn[n+]1-c1ccccc1,AMEZINIUM METILSULFATE,1.0147,1.0733,1.044,
10324052,NCCCNCCSP(=O)(O)O,JKOQGQFVAUAYPM-UHFFFAOYSA-N,214.05409996999998,-0.2492999999999997,NCCCNCCSP(=O)(O)O,AMIFOSTINE,1.0624,1.1964,1.1294,
10243326,NCC[C@@H](O)C(=O)N[C@@H]1C[C@H](N)[C@@H](O[C@H]2O[C@H](CN)[C@@H](O)[C@H](O)[C@H]2O)[C@H](O)[C@H]1O[C@H]1O[C@H](CO)[C@@H](O)[C@H](N)C1O.O,DTSOZYYWEZJFSS-LLPWHQRGSA-N,603.2963011199998,-9.248900000000015,NCC[C@@H](O)C(=O)N[C@@H]1C[C@H](N)[C@@H](O[C@H]2O[C@H](CN)[C@@H](O)[C@H](O)[C@H]2O)[C@H](O)[C@H]1O[C@H]1O[C@H](CO)[C@@H](O)[C@H](N)C1O.O,AMIKACIN HYDRATE,0.14906,0.17127,0.160165,
57652144,Cl.N=C(N)NC(=O)c1nc(Cl)c(N)nc1N,ACHKKGDWZVCSNH-UHFFFAOYSA-N,265.024563268,-0.6605300000000001,Cl.N=C(N)NC(=O)c1nc(Cl)c(N)nc1N,AMILORIDE HYDROCHLORIDE,1.0154,1.0621,1.03875,
63210426,Nc1c2ccccc2nc2ccccc12,XJGFWWJLMVZSIG-UHFFFAOYSA-N,194.08439832,2.970200000000001,Nc1c2ccccc2nc2ccccc12,AMINACRINE,0.2704,0.23965,0.255025,
15534763,Cl.NCCCCCC(=O)O,AENOKLOQCCSDAZ-UHFFFAOYSA-N,167.071306368,1.0119,Cl.NCCCCCC(=O)O,AMINOCAPROIC ACID HYDROCHLORIDE,0.87545,0.91934,0.897395,
24845819,CCC1(c2ccc(N)cc2)CCC(=O)NC1=O,ROBVIMPUHSLWNV-UHFFFAOYSA-N,232.121177752,1.3532,CCC1(c2ccc(N)cc2)CCC(=O)NC1=O,AMINOGLUTETHIMIDE,1.0262,0.79235,0.909275,
57741989,Nc1ccc(C(=O)NCC(=O)O)cc1,HSMNQINEKMPTIC-UHFFFAOYSA-N,194.06914218,0.08319999999999966,Nc1ccc(C(=O)NCC(=O)O)cc1,AMINOHIPPURIC ACID,1.1764,1.1332,1.1548,
63581312,Cl.NCC(=O)CCC(=O)O,ZLHFONARZHCSET-UHFFFAOYSA-N,167.03492086,-0.19920000000000032,Cl.NCC(=O)CCC(=O)O,AMINOLEVULINIC ACID HYDROCHLORIDE,0.88794,1.0427,0.96532,
74017243,Cn1c(=O)c2[nH]cnc2n(C)c1=O.NCCN,LHRHXWBJUQKYEL-UHFFFAOYSA-N,240.133473752,-2.1358999999999986,Cn1c(=O)c2[nH]cnc2n(C)c1=O.NCCN,AMINOPHYLLINE,0.90932,0.90723,0.908275,
85166719,Nc1nc(N)c2nc(CNc3ccc(C(=O)NC(CCC(=O)O)C(=O)O)cc3)cnc2n1,TVZGACDUOSZQKY-UHFFFAOYSA-N,440.1556657399999,0.24409999999999987,Nc1nc(N)c2nc(CNc3ccc(C(=O)NC(CCC(=O)O)C(=O)O)cc3)cnc2n1,AMINOPTERIN,1.0659,0.91029,0.988095,
82705438,Cc1c(N(C)C)c(=O)n(-c2ccccc2)n1C,RMMXTBMQSGEXHJ-UHFFFAOYSA-N,231.137162164,1.55042,Cc1c(N(C)C)c(=O)n(-c2ccccc2)n1C,AMINOPYRINE,1.1701,1.0688,1.11945,
26292191,Nc1ccc(C(=O)[O-])c(O)c1.[Na+],FVVDKUPCWXUVNP-UHFFFAOYSA-M,175.024537332,-3.6581,Nc1ccc(C(=O)[O-])c(O)c1.[Na+],AMINOSALICYLATE SODIUM,0.93755,0.91528,0.926415,
43711494,Nc1nccs1,RAIPHJJURHTUIC-UHFFFAOYSA-N,100.009519128,0.7253000000000001,Nc1nccs1,AMINOTHIAZOLE,1.0796,0.98279,1.031195,
86478974,CCCCc1oc2ccccc2c1C(=O)c1cc(I)c(OCCN(CC)CC)c(I)c1.Cl,ITPDYQOUSLNIHG-UHFFFAOYSA-N,681.0003675000002,7.358000000000007,CCCCc1oc2ccccc2c1C(=O)c1cc(I)c(OCCN(CC)CC)c(I)c1.Cl,AMIODARONE HYDROCHLORIDE,1.2417,0.95497,1.098335,
11207832,CCN1CCCC1CNC(=O)c1cc(S(=O)(=O)CC)c(N)cc1OC,NTJOBXMMWNYJFB-UHFFFAOYSA-N,369.172227344,1.2851000000000006,CCN1CCCC1CNC(=O)c1cc(S(=O)(=O)CC)c(N)cc1OC,AMISULPRIDE,1.1319,1.2763,1.2041,
77861437,Cc1ccc(/N=C/N(C)/C=N/c2ccc(C)cc2C)c(C)c1,QXAITBQSYVNQDR-UHFFFAOYSA-N,293.18919773600004,4.871880000000004,Cc1ccc(/N=C/N(C)/C=N/c2ccc(C)cc2C)c(C)c1,AMITRAZ,1.0221,1.0398,1.03095,
62554421,CN(C)CCC=C1c2ccccc2CCc2ccccc21.Cl,KFYRPLNVJVHZGT-UHFFFAOYSA-N,313.159727448,4.590400000000005,CN(C)CCC=C1c2ccccc2CCc2ccccc21.Cl,AMITRIPTYLINE HYDROCHLORIDE,0.66743,0.89296,0.780195,
84485234,CC(C)c1ccc2oc3nc(N)c(C(=O)O)cc3c(=O)c2c1,SGRYPYWGNKJSDL-UHFFFAOYSA-N,298.095356928,2.745,CC(C)c1ccc2oc3nc(N)c(C(=O)O)cc3c(=O)c2c1,AMLEXANOX,1.0647,1.0019,1.0333,
65946147,CCOC(=O)C1=C(COCCN)NC(C)=C(C(=O)OC)C1c1ccccc1Cl.O=S(=O)(O)c1ccccc1,ZPBWCRDSRKPIDG-UHFFFAOYSA-N,566.1489646319999,3.199600000000002,CCOC(=O)C1=C(COCCN)NC(C)=C(C(=O)OC)C1c1ccccc1Cl.O=S(=O)(O)c1ccccc1,AMLODIPINE BESYLATE,1.1868,1.0218,1.1043,
10212670,CC(O)C(=O)[O-].[NH4+],RZOBLYBZQXQGFY-UHFFFAOYSA-N,107.058243148,-1.5067,CC(O)C(=O)[O-].[NH4+],AMMONIUM LACTATE,0.82449,0.77971,0.8021,
56689407,CCN(CC)Cc1ccc(Nc2ccnc3cc(Cl)ccc23)cc1O.Cl.Cl,DHTLLULITDNQFA-UHFFFAOYSA-N,427.0984954279999,6.0228000000000055,CCN(CC)Cc1ccc(Nc2ccnc3cc(Cl)ccc23)cc1O.Cl.Cl,AMODIAQUINE DIHYDROCHLORIDE,0.81484,0.7246,0.76972,
80238676,CCC(C)(C)c1ccc(CC(C)CN2C[C@@H](C)O[C@@H](C)C2)cc1.Cl,XZKWIPVTHGWDCF-KUZYQSSXSA-N,353.248542452,5.083800000000006,CCC(C)(C)c1ccc(CC(C)CN2C[C@H](C)O[C@H](C)C2)cc1.Cl,AMOROLFINE HYDROCHLORIDE,0.95456,0.90132,0.92794,
99349341,Clc1ccc2c(c1)C(N1CCNCC1)=Nc1ccccc1O2,QWGDMFLQWFTERH-UHFFFAOYSA-N,313.09818981199993,3.4292000000000025,Clc1ccc2c(c1)C(N1CCNCC1)=Nc1ccccc1O2,AMOXAPINE,0.56885,1.0206,0.794725,
70104791,CC1(C)S[C@@H]2[C@H](NC(=O)[C@@H](N)c3ccc(O)cc3)C(=O)N2[C@H]1C(=O)O,LSQZJLSUYDQPKJ-BBGACYKPSA-N,365.104541708,0.023700000000000443,CC1(C)S[C@@H]2[C@H](NC(=O)[C@@H](N)c3ccc(O)cc3)C(=O)N2[C@H]1C(=O)O,AMOXICILLIN,1.2125,0.94003,1.076265,
29716951,CC1OC(O[C@H]2/C=C/C=C/C=C/C=C/C=C/C=C/C=C/[C@H](C)[C@@H](O)[C@@H](C)[C@H](C)OC(=O)CC(O)CC(O)CCC(O)C(O)CC(O)C[C@]3(O)C[C@H](O)C(C(=O)O)C(C2)O3)C(O)[C@H](N)C1O,APKFDSVGJQXUKY-AUDLGAQHSA-N,923.4878498760002,0.7117000000000049,CC1OC(O[C@H]2/C=C/C=C/C=C/C=C/C=C/C=C/C=C/[C@H](C)[C@@H](O)[C@@H](C)[C@H](C)OC(=O)CC(O)CC(O)CCC(O)C(O)CC(O)C[C@]3(O)C[C@H](O)C(C(=O)O)C(C2)O3)C(O)[C@H](N)C1O,AMPHOTERICIN B,0.94989,1.0226,0.986245,
29278999,CC1(C)S[C@@H]2[C@H](NC(=O)[C@H](N)c3ccccc3)C(=O)N2[C@H]1C(=O)[O-].[Na+],KLOHDWPABZXLGI-YWUHCJSESA-M,371.09157133599996,-4.012599999999997,CC1(C)S[C@@H]2[C@H](NC(=O)[C@H](N)c3ccccc3)C(=O)N2[C@H]1C(=O)[O-].[Na+],AMPICILLIN SODIUM,1.1385,1.1185,1.1285,
11424269,CCOC(=O)OC(C)OC1=C(C(=O)Nc2ccccn2)N(C)S(=O)(=O)c2ccccc21,LSNWBKACGXCGAJ-UHFFFAOYSA-N,447.11002101200006,2.558700000000001,CCOC(=O)OC(C)OC1=C(C(=O)Nc2ccccn2)N(C)S(=O)(=O)c2ccccc21,AMPIROXICAM,0.95294,1.1816,1.06727,
11199741,CCCc1ncc(C[n+]2ccccc2C)c(N)n1.[Cl-],LCTXBFGHZLGBNU-UHFFFAOYSA-M,278.129824288,-1.3404799999999972,CCCc1ncc(C[n+]2ccccc2C)c(N)n1.[Cl-],AMPROLIUM,1.288,1.2795,1.28375,
58444885,CN(C)c1cnccn1.O=S(=O)(O)O,JAFORFFJNCDPDP-UHFFFAOYSA-N,221.047026832,-0.11019999999999974,CN(C)c1cnccn1.O=S(=O)(O)O,AMPYZINE SULFATE,0.9981,1.0504,1.02425,
71734936,COc1cc(NS(C)(=O)=O)ccc1Nc1c2ccccc2nc2ccccc12,XCPGHVQEEXUHNC-UHFFFAOYSA-N,393.11471246800005,4.511700000000003,COc1cc(NS(C)(=O)=O)ccc1Nc1c2ccccc2nc2ccccc12,AMSACRINE,0.88023,0.77888,0.829555,
48014585,N#CC(O[C@@H]1O[C@H](CO[C@@H]2O[C@H](CO)[C@@H](O)[C@H](O)[C@H]2O)[C@@H](O)[C@H](O)[C@H]1O)c1ccccc1,XUCIJNAGGSZNQT-SWRVSKMJSA-N,457.15841068399993,-3.108019999999997,N#CC(O[C@@H]1O[C@H](CO[C@@H]2O[C@H](CO)[C@@H](O)[C@H](O)[C@H]2O)[C@@H](O)[C@H](O)[C@H]1O)c1ccccc1,AMYGDALIN,1.0943,0.91717,1.005735,
11506266,CCC(C)(C)O,MSXVEPNJUHWQHW-UHFFFAOYSA-N,88.088815004,1.1673,CCC(C)(C)O,AMYLENE HYDRATE,1.0357,0.91375,0.974725,
10465153,CN1CCCCC1c1ccc(-c2cccnc2)nc1.Cl,PFWHFUPRJSEODI-UHFFFAOYSA-N,289.13457531999995,3.722200000000003,CN1CCCCC1c1ccc(-c2cccnc2)nc1.Cl,ANABASAMINE HYDROCHLORIDE,1.0994,1.0418,1.0706,
33787034,Cl.c1cncc(C2CCCCN2)c1,VTMZQNZVYCJLGG-UHFFFAOYSA-N,198.09237616,2.3179999999999996,Cl.c1cncc(C2CCCCN2)c1,ANABASINE HYDROCHLORIDE,0.92166,0.94183,0.931745,
45265514,Cl.O=C1CN2Cc3c(ccc(Cl)c3Cl)N=C2N1,TVWRQCIPWUCNMI-UHFFFAOYSA-N,290.97329491600004,2.3481000000000005,Cl.O=C1CN2Cc3c(ccc(Cl)c3Cl)N=C2N1,ANAGRELIDE HYDROCHLORIDE,0.8474,1.0207,0.93405,
84192884,CC(C)(C#N)c1cc(Cn2cncn2)cc(C(C)(C)C#N)c1,YBBLVLTVTVSKRW-UHFFFAOYSA-N,293.16404560800004,2.9287600000000014,CC(C)(C#N)c1cc(Cn2cncn2)cc(C(C)(C)C#N)c1,ANASTROZOLE,0.9119,0.92672,0.91931,
10498602,O=S(=O)([O-])c1cc(O)c2c(/N=N/c3ccc(Nc4ccccc4)c4c(S(=O)(=O)[O-])cccc34)cc(S(=O)(=O)[O-])cc2c1.[Na+].[Na+].[Na+],ADGGJQPKBDIZMT-UHFFFAOYSA-K,694.9690895520002,-4.4180999999999955,O=S(=O)([O-])c1cc(O)c2c(/N=N/c3ccc(Nc4ccccc4)c4c(S(=O)(=O)[O-])cccc34)cc(S(=O)(=O)[O-])cc2c1.[Na+].[Na+].[Na+],ANAZOLENE SODIUM,2.1663,2.0743,2.1203,
80941927,Cl.N=c1ccn2c(n1)O[C@@H]1[C@@H](O)[C@H](CO)O[C@@H]12,KZOWNALBTMILAP-QFSSJCHDSA-N,261.051633544,-1.2040300000000004,Cl.N=c1ccn2c(n1)O[C@@H]1[C@@H](O)[C@H](CO)O[C@@H]12,ANCITABINE HYDROCHLORIDE,1.0502,0.96703,1.008615,
38873507,C=C1C(C2(C)C=CC(=O)C(C)(C)C2CC(=O)OC)CC[C@@]2(C)[C@H](c3ccoc3)OC(=O)C3OC132,BFUCTROUWLSVBH-WECPIXGDSA-N,468.21480336399986,4.338300000000004,C=C1C(C2(C)C=CC(=O)C(C)(C)C2CC(=O)OC)CC[C@@]2(C)[C@H](c3ccoc3)OC(=O)C3OC132,ANDIROBIN,1.1454,0.86648,1.00594,
79140770,C=C1CCC2[C@](C)(CO)[C@H](O)CC[C@@]2(C)[C@@H]1C/C=C1/C(=O)OC[C@H]1O,BOJKULTULYSRAS-RIQHVNDASA-N,350.2093240599999,1.9625999999999997,C=C1CCC2[C@@](C)(CC[C@@H](O)[C@@]2(C)CO)[C@@H]1C/C=C1/C(=O)OC[C@H]1O,ANDROGRAPHOLIDE,0.92052,1.182,1.05126,
18389113,C[C@]12C=CC(=O)C=C1CCC1C2CC[C@]2(C)C(=O)CCC12,LUJVUUWNAPIQQI-WFZCBACDSA-N,284.177630008,3.863400000000003,C[C@]12C=CC(=O)C=C1CCC1C2CC[C@]2(C)C(=O)CCC12,"ANDROSTA-1,4-DIEN-3,17-DIONE",1.1455,1.1981,1.1718,
44316937,C[C@]12CCC3C(CC[C@H]4C[C@H](O)CC[C@]34C)C1CCC2=O,QGXBDMJGAMFCBF-KMMCVRKDSA-N,290.2245802,3.959100000000003,C[C@]12CCC3C(CC[C@H]4C[C@H](O)CC[C@]34C)C1CCC2=O,ANDROSTERONE,0.90113,0.92005,0.91059,
10993587,C/C=C/c1ccc(OC)cc1,RUVINXPYWBROJD-UHFFFAOYSA-N,148.088815004,2.728300000000001,C/C=C/c1ccc(OC)cc1,ANETHOLE,1.2089,1.1543,1.1816,
17554783,COc1ccc([C@@H](C)C(=O)c2ccc(O)cc2O)cc1,CCOJFDRSZSSKOG-SNVBAGLBSA-N,272.104858992,3.092800000000002,COc1ccc([C@@H](C)C(=O)c2ccc(O)cc2O)cc1,ANGOLENSIN (R),0.98805,0.89153,0.93979,
64284963,COc1ccc(C(=O)N2CCCC2=O)cc1,ZXNRTKGTQJPIJK-UHFFFAOYSA-N,219.089543276,1.4578,COc1ccc(C(=O)N2CCCC2=O)cc1,ANIRACETAM,1.1245,0.89415,1.009325,
71353774,COc1ccc(C2C(=O)c3ccccc3C2=O)cc1,XRCFXMGQEVUZFC-UHFFFAOYSA-N,252.078644244,2.8580000000000005,COc1ccc(C2C(=O)c3ccccc3C2=O)cc1,ANISINDIONE,1.0709,1.012,1.04145,
75904104,Br.CN1C2CC(O)[C@H]1C[C@@H](OC(=O)[C@H](CO)c1ccccc1)C2,KMYQCELRVANQNG-PIODLRSPSA-N,385.08887034799994,1.4795999999999998,Br.CN1C2CC(O)[C@H]1C[C@@H](OC(=O)[C@H](CO)c1ccccc1)C2,ANISODAMINE HYDROBROMIDE (+/-),1.0384,0.9496,0.994,
33944437,c1ccc(CN(CC2=NCCN2)c2ccccc2)cc1,REYFJDPCWQRWAA-UHFFFAOYSA-N,265.157897608,2.6949000000000014,c1ccc(CN(CC2=NCCN2)c2ccccc2)cc1,ANTAZOLINE,1.2509,1.0769,1.1639,
68785056,CC(=O)O[C@@H]1C[C@@]2(C)[C@H](c3ccoc3)C[C@H]3O[C@]32[C@]2(C)C(=O)C(O)=C3C(C)(C)C(=O)C=C[C@]3(C)C12,AJTULIWKBMDPCJ-IYGCLJFQSA-N,480.2148033639999,4.434900000000003,CC(=O)O[C@@H]1C[C@@]2(C)[C@H](c3ccoc3)C[C@H]3O[C@]32[C@]2(C)C(=O)C(O)=C3C(C)(C)C(=O)C=C[C@]3(C)C12,ANTHOTHECOL,1.1427,1.0488,1.09575,
22004673,O=C(O)c1c2ccccc2cc2ccccc12,XGWFJBFNAQHLEF-UHFFFAOYSA-N,222.06807956,3.691200000000001,O=C(O)c1c2ccccc2cc2ccccc12,ANTHRACENE-9-CARBOXYLIC ACID,1.1133,1.1035,1.1084,
36229602,O=C1c2c(O)cccc2Cc2cccc(O)c21,NUZWLKWWNNJHPT-UHFFFAOYSA-N,226.06299418,2.233000000000001,O=C1c2c(O)cccc2Cc2cccc(O)c21,ANTHRALIN,0.80212,0.9526,0.87736,
61908519,COc1cc(O)cc(OC)c1OC,VTCDZPUMZAZMSB-UHFFFAOYSA-N,184.073558864,1.418,COc1cc(O)cc(OC)c1OC,ANTIAROL,1.2022,0.90583,1.054015,
87117912,O.O.O.O=C([O-])C1O[Sb]2OC(=O)C(O2)C(C(=O)[O-])O[Sb]2OC(=O)C1O2.[K+].[K+],WBTCZEPSIIFINA-UHFFFAOYSA-J,665.73701438,-14.342099999999999,O.O.O.O=C([O-])C1O[Sb]2OC(=O)C(O2)C(C(=O)[O-])O[Sb]2OC(=O)C1O2.[K+].[K+],ANTIMONY POTASSIUM TARTRATE TRIHYDRATE,1.0292,0.8661,0.94765,
15778130,CCCCC[C@H]1C(=O)O[C@H](C)[C@H](NC(=O)c2cccc(NC=O)c2O)C(=O)O[C@@H](C)[C@@H]1OC(=O)CC(C)C,ZVYMCLIDNNTNCL-GFRRLMGDSA-N,534.2577307959999,3.090300000000001,CCCCC[C@H]1C(=O)O[C@H](C)[C@H](NC(=O)c2cccc(NC=O)c2O)C(=O)O[C@@H](C)[C@@H]1OC(=O)CC(C)C,ANTIMYCIN A (A1 shown),0.905,0.75235,0.828675,
47661850,Cc1cc(=O)n(-c2ccccc2)n1C,VEQOALNAAJBPNY-UHFFFAOYSA-N,188.094963004,1.4844199999999999,Cc1cc(=O)n(-c2ccccc2)n1C,ANTIPYRINE,1.0068,0.94246,0.97463,
23133188,O=C(O)C1CC([C@H]2CCCCN2)CN2CCCCC12,VFENFLGNSRQELY-WCFLAILDSA-N,266.199428072,1.7036999999999998,O=C(O)C1CC([C@H]2CCCCN2)CN2CCCCC12,APHYLLIC ACID,1.1617,1.0241,1.0929,
29084026,O=c1cc(-c2ccc(O)cc2)oc2cc(O)cc(O)c12,KZNIFHPLKGYRTM-UHFFFAOYSA-N,270.05282342000004,2.576800000000001,O=c1cc(-c2ccc(O)cc2)oc2cc(O)cc(O)c12,APIGENIN,0.82559,1.069,0.947295,
33439211,COc1ccc(-c2cc(=O)c3c(O)cc(OC)cc3o2)cc1,LZERJKGWTQYMBB-UHFFFAOYSA-N,298.084123548,3.182800000000002,COc1ccc(-c2cc(=O)c3c(O)cc(OC)cc3o2)cc1,APIGENIN DIMETHYL ETHER,0.99505,1.1254,1.060225,
60175620,CC(=O)Oc1ccc(-c2cc(=O)c3c(OC(C)=O)cc(OC(C)=O)cc3o2)cc1,IVXFOQQPPONQTB-UHFFFAOYSA-N,396.08451747199996,3.2359000000000018,CC(=O)Oc1ccc(-c2cc(=O)c3c(OC(C)=O)cc(OC(C)=O)cc3o2)cc1,APIGENIN TRIACETATE,0.78191,1.0321,0.907005,
12321117,C=CCc1cc(OC)c2c(c1OC)OCO2,QQRSPHJOOXUALR-UHFFFAOYSA-N,222.089208928,2.1609999999999996,C=CCc1cc(OC)c2c(c1OC)OCO2,APIOLE,1.1338,0.96418,1.04899,
10743402,COc1ccc(-n2nc(C(N)=O)c3c2C(=O)N(c2ccc(N4CCCCC4=O)cc2)CC3)cc1,QNZCBYKSOIHPEH-UHFFFAOYSA-N,459.19065428,2.699600000000001,COc1ccc(-n2nc(C(N)=O)c3c2C(=O)N(c2ccc(N4CCCCC4=O)cc2)CC3)cc1,APIXABAN,1.0657,1.0083,1.037,
55627907,COc1cc(C(C)=O)ccc1O,DFYRUELUNQRZTB-UHFFFAOYSA-N,166.06299418,1.6034,COc1cc(C(C)=O)ccc1O,APOCYNIN,0.87729,0.94513,0.91121,
90527965,CN1CCc2cccc3c2C1Cc1ccc(O)c(O)c1-3.Cl,SKYZYDSNJIOXRL-UHFFFAOYSA-N,303.10260649599996,3.271700000000003,CN1CCc2cccc3c2C1Cc1ccc(O)c(O)c1-3.Cl,APOMORPHINE HYDROCHLORIDE,0.96262,0.80939,0.886005,
10473830,CN[C@@H]1[C@@H](O[C@H]2O[C@H](CO)[C@@H](N)[C@H](O)[C@H]2O)O[C@H]2C[C@@H](N)[C@H](O[C@H]3[C@H](O)[C@@H](O)[C@H](N)C[C@@H]3N)O[C@@H]2[C@@H]1O.O=S(=O)(O)O,WGLYHYWDYPSNPF-ADSMRDENSA-N,637.2476366760001,-7.602100000000016,CN[C@@H]1[C@@H](O[C@H]2O[C@H](CO)[C@@H](N)[C@H](O)[C@H]2O)O[C@H]2C[C@@H](N)[C@H](O[C@@H]3[C@@H](N)C[C@@H](N)[C@H](O)[C@H]3O)O[C@@H]2[C@@H]1O.O=S(=O)(O)O,APRAMYCIN SULFATE,0.89054,0.94921,0.919875,
10951992,CC(c1nc(=O)[nH][nH]1)N1CCOC(O[C@H](C)c2cc(C(F)(F)F)cc(C(F)(F)F)c2)C1c1ccc(F)cc1,OBXIQNYBIWAVEQ-STFBYJNUSA-N,548.1658381359999,5.513100000000004,CC(c1nc(=O)[nH][nH]1)N1CCOC(O[C@H](C)c2cc(C(F)(F)F)cc(C(F)(F)F)c2)C1c1ccc(F)cc1,APREPITANT,0.65452,0.77824,0.71638,
81687149,OC[C@H](O)C(O)[C@@H](O)CO,HEBKCHPVOIAQTA-IMJSIDKUSA-N,152.068473484,-2.9463000000000004,OC[C@H](O)C(O)[C@@H](O)CO,ARABITOL,1.1036,1.1093,1.10645,
39622244,CCCCC/C=C\C/C=C\C/C=C\C/C=C\CCCC(=O)O,YZXBAPSDXZZRGB-UHFFFAOYSA-N,304.240230264,6.216700000000006,CCCCC/C=C\C/C=C\C/C=C\C/C=C\CCCC(=O)O,ARACHIDONIC ACID,1.0161,1.3828,1.19945,
11334947,OC[C@H]1O[C@@H](Oc2ccc(O)cc2)[C@H](O)[C@@H](O)[C@@H]1O,BJRNKVDFDLYUGJ-RMPHRYRLSA-N,272.08960285200004,-1.4291000000000003,OC[C@H]1O[C@@H](Oc2ccc(O)cc2)[C@H](O)[C@@H](O)[C@@H]1O,ARBUTIN,1.0986,0.875,0.9868,
10125857,N=C(N)NCCCCNC(=N)N.O=S(=O)(O)O,RWTGFMPOODRXIM-UHFFFAOYSA-N,270.111024056,-1.9200599999999977,N=C(N)NCCCCNC(=N)N.O=S(=O)(O)O,ARCAINE SULFATE,0.94308,0.95301,0.948045,
17521971,Br.COC(=O)C1=CCCN(C)C1,AXOJRQLKMVSHHZ-UHFFFAOYSA-N,235.020790788,0.9992,Br.COC(=O)C1=CCCN(C)C1,ARECOLINE HYDROBROMIDE,0.97072,1.0794,1.02506,
74796649,Cl.N=C(N)NCCCC(N)C(=O)O,KWTQSFXGGICVPE-UHFFFAOYSA-N,210.0883534,-0.9166299999999994,Cl.N=C(N)NCCCC(N)C(=O)O,ARGININE HYDROCHLORIDE,1.0753,1.0662,1.07075,
10737213,O=C1CCc2ccc(OCCCCN3CCN(c4cccc(Cl)c4Cl)CC3)cc2N1,CEUORZQYGODEFX-UHFFFAOYSA-N,447.14803246400004,4.859300000000005,O=C1CCc2ccc(OCCCCN3CCN(c4cccc(Cl)c4Cl)CC3)cc2N1,ARIPIPRAZOLE,0.83126,0.75934,0.7953,
47939843,COc1cccc2c1cc([N+](=O)[O-])c1c(C(=O)O)cc3c(c12)OCO3,BBFQZRXNYIEMAW-UHFFFAOYSA-N,341.053551692,3.336700000000002,COc1cccc2c1cc([N+](=O)[O-])c1c(C(=O)O)cc3c(c12)OCO3,ARISTOLOCHIC ACID,0.9848,1.0924,1.0386,
66154463,NC(=O)C[S@@](=O)C(c1ccccc1)c1ccccc1,YFGHCGITMMYXAQ-LJQANCHMSA-N,273.08234972,2.01,NC(=O)C[S@@](=O)C(c1ccccc1)c1ccccc1,ARMODAFINIL,1.3522,0.96611,1.159155,
59492028,Nc1ccc([As](=O)(O)O)cc1,XKNKHVGWJDPIRJ-UHFFFAOYSA-N,216.972014616,-1.1702000000000004,Nc1ccc([As](=O)(O)O)cc1,ARSANILIC ACID,1.0501,0.98043,1.015265,
49266146,NCCO.NCCO.O[AsH]O[AsH]O,RDTAODVGWVGGEV-UHFFFAOYSA-N,323.96476467599996,-4.604599999999996,NCCO.NCCO.O[AsH]O[AsH]O,ARSENIC TRIOXIDE DIETHANOLAMINE SALT,1.093,1.1187,1.10585,
80274182,COC1O[C@@H]2O[C@]3(C)CC[C@H]4[C@H](C)CC[C@@H]([C@H]1C)[C@@]24OO3,SXYIRMFQILZOAM-DAWBJHCGSA-N,298.178023932,2.8408000000000015,COC1O[C@@H]2O[C@]3(C)CC[C@H]4[C@H](C)CC[C@@H]([C@H]1C)[C@]42OO3,ARTEMETHER,1.1804,1.0422,1.1113,
76314076,C[C@@H]1CC[C@H]2[C@@H](C)C(=O)O[C@@H]3O[C@]4(C)CC[C@@H]1[C@]32OO4,BLUAFEHZUWYNDE-DKGJTOOQSA-N,282.146723804,2.3949000000000007,C[C@@H]1CC[C@H]2[C@@H](C)C(=O)O[C@@H]3O[C@]4(C)CC[C@@H]1[C@]32OO4,ARTEMISININ,0.90207,0.95756,0.929815,
75020564,CCOC1O[C@@H]2O[C@]3(C)CC[C@H]4[C@H](C)CC[C@@H]([C@H]1C)[C@@]24OO3,NLYNIRQVMRLPIQ-UCHVITTHSA-N,312.193673996,3.230900000000002,CCOC1O[C@@H]2O[C@]3(C)CC[C@H]4[C@H](C)CC[C@@H]([C@H]1C)[C@]42OO3,ARTEMOTIL,1.309,1.1408,1.2249,
28589579,C[C@@H]1CC[C@H]2[C@@H](C)C(O)O[C@@H]3O[C@]4(C)CC[C@@H]1[C@]32OO4,BJDCWCLMFKKGEE-SUZORCHOSA-N,284.162373868,2.1867,C[C@@H]1CC[C@H]2[C@@H](C)C(O)O[C@@H]3O[C@]4(C)CC[C@@H]1[C@@]23OO4,ARTENIMOL,0.89054,0.86527,0.877905,
11564088,CC1C(=O)O[C@H]2C1CCC1(C)CCC(=O)[C@@H](C)[C@H]21,BXRGGUXPWTWACZ-JFYDMLHMSA-N,250.156894564,2.5794000000000006,CC1C(=O)O[C@H]2C1CCC1(C)CCC(=O)[C@@H](C)[C@H]21,ARTEPAULIN,0.91239,0.97928,0.945835,
81660475,C[C@H]1[C@H](OC(=O)CCC(=O)O)O[C@@H]2O[C@]3(C)CC[C@H]4[C@H](C)CC[C@@H]1[C@@]24OO3,FIHJKUPKCHIPAT-AXFKQHSWSA-N,384.17841785599995,2.6024000000000003,C[C@@H]1CC[C@H]2[C@@H](C)[C@H](OC(=O)CCC(=O)O)O[C@@H]3O[C@]4(C)CC[C@@H]1[C@@]23OO4,ARTESUNATE,0.82049,0.8371,0.828795,
10834643,CCCCCC(=O)Cc1cc(O)cc(O)c1C(=O)Oc1cc(CC(=O)CCCCC)c(C(=O)O)c(OC)c1,DGXLEDCXMIJNPJ-UHFFFAOYSA-N,528.2359327319999,5.407600000000005,CCCCCC(=O)Cc1cc(O)cc(O)c1C(=O)Oc1cc(CC(=O)CCCCC)c(C(=O)O)c(OC)c1,ARTHONIOIC ACID,1.1956,1.0174,1.1065,
37666302,COc1cc(OC)c(OC)cc1C=O,IAJBQAYHSQIQRE-UHFFFAOYSA-N,196.073558864,1.5249,COc1cc(OC)c(OC)cc1C=O,ASARYLALDEHYDE,0.91525,0.84719,0.88122,
48847009,O=C1O[C@H](C(O)CO)C(O)=C1O,CIWBSHSKHKDKBQ-DOAHDZERSA-N,176.032087976,-1.4073999999999995,O=C1O[C@H](C(O)CO)C(O)=C1O,ASCORBIC ACID,1.0248,0.94619,0.985495,
19524376,CCCCCCCCCCCCCCCC(=O)OCC(O)[C@H]1OC(=O)C(O)=C1O,QAQJMLQRFWZOBN-FBLFFUNLSA-N,414.26175355599986,4.624800000000002,CCCCCCCCCCCCCCCC(=O)OCC(O)[C@H]1OC(=O)C(O)=C1O,ASCORBYL PALMITATE,1.3375,1.1257,1.2316,
96389036,C[C@@H]1CC[C@]2(C(=O)O[C@@H]3O[C@H](CO[C@@H]4O[C@H](CO)[C@@H](O[C@H]5O[C@H](C)[C@H](O)[C@@H](O)[C@H]5O)[C@H](O)[C@H]4O)[C@@H](O)[C@H](O)[C@H]3O)CC[C@]3(C)C(=CCC4[C@@]5(C)C[C@@H](O)[C@H](O)[C@@](C)(CO)C5CC[C@]43C)C2[C@H]1C,WYQVAPGDARQUBT-VOFBOSDASA-N,958.5137302760002,-1.0327999999999888,C[C@@H]1C2C3=CCC4[C@@]5(C)C[C@@H](O)[C@H](O)[C@@](C)(CO)C5CC[C@@]4(C)[C@]3(C)CC[C@@]2(C(=O)O[C@@H]2O[C@H](CO[C@@H]3O[C@H](CO)[C@@H](O[C@H]4O[C@H](C)[C@H](O)[C@@H](O)[C@H]4O)[C@H](O)[C@H]3O)[C@@H](O)[C@H](O)[C@H]2O)CC[C@H]1C,ASIATICOSIDE,1.0136,0.8791,0.94635,
69641836,NC(=O)C[C@H](N)C(=O)O.O,RBMGJIZCEWRQES-DKWTVANSSA-N,150.0640568,-2.551,NC(=O)C[C@H](N)C(=O)O.O,ASPARAGINE (L) HYDRATE,0.92099,0.86733,0.89416,
53902320,COC(=O)[C@H](Cc1ccccc1)NC(=O)[C@@H](N)CC(=O)O,IAOZJIPTCAWIRG-QWRGUYRKSA-N,294.121571676,-0.31109999999999954,COC(=O)[C@H](Cc1ccccc1)NC(=O)[C@@H](N)CC(=O)O,ASPARTAME,0.92307,0.86483,0.89395,
32436549,N[C@@H](CC(=O)O)C(=O)O,CKLJMWTZIZZHCS-REOHCLBHSA-N,133.037507704,-1.127,N[C@@H](CC(=O)O)C(=O)O,ASPARTIC ACID (L),0.8443,1.0087,0.9265,
71308230,CC(=O)Oc1ccccc1C(=O)O,BSYNRYMUTXBXSQ-UHFFFAOYSA-N,180.042258736,1.3101,CC(=O)Oc1ccccc1C(=O)O,ASPIRIN,1.1501,0.86132,1.00571,
58565520,CC1=C(/C=C/C(C)=C/C=C/C(C)=C/C=C/C=C(C)/C=C/C=C(C)/C=C/C2=C(C)C(=O)C(O)CC2(C)C)C(C)(C)CC(O)C1=O,MQZIGYBFDRPAKN-UHFFFAOYSA-N,596.386560144,8.905400000000004,CC1=C(/C=C/C(C)=C/C=C/C(C)=C/C=C/C=C(C)/C=C/C=C(C)/C=C/C2=C(C)C(=O)C(O)CC2(C)C)C(C)(C)CC(O)C1=O,ASTAXANTHIN,1.1455,1.278,1.21175,
11661546,CC(C)(O)[C@@H]1CC[C@](C)([C@H]2[C@@H](O)C[C@@]3(C)C4C[C@H](O[C@@H]5O[C@H](CO)[C@@H](O)[C@H](O)[C@H]5O)C5C(C)(C)[C@@H](O[C@@H]6OC[C@@H](O)[C@H](O)[C@H]6O)CC[C@@]56C[C@@]46CC[C@]23C)O1,QMNWISYXSJWHRY-XWJCTJPOSA-N,784.460906856,0.7241000000000044,CC(C)(O)[C@@H]1CC[C@](C)([C@H]2[C@@H](O)C[C@@]3(C)C4C[C@H](O[C@@H]5O[C@H](CO)[C@@H](O)[C@H](O)[C@H]5O)C5C(C)(C)[C@@H](O[C@@H]6OC[C@@H](O)[C@H](O)[C@H]6O)CC[C@@]56C[C@@]46CC[C@]23C)O1,ASTRAGALOSIDE IV,0.99119,1.0616,1.026395,
58131208,COC(=O)N[C@H](C(=O)N[C@@H](Cc1ccccc1)[C@@H](O)CN(Cc1ccc(-c2ccccn2)cc1)NC(=O)[C@@H](NC(=O)OC)C(C)(C)C)C(C)(C)C.O=S(=O)(O)O,DQSGVVGOPRWTKI-QVFAWCHISA-N,802.3571275480003,3.5588000000000024,COC(=O)N[C@H](C(=O)N[C@@H](Cc1ccccc1)[C@@H](O)CN(Cc1ccc(-c2ccccn2)cc1)NC(=O)[C@@H](NC(=O)OC)C(C)(C)C)C(C)(C)C.O=S(=O)(O)O,ATAZANAVIR SULFATE,0.75562,0.8963,0.82596,
24031907,CC(C)NCC(O)COc1ccc(CC(N)=O)cc1,METKIMKYRPQLGS-UHFFFAOYSA-N,266.163042564,0.45210000000000006,CC(C)NCC(O)COc1ccc(CC(N)=O)cc1,ATENOLOL,0.93121,1.0221,0.976655,
72618843,CNCC[C@@H](Oc1ccccc1C)c1ccccc1.Cl,LUCXVPAZUDVVBT-UNTBIKODSA-N,291.138992004,4.146420000000004,CNCC[C@@H](Oc1ccccc1C)c1ccccc1.Cl,ATOMOXETINE HYDROCHLORIDE,0.9414,1.2787,1.11005,
80444885,CC(C)c1c(C(=O)Nc2ccccc2)c(-c2ccccc2)c(-c2ccc(F)cc2)n1CC[C@@H](O)C[C@@H](O)CC(=O)[O-].[Ca+2],DYJKAHNDTTZSNX-CNZCJKERSA-M,597.2072178080899,4.598100000000007,CC(C)c1c(C(=O)Nc2ccccc2)c(-c2ccccc2)c(-c2ccc(F)cc2)n1CC[C@@H](O)C[C@@H](O)CC(=O)[O-].[Ca+2],ATORVASTATIN CALCIUM,1.0461,1.062,1.05405,
12890979,O=C1C(O)=C([C@H]2CC[C@H](c3ccc(Cl)cc3)CC2)C(=O)c2ccccc21,KUCQYCKVKVOKAY-CTYIDZIISA-N,366.102272148,5.505100000000004,O=C1C(O)=C([C@H]2CC[C@H](c3ccc(Cl)cc3)CC2)C(=O)c2ccccc21,ATOVAQUONE,1.3019,1.4885,1.3952,
83247773,COc1ccc(CC2c3cc(OC)c(OC)cc3CC[N+]2(C)CCC(=O)OCCCCCOC(=O)CC[N+]2(C)CCc3cc(OC)c(OC)cc3C2Cc2ccc(OC)c(OC)c2)cc1OC.O=S(=O)([O-])c1ccccc1.O=S(=O)([O-])c1ccccc1,XXZSQOVSEBAPGS-UHFFFAOYSA-L,1242.500405784,9.246900000000004,COc1ccc(CC2c3cc(OC)c(OC)cc3CC[N+]2(C)CCC(=O)OCCCCCOC(=O)CC[N+]2(C)CCc3cc(OC)c(OC)cc3C2Cc2ccc(OC)c(OC)c2)cc1OC.O=S(=O)([O-])c1ccccc1.O=S(=O)([O-])c1ccccc1,ATRACURIUM BESYLATE,0.89922,1.3141,1.10666,
85541138,COC(=O)c1c(C)cc(OC(=O)c2c(C)cc(O)c(C=O)c2O)c(C)c1O,YLOYKYXNDHOHHT-UHFFFAOYSA-N,374.10016753599996,2.546960000000001,COC(=O)c1c(C)cc(OC(=O)c2c(C)cc(O)c(C=O)c2O)c(C)c1O,ATRANORIN,1.0328,0.88878,0.96079,
83703730,CN1C2CCC1CC(OC(=O)C(CO)c1ccccc1)C2,RKUNBYITZUJHSG-UHFFFAOYSA-N,289.167793596,1.9308999999999996,CN1C2CCC1CC(OC(=O)C(CO)c1ccccc1)C2,ATROPINE,1.0818,1.3781,1.22995,
65401222,C[N+]1([O-])C2CCC1CC(OC(=O)C(CO)c1ccccc1)C2,HGWPFSBHDACWNL-UHFFFAOYSA-N,305.162708216,1.9434999999999996,C[N+]1([O-])C2CCC1CC(OC(=O)C(CO)c1ccccc1)C2,ATROPINE OXIDE,0.77415,1.0034,0.888775,
85141085,CN1C2CCC1CC(OC(=O)C(CO)c1ccccc1)C2.O=S(=O)(O)O,VJFQPODMEGSXHC-UHFFFAOYSA-N,387.13517313999995,1.2780999999999998,CN1C2CCC1CC(OC(=O)C(CO)c1ccccc1)C2.O=S(=O)(O)O,ATROPINE SULFATE,0.97571,0.9879,0.981805,
89017904,CC(C)=CCC/C(C)=C/COc1ccc2ccc(=O)oc2c1,RSDDHGSKLOSQFK-UHFFFAOYSA-N,298.15689456399997,4.864500000000005,CC(C)=CCC/C(C)=C/COc1ccc2ccc(=O)oc2c1,AURAPTENE,1.2966,1.2865,1.29155,
10156931,COc1ccc(CNc2nc(N3CCC[C@H]3CO)ncc2C(=O)NCc2ncccn2)cc1Cl,WEAJZXNPAWBCOA-INIZCTEOSA-N,483.17856537200004,2.4318,COc1ccc(CNc2nc(N3CCC[C@H]3CO)ncc2C(=O)NCc2ncccn2)cc1Cl,AVANAFIL,0.97312,1.2218,1.09746,
60904933,CCC(C)[C@H]1O[C@]2(C=C[C@@H]1C)C[C@@H]1C[C@@H](C/C=C(\C)[C@@H](OC3C[C@H](OC)C(O[C@H]4C[C@H](OC)[C@@H](O)[C@H](C)O4)[C@H](C)O3)[C@@H](C)/C=C/C=C3\CO[C@@H]4[C@H](OC)C(C)=C[C@@H](C(=O)O1)[C@]34O)O2,AFSHKCWTGFDXJR-UGCGZJJLSA-N,886.5078570480001,6.031500000000008,CCC(C)[C@H]1O[C@]2(C=C[C@@H]1C)C[C@@H]1C[C@@H](C/C=C(\C)[C@@H](OC3C[C@H](OC)C(O[C@H]4C[C@H](OC)[C@@H](O)[C@H](C)O4)[C@H](C)O3)[C@@H](C)/C=C/C=C3\CO[C@@H]4[C@H](OC)C(C)=C[C@@H](C(=O)O1)[C@]34O)O2,AVERMECTIN A1a,0.97007,1.1149,1.042485,
17155592,COc1ccc(C(=O)CC(=O)c2ccc(C(C)(C)C)cc2)cc1,XNEFYCZVKIDDMS-UHFFFAOYSA-N,310.15689456399997,4.448400000000004,COc1ccc(C(=O)CC(=O)c2ccc(C(C)(C)C)cc2)cc1,AVOBENZONE,0.90439,1.0136,0.958995,
64647417,C=CCCCCCCCCCCCC(O)CC(O)CO,DFEHQWFIOMAGBM-UHFFFAOYSA-N,286.250794948,3.5677000000000016,C=CCCCCCCCCCCCC(O)CC(O)CO,AVOCADENE,1.3208,1.1853,1.25305,
70469358,C=CCCCCCCCCCCCc1ccco1,KNKVJBRMGKXDGO-UHFFFAOYSA-N,248.21401551600002,5.909100000000006,C=CCCCCCCCCCCCc1ccco1,AVOCADENOFURAN,1.0696,1.1803,1.12495,
73470920,C#CCCCCCCCCCCCC(O)CC(O)CO,OHLQBKZXSJYBMK-UHFFFAOYSA-N,284.235144884,3.0149000000000012,C#CCCCCCCCCCCCC(O)CC(O)CO,AVOCADYNE,0.75771,0.92057,0.83914,
22185018,C#CCCCCCCCCCCCC(O)CC(O)COC(C)=O,JAKAZHIACKJNNB-UHFFFAOYSA-N,326.24570956799994,3.585700000000002,C#CCCCCCCCCCCCC(O)CC(O)COC(C)=O,AVOCADYNE ACETATE,0.73091,0.84684,0.788875,
24698979,C#CCCCCCCCCCCCC(O)CC(O)COC(C)=O.C=CCCCCCCCCCCCC(O)CC(O)COC(C)=O,VPOWSDDTEVCUHB-UHFFFAOYSA-N,654.5070692,7.72420000000001,C#CCCCCCCCCCCCC(O)CC(O)COC(C)=O.C=CCCCCCCCCCCCC(O)CC(O)COC(C)=O,AVOCATIN A,0.99676,0.62853,0.812645,
32293718,C#CCCCCCCCCCCCC(O)CC(O)CO.C=CCCCCCCCCCCCC(O)CC(O)CO,MKQLKSXQNMNNHU-UHFFFAOYSA-N,570.4859398319999,6.582600000000009,C#CCCCCCCCCCCCC(O)CC(O)CO.C=CCCCCCCCCCCCC(O)CC(O)CO,AVOCATIN B,1.2279,1.0012,1.11455,
68970667,Nc1ncn([C@@H]2O[C@H](CO)[C@@H](O)[C@H]2O)c(=O)n1,NMUSYJAQQFHJEW-KVTDHHQDSA-N,244.080769484,-3.1679999999999997,Nc1ncn([C@@H]2O[C@H](CO)[C@@H](O)[C@H]2O)c(=O)n1,AZACITIDINE,0.98647,0.96732,0.976895,
60986755,C/C=C(\C)C(=O)O[C@H]1C[C@@H](OC(C)=O)[C@@]2(C(=O)OC)CO[C@@H]3C2[C@]12CO[C@](O)(C(=O)OC)[C@H]2[C@](C)(C12O[C@@]1(C)[C@H]1C[C@@H]2OC2OC=C[C@@]21O)[C@@H]3O,FTNJWQUOZFUQQJ-AQHCTGCISA-N,720.262935328,-0.2030999999999955,C/C=C(\C)C(=O)O[C@H]1C[C@@H](OC(C)=O)[C@@]2(C(=O)OC)CO[C@@H]3C2[C@]12CO[C@](O)(C(=O)OC)[C@H]2[C@](C)(C12O[C@@]1(C)[C@H]1C[C@@H]2OC2OC=C[C@@]21O)[C@@H]3O,AZADIRACHTIN,0.91553,0.86388,0.889705,
14988858,O=C(CCCN1CCN(c2ccccn2)CC1)c1ccc(F)cc1,XTKDAFGWCDAMPY-UHFFFAOYSA-N,327.174690544,3.0058000000000016,O=C(CCCN1CCN(c2ccccn2)CC1)c1ccc(F)cc1,AZAPERONE,0.78249,0.96934,0.875915,
56455037,[N-]=[N+]=CC(=O)OCC(N)C(=O)O,MZZGOOYMKKIOOX-UHFFFAOYSA-N,173.043655704,-1.7578999999999994,[N-]=[N+]=CC(=O)OCC(N)C(=O)O,AZASERINE,1.0751,0.98783,1.031465,
25042876,Cn1cnc([N+](=O)[O-])c1Sc1[nH]cnc2ncnc1-2,LMEKQMALGUDUQG-UHFFFAOYSA-N,277.038193464,1.0973999999999997,Cn1cnc([N+](=O)[O-])c1Sc1[nH]cnc2ncnc1-2,AZATHIOPRINE,1.2743,1.2423,1.2583,
10214186,O=C(O)CCCCCCCC(=O)O,BDJRBEYXGGNYIS-UHFFFAOYSA-N,188.104858992,1.8863,O=C(O)CCCCCCCC(=O)O,AZELAIC ACID,1.1568,1.1877,1.17225,
56861037,CN1CCCC(n2nc(Cc3ccc(Cl)cc3)c3ccccc3c2=O)CC1.Cl,YEJAJYAHJQIWNU-UHFFFAOYSA-N,417.13746777999995,4.719300000000006,CN1CCCC(n2nc(Cc3ccc(Cl)cc3)c3ccccc3c2=O)CC1.Cl,AZELASTINE HYDROCHLORIDE,1.0003,0.85653,0.928415,
36428158,CCOc1nc2cccc(C(=O)OCc3oc(=O)oc3C)c2n1Cc1ccc(-c2ccccc2-c2noc([O-])n2)cc1.[K+],IHWFKDWIUSZLCJ-UHFFFAOYSA-M,606.1152953760001,1.4895199999999995,CCOc1nc2cccc(C(=O)OCc3oc(=O)oc3C)c2n1Cc1ccc(-c2ccccc2-c2noc([O-])n2)cc1.[K+],AZILSARTAN MEDOXOMIL,1.1283,1.0804,1.10435,
11500586,CC[C@H]1OC(=O)[C@H](C)[C@@H](O[C@H]2C[C@@](C)(OC)[C@@H](O)[C@H](C)O2)[C@H](C)[C@@H](O[C@@H]2O[C@H](C)C[C@H](N(C)C)[C@H]2O)[C@](C)(O)C[C@@H](C)CN(C)[C@H](C)[C@@H](O)[C@]1(C)O,MQTOSJVFKKJCRP-BICOPXKESA-N,748.5085257439999,1.9007000000000054,CC[C@H]1OC(=O)[C@H](C)[C@@H](O[C@H]2C[C@@](C)(OC)[C@@H](O)[C@H](C)O2)[C@H](C)[C@@H](O[C@@H]2O[C@H](C)C[C@H](N(C)C)[C@H]2O)[C@](C)(O)C[C@@H](C)CN(C)[C@H](C)[C@@H](O)[C@]1(C)O,AZITHROMYCIN,0.13798,0.1531,0.14554,
29497955,CC1(C)S[C@@H]2[C@H](NC(=O)[C@H](NC(=O)N3CCNC3=O)c3ccccc3)C(=O)N2C1C(=O)[O-].[Na+],UVOCNBWUHNCKJM-VZYMBTLFSA-M,483.11884870399996,-4.236499999999997,CC1(C)S[C@@H]2[C@H](NC(=O)[C@H](NC(=O)N3CCNC3=O)c3ccccc3)C(=O)N2C1C(=O)[O-].[Na+],AZLOCILLIN SODIUM,0.77256,0.65843,0.715495,
11000353,C[C@H]1[C@H](NC(=O)/C(=N/OC(C)(C)C(=O)O)c2csc(N)n2)C(=O)N1S(=O)(=O)O,WZPBZJONDBGPKJ-FSPLSTOPSA-N,435.051854504,-1.1724999999999979,C[C@H]1[C@H](NC(=O)/C(=N/OC(C)(C)C(=O)O)c2csc(N)n2)C(=O)N1S(=O)(=O)O,AZTREONAM,0.14184,0.1518,0.14682,
74841265,CCOC(=O)OC(C)OC(=O)C1N2C(=O)C(NC(=O)[C@H](N)c3ccccc3)C2SC1(C)C.Cl,IWVTXAGTHUECPN-WAPAZPKCSA-N,501.133648916,1.717600000000001,CCOC(=O)OC(C)OC(=O)C1N2C(=O)C(NC(=O)[C@H](N)c3ccccc3)C2SC1(C)C.Cl,BACAMPICILLIN HYDROCHLORIDE,0.46436,0.51408,0.48922,
54547877,CC(=O)O[C@H]1C(=O)[C@@]2(C)C([C@H](OC(=O)c3ccccc3)[C@]3(O)C[C@H](O)C(C)=C1C3(C)C)[C@]1(OC(C)=O)CO[C@@H]1C[C@@H]2O,OVMSOCFBDVBLFW-IAGPSASASA-N,586.2414120359999,1.6525999999999998,CC(=O)O[C@H]1C(=O)[C@@]2(C)C([C@H](OC(=O)c3ccccc3)[C@]3(O)C[C@H](O)C(C)=C1C3(C)C)[C@]1(OC(C)=O)CO[C@@H]1C[C@@H]2O,BACCATIN III,0.80485,1.0209,0.912875,
30776478,CCC(C)C(N)C1=NC(C(=O)NC(CC(C)C)C(=O)NC(CCC(=O)O)C(=O)NC(C(=O)NCCCCC2NC(=O)C(CC(N)=O)NC(=O)C(CC(=O)O)NC(=O)C(Cc3c[nH]cn3)NC(=O)C(Cc3ccccc3)NC(=O)C(C(C)CC)NC(=O)C(CCCN)NC2=O)C(C)CC)CS1,VRKHYMXTJQCIND-UHFFFAOYSA-N,1421.7489412159996,-1.6776000000000149,CCC(C)C(N)C1=NC(C(=O)NC(CC(C)C)C(=O)NC(CCC(=O)O)C(=O)NC(C(=O)NCCCCC2NC(=O)C(CC(N)=O)NC(=O)C(CC(=O)O)NC(=O)C(Cc3c[nH]cn3)NC(=O)C(Cc3ccccc3)NC(=O)C(C(C)CC)NC(=O)C(CCCN)NC2=O)C(C)CC)CS1,BACITRACIN,0.96224,1.0102,0.98622,
96055930,Cl.NCC(CC(=O)O)c1ccc(Cl)cc1,WMNUVYYLMCMHLU-UHFFFAOYSA-N,249.032334016,2.2788000000000004,Cl.NCC(CC(=O)O)c1ccc(Cl)cc1,BACLOFEN HYDROCHLORIDE (+/-),1.0259,1.4325,1.2292,
21329541,O=c1cc(-c2ccccc2)oc2cc(O)c(O)c(O)c12,FXNFHKRTJBSTCS-UHFFFAOYSA-N,270.05282342000004,2.576800000000001,O=c1cc(-c2ccccc2)oc2cc(O)c(O)c(O)c12,BAICALEIN,1.0275,0.92011,0.973805,
88093563,O=C(O)[C@H]1O[C@@H](Oc2cc3oc(-c4ccccc4)cc(=O)c3c(O)c2O)[C@H](O)[C@@H](O)[C@@H]1O,IKIIZLYTISPENI-ZFORQUDYSA-N,446.0849113959999,0.14219999999999955,O=C(O)[C@H]1O[C@@H](Oc2cc3oc(-c4ccccc4)cc(=O)c3c(O)c2O)[C@H](O)[C@@H](O)[C@@H]1O,BAICALIN,1.2575,0.85461,1.056055,
91486366,O=C([O-])CCNC(=O)c1ccc(/N=N/c2ccc(O)c(C(=O)[O-])c2)cc1.[Na+].[Na+],CKMOQBVBEGCJGW-UHFFFAOYSA-L,401.059973696,-5.951099999999998,O=C([O-])CCNC(=O)c1ccc(/N=N/c2ccc(O)c(C(=O)[O-])c2)cc1.[Na+].[Na+],BALSALAZIDE DISODIUM,0.94863,0.91315,0.93089,
84808760,CN(C)C(=O)Oc1cc(OC(=O)N(C)C)cc(C(O)CNC(C)(C)C)c1.Cl,LBARATORRVNNQM-UHFFFAOYSA-N,403.18739874,2.650700000000001,CN(C)C(=O)Oc1cc(OC(=O)N(C)C)cc(C(O)CNC(C)(C)C)c1.Cl,BAMBUTEROL HYDROCHLORIDE,0.9211,1.3642,1.14265,
83611884,CCC1(CC)C(=O)NC(=O)NC1=O,FTOAOBMCPZCFFF-UHFFFAOYSA-N,184.084792244,0.15879999999999994,CCC1(CC)C(=O)NC(=O)NC1=O,BARBITAL,0.92311,0.91032,0.916715,
46818073,CCCCCCCCCCCCCCCCCCOCC(O)CO,OGBUMNBNEWYMNJ-UHFFFAOYSA-N,344.32904526799996,5.617700000000006,CCCCCCCCCCCCCCCCCCOCC(O)CO,BATYL ALCOHOL,1.0236,1.0432,1.0334,
49130007,CC(=O)O.Cc1c(-c2ccc(O)cc2)n(Cc2ccc(OCCN3CCCCCC3)cc2)c2ccc(O)cc12,OMZAMQFQZMUNTP-UHFFFAOYSA-N,530.278072316,6.421920000000007,CC(=O)O.Cc1c(-c2ccc(O)cc2)n(Cc2ccc(OCCN3CCCCCC3)cc2)c2ccc(O)cc12,BAZEDOXIFENE ACETATE,0.73057,0.88246,0.806515,
20808251,O=C(CCCl)NCc1ccccc1,JPYQFYIEOUVJDU-UHFFFAOYSA-N,197.060741684,1.9317,O=C(CCCl)NCc1ccccc1,BECLAMIDE,1.0124,1.0728,1.0426,
90308355,CCC(=O)OCC(=O)C1(OC(=O)CC)C(C)CC2C3CCC4=CC(=O)C=CC4(C)C3(Cl)C(O)CC21C,KUVIULQEHSCUHY-UHFFFAOYSA-N,520.222781204,4.086800000000004,CCC(=O)OCC(=O)C1(OC(=O)CC)C(C)CC2C3CCC4=CC(=O)C=CC4(C)C3(Cl)C(O)CC21C,BECLOMETHASONE DIPROPIONATE,1.2649,0.99155,1.128225,
12402162,NC[C@H]1O[C@H](O[C@H]2[C@H](O)[C@@H](O[C@H]3O[C@H](CO)[C@@H](O)[C@H](N)[C@H]3O)[C@H](N)C[C@@H]2N)[C@H](N)[C@@H](O)[C@@H]1O.O=S(=O)(O)O,YGTPKDKJVZOVCO-KELBJJLKSA-N,581.2214219279998,-7.977800000000013,NC[C@H]1O[C@H](O[C@@H]2[C@@H](N)C[C@@H](N)[C@H](O[C@H]3O[C@H](CO)[C@@H](O)[C@H](N)[C@H]3O)[C@H]2O)[C@H](N)[C@@H](O)[C@@H]1O.O=S(=O)(O)O,BEKANAMYCIN SULFATE,0.13854,0.16755,0.153045,
10789032,CCCCC(CC)COc1ccc(-c2nc(-c3ccc(OC)cc3)nc(-c3ccc(OCC(CC)CCCC)cc3O)n2)c(O)c1,XVAMCHGMPYWHNL-UHFFFAOYSA-N,627.367221668,9.482799999999997,CCCCC(CC)COc1ccc(-c2nc(-c3ccc(OC)cc3)nc(-c3ccc(OCC(CC)CCCC)cc3O)n2)c(O)c1,BEMOTRIZINOL,1.1019,1.1352,1.11855,
14945191,CCN(CC)CCOC(=O)C(O)(c1ccccc1)c1ccccc1.Cl,ZCEHOOLYWQBGQO-UHFFFAOYSA-N,363.160121372,3.2293000000000025,CCN(CC)CCOC(=O)C(O)(c1ccccc1)c1ccccc1.Cl,BENACTYZINE HYDROCHLORIDE,0.92878,1.012,0.97039,
10604187,CCOC(=O)[C@H](CCc1ccccc1)N[C@H]1CCc2ccccc2N(CC(=O)O)C1=O.Cl,VPSRQEHTHIMDQM-FKLPMGAJSA-N,460.176499708,2.9949000000000017,CCOC(=O)[C@H](CCc1ccccc1)N[C@H]1CCc2ccccc2N(CC(=O)O)C1=O.Cl,BENAZEPRIL HYDROCHLORIDE,1.1038,0.97657,1.040185,
10158484,Cl.Cn1c(CCCC(=O)O)nc2cc(N(CCCl)CCCl)ccc21,ZHSKUOZOLHMKEA-UHFFFAOYSA-N,393.07775998399995,3.6864000000000026,Cl.Cn1c(CCCC(=O)O)nc2cc(N(CCCl)CCCl)ccc21,BENDAMUSTINE HYDROCHLORIDE,1.0535,0.90041,0.976955,
86793897,O=C(O)COc1nn(Cc2ccccc2)c2ccccc12,BYFMCKSPFYVMOU-UHFFFAOYSA-N,282.10044230799997,2.548,O=C(O)COc1nn(Cc2ccccc2)c2ccccc12,BENDAZAC,1.0229,0.85188,0.93739,
82801041,NS(=O)(=O)c1cc2c(cc1C(F)(F)F)NC(Cc1ccccc1)NS2(=O)=O,HDWIHXWEUNVBIY-UHFFFAOYSA-N,421.03778258799997,1.6254000000000004,NS(=O)(=O)c1cc2c(cc1C(F)(F)F)NC(Cc1ccccc1)NS2(=O)=O,BENDROFLUMETHIAZIDE,0.97597,1.0297,1.002835,
23573091,CC(Cc1cccc(C(F)(F)F)c1)NCCOC(=O)c1ccccc1.Cl,NLOALSPYZIIXEO-UHFFFAOYSA-N,387.121291252,4.504800000000004,CC(Cc1cccc(C(F)(F)F)c1)NCCOC(=O)c1ccccc1.Cl,BENFLUOREX HYDROCHLORIDE,0.88253,0.92572,0.904125,
96857816,C/C(=C(/CCOP(=O)(O)O)SC(=O)c1ccccc1)N(C=O)Cc1cnc(C)nc1N,BTNNPSLJPBRMLZ-UHFFFAOYSA-N,466.10759208600007,2.630119999999999,C/C(=C(/CCOP(=O)(O)O)SC(=O)c1ccccc1)N(C=O)Cc1cnc(C)nc1N,BENFOTIAMINE,1.0058,0.96123,0.983515,
68777855,CCCCOc1cc(C(=O)OCCN(CC)CC)ccc1N.Cl,PRGUDWLMFLCODA-UHFFFAOYSA-N,344.18667046800005,3.3681000000000014,CCCCOc1cc(C(=O)OCCN(CC)CC)ccc1N.Cl,BENOXINATE HYDROCHLORIDE,1.0388,0.69684,0.86782,
10034291,Cl.NC(CO)C(=O)NNCc1ccc(O)c(O)c1O,ULFCBIUXQQYDEI-UHFFFAOYSA-N,293.07784829199994,-1.3344000000000007,Cl.NC(CO)C(=O)NNCc1ccc(O)c(O)c1O,BENSERAZIDE HYDROCHLORIDE,1.0812,0.88972,0.98546,
10859329,O=C(CNC(=O)c1ccc(Cl)cc1)NO,JFZGBMJPJZDNNT-UHFFFAOYSA-N,228.030169828,0.5751999999999999,O=C(CNC(=O)c1ccc(Cl)cc1)NO,BENURESTAT,1.0052,0.91438,0.95979,
98104745,CCCCCCCCCCCCC[N+](C)(C)Cc1ccccc1.O.[Cl-],YDYYFACRFOILLS-UHFFFAOYSA-M,371.295492644,2.753300000000001,CCCCCCCCCCCCC[N+](C)(C)Cc1ccccc1.O.[Cl-],BENZALKONIUM CHLORIDE HYDRATE,0.19035,0.20312,0.196735,
84001971,CCc1oc2ccccc2c1C(=O)c1cc(Br)c(O)c(Br)c1,WHQCHUCQKNIQEC-UHFFFAOYSA-N,421.9153184439999,5.456800000000003,CCc1oc2ccccc2c1C(=O)c1cc(Br)c(O)c(Br)c1,BENZBROMARONE,0.81651,0.99949,0.908,
55282237,CC(C)(C)CC(C)(C)c1ccc(OCCOCC[N+](C)(C)Cc2ccccc2)cc1.[Cl-],UREZNYTWGJKWBI-UHFFFAOYSA-M,447.29040726399995,3.0764000000000014,CC(C)(C)CC(C)(C)c1ccc(OCCOCC[N+](C)(C)Cc2ccccc2)cc1.[Cl-],BENZETHONIUM CHLORIDE,0.15563,0.16959,0.16261,
10989073,CCOC(=O)c1ccc(N)cc1,BLFLLBZGZJTVJG-UHFFFAOYSA-N,165.078978592,1.4455,CCOC(=O)c1ccc(N)cc1,BENZOCAINE,0.96636,0.76435,0.865355,
88977285,O=C(OC1CN2CCC1CC2)c1ccccc1,AHKAOMZZTQULDS-UHFFFAOYSA-N,231.125928784,1.9376000000000004,O=C(OC1CN2CCC1CC2)c1ccccc1,BENZOCLIDINE,0.96096,1.085,1.02298,
25058997,O=C(O)c1ccccc1,WPYMKLBDIGXBTP-UHFFFAOYSA-N,122.036779432,1.3848,O=C(O)c1ccccc1,BENZOIC ACID,0.96865,0.96417,0.96641,
46285569,CCCCNc1ccc(C(=O)OCCOCCOCCOCCOCCOCCOCCOCCOCCOC)cc1,MAFMQEKGGFWBAB-UHFFFAOYSA-N,603.3618615159999,2.8346000000000036,CCCCNc1ccc(C(=O)OCCOCCOCCOCCOCCOCCOCCOCCOCCOC)cc1,BENZONATATE,0.96482,0.92225,0.943535,
29464365,O=C(Oc1cccc2cccnc12)c1ccccc1,BHKPHCKISVSDGV-UHFFFAOYSA-N,249.078978592,3.4540000000000015,O=C(Oc1cccc2cccnc12)c1ccccc1,BENZOXIQUINE,0.65152,0.81907,0.735295,
67677248,O=C(OOC(=O)c1ccccc1)c1ccccc1,OMPJBNCRMGITSC-UHFFFAOYSA-N,242.0579088,2.615400000000001,O=C(OOC(=O)c1ccccc1)c1ccccc1,BENZOYL PEROXIDE,0.95975,0.98857,0.97416,
83331957,O=C(Nc1ccc(C(=O)O)c(O)c1)c1ccccc1,GNZCRYWFWKFIDM-UHFFFAOYSA-N,257.068807832,2.3427,O=C(Nc1ccc(C(=O)O)c(O)c1)c1ccccc1,BENZOYLPAS,0.93485,1.0124,0.973625,
97212702,NS(=O)(=O)c1cc2c(cc1Cl)N=C(CSCc1ccccc1)NS2(=O)=O,NDTSRXAMMQDVSW-UHFFFAOYSA-N,430.98349660799994,2.2427,NS(=O)(=O)c1cc2c(cc1Cl)N=C(CSCc1ccccc1)NS2(=O)=O,BENZTHIAZIDE,1.0184,0.95341,0.985905,
42309070,CN1C2CCC1CC(OC(c1ccccc1)c1ccccc1)C2.CS(=O)(=O)O,CPFJLLXFNPCTDW-UHFFFAOYSA-N,403.18172940799997,3.921800000000003,CN1C2CCC1CC(OC(c1ccccc1)c1ccccc1)C2.CS(=O)(=O)O,BENZTROPINE MESYLATE,0.87772,0.96649,0.922105,
43223081,CN(C)CCCOc1nn(Cc2ccccc2)c2ccccc12.Cl,HNNIWKQLJSNAEQ-UHFFFAOYSA-N,345.160790068,3.836900000000003,CN(C)CCCOc1nn(Cc2ccccc2)c2ccccc12.Cl,BENZYDAMINE HYDROCHLORIDE,1.0274,0.92157,0.974485,
39847547,OCc1ccccc1,WVDDGKGOMKODPV-UHFFFAOYSA-N,108.057514876,1.1789,OCc1ccccc1,BENZYL ALCOHOL,1.0486,0.96525,1.006925,
62455020,O=C(OCc1ccccc1)c1ccccc1,SESFRYSPDFLNCH-UHFFFAOYSA-N,212.083729624,3.0436000000000014,O=C(OCc1ccccc1)c1ccccc1,BENZYL BENZOATE,0.9375,0.91869,0.928095,
20961843,S=C=NCc1ccccc1,MDKCFLQDBWCQCV-UHFFFAOYSA-N,149.029920224,2.2894000000000005,S=C=NCc1ccccc1,BENZYL ISOTHIOCYANATE,0.81668,0.7138,0.76524,
32873346,O=C(OCc1ccccc1)c1cccnc1,KVYGGMBOZFWZBQ-UHFFFAOYSA-N,213.078978592,2.4386,O=C(OCc1ccccc1)c1cccnc1,BENZYL NICOTINATE,1.2362,1.4087,1.32245,
10557143,Cl.NNCc1ccccc1,PRBLRLQZOKOQCQ-UHFFFAOYSA-N,158.061076032,1.0717,Cl.NNCc1ccccc1,BENZYLHYDRAZINE HYDROCHLORIDE,0.98759,0.90643,0.94701,
37137434,C[N+](C)(CCOc1ccccc1)Cc1ccccc1.O=C([O-])c1cc2ccccc2cc1O,PMPQCPQAHTXCDK-UHFFFAOYSA-M,443.20965840799994,4.250900000000005,C[N+](C)(CCOc1ccccc1)Cc1ccccc1.O=C([O-])c1cc2ccccc2cc1O,BEPHENIUM HYDROXYNAPTHOATE,0.89671,0.8208,0.858755,
10328898,CC(C)COCC(CN(Cc1ccccc1)c1ccccc1)N1CCCC1.Cl,JXBBWYGMTNAYNM-UHFFFAOYSA-N,402.24379142000004,5.252000000000007,CC(C)COCC(CN(Cc1ccccc1)c1ccccc1)N1CCCC1.Cl,BEPRIDIL HYDROCHLORIDE,1.2519,1.0109,1.1314,
16051307,COc1cc2c3cc1Oc1c(OC)c(OC)cc4c1[C@@H](Cc1cccc(c1)Oc1ccc(c(O)c1)C[C@@H]3N(C)CC2)N(C)CC4.Cl.Cl,SNFZOWCOEANLMI-ROLVXWJJSA-N,680.241992424,7.703000000000008,COc1cc2c3cc1Oc1c(OC)c(OC)cc4c1[C@@H](Cc1cccc(c1)Oc1ccc(c(O)c1)C[C@@H]3N(C)CC2)N(C)CC4.Cl.Cl,BERBAMINE HYDROCHLORIDE,1.0696,0.92638,0.99799,
83386829,COc1ccc2cc3[n+](cc2c1OC)CCc1cc2c(cc1-3)OCO2.[Cl-],VKJGBAJNNALVAV-UHFFFAOYSA-M,371.0924357359999,0.10029999999999983,COc1ccc2cc3[n+](cc2c1OC)CCc1cc2c(cc1-3)OCO2.[Cl-],BERBERINE CHLORIDE,0.94847,0.93841,0.94344,
10914236,COc1c2ccoc2cc2oc(=O)ccc12,BGEBZHIAGXMEMV-UHFFFAOYSA-N,216.042258736,2.5478000000000005,COc1c2ccoc2cc2oc(=O)ccc12,BERGAPTEN,1.0729,0.98675,1.029825,
11232722,COc1c(O)cc2c(c1O)[C@@H]1O[C@H](CO)[C@@H](O)[C@H](O)[C@H]1OC2=O,YWJXCIXBAKGUKZ-HJJNZUOJSA-N,328.07943209199993,-1.2006000000000006,COc1c(O)cc2c(c1O)[C@@H]1O[C@H](CO)[C@@H](O)[C@H](O)[C@H]1OC2=O,BERGENIN,1.066,0.9954,1.0307,
10496394,Cl.NCC(N)C(=O)O,SKWCZPYWFRTSDD-UHFFFAOYSA-N,140.035255208,-1.2211999999999998,Cl.NCC(N)C(=O)O,BETA-AMINOALANINE HYDROCHLORIDE,0.82593,0.87667,0.8513,
11092199,CC1(C)CC[C@]2(C)CC[C@]3(C)C(=CCC4[C@@]5(C)CC[C@H](O)C(C)(C)C5CC[C@]43C)C2C1,JFSHUTJDVKUMTJ-KOMNAURRSA-N,426.38616622,8.168900000000008,CC1(C)CC[C@]2(C)CC[C@]3(C)C(=CCC4[C@@]5(C)CC[C@H](O)C(C)(C)C5CC[C@]43C)C2C1,beta-AMYRIN,0.87682,0.9259,0.90136,
10471095,CC(=O)O[C@H]1CC[C@@]2(C)C(CC[C@]3(C)C2CC=C2C4CC(C)(C)CC[C@]4(C)CC[C@]23C)C1(C)C,UMRPOGLIBDXFNK-PLIKLMKUSA-N,468.396730904,8.739700000000004,CC(=O)O[C@H]1CC[C@@]2(C)C(CC[C@]3(C)C2CC=C2C4CC(C)(C)CC[C@]4(C)CC[C@]23C)C1(C)C,beta-AMYRIN ACETATE,1.1594,1.1438,1.1516,
91076416,CC1(C)CC[C@]2(C)CC[C@]3(C)C(=CCC4[C@@]5(C)CC[C@H](OC(=O)c6ccccc6)C(C)(C)C5CC[C@]43C)C2C1,FJFGMZSGRVIUSZ-HHZRVWEKSA-N,530.412380968,10.033599999999996,CC1(C)CC[C@]2(C)CC[C@]3(C)C(=CCC4[C@@]5(C)CC[C@H](OC(=O)c6ccccc6)C(C)(C)C5CC[C@]43C)C2C1,beta-AMYRIN BENZOATE,1.1322,0.91863,1.025415,
37144671,CC1=C(/C=C/C(C)=C/C=C/C(C)=C/C=C/C=C(C)/C=C/C=C(C)/C=C/C2=C(C)CCCC2(C)C)C(C)(C)CCC1,OENHQHLEOONYIE-UHFFFAOYSA-N,536.438201792,12.605799999999977,CC1=C(/C=C/C(C)=C/C=C/C(C)=C/C=C/C=C(C)/C=C/C=C(C)/C=C/C2=C(C)CCCC2(C)C)C(C)(C)CCC1,beta-CAROTENE [2mM],0.96545,0.9861,0.975775,
98521080,CC12CCCC(O)(C1)C1CC(C)(C)C1CC2,FUQAYSQLAOJBBC-UHFFFAOYSA-N,222.198365452,3.7539000000000025,CC12CCCC(O)(C1)C1CC(C)(C)C1CC2,beta-CARYOPHYLLENE ALCOHOL,0.96136,0.95397,0.957665,
81412286,CC1(C)CCC2=C(O1)c1ccccc1C(=O)C2=O,QZPQTZZNNJUOLS-UHFFFAOYSA-N,242.094294308,2.7521000000000013,CC1(C)CCC2=C(O1)c1ccccc1C(=O)C2=O,beta-LAPACHONE,1.3418,1.6071,1.47445,
91138834,CCC(CCC(C)[C@H]1CCC2C3CC=C4C[C@@H](O)CC[C@]4(C)C3CC[C@@]21C)C(C)C,KZJWDPNRJALLNS-LRWZISJQSA-N,414.38616622,8.02480000000001,CCC(CCC(C)[C@H]1CCC2C3CC=C4C[C@@H](O)CC[C@]4(C)C3CC[C@@]21C)C(C)C,beta-SITOSTEROL,0.87128,1.0209,0.94609,
70120213,C[N+](C)(C)CC(=O)[O-].Cl,HOPSCVCBEOCPJZ-UHFFFAOYSA-N,153.055656304,-1.1357,C[N+](C)(C)CC(=O)[O-].Cl,BETAINE HYDROCHLORIDE,0.98315,1.0194,1.001275,
88550607,C[C@H]1CC2C3CCC4=CC(=O)C=C[C@]4(C)[C@@]3(F)[C@@H](O)C[C@]2(C)[C@@]1(O)C(=O)CO,UREBDLICKHMUKA-REKGUKDCSA-N,392.19990224799994,1.8957000000000002,C[C@H]1CC2C3CCC4=CC(=O)C=C[C@]4(C)[C@@]3(F)[C@@H](O)C[C@]2(C)[C@@]1(O)C(=O)CO,BETAMETHASONE,1.4177,1.0229,1.2203,
94918725,CCC(=O)OCC(=O)[C@@]1(OC(=O)CC)[C@@H](C)CC2C3CCC4=CC(=O)C=C[C@]4(C)C3(F)[C@@H](O)C[C@@]21C,CIWBQSYVNNPZIQ-YMSYXYNZSA-N,504.252331744,3.8175000000000026,CCC(=O)OCC(=O)[C@@]1(OC(=O)CC)[C@@H](C)CC2C3CCC4=CC(=O)C=C[C@]4(C)C3(F)[C@@H](O)C[C@@]21C,"BETAMETHASONE 17,21-DIPROPIONATE",1.0936,1.0231,1.05835,
74070357,CC(=O)OCC(=O)[C@@]1(O)[C@@H](C)CC2C3CCC4=CC(=O)C=C[C@]4(C)[C@@]3(F)[C@@H](O)C[C@@]21C,AKUJBENLRBOFTD-DKNQJTFPSA-N,434.210466932,2.466500000000001,CC(=O)OCC(=O)[C@@]1(O)[C@@H](C)CC2C3CCC4=CC(=O)C=C[C@]4(C)[C@@]3(F)[C@@H](O)C[C@@]21C,BETAMETHASONE ACETATE,0.95498,0.83446,0.89472,
43690751,C[C@H]1CC2C3CCC4=CC(=O)C=C[C@]4(C)[C@@]3(F)[C@@H](O)C[C@]2(C)[C@@]1(O)C(=O)COP(=O)([O-])[O-].[Na+].[Na+],PLCQGRYPOISRTQ-OWRLUTHBSA-L,516.130121266,-5.243299999999994,C[C@H]1CC2C3CCC4=CC(=O)C=C[C@]4(C)[C@@]3(F)[C@@H](O)C[C@]2(C)[C@@]1(O)C(=O)COP(=O)([O-])[O-].[Na+].[Na+],BETAMETHASONE SODIUM PHOSPHATE,1.0584,0.81433,0.936365,
10875498,CCCCC(=O)O[C@]1(C(=O)CO)[C@@H](C)CC2C3CCC4=CC(=O)C=C[C@]4(C)[C@@]3(F)C(O)C[C@@]21C,SNHRLVCMMWUAJD-FHOZUDJNSA-N,476.25741712399997,3.6368000000000027,CCCCC(=O)O[C@]1(C(=O)CO)[C@@H](C)CC2C3CCC4=CC(=O)C=C[C@]4(C)[C@@]3(F)C(O)C[C@@]21C,BETAMETHASONE VALERATE,0.87318,0.93992,0.90655,
34183380,O=C(O)CCNC(=O)c1ccccc1,CWXYHOHYCJXYFQ-UHFFFAOYSA-N,193.073893212,0.8911,O=C(O)CCNC(=O)c1ccccc1,BETAMIPRON,1.1689,0.89773,1.033315,
81264041,CC(C[N+](C)(C)C)OC(N)=O.[Cl-],XXRMYXBSBOVVBH-UHFFFAOYSA-N,196.097855464,-2.8195999999999968,CC(C[N+](C)(C)C)OC(N)=O.[Cl-],BETHANECHOL CHLORIDE,0.96187,0.89378,0.927825,
62998674,C=C(C)[C@@H]1CC[C@]2(CO)CC[C@]3(C)[C@H](CCC4[C@@]5(C)CC[C@H](O)C(C)(C)C5CC[C@]43C)C12,FVWJYYTZTCVBKE-UFGVEXIASA-N,442.38108084,6.997200000000009,C=C(C)[C@@H]1CC[C@]2(CO)CC[C@]3(C)[C@H](CCC4[C@@]5(C)CC[C@H](O)C(C)(C)C5CC[C@]43C)C12,BETULIN,0.80842,0.82763,0.818025,
11208405,C=C(C)[C@@H]1CC[C@]2(C(=O)O)CC[C@]3(C)[C@H](CCC4[C@@]5(C)CC[C@H](O)C(C)(C)C5CC[C@]43C)[C@@H]12,QGJZLNKBHJESQX-JKDJOHMOSA-N,456.36034539599996,7.089500000000009,C=C(C)[C@@H]1CC[C@]2(C(=O)O)CC[C@]3(C)[C@H](CCC4[C@@]5(C)CC[C@H](O)C(C)(C)C5CC[C@]43C)[C@@H]12,BETULINIC ACID,0.98684,0.95019,0.968515,
43735557,Cc1cc2c(cc1C(=O)c1ccc(C(=O)O)cc1)C(C)(C)CCC2(C)C,QADGBOQVBUXZKO-UHFFFAOYSA-N,350.18819469199997,5.273220000000005,Cc1cc2c(cc1C(=O)c1ccc(C(=O)O)cc1)C(C)(C)CCC2(C)C,BEXAROTENE,1.0574,1.0389,1.04815,
62726267,C=C(c1ccc(C(=O)O)cc1)c1cc2c(cc1C)C(C)(C)CCC2(C)C,NAVMQTYZDKMPEU-UHFFFAOYSA-N,348.208930136,6.103720000000005,C=C(c1ccc(C(=O)O)cc1)c1cc2c(cc1C)C(C)(C)CCC2(C)C,BEXAROTENE,1.6695,1.1491,1.4093,
98942635,CC(C)(Oc1ccc(CCNC(=O)c2ccc(Cl)cc2)cc1)C(=O)O,IIBYAHWJQTYFKB-UHFFFAOYSA-N,361.1080857999999,3.554500000000001,CC(C)(Oc1ccc(CCNC(=O)c2ccc(Cl)cc2)cc1)C(=O)O,BEZAFIBRATE,0.884,1.0004,0.9422,
68316355,C[C@@H](O)[C@H]1C(=O)N2C(C(=O)[O-])=C(SC3Cn4cnc[n+]4C3)[C@H](C)[C@H]12,MRMBZHPJVKCOMA-YJFSRANCSA-N,350.104876056,-1.8949999999999971,C[C@@H](O)[C@H]1C(=O)N2C(C(=O)[O-])=C(SC3Cn4cnc[n+]4C3)[C@H](C)[C@H]12,BIAPENEM,0.57069,0.55184,0.561265,
25283387,CC(O)(CS(=O)(=O)c1ccc(F)cc1)C(=O)Nc1ccc(C#N)c(C(F)(F)F)c1,LKJPYSCBVHEWIU-UHFFFAOYSA-N,430.06104080800003,2.8795800000000007,CC(O)(CS(=O)(=O)c1ccc(F)cc1)C(=O)Nc1ccc(C#N)c(C(F)(F)F)c1,BICALUTAMIDE,0.87762,0.95837,0.917995,
43975220,CN1CCc2cc3c(cc2[C@H]1C1OC(=O)c2c1ccc1c2OCO1)OCO3,IYGYMKDQCDOMRE-ZENAZSQFSA-N,367.10558726399995,2.5846999999999998,CN1CCc2cc3c(cc2[C@H]1C1OC(=O)c2c1ccc1c2OCO1)OCO3,BICUCULLINE (+),1.2732,0.96663,1.119915,
70005085,c1ccc(-c2ccc(C(c3ccccc3)n3ccnc3)cc2)cc1,OCAPBUJLXMYKEJ-UHFFFAOYSA-N,310.146998576,5.187800000000005,c1ccc(-c2ccc(C(c3ccccc3)n3ccnc3)cc2)cc1,BIFONAZOLE,1.1739,1.0979,1.1359,
78362017,C=CC1=C(C)/C(=C/c2[nH]c(Cc3[nH]c(/C=C4\NC(=O)C(C)=C4C=C)c(C)c3CCC(=O)O)c(CCC(=O)O)c2C)NC1=O,BPYKTIZUTYGOLE-UHFFFAOYSA-N,584.2634848719999,4.531240000000002,C=CC1=C(C)/C(=C/c2[nH]c(Cc3[nH]c(/C=C4\NC(=O)C(C)=C4C=C)c(C)c3CCC(=O)O)c(CCC(=O)O)c2C)NC1=O,BILIRUBIN,1.2361,0.97632,1.10621,
10447428,COc1ccc(-c2coc3cc(O)cc(O)c3c2=O)cc1,WUADCCWRTIWANL-UHFFFAOYSA-N,284.06847348400004,2.8798000000000012,COc1ccc(-c2coc3cc(O)cc(O)c3c2=O)cc1,BIOCHANIN A,0.97413,1.0685,1.021315,
77843848,COc1ccc(-c2coc3cc(OC(C)=O)cc(OC(C)=O)c3c2=O)cc1,VXOBVHAUXZVHTL-UHFFFAOYSA-N,368.089602852,3.319200000000002,COc1ccc(-c2coc3cc(OC(C)=O)cc(OC(C)=O)c3c2=O)cc1,BIOCHANIN A DIACETATE,1.0027,0.96827,0.985485,
13763391,O=C(O)CCCCC1SCC2NC(=O)NC21,YBJHBAHKTGYVGT-UHFFFAOYSA-N,244.088163372,0.7968000000000001,O=C(O)CCCCC1SCC2NC(=O)NC21,BIOTIN,0.93158,1.1225,1.02704,
27987651,CC(C)=CCC[C@](C)(O)C1CC=C(C)CC1,RGZSQWQPBWRIAQ-LOACHALJSA-N,222.198365452,4.2302000000000035,CC(C)=CCC[C@](C)(O)C1CC=C(C)CC1,BISABOLOL,0.79548,0.81325,0.804365,
68917286,CC(=O)Oc1ccc(C(c2ccc(OC(C)=O)cc2)c2ccccn2)cc1,KHOITXIGCFIULA-UHFFFAOYSA-N,361.13140808800006,4.112400000000003,CC(=O)Oc1ccc(C(c2ccc(OC(C)=O)cc2)c2ccccn2)cc1,BISACODYL,0.81222,0.93313,0.872675,
65437165,O=C1O[Bi](O)Oc2ccccc21,ZREIPSZUJIFJNP-UHFFFAOYSA-K,361.99918234,0.21300000000000008,O=C1O[Bi](O)Oc2ccccc21,BISMUTH SUBSALICYLATE,0.96905,0.94339,0.95622,
65422950,CC(C)(C)CC(C)(C)c1cc(Cc2cc(C(C)(C)CC(C)(C)C)cc(-n3nc4ccccc4n3)c2O)c(O)c(-n2nc3ccccc3n2)c1,FQUNFJULCYSSOP-UHFFFAOYSA-N,658.3995248400001,9.583999999999996,CC(C)(C)CC(C)(C)c1cc(Cc2cc(C(C)(C)CC(C)(C)C)cc(-n3nc4ccccc4n3)c2O)c(O)c(-n2nc3ccccc3n2)c1,BISOCTRIZOLE,0.84804,0.89159,0.869815,
41714074,CC(C)NCC(O)COc1ccc(COCCOC(C)C)cc1.O=C(O)/C=C/C(=O)O,RZPZLFIUFMNCLY-UHFFFAOYSA-N,441.2362670799999,2.077699999999999,CC(C)NCC(O)COc1ccc(COCCOC(C)C)cc1.O=C(O)/C=C/C(=O)O,BISOPROLOL FUMARATE,1.0211,0.96353,0.992315,
62875211,Oc1c(Cl)cc(Cl)cc1Sc1cc(Cl)cc(Cl)c1O,JFIOVJDNOJYLKP-UHFFFAOYSA-N,353.88426115199997,5.862600000000001,Oc1c(Cl)cc(Cl)cc1Sc1cc(Cl)cc(Cl)c1O,BITHIONOL,0.23046,0.25478,0.24262,
22604832,S=C=Nc1ccc(N=C=S)cc1,OMWQUXGVXQELIX-UHFFFAOYSA-N,191.981590128,3.1552000000000007,S=C=Nc1ccc(N=C=S)cc1,BITOSCANATE,0.88289,0.833,0.857945,
10315955,COC(=O)/C=C/C(C)=C/C=C/C(C)=C/C=C/C=C(C)/C=C/C=C(C)/C=C/C(=O)O,RAFGELQLHMBRHD-UHFFFAOYSA-N,394.21440943999994,5.810200000000006,COC(=O)/C=C/C(C)=C/C=C/C(C)=C/C=C/C=C(C)/C=C/C=C(C)/C=C/C(=O)O,BIXIN,0.91547,1.0553,0.985385,
87824117,CC[C@@H]1OC(OC(c2c[nH]cn2)C(NC(=O)c2nc(C(CC(N)=O)NCC(N)C(N)=O)nc(N)c2C)C(=O)NC(C)C(O)C(C)C(=O)NC(C(=O)NCCc2nc(-c3nc(C(=O)NCCCCNC(=N)N)cs3)cs2)C(C)O)[C@@H](O[C@H]2O[C@H](CO)[C@@H](O)[C@H](OC(N)=O)[C@@H]2O)[C@@H](C)[C@@H]1C.O=S(=O)(O)O.O=S(=O)(O)O,MYFKIPTTYRRUOH-AGNCXHMGSA-N,1614.5530971279984,-6.045810000000018,CC[C@@H]1OC(OC(c2c[nH]cn2)C(NC(=O)c2nc(C(CC(N)=O)NCC(N)C(N)=O)nc(N)c2C)C(=O)NC(C)C(O)C(C)C(=O)NC(C(=O)NCCc2nc(-c3nc(C(=O)NCCCCNC(=N)N)cs3)cs2)C(C)O)[C@@H](O[C@H]2O[C@H](CO)[C@@H](O)[C@H](OC(N)=O)[C@@H]2O)[C@@H](C)[C@@H]1C.O=S(=O)(O)O.O=S(=O)(O)O,BLEOMYCIN (bleomycin B2 shown),0.15577,0.17726,0.166515,
10185945,COc1cc2c(cc1O)CC1c3c(cc(O)c(OC)c3-2)CCN1C,LZJRNLRASBVRRX-UHFFFAOYSA-N,327.14705815200006,2.8671000000000015,COc1cc2c(cc1O)CC1c3c(cc(O)c(OC)c3-2)CCN1C,BOLDINE,0.95838,0.92254,0.94046,
43774312,CC1(C)C2CCC1(C)C(O)C2,DTGKSKDOIYIVQL-UHFFFAOYSA-N,154.135765196,2.1935000000000002,CC1(C)C2CCC1(C)C(O)C2,BORNEOL,0.92001,0.84157,0.88079,
63640824,CC(=O)OC1CC2CCC1(C)C2(C)C,KGEKLUUHTZCSIP-UHFFFAOYSA-N,196.14632988,2.7643000000000013,CC(=O)OC1CC2CCC1(C)C2(C)C,BORNYL ACETATE,1.2506,1.0535,1.15205,
85397927,O=C(O)CC[N+](=O)[O-],WBLZUCOIBUDNBV-UHFFFAOYSA-N,119.02185764000001,-0.26219999999999977,O=C(O)CC[N+](=O)[O-],BOVINOCIDIN,0.76826,0.85829,0.813275,
90074927,O=C1C=C2C[C@@]3(O)COc4cc(O)ccc4C3=C2C=C1O,MLWIYODOURBGPI-MRXNPFEDSA-N,284.068473484,1.6239999999999999,O=C1C=C2C[C@@]3(O)COc4cc(O)ccc4C3=C2C=C1O,BRAZILEIN,1.6147,1.7178,1.66625,
89264815,Oc1ccc2c(c1)OCC1(O)Cc3cc(O)c(O)cc3C21,UWHUTZOCTZJUKC-UHFFFAOYSA-N,286.08412354800004,1.6148999999999996,Oc1ccc2c(c1)OCC1(O)Cc3cc(O)c(O)cc3C21,BRAZILIN,1.2576,1.2648,1.2612,
71643669,CC[N+](C)(C)Cc1ccc(Br)cc1.Cc1ccc(S(=O)(=O)[O-])cc1,WGKKOBZFJDFUAX-UHFFFAOYSA-M,413.0660267279999,3.9445200000000034,CC[N+](C)(C)Cc1ccc(Br)cc1.Cc1ccc(S(=O)(=O)[O-])cc1,BRETYLIUM TOSYLATE,1.2906,0.9757,1.13315,
23646946,Brc1c(NC2=NCCN2)ccc2nccnc12,XYLJNLCSTIOKRM-UHFFFAOYSA-N,291.01195742,1.7633999999999999,Brc1c(NC2=NCCN2)ccc2nccnc12,BRIMONIDINE,1.2591,1.0476,1.15335,
31967549,CCNC1CN(CCCOC)S(=O)(=O)c2sc(S(N)(=O)=O)cc21,HCRKCZRJWPKOAR-UHFFFAOYSA-N,383.064333772,0.08690000000000164,CCNC1CN(CCCOC)S(=O)(=O)c2sc(S(N)(=O)=O)cc21,BRINZOLAMIDE,1.336,1.1929,1.26445,
10248737,O=c1[nH]c(=O)n(C2C[C@H](O)[C@@H](CO)O2)cc1/C=C/Br,ODZBBRURCPAEIQ-ZQTLJVIJSA-N,332.00078361600004,-0.45710000000000006,O=c1[nH]c(=O)n(C2C[C@H](O)[C@@H](CO)O2)cc1/C=C/Br,BRIVUDINE,0.94519,1.0397,0.992445,
44999372,CN(Cc1cc(Br)cc(Br)c1N)C1CCCCC1.Cl,UCDKONUHZNTQPY-UHFFFAOYSA-N,409.9760005520001,4.980100000000004,CN(Cc1cc(Br)cc(Br)c1N)C1CCCCC1.Cl,BROMHEXINE HYDROCHLORIDE,1.2735,0.99076,1.13213,
11281903,O=C1c2ccccc2C(=O)C1c1ccc(Br)cc1,NPUZIGSOEWMFKK-UHFFFAOYSA-N,299.978591628,3.611900000000002,O=C1c2ccccc2C(=O)C1c1ccc(Br)cc1,BROMINDIONE,1.1291,1.1416,1.13535,
95284493,CC(C)CC1C(=O)N2CCC[C@H]2C2(O)O[C@](NC(=O)C3C=C4c5cccc6[nH]c(Br)c(c56)C[C@H]4N(C)C3)(C(C)C)C(=O)N12.CS(=O)(=O)O,NOJMTMIRQRDZMT-NBKIJBDLSA-N,749.2093964680003,2.6968000000000005,CC(C)CC1C(=O)N2CCC[C@H]2C2(O)O[C@](NC(=O)C3C=C4c5cccc6[nH]c(Br)c(c56)C[C@H]4N(C)C3)(C(C)C)C(=O)N12.CS(=O)(=O)O,BROMOCRIPTINE MESYLATE,1.0038,1.0849,1.04435,
37321019,CCN(CC)CCNC(=O)c1cc(Br)c(N)cc1OC,GIYAQDDTCWHPPL-UHFFFAOYSA-N,343.089539044,2.1115,CCN(CC)CCNC(=O)c1cc(Br)c(N)cc1OC,BROMOPRIDE,0.97922,1.0808,1.03001,
47967558,O=C(CCCN1CCC(O)(c2ccc(Br)cc2)CC1)c1ccc(F)cc1,RKLNONIVDFXQRX-UHFFFAOYSA-N,419.089619296,4.5347000000000035,O=C(CCCN1CCC(O)(c2ccc(Br)cc2)CC1)c1ccc(F)cc1,BROMPERIDOL,0.75723,0.87962,0.818425,
18435445,CN(C)CCC(c1ccc(Br)cc1)c1ccccn1.O=C(O)/C=C\C(=O)O,SRGKFVAASLQVBO-UHFFFAOYSA-N,434.08411931599994,3.639500000000001,CN(C)CCC(c1ccc(Br)cc1)c1ccccn1.O=C(O)/C=C\C(=O)O,BROMPHENIRAMINE MALEATE,1.1176,1.3303,1.22395,
55625421,O=[N+]([O-])C(Br)(CO)CO,LVDKZNITIUWNER-UHFFFAOYSA-N,198.948019772,-0.6611,O=[N+]([O-])C(Br)(CO)CO,BRONOPOL,0.13534,0.16349,0.149415,
12700973,Cc1ccc2c(Br)cc(Br)c(OC(=O)c3ccccc3)c2n1,IJTPLVAAROHGGB-UHFFFAOYSA-N,418.915652792,5.287420000000003,Cc1ccc2c(Br)cc(Br)c(OC(=O)c3ccccc3)c2n1,BROXALDINE,1.4653,1.3663,1.4158,
77536611,Oc1c(Br)cc(Br)c2cccnc12,ZDASUJMDVPTNTF-UHFFFAOYSA-N,300.87378798000003,3.4654000000000007,Oc1c(Br)cc(Br)c2cccnc12,BROXYQUINOLINE,0.25075,0.3308,0.290775,
11295778,COc1cc2c(cc1OC)[C@@]13CCN4CC5=CCOC6CC(=O)N2C1[C@H]6[C@H]5C[C@H]43,RRKTZKIUPZVBMF-PLNGPGDESA-N,394.189257312,2.1097,COc1cc2c(cc1OC)[C@@]13CCN4CC5=CCOC6CC(=O)N2C1[C@H]6[C@H]5C[C@H]43,BRUCINE,1.0074,0.90616,0.95678,
10012137,CCOc1ccc(NC(=O)CC(C)O)cc1,LIAWQASKBFCRNR-UHFFFAOYSA-N,223.120843404,1.7946999999999997,CCOc1ccc(NC(=O)CC(C)O)cc1,BUCETIN,0.90853,0.86735,0.88794,
67825876,CCCC(=O)Nc1ncnc2c1ncn2C1O[C@@H]2COP(=O)([O-])O[C@H]2[C@H]1OC(=O)CCC.[Na+],KRBZRVBLIUDQNG-DQUNWLBQSA-M,491.1181936059999,-1.9379999999999964,CCCC(=O)Nc1ncnc2c1ncn2C1O[C@@H]2COP(=O)([O-])O[C@H]2[C@H]1OC(=O)CCC.[Na+],BUCLADESINE SODIUM,1.2382,1.1912,1.2147,
17817607,CCCC1O[C@@H]2CC3C4CCC5=CC(=O)C=CC5(C)C4[C@@H](O)CC3(C)[C@]2(C(=O)CO)O1,VOVIALXJUBGFJZ-NECQTEFJSA-N,430.2355388079999,2.7168000000000014,CCCC1O[C@@H]2CC3C4CCC5=CC(=O)C=CC5(C)C4[C@@H](O)CC3(C)[C@]2(C(=O)CO)O1,BUDESONIDE,0.91776,1.1311,1.02443,
46927055,CCCCOc1ccc(CC(=O)NO)cc1,MXJWRABVEGLYDG-UHFFFAOYSA-N,223.120843404,1.9134,CCCCOc1ccc(CC(=O)NO)cc1,BUFEXAMAC,1.0867,1.0975,1.0921,
56382827,COc1cc(OC)c(C(=O)CCCN2CCCC2)c(OC)c1.Cl,ZDPACSAHMZADFZ-UHFFFAOYSA-N,343.15503599199997,3.192900000000002,COc1cc(OC)c(C(=O)CCCN2CCCC2)c(OC)c1.Cl,BUFLOMEDIL HYDROCHLORIDE,0.93118,0.98309,0.957135,
99623470,CCCCNc1cc(C(=O)O)cc(S(N)(=O)=O)c1Oc1ccccc1,MAEIEVLCKWDQJH-UHFFFAOYSA-N,364.10929274,3.036500000000001,CCCCNc1cc(C(=O)O)cc(S(N)(=O)=O)c1Oc1ccccc1,BUMETANIDE,0.96338,0.98088,0.97213,
81566695,CCCCN1CCCCC1C(=O)Nc1c(C)cccc1C.Cl,SIEYLFHKZGLBNX-UHFFFAOYSA-N,324.196841228,4.3183400000000045,CCCCN1CCCCC1C(=O)Nc1c(C)cccc1C.Cl,BUPIVACAINE HYDROCHLORIDE,1.2461,1.0133,1.1297,
89706481,CC(NC(C)(C)C)C(=O)c1cccc(Cl)c1.Cl,HEYVINCGKDONRU-UHFFFAOYSA-N,275.084369588,3.721100000000003,CC(NC(C)(C)C)C(=O)c1cccc(Cl)c1.Cl,BUPROPION,1.1293,0.9603,1.0448,
83412069,O=C(NCc1ccccc1)OCCO,YFLRYAVDPKONNX-UHFFFAOYSA-N,195.089543276,0.9051,O=C(NCc1ccccc1)OCCO,BURAMATE,0.90387,0.89608,0.899975,
44266203,Cl.O=C1CC2(CCCC2)CC(=O)N1CCCCN1CCN(c2ncccn2)CC1,RICLFGYGYQXUFH-UHFFFAOYSA-N,421.22445294400006,2.5100000000000007,Cl.O=C1CC2(CCCC2)CC(=O)N1CCCCN1CCN(c2ncccn2)CC1,BUSPIRONE HYDROCHLORIDE,0.89131,0.90448,0.897895,
77489252,COC(=O)C[C@H]1C2(C)CC34OC5(C)O[C@@]6([C@H](OC(C)=O)C(OC(C)=O)[C@]7(C)C(/C(=C(/O)C(C)C)C(=O)O[C@H]7c7ccoc7)[C@@]6(O5)[C@H](OC(C)=O)[C@@]3(O)C2OC(=O)C(C)C)[C@]14C,KVAGRMDUXLYLAZ-PENVMUEESA-N,858.3310148880001,3.665600000000003,COC(=O)C[C@H]1C2(C)CC34OC5(C)O[C@]6(C7/C(=C(/O)C(C)C)C(=O)O[C@@H](c8ccoc8)[C@]7(C)C(OC(C)=O)[C@@H](OC(C)=O)[C@]6(O5)[C@]13C)[C@H](OC(C)=O)[C@@]4(O)C2OC(=O)C(C)C,BUSSEIN,1.0318,0.94804,0.98992,
10053671,CS(=O)(=O)OCCCCOS(C)(=O)=O,COVZYZSDYWQREU-UHFFFAOYSA-N,246.023180168,-0.2809999999999997,CS(=O)(=O)OCCCCOS(C)(=O)=O,BUSULFAN,0.9585,1.0443,1.0014,
75997482,CCCCN(CCCC)CCCOC(=O)c1ccc(N)cc1.O=S(=O)(O)O,REAJXHWQEFYUCV-UHFFFAOYSA-N,404.19810774399986,3.0651,CCCCN(CCCC)CCCOC(=O)c1ccc(N)cc1.O=S(=O)(O)O,BUTACAINE SULFATE,0.86546,0.85433,0.859895,
60517684,CCCCOC(=O)c1ccc(N)cc1,IUWVALYLNVXWKX-UHFFFAOYSA-N,193.11027872,2.2257,CCCCOC(=O)c1ccc(N)cc1,BUTAMBEN,0.86499,1.1571,1.011045,
75994645,CN(Cc1ccc(C(C)(C)C)cc1)Cc1cccc2ccccc12.Cl,LJBSAUIFGPSHCN-UHFFFAOYSA-N,353.19102757599995,6.191100000000006,CN(Cc1ccc(C(C)(C)C)cc1)Cc1cccc2ccccc12.Cl,BUTENAFINE HYDROCHLORIDE,0.92333,0.98545,0.95439,
74855011,Clc1ccc(CCC(Cn2ccnc2)Sc2c(Cl)cccc2Cl)cc1,SWLMUYACZKCSHZ-UHFFFAOYSA-N,410.017802584,6.637000000000003,Clc1ccc(CCC(Cn2ccnc2)Sc2c(Cl)cccc2Cl)cc1,BUTOCONAZOLE,1.0659,0.92765,0.996775,
73839634,CCCCOC(=O)C1=CC(=O)CC(C)(C)O1,OKIJSNGRQAOIGZ-UHFFFAOYSA-N,226.120509056,1.9816,CCCCOC(=O)C1=CC(=O)CC(C)(C)O1,BUTOPYRONOXYL,0.76812,0.9557,0.86191,
39098436,CCCCOC(=O)c1ccc(O)cc1,QFOHBWFCKVYLES-UHFFFAOYSA-N,194.094294308,2.349100000000001,CCCCOC(=O)c1ccc(O)cc1,BUTYL PARABEN,0.91997,1.1881,1.054035,
33658934,COc1ccc(O)c(C(C)(C)C)c1,MRBKEAMVRSLQPH-UHFFFAOYSA-N,180.115029752,2.6983000000000006,COc1ccc(O)c(C(C)(C)C)c1,BUTYLATED HYDROXYANISOLE,1.0241,1.1106,1.06735,
70052720,Cc1cc(C(C)(C)C)c(O)c(C(C)(C)C)c1,NLZUEZXRPGMBCV-UHFFFAOYSA-N,220.182715388,4.295620000000004,Cc1cc(C(C)(C)C)c(O)c(C(C)(C)C)c1,BUTYLATED HYDROXYTOLUENE,1.0654,0.90901,0.987205,
26656584,CO[C@H]1C(=O)[C@@]2(C)C([C@H](OC(=O)c3ccccc3)[C@]3(O)C[C@H](OC(=O)[C@H](O)[C@@H](NC(=O)OC(C)(C)C)c4ccccc4)C(C)=C1C3(C)C)[C@]1(OC(C)=O)CO[C@@H]1C[C@@H]2OC,BMQGVNUXMIRLCK-FREYRPHJSA-N,835.377905504,4.567800000000003,CO[C@H]1C[C@H]2OC[C@@]2(OC(C)=O)C2[C@H](OC(=O)c3ccccc3)[C@]3(O)C[C@H](OC(=O)[C@H](O)[C@@H](NC(=O)OC(C)(C)C)c4ccccc4)C(C)=C([C@@H](OC)C(=O)[C@@]21C)C3(C)C,CABAZITAXEL,1.409,1.4827,1.44585,
10458628,NCCCN.O=C(O)C(O)C(O)C(=O)O,LHAMHOYLSNNJQR-UHFFFAOYSA-N,224.100836232,-2.8286999999999973,NCCCN.O=C(O)C(O)C(O)C(=O)O,CADAVERINE TARTRATE,0.82582,0.95292,0.88937,
10374767,CC1=CC2C(C(C)C)CCC(C)(O)C2CC1,LHYHMMRYTDARSZ-UHFFFAOYSA-N,222.198365452,3.7759000000000027,CC1=CC2C(C(C)C)CCC(C)(O)C2CC1,CADIN-4-EN-10-OL,1.09,1.0239,1.05695,
31963816,O=C(O)/C=C/c1ccc(O)c(O)c1,QAIPRVGONGVQAS-UHFFFAOYSA-N,180.042258736,1.1956,O=C(O)/C=C/c1ccc(O)c(O)c1,CAFFEIC ACID,1.0628,1.035,1.0489,
85860394,Cn1c(=O)c2c(ncn2C)n(C)c1=O,RYYVLZVUVIJVGH-UHFFFAOYSA-N,194.08037556,-1.0293,Cn1c(=O)c2c(ncn2C)n(C)c1=O,CAFFEINE,1.0816,0.79884,0.94022,
38616751,Br.Cn1c(=O)c2c(ncn2C)n(C)c1=O,XXSSHQCOBPQFOL-UHFFFAOYSA-N,274.006537692,-0.4514,Br.Cn1c(=O)c2c(ncn2C)n(C)c1=O,CAFFEINE HYDROBROMIDE,0.82783,0.89729,0.86256,
11323708,Cl[Ca]Cl,UXVMQQNJUSDDNG-UHFFFAOYSA-L,109.90029634,0.9982,Cl[Ca]Cl,CALCIUM CHLORIDE,1.1907,1.128,1.15935,
73854116,O=C([O-])C(O)[C@H](O)[C@H](O)[C@H](O)[C@H](O)CO.O=C([O-])C(O)[C@H](O)[C@H](O)[C@H](O)[C@H](O)CO.[Ca+2],FATUQANACHZLRT-AAONGDSNSA-L,490.0846757319998,-11.314600000000006,O=C([O-])C(O)[C@H](O)[C@H](O)[C@H](O)[C@H](O)CO.O=C([O-])C(O)[C@H](O)[C@H](O)[C@H](O)[C@H](O)CO.[Ca+2],CALCIUM GLUCEPTATE,1.256,1.2474,1.2517,
62437373,CC1(C)[C@@H]2CC[C@]1(C)C(=O)C2,DSSYKIVIOFKYAU-GMSGAONNSA-N,152.120115132,2.401700000000001,CC1(C)[C@@H]2CC[C@]1(C)C(=O)C2,CAMPHOR,0.92932,0.97451,0.951915,
93890043,CC[C@@]1(O)C(=O)OCc2c1cc1n(c2=O)Cc2cc3ccccc3nc2-1,VSJKWCGYPAHWDS-FQEVSTJZSA-N,348.111006992,2.0796,CC[C@@]1(O)C(=O)OCc2c1cc1n(c2=O)Cc2cc3ccccc3nc2-1,CAMPTOTHECIN,1.0445,0.94183,0.993165,
23511589,CCN(CC)CCNC(C(=O)OCCC(C)C)c1ccccc1.Cl.Cl,ZHRVNCCPAKIGRH-UHFFFAOYSA-N,392.199733688,4.092000000000004,CCN(CC)CCNC(C(=O)OCCC(C)C)c1ccccc1.Cl.Cl,CAMYLOFINE DIHYDROCHLORIDE,0.99352,1.0787,1.03611,
19582273,Cc1ccc([C@@H]2O[C@H](CO)[C@@H](O)[C@H](O)[C@H]2O)cc1Cc1ccc(-c2ccc(F)cc2)s1,XTNGUQKDFGDXSJ-ZXGKGEBGSA-N,444.1406731200001,2.968320000000001,Cc1ccc([C@@H]2O[C@H](CO)[C@@H](O)[C@H](O)[C@H]2O)cc1Cc1ccc(-c2ccc(F)cc2)s1,CANAGLIFLOZIN,0.94805,0.74061,0.84433,
31547746,N=C(N)NOCC[C@H](N)C(=O)O,FSBIGDSBMBYOPN-VKHMYHEASA-N,176.090940244,-1.7969299999999988,N=C(N)NOCC[C@H](N)C(=O)O,CANAVANINE,0.88045,0.84663,0.86354,
82811713,CCOc1nc2cccc(C(=O)O)c2n1Cc1ccc(-c2ccccc2-c2nnn[nH]2)cc1,HTQMVQVXFRQIKW-UHFFFAOYSA-N,440.15968850000013,4.028600000000002,CCOc1nc2cccc(C(=O)O)c2n1Cc1ccc(-c2ccccc2-c2nnn[nH]2)cc1,CANDESARTAN,0.92712,0.80853,0.867825,
32439929,CCOc1nc2cccc(C(=O)OC(C)OC(=O)OC3CCCCC3)c2n1Cc1ccc(-c2ccccc2-c2nnn[nH]2)cc1,GHOSNRCGJFBJIB-UHFFFAOYSA-N,610.253982808,6.319100000000007,CCOc1nc2cccc(C(=O)OC(C)OC(=O)OC3CCCCC3)c2n1Cc1ccc(-c2ccccc2-c2nnn[nH]2)cc1,CANDESARTAN CILEXTIL,0.96146,0.93853,0.949995,
11167908,CC1/C=C/C=C/C=C/C=C/C=C/C=C/C=C/C(OC2O[C@H](C)[C@@H](O)[C@H](N)[C@@H]2O)CC(O)C(C(=O)O)C(O)CC(=O)CC(O)CC(O)CC(O)CC(=O)CCCC(=O)CC(=O)OC1C(C)CC(C)C(O)CC(=O)c1ccc(N)cc1,OPGSFDUODIJJGF-IBQISEJLSA-N,1108.5719138480001,3.6124000000000045,CC1/C=C/C=C/C=C/C=C/C=C/C=C/C=C/C(OC2O[C@H](C)[C@@H](O)[C@H](N)[C@@H]2O)CC(O)C(C(=O)O)C(O)CC(=O)CC(O)CC(O)CC(O)CC(=O)CCCC(=O)CC(=O)OC1C(C)CC(C)C(O)CC(=O)c1ccc(N)cc1,CANDICIDIN,1.132,1.1188,1.1254,
46012330,C[C@]12CCC(=O)C=C1C=CC1C2CC[C@@]2(C)C1CC[C@@]2(O)CCC(=O)[O-].[K+],JTZQCHFUGHIPDF-KDWQWJJSSA-M,396.17029108799994,-0.44049999999999767,C[C@]12CCC3C(C=CC4=CC(=O)CC[C@@]43C)C1CC[C@@]2(O)CCC(=O)[O-].[K+],"CANRENOIC ACID, POTASSIUM SALT",0.96329,0.90483,0.93406,
88819441,C[C@]12CCC(=O)C=C1C=CC1C2CC[C@@]2(C)C1CC[C@@]21CCC(=O)O1,UJVLDDZCTMKXJK-GMTJQTPWSA-N,340.20384475599997,4.370100000000003,C[C@]12CCC3C(C=CC4=CC(=O)CC[C@@]43C)C1CC[C@@]21CCC(=O)O1,CANRENONE,1.0086,1.0014,1.005,
66174478,C[C@@]12C(=O)OC(=O)[C@]1(C)C1CCC2O1,DHZBEENLJMYSHQ-OBDNUKKESA-N,196.073558864,0.6436,C[C@]12C(=O)OC(=O)[C@@]1(C)C1CCC2O1,CANTHARIDIN,0.96626,0.8896,0.92793,
11278372,CC1=C(/C=C/C(C)=C/C=C/C(C)=C/C=C/C=C(C)/C=C/C=C(C)/C=C/C2=C(C)C(=O)CCC2(C)C)C(C)(C)CCC1=O,FDSDTBUPSURDBL-UHFFFAOYSA-N,564.3967309039999,10.96379999999999,CC1=C(/C=C/C(C)=C/C=C/C(C)=C/C=C/C=C(C)/C=C/C=C(C)/C=C/C2=C(C)C(=O)CCC2(C)C)C(C)(C)CCC1=O,CANTHAXANTHIN (euglenanone),0.89248,0.91718,0.90483,
64595693,CCCCCOC(=O)Nc1nc(=O)n(C2O[C@H](C)[C@@H](O)[C@H]2O)cc1F,GAGWJHPBXLXJQN-LXGADPQPSA-N,359.149263644,0.7601999999999995,CCCCCOC(=O)Nc1nc(=O)n(C2O[C@H](C)[C@@H](O)[C@H]2O)cc1F,CAPECITABINE,1.0543,1.0987,1.0765,
29020417,CCCCCOC(=O)Nc1nc(=O)n([C@@H]2O[C@H](C)[C@@H](O)[C@H]2O)cc1F,GAGWJHPBXLXJQN-UORFTKCHSA-N,359.149263644,0.7601999999999995,CCCCCOC(=O)Nc1nc(=O)n([C@@H]2O[C@H](C)[C@@H](O)[C@H]2O)cc1F,CAPECITABINE,1.2314,0.92681,1.079105,
63349168,COc1cc(C(=O)NCCCCCC(=O)O)cc(OC)c1OC,MPTXLVRHYGBOQY-UHFFFAOYSA-N,325.152537456,2.0872,COc1cc(C(=O)NCCCCCC(=O)O)cc(OC)c1OC,CAPOBENIC ACID,0.98519,1.2497,1.117445,
95822662,N=C1NCCC(C2NC(=O)/C(=C\NC(N)=O)NC(=O)C(CNC(=O)CC(N)CCCN)NC(=O)C(CO)NC(=O)C(N)CNC2=O)N1.O=S(=O)(O)O,AJQVUIHGEOLMDY-UHFFFAOYSA-N,766.3140339120002,-8.677930000000016,N=C1NCCC(C2NC(=O)/C(=C\NC(N)=O)NC(=O)C(CNC(=O)CC(N)CCCN)NC(=O)C(CO)NC(=O)C(N)CNC2=O)N1.O=S(=O)(O)O,CAPREOMYCIN SULFATE [4mM],0.91667,0.84351,0.88009,
37858855,CCCCCCCC(=O)OCC(COC(=O)CCCCCCC)OC(=O)CCCCCCC,VLPFTAMPNXLGLX-UHFFFAOYSA-N,470.36073931999994,7.066100000000009,CCCCCCCC(=O)OCC(COC(=O)CCCCCCC)OC(=O)CCCCCCC,CAPRYILIDENE,1.1145,1.4634,1.28895,
11019870,COc1cc(CNC(=O)CCCC/C=C/C(C)C)ccc1O,YKPUWZUDDOIDPM-UHFFFAOYSA-N,305.199093724,3.789600000000003,COc1cc(CNC(=O)CCCC/C=C/C(C)C)ccc1O,CAPSAICIN,0.75566,0.70921,0.732435,
16205550,CC1=C(/C=C/C(C)=C/C=C/C(C)=C/C=C/C=C(C)/C=C/C=C(C)/C=C/C(=O)[C@]2(C)C[C@@H](O)CC2(C)C)C(C)(C)C[C@H](O)C1,VYIRVAXUEZSDNC-YXQOSMAKSA-N,584.422945652,9.806299999999997,CC1=C(/C=C/C(C)=C/C=C/C(C)=C/C=C/C=C(C)/C=C/C=C(C)/C=C/C(=O)[C@]2(C)C[C@@H](O)CC2(C)C)C(C)(C)C[C@H](O)C1,CAPSANTHIN,1.0628,1.052,1.0574,
65404722,CN(C)CCS,DENMGZODXQRYAR-UHFFFAOYSA-N,105.06122035199999,0.47779999999999995,CN(C)CCS,CAPTAMINE,0.911,0.96468,0.93784,
40191677,COC(=O)C[C@H]1C(C)(C)C(=O)[C@@H]2CC3C4=CC(=O)O[C@@H](c5ccoc5)[C@]4(C)CCC3[C@@]1(C)C2=O,SWTDXMBCOHIACK-HJFYQMTDSA-N,468.214803364,4.2199000000000035,COC(=O)C[C@H]1C(C)(C)C(=O)[C@@H]2CC3C4=CC(=O)O[C@@H](c5ccoc5)[C@]4(C)CCC3[C@@]1(C)C2=O,CARAPIN,0.98655,0.99687,0.99171,
42290234,COC(=O)C[C@H]1C(C)(C)C(=O)[C@@H]2CC3=C(CC[C@]4(C)C3=CC(=O)O[C@H]4c3ccoc3)[C@@]1(C)C2=O,XLRKFSDSKCYZBE-KPNJIROHSA-N,466.19915329999986,4.284100000000004,COC(=O)C[C@H]1C(C)(C)C(=O)[C@@H]2CC3=C(CC[C@]4(C)C3=CC(=O)O[C@H]4c3ccoc3)[C@@]1(C)C2=O,CARAPIN-8(9)-ENE,0.96496,0.97908,0.97202,
10283535,CC(C)NCC(O)COc1cccc2[nH]c3ccccc3c12,BQXQGZPYHWWCEB-UHFFFAOYSA-N,298.168127944,3.0588000000000006,CC(C)NCC(O)COc1cccc2[nH]c3ccccc3c12,CARAZOLOL,0.90361,0.94187,0.92274,
72582135,C[N+](C)(C)CCOC(N)=O.[Cl-],AIXAANGOTKPUOY-UHFFFAOYSA-N,182.0822054,-3.2080999999999973,C[N+](C)(C)CCOC(N)=O.[Cl-],CARBACHOL,1.1699,1.0597,1.1148,
30127623,NC(=O)N1c2ccccc2C=Cc2ccccc21,FFGPTBGBLSHEPO-UHFFFAOYSA-N,236.094963004,3.3872000000000018,NC(=O)N1c2ccccc2C=Cc2ccccc21,CARBAMAZEPINE,0.93643,0.7818,0.859115,
96570023,CNC(=O)Oc1cccc2ccccc12,CVXBEEMKQHEXEN-UHFFFAOYSA-N,201.078978592,2.5580000000000007,CNC(=O)Oc1cccc2ccccc12,CARBARIL,1.0134,0.88471,0.949055,
70039863,NC(=O)Nc1ccc([As](=O)(O)O)cc1,WWXBHTZSYYGCSG-UHFFFAOYSA-N,259.977828268,-1.2617999999999998,NC(=O)Nc1ccc([As](=O)(O)O)cc1,CARBARSONE,1.2569,0.86727,1.062085,
28514357,CN1CC(O)C2=C/C(=N/NC(N)=O)C(=O)C=C21,XSXCZNVKFKNLPR-UHFFFAOYSA-N,236.090940244,-1.2899999999999994,CN1CC(O)C2=C/C(=N/NC(N)=O)C(=O)C=C21,CARBAZOCHROME,0.99127,0.99891,0.99509,
68060924,CC1(C)S[C@@H]2[C@H](NC(=O)C(C(=O)[O-])c3ccccc3)C(=O)N2[C@H]1C(=O)[O-].[Na+].[Na+],RTYJTGSCYUUYAL-YCAHSCEMSA-L,422.052445792,-8.17490000000001,CC1(C)S[C@@H]2[C@H](NC(=O)C(C(=O)[O-])c3ccccc3)C(=O)N2[C@H]1C(=O)[O-].[Na+].[Na+],CARBENICILLIN DISODIUM,1.0513,0.93353,0.992415,
95124454,CC1(C)C2CC[C@]3(C)C(C(=O)C=C4[C@@H]5C[C@@](C)(C(=O)[O-])CC[C@]5(C)CC[C@]43C)[C@@]2(C)CC[C@@H]1OC(=O)CCC(=O)[O-].[Na+].[Na+],BQENDLAVTKRQMS-JDUWAFRZSA-L,614.319542436,-1.8330999999999897,CC1(C)C2CC[C@]3(C)C(C(=O)C=C4[C@@H]5C[C@@](C)(C(=O)[O-])CC[C@]5(C)CC[C@]43C)[C@@]2(C)CC[C@@H]1OC(=O)CCC(=O)[O-].[Na+].[Na+],CARBENOXOLONE SODIUM,0.94714,0.94658,0.94686,
42969984,CCN(CC)CCOCCOC(=O)C1(c2ccccc2)CCCC1.O=C(O)CC(O)(CC(=O)O)C(=O)O,AKJDEXBCRLOVTH-UHFFFAOYSA-N,525.2573964479998,2.1515000000000004,CCN(CC)CCOCCOC(=O)C1(c2ccccc2)CCCC1.O=C(O)CC(O)(CC(=O)O)C(=O)O,CARBETAPENTANE CITRATE,1.0187,1.1038,1.06125,
38261868,C[C@@](Cc1ccc(O)c(O)c1)(NN)C(=O)O,TZFNLOMSOLWIDK-JTQLQIEISA-N,226.095356928,-0.05310000000000015,C[C@@](Cc1ccc(O)c(O)c1)(NN)C(=O)O,CARBIDOPA,1.0171,1.1452,1.08115,
25890910,CCOC(=O)n1ccn(C)c1=S,CFOYWRHIYXMDOT-UHFFFAOYSA-N,186.04629856,1.56069,CCOC(=O)n1ccn(C)c1=S,CARBIMAZOLE,1.1781,1.0718,1.12495,
29772029,CN(C)CCOC(c1ccc(Cl)cc1)c1ccccn1.O=C(O)/C=C\C(=O)O,GVNWHCVWDRNXAZ-UHFFFAOYSA-N,406.12954951599994,3.1144000000000007,CN(C)CCOC(c1ccc(Cl)cc1)c1ccccn1.O=C(O)/C=C\C(=O)O,CARBINOXAMINE MALEATE,0.84851,0.85036,0.849435,
11327263,N.N.O=C1O[Pt]OC(=O)C12CCC2,OLESAACUTLOWQZ-UHFFFAOYSA-L,371.04449796399996,0.4931999999999995,N.N.O=C1O[Pt]OC(=O)C12CCC2,CARBOPLATIN,0.80548,0.79884,0.80216,
62782274,NC(=O)N[C@@H](CCC(=O)O)C(=O)O,LCQLHJZYVOQKHU-VKHMYHEASA-N,190.05897142,-1.0273000000000003,NC(=O)N[C@@H](CCC(=O)O)C(=O)O,CARGLUMIC ACID,1.3496,1.3719,1.36075,
75013151,CCCC(C)(COC(N)=O)COC(=O)NC(C)C,OFZCIYFFPZCNJE-UHFFFAOYSA-N,260.173607248,2.0227,CCCC(C)(COC(N)=O)COC(=O)NC(C)C,CARISOPRODOL,1.0988,1.0058,1.0523,
32428129,Cc1c(C(=O)O)c(O)cc2c1C(=O)c1c(O)c(C3O[C@H](CO)[C@@H](O)[C@H](O)[C@H]3O)c(O)c(O)c1C2=O,DGQLVPJVXFOQEV-TXLRMCOBSA-N,492.09039069999983,-1.1940800000000005,Cc1c(C(=O)O)c(O)cc2c1C(=O)c1c(O)c(C3O[C@H](CO)[C@@H](O)[C@H](O)[C@H]3O)c(O)c(O)c1C2=O,CARMINIC ACID,1.2734,1.2565,1.26495,
56240604,CCCCCCNC(=O)n1cc(F)c(=O)[nH]c1=O,AOCCBINRVIKJHY-UHFFFAOYSA-N,257.117569592,0.8136999999999999,CCCCCCNC(=O)n1cc(F)c(=O)[nH]c1=O,CARMOFUR,0.72801,0.75612,0.742065,
48655106,O=NN(CCCl)C(=O)NCCCl,DLGOEMSEDOSKAD-UHFFFAOYSA-N,213.007181888,1.157,O=NN(CCCl)C(=O)NCCCl,CARMUSTINE,0.84666,1.1936,1.02013,
44267275,C[N+](C)(C)CC(O)CC(=O)O.[Cl-],JXXCENBLGFBQJM-UHFFFAOYSA-N,197.081871052,-3.467799999999997,C[N+](C)(C)CC(O)CC(=O)O.[Cl-],CARNITINE (dl) HYDROCHLORIDE,0.97228,0.89994,0.93611,
11258289,CC(C)c1cc2c(c(O)c1O)[C@@]1(C(=O)O)CCCC(C)(C)C1CC2,QRYRORQUOLYVBU-YBMSBYLISA-N,332.198759376,4.316100000000004,CC(C)c1cc2c(c(O)c1O)[C@@]1(C(=O)O)CCCC(C)(C)C1CC2,CARNOSIC ACID,0.99725,0.99606,0.996655,
46527451,NCCC(=O)N[C@@H](Cc1c[nH]cn1)C(=O)O,CQOVPNPJLQNMDC-ZETCQYMHSA-N,226.106590308,-1.1295999999999988,NCCC(=O)N[C@@H](Cc1c[nH]cn1)C(=O)O,CARNOSINE,1.0004,1.1035,1.05195,
19604530,CC(C(=O)O)c1ccc2c(c1)[nH]c1ccc(Cl)cc12,PUXBGTOOZJQSKH-UHFFFAOYSA-N,273.05565630399997,4.162600000000002,CC(C(=O)O)c1ccc2c(c1)[nH]c1ccc(Cl)cc12,CARPROFEN,0.90641,0.93853,0.92247,
11462989,O=c1[nH]c(=O)c2ccccc2o1,OAYRYNVEFFWSHK-UHFFFAOYSA-N,163.02694302,0.4813000000000001,O=c1[nH]c(=O)c2ccccc2o1,CARSALAM,0.8551,0.81541,0.835255,
15398558,COc1ccccc1OCCNCC(O)COc1cccc2[nH]c3ccccc3c12,OGHNVEJMJSYVRP-UHFFFAOYSA-N,406.189257312,3.738000000000002,COc1ccccc1OCCNCC(O)COc1cccc2[nH]c3ccccc3c12,CARVEDILOL,0.78992,0.87867,0.834295,
47323652,COc1ccccc1OCCNCC(O)COc1cccc2[nH]c3ccccc3c12.O=P(O)(O)O,XCPXNPBILMXKNX-UHFFFAOYSA-N,504.16615251799993,2.8094000000000015,COc1ccccc1OCCNCC(O)COc1cccc2[nH]c3ccccc3c12.O=P(O)(O)O,CARVEDILOL PHOSPHATE,1.6446,0.92293,1.283765,
68460546,C=C1C/C=C(\C)CC[C@@H]2[C@@H]1CC2(C)C,INOSMXBKABLUIL-CHWSQXEVSA-N,190.172150704,4.335100000000003,C=C1C/C=C(\C)CC[C@@H]2[C@@H]1CC2(C)C,CARYOPHYLLENE [t(-)],1.2328,1.0375,1.13515,
35888936,NS(=O)(=O)c1ccc(C(=O)O)cc1,UCAGLBKTLXCODC-UHFFFAOYSA-N,201.009578704,0.03219999999999995,NS(=O)(=O)c1ccc(C(=O)O)cc1,CARZENIDE,0.94107,0.95648,0.948775,
24604858,O=C1c2c(O)cc(CO)cc2[C@H](O[C@@H]2O[C@H](CO)[C@@H](O)[C@H](O)[C@H]2O)c2cccc(O[C@@H]3O[C@H](CO)[C@@H](O)[C@H](O)[C@H]3O)c21,ROODSNXIUAPCQO-SSLVZKOYSA-N,596.1741203239999,-3.486499999999999,O=C1c2c(O)cc(CO)cc2[C@H](O[C@@H]2O[C@H](CO)[C@@H](O)[C@H](O)[C@H]2O)c2cccc(O[C@@H]3O[C@H](CO)[C@@H](O)[C@H](O)[C@H]3O)c21,CASANTHRANOL [cascaroside A shown],0.96101,0.89901,0.93001,
97962227,COc1cccc(C(=O)c2ccccc2)c1,VMFJVWPCRCAWBS-UHFFFAOYSA-N,212.083729624,2.9262000000000015,COc1cccc(C(=O)c2ccccc2)c1,CEAROIN 3-METHYL ETHER,1.0123,0.98144,0.99687,
94414319,CC1(C)C(=O)C=C[C@@]2(C)C1=C(O)C(=O)[C@]1(C)C2CC[C@@]2(C)[C@H](c3ccoc3)C[C@H]3O[C@]321,OQMUOVSEPOBWMK-FDGFJIMDSA-N,422.2093240599999,4.893300000000004,CC1(C)C(=O)C=C[C@@]2(C)C1=C(O)C(=O)[C@]1(C)C2CC[C@@]2(C)[C@H](c3ccoc3)C[C@H]3O[C@]321,CEDRELONE,1.2214,1.3211,1.27125,
11281507,C[C@@H]1CC[C@H]2C(C)(C)C3CC12CC[C@@]3(C)O,SVURIXNDRWRAFU-WGNAFFPOSA-N,222.198365452,3.609800000000003,C[C@@H]1CC[C@H]2C(C)(C)C3CC21CC[C@@]3(C)O,CEDROL,1.0597,0.96857,1.014135,
58036391,N[C@@H](C(=O)N[C@@H]1C(=O)N2C(C(=O)O)=C(Cl)CS[C@H]12)c1ccccc1,QYIYFLOTGYLRGG-GPCCPHFNSA-N,367.039354608,0.6213000000000004,N[C@@H](C(=O)N[C@@H]1C(=O)N2C(C(=O)O)=C(Cl)CS[C@H]12)c1ccccc1,CEFACLOR,0.15486,0.16566,0.16026,
32262830,CC1=C(C(=O)O)N2C(=O)[C@@H](NC(=O)[C@@H](N)c3ccc(O)cc3)[C@H]2SC1,BOEGTKLJZSQCCD-FIXISWKDSA-N,363.088891644,0.15050000000000108,CC1=C(C(=O)O)N2C(=O)[C@@H](NC(=O)[C@@H](N)c3ccc(O)cc3)[C@H]2SC1,CEFADROXIL,0.98394,1.0804,1.03217,
31066363,NC(=O)c1cc[n+](CC2=C(C(=O)[O-])N3C(=O)[C@@H](NC(=O)Cc4cccs4)[C@H]3SC2)cc1,FMZXNVLFJHCSAF-DNVCBOLYSA-N,458.07186167599997,-1.218899999999995,NC(=O)c1cc[n+](CC2=C(C(=O)[O-])N3C(=O)[C@@H](NC(=O)Cc4cccs4)[C@H]3SC2)cc1,CEFALONIUM,1.2848,0.84064,1.06272,
65341452,Cn1nnnc1SCC1=C(C(=O)[O-])N2C(=O)C(NC(=O)C(OC=O)c3ccccc3)C2SC1.[Na+],ICZOIXFFVKYXOM-UHFFFAOYSA-M,512.0548685439999,-4.375599999999993,Cn1nnnc1SCC1=C(C(=O)[O-])N2C(=O)C(NC(=O)C(OC=O)c3ccccc3)C2SC1.[Na+],CEFAMANDOLE NAFATE,0.85405,0.94339,0.89872,
94206297,Cn1nnnc1SCC1=C(C(=O)[O-])N2C(=O)C(NC(=O)C(O)c3ccccc3)C2SC1.[Na+],OJMNTWPPFNMOCJ-UHFFFAOYSA-M,484.059953924,-4.556299999999994,Cn1nnnc1SCC1=C(C(=O)[O-])N2C(=O)C(NC(=O)C(O)c3ccccc3)C2SC1.[Na+],CEFAMANDOLE SODIUM,1.0843,0.92344,1.00387,
22063346,Cc1nnc(SCC2=C(C(=O)[O-])N3C(=O)[C@@H](NC(=O)Cn4cnnn4)[C@H]3SC2)s1.[Na+],FLKYBGKDCCEQQM-WYUVZMMLSA-M,476.0119581760002,-4.966779999999997,Cc1nnc(SCC2=C(C(=O)[O-])N3C(=O)[C@@H](NC(=O)Cn4cnnn4)[C@H]3SC2)s1.[Na+],CEFAZOLIN SODIUM,1.2627,1.1514,1.20705,
86804946,CC/C=C(/C(=O)N[C@@H]1C(=O)N2C(C(=O)OCOC(=O)C(C)(C)C)=C(COC(N)=O)CS[C@H]12)c1csc(N)n1.Cl,ALPFRUJYOAKQQR-KEZWHQCISA-N,603.1224326,1.7797999999999998,CC/C=C(/C(=O)N[C@@H]1C(=O)N2C(C(=O)OCOC(=O)C(C)(C)C)=C(COC(N)=O)CS[C@H]12)c1csc(N)n1.Cl,CEFCAPENE PIVOXIL HYDROCHLORIDE,0.98492,0.8612,0.92306,
97534243,C=CC1=C(C(=O)O)N2C(=O)[C@@H](NC(=O)/C(=N\O)c3csc(N)n3)[C@H]2SC1,RTXOFQZKPXMALH-PRHODGIISA-N,395.0358105160001,-0.17179999999999884,C=CC1=C(C(=O)O)N2C(=O)[C@@H](NC(=O)/C(=N\O)c3csc(N)n3)[C@H]2SC1,CEFDINIR,0.14538,0.15664,0.15101,
26267298,CO/N=C(\C(=O)NC1C(=O)N2C(C(=O)OCOC(=O)C(C)(C)C)=C(/C=C\c3scnc3C)CSC12)c1csc(N)n1,AFZFFLVORLEPPO-UHFFFAOYSA-N,620.118160236,2.2981199999999986,CO/N=C(\C(=O)NC1C(=O)N2C(C(=O)OCOC(=O)C(C)(C)C)=C(/C=C\c3scnc3C)CSC12)c1csc(N)n1,CEFDITORIN PIVOXIL,0.79184,0.87728,0.83456,
10449735,CO/N=C(/C(=O)NC1C(=O)N2C(C(=O)O)=C(C[N+]3(C)CCCC3)CSC12)c1csc(N)n1.[Cl-],MMRINLZOZVAPDZ-UHFFFAOYSA-N,516.1016375800001,-2.941199999999996,CO/N=C(/C(=O)NC1C(=O)N2C(C(=O)O)=C(C[N+]3(C)CCCC3)CSC12)c1csc(N)n1.[Cl-],CEFEPIME HYDROCHLORIDE,0.15131,0.15305,0.15218,
53558607,C=CC1=C(C(=O)O)N2C(=O)C(NC(=O)/C(=N/OCC(=O)O)c3csc(N)n3)C2SC1,OKBVVJOGVLARMR-UHFFFAOYSA-N,453.04128982000003,-0.5447999999999991,C=CC1=C(C(=O)O)N2C(=O)C(NC(=O)/C(=N/OCC(=O)O)c3csc(N)n3)C2SC1,CEFIXIME,0.90672,0.86224,0.88448,
11356724,CO[C@@]1(NC(=O)CSCC#N)C(=O)N2C(C(=O)[O-])=C(CSc3nnnn3C)CSC21.[Na+],BITQGIOJQWZUPL-LDCKTULKSA-M,493.0272738920001,-5.059019999999996,CO[C@@]1(NC(=O)CSCC#N)C(=O)N2C(C(=O)[O-])=C(CSc3nnnn3C)CSC21.[Na+],CEFMETAZOLE SODIUM,0.94606,0.93182,0.93894,
47988938,O=C([O-])C1=C(CSc2nnnn2CS(=O)(=O)[O-])CS[C@@H]2C(NC(=O)[C@H](O)c3ccccc3)C(=O)N12.[Na+].[Na+],NAXFZVGOZUWLEP-WEUCUGKOSA-L,585.9987130320001,-8.586600000000008,O=C([O-])C1=C(CSc2nnnn2CS(=O)(=O)[O-])CS[C@@H]2C(NC(=O)[C@H](O)c3ccccc3)C(=O)N12.[Na+].[Na+],CEFONICID SODIUM,0.96389,1.1212,1.042545,
25505258,CCN1CCN(C(=O)NC(C(=O)NC2C(=O)N3C(C(=O)O)=C(CSc4nnnn4C)CSC23)c2ccc(O)cc2)C(=O)C1=O,GCFBRXLSHGKWDP-UHFFFAOYSA-N,645.1424008240001,-1.1119999999999965,CCN1CCN(C(=O)NC(C(=O)NC2C(=O)N3C(C(=O)O)=C(CSc4nnnn4C)CSC23)c2ccc(O)cc2)C(=O)C1=O,CEFOPERAZONE,0.15876,0.16913,0.163945,
95241970,NCc1ccccc1CC(=O)NC1C(=O)N2C(C(=O)O)=C(CSc3nnnn3CC(=O)O)CSC12,SLAYUXIURFNXPG-UHFFFAOYSA-N,519.099473392,-0.7101999999999984,NCc1ccccc1CC(=O)NC1C(=O)N2C(C(=O)O)=C(CSc3nnnn3CC(=O)O)CSC12,CEFORANIDE,1.2601,1.2152,1.23765,
81892071,CO/N=C(/C(=O)N[C@@H]1C(=O)N2C(C(=O)[O-])=C(COC(C)=O)CS[C@H]12)c1csc(N)n1.[Na+],AZZMGZXNTDTSME-BWTUWSSMSA-M,477.0388841320001,-4.953199999999996,CO/N=C(/C(=O)N[C@@H]1C(=O)N2C(C(=O)[O-])=C(COC(C)=O)CS[C@H]12)c1csc(N)n1.[Na+],CEFOTAXIME SODIUM,0.15414,0.16837,0.161255,
57414871,CO[C@@]1(NC(=O)C2SC(=C(C(N)=O)C(=O)O)S2)C(=O)N2C(C(=O)O)=C(CSc3nnnn3C)CSC21,SRZNHPXWXCNNDU-PGEKIEPBSA-N,575.0021445040002,-1.3974999999999984,CO[C@@]1(NC(=O)C2SC(=C(C(N)=O)C(=O)O)S2)C(=O)N2C(C(=O)O)=C(CSc3nnnn3C)CSC21,CEFOTETAN,0.3002,0.33029,0.315245,
73523345,CO[C@@]1(NC(=O)Cc2cccs2)C(=O)N2C(C(=O)[O-])=C(COC(N)=O)CS[C@@H]21.[Na+],GNWUOVJNSFPWDD-XMZRARIVSA-M,449.032736132,-4.232099999999998,CO[C@@]1(NC(=O)Cc2cccs2)C(=O)N2C(C(=O)[O-])=C(COC(N)=O)CS[C@@H]21.[Na+],CEFOXITIN SODIUM,0.93271,0.80617,0.86944,
98349951,Cc1cc(O)c(C(=O)N[C@@H](C(=O)N[C@@H]2C(=O)N3C(C(=O)O)=C(CSc4nnnn4C)CSC23)c2ccc(O)cc2)cn1,PWAUCHMQEXVFJR-JGUPTHKFSA-N,612.1209371080001,0.3267200000000013,Cc1cc(O)c(C(=O)N[C@@H](C(=O)N[C@@H]2C(=O)N3C(C(=O)O)=C(CSc4nnnn4C)CSC23)c2ccc(O)cc2)cn1,CEFPIRAMIDE,0.13069,0.14054,0.135615,
92233187,COCC1=C(C(=O)OC(C)OC(=O)OC(C)C)N2C(=O)[C@@H](NC(=O)/C(=N/OC)c3csc(N)n3)[C@H]2SC1,LTINZAODLRIQIX-OBEQYXGQSA-N,557.125019444,0.8270000000000015,COCC1=C(C(=O)OC(C)OC(=O)OC(C)C)N2C(=O)[C@@H](NC(=O)/C(=N/OC)c3csc(N)n3)[C@H]2SC1,CEFPODOXIME PROXETIL,1.2054,1.3378,1.2716,
17485515,C/C=C\C1=C(C(=O)O)N2C(=O)C(NC(=O)C(N)c3ccc(O)cc3)C2SC1,WDLWHQDACQUCJR-UHFFFAOYSA-N,389.104541708,0.7067000000000008,C/C=C\C1=C(C(=O)O)N2C(=O)C(NC(=O)C(N)c3ccc(O)cc3)C2SC1,CEFPROZIL,0.92757,1.2307,1.079135,
72570101,NC(=O)c1cc[n+](CC2=C(C(=O)[O-])N3C(=O)C(NC(=O)C(c4ccccc4)S(=O)(=O)[O-])C3SC2)cc1.[Na+],REACMANCWHKJSM-UHFFFAOYSA-M,554.0541998479999,-5.232599999999993,NC(=O)c1cc[n+](CC2=C(C(=O)[O-])N3C(=O)C(NC(=O)C(c4ccccc4)S(=O)(=O)[O-])C3SC2)cc1.[Na+],CEFSULODIN SODIUM,0.86604,0.94053,0.903285,
10066704,CC(C)(O/N=C(\C(=O)N[C@@H]1C(=O)N2C(C(=O)[O-])=C(C[n+]3ccccc3)CSC12)c1csc(N)n1)C(=O)O,ORFOPKXBNMVMKC-IKJXHCRLSA-N,546.0991390440001,-1.2991999999999946,CC(C)(O/N=C(\C(=O)N[C@@H]1C(=O)N2C(C(=O)[O-])=C(C[n+]3ccccc3)CSC12)c1csc(N)n1)C(=O)O,CEFTAZIDIME,0.83793,1.0362,0.937065,
51568091,O=C(Cn1cnnn1)N[C@@H]1C(=O)N2C(C(=O)O)=C(CSc3nncs3)CS[C@H]12,DZMVCVMFETWNIU-LDYMZIIASA-N,440.0143638640001,-0.9444999999999995,O=C(Cn1cnnn1)N[C@@H]1C(=O)N2C(C(=O)O)=C(CSc3nncs3)CS[C@H]12,CEFTEZOLE,0.67341,0.67087,0.67214,
47717017,Nc1nc(/C(=C/CC(=O)O)C(=O)N[C@@H]2C(=O)N3C(C(=O)O)=CCS[C@H]23)cs1,UNJFKXSSGBWRBZ-ZWNOBZJWSA-N,410.035476168,-0.0481999999999998,Nc1nc(/C(=C/CC(=O)O)C(=O)N[C@@H]2C(=O)N3C(C(=O)O)=CCS[C@H]23)cs1,CEFTIBUTEN,0.14087,0.1518,0.146335,
30217681,CO/N=C(/C(=O)N[C@@H]1C(=O)N2C(C(=O)O)=C(CSC(=O)c3ccco3)CS[C@H]12)c1csc(N)n1.Cl,KEQFDTJEEQKVLM-VQZRABBESA-N,559.005688596,1.4027999999999996,CO/N=C(/C(=O)N[C@@H]1C(=O)N2C(C(=O)O)=C(CSC(=O)c3ccco3)CS[C@H]12)c1csc(N)n1.Cl,CEFTIOFUR HYDROCHLORIDE,0.13999,0.15382,0.146905,
11551482,CO/N=C(/C(=O)N[C@@H]1C(=O)N2C(C(=O)[O-])=C(CSc3nc(=O)c([O-])nn3C)CS[C@H]12)c1csc(N)n1.O.O.O.[Na+].[Na+],XMCDZRXQAGFWAK-JDZBAYAFSA-L,652.0416404640004,-11.631800000000005,CO/N=C(/C(=O)N[C@@H]1C(=O)N2C(C(=O)[O-])=C(CSc3nc(=O)c([O-])nn3C)CS[C@H]12)c1csc(N)n1.O.O.O.[Na+].[Na+],CEFTRIAXONE SODIUM TRIHYDRATE,0.78084,0.75648,0.76866,
89802333,CO/N=C(/C(=O)NC1C(=O)N2C(C(=O)OC(C)OC(C)=O)=C(COC(N)=O)CSC12)c1ccco1,KEJCWVGMRLCZQQ-UHFFFAOYSA-N,510.1056639039999,-0.16829999999999856,CO/N=C(/C(=O)NC1C(=O)N2C(C(=O)OC(C)OC(C)=O)=C(COC(N)=O)CSC12)c1ccco1,CEFUROXIME AXETIL,0.99738,0.99658,0.99698,
87321960,CO/N=C(/C(=O)NC1C(=O)N2C(C(=O)[O-])=C(COC(N)=O)CSC12)c1ccco1.[Na+],URDOHUPGIOGTKV-UHFFFAOYSA-M,446.0508287200001,-4.866699999999996,CO/N=C(/C(=O)NC1C(=O)N2C(C(=O)[O-])=C(COC(N)=O)CSC12)c1ccco1.[Na+],CEFUROXIME SODIUM,0.15335,0.24133,0.19734,
78009374,CC1=C(O)C(=O)C=C2C1=CC=C1[C@@]2(C)CC[C@@]2(C)[C@@H]3C[C@](C)(C(=O)O)CC[C@]3(C)CC[C@]12C,KQJSQWZMSAGSHN-JJWQIEBTSA-N,450.27700969599994,6.697700000000006,CC1=C(O)C(=O)C=C2C1=CC=C1[C@@]3(C)CC[C@@]4(C)CC[C@@](C)(C(=O)O)C[C@H]4[C@]3(C)CC[C@@]21C,CELASTROL,1.016,0.72268,0.86934,
13856050,Cc1ccc(-c2cc(C(F)(F)F)nn2-c2ccc(S(N)(=O)=O)cc2)cc1,RZEKVGVHFLEQIL-UHFFFAOYSA-N,381.07588234799994,3.5139200000000006,Cc1ccc(-c2cc(C(F)(F)F)nn2-c2ccc(S(N)(=O)=O)cc2)cc1,CELECOXIB,0.76777,1.0034,0.885585,
31484248,OC[C@H]1O[C@@H](O[C@H]2[C@H](O)[C@@H](O)[C@@H](O)O[C@@H]2CO)[C@H](O)[C@@H](O)[C@@H]1O,GUBGYTABKSRVRQ-MFRLZQSSSA-N,342.11621152399994,-5.397199999999993,OC[C@H]1O[C@@H](O[C@@H]2[C@@H](CO)O[C@H](O)[C@H](O)[C@H]2O)[C@H](O)[C@@H](O)[C@@H]1O,CELLOBIOSE (D[+]),1.1455,0.88544,1.01547,
31188958,CC1=C(C(=O)O)N2C(=O)[C@@H](NC(=O)C(N)c3ccccc3)[C@H]2SC1,ZAIPMKNFIOOWCQ-HUFXEGEASA-N,347.0939770240001,0.4449000000000012,CC1=C(C(=O)O)N2C(=O)[C@@H](NC(=O)C(N)c3ccccc3)[C@H]2SC1,CEPHALEXIN,0.86668,0.92065,0.893665,
41694269,CC(=O)OCC1=C(C(=O)[O-])N2C(=O)[C@@H](NC(=O)CCCC(N)C(=O)[O-])C2SC1.[Zn+2],TVMXJQZBKOMFQK-XLCFFBBVSA-L,477.018427768,-3.801599999999995,CC(=O)OCC1=C(C(=O)[O-])N2C(=O)[C@@H](NC(=O)CCCC(N)C(=O)[O-])C2SC1.[Zn+2],CEPHALOSPORIN C Zn,1.0145,0.78811,0.901305,
98153371,CC(=O)OCC1=C(C(=O)[O-])N2C(=O)[C@@H](NC(=O)Cc3cccs3)[C@H]2SC1.[Na+],VUFGUVLLDPOSBC-XRZFDKQNSA-M,418.02692248000005,-3.738399999999995,CC(=O)OCC1=C(C(=O)[O-])N2C(=O)[C@@H](NC(=O)Cc3cccs3)[C@H]2SC1.[Na+],CEPHALOTHIN SODIUM,0.9252,0.98316,0.95418,
18478709,CC(=O)OCC1=C(C(=O)[O-])N2C(=O)[C@@H](NC(=O)CSc3ccncc3)[C@H]2SC1.[Na+],VGEOUKPOQQEQSX-OALZAMAHSA-M,445.037821512,-3.8552999999999953,CC(=O)OCC1=C(C(=O)[O-])N2C(=O)[C@@H](NC(=O)CSc3ccncc3)[C@H]2SC1.[Na+],CEPHAPIRIN SODIUM,0.92296,0.86781,0.895385,
79996394,COc1ccc2cc1Oc1ccc(cc1)C[C@H]1c3c(cc4c(c3Oc3cc5c(cc3OC)CCN(C)[C@@H]5C2)OCO4)CCN1C,YVPXVXANRNDGTA-WDYNHAJCSA-N,606.2729869359999,6.873900000000009,COc1ccc2cc1Oc1ccc(cc1)C[C@H]1c3c(cc4c(c3Oc3cc5c(cc3OC)CCN(C)[C@@H]5C2)OCO4)CCN1C,CEPHARANTHINE,0.90456,1.0967,1.00063,
76712333,CC1=C(C(=O)O)N2C(=O)[C@@H](NC(=O)[C@H](N)C3=CCC=CC3)C2SC1,RDLPVSKMFDYCOR-MHSSMOFYSA-N,349.1096270880001,0.34860000000000113,CC1=C(C(=O)O)N2C(=O)[C@@H](NC(=O)[C@H](N)C3=CCC=CC3)C2SC1,CEPHRADINE,0.81783,1.0126,0.915215,
11449807,CCCCCCCCCCCCCCCC[N+](C)(C)Cc1ccccc1.[Cl-],SXPWTBGAZSPLHA-UHFFFAOYSA-M,395.331878152,4.748300000000004,CCCCCCCCCCCCCCCC[N+](C)(C)Cc1ccccc1.[Cl-],CETALKONIUM CHLORIDE,0.29654,0.32504,0.31079,
74287339,CCCCCCCCCCCCCCCCOc1nc2ccc(C)cc2c(=O)o1,MVCQKIKWYUURMU-UHFFFAOYSA-N,401.29299410799996,7.356520000000009,CCCCCCCCCCCCCCCCOc1nc2ccc(C)cc2c(=O)o1,CETILISAT,0.99919,0.91871,0.95895,
86554109,Cl.Cl.O=C(O)COCCN1CCN(C(c2ccccc2)c2ccc(Cl)cc2)CC1,PGLIUCLTXOYQMV-UHFFFAOYSA-N,460.10872576400004,3.991800000000003,Cl.Cl.O=C(O)COCCN1CCN(C(c2ccccc2)c2ccc(Cl)cc2)CC1,CETIRIZINE HYDROCHLORIDE,1.2193,1.6263,1.4228,
10269265,CCCCCCCCCCCCCCCC[N+](C)(C)C.[Br-],LZZYPRNAOMGNLH-UHFFFAOYSA-M,363.250062444,3.177900000000001,CCCCCCCCCCCCCCCC[N+](C)(C)C.[Br-],CETRIMONIUM BROMIDE,0.17414,0.21175,0.192945,
45211830,CCCCCCCCCCCCCCCC[n+]1ccccc1.[Cl-],YMKDRGPMQRFJGP-UHFFFAOYSA-M,339.269277896,3.4594000000000014,CCCCCCCCCCCCCCCC[n+]1ccccc1.[Cl-],CETYLPYRIDINIUM CHLORIDE,0.22597,0.2702,0.248085,
41580020,O=C(O)CCCCCCCCCCCCC1C=CCC1,XMVQWNRDPAAMJB-UHFFFAOYSA-N,280.240230264,5.718400000000007,O=C(O)CCCCCCCCCCCCC1C=CCC1,CHAULMOOGRIC ACID,1.4909,1.2089,1.3499,
32408669,C[C@H](CCC(=O)O)[C@H]1CCC2C3C(CC[C@@]21C)[C@@]1(C)CC[C@@H](O)C[C@H]1C[C@H]3O,RUDATBOHQWOJDD-GXLBFMQUSA-N,392.29265975999994,4.477900000000006,C[C@H](CCC(=O)O)[C@H]1CCC2C3C(CC[C@@]21C)[C@@]1(C)CC[C@@H](O)C[C@H]1C[C@H]3O,CHENODIOL,0.97787,1.0626,1.020235,
58673161,O=S(=O)([O-])c1cc(I)c(O)c2ncccc12.[Na+],NWAPYWBKEFRREH-UHFFFAOYSA-M,372.88817092000005,-1.5469,O=S(=O)([O-])c1cc(I)c(O)c2ncccc12.[Na+],CHINIOFON,0.2475,0.43796,0.34273,
32229072,OCC(O)[C@H]1O[C@@H]2O[C@H](C(Cl)(Cl)Cl)O[C@@H]2[C@H]1O,OJYGBLRPYBAHRT-YCNXOVPFSA-N,307.962121112,-0.46290000000000026,OCC(O)[C@H]1O[C@@H]2O[C@H](C(Cl)(Cl)Cl)O[C@@H]2[C@H]1O,CHLORALOSE,1.0873,1.0536,1.07045,
17774388,O=C(O)CCCc1ccc(N(CCCl)CCCl)cc1,JCKYGMPEJWAADB-UHFFFAOYSA-N,303.07928420800005,3.377900000000002,O=C(O)CCCc1ccc(N(CCCl)CCCl)cc1,CHLORAMBUCIL,0.83953,1.0435,0.941515,
46242811,Cc1ccc(S(=O)(=O)[N-]Cl)cc1.[Na+],VDQQXEISLMTGAB-UHFFFAOYSA-N,226.978371424,-0.78478,Cc1ccc(S(=O)(=O)[N-]Cl)cc1.[Na+],CHLORAMINE-T,0.85452,0.86361,0.859065,
32691200,O=C(N[C@@H](CO)[C@H](O)c1ccc([N+](=O)[O-])cc1)C(Cl)Cl,WIIZWVCIJKGZOK-DTWKUNHWSA-N,322.01232684400003,0.9089999999999998,O=C(N[C@@H](CO)[C@H](O)c1ccc([N+](=O)[O-])cc1)C(Cl)Cl,CHLORAMPHENICOL,0.42874,0.56028,0.49451,
80500999,O=C([O-])CCC(=O)OC[C@@H](NC(=O)C(Cl)Cl)[C@H](O)c1ccc([N+](=O)[O-])cc1.[Na+],RPLOPBHEZLFENN-HTMVYDOJSA-M,444.01031508,-3.0059999999999967,O=C([O-])CCC(=O)OC[C@@H](NC(=O)C(Cl)Cl)[C@H](O)c1ccc([N+](=O)[O-])cc1.[Na+],CHLORAMPHENICOL SODIUM SUCCINATE,0.84552,1.1709,1.00821,
11215129,Cl.Nc1ncnc(Nc2ccc(Cl)cc2)n1,UYCMHUVQSSDLAM-UHFFFAOYSA-N,257.023500648,2.2725999999999997,Cl.Nc1ncnc(Nc2ccc(Cl)cc2)n1,CHLORAZANIL HYDROCHLORIDE,1.1732,1.1162,1.1447,
96854074,Cl.Cl.N=C(NCCCCCCNC(=N)NC(=N)Nc1ccc(Cl)cc1)NC(=N)Nc1ccc(Cl)cc1,WJLVQTJZDCGNJN-UHFFFAOYSA-N,576.1565517440001,5.018880000000002,Cl.Cl.N=C(NCCCCCCNC(=N)NC(=N)Nc1ccc(Cl)cc1)NC(=N)Nc1ccc(Cl)cc1,CHLORHEXIDINE DIHYDROCHLORIDE,0.14853,0.16553,0.15703,
10147435,O=C1c2ccccc2C(=O)C1c1ccc(Cl)cc1,NJDUWAXIURWWLN-UHFFFAOYSA-N,256.029107208,3.5028000000000024,O=C1c2ccccc2C(=O)C1c1ccc(Cl)cc1,CHLORINDIONE,0.91704,0.91145,0.914245,
46489162,CC(=O)O[C@]1(C(C)=O)CCC2C3C=C(Cl)C4=CC(=O)CC[C@]4(C)C3CC[C@@]21C,QMBJSIBWORFWQT-GDMUWPLKSA-N,404.175437088,4.751700000000005,CC(=O)O[C@]1(C(C)=O)CCC2C3C=C(Cl)C4=CC(=O)CC[C@]4(C)C3CC[C@@]21C,CHLORMADINONE ACETATE,1.0906,1.0605,1.07555,
10030807,CN1C(=O)CCS(=O)(=O)C1c1ccc(Cl)cc1,WEQAYVWKMWHEJO-UHFFFAOYSA-N,273.022641924,1.6155000000000002,CN1C(=O)CCS(=O)(=O)C1c1ccc(Cl)cc1,CHLORMEZANONE,1.0462,1.3704,1.2083,
10365440,Cc1nc2ccccc2n1Cc1ccc(Cl)cc1,WNAQOLSMVPFGTE-UHFFFAOYSA-N,256.076726096,4.046420000000003,Cc1nc2ccccc2n1Cc1ccc(Cl)cc1,CHLORMIDAZOLE,0.13171,0.1576,0.144655,
92347575,CC(=O)Oc1ccc(Cl)c2cccnc12,JSJOTZXJKCXWQC-UHFFFAOYSA-N,221.024356176,2.8135000000000003,CC(=O)Oc1ccc(Cl)c2cccnc12,CHLOROACETOXYQUINOLINE,0.17521,0.20403,0.18962,
39109651,CC(C)(O)C(Cl)(Cl)Cl,OSASVXMJTNOKOY-UHFFFAOYSA-N,175.956247884,2.127500000000001,CC(C)(O)C(Cl)(Cl)Cl,CHLOROBUTANOL,1.1404,1.052,1.0962,
72262359,Cc1cc(O)ccc1Cl,CFKMVGJGLGKFKI-UHFFFAOYSA-N,142.018542524,2.3540200000000002,Cc1cc(O)ccc1Cl,CHLOROCRESOL,0.81746,0.94814,0.8828,
23641256,O=C(/C=C/c1ccc(O)c(O)c1)O[C@@H]1C[C@](O)(C(=O)O)C[C@@H](O)[C@H]1O,CWVRJTMFETXNAD-NCZKRNLISA-N,354.09508215599993,-0.6459000000000001,O=C(/C=C/c1ccc(O)c(O)c1)O[C@@H]1C[C@](O)(C(=O)O)C[C@@H](O)[C@H]1O,CHLOROGENIC ACID,0.92872,0.92196,0.92534,
72593162,CC(C)NC(=N)NC(=N)Nc1ccc(Cl)cc1.Cl,SARMGXPVOFNNNG-UHFFFAOYSA-N,289.086100904,2.6308399999999996,CC(C)NC(=N)NC(=N)Nc1ccc(Cl)cc1.Cl,CHLOROGUANIDE HYDROCHLORIDE,1.0739,1.0031,1.0385,
58111131,CN(C)CCN(Cc1ccc(Cl)cc1)c1ccccn1.Cl,VEYWWAGBHABATA-UHFFFAOYSA-N,325.11125303200004,3.7250000000000028,CN(C)CCN(Cc1ccc(Cl)cc1)c1ccccn1.Cl,CHLOROPYRAMINE HYDROCHLORIDE,1.1886,1.1245,1.15655,
59552918,CCN(CC)CCCC(C)Nc1ccnc2cc(Cl)ccc12.O=P(O)(O)O.O=P(O)(O)O,QKICWELGRMTQCR-UHFFFAOYSA-N,515.1353159239998,2.9534000000000047,CCN(CC)CCCC(C)Nc1ccnc2cc(Cl)ccc12.O=P(O)(O)O.O=P(O)(O)O,CHLOROQUINE DIPHOSPHATE,1.1481,1.1467,1.1474,
41869868,N#Cc1c(Cl)c(Cl)c(Cl)c(C#N)c1Cl,CRQQGFGUEAVUIL-UHFFFAOYSA-N,263.88155872,4.04356,N#Cc1c(Cl)c(Cl)c(Cl)c(C#N)c1Cl,CHLOROTHALONIL,1.0846,1.0846,1.0846,
59373950,Oc1c(Cl)cc(Cl)c2cccnc12,WDFKMLRRRCGAKS-UHFFFAOYSA-N,212.97481914,3.2472000000000003,Oc1c(Cl)cc(Cl)c2cccnc12,CHLOROXINE,0.5019,0.6397,0.5708,
60630685,Cc1cc(O)cc(C)c1Cl,OSDLLIBGSJNGJE-UHFFFAOYSA-N,156.034192588,2.662440000000001,Cc1cc(O)cc(C)c1Cl,CHLOROXYLENOL,0.14815,0.16391,0.15603,
33567245,CN(C)CCC(c1ccc(Cl)cc1)c1ccccn1.O=C(O)/C=C\C(=O)O,DBAKFASWICGISY-UHFFFAOYSA-N,390.1346348959999,3.5304,CN(C)CCC(c1ccc(Cl)cc1)c1ccccn1.O=C(O)/C=C\C(=O)O,CHLORPHENIRAMINE MALEATE,0.86398,0.96181,0.912895,
19836146,CN(C)CCCN1c2ccccc2Sc2ccc(Cl)cc21.Cl,FBSMERQALIEGJT-UHFFFAOYSA-N,354.072425,5.316200000000005,CN(C)CCCN1c2ccccc2Sc2ccc(Cl)cc21.Cl,CHLORPROMAZINE HYDROCHLORIDE,0.59373,0.6613,0.627515,
43029004,CCCNC(=O)NS(=O)(=O)c1ccc(Cl)cc1,RKWGIWYCVPQPMF-UHFFFAOYSA-N,276.033540956,1.7379,CCCNC(=O)NS(=O)(=O)c1ccc(Cl)cc1,CHLORPROPAMIDE,1.1512,1.4524,1.3018,
55723416,CN(C)CC/C=C1\c2ccccc2Sc2ccc(Cl)cc21.Cl,YWKRLOSRDGPEJR-UHFFFAOYSA-N,351.061525968,5.609800000000004,CN(C)CC/C=C1\c2ccccc2Sc2ccc(Cl)cc21.Cl,CHLORPROTHIXENE HYDROCHLORIDE,0.84147,0.8604,0.850935,
60376332,CCOP(=S)(OCC)Oc1nc(Cl)c(Cl)cc1Cl,SBPBAQFWLVIOKP-UHFFFAOYSA-N,348.926283882,4.718100000000002,CCOP(=S)(OCC)Oc1nc(Cl)c(Cl)cc1Cl,CHLORPYRIFOS,1.035,1.0819,1.05845,
50963841,Cc1ccc2c(Cl)cc(Cl)c(O)c2n1,GPTXWRGISTZRIO-UHFFFAOYSA-N,226.990469204,3.5556200000000016,Cc1ccc2c(Cl)cc(Cl)c(O)c2n1,CHLORQUINALDOL,1.4823,1.1426,1.31245,
43067229,CN(C)[C@@H]1C(O)=C(C(N)=O)C(=O)[C@@]2(O)C(O)=C3C(=O)c4c(O)ccc(Cl)c4[C@@](C)(O)[C@H]3C[C@@H]12.Cl,CBHYYLPALVVVEY-MRFRVZCGSA-N,514.090971088,0.8608000000000005,CN(C)[C@@H]1C(O)=C(C(N)=O)C(=O)[C@@]2(O)C(O)=C3C(=O)c4c(O)ccc(Cl)c4[C@@](C)(O)[C@H]3C[C@@H]12.Cl,CHLORTETRACYCLINE HYDROCHLORIDE,0.15791,0.18434,0.171125,
81574430,NS(=O)(=O)c1cc(C2(O)NC(=O)c3ccccc32)ccc1Cl,JIVPVXMEBJLZRO-UHFFFAOYSA-N,338.012805512,0.9242000000000001,NS(=O)(=O)c1cc(C2(O)NC(=O)c3ccccc32)ccc1Cl,CHLORTHALIDONE,0.97012,1.464,1.21706,
37688398,O=c1[nH]c2cc(Cl)ccc2o1,TZFWDZFKRBELIQ-UHFFFAOYSA-N,168.993056048,1.7745,O=c1[nH]c2cc(Cl)ccc2o1,CHLORZOXAZONE,0.63845,0.70641,0.67243,
62139221,C=C1CC[C@H](O)C/C1=C/C=C1\CCCC2(C)C1CCC2C(C)CCCC(C)C,QYSXJUFSXHHAJI-PAVZAANLSA-N,384.339216028,7.619000000000008,C=C1CC[C@H](O)C/C1=C/C=C1\CCCC2(C)C1CCC2C(C)CCCC(C)C,CHOLECALCIFEROL,1.6672,1.0129,1.34005,
60417923,CC(C)CCCC(C)[C@H]1CCC2C3CC=C4CC(=O)CC[C@]4(C)C3CC[C@@]21C,GGCLNOIGPMGLDB-IVFFKYSXSA-N,384.339216028,7.596900000000009,CC(C)CCCC(C)[C@H]1CCC2C3CC=C4CC(=O)CC[C@]4(C)C3CC[C@@]21C,CHOLEST-5-EN-3-ONE,1.6439,1.0934,1.36865,
45203194,CC(C)CCCC(C)C1CCC2C3CC[C@H]4CC(=O)CC[C@]4(C)C3CC[C@]12C,PESKGJQREUXSRR-GTMPCABPSA-N,386.354866092,7.676800000000009,CC(C)CCCC(C)C1CCC2C3CC[C@H]4CC(=O)CC[C@]4(C)C3CC[C@]12C,CHOLESTAN-3-ONE,1.0007,0.96131,0.981005,
11479390,CC(C)CCCC(C)C1CCC2C3C[C@@H](O)[C@@]4(O)C[C@@H](O)CC[C@]4(C)C3CC[C@]12C,YMMFNKXZULYSOQ-QETVQNBESA-N,420.36034539599996,5.554300000000007,CC(C)CCCC(C)C1CCC2C3C[C@@H](O)[C@@]4(O)C[C@@H](O)CC[C@]4(C)C3CC[C@]12C,"CHOLESTAN-3beta,5alpha,6beta-TRIOL",1.0744,1.0781,1.07625,
10286173,CC(C)CCCC(C)[C@H]1CCC2C3CC=C4C[C@@H](O)CC[C@]4(C)C3CC[C@@]21C,HVYWMOMLDIMFJA-RJLWFLQPSA-N,386.354866092,7.388700000000009,CC(C)CCCC(C)[C@H]1CCC2C3CC=C4C[C@@H](O)CC[C@]4(C)C3CC[C@@]21C,CHOLESTEROL,1.0443,0.93335,0.988825,
64760463,CC(=O)O[C@H]1CC[C@@]2(C)C(=CCC3C2CC[C@@]2(C)C3CC[C@@H]2C(C)CCCC(C)C)C1,XUGISPSHIFXEHZ-UKFXPFHUSA-N,428.365430776,7.95950000000001,CC(=O)O[C@H]1CC[C@@]2(C)C(=CCC3C2CC[C@@]2(C)C3CC[C@@H]2C(C)CCCC(C)C)C1,CHOLESTERYL ACETATE,0.90651,1.0198,0.963155,
98683000,CC(CCC(=O)O)C1CC[C@H]2C3[C@H](O)C[C@@H]4C[C@H](O)CCC4(C)[C@H]3C[C@H](O)C12C,BHQCQFFYRZLCQQ-WVWOBNCHSA-N,408.2875743799999,3.4487000000000028,CC(CCC(=O)O)C1CC[C@H]2C3[C@H](C[C@H](O)C12C)C1(C)CC[C@@H](O)C[C@H]1C[C@H]3O,CHOLIC ACID,1.1876,1.222,1.2048,
11482990,C[N+](C)(C)CCO.[Cl-],SGMZJAMFUVOLNK-UHFFFAOYSA-M,139.076391748,-3.3110999999999975,C[N+](C)(C)CCO.[Cl-],CHOLINE CHLORIDE,1.2158,1.1191,1.16745,
16050472,O=C(O)c1cc(=O)c2ccccc2o1,RVMGXWBCQGAWBR-UHFFFAOYSA-N,190.026608672,1.4911999999999999,O=C(O)c1cc(=O)c2ccccc2o1,CHROMOCARB,1.201,1.2574,1.2292,
69842031,CC(C)=CC1C(C(=O)O)C1(C)C,XLOPRKKSAJMMEW-UHFFFAOYSA-N,168.115029752,2.3094,CC(C)=CC1C(C(=O)O)C1(C)C,CHRYSANTHEMIC ACID,0.91514,0.89895,0.907045,
92393816,CCOC(=O)C1C(C=C(C)C)C1(C)C,VIMXTGUGWLAOFZ-UHFFFAOYSA-N,196.14632988,2.7879000000000014,CCOC(=O)C1C(C=C(C)C)C1(C)C,"CHRYSANTHEMIC ACID, ETHYL ESTER",0.98372,1.0064,0.99506,
67109982,Cc1cc(O)c2c(c1)Cc1cccc(O)c1C2=O,ZZBWSNKBZKPGAK-UHFFFAOYSA-N,240.078644244,2.541420000000001,Cc1cc(O)c2c(c1)Cc1cccc(O)c1C2=O,CHRYSAROBIN,0.88701,0.90864,0.897825,
55064007,O=c1cc(-c2ccccc2)oc2cc(O)cc(O)c12,RTIXKCRFFJGDFG-UHFFFAOYSA-N,254.0579088,2.8712000000000013,O=c1cc(-c2ccccc2)oc2cc(O)cc(O)c12,CHRYSIN,0.99929,1.0315,1.015395,
11221748,COc1cc(OC)c2c(=O)cc(-c3ccccc3)oc2c1,JRFZSUMZAUHNSL-UHFFFAOYSA-N,282.089208928,3.4772000000000025,COc1cc(OC)c2c(=O)cc(-c3ccccc3)oc2c1,CHRYSIN DIMETHYL ETHER,0.91756,1.2728,1.09518,
53910314,Cc1cc(O)c2c(c1)C(=O)c1cccc(O)c1C2=O,LQGUBLBATBMXHT-UHFFFAOYSA-N,254.0579088,2.18162,Cc1cc(O)c2c(c1)C(=O)c1cccc(O)c1C2=O,CHRYSOPHANOL,0.77227,0.86573,0.819,
90144891,Oc1cc(O)c2c(c1)O[C@H](c1ccc(O)c(O)c1)[C@@H](O)C2,PFTAWBLQPZVEMU-DZGCQCFKSA-N,290.079038168,1.5460999999999998,Oc1cc(O)c2c(c1)O[C@H](c1ccc(O)c(O)c1)[C@@H](O)C2,CIANIDANOL [+-catechin],0.95987,0.92062,0.940245,
46309097,Cc1cc(C2CCCCC2)n(O)c(=O)c1.NCCO,MBRHNTMUYWQHMR-UHFFFAOYSA-N,268.178692628,1.3791199999999995,Cc1cc(C2CCCCC2)n(O)c(=O)c1.NCCO,CICLOPIROX OLAMINE,0.14439,0.17059,0.15749,
16522743,COCCOC(=O)C1=C(C)NC(C)=C(C(=O)OC/C=C/c2ccccc2)C1c1cccc([N+](=O)[O-])c1,KJEBULYHNRNJTE-UHFFFAOYSA-N,492.189651236,4.275800000000004,COCCOC(=O)C1=C(C)NC(C)=C(C(=O)OC/C=C/c2ccccc2)C1c1cccc([N+](=O)[O-])c1,CILNIDIPINE,1.4687,1.713,1.59085,
89656318,O=C1CCc2cc(OCCCCc3nnnn3C3CCCCC3)ccc2N1,RRGUKTPIGVIEKM-UHFFFAOYSA-N,369.21647510400004,3.4647000000000014,O=C1CCc2cc(OCCCCc3nnnn3C3CCCCC3)ccc2N1,CILOSTAZOL,0.86678,0.87002,0.8684,
80946631,CN/C(=N\C#N)NCCSCc1nc[nH]c1C,AQIXAKUUQRKLND-UHFFFAOYSA-N,252.11571551199998,0.5973999999999997,CN/C(=N\C#N)NCCSCc1nc[nH]c1C,CIMETIDINE,1.2561,0.94851,1.102305,
99682565,C[C@H](CC(=O)C1OC1(C)C)[C@H]1C(=O)C[C@@]2(C)C3=CCC4C(C)(C)[C@@H](O[C@@H]5OC[C@@H](O)[C@H](O)[C@H]5O)CC[C@@]45C[C@@]35[C@@H](O)C[C@]12C,PYBFXJMIKJNNAJ-ORUQLYNUSA-N,616.3611332439998,3.0923000000000007,C[C@H](CC(=O)C1OC1(C)C)[C@H]1C(=O)C[C@@]2(C)C3=CCC4C(C)(C)[C@@H](O[C@@H]5OC[C@@H](O)[C@H](O)[C@H]5O)CC[C@@]45C[C@@]35[C@@H](O)C[C@]12C,CIMICIFUGOSIDE H1,0.9961,0.98333,0.989715,
47889645,C[C@@H](NCCCc1cccc(C(F)(F)F)c1)c1cccc2ccccc12.Cl,QANQWUQOEJZMLL-PKLMIRHRSA-N,393.147112076,6.563800000000006,C[C@@H](NCCCc1cccc(C(F)(F)F)c1)c1cccc2ccccc12.Cl,CINACALCET HYDROCHLORIDE,0.14939,0.16851,0.15895,
61928155,C=C[C@H]1CN2CC[C@H]1C[C@H]2[C@H](O)c1ccnc2ccccc12,KMPWYEUPVWOPIM-KODHJQJWSA-N,294.17321332399996,3.164600000000002,C=C[C@H]1CN2CC[C@H]1C[C@H]2[C@H](O)c1ccnc2ccccc12,CINCHONIDINE,0.8791,0.82761,0.853355,
22981541,C=C[C@H]1CN2CC[C@H]1C[C@@H]2[C@H](O)c1ccnc2ccccc12,KMPWYEUPVWOPIM-YXUGBTPSSA-N,294.17321332399996,3.164600000000002,C=C[C@H]1CN2CC[C@H]1C[C@@H]2[C@H](O)c1ccnc2ccccc12,CINCHONINE,1.1163,0.85491,0.985605,
38483943,O=C(O)c1cc(-c2ccccc2)nc2ccccc12,YTRMTPPVNRALON-UHFFFAOYSA-N,249.078978592,3.6000000000000014,O=C(O)c1cc(-c2ccccc2)nc2ccccc12,CINCHOPHEN,0.93615,0.89597,0.91606,
54183288,C(=C/N1CCN(C(c2ccccc2)c2ccccc2)CC1)\Cc1ccccc1,SSKFWBSXNIWCBH-UHFFFAOYSA-N,368.225248896,5.150000000000005,C(=C/N1CCN(C(c2ccccc2)c2ccccc2)CC1)\Cc1ccccc1,CINNARAZINE,0.9561,0.85269,0.904395,
62915912,COc1cc(/C=C/C(=O)N2CCCCCCC2)cc(OC)c1OC,MDGVCMGGLSOVIQ-UHFFFAOYSA-N,333.194008344,3.5183000000000026,COc1cc(/C=C/C(=O)N2CCCCCCC2)cc(OC)c1OC,CINOCTRAMIDE,0.97646,1.0198,0.99813,
54985976,CCn1nc(C(=O)O)c(=O)c2cc3c(cc21)OCO3,VDUWPHTZYNWKRN-UHFFFAOYSA-N,262.05897142000003,0.8432999999999997,CCn1nc(C(=O)O)c(=O)c2cc3c(cc21)OCO3,CINOXACIN,0.1529,0.18145,0.167175,
30259637,CCNC(=O)/C=C/c1cccc(Br)c1,LDCXGZCEMNMWIL-UHFFFAOYSA-N,253.010226104,2.5984000000000007,CCNC(=O)/C=C/c1cccc(Br)c1,CINROMIDE,1.0781,1.0414,1.05975,
41641249,COc1cc(/C=C/C(N)=O)cc(OC)c1OC,LRLKZVMLJBNNPE-UHFFFAOYSA-N,237.10010796,1.2109,COc1cc(/C=C/C(N)=O)cc(OC)c1OC,CINTRIAMIDE,0.98571,0.88727,0.93649,
32619913,CC(C)(Oc1ccc(C2CC2(Cl)Cl)cc1)C(=O)O,KPSRODZRAIWAKH-UHFFFAOYSA-N,288.03199966799997,3.589800000000003,CC(C)(Oc1ccc(C2CC2(Cl)Cl)cc1)C(=O)O,CIPROFIBRATE,1.2623,1.3691,1.3157,
59856225,O=C(O)c1cn(C2CC2)c2cc(N3CCNCC3)c(F)cc2c1=O,MYSWGUAQZAJSOK-UHFFFAOYSA-N,331.13321965599994,1.5833,O=C(O)c1cn(C2CC2)c2cc(N3CCNCC3)c(F)cc2c1=O,CIPROFLOXACIN,0.15879,0.1803,0.169545,
35185338,Cl[Pt]Cl.N.N,LXZZYRPGZAFOLE-UHFFFAOYSA-L,298.95559465200006,1.7004999999999997,Cl[Pt]Cl.N.N,CISPLATIN,0.97601,0.83289,0.90445,
89393072,Br.CN(C)CCCC1(c2ccc(F)cc2)OCc2cc(C#N)ccc21,WIHMBLDNRMIGDW-UHFFFAOYSA-N,404.089953644,4.390880000000004,Br.CN(C)CCCC1(c2ccc(F)cc2)OCc2cc(C#N)ccc21,CITALOPRAM HYDROBROMIDE,1.2539,1.0263,1.1401,
85571421,C[N+](C)(C)CCOP(=O)([O-])OP(=O)(O)OC[C@H]1OC(n2ccc(N)nc2=O)[C@H](O)[C@@H]1O,RZZPDXZPRHQOCG-INCVAACISA-N,488.10733091199995,-2.2304999999999957,C[N+](C)(C)CCOP(=O)([O-])OP(=O)(O)OC[C@H]1OC(n2ccc(N)nc2=O)[C@H](O)[C@@H]1O,CITICOLINE,1.0575,0.89642,0.97696,
86262088,CC(=O)NC1CCSC1=O,NRFJZTXWLKPZAV-UHFFFAOYSA-N,159.035399528,0.15460000000000013,CC(=O)NC1CCSC1=O,CITIOLONE,0.96164,0.87954,0.92059,
52102449,O=C(O)CC(O)(CC(=O)O)C(=O)O,KRKNYBCHXYNGOX-UHFFFAOYSA-N,192.02700259600002,-1.2484999999999995,O=C(O)CC(O)(CC(=O)O)C(=O)O,CITRIC ACID,0.97478,0.94951,0.962145,
53136951,CC1=C2C(=CO[C@H](C)[C@H]2C)C(O)=C(C(=O)O)C1=O,CQIUKKVOEOPUDV-IYSWYEEDSA-N,250.084123548,1.721,CC1=C2C(=CO[C@H](C)[C@H]2C)C(O)=C(C(=O)O)C1=O,CITRININ,0.86143,0.82529,0.84336,
10001745,CC(C)=CCC[C@@H](C)CC=O,NEHNMFOYXAPHSD-SNVBAGLBSA-N,154.135765196,2.9579000000000013,CC(C)=CCC[C@@H](C)CC=O,CITRONELLAL (R+),0.95148,0.93742,0.94445,
87944816,COc1cc(OC)c2ccc(=O)oc2c1,NXJCRELRQHZBQA-UHFFFAOYSA-N,206.0579088,1.8102,COc1cc(OC)c2ccc(=O)oc2c1,CITROPTEN,0.70226,0.83422,0.76824,
85334239,NC(=O)NCCC[C@H](N)C(=O)O,RHGKLRLOHDJJDR-BYPYZUCNSA-N,175.095691276,-1.1531999999999993,NC(=O)NCCC[C@H](N)C(=O)O,CITRULLINE,0.8786,0.95894,0.91877,
31212175,CC[C@H]1OC(=O)[C@H](C)[C@@H](O[C@H]2C[C@@](C)(OC)[C@@H](O)[C@H](C)O2)[C@H](C)[C@@H](O[C@@H]2O[C@H](C)C[C@H](N(C)C)[C@H]2O)[C@](C)(OC)C[C@@H](C)C(=O)[C@H](C)[C@@H](O)[C@]1(C)O,AGOYDEPGAOXOCK-KCBOHYOISA-N,747.476891268,2.439700000000004,CC[C@H]1OC(=O)[C@H](C)[C@@H](O[C@H]2C[C@@](C)(OC)[C@@H](O)[C@H](C)O2)[C@H](C)[C@@H](O[C@@H]2O[C@H](C)C[C@H](N(C)C)[C@H]2O)[C@](C)(OC)C[C@@H](C)C(=O)[C@H](C)[C@@H](O)[C@]1(C)O,CLARITHROMYCIN,0.17893,0.15527,0.1671,
12625224,O=C(O)[C@H]1/C(=C/CO)O[C@@H]2CC(=O)N21.[LiH],TZEKKJSZIPSHNY-GPJOBVNKSA-N,207.07190197,-1.7441000000000002,O=C(O)[C@H]1/C(=C/CO)O[C@@H]2CC(=O)N21.[LiH],CLAVULANATE LITHIUM,0.14956,0.17566,0.16261,
21809381,CN1CCC[C@@H]1CCO[C@](C)(c1ccccc1)c1ccc(Cl)cc1.O=C(O)/C=C/C(=O)O,PMGQWSIVQFOFOQ-MUCZFFFMSA-N,459.1812507399999,4.816200000000003,CN1CCC[C@@H]1CCO[C@](C)(c1ccccc1)c1ccc(Cl)cc1.O=C(O)/C=C/C(=O)O,CLEMASTINE FUMARATE,1.0192,1.2054,1.1123,
84238546,Cl.Clc1ccc(Cn2c(CN3CCCC3)nc3ccccc32)cc1,DNFMJYXRIMLMBZ-UHFFFAOYSA-N,361.11125303200004,4.755600000000004,Cl.Clc1ccc(Cn2c(CN3CCCC3)nc3ccccc32)cc1,CLEMIZOLE HYDROCHLORIDE,0.77329,0.81537,0.79433,
61381080,CC(C)(C)NCC(O)c1cc(Cl)c(N)c(Cl)c1.Cl,OPXKTCUYRHXSBK-UHFFFAOYSA-N,312.056296268,3.418900000000001,CC(C)(C)NCC(O)c1cc(Cl)c(N)c(Cl)c1.Cl,CLENBUTEROL HYDROCHLORIDE,1.1544,1.2787,1.21655,
68656276,C[C@@H]1CC[C@]2(C)C(C=O)=CCC[C@H]2[C@@]1(C)CC1OC(O)C(=O)[C@]12CO2,TYEWCIUNKYTNGK-ISJFFHDNSA-N,348.1936739959999,2.4096,C[C@@H]1CC[C@]2(C)C(C=O)=CCC[C@H]2[C@@]1(C)CC1OC(O)C(=O)[C@]12CO2,"CLEROCIDIN
equilibrates in solution between monomer and dimer [links*]",0.12618,0.16742,0.1468,
36247901,C[N+]12CCC(CC1)C(OC(=O)C(O)(c1ccccc1)c1ccccc1)C2.[Br-],GKEGFOKQMZHVOW-UHFFFAOYSA-M,431.109605792,-0.291499999999999,C[N+]12CCC(CC1)C(OC(=O)C(O)(c1ccccc1)c1ccccc1)C2.[Br-],CLIDINIUM BROMIDE,0.8444,1.0682,0.9563,
68186255,CC(C)(C)C(=O)C(Oc1ccc(Cl)cc1)n1ccnc1,OWEGWHBOCFMBLP-UHFFFAOYSA-N,292.097855464,3.729300000000002,CC(C)(C)C(=O)C(Oc1ccc(Cl)cc1)n1ccnc1,CLIMBAZOLE,0.95583,1.1148,1.035315,
52044757,Cl.NC1CCN(c2c(F)cc3c(=O)c(C(=O)O)cn(C4CC4)c3c2Cl)C1,BMACYHMTJHBPOX-UHFFFAOYSA-N,401.070925016,2.7863000000000016,Cl.NC1CCN(c2c(F)cc3c(=O)c(C(=O)O)cn(C4CC4)c3c2Cl)C1,CLINAFOXACIN HYDROCHLORIDE,0.13331,0.15598,0.144645,
14715171,CCC[C@@H]1C[C@@H](C(=O)N[C@@H](C2O[C@H](SC)[C@H](O)[C@@H](O)[C@H]2O)[C@H](C)Cl)N(C)C1.Cl,AUODDLQVRAJAJM-PTTDBYGSSA-N,460.156548548,0.8112999999999999,CCC[C@@H]1C[C@@H](C(=O)N[C@@H](C2O[C@H](SC)[C@H](O)[C@@H](O)[C@H]2O)[C@H](C)Cl)N(C)C1.Cl,CLINDAMYCIN HYDROCHLORIDE,0.44364,0.53504,0.48934,
25959006,CCCCCCCCCCCCCCCC(=O)O[C@@H]1[C@@H](O)[C@@H](O)C([C@H](NC(=O)[C@@H]2C[C@@H](CCC)CN2C)[C@H](C)Cl)O[C@@H]1SC.Cl,GTNDZRUWKHDICY-MHBVHFIZSA-N,698.3862141280001,6.843500000000008,CCCCCCCCCCCCCCCC(=O)O[C@@H]1[C@@H](O)[C@@H](O)C([C@H](NC(=O)[C@@H]2C[C@@H](CCC)CN2C)[C@H](C)Cl)O[C@@H]1SC.Cl,CLINDAMYCIN PALMITATE HYDROCHLORIDE,0.838,0.81866,0.82833,
19174112,Oc1c(I)cc(Cl)c2cccnc12,QCDFBFJGMNKBDO-UHFFFAOYSA-N,304.9104394600001,3.1984000000000004,Oc1c(I)cc(Cl)c2cccnc12,CLIOQUINOL,0.57861,0.76386,0.671235,
82084184,CCC(=O)O[C@]1(C(=O)CCl)[C@@H](C)CC2C3CCC4=CC(=O)C=C[C@]4(C)[C@@]3(F)[C@@H](O)C[C@@]21C,CBGUOGMQLZIXBE-BHPVMOEKSA-N,466.19223002399997,4.103100000000003,CCC(=O)O[C@]1(C(=O)CCl)[C@@H](C)CC2C3CCC4=CC(=O)C=C[C@]4(C)[C@@]3(F)[C@@H](O)C[C@@]21C,CLOBETASOL PROPIONATE,0.90272,0.98214,0.94243,
71593568,CC(C)/N=c1\cc2n(-c3ccc(Cl)cc3)c3ccccc3nc-2cc1Nc1ccc(Cl)cc1,WDQPAMHFFCXSNU-UHFFFAOYSA-N,472.12215206400003,7.489800000000005,CC(C)/N=c1\cc2n(-c3ccc(Cl)cc3)c3ccccc3nc-2cc1Nc1ccc(Cl)cc1,CLOFAZIMINE,1.0314,1.0587,1.04505,
11459695,CCOC(=O)C(C)(C)Oc1ccc(Cl)cc1,KNHUKKLJHYUCFP-UHFFFAOYSA-N,242.07097202,3.060500000000001,CCOC(=O)C(C)(C)Oc1ccc(Cl)cc1,CLOFIBRATE,1.223,1.3055,1.26425,
77171639,CC(C)(Oc1ccc(Cl)cc1)C(=O)O,TXCGAZHTZHNUAI-UHFFFAOYSA-N,214.039671892,2.582,CC(C)(Oc1ccc(Cl)cc1)C(=O)O,CLOFIBRIC ACID,1.1796,1.121,1.1503,
56824688,CC(C)(C)CC(C)(C)c1ccc(O)c(Cc2ccc(Cl)cc2Cl)c1,HQVZOORKDNCGCK-UHFFFAOYSA-N,364.13607081199996,7.003600000000006,CC(C)(C)CC(C)(C)c1ccc(O)c(Cc2ccc(Cl)cc2Cl)c1,CLOFOCTOL,1.5542,1.6947,1.62445,
58751177,CCN(CC)CCOc1ccc(/C(=C(\Cl)c2ccccc2)c2ccccc2)cc1.O=C(O)CC(O)(CC(=O)O)C(=O)O,PYTMYKVIJXPNBD-UHFFFAOYSA-N,597.2129447919999,5.314100000000005,CCN(CC)CCOc1ccc(/C(=C(\Cl)c2ccccc2)c2ccccc2)cc1.O=C(O)CC(O)(CC(=O)O)C(=O)O,CLOMIPHENE CITRATE,0.61455,0.76147,0.68801,
76885418,CN(C)CCCN1c2ccccc2CCc2ccc(Cl)cc21.Cl,WIMWMKZEIBHDTH-UHFFFAOYSA-N,350.131654128,4.950200000000005,CN(C)CCCN1c2ccccc2CCc2ccc(Cl)cc21.Cl,CLOMIPRAMINE HYDROCHLORIDE,0.9345,1.2695,1.102,
41402478,Cl.Clc1cccc(Cl)c1N=C1NCCN1,ZNIFSRGNXRYGHF-UHFFFAOYSA-N,264.99403036,2.5955000000000004,Cl.Clc1cccc(Cl)c1N=C1NCCN1,CLONIDINE HYDROCHLORIDE,1.0379,1.1469,1.0924,
99131124,Cc1c(Cl)cccc1Nc1ncccc1C(=O)O,CLOMYZFHNHFSIQ-UHFFFAOYSA-N,262.050905272,3.485220000000001,Cc1c(Cl)cccc1Nc1ncccc1C(=O)O,CLONIXIN,0.97285,0.80697,0.88991,
34426411,Cl.Clc1ccc(C(OCCN2CCCCC2)c2ccccc2)cc1,UNPLRYRWJLTVAE-UHFFFAOYSA-N,365.13131978,5.353700000000005,Cl.Clc1ccc(C(OCCN2CCCCC2)c2ccccc2)cc1,CLOPERASTINE HYDROCHLORIDE,0.78707,0.852,0.819535,
17439722,COC(=O)[C@H](c1ccccc1Cl)N1CCc2sccc2C1.O=S(=O)(O)O,FDEODCTUSIWGLK-RSAXXLAASA-N,419.02640697599986,3.0211000000000006,COC(=O)[C@H](c1ccccc1Cl)N1CCc2sccc2C1.O=S(=O)(O)O,CLOPIDOGREL SULFATE,1.2881,1.0392,1.16365,
89120876,Cc1nc(C)c(Cl)c(O)c1Cl,ZDPIZLCVJAAHHR-UHFFFAOYSA-N,190.990469204,2.7108400000000015,Cc1nc(C)c(Cl)c(O)c1Cl,CLOPIDOL,0.77448,0.88627,0.830375,
73478996,C#CCN(C)CCCOc1ccc(Cl)cc1Cl.Cl,BBAZDLONIUABKI-UHFFFAOYSA-N,307.029747172,3.7491000000000034,C#CCN(C)CCCOc1ccc(Cl)cc1Cl.Cl,CLORGILINE HYDROCHLORIDE,0.83936,0.87601,0.857685,
10082645,Nc1cc(C(Cl)=C(Cl)Cl)c(S(N)(=O)=O)cc1S(N)(=O)=O,QOVTVIYTBRHADL-UHFFFAOYSA-N,378.90218077599997,0.9060999999999999,Nc1cc(C(Cl)=C(Cl)Cl)c(S(N)(=O)=O)cc1S(N)(=O)=O,CLORSULON,1.3236,1.1829,1.25325,
68502508,Cc1cc(C(C#N)c2ccc(Cl)cc2)c(Cl)cc1NC(=O)c1cc(I)cc(I)c1O,JMPFSEBWVLAJKM-UHFFFAOYSA-N,661.852179048,7.124400000000003,Cc1cc(C(C#N)c2ccc(Cl)cc2)c(Cl)cc1NC(=O)c1cc(I)cc(I)c1O,CLOSANTEL,1.5238,1.2944,1.4091,
73398722,Clc1ccccc1C(c1ccccc1)(c1ccccc1)n1ccnc1,VNFPBHJOKIVQEB-UHFFFAOYSA-N,344.10802622400007,5.376700000000004,Clc1ccccc1C(c1ccccc1)(c1ccccc1)n1ccnc1,CLOTRIMAZOLE,2.0539,1.8444,1.94915,
92565249,Cc1onc(-c2ccccc2Cl)c1C(=O)N[C@@H]1C(=O)N2[C@@H]1SC(C)(C)[C@@H]2C(=O)[O-].[Na+],SCLZRKVZRBKZCR-SLINCCQESA-M,457.047513604,-1.7819799999999968,Cc1onc(-c2ccccc2Cl)c1C(=O)N[C@@H]1C(=O)N2[C@@H](C(=O)[O-])C(C)(C)S[C@H]12.[Na+],CLOXACILLIN SODIUM,0.93509,1.1364,1.035745,
77595738,Oc1ccc(Cl)c2cccnc12,CTQMJYWDVABFRZ-UHFFFAOYSA-N,179.013791492,2.5938000000000008,Oc1ccc(Cl)c2cccnc12,CLOXYQUIN,0.16469,0.19928,0.181985,
11296864,CN1CCN(C2=Nc3cc(Cl)ccc3Nc3ccccc32)CC1,QZUDBNBUXVUHMW-UHFFFAOYSA-N,326.129824288,3.7227000000000023,CN1CCN(C2=Nc3cc(Cl)ccc3Nc3ccccc32)CC1,CLOZAPINE,0.98261,0.8505,0.916555,
69860897,COc1cc2c(c(OC)c1OC)-c1ccc(O)c(=O)cc1[C@@H](NC(C)=O)CC2,PRGILOMAMBLWNG-HNNXBMFYSA-N,385.15253745600006,2.568600000000001,COc1cc2c(c(OC)c1OC)-c1ccc(O)c(=O)cc1[C@@H](NC(C)=O)CC2,COLCHICEINE,1.0107,0.97976,0.99523,
89141052,COc1cc2c(c(OC)c1OC)-c1ccc(OC)c(=O)cc1[C@@H](NC(C)=O)CC2,IAKHMKGGTNLKSZ-INIZCTEOSA-N,399.16818752,2.871600000000001,COc1cc2c(c(OC)c1OC)-c1ccc(OC)c(=O)cc1[C@@H](NC(C)=O)CC2,COLCHICINE,1.2948,0.97457,1.134685,
15443243,CCCCCCCCCCNCCC.CCCN.CCCNCCCCCC[N+](C)(C)C.ClCC1CO1,XNOCJXKFGRIXTK-UHFFFAOYSA-N,551.53891702409,7.358400000000008,CCCCCCCCCCNCCC.CCCN.CCCNCCCCCC[N+](C)(C)C.ClCC1CO1,COLESEVALAM HYDROCHLORIDE (high mol wt copolymer @ 5mg/ml),1.0578,1.0556,1.0567,
11405331,C=C[C@@]1(C)CC(=O)[C@@]2(O)[C@](C)(O1)[C@@H](OC(C)=O)[C@@H](O)C1C(C)(C)CC[C@H](O)[C@@]12C,OHCQJHSOBUTRHG-VDCUXWMXSA-N,410.230453428,1.5198999999999987,C=C[C@@]1(C)CC(=O)[C@@]2(O)[C@](C)(O1)[C@@H](OC(C)=O)[C@@H](O)C1C(C)(C)CC[C@H](O)[C@@]12C,COLFORSIN,0.87183,0.91101,0.89142,
16794485,CCC(C)C1NC(=O)C(CCNCS(=O)(=O)[O-])NC(=O)C(NC(=O)C(CCNCS(=O)(=O)[O-])NC(=O)C(NC(=O)C(CCNCS(=O)(=O)[O-])NC(=O)CCCCC(C)C)C(C)O)CCNC(=O)C(C(C)O)NC(=O)C(CCNCS(=O)(=O)[O-])NC(=O)C(CCNCS(=O)(=O)[O-])NC(=O)C(C(C)CC)NC1=O.[Na+].[Na+].[Na+].[Na+].[Na+],LYQBWQQPMNCRCJ-UHFFFAOYSA-I,1734.521973055999,-25.143500000000042,CCC(C)C1NC(=O)C(CCNCS(=O)(=O)[O-])NC(=O)C(NC(=O)C(CCNCS(=O)(=O)[O-])NC(=O)C(NC(=O)C(CCNCS(=O)(=O)[O-])NC(=O)CCCCC(C)C)C(C)O)CCNC(=O)C(C(C)O)NC(=O)C(CCNCS(=O)(=O)[O-])NC(=O)C(CCNCS(=O)(=O)[O-])NC(=O)C(C(C)CC)NC1=O.[Na+].[Na+].[Na+].[Na+].[Na+],COLISTIMETHATE SODIUM,0.14373,0.17253,0.15813,
32780990,CCC(C)C1NC(=O)C(CCN)NC(=O)C(NC(=O)C(CCN)NC(=O)C(NC(=O)C(CCN)NC(=O)CCCCC(C)C)C(C)O)CCNC(=O)C(C(C)O)NC(=O)C(CCN)NC(=O)C(CCN)NC(=O)C(C(C)CC)NC1=O.O=S(=O)(O)O.O=S(=O)(O)O,GQOWKFKFLXZQFI-UHFFFAOYSA-N,1350.684686283999,-7.137099999999984,CCC(C)C1NC(=O)C(CCN)NC(=O)C(NC(=O)C(CCN)NC(=O)C(NC(=O)C(CCN)NC(=O)CCCCC(C)C)C(C)O)CCNC(=O)C(C(C)O)NC(=O)C(CCN)NC(=O)C(CCN)NC(=O)C(C(C)CC)NC1=O.O=S(=O)(O)O.O=S(=O)(O)O,COLISTIN SULFATE,0.12177,0.14595,0.13386,
32047142,C[C@H]1[C@H]2CCC3C4CC=C5C[C@@H](N(C)C)CC[C@]5(C)C4CC[C@@]32CN1C,GPLGAQQQNWMVMM-YHQZIGKZSA-N,356.31914928,4.809600000000005,C[C@H]1[C@H]2CCC3C4CC=C5C[C@@H](N(C)C)CC[C@]5(C)C4CC[C@@]32CN1C,CONESSINE,1.1443,1.2072,1.17575,
93880934,C[C@@H]1O[C@@H](O[C@H]2CC[C@]3(C=O)C4CC[C@]5(C)[C@@H](C6=CC(=O)OC6)CC[C@]5(O)C4CC[C@]3(O)C2)[C@H](O)[C@H](O)[C@H]1O,HULMNSIAKWANQO-OKPGQIJDSA-N,550.2777975439999,0.75,C[C@@H]1O[C@@H](O[C@H]2CC[C@]3(C=O)C4CC[C@]5(C)[C@@H](C6=CC(=O)OC6)CC[C@]5(O)C4CC[C@]3(O)C2)[C@H](O)[C@H](O)[C@H]1O,CONVALLATOXIN,1.1188,1.1021,1.11045,
90077226,C[C@]12CCC(=O)C=C1CCC1C2CC[C@@]2(C)C1CC[C@]2(O)C(=O)CO,WHBHBVVOGNECLV-RCSFYLKVSA-N,346.21440943999994,2.810800000000001,C[C@]12CCC3C(CCC4=CC(=O)CC[C@@]43C)C1CC[C@]2(O)C(=O)CO,CORTEXOLONE,0.93577,1.0031,0.969435,
10403935,C[C@]12CCC(=O)C=C1CCC1C2C(=O)C[C@@]2(C)C1CC[C@]2(O)C(=O)CO,MFYSYFVPBJMHGN-BDQMTFAOSA-N,360.1936739959999,1.9898000000000002,C[C@]12CC(=O)C3C(CCC4=CC(=O)CC[C@@]43C)C1CC[C@]2(O)C(=O)CO,CORTISONE,0.9594,0.92522,0.94231,
21510000,CC(=O)OCC(=O)[C@@]1(O)CCC2C3CCC4=CC(=O)CC[C@]4(C)C3C(=O)C[C@@]21C,ITRJWOMZKQRYTA-XLSOAHDVSA-N,402.20423868,2.560600000000001,CC(=O)OCC(=O)[C@@]1(O)CCC2C3CCC4=CC(=O)CC[C@]4(C)C3C(=O)C[C@@]21C,CORTISONE ACETATE,0.87288,1.098,0.98544,
85602669,COC(=O)[C@@H]1C(O)CC[C@H]2CN3CCc4c([nH]c5ccccc45)[C@@H]3C[C@@H]21,BLGXFZZNTVWLAY-CJIGJYAPSA-N,354.194342692,2.647100000000001,COC(=O)[C@@H]1C(O)CC[C@H]2CN3CCc4c([nH]c5ccccc45)[C@@H]3C[C@H]12,CORYNANTHINE,0.9632,1.1955,1.07935,
86812665,COc1c2c(cc3c1OCO3)CC[N+](C)=C2.[Cl-],BWQAGVANIBSWBW-UHFFFAOYSA-M,255.066220988,-1.9547999999999972,COc1c2c(cc3c1OCO3)CC[N+](C)=C2.[Cl-],COTARNINE CHLORIDE,1.0128,1.2129,1.11285,
54766807,CN1C(=O)CC[C@H]1c1cccnc1,UIKROCXWUNQSPJ-VIFPVBQESA-N,176.094963004,1.3749,CN1C(=O)CC[C@H]1c1cccnc1,COTININE,0.84145,0.97122,0.906335,
75153886,O=c1ccc2ccccc2o1,ZYGHJZDHTFUPRJ-UHFFFAOYSA-N,146.036779432,1.793,O=c1ccc2ccccc2o1,COUMARIN,1.1311,1.0014,1.06625,
10102264,CCOP(=S)(OCC)Oc1ccc2c(C)c(Cl)c(=O)oc2c1,BXNANOICGRISHX-UHFFFAOYSA-N,362.0144589219999,4.431120000000004,CCOP(=S)(OCC)Oc1ccc2c(C)c(Cl)c(=O)oc2c1,COUMOPHOS,0.94316,0.92324,0.9332,
10716220,CN1CC(=O)NC1=N,DDRJAANPRJIHGJ-UHFFFAOYSA-N,113.058911844,-1.0172299999999999,CN1CC(=O)NC1=N,CREATININE,0.98862,1.0071,0.99786,
16915019,Cc1ccc(O)cc1,IWDCLRJOBJJRNH-UHFFFAOYSA-N,108.057514876,1.7006199999999998,Cc1ccc(O)cc1,CRESOL,0.83818,1.0348,0.93649,
97009448,CC(=O)Oc1c(C)cccc1C(=O)O,XRBMKGUDDJPAMH-UHFFFAOYSA-N,194.0579088,1.6185200000000002,CC(=O)Oc1c(C)cccc1C(=O)O,CRESOPIRINE,1.1043,0.97477,1.039535,
51294404,COC1C=CC23c4cc5c(cc4CN(C[C@H]2O)[C@@H]3C1)OCO5,YGPRSGKVLATIHT-SVHUJYGOSA-N,301.131408088,1.1866999999999996,COC1C=CC23c4cc5c(cc4CN(C[C@H]2O)[C@@H]3C1)OCO5,CRINAMINE,1.1328,1.1285,1.13065,
93108600,O=C([O-])c1cc(=O)c2c(OCC(O)COc3cccc4oc(C(=O)[O-])cc(=O)c34)cccc2o1.[Na+].[Na+],VLARUOGDXDTHEH-UHFFFAOYSA-L,512.033149828,-6.546899999999996,O=C([O-])c1cc(=O)c2c(OCC(O)COc3cccc4oc(C(=O)[O-])cc(=O)c34)cccc2o1.[Na+].[Na+],CROMOLYN SODIUM,0.79103,1.1926,0.991815,
10758343,C/C=C/C(=O)N(CC)c1ccccc1C,DNTGGZPQPQTDQF-UHFFFAOYSA-N,203.131014164,2.9240200000000014,C/C=C/C(=O)N(CC)c1ccccc1C,CROTAMITON,0.93593,1.0063,0.971115,
25405010,CC(C)(O)CC[C@@H](O)[C@](C)(O)C1CC[C@@]2(O)C3=CC(=O)C4C[C@@H](O)[C@@H](O)C[C@]4(C)C3CC[C@]12C,NKDFYOWSKOHCCO-QNDLOGEDSA-N,480.3087037479999,1.8539999999999994,CC(C)(O)CC[C@@H](O)[C@](C)(O)C1CC[C@@]2(O)C3=CC(=O)C4C[C@@H](O)[C@@H](O)C[C@]4(C)C3CC[C@]12C,CRUSTECDYSONE,0.91418,0.9544,0.93429,
42967930,FC(F)(Cl)C(F)(F)Cl,DDMOUSALMHHKOS-UHFFFAOYSA-N,169.93131824,2.6495999999999995,FC(F)(Cl)C(F)(F)Cl,CRYOFLURANE,1.1828,0.87513,1.028965,
62568718,C[C@H]1COC2=C1C(=O)C(=O)c1c2ccc2c1CCCC2(C)C,GVKKJJOMQCNPGB-JTQLQIEISA-N,296.14124449999997,3.4433000000000025,C[C@H]1COC2=C1C(=O)C(=O)c1c2ccc2c1CCCC2(C)C,CRYPTOTANSHINONE,1.1435,0.99933,1.071415,
10074441,CC(=O)CCc1ccc(OC(C)=O)cc1,UMIKWXDGXDJQJK-UHFFFAOYSA-N,206.094294308,2.1334999999999997,CC(=O)CCc1ccc(OC(C)=O)cc1,CUELURE,0.98042,1.0406,1.01051,
99343412,COc1cc(/C=C/C(=O)/C=C(O)/C=C/c2ccc(O)c(OC)c2)ccc1O,ZIUSSTSXXLLKKK-UHFFFAOYSA-N,368.12598835999995,3.852600000000003,COc1cc(/C=C/C(=O)/C=C(O)/C=C/c2ccc(O)c(OC)c2)ccc1O,CURCUMIN,0.96349,0.8881,0.925795,
84473052,N#CCC(=O)NN,HPHBOJANXDKUQD-UHFFFAOYSA-N,99.04326178,-1.11002,N#CCC(=O)NN,CYACETACIDE,0.89702,0.93679,0.916905,
23395970,Oc1cc(O)c2cc(O)c(-c3ccc(O)c(O)c3)[o+]c2c1.[Cl-],COAWNPJQKJEHPG-UHFFFAOYSA-N,322.02441575200004,-0.08709999999999923,Oc1cc(O)c2cc(O)c(-c3ccc(O)c(O)c3)[o+]c2c1.[Cl-],CYANIDIN CHLORIDE,0.85535,0.99884,0.927095,
89751514,C/C1=C2/N=C(/C=C3\N=C(/C(C)=C4\N=C(C(CC(N)=O)C4(C)CCC(=O)NCC(C)OP(=O)(O)O[C@@H]4[C@@H](CO)OC(n5c[n+]([Co]C#N)c6cc(C)c(C)cc65)[C@@H]4O)C4(C)N=C1C(CCC(N)=O)C4(C)CC(N)=O)C(CCC(N)=O)C3(C)C)C(CCC(N)=O)C2(C)CC(N)=O,OEEKSCBDGPRZJZ-VDFQXXDWSA-N,1354.5668515460895,2.8652200000000123,C/C1=C2/N=C(/C=C3\N=C(/C(C)=C4\N=C(C(CC(N)=O)C4(C)CCC(=O)NCC(C)OP(=O)(O)O[C@@H]4[C@@H](CO)OC(n5c[n+]([Co]C#N)c6cc(C)c(C)cc65)[C@@H]4O)C4(C)N=C1C(CCC(N)=O)C4(C)CC(N)=O)C(CCC(N)=O)C3(C)C)C(CCC(N)=O)C2(C)CC(N)=O,CYANOCOBALAMIN,1.2978,1.1427,1.22025,
86234992,O=S(=O)(O)NC1CCCCC1,HCAJEUSONLESMK-UHFFFAOYSA-N,179.061614276,0.7114999999999998,O=S(=O)(O)NC1CCCCC1,CYCLAMIC ACID,1.001,0.92157,0.961285,
65479627,CC1CC(OC(=O)C(O)c2ccccc2)CC(C)(C)C1,WZHCOOQXZCIUNC-UHFFFAOYSA-N,276.172544628,3.4780000000000024,CC1CC(OC(=O)C(O)c2ccccc2)CC(C)(C)C1,CYCLANDELATE,0.99723,0.90054,0.948885,
24471819,CN1CCN(C(c2ccccc2)c2ccccc2)CC1,UVKZSORBKUEBAZ-UHFFFAOYSA-N,266.178298704,3.0234000000000014,CN1CCN(C(c2ccccc2)c2ccccc2)CC1,CYCLIZINE,0.79234,1.0127,0.90252,
31610000,CN(C)CCC=C1c2ccccc2C=Cc2ccccc21.Cl,VXEAYBOGHINOKW-UHFFFAOYSA-N,311.144077384,4.9756000000000045,CN(C)CCC=C1c2ccccc2C=Cc2ccccc21.Cl,CYCLOBENZAPRINE HYDROCHLORIDE,0.85505,0.78879,0.82192,
95433626,C[C@@H]1C[C@@H]([C@H](O)CC2CC(=O)NC(=O)C2)C(=O)[C@@H](C)C1,YPHMISFOHDHNIV-FSZOTQKASA-N,281.162708216,1.0415,C[C@H]1C[C@H](C)C(=O)[C@H]([C@H](O)CC2CC(=O)NC(=O)C2)C1,CYCLOHEXIMIDE,0.96121,0.91387,0.93754,
21009469,CC1=C2CC3[C@@H](CC=C4C[C@@H](O)CC[C@@]43C)[C@@H]2CC[C@]12O[C@@H]1C[C@H](C)CN[C@H]1[C@H]2C,QASFUMOKHFSJGL-WHNPEMQBSA-N,411.31372955200004,5.0019000000000045,CC1=C2CC3[C@@H](CC=C4C[C@@H](O)CC[C@@]43C)[C@@H]2CC[C@]12O[C@@H]1C[C@H](C)CN[C@H]1[C@H]2C,CYCLOPAMINE,0.92773,0.95138,0.939555,
27654529,CN(C)CCOC(=O)C(c1ccccc1)C1(O)CCCC1.Cl,RHKZVMUBMXGOLL-UHFFFAOYSA-N,327.160121372,2.601900000000001,CN(C)CCOC(=O)C(c1ccccc1)C1(O)CCCC1.Cl,CYCLOPENTOLATE HYDROCHLORIDE,1.1646,1.0201,1.09235,
87548825,O.O=P1(N(CCCl)CCCl)NCCCO1,PWOQRKCAHTVFLB-UHFFFAOYSA-N,278.035384394,1.0593,O.O=P1(N(CCCl)CCCl)NCCCO1,CYCLOPHOSPHAMIDE,1.1839,1.1011,1.1425,
54155605,N[C@@H]1CONC1=O,DYDCUQKUCUHJBH-UWTATZPHSA-N,102.042927432,-1.6249000000000007,N[C@@H]1CONC1=O,CYCLOSERINE (D),0.84088,0.93557,0.888225,
62303598,N[C@H]1CONC1=O,DYDCUQKUCUHJBH-REOHCLBHSA-N,102.042927432,-1.6249000000000007,N[C@H]1CONC1=O,CYCLOSERINE (L),0.96528,0.90007,0.932675,
46323286,C/C=C/CC(C)C(O)C1C(=O)NC(CC)C(=O)N(C)CC(=O)N(C)C(CC(C)C)C(=O)NC(C(C)C)C(=O)N(C)C(CC(C)C)C(=O)NC(C)C(=O)NC(C)C(=O)N(C)C(CC(C)C)C(=O)N(C)C(CC(C)C)C(=O)N(C)C(C(C)C)C(=O)N1C,PMATZTZNYRCHOR-UHFFFAOYSA-N,1201.8413679919997,3.2690000000000046,C/C=C/CC(C)C(O)C1C(=O)NC(CC)C(=O)N(C)CC(=O)N(C)C(CC(C)C)C(=O)NC(C(C)C)C(=O)N(C)C(CC(C)C)C(=O)NC(C)C(=O)NC(C)C(=O)N(C)C(CC(C)C)C(=O)N(C)C(CC(C)C)C(=O)N(C)C(C(C)C)C(=O)N1C,CYCLOSPORINE,1.112,1.0444,1.0782,
75858738,NS(=O)(=O)c1cc2c(cc1Cl)NC(C1CC3C=CC1C3)NS2(=O)=O,BOCUKUHCLICSIY-UHFFFAOYSA-N,389.0270756719999,1.2295000000000003,NS(=O)(=O)c1cc2c(cc1Cl)NC(C1CC3C=CC1C3)NS2(=O)=O,CYCLOTHIAZIDE,0.86632,0.85453,0.860425,
23341536,COc1cc2c(cc1OC)Cc1cc(OC)c(OC)cc1Cc1cc(OC)c(OC)cc1C2,YECHEDVCXXVLIY-UHFFFAOYSA-N,450.20423867999995,4.824000000000004,COc1cc2c(cc1OC)Cc1cc(OC)c(OC)cc1Cc1cc(OC)c(OC)cc1C2,CYCLOVERATRYLENE,0.91726,1.0303,0.97378,
10662880,CC1(C)C(C=C(Cl)Cl)C1C(=O)OC(C#N)c1cccc(Oc2ccccc2)c1,KAATUXNTWXVJKI-UHFFFAOYSA-N,415.074198828,6.177980000000004,CC1(C)C(C=C(Cl)Cl)C1C(=O)OC(C#N)c1cccc(Oc2ccccc2)c1,CYPERMETHRIN,1.1258,1.0954,1.1106,
13970665,CN1CCC(=C2c3ccccc3C=Cc3ccccc32)CC1.Cl,ZPMVNZLARAEGHB-UHFFFAOYSA-N,323.14407738399996,5.119700000000004,CN1CCC(=C2c3ccccc3C=Cc3ccccc32)CC1.Cl,CYPROHEPTADINE HYDROCHLORIDE,0.89318,1.0369,0.96504,
32969161,CC(=O)[C@@]1(O)CCC2C3C=C(Cl)C4=CC(=O)[C@@H]5CC5[C@]4(C)C3CC[C@@]21C,DUSHUSLJJMDGTE-AVWUXPBGSA-N,374.16487240400005,4.036800000000003,CC(=O)[C@@]1(O)CCC2C3C=C(Cl)C4=CC(=O)[C@@H]5CC5[C@]4(C)C3CC[C@@]21C,CYPROTERONE,1.0378,1.0662,1.052,
42942887,CC(=O)O[C@]1(C(C)=O)CCC2C3C=C(Cl)C4=CC(=O)[C@@H]5C[C@@H]5[C@]4(C)C3CC[C@@]21C,UWFYSQMTEOIJJG-WMANOXGZSA-N,416.175437088,4.607600000000004,CC(=O)O[C@]1(C(C)=O)CCC2C3C=C(Cl)C4=CC(=O)[C@@H]5C[C@@H]5[C@]4(C)C3CC[C@@]21C,CYPROTERONE ACETATE,1.0575,1.1313,1.0944,
11066991,Nc1nc(N)nc(NC2CC2)n1,LVQDKIWDGQRHTE-UHFFFAOYSA-N,166.09669431999998,-0.3897000000000006,Nc1nc(N)nc(NC2CC2)n1,CYROMAZINE,1.3875,1.017,1.20225,
11578460,Cl.Cl.NCCSSCCN,YUFRRMZSSPQMOS-UHFFFAOYSA-N,223.99754580799998,1.1288,Cl.Cl.NCCSSCCN,CYSTAMINE DIHYDROCHLORIDE,1.1031,0.98376,1.04343,
10666352,Cl.NCCS,OGMADIBCHLQMIP-UHFFFAOYSA-N,113.00659793599999,0.2967,Cl.NCCS,CYSTEAMINE HYDROCHLORIDE,1.2015,1.0274,1.11445,
64915947,Cl.NC(CS)C(=O)O,IFQSXNOEEPCSLW-UHFFFAOYSA-N,156.996427176,-0.25010000000000004,Cl.NC(CS)C(=O)O,CYSTEINE HYDROCHLORIDE,0.89342,0.90562,0.89952,
38332851,NC(CSSCC(N)C(=O)O)C(=O)O,LEVWYRKDKASIDU-UHFFFAOYSA-N,240.023848864,-0.8083999999999993,NC(CSSCC(N)C(=O)O)C(=O)O,CYSTINE,0.80328,0.8717,0.83749,
81560682,Nc1ccn(C2O[C@H](CO)[C@@H](O)[C@@H]2O)c(=O)n1,UHDGCWIWMRVCDJ-STUHELBRSA-N,243.085520516,-2.563,Nc1ccn(C2O[C@H](CO)[C@@H](O)[C@@H]2O)c(=O)n1,CYTARABINE,1.1469,1.0406,1.09375,
63614264,Nc1ccn(C2O[C@H](CO)[C@@H](O)[C@H]2O)c(=O)n1,UHDGCWIWMRVCDJ-ZRTZXPPTSA-N,243.085520516,-2.563,Nc1ccn(C2O[C@H](CO)[C@@H](O)[C@H]2O)c(=O)n1,CYTIDINE,1.0701,1.1474,1.10875,
99927602,O=c1cccc2n1C[C@H]1CNCC2C1,ANJTVLIZGCUXLD-VEDVMXKPSA-N,190.110613068,0.5549999999999999,O=c1cccc2n1C[C@H]1CNCC2C1,CYTISINE,1.2936,0.99306,1.14333,
91747862,OC[C@H]1O[C@](O)(CO)[C@@H](O)[C@@H]1O,RFSUNEUAIZKAJO-ARQDHWQXSA-N,180.063388104,-3.2197999999999998,OC[C@H]1O[C@](O)(CO)[C@@H](O)[C@@H]1O,D-(-)-FRUCTOSE ,1.107,1.0866,1.0968,
76010512,OC[C@H]1O[C@H](O[C@H]2[C@H](O)[C@@H](O)[C@H](O)O[C@@H]2CO)[C@H](O)[C@@H](O)[C@@H]1O,GUBGYTABKSRVRQ-QUYVBRFLSA-N,342.11621152399994,-5.397199999999993,OC[C@H]1O[C@H](O[C@@H]2[C@@H](CO)O[C@@H](O)[C@H](O)[C@H]2O)[C@H](O)[C@@H](O)[C@@H]1O,D-(+)-MALTOSE,0.94567,1.0978,1.021735,
70862746,O=C1O[C@H]([C@H](O)CO)C(O)=C1O,CIWBSHSKHKDKBQ-DUZGATOHSA-N,176.032087976,-1.4073999999999995,O=C1O[C@H]([C@H](O)CO)C(O)=C1O,D-ERYTHOBIC ACID,1.0333,1.067,1.05015,
65825796,O.OC[C@@H](O)C(O[C@@H]1O[C@H](CO)[C@H](O)[C@H](O)[C@H]1O)[C@H](O)[C@@H](O)CO,LXMBXZRLTPSWCR-ORTLXSBDSA-N,362.1424262719999,-6.585899999999991,O.OC[C@H](O)[C@@H](O)C(O[C@@H]1O[C@H](CO)[C@H](O)[C@H](O)[C@H]1O)[C@H](O)CO,D-LACTITOL MONOHYDRATE,0.99839,1.0822,1.040295,
92162184,C=C(C)C1CC=C(C)CC1,XMGQYMWWDOXHJM-UHFFFAOYSA-N,136.125200512,3.308900000000002,C=C(C)C1CC=C(C)CC1,d-LIMONENE,0.81187,1.2042,1.008035,
67448580,Cl.N[C@H](Cc1ccccc1)C(=O)O,ZAIZDXVMSSDZFA-DDWIOCJRSA-N,201.055656304,1.0628,Cl.N[C@H](Cc1ccccc1)C(=O)O,D-PHENYLALANINE,0.95291,0.9221,0.937505,
33286708,NC(C(=O)O)C(O)C(=O)O,YYLQUHNPNCGKJQ-UHFFFAOYSA-N,149.032422324,-2.1561999999999997,NC(C(=O)O)C(O)C(=O)O,"d,l-threo-3-HYDROXYASPARTIC ACID",1.0044,1.1636,1.084,
28091840,CCCCCCOC(=O)/N=C(\N)c1ccc(NCc2nc3cc(C(=O)N(CCC(=O)OCC)c4ccccn4)ccc3n2C)cc1.CS(=O)(=O)O,XETBXHPXHHOLOE-UHFFFAOYSA-N,723.3050324000001,5.106600000000005,CCCCCCOC(=O)/N=C(\N)c1ccc(NCc2nc3cc(C(=O)N(CCC(=O)OCC)c4ccccn4)ccc3n2C)cc1.CS(=O)(=O)O,DABIGATRAN ETEXILATE MESYLATE,1.1525,0.98214,1.06732,
63912587,CN(C)/N=N/c1[nH]cnc1C(N)=O,FDKXTQMXEQVLRF-UHFFFAOYSA-N,182.09160894,0.0688999999999999,CN(C)/N=N/c1[nH]cnc1C(N)=O,DACARBAZINE,0.14144,0.16943,0.155435,
72766875,Cc1c2oc3c(C)ccc(C(=O)OC(C)C4NC(=O)C(C(C)C)N(C)C(=O)CN(C)C(=O)C5CCCN5C(=O)C(C(C)C)NC4=O)c3nc-2c(C(=O)OC(C)C2NC(=O)C(C(C)C)N(C)C(=O)CN(C)C(=O)C3CCCN3C(=O)C(C(C)C)NC2=O)c(N)c1=O,QKRYGAZNLBVXHK-UHFFFAOYSA-N,1254.6284746719996,0.725640000000003,Cc1c2oc3c(C)ccc(C(=O)OC(C)C4NC(=O)C(C(C)C)N(C)C(=O)CN(C)C(=O)C5CCCN5C(=O)C(C(C)C)NC4=O)c3nc-2c(C(=O)OC(C)C2NC(=O)C(C(C)C)N(C)C(=O)CN(C)C(=O)C3CCCN3C(=O)C(C(C)C)NC2=O)c(N)c1=O,DACTINOMYCIN,0.1432,0.20167,0.172435,
60740184,O=c1c(-c2ccc(O)cc2)coc2cc(O)ccc12,ZQSIJRDFPHDXIC-UHFFFAOYSA-N,254.0579088,2.871200000000001,O=c1c(-c2ccc(O)cc2)coc2cc(O)ccc12,DAIDZEIN,1.1416,0.91711,1.029355,
15102326,C=CC(C1=CC(=O)C=CC1=O)c1ccccc1,GHCDJBVCFINEBQ-UHFFFAOYSA-N,224.083729624,2.590600000000001,C=CC(C1=CC(=O)C=CC1=O)c1ccccc1,DALBERGIONE,1.0358,0.92552,0.98066,
95280717,C#C[C@]1(O)CCC2C3CCC4=Cc5oncc5C[C@]4(C)C3CC[C@@]21C,POZRVZJJTULAOH-GSQPBCFPSA-N,337.20417910400005,4.221000000000004,C#C[C@]1(O)CCC2C3CCC4=Cc5oncc5C[C@]4(C)C3CC[C@@]21C,DANAZOL,1.1734,1.0647,1.11905,
12015768,O=C1c2cccc(O)c2C(=O)c2c(O)cccc21,QBPFLULOKWLNNW-UHFFFAOYSA-N,240.042258736,1.873199999999999,O=C1c2cccc(O)c2C(=O)c2c(O)cccc21,DANTHRON,1.2483,0.95073,1.099515,
32663544,O=C1CN(/N=C/c2ccc(-c3ccc([N+](=O)[O-])cc3)o2)C(=O)[N-]1.[Na+],KSRLIXGNPXAZHD-UHFFFAOYSA-M,336.047063668,-0.47140000000000026,O=C1CN(/N=C/c2ccc(-c3ccc([N+](=O)[O-])cc3)o2)C(=O)[N-]1.[Na+],DANTROLENE SODIUM,1.0392,0.85893,0.949065,
10990854,CCOc1ccc(Cc2cc([C@@H]3O[C@H](CO)[C@@H](O)[C@H](O)[C@H]3O)ccc2Cl)cc1,JVHXJTBJCFBINQ-ADAARDCZSA-N,408.1339662,1.8443999999999996,CCOc1ccc(Cc2cc([C@@H]3O[C@H](CO)[C@@H](O)[C@H](O)[C@H]3O)ccc2Cl)cc1,DAPAGLIFLOZIN,1.0731,0.97729,1.025195,
90152304,CN(C)[C@@H](CCOc1cccc2ccccc12)c1ccccc1.Cl,IHWDIQRWYNMKFM-BDQAORGHSA-N,341.154642068,5.3334000000000055,CN(C)[C@@H](CCOc1cccc2ccccc12)c1ccccc1.Cl,DAPOXETINE HYDROCHLORIDE,0.59723,0.42907,0.51315,
14836842,Nc1ccc(S(=O)(=O)c2ccc(N)cc2)cc1,MQJKPEGWNLWLTK-UHFFFAOYSA-N,248.061948624,1.6838000000000002,Nc1ccc(S(=O)(=O)c2ccc(N)cc2)cc1,DAPSONE,1.0258,1.0468,1.0363,
33905076,Br.NC(=O)C(c1ccccc1)(c1ccccc1)C1CCN(CCc2ccc3c(c2)CCO3)C1,UQAVIASOPREUIT-UHFFFAOYSA-N,506.15689033200005,4.535400000000004,Br.NC(=O)C(c1ccccc1)(c1ccccc1)C1CCN(CCc2ccc3c(c2)CCO3)C1,DARIFENACIN HYDROBROMIDE,1.0425,0.91593,0.979215,
57294144,COc1cccc2c1C(=O)c1c(O)c3c(c(O)c1C2=O)C[C@@](O)(C(C)=O)C[C@@H]3O[C@H]1C[C@H](N)[C@H](O)[C@H](C)O1.Cl,GUGHGUXZJWAIAS-QQYBVWGSSA-N,563.1558238399999,1.4506999999999997,COc1cccc2c1C(=O)c1c(O)c3c(c(O)c1C2=O)C[C@@](O)(C(C)=O)C[C@@H]3O[C@H]1C[C@H](N)[C@H](O)[C@H](C)O1.Cl,DAUNORUBICIN HYDROCHLORIDE,0.53303,0.59165,0.56234,
22476913,CC1(C)C(=O)C=C[C@@]2(C)C1CC(=O)[C@]1(C)C2CC[C@@]2(C)[C@H](c3ccoc3)OC(=O)[C@H]3O[C@]321,PMISPNORJONCHB-DKBZVKCESA-N,438.2042386799999,4.198100000000003,CC1(C)C(=O)C=C[C@@]2(C)C1CC(=O)[C@]1(C)C2CC[C@@]2(C)[C@H](c3ccoc3)OC(=O)[C@H]3O[C@]321,DEACETOXY-7-OXOGEDUNIN,0.91758,0.99513,0.956355,
98032624,CC1(C)C(=O)C=C[C@@]2(C)C1C[C@@H](O)[C@]1(C)C2CC[C@@]2(C)[C@H](c3ccoc3)OC(=O)[C@H]3O[C@]321,HCEYJYMNIQHPPK-NIANHESQSA-N,440.2198887439999,3.989900000000003,CC1(C)C(=O)C=C[C@@]2(C)C1C[C@@H](O)[C@]1(C)C2CC[C@@]2(C)[C@H](c3ccoc3)OC(=O)[C@H]3O[C@]321,DEACETYLGEDUNIN,0.93378,1.106,1.01989,
32482201,N=C(N)N1CCc2ccccc2C1.O=S(=O)(O)O,SVYNLIRHKQCPNE-UHFFFAOYSA-N,273.07832696,0.2853699999999998,N=C(N)N1CCc2ccccc2C1.O=S(=O)(O)O,DEBRISOQUIN SULFATE,0.84869,1.0087,0.928695,
54659231,C[N+](C)(C)CCCCCCCCCC[N+](C)(C)C.[Br-].[Br-],HLXQFVXURMXRPU-UHFFFAOYSA-L,416.1401734159999,-2.4723999999999915,C[N+](C)(C)CCCCCCCCCC[N+](C)(C)C.[Br-].[Br-],DECAMETHONIUM BROMIDE,1.0776,0.91276,0.99518,
64382489,CCCCCCCCCCOc1cc2c(O)c(C(=O)OCC)cnc2cc1OCC,JHAYEQICABJSTP-UHFFFAOYSA-N,417.25152322,6.035300000000007,CCCCCCCCCCOc1cc2c(O)c(C(=O)OCC)cnc2cc1OCC,DECOQUINATE [5mM],1.9394,1.0453,1.49235,
38993215,O=C(O)c1ccc(-n2nc(-c3ccccc3O)nc2-c2ccccc2O)cc1,BOFQWVMAQOTZIW-UHFFFAOYSA-N,373.10625596,3.710700000000001,O=C(O)c1ccc(-n2nc(-c3ccccc3O)nc2-c2ccccc2O)cc1,DEFERASIROX ,1.1474,1.1609,1.15415,
67614997,Cc1c(O)c(=O)ccn1C,TZXKOCQBRNJULO-UHFFFAOYSA-N,139.063328528,0.39931999999999984,Cc1c(O)c(=O)ccn1C,DEFERIPRONE,0.83368,0.80943,0.821555,
61753075,CC(=O)N(O)CCCCCNC(=O)CCC(=O)N(O)CCCCCNC(=O)CCC(=O)N(O)CCCCCN.CS(=O)(=O)O,IDDIJAWJANBQLJ-UHFFFAOYSA-N,656.3414774840002,0.42610000000000686,CC(=O)N(O)CCCCCNC(=O)CCC(=O)N(O)CCCCCNC(=O)CCC(=O)N(O)CCCCCN.CS(=O)(=O)O,DEFEROXAMINE MESYLATE,1.0123,0.95408,0.98319,
91913815,CC(=O)OCC(=O)[C@@]12N=C(C)O[C@@H]1CC1C3CCC4=CC(=O)C=C[C@]4(C)C3[C@@H](O)C[C@@]12C,FBHSPRKOSMHSIF-JEHHHYCTSA-N,441.21513771199994,2.5632,CC(=O)OCC(=O)[C@@]12N=C(C)O[C@@H]1CC1C3CCC4=CC(=O)C=C[C@]4(C)C3[C@@H](O)C[C@@]12C,DEFLAZACORT,0.97519,0.88603,0.93061,
65490291,COc1cc2c(cc1OC)[C@@H]1C(=O)c3ccc4c(c3O[C@@H]1CO2)C=CC(C)(C)O4,ORDAZKGHSNRHTD-UXHICEINSA-N,394.14163842399995,4.007900000000003,COc1cc2c(cc1OC)[C@@H]1C(=O)c3ccc4c(c3O[C@@H]1CO2)C=CC(C)(C)O4,DEGUELIN(-),1.3997,1.56,1.47985,
12460091,CC(=O)C1C(=O)C=C(C)OC1=O,PGRHXDWITVMQBC-UHFFFAOYSA-N,168.042258736,0.22130000000000005,CC(=O)C1C(=O)C=C(C)OC1=O,DEHYDROACETIC ACID,0.87125,0.99879,0.93502,
39651250,C[C@H](CCC(=O)[O-])[C@H]1CCC2C3C(=O)CC4CC(=O)CC[C@]4(C)C3CC(=O)[C@@]21C.[Na+],FKJIJBSJQSMPTI-FHVQCLKSSA-M,424.222568436,-0.25739999999999585,C[C@H](CCC(=O)[O-])[C@H]1CCC2C3C(=O)CC4CC(=O)CC[C@]4(C)C3CC(=O)[C@@]21C.[Na+],DEHYDROCHOLATE SODIUM,1.1777,1.0713,1.1245,
87842852,CC(CCC(=O)O)[C@H]1CCC2C3C(=O)C[C@@H]4CC(=O)CC[C@]4(C)C3CC(=O)[C@@]21C,OHXPGWPVLFPUSM-IWYXHJQRSA-N,402.24062418799997,4.073300000000003,CC(CCC(=O)O)[C@H]1CCC2C3C(=O)C[C@@H]4CC(=O)CC[C@]4(C)C3CC(=O)[C@@]21C,DEHYDROCHOLIC ACID,0.93604,0.99867,0.967355,
25498093,COc1cc2c(cc1OC)-c1c(oc3c4c(ccc3c1=O)OC(C)(C)C=C4)CO2,NGQVFILFHVPLFE-UHFFFAOYSA-N,392.12598835999995,4.553800000000004,COc1cc2c(cc1OC)-c1c(oc3c4c(ccc3c1=O)OC(C)(C)C=C4)CO2,DEHYDRODEGUELIN,1.0462,1.2466,1.1464,
11221809,C=C(C)C1Cc2c(ccc3c(=O)c4c(oc23)COc2cc(OC)c(OC)cc2-4)O1,GFERNZCCTZEIET-UHFFFAOYSA-N,392.1259883599999,4.249200000000004,C=C(C)C1Cc2c(ccc3c(=O)c4c(oc23)COc2cc(OC)c(OC)cc2-4)O1,DEHYDROROTENONE,1.2415,1.2134,1.22745,
41189161,COc1ccc2c(c1)OCc1c-2oc2cc(OC)ccc12,FLEXCYTURSFUNC-UHFFFAOYSA-N,282.089208928,4.009400000000002,COc1ccc2c(c1)OCc1c-2oc2cc(OC)ccc12,DEHYDROVARIABILIN,1.0375,1.0437,1.0406,
69333430,CCOC(=O)[C@H](CCc1ccccc1)N[C@@H](C)C(=O)N(CC(=O)O)C1Cc2ccccc2C1.Cl,FDJCVHVKXFIEPJ-JCNFZFLDSA-N,488.207799836,3.031400000000002,CCOC(=O)[C@H](CCc1ccccc1)N[C@@H](C)C(=O)N(CC(=O)O)C1Cc2ccccc2C1.Cl,DELAPRIL HYDROCHLORIDE,0.84176,1.003,0.92238,
29460056,CN(C)[C@@H]1C(O)=C(C(N)=O)C(=O)[C@@]2(O)C(O)=C3C(=O)c4c(O)ccc(Cl)c4[C@@H](O)[C@H]3C[C@@H]12.Cl,GVSJQNRGSCOSNJ-KBHRXELFSA-N,500.07532102399995,0.6867000000000003,CN(C)[C@@H]1C(O)=C(C(N)=O)C(=O)[C@@]2(O)C(O)=C3C(=O)c4c(O)ccc(Cl)c4[C@@H](O)[C@H]3C[C@@H]12.Cl,DEMECLOCYCLINE HYDROCHLORIDE,0.15388,0.17951,0.166695,
42997183,COc1ccc(-c2cc(=O)c3c(O)c(OC)c(OC)c(OC)c3o2)cc1OC,DOFJNFPSMUCECH-UHFFFAOYSA-N,388.11581759999996,3.2086000000000023,COc1ccc(-c2cc(=O)c3c(O)c(OC)c(OC)c(OC)c3o2)cc1OC,DEMETHYLNOBILETIN,1.0681,1.139,1.10355,
54566286,CC[N+](CC)(CC(=O)Nc1c(C)cccc1C)Cc1ccccc1.O=C([O-])c1ccccc1,VWTINHYPRWEBQY-UHFFFAOYSA-N,446.25694294799996,4.348840000000004,CC[N+](CC)(CC(=O)Nc1c(C)cccc1C)Cc1ccccc1.O=C([O-])c1ccccc1,DENATONIUM BENZOATE,1.1226,1.0996,1.1111,
20891235,CC(CCC(=O)O)[C@H]1CCC2C3CC[C@@H]4C[C@H](O)CC[C@]4(C)C3C[C@H](O)[C@@]21C,KXGVEGMKQFWNSR-XBEHKFBISA-N,392.29265975999994,4.477900000000005,CC(CCC(=O)O)[C@H]1CCC2C3CC[C@@H]4C[C@H](O)CC[C@]4(C)C3C[C@H](O)[C@@]21C,DEOXYCHOLIC ACID,0.99035,1.0883,1.039325,
45163633,CC(=O)O[C@@H]1CC2C(C)(C)C(=O)C=C[C@]2(C)C2CC[C@]3(C)C(=CC(=O)O[C@H]3c3ccoc3)[C@@]21C,VOUDTVRGPAGHGA-OMRKLITNSA-N,466.2355388079999,5.349500000000006,CC(=O)O[C@@H]1CC2C(C)(C)C(=O)C=C[C@]2(C)C2CC[C@]3(C)C(=CC(=O)O[C@H]3c3ccoc3)[C@@]21C,DEOXYGEDUNIN,1.0467,1.2269,1.1368,
51748648,CC(=O)O[C@H]1C[C@@H](OC(C)=O)C(C)(C)C2C[C@@H](OC(C)=O)[C@@]3(C)C4=CC(=O)O[C@@H](c5ccoc5)[C@]4(C)CCC3[C@]21C,SUQFMFHTLHMZNM-SLBLICBISA-N,570.282882924,5.477700000000007,CC(=O)O[C@H]1C[C@@H](OC(C)=O)C(C)(C)C2C[C@@H](OC(C)=O)[C@@]3(C)C4=CC(=O)O[C@@H](c5ccoc5)[C@]4(C)CCC3[C@]21C,DEOXYKHIVORIN,0.88975,0.9967,0.943225,
89474911,COc1ccc2c(c1)OCC(Cc1ccc(O)c(OC)c1)C2=O,OFAYBXSZQCUARK-UHFFFAOYSA-N,314.115423676,2.843400000000001,COc1ccc2c(c1)OCC(Cc1ccc(O)c(OC)c1)C2=O,"DEOXYSAPPANONE B 7,3'-DIMETHYL ETHER",0.90611,0.85786,0.881985,
10693564,COc1ccc2c(c1)OCC(Cc1ccc(OC)c(O)c1)C2=O,NGCXNVIQHUCZIT-UHFFFAOYSA-N,314.115423676,2.8434000000000017,COc1ccc2c(c1)OCC(Cc1ccc(OC)c(O)c1)C2=O,"DEOXYSAPPANONE B 7,4'-DIMETHYL ETHER",1.084,1.2372,1.1606,
10432296,COc1ccc2c(c1)OCC(Cc1ccc(OC)c(OC)c1)C2=O,ZRSCGBGNKZDPOF-UHFFFAOYSA-N,328.13107374,3.1464000000000016,COc1ccc2c(c1)OCC(Cc1ccc(OC)c(OC)c1)C2=O,DEOXYSAPPANONE B TRIMETHYL ETHER,1.1006,0.96467,1.032635,
38958089,Cc1cc(N)c2ccccc2[n+]1CCCCCCCCCC[n+]1c(C)cc(N)c2ccccc21.[Cl-].[Cl-],LTNZEXKYNRNOGT-UHFFFAOYSA-N,526.2630026400001,0.17824000000000445,Cc1cc(N)c2ccccc2[n+]1CCCCCCCCCC[n+]1c(C)cc(N)c2ccccc21.[Cl-].[Cl-],DEQUALINIUM CHLORIDE,0.90916,1.0783,0.99373,
26885593,COc1ccc(-c2cc(C(F)F)nn2-c2ccc(S(N)(=O)=O)cc2)cc1F,WAZQAZKAZLXFMK-UHFFFAOYSA-N,397.07079696799997,3.2720000000000002,COc1ccc(-c2cc(C(F)F)nn2-c2ccc(S(N)(=O)=O)cc2)cc1F,DERACOXIB,0.96327,1.1193,1.041285,
45086186,COc1cc(OC)c2c(OC)c(-c3ccc4c(c3)OCO4)c(=O)oc2c1,PZYZNVLXKYMURF-UHFFFAOYSA-N,356.0896028519999,3.214500000000002,COc1cc(OC)c2c(OC)c(-c3ccc4c(c3)OCO4)c(=O)oc2c1,DERRUSNIN,0.94413,0.97084,0.957485,
83676275,C=C[C@@]1(C)CC(=O)[C@@]2(O)[C@](C)(O1)[C@@H](O)[C@@H](O)C1C(C)(C)CC[C@H](O)[C@@]12C,WPDITXOBNLYZHH-GGLAWTCMSA-N,368.219888744,0.9490999999999989,C=C[C@@]1(C)CC(=O)[C@@]2(O)[C@](C)(O1)[C@@H](O)[C@@H](O)C1C(C)(C)CC[C@H](O)[C@@]12C,DESACETYLCOLFORSIN,0.92926,1.1126,1.02093,
89664412,CNCCCN1c2ccccc2CCc2ccccc21.Cl,XAEWZDYWZHIUCT-UHFFFAOYSA-N,302.154976416,3.954600000000004,CNCCCN1c2ccccc2CCc2ccccc21.Cl,DESIPRAMINE HYDROCHLORIDE,0.88369,0.93206,0.907875,
10938557,Cl.Clc1ccc2c(c1)CCc1cccnc1C2=C1CCNCC1,XJJLVGAIFJSMSJ-UHFFFAOYSA-N,346.100354,4.440700000000004,Cl.Clc1ccc2c(c1)CCc1cccnc1C2=C1CCNCC1,DESLORATADINE HYDROCHLORIDE,0.9459,0.92223,0.934065,
24407365,Clc1ccc2c(c1)CCc1cccnc1C2=C1CCNCC1,JAUOIFJMECXRGI-UHFFFAOYSA-N,310.123676288,4.018900000000002,Clc1ccc2c(c1)CCc1cccnc1C2=C1CCNCC1,DESLORATIDINE,0.75871,0.81295,0.78583,
44193205,C#C[C@]1(O)CCC2[C@@H]3CCC4=CCCC[C@@H]4C3C(=C)C[C@@]21CC,RPLCPCMSCLEKRS-ROLQGWSDSA-N,310.22966558,4.869700000000004,C#C[C@]1(O)CCC2[C@@H]3CCC4=CCCC[C@@H]4C3C(=C)C[C@@]21CC,DESOGESTREL,0.91857,1.1197,1.019135,
32731447,CC1(C)O[C@@H]2CC3C4CCC5=CC(=O)C=C[C@]5(C)C4[C@@H](O)C[C@]3(C)[C@]2(C(=O)CO)O1,WBGKWQHBNHJJPZ-QHDHGWJCSA-N,416.2198887439999,2.326700000000001,CC1(C)O[C@@H]2CC3C4CCC5=CC(=O)C=C[C@]5(C)C4[C@@H](O)C[C@]3(C)[C@]2(C(=O)CO)O1,DESONIDE,0.95192,0.81038,0.88115,
96810323,CC(=O)OCC(=O)[C@H]1CCC2C3CCC4=CC(=O)CC[C@]4(C)C3CC[C@@]21C,VPGRYOFKCNULNK-CLIPTZFXSA-N,372.230059504,4.266700000000004,CC(=O)OCC(=O)[C@H]1CCC2C3CCC4=CC(=O)CC[C@]4(C)C3CC[C@@]21C,DESOXYCORTICOSTERONE ACETATE,1.2705,1.3344,1.30245,
48349133,C[C@@H]1CC2C3CCC4=CC(=O)C=C[C@]4(C)[C@@]3(F)[C@@H](O)C[C@]2(C)[C@H]1C(=O)CO,VWVSBHGCDBMOOT-ZIKVJHDZSA-N,376.20498762799997,2.7808000000000015,C[C@@H]1CC2C3CCC4=CC(=O)C=C[C@]4(C)[C@@]3(F)[C@@H](O)C[C@]2(C)[C@H]1C(=O)CO,DESOXYMETASONE,1.0459,0.76831,0.907105,
10970983,CN(C)CC(c1ccc(O)cc1)C1(O)CCCCC1.O=C(O)CCC(=O)O,ORUUBRMVQCKYHB-UHFFFAOYSA-N,381.21513771199994,2.6684,CN(C)CC(c1ccc(O)cc1)C1(O)CCCCC1.O=C(O)CCC(=O)O,DESVENLAFAXINE SUCCINATE,0.94098,0.95196,0.94647,
11012594,Cc1cccc(Cc2c[nH]cn2)c1C.Cl,OIWRDXKNDCJZSM-UHFFFAOYSA-N,222.09237616,3.039140000000002,Cc1cccc(Cc2c[nH]cn2)c1C.Cl,DETOMIDINE HYDROCHLORIDE,0.8604,0.83238,0.84639,
64909518,C[C@@H]1CC2C3CCC4=CC(=O)C=C[C@]4(C)[C@@]3(F)[C@@H](O)C[C@]2(C)[C@@]1(O)C(=O)CO,UREBDLICKHMUKA-QCYOSJOCSA-N,392.19990224799994,1.8957000000000002,C[C@@H]1CC2C3CCC4=CC(=O)C=C[C@]4(C)[C@@]3(F)[C@@H](O)C[C@]2(C)[C@@]1(O)C(=O)CO,DEXAMETHASONE,1.0589,1.2023,1.1306,
94691924,CC(=O)OCC(=O)[C@@]1(O)[C@H](C)CC2C3CCC4=CC(=O)C=C[C@]4(C)[C@@]3(F)[C@@H](O)C[C@@]21C,AKUJBENLRBOFTD-HIBZCRSPSA-N,434.210466932,2.466500000000001,CC(=O)OCC(=O)[C@@]1(O)[C@H](C)CC2C3CCC4=CC(=O)C=C[C@]4(C)[C@@]3(F)[C@@H](O)C[C@@]21C,DEXAMETHASONE ACETATE,1.1512,0.73743,0.944315,
29843346,C[C@@H]1CC2C3CCC4=CC(=O)C=C[C@]4(C)[C@@]3(F)[C@@H](O)C[C@]2(C)[C@@]1(O)C(=O)COP(=O)([O-])[O-].[Na+].[Na+],PLCQGRYPOISRTQ-YDABOWNXSA-L,516.130121266,-5.243299999999994,C[C@@H]1CC2C3CCC4=CC(=O)C=C[C@]4(C)[C@@]3(F)[C@@H](O)C[C@]2(C)[C@@]1(O)C(=O)COP(=O)([O-])[O-].[Na+].[Na+],DEXAMETHASONE SODIUM PHOSPHATE,1.0497,1.1562,1.10295,
33185622,Cl.N[C@@H](COP(=O)(O)O)C(=O)O,SMQMATXRVFPROR-DKWTVANSSA-N,220.985601318,-1.0706000000000004,Cl.N[C@@H](COP(=O)(O)O)C(=O)O,DEXFOSFOSERINE HYDROCHLORIDE,0.89775,1.0402,0.968975,
48091418,Cc1c(OCC(F)(F)F)ccnc1C[S@@](=O)c1nc2ccccc2[nH]1,MJIHNNLFOKEZEW-RUZDIDTESA-N,369.07588234800005,3.515220000000001,Cc1c(OCC(F)(F)F)ccnc1C[S@@](=O)c1nc2ccccc2[nH]1,DEXLANSOPRAZOLE,1.1323,0.9915,1.0619,
14797726,CC(C)(CO)C(O)C(=O)NCCCO,SNPLKNRPJHDVJA-UHFFFAOYSA-N,205.131408088,-1.1355999999999997,CC(C)(CO)C(O)C(=O)NCCCO,DEXPANTHENOL,0.81351,0.96721,0.89036,
14716645,CC(C)NC[C@@H](O)COc1cccc2ccccc12.Cl,ZMRUPTIKESYGQW-PFEQFJNWSA-N,295.13390662399996,2.999300000000001,CC(C)NC[C@@H](O)COc1cccc2ccccc12.Cl,DEXPROPRANOLOL HYDROCHLORIDE [R(+)],0.75722,0.99074,0.87398,
71491607,C[C@@H](CN1CC(=O)NC(=O)C1)N1CC(=O)NC(=O)C1,BMKDZUISNHGIBY-ZETCQYMHSA-N,268.117154992,-2.708299999999996,C[C@@H](CN1CC(=O)NC(=O)C1)N1CC(=O)NC(=O)C1,DEXRAZOXANE,0.95413,1.0257,0.989915,
93291752,Br.COc1ccc2c(c1)[C@]13CCCC[C@@H]1[C@H](C2)N(C)CC3,MISZALMBODQYFT-URVXVIKDSA-N,351.119776552,3.9613000000000023,Br.COc1ccc2c(c1)[C@]13CCCC[C@@H]1[C@H](C2)N(C)CC3,DEXTROMETHORPHAN HYDROBROMIDE,0.65548,0.69362,0.67455,
60914255,O=C(/C=C(O)/C=C/c1ccc(O)c(O)c1)/C=C/c1ccc(O)c(O)c1,MQHBAUYEIFLTRU-UHFFFAOYSA-N,340.09468823199995,3.2466000000000017,O=C(/C=C(O)/C=C/c1ccc(O)c(O)c1)/C=C/c1ccc(O)c(O)c1,DI-O-DEMETHYLCURCUMIN,0.8119,1.1053,0.9586,
98893696,CC(=O)Oc1cccc2c1C(=O)c1c(OC(C)=O)cc(C(=O)O)cc1C2=O,TYNLGDBUJLVSMA-UHFFFAOYSA-N,368.05321734399996,2.0107999999999997,CC(=O)Oc1cccc2c1C(=O)c1c(OC(C)=O)cc(C(=O)O)cc1C2=O,DIACERIN,0.90282,0.95761,0.930215,
96226411,CC(=O)Nc1ccc(OC(C)=O)cc1,UJAOSPFULOFZRR-UHFFFAOYSA-N,193.073893212,1.5702999999999998,CC(=O)Nc1ccc(OC(C)=O)cc1,DIACETAMATE,1.0997,0.96422,1.03196,
80630529,C=CCSCC=C,UBJVUCKUDDKUJF-UHFFFAOYSA-N,114.05032132,2.0916,C=CCSCC=C,DIALLYL SULFIDE,0.83493,0.99536,0.915145,
50315105,CC(=O)Nc1c(I)c(NC(C)=O)c(I)c(C(=O)O)c1I,YVPYQUNUQOZFHG-UHFFFAOYSA-N,613.769650768,3.1154,CC(=O)Nc1c(I)c(NC(C)=O)c(I)c(C(=O)O)c1I,DIATRIZOIC ACID,0.90033,0.92219,0.91126,
10732636,COc1ccc(Cc2cnc(N)nc2N)cc1OC,LDBTVAXGKYIFHO-UHFFFAOYSA-N,260.127325752,1.2489999999999999,COc1ccc(Cc2cnc(N)nc2N)cc1OC,DIAVERIDINE,0.42388,0.46582,0.44485,
30536183,CC1=Nc2ccc(Cl)cc2S(=O)(=O)N1,GDLBFKVLRPITMI-UHFFFAOYSA-N,229.991676144,1.6818,CC1=Nc2ccc(Cl)cc2S(=O)(=O)N1,DIAZOXIDE,1.0821,1.2051,1.1436,
86871522,NC[C@@H]1CC[C@@H](N)[C@@H](O[C@H]2[C@H](O)[C@@H](O[C@H]3O[C@H](CO)[C@@H](O)[C@H](N)[C@H]3O)[C@H](N)C[C@@H]2N)O1,JJCQSGDBDPYCEO-XVZSLQNASA-N,451.2642131439999,-5.266599999999998,NC[C@@H]1CC[C@@H](N)[C@@H](O[C@@H]2[C@@H](N)C[C@@H](N)[C@H](O[C@H]3O[C@H](CO)[C@@H](O)[C@H](N)[C@H]3O)[C@H]2O)O1,DIBEKACIN,1.0971,1.0862,1.09165,
18483651,c1ccc2c(c1)sc1ccccc12,IYYZUPMFVPLQIF-UHFFFAOYSA-N,184.034671256,4.054500000000002,c1ccc2c(c1)sc1ccccc12,DIBENZOTHIOPHENE,1.3385,1.3686,1.35355,
43881524,CCCCOc1cc(C(=O)NCCN(CC)CC)c2ccccc2n1.Cl,IVHBBMHQKZBJEU-UHFFFAOYSA-N,379.20265488,3.907100000000004,CCCCOc1cc(C(=O)NCCN(CC)CC)c2ccccc2n1.Cl,DIBUCAINE HYDROCHLORIDE,1.0798,0.93749,1.008645,
21789988,CCCCOC(=O)c1ccccc1C(=O)OCCCC,DOIRQSBPFJWKBE-UHFFFAOYSA-N,278.151809184,3.600400000000003,CCCCOC(=O)c1ccccc1C(=O)OCCCC,DIBUTYL PHTHALATE,1.1691,1.1909,1.18,
63904758,CCCCOC(=O)CCCCCCC(=O)OCCCC,LBXQUCHUHCBNTC-UHFFFAOYSA-N,286.21440944,4.013600000000004,CCCCOC(=O)CCCCCCC(=O)OCCCC,DIBUTYL SUBERATE,1.0113,1.0176,1.01445,
19748508,CC(=O)OCC(=O)[C@@]1(O)CCC2C3CCC4=CC(=O)C=C[C@]4(C)[C@@]3(Cl)[C@@H](Cl)C[C@@]21C,YNNURTVKPVJVEI-JORUCDAYSA-N,454.131379356,3.7363000000000026,CC(=O)OCC(=O)[C@@]1(O)CCC2C3CCC4=CC(=O)C=C[C@]4(C)[C@@]3(Cl)[C@@H](Cl)C[C@@]21C,DICHLORISONE ACETATE,0.75468,1.0115,0.88309,
18929888,Clc1ccc(C(c2ccc(Cl)cc2)C(Cl)(Cl)Cl)cc1,YVGGHNCTFXOJCH-UHFFFAOYSA-N,351.914688688,6.495500000000002,Clc1ccc(C(c2ccc(Cl)cc2)C(Cl)(Cl)Cl)cc1,DICHLORODIPHENYLTRICHLOROETHANE,1.1744,1.5028,1.3386,
35861011,COc1c(Cl)c(C)c(C(=O)Oc2cc(C)c(C(=O)O)c(O)c2)c(O)c1Cl,AESGLXVLIHUKMR-UHFFFAOYSA-N,400.0116581479999,3.9474400000000034,COc1c(Cl)c(C)c(C(=O)Oc2cc(C)c(C(=O)O)c(O)c2)c(O)c1Cl,DICHLOROEVERNIC ACID,0.95376,1.0261,0.98993,
31384946,Oc1ccc(Cl)cc1Cc1cc(Cl)ccc1O,MDNWOSOZYLHTCG-UHFFFAOYSA-N,268.00578492,3.9954000000000023,Oc1ccc(Cl)cc1Cc1cc(Cl)ccc1O,DICHLOROPHEN,0.14455,0.16232,0.153435,
37072836,COP(=O)(OC)OC=C(Cl)Cl,OEBRKCOSUFCWJD-UHFFFAOYSA-N,219.94590069400002,2.6804000000000006,COP(=O)(OC)OC=C(Cl)Cl,DICHLORVOS,0.97586,0.98293,0.979395,
91756397,N#CC(c1ccc(Cl)cc1)c1c(Cl)cc(-n2ncc(=O)[nH]c2=O)cc1Cl,ZSZFUDFOPOMEET-UHFFFAOYSA-N,405.979108568,3.536480000000002,N#CC(c1ccc(Cl)cc1)c1c(Cl)cc(-n2ncc(=O)[nH]c2=O)cc1Cl,DICLAZURIL,1.0762,1.0939,1.08505,
27268958,O=C([O-])Cc1ccccc1Nc1c(Cl)cccc1Cl.[Na+],KPHWPUGNDIVLNH-UHFFFAOYSA-M,316.9986282,0.03339999999999904,O=C([O-])Cc1ccccc1Nc1c(Cl)cccc1Cl.[Na+],DICLOFENAC SODIUM,1.1306,0.92896,1.02978,
61560140,O=C(NC(O)C(Cl)(Cl)Cl)NC(O)C(Cl)(Cl)Cl,PPJXIHLNYDVTDI-UHFFFAOYSA-N,351.850958132,1.6627999999999998,O=C(NC(O)C(Cl)(Cl)Cl)NC(O)C(Cl)(Cl)Cl,DICLORALUREA,0.91052,0.94332,0.92692,
90002084,Cc1onc(-c2c(Cl)cccc2Cl)c1C(=O)N[C@@H]1C(=O)N2[C@@H]1SC(C)(C)[C@@H]2C(=O)[O-].[Na+],GXOMMGAFBINOJY-SLINCCQESA-M,491.00854125199993,-1.1285799999999995,Cc1onc(-c2c(Cl)cccc2Cl)c1C(=O)N[C@@H]1C(=O)N2[C@@H](C(=O)[O-])C(C)(C)S[C@H]12.[Na+],DICLOXACILLIN SODIUM,1.2779,0.86615,1.072025,
64292186,COc1c2ccccc2nc2occc12,WIONIXOBNMDJFJ-UHFFFAOYSA-N,199.063328528,2.989600000000001,COc1c2ccccc2nc2occc12,DICTAMNINE,0.95484,1.0715,1.01317,
61468552,O=c1oc2ccccc2c(O)c1Cc1c(O)c2ccccc2oc1=O,DOBMPNYZJYQDGZ-UHFFFAOYSA-N,336.06338810399996,2.9014000000000006,O=c1oc2ccccc2c(O)c1Cc1c(O)c2ccccc2oc1=O,DICUMAROL,1.1081,0.9994,1.05375,
67551391,O=C(NC1CCCCC1)NC1CCCCC1,ADFXKUOMJKEIND-UHFFFAOYSA-N,224.188863388,2.9510000000000014,O=C(NC1CCCCC1)NC1CCCCC1,DICYCLOHEXYLUREA,1.0577,0.94067,0.999185,
67079523,CCN(CC)CCOC(=O)C1(C2CCCCC2)CCCCC1.Cl,GUBNMFJOJGDCEL-UHFFFAOYSA-N,345.243457072,4.824000000000006,CCN(CC)CCOC(=O)C1(C2CCCCC2)CCCCC1.Cl,DICYCLOMINE HYDROCHLORIDE,0.85487,1.0468,0.950835,
88242509,O=c1[nH]cnc2c1ncn2C1CC[C@@H](CO)O1,BXZVVICBKDXVGW-PKPIPKONSA-N,236.090940244,-0.21050000000000008,O=c1[nH]cnc2c1ncn2C1CC[C@@H](CO)O1,DIDANOSINE,1.0159,1.1321,1.074,
44220836,C/C=C(C(=C/C)/c1ccc(O)cc1)\c1ccc(O)cc1,NFDFQCUYFHCNBW-UHFFFAOYSA-N,266.130679816,4.604600000000004,C/C=C(C(=C/C)/c1ccc(O)cc1)\c1ccc(O)cc1,DIENESTROL,0.90169,0.89445,0.89807,
90741504,CCN(CC)C(=O)N1CCN(C)CC1.O=C(O)CC(O)(CC(=O)O)C(=O)O,PGNKBEARDDELNB-UHFFFAOYSA-N,391.1954648879999,-0.552899999999996,CCN(CC)C(=O)N1CCN(C)CC1.O=C(O)CC(O)(CC(=O)O)C(=O)O,DIETHYLCARBAMAZINE CITRATE,1.1021,1.0965,1.0993,
10331935,CC/C(=C(/CC)c1ccc(O)cc1)c1ccc(O)cc1,RGLYKWWBQGJZGM-UHFFFAOYSA-N,268.14632988,4.828600000000005,CC/C(=C(/CC)c1ccc(O)cc1)c1ccc(O)cc1,DIETHYLSTILBESTROL,0.75927,0.72192,0.740595,
10178442,CCN(CC)C(=O)c1cccc(C)c1,MMOXZBCLCQITDF-UHFFFAOYSA-N,191.131014164,2.4770200000000004,CCN(CC)C(=O)c1cccc(C)c1,DIETHYLTOLUAMIDE,0.85071,1.0668,0.958755,
44284876,COc1cc(C)c(C(=O)Oc2cc(C)c(C(=O)O)c(O)c2C)c(OC)c1C,MIJKZXWOOXIEEU-UHFFFAOYSA-N,374.136553044,3.560480000000002,COc1cc(C)c(C(=O)Oc2cc(C)c(C(=O)O)c(O)c2C)c(OC)c1C,DIFFRACTAIC ACID,0.89366,0.91684,0.90525,
63309463,CC(=O)OCC(=O)[C@@]1(OC(C)=O)[C@@H](C)CC2C3C[C@H](F)C4=CC(=O)C=C[C@]4(C)[C@@]3(F)[C@@H](O)C[C@@]21C,BOBLHFUVNSFZPJ-LIRARCAYSA-N,494.211609804,2.9853000000000014,CC(=O)OCC(=O)[C@@]1(OC(C)=O)[C@@H](C)CC2C3C[C@H](F)C4=CC(=O)C=C[C@]4(C)[C@@]3(F)[C@@H](O)C[C@@]21C,DIFLORASONE DIACETATE,1.3707,1.0551,1.2129,
80961675,CN1CCN(c2cc3c(cc2F)c(=O)c(C(=O)O)cn3-c2ccc(F)cc2)CC1.Cl,JFMGBGLSDVIOHL-UHFFFAOYSA-N,435.11612562,3.140700000000002,CN1CCN(c2cc3c(cc2F)c(=O)c(C(=O)O)cn3-c2ccc(F)cc2)CC1.Cl,DIFLOXACIN HYDROCHLORIDE,0.16169,0.16451,0.1631,
11489131,O=C(NC(=O)c1c(F)cccc1F)Nc1ccc(Cl)cc1,QQQYTWIFVNKMRW-UHFFFAOYSA-N,310.032061648,3.5801000000000016,O=C(NC(=O)c1c(F)cccc1F)Nc1ccc(Cl)cc1,DIFLUBENZURON,1.3465,1.1725,1.2595,
30098447,O=C(O)c1cc(-c2ccc(F)cc2F)ccc1O,HUPFGZXOMWLGNK-UHFFFAOYSA-N,250.044150556,3.035600000000001,O=C(O)c1cc(-c2ccc(F)cc2F)ccc1O,DIFLUNISAL,0.98126,1.0336,1.00743,
33825708,C[C@H]1O[C@@H](O[C@H]2[C@@H](O)C[C@H](O[C@H]3[C@@H](O)C[C@H](O[C@H]4CC[C@]5(C)C6CC[C@]7(C)[C@@H](C8=CC(=O)OC8)CC[C@]7(O)C6CC[C@@H]5C4)O[C@@H]3C)O[C@@H]2C)C[C@H](O)[C@@H]1O,WDJUZGPOPHTGOT-KSVSUYAUSA-N,764.434692108,3.2473000000000014,C[C@H]1O[C@@H](O[C@H]2[C@@H](O)C[C@H](O[C@H]3[C@@H](O)C[C@H](O[C@H]4CC[C@]5(C)C6CC[C@]7(C)[C@@H](C8=CC(=O)OC8)CC[C@]7(O)C6CC[C@@H]5C4)O[C@@H]3C)O[C@@H]2C)C[C@H](O)[C@@H]1O,DIGITOXIN,1.052,0.96269,1.007345,
60932414,C[C@]12[C@H](O)CC3C(CC[C@@H]4C[C@@H](O)CC[C@]34C)[C@@]1(O)CC[C@@H]2C1=CC(=O)OC1,SHIBSTMRCDJXLN-CGMOQAKTSA-N,390.2406241879999,2.5751000000000013,C[C@]12CC[C@H](O)C[C@H]1CCC1C2C[C@@H](O)[C@]2(C)[C@@H](C3=CC(=O)OC3)CC[C@]12O,DIGOXIGENIN,0.90839,0.91711,0.91275,
16181562,C[C@H]1O[C@@H](O[C@H]2[C@@H](O)C[C@H](O[C@H]3[C@@H](O)C[C@H](O[C@H]4CC[C@]5(C)C6C[C@@H](O)[C@]7(C)[C@@H](C8=CC(=O)OC8)CC[C@]7(O)C6CC[C@@H]5C4)O[C@@H]3C)O[C@@H]2C)C[C@H](O)[C@@H]1O,LTMHDMANZUZIPE-QVYPYPLASA-N,780.429606728,2.218100000000003,C[C@H]1O[C@@H](O[C@H]2[C@@H](O)C[C@H](O[C@H]3[C@@H](O)C[C@H](O[C@H]4CC[C@]5(C)C6C[C@@H](O)[C@]7(C)[C@@H](C8=CC(=O)OC8)CC[C@]7(O)C6CC[C@@H]5C4)O[C@@H]3C)O[C@@H]2C)C[C@H](O)[C@@H]1O,DIGOXIN,1.124,1.0127,1.06835,
87836264,COC(=O)c1c(C)cc(OC(=O)c2c(C)cc(O)c(CO)c2O)c(C)c1O,WHDBRSOTWRZEGF-UHFFFAOYSA-N,376.11581759999996,2.226760000000001,COC(=O)c1c(C)cc(OC(=O)c2c(C)cc(O)c(CO)c2O)c(C)c1O,DIHYDROATRANORIN,1.0267,0.86266,0.94468,
71749475,C=C1CCC(=O)C(C)CCC2C1CC2(C)C,GWBJPNAWYMBRLQ-UHFFFAOYSA-N,220.182715388,3.9841000000000033,C=C1CCC(=O)C(C)CCC2C1CC2(C)C,DIHYDROCARYOPHYLLEN-5-ONE,1.2745,1.0187,1.1466,
10144502,COc1cc2c(cc1OC)-c1c(oc3cc4c(cc3c1=O)CCO4)CO2,LZUNYTZRKSOHRX-UHFFFAOYSA-N,352.09468823199995,3.3045000000000018,COc1cc2c(cc1OC)-c1c(oc3cc4c(cc3c1=O)CCO4)CO2,DIHYDRODEHYDROEROSONE,0.97236,0.94052,0.95644,
98002299,COC(=O)C[C@H]1C(C)(C)[C@@H](OC(C)=O)[C@@H]2CC3C4CC(=O)O[C@@H](c5ccoc5)[C@]4(C)CCC3[C@@]1(C)C2=O,INDUNANCUDNZJY-BMJUORMOSA-N,514.256668176,4.662400000000004,COC(=O)C[C@H]1C(C)(C)[C@@H](OC(C)=O)[C@@H]2CC3C(CC[C@]4(C)C3CC(=O)O[C@H]4c3ccoc3)[C@@]1(C)C2=O,DIHYDROFISSINOLIDE,1.0345,1.0206,1.02755,
78257973,Nc1nc(=O)c2c([nH]1)NCC(CNc1ccc(C(=O)N[C@H](CCC(=O)O)C(=O)O)cc1)=N2,OZRNSSUDZOLUSN-GFCCVEGCSA-N,443.15533139199994,0.010000000000000397,Nc1nc(=O)c2c([nH]1)NCC(CNc1ccc(C(=O)N[C@H](CCC(=O)O)C(=O)O)cc1)=N2,DIHYDROFOLIC ACID,0.92111,0.88107,0.90109,
11011536,CC(C)=CCCC1(C)C=Cc2c(O)c3c(c(CC=C(C)C)c2O1)OC12C(=CC4CC1C(C)(C)OC2(C/C=C(/C)C(=O)O)C4O)C3=O,VZXLWEWYBUGLJA-UHFFFAOYSA-N,630.3192684320001,7.031100000000008,CC(C)=CCCC1(C)C=Cc2c(O)c3c(c(CC=C(C)C)c2O1)OC12C(=CC4CC1C(C)(C)OC2(C/C=C(/C)C(=O)O)C4O)C3=O,DIHYDROGAMBOGIC ACID,0.99396,0.9269,0.96043,
89402936,CC(=O)O[C@@H]1CC2C(C)(C)C(=O)CC[C@]2(C)C2CC[C@@]3(C)[C@H](c4ccoc4)OC(=O)C4OC43[C@@]21C,ROWFSYNHZPRCKO-RJDQEXAUSA-N,484.24610349199986,4.784700000000004,CC(=O)O[C@@H]1CC2C(C)(C)C(=O)CC[C@]2(C)C2CC[C@@]3(C)[C@H](c4ccoc4)OC(=O)C4OC43[C@@]21C,DIHYDROGEDUNIN,1.2489,1.2327,1.2408,
10973050,COc1cc2c(cc1-c1coc3c4c(c(OC)cc3c1=O)OC(C)(C)CC4)OCO2,HPHQBRGBASCILO-UHFFFAOYSA-N,410.1365530439999,4.309500000000004,COc1cc2c(cc1-c1coc3c4c(c(OC)cc3c1=O)OC(C)(C)CC4)OCO2,DIHYDROICTHYONE,0.86336,0.86917,0.866265,
43407199,CCCCCC1C(=O)CCC1CC(=O)OC,KVWWIYGFBYDJQC-UHFFFAOYSA-N,226.156894564,2.725100000000001,CCCCCC1C(=O)CCC1CC(=O)OC,"DIHYDROJASMONIC ACID, METHYL ESTER",1.3451,1.2086,1.27685,
41345491,COc1cc2c(cc1OC)[C@@H]1C(=O)c3ccc4c(c3O[C@@H]1CO2)CC(C(C)C)O4,DTFARBHXORYQBF-XHEPWMPHSA-N,396.15728848799995,3.7832000000000026,COc1cc2c(cc1OC)[C@@H]1C(=O)c3ccc4c(c3O[C@@H]1CO2)CC(C(C)C)O4,DIHYDROROTENONE,1.0245,0.96395,0.994225,
83149129,CN[C@@H]1C(OC2[C@H](O[C@H]3[C@H](O)[C@@H](O)[C@H](NC(=N)N)[C@@H](O)[C@@H]3NC(=N)N)OC(C)[C@]2(O)CO)OC(CO)C(O)C1O.O=S(=O)(O)O,GSPKOIJAMLDYCY-WXHGXWQUSA-N,681.248699296,-8.601160000000016,CN[C@@H]1C(OC2[C@H](O[C@@H]3[C@@H](NC(=N)N)[C@H](O)[C@@H](NC(=N)N)[C@H](O)[C@H]3O)OC(C)[C@]2(O)CO)OC(CO)C(O)C1O.O=S(=O)(O)O,DIHYDROSTREPTOMYCIN SESQUISULFATE [5mM/10% aq DMSO],0.91748,0.87211,0.894795,
49841734,Cc1cccc2c3c(ccc12)C1=C(C(=O)C3=O)C(C)CO1,HARGZZNYNSYSGJ-UHFFFAOYSA-N,278.094294308,3.2910200000000023,Cc1cccc2c3c(ccc12)C1=C(C(=O)C3=O)C(C)CO1,DIHYDROTANSHINONE I,0.9609,0.88774,0.92432,
58007682,NC(Cc1cc(I)c(O)c(I)c1)C(=O)O.O.O,YWAGQOOMOOUEGY-UHFFFAOYSA-N,468.8883185159999,-0.09360000000000018,NC(Cc1cc(I)c(O)c(I)c1)C(=O)O.O.O,DIIODOTYROSINE DIHYDRATE,1.3409,1.0665,1.2037,
14063087,CN(C(=O)C(Cl)Cl)c1ccc(OC(=O)c2ccco2)cc1,BDYYDXJSHYEDGB-UHFFFAOYSA-N,327.006513192,3.2653000000000016,CN(C(=O)C(Cl)Cl)c1ccc(OC(=O)c2ccco2)cc1,DILOXANIDE FUROATE,0.83901,0.93683,0.88792,
60086843,COc1ccc(C2Sc3ccccc3N(CCN(C)C)C(=O)C2OC(C)=O)cc1.Cl,HDRXZJPWHTXQRI-UHFFFAOYSA-N,450.13800602399994,3.7903000000000024,COc1ccc(C2Sc3ccccc3N(CCN(C)C)C(=O)C2OC(C)=O)cc1.Cl,DILTIAZEM HYDROCHLORIDE,1.1168,1.0428,1.0798,
32261682,CN(C)CCOC(c1ccccc1)c1ccccc1.Cn1c(=O)c2[nH]c(Cl)nc2n(C)c1=O,NFLLKCVHYJRNRH-UHFFFAOYSA-N,469.18806743600004,2.967900000000001,CN(C)CCOC(c1ccccc1)c1ccccc1.Cn1c(=O)c2[nH]c(Cl)nc2n(C)c1=O,DIMENHYDRINATE,0.83457,0.95106,0.892815,
40790111,OCC(S)CS,WQABCVAJNWAXTE-UHFFFAOYSA-N,124.001656876,0.20690000000000003,OCC(S)CS,DIMERCAPROL,1.8165,1.7021,1.7593,
23997451,O=S(=O)([O-])CCSSCCS(=O)(=O)[O-].[Na+].[Na+],KQYGMURBTJPBPQ-UHFFFAOYSA-L,325.89991053600005,-6.533799999999998,O=S(=O)([O-])CCSSCCS(=O)(=O)[O-].[Na+].[Na+],DIMESNA,0.98896,1.0954,1.04218,
10364594,CC1(C)OC(=O)NC1=O,JYJFNDQBESEHJQ-UHFFFAOYSA-N,129.042593084,0.03139999999999993,CC1(C)OC(=O)NC1=O,DIMETHADIONE,1.1898,1.1255,1.15765,
97582241,C[Si](C)(C)O[Si](C)(C)O[Si](C)(C)C,CXQXSVUQTKDNFP-UHFFFAOYSA-N,236.10840959799998,3.391200000000002,C[Si](C)(C)O[Si](C)(C)O[Si](C)(C)C,DIMETHICONE (1%/ DMSO),0.89492,0.81008,0.8525,
71939544,CNC(=O)CSP(=S)(OC)OC,MCWXGJITAZMZEV-UHFFFAOYSA-N,228.99962187399998,0.9828999999999999,CNC(=O)CSP(=S)(OC)OC,DIMETHOATE,1.1306,1.0049,1.06775,
10726600,COC(=O)/C=C/C(=O)OC,LDCRTTXIJACKKU-UHFFFAOYSA-N,144.042258736,-0.11140000000000017,COC(=O)/C=C/C(=O)OC,DIMETHYL FUMARATE,0.85271,0.88738,0.870045,
54677079,COc1ccc(/C=C/C(=O)O)cc1OC,HJBWJAPEBGSQPR-UHFFFAOYSA-N,208.073558864,1.8016,COc1ccc(/C=C/C(=O)O)cc1OC,DIMETHYLCAFFEIC ACID,1.1741,0.92653,1.050315,
38144144,COc1cc2ccc(=O)oc2c(OC)c1OC,RAYQKHLZHPFYEJ-UHFFFAOYSA-N,236.068473484,1.8188,COc1cc2ccc(=O)oc2c(OC)c1OC,DIMETHYLFRAXETIN,1.0331,1.0263,1.0297,
47247926,CS(C)(=O)=O,HHVIBTZHLRERCL-UHFFFAOYSA-N,94.008850432,-0.33919999999999995,CS(C)(=O)=O,DIMETHYLSULFONE,0.94307,1.2156,1.079335,
53849262,Cc1ncc([N+](=O)[O-])n1C,IBXPYPUJPLLOIN-UHFFFAOYSA-N,141.053826464,0.63672,Cc1ncc([N+](=O)[O-])n1C,DIMETRIDAZOLE,0.86697,0.94463,0.9058,
22111885,CC(=O)NCC(=O)O.CC(=O)NCC(=O)O.N=C(N)c1ccc(/N=N/Nc2ccc(C(=N)N)cc2)cc1,OKQSSSVVBOUMNZ-UHFFFAOYSA-N,515.2240796480002,0.7797400000000032,CC(=O)NCC(=O)O.CC(=O)NCC(=O)O.N=C(N)c1ccc(/N=N/Nc2ccc(C(=N)N)cc2)cc1,DIMINAZENE ACETURATE,1.0566,0.98017,1.018385,
16169644,CCOP(=S)(OCC)Oc1cc(C)nc(C(C)C)n1,FHIVAFMUCKRCQO-UHFFFAOYSA-N,304.10105016200004,3.5847200000000026,CCOP(=S)(OCC)Oc1cc(C)nc(C(C)C)n1,DIMPYLATE,1.0963,1.0455,1.0709,
94560541,Cc1c(C(N)=O)cc([N+](=O)[O-])cc1[N+](=O)[O-],ZEFNOZRLAWVAQF-UHFFFAOYSA-N,225.038570324,0.91032,Cc1c(C(N)=O)cc([N+](=O)[O-])cc1[N+](=O)[O-],DINITOLMIDE,0.74963,0.83988,0.794755,
54718489,C[C@@H]1CC[C@@]2(OC1)OC1CC3C4CC=C5C[C@@H](O)CC[C@]5(C)C4CC[C@]3(C)C1[C@@H]2C,WQLVFSAGQJTQCK-IIVSHGRXSA-N,414.31339520399996,5.713900000000006,C[C@H]1C2C(CC3C4CC=C5C[C@@H](O)CC[C@]5(C)C4CC[C@@]32C)O[C@]12CC[C@@H](C)CO2,DIOSGENIN,1.0976,1.1602,1.1289,
69846712,COc1ccc(-c2cc(=O)c3c(O)cc(O[C@@H]4O[C@H](CO[C@@H]5O[C@@H](C)[C@H](O)[C@@H](O)[C@H]5O)[C@@H](O)[C@H](O)[C@H]4O)cc3o2)cc1O,GZSOSUNBTXMUFQ-YFAPSIMESA-N,608.1741203239999,-1.0897,COc1ccc(-c2cc(=O)c3c(O)cc(O[C@@H]4O[C@H](CO[C@@H]5O[C@@H](C)[C@H](O)[C@@H](O)[C@H]5O)[C@@H](O)[C@H](O)[C@H]4O)cc3o2)cc1O,DIOSMIN,0.97499,0.95398,0.964485,
88796543,COc1ccc(C(=O)c2ccccc2O)c(O)c1,MEZZCSHVIGVWFI-UHFFFAOYSA-N,244.073558864,2.3374000000000015,COc1ccc(C(=O)c2ccccc2O)c(O)c1,DIOXYBENZONE,0.8624,0.78745,0.824925,
38316672,Cl.O=C(Nc1ccccc1)OCC(CN1CCCCC1)OC(=O)Nc1ccccc1,OWULVAZDMWJBLB-UHFFFAOYSA-N,433.17683405599996,4.760100000000003,Cl.O=C(Nc1ccccc1)OCC(CN1CCCCC1)OC(=O)Nc1ccccc1,DIPERODON HYDROCHLORIDE,0.77878,0.71906,0.74892,
39862400,CN(C)CCOC(c1ccccc1)c1ccccc1.Cl,PCHPORCSPXIHLZ-UHFFFAOYSA-N,291.138992004,3.776000000000004,CN(C)CCOC(c1ccccc1)c1ccccc1.Cl,DIPHENHYDRAMINE HYDROCHLORIDE,0.95408,1.0895,1.02179,
10307694,CN1CCC(OC(c2ccccc2)c2ccccc2)CC1.Cl,LPRLDRXGWKXRMQ-UHFFFAOYSA-N,317.154642068,4.308600000000005,CN1CCC(OC(c2ccccc2)c2ccccc2)CC1.Cl,DIPHENYLPYRALINE HYDROCHLORIDE,1.0834,0.80644,0.94492,
83968990,O=C(O)c1cccc(C(=O)O)n1,WJJMNDUMQPNECX-UHFFFAOYSA-N,167.02185764,0.4779999999999999,O=C(O)c1cccc(C(=O)O)n1,DIPICOLINIC ACID,1.1721,0.87185,1.021975,
62469544,COc1ccc(-c2coc3c(O)c(O)c(OC)cc3c2=O)cc1,BSXFDHHTXOAUGB-UHFFFAOYSA-N,314.079038168,2.8884000000000016,COc1ccc(-c2coc3c(O)c(O)c(OC)cc3c2=O)cc1,DIPTERYXIN,1.0229,1.0548,1.03885,
53823055,OCCN(CCO)c1nc(N2CCCCC2)c2nc(N(CCO)CCO)nc(N3CCCCC3)c2n1,IZEKFCXSFNUWAM-UHFFFAOYSA-N,504.31725176000003,-0.017599999999997396,OCCN(CCO)c1nc(N2CCCCC2)c2nc(N(CCO)CCO)nc(N3CCCCC3)c2n1,DIPYRIDAMOLE,0.95866,1.3198,1.13923,
35385801,CC(=O)Oc1cccc(C(=O)O)c1OC(C)=O,NYIZXMGNIUSNKL-UHFFFAOYSA-N,238.04773804,1.2354,CC(=O)Oc1cccc(C(=O)O)c1OC(C)=O,DIPYROCETYL,1.1966,0.93565,1.066125,
24503893,Cc1c(N(C)CS(=O)(=O)[O-])c(=O)n(-c2ccccc2)n1C.[Na+],DJGAAPFSPWAYTJ-UHFFFAOYSA-M,333.0759212720001,-2.5726799999999965,Cc1c(N(C)CS(=O)(=O)[O-])c(=O)n(-c2ccccc2)n1C.[Na+],DIPYRONE,0.88222,1.0671,0.97466,
81475029,CC[C@H]1OC(=O)[C@H](C)[C@@H](O[C@H]2C[C@@](C)(OC)[C@@H](O)[C@H](C)O2)[C@H](C)[C@@H](O[C@@H]2O[C@H](C)C[C@H](N(C)C)[C@H]2O)[C@](C)(O)C[C@@H](C)[C@@H]2N[C@@H](COCCOC)O[C@H]([C@H]2C)[C@]1(C)O,WLOHNSSYAXHWNR-DWIOZXRMSA-N,834.545305176,2.201700000000009,CC[C@H]1OC(=O)[C@H](C)[C@@H](O[C@H]2C[C@@](C)(OC)[C@@H](O)[C@H](C)O2)[C@H](C)[C@@H](O[C@@H]2O[C@H](C)C[C@H](N(C)C)[C@H]2O)[C@](C)(O)C[C@@H](C)[C@@H]2N[C@@H](COCCOC)O[C@H]([C@H]2C)[C@]1(C)O,DIRITHROMYCIN,0.48577,0.68748,0.586625,
11334982,CC(C)N(CCC(C(N)=O)(c1ccccc1)c1ccccn1)C(C)C.O=P(O)(O)O,CGDDQFMPGMYYQP-UHFFFAOYSA-N,437.2079577539999,2.4333000000000014,CC(C)N(CCC(C(N)=O)(c1ccccc1)c1ccccn1)C(C)C.O=P(O)(O)O,DISOPYRAMIDE PHOSPHATE,1.2269,1.1233,1.1751,
88557186,CCN(CC)C(=S)SSC(=S)N(CC)CC,AUZONCFQVSMFAP-UHFFFAOYSA-N,296.05093264,3.6212000000000026,CCN(CC)C(=S)SSC(=S)N(CC)CC,DISULFIRAM,0.28747,0.37647,0.33197,
80060569,NC(CSCSCC(N)C(=O)O)C(=O)O,JMQMNWIBUCGUDO-UHFFFAOYSA-N,254.039498928,-0.7658999999999989,NC(CSCSCC(N)C(=O)O)C(=O)O,DJENKOLIC ACID,0.96766,0.95013,0.958895,
48784870,CC(CCc1ccc(O)cc1)NCCc1ccc(O)c(O)c1.Cl,BQKADKWNRWCIJL-UHFFFAOYSA-N,337.144471308,3.3786000000000036,CC(CCc1ccc(O)cc1)NCCc1ccc(O)c(O)c1.Cl,DOBUTAMINE HYDROCHLORIDE,0.98765,0.93962,0.963635,
82936603,CC(=O)O[C@@]12CO[C@@H]1C[C@H](O)[C@@]1(C)C(=O)[C@H](O)C3=C(C)[C@@H](OC(=O)[C@H](O)[C@@H](NC(=O)OC(C)(C)C)c4ccccc4)C[C@@](O)([C@@H](OC(=O)c4ccccc4)C12)C3(C)C.O.O.O,XCDIRYDKECHIPE-DLSGZNSISA-N,861.3782994280002,0.7855000000000025,CC(=O)O[C@@]12CO[C@@H]1C[C@H](O)[C@@]1(C)C(=O)[C@H](O)C3=C(C)[C@@H](OC(=O)[C@H](O)[C@@H](NC(=O)OC(C)(C)C)c4ccccc4)C[C@@](O)([C@@H](OC(=O)c4ccccc4)C12)C3(C)C.O.O.O,DOCETAXEL,1.2512,1.3321,1.29165,
42229492,CC/C=C\C/C=C\C/C=C\C/C=C\C/C=C\C/C=C\CCC(=O)O,MBMBGCFOFBJSGT-UHFFFAOYSA-N,328.24023026399993,6.548900000000006,CC/C=C\C/C=C\C/C=C\C/C=C\C/C=C\C/C=C\CCC(=O)O,DOCONEXENT,0.96109,0.9242,0.942645,
32357018,CCCCCCCCCCCCCCCCCCCCCCO,NOPFSRXAKWQILS-UHFFFAOYSA-N,326.35486609199995,7.800600000000008,CCCCCCCCCCCCCCCCCCCCCCO,DOCOSANOL,0.93158,1.0076,0.96959,
98960802,CCCCC(CC)COC(=O)CC(C(=O)OCC(CC)CCCC)S(=O)(=O)[O-].[Na+],APSBXTVYXVQYAB-UHFFFAOYSA-M,444.215768804,0.8135000000000032,CCCCC(CC)COC(=O)CC(C(=O)OCC(CC)CCCC)S(=O)(=O)[O-].[Na+],DOCUSATE SODIUM,1.3818,0.89199,1.136895,
10358271,O=c1[nH]c2ccccc2n1CCCN1CCC(n2c(=O)[nH]c3cc(Cl)ccc32)CC1,FGXWKSZFVQUSTL-UHFFFAOYSA-N,425.161852688,3.353200000000002,O=c1[nH]c2ccccc2n1CCCN1CCC(n2c(=O)[nH]c3cc(Cl)ccc32)CC1,DOMPERIDONE,1.1125,0.96967,1.041085,
64078198,COc1cc2c(cc1OC)C(=O)C(CC1CCN(Cc3ccccc3)CC1)C2.Cl,XWAIAVWHZJNZQQ-UHFFFAOYSA-N,415.1914215,4.782900000000006,COc1cc2c(cc1OC)C(=O)C(CC1CCN(Cc3ccccc3)CC1)C2.Cl,DONEPEZIL HYDROCHLORIDE,0.1561,0.16652,0.16131,
81569319,Cl.NCCc1ccc(O)c(O)c1,CTENFNNZBMHDDG-UHFFFAOYSA-N,189.055656304,1.0208,Cl.NCCc1ccc(O)c(O)c1,DOPAMINE HYDROCHLORIDE,1.0595,1.1209,1.0902,
12241883,CO[C@H]1CC(O[C@@H]2/C(C)=C/C[C@@H]3C[C@@H](C[C@]4(C=C[C@H](C)[C@@H](C5CCCCC5)O4)O3)OC(=O)[C@@H]3C=C(C)[C@@H](O)[C@H]4OC/C(=C\C=C\[C@@H]2C)[C@]43O)O[C@@H](C)C1O[C@H]1C[C@H](OC)[C@@H](O)[C@H](C)O1,QLFZZSKTJWDQOS-RVAODCOZSA-N,898.507857048,5.911600000000009,CO[C@H]1CC(O[C@@H]2/C(C)=C/C[C@@H]3C[C@@H](C[C@]4(C=C[C@H](C)[C@@H](C5CCCCC5)O4)O3)OC(=O)[C@@H]3C=C(C)[C@@H](O)[C@H]4OC/C(=C\C=C\[C@@H]2C)[C@@]34O)O[C@@H](C)C1O[C@H]1C[C@H](OC)[C@@H](O)[C@H](C)O1,DORAMECTIN,0.90254,0.96976,0.93615,
71429325,CCN[C@H]1C[C@H](C)S(=O)(=O)c2sc(S(N)(=O)=O)cc21.Cl,OSRUSFPMRGDLAG-QMGYSKNISA-N,360.003897704,1.0337999999999998,CCN[C@H]1C[C@H](C)S(=O)(=O)c2sc(S(N)(=O)=O)cc21.Cl,DORZOLAMIDE,0.97729,0.84992,0.913605,
10844804,CCN1CC(CCN2CCOCC2)C(c2ccccc2)(c2ccccc2)C1=O.Cl,MBGXILHMHYLZJT-UHFFFAOYSA-N,414.20740591199996,3.5951000000000026,CCN1CC(CCN2CCOCC2)C(c2ccccc2)(c2ccccc2)C1=O.Cl,DOXAPRAM HYDROCHLORIDE,1.2743,1.2574,1.26585,
67919594,COc1cc2nc(N3CCN(C(=O)C4COc5ccccc5O4)CC3)nc(N)c2cc1OC.CS(=O)(=O)O,VJECBOKJABCYMF-UHFFFAOYSA-N,547.173683888,1.2218000000000007,COc1cc2nc(N3CCN(C(=O)C4COc5ccccc5O4)CC3)nc(N)c2cc1OC.CS(=O)(=O)O,DOXAZOSIN MESYLATE,1.0667,1.0055,1.0361,
92526941,CN(C)CC/C=C1/c2ccccc2COc2ccccc21.Cl,MHNSPTUQQIYJOT-UHFFFAOYSA-N,315.138992004,4.384200000000005,CN(C)CC/C=C1/c2ccccc2COc2ccccc21.Cl,DOXEPIN HYDROCHLORIDE,0.75927,0.89678,0.828025,
11502432,C[C@H]1OC(n2cc(F)c(=O)[nH]c2=O)C(O)[C@@H]1O,ZWAOHEXOSAUJHY-IRKUJEHTSA-N,246.065199672,-1.6851999999999996,C[C@H]1OC(n2cc(F)c(=O)[nH]c2=O)C(O)[C@@H]1O,DOXIFLURIDINE,1.2056,1.0974,1.1515,
64304796,Cn1c(=O)c2c(ncn2CC2OCCO2)n(C)c1=O,HWXIGFIVGWUZAO-UHFFFAOYSA-N,266.101504928,-1.1933999999999994,Cn1c(=O)c2c(ncn2CC2OCCO2)n(C)c1=O,DOXOFYLLINE,0.84442,0.93792,0.89117,
37520383,COc1cccc2c1C(=O)c1c(O)c3c(c(O)c1C2=O)C[C@@](O)(C(=O)CO)C[C@@H]3OC1C[C@H](N)[C@H](O)[C@H](C)O1,AOJJSUZBOXZQNB-BLSUDJMZSA-N,543.1740607479999,0.0012999999999993017,COc1cccc2c1C(=O)c1c(O)c3c(c(O)c1C2=O)C[C@@](O)(C(=O)CO)C[C@@H]3OC1C[C@H](N)[C@H](O)[C@H](C)O1,DOXORUBICIN,0.98745,0.95202,0.969735,
91024728,C[C@H]1c2cccc(O)c2C(=O)C2=C(O)[C@]3(O)C(=O)C(C(N)=O)=C(O)[C@@H](N(C)C)[C@@H]3[C@@H](O)[C@@H]21.Cl,RUYHIJHUVHIMIR-CVHRZJFOSA-N,480.12994344000003,0.07420000000000038,C[C@H]1c2cccc(O)c2C(=O)C2=C(O)[C@]3(O)C(=O)C(C(N)=O)=C(O)[C@@H](N(C)C)[C@@H]3[C@@H](O)[C@@H]21.Cl,DOXYCYCLINE HYDROCHLORIDE,0.16534,0.18882,0.17708,
28884141,CN(C)CCOC(C)(c1ccccc1)c1ccccn1.O=C(O)CCC(=O)O,KBAUFVUYFNWQFM-UHFFFAOYSA-N,388.1998219959999,2.8591000000000006,CN(C)CCOC(C)(c1ccccc1)c1ccccn1.O=C(O)CCC(=O)O,DOXYLAMINE SUCCINATE,1.3421,1.0623,1.2022,
32570092,CCN(CC)CCOC(=O)C(c1ccccc1)C1CCCCC1.Cl,WIELVDXKOYPANK-UHFFFAOYSA-N,353.212156944,4.6573000000000055,CCN(CC)CCOC(=O)C(c1ccccc1)C1CCCCC1.Cl,DROFENINE HYDROCHLORIDE,0.87398,0.9163,0.89514,
83008847,CCCCc1oc2ccc(NS(C)(=O)=O)cc2c1C(=O)c1ccc(OCCCN(CCCC)CCCC)cc1.Cl,DWKVCQXJYURSIQ-UHFFFAOYSA-N,592.27377122,7.470800000000009,CCCCc1oc2ccc(NS(C)(=O)=O)cc2c1C(=O)c1ccc(OCCCN(CCCC)CCCC)cc1.Cl,DRONEDARONE HYDROCHLORIDE,1.0964,1.0761,1.08625,
10067142,O=C(CCCN1CC=C(n2c(=O)[nH]c3ccccc32)CC1)c1ccc(F)cc1,RMEDXOLNCUSCGS-UHFFFAOYSA-N,379.16960516399996,3.6784000000000026,O=C(CCCN1CC=C(n2c(=O)[nH]c3ccccc32)CC1)c1ccc(F)cc1,DROPERIDOL,0.88855,1.0037,0.946125,
98346209,OCC(O)CN1CCN(c2ccccc2)CC1,PTVWPYVOOKLBCG-UHFFFAOYSA-N,236.15247788,0.16179999999999972,OCC(O)CN1CCN(c2ccccc2)CC1,DROPROPIZINE,0.93864,0.92101,0.929825,
94981994,C[C@]12CCC(=O)C=C1[C@@H]1C[C@@H]1C1C2CC[C@@]2(C)C1[C@@H]1C[C@@H]1[C@@]21CCC(=O)O1,METQSPRSQINEEU-GGORKCOASA-N,366.21949481999997,4.305900000000004,C[C@]12CCC3C(C1[C@@H]1C[C@@H]1[C@@]21CCC(=O)O1)[C@H]1C[C@H]1C1=CC(=O)CC[C@@]13C,DROSPIRENONE,1.0511,1.0084,1.02975,
11623458,NC(C(=O)O)C(O)c1ccc(O)c(O)c1,QXWYKJLNLSIPIN-UHFFFAOYSA-N,213.063722452,-0.4569000000000002,NC(C(=O)O)C(O)c1ccc(O)c(O)c1,DROXYDOPA,1.1401,1.0674,1.10375,
11157457,COc1ccc([C@H]2COc3c(ccc(O)c3OC)C2)c(OC)c1O,QVVPJFBYFYYVDM-LLVKDONJSA-N,332.12598835999995,2.842300000000002,COc1ccc([C@H]2COc3c(ccc(O)c3OC)C2)c(OC)c1O,DUARTIN (-),0.84243,0.87151,0.85697,
54653027,CNCC[C@H](Oc1cccc2ccccc12)c1cccs1.Cl,BFFSMCNJSOPUAY-LMOVPXPDSA-N,333.09541294,5.052700000000004,CNCC[C@H](Oc1cccc2ccccc12)c1cccs1.Cl,DULOXETINE HYDROCHLORIDE,0.83698,0.78137,0.809175,
59719187,COc1cc2c(=O)c(-c3ccc4c(c3)OCO4)coc2c2c1OC(C)(C)C=C2,SQBVRNCDBATODN-UHFFFAOYSA-N,378.110338296,4.3815000000000035,COc1cc2c(=O)c(-c3ccc4c(c3)OCO4)coc2c2c1OC(C)(C)C=C2,DURMILLONE,1.1836,1.2509,1.21725,
53585599,CCCCOc1ccc(C(=O)CCN2CCCCC2)cc1.Cl,KNZADIMHVBBPOA-UHFFFAOYSA-N,325.180856816,4.3460000000000045,CCCCOc1ccc(C(=O)CCN2CCCCC2)cc1.Cl,DYCLONINE HYDROCHLORIDE,0.96521,0.8898,0.927505,
10895963,Cn1c(=O)c2c(ncn2CC(O)CO)n(C)c1=O,KSCFJBIXMNOVSH-UHFFFAOYSA-N,254.101504928,-2.213099999999999,Cn1c(=O)c2c(ncn2CC(O)CO)n(C)c1=O,DYPHYLLINE,1.2969,0.96967,1.133285,
34114001,CC(C)(C)c1ccc(C(=O)CCCN2CCC(OC(c3ccccc3)c3ccccc3)CC2)cc1,MJJALKDDGIKVBE-UHFFFAOYSA-N,469.29807948800004,7.217600000000008,CC(C)(C)c1ccc(C(=O)CCCN2CCC(OC(c3ccccc3)c3ccccc3)CC2)cc1,EBASTINE,1.1173,0.89697,1.007135,
72565892,Clc1ccc(COC(Cn2ccnc2)c2ccc(Cl)cc2Cl)cc1.O=[N+]([O-])O,DDXORDQKGIZAME-UHFFFAOYSA-N,443.0206390319999,5.453700000000003,Clc1ccc(COC(Cn2ccnc2)c2ccc(Cl)cc2Cl)cc1.O=[N+]([O-])O,ECONAZOLE NITRATE,0.98394,0.92065,0.952295,
44091864,CC1=NN(c2ccccc2)C(=O)C1,QELUYTUMUWHWMC-UHFFFAOYSA-N,174.07931294,1.7992,CC1=NN(c2ccccc2)C(=O)C1,EDARAVONE,0.96288,0.99626,0.97957,
35345593,O=C(O)CN(CCN(CC(=O)O)CC(=O)O)CC(=O)O.[Na+].[Na+],ZGTMUACCHSMWAC-UHFFFAOYSA-N,338.06910687218,-8.063200000000007,O=C(O)CN(CCN(CC(=O)O)CC(=O)O)CC(=O)O.[Na+].[Na+],EDETATE DISODIUM,0.89912,0.92895,0.914035,
74420886,CC(O)CN(CCN(CC(C)O)CC(C)O)CC(C)O,NSOXQYCFHDMMGV-UHFFFAOYSA-N,292.236207504,-0.8863999999999979,CC(O)CN(CCN(CC(C)O)CC(C)O)CC(C)O,EDITOL,0.83936,0.88274,0.86105,
54938947,CN1CCc2nc(C(=O)NC3C[C@@H](C(=O)N(C)C)CC[C@@H]3NC(=O)C(=O)Nc3ccc(Cl)cn3)sc2C1.Cc1ccc(S(=O)(=O)O)cc1.O,PSMMNJNZVZZNOI-KMCJNONDSA-N,737.2068309200001,1.7066200000000027,CN1CCc2nc(C(=O)NC3C[C@@H](C(=O)N(C)C)CC[C@@H]3NC(=O)C(=O)Nc3ccc(Cl)cn3)sc2C1.Cc1ccc(S(=O)(=O)O)cc1.O,EDOXABAN TOSYLATE HYDRATE,1.1973,1.1052,1.15125,
21630791,CCc1cn(C2OCC(O)C2CO)c(=O)nc1O,QFVJRGJHSZSRJI-UHFFFAOYSA-N,256.10592161200003,-0.9905000000000002,CCc1cn(C2OCC(O)C2CO)c(=O)nc1O,EDOXUDINE,0.96305,0.90153,0.93229,
10985220,CC[N+](C)(C)c1cccc(O)c1.[Cl-],BXKDSDJJOVIHMX-UHFFFAOYSA-N,201.092041812,-1.0169999999999997,CC[N+](C)(C)c1cccc(O)c1.[Cl-],EDROPHONIUM CHLORIDE,1.1287,1.4047,1.2667,
82564264,CCC1(C2=NCCN2)Cc2ccccc2O1.Cl,DWOIUCRHVWIHAH-UHFFFAOYSA-N,252.102940844,2.193800000000001,CCC1(C2=NCCN2)Cc2ccccc2O1.Cl,EFAROXAN HYDROCHLORIDE,1.2159,1.007,1.11145,
50732540,Cl.NCCCC(N)(C(=O)O)C(F)F.O,FJPAMFNRCFEGSD-UHFFFAOYSA-N,236.07392646,-0.6304000000000001,Cl.NCCCC(N)(C(=O)O)C(F)F.O,EFLORNITHINE HYDROCHLORIDE HYDRATE,1.0034,0.91002,0.95671,
40574559,CCOC(=O)COc1ccc2c(=O)cc(-c3ccccc3)oc2c1,ZVXBAHLOGZCFTP-UHFFFAOYSA-N,324.099773612,3.401900000000002,CCOC(=O)COc1ccc2c(=O)cc(-c3ccccc3)oc2c1,EFLOXATE,0.88347,0.92235,0.90291,
78494962,Br.CN1CCC[C@@H]1Cc1c[nH]c2ccc(CCS(=O)(=O)c3ccccc3)cc12,UTINOWOSWSPFLJ-FSRHSHDFSA-N,462.09766120399996,4.398900000000004,Br.CN1CCC[C@@H]1Cc1c[nH]c2ccc(CCS(=O)(=O)c3ccccc3)cc12,ELETRIPTAN HYDROBROMIDE,0.93906,1.2043,1.07168,
85525712,O=c1oc2c(O)c(O)cc3c(=O)oc4c(O)c(O)cc1c4c23,AFSDNFLWKVMVRB-UHFFFAOYSA-N,302.006267152,1.3127999999999997,O=c1oc2c(O)c(O)cc3c(=O)oc4c(O)c(O)cc1c4c23,ELLAGIC ACID,0.86985,1.0844,0.977125,
75579409,CC1=NN(c2ccc(C)c(C)c2)C(=O)/C1=N\Nc1cccc(-c2cccc(C(=O)O)c2)c1O,XDXWLKQMMKQXPV-UHFFFAOYSA-N,442.16410518399994,4.564840000000005,CC1=NN(c2ccc(C)c(C)c2)C(=O)/C1=N\Nc1cccc(-c2cccc(C(=O)O)c2)c1O,ELTROMBOPAG,1.4337,1.1357,1.2847,
16857926,CCOCCn1c(N2CCCN(C)CC2)nc2ccccc21.O=C(O)/C=C/C(=O)O.O=C(O)/C=C/C(=O)O,FWLKKPKZQYVAFR-UHFFFAOYSA-N,534.2325786679999,1.6383000000000016,CCOCCn1c(N2CCCN(C)CC2)nc2ccccc21.O=C(O)/C=C/C(=O)O.O=C(O)/C=C/C(=O)O,EMEDASTINE DIFUMARATE,0.97868,1.1034,1.04104,
10526922,CC[C@H]1CN2CCc3cc(OC)c(OC)cc3C2C[C@@H]1CC1NCCc2cc(OC)c(OC)cc21.Cl.Cl,JROGBPMEKVAPEH-OPQPVGJLSA-N,552.252163184,5.787000000000008,CC[C@H]1CN2CCc3cc(OC)c(OC)cc3C2C[C@@H]1CC1NCCc2cc(OC)c(OC)cc21.Cl.Cl,EMETINE DIHYDROCHLORIDE,0.96947,0.79908,0.884275,
25905224,CO[C@H]1[C@@H](O)[C@@H](C)O[C@H](O[C@H]2CCC3(C)C4CCC5(C)[C@@H](C6=CC(=O)OC6)CC[C@]5(O)[C@@H]4CC[C@]3(O)C2)[C@@H]1O,MABTYQWWFMMYTE-LONDWSRQSA-N,550.3141830519999,2.225099999999999,CO[C@H]1[C@@H](O)[C@@H](C)O[C@H](O[C@H]2CCC3(C)C4CCC5(C)[C@@H](C6=CC(=O)OC6)CC[C@]5(O)[C@@H]4CC[C@]3(O)C2)[C@@H]1O,EMICYMARIN,0.9729,1.0679,1.0204,
57673020,Cc1cc(O)c2c(c1)C(=O)c1cc(O)cc(O)c1C2=O,RHMXXJGYXNZAPX-UHFFFAOYSA-N,270.05282342,1.8872199999999997,Cc1cc(O)c2c(c1)C(=O)c1cc(O)cc(O)c1C2=O,EMODIN,0.8723,0.83607,0.854185,
10451482,O[C@H]1[C@H](O)[C@@H](O)C(c2ccc(Cl)c(Cc3ccc(OC4CCOC4)cc3)c2)O[C@@H]1O,RFFRRUJEBGIBHM-MFJSOZGLSA-N,436.12888081999995,1.570899999999999,O[C@H]1OC(c2ccc(Cl)c(Cc3ccc(OC4CCOC4)cc3)c2)[C@H](O)[C@@H](O)[C@@H]1O,EMPAGLIFLOZIN,1.0455,0.97744,1.01147,
30339639,Nc1nc(=O)n([C@@H]2CS[C@H](CO)O2)cc1F,XQSPYNMVSIKCOC-NTSWFWBYSA-N,247.0426904,-0.4550000000000003,Nc1nc(=O)n([C@@H]2CS[C@H](CO)O2)cc1F,EMTRICITABINE,1.0575,0.96312,1.01031,
68579323,CCOC(=O)[C@H](CCc1ccccc1)N[C@@H](C)C(=O)N1CCC[C@H]1C(=O)O.O=C(O)/C=C\C(=O)O,OYFJQPXVCSSHAI-BDURURIASA-N,492.21078060399986,1.316400000000002,CCOC(=O)[C@H](CCc1ccccc1)N[C@@H](C)C(=O)N1CCC[C@H]1C(=O)O.O=C(O)/C=C\C(=O)O,ENALAPRIL MALEATE,1.0886,0.98048,1.03454,
71045503,C=CCOC(Cn1ccnc1)c1ccc(Cl)cc1Cl.O=S(=O)(O)O,XVTXMTOYQVRHSK-UHFFFAOYSA-N,394.0156979719998,3.4810000000000016,C=CCOC(Cn1ccnc1)c1ccc(Cl)cc1Cl.O=S(=O)(O)O,ENILCONAZOLE SULFATE,0.80222,0.85647,0.829345,
32352002,CCn1cc(C(=O)O)c(=O)c2cc(F)c(N3CCNCC3)nc21,IDYZIJYBMGIQMJ-UHFFFAOYSA-N,320.12846862400005,0.6633000000000002,CCn1cc(C(=O)O)c(=O)c2cc(F)c(N3CCNCC3)nc21,ENOXACIN,0.14709,0.16231,0.1547,
36045833,CC1(C)C2CC[C@]3(C)C(C(=O)C=C4[C@@H]5C[C@@](C)(C(=O)O)CC[C@]5(C)CC[C@]43C)[C@@]2(C)CC[C@@H]1O,MPDGHEJMBKOTSU-VOPRYAMFSA-N,470.33960995199993,6.412600000000007,CC1(C)C2CC[C@]3(C)C(C(=O)C=C4[C@@H]5C[C@@](C)(C(=O)O)CC[C@]5(C)CC[C@]43C)[C@@]2(C)CC[C@@H]1O,ENOXOLONE,1.1952,1.2298,1.2125,
78269705,CCN1CCN(c2cc3c(cc2F)c(=O)c(C(=O)O)cn3C2CC2)CC1,SPFYMRJSYKOXGV-UHFFFAOYSA-N,359.16451978400005,2.3156,CCN1CCN(c2cc3c(cc2F)c(=O)c(C(=O)O)cn3C2CC2)CC1,ENROFLOXACIN,0.13697,0.15745,0.14721,
77687447,CCN(CC)C(=O)/C(C#N)=C/c1cc(O)c(O)c([N+](=O)[O-])c1,JRURYQJSLYLRLN-UHFFFAOYSA-N,305.10117058,1.7813800000000002,CCN(CC)C(=O)/C(C#N)=C/c1cc(O)c(O)c([N+](=O)[O-])c1,ENTACAPONE,0.96614,0.80211,0.884125,
56758793,CCC(C)C(=O)O[C@@H]1C[C@@]2(C)[C@H](c3ccoc3)OC(=O)CC23OC2(C)OC34[C@H](OC(=O)C(C)C)[C@@]3(O)[C@@H](OC(=O)C5(C)OC5C)[C@@]5(C)C[C@]3(O)[C@@](C)([C@H]5CC(=O)OC)C14O2,BUVRFGBECZFCRL-YDTKTFQDSA-N,844.3517503319999,3.3446000000000025,CCC(C)C(=O)O[C@@H]1C[C@@]2(C)[C@H](c3ccoc3)OC(=O)CC23OC2(C)OC34[C@H](OC(=O)C(C)C)[C@@]3(O)[C@@H](OC(=O)C5(C)OC5C)[C@@]5(C)C[C@]3(O)[C@@](C)([C@H]5CC(=O)OC)C14O2,ENTANDROPHRAGMIN,1.0564,1.038,1.0472,
98190253,C=C1[C@H](CO)[C@@H](O)C[C@@H]1n1cnc2c(=O)[nH]c(N)nc21.O,YXPVEXCTPGULBZ-WQYNNSOESA-N,295.128054024,-1.6525000000000005,C=C1[C@@H](n2cnc3c(=O)[nH]c(N)nc32)C[C@H](O)[C@H]1CO.O,ENTECAVIR MONOHYDRATE,1.0639,0.99698,1.03044,
11026533,CC(/C=C1\SC(=S)N(CC(=O)O)C1=O)=C\c1ccccc1,CHNUOJQWGUIOLD-UHFFFAOYSA-N,319.033685276,2.918700000000001,CC(/C=C1\SC(=S)N(CC(=O)O)C1=O)=C\c1ccccc1,EPALRESTAT,1.0774,1.125,1.1012,
25680203,CN[C@@H](C)[C@H](O)c1ccccc1.Cl,BALXUFOVQVENIU-GNAZCLTHSA-N,201.092041812,1.7496999999999998,CN[C@@H](C)[C@H](O)c1ccccc1.Cl,"EPHEDRINE (1R,2S) HYDROCHLORIDE",1.0276,0.90865,0.968125,
99782192,Oc1ccc([C@H]2Oc3cc(O)cc(O)c3C[C@H]2O)cc1,RSYUFYQTACJFML-UKRRQHHQSA-N,274.08412354800004,1.8404999999999996,Oc1ccc([C@H]2Oc3cc(O)cc(O)c3C[C@H]2O)cc1,"EPIAFZELECHIN (2R,3R)(-)",0.92064,0.96089,0.940765,
43757399,C[C@]12CCC3C(CC[C@H]4C[C@H](O)CC[C@]34C)C1CC[C@@H]2O,CBMYJHIOYJEBSB-ILBJSTGGSA-N,292.240230264,3.750900000000003,C[C@]12CCC3C(CC[C@H]4C[C@H](O)CC[C@]34C)C1CC[C@@H]2O,EPIANDROSTANEDIOL,1.0229,0.91549,0.969195,
11343869,C[C@]12CCC3C(CC[C@H]4C[C@@H](O)CC[C@]34C)C1CCC2=O,QGXBDMJGAMFCBF-FMLJXKFRSA-N,290.2245802,3.959100000000003,C[C@]12CCC3C(CC[C@H]4C[C@@H](O)CC[C@]34C)C1CCC2=O,EPIANDROSTERONE,1.0291,0.93757,0.983335,
35486010,Oc1cc(O)c2c(c1)O[C@H](c1ccc(O)c(O)c1)[C@H](O)C2,PFTAWBLQPZVEMU-UKRRQHHQSA-N,290.079038168,1.5460999999999998,Oc1cc(O)c2c(c1)O[C@H](c1ccc(O)c(O)c1)[C@H](O)C2,EPICATECHIN,1.0082,1.1073,1.05775,
17100743,O=C(O[C@@H]1Cc2c(O)cc(O)cc2O[C@@H]1c1ccc(O)c(O)c1)c1cc(O)c(O)c(O)c1,LSHVYAFMTMFKBA-TZIWHRDSSA-N,442.0899967759999,2.5276000000000005,O=C(O[C@@H]1Cc2c(O)cc(O)cc2O[C@@H]1c1ccc(O)c(O)c1)c1cc(O)c(O)c(O)c1,EPICATECHIN MONOGALLATE,0.89818,0.88042,0.8893,
17935243,CC12CCC3c4ccc(O)cc4CCC3C1C[C@H](O)[C@@H]2O,PROQIPRRNZUXQM-WRECPOHLSA-N,288.17254462799997,2.5800000000000005,CC12CCC3c4ccc(O)cc4CCC3C1C[C@H](O)[C@@H]2O,EPIESTRIOL,1.0123,0.93115,0.971725,
85337539,Oc1cc(O)c2c(c1)O[C@H](c1cc(O)c(O)c(O)c1)[C@H](O)C2,XMOCLSLCDHWDHP-IUODEOHRSA-N,306.073952788,1.2517,Oc1cc(O)c2c(c1)O[C@H](c1cc(O)c(O)c(O)c1)[C@H](O)C2,EPIGALLOCATECHIN,1.2231,1.2512,1.23715,
66242233,O=C(O[C@@H]1Cc2c(O)cc(O)cc2O[C@@H]1c1cc(O)c(O)c(O)c1)c1cc(O)c(O)c(O)c1,WMBWREPUVVBILR-WIYYLYMNSA-N,458.0849113959999,2.233199999999999,O=C(O[C@@H]1Cc2c(O)cc(O)cc2O[C@@H]1c1cc(O)c(O)c(O)c1)c1cc(O)c(O)c(O)c1,EPIGALLOCATECHIN-3-MONOGALLATE,0.93041,0.68296,0.806685,
77903997,Cl.NC1=NCC2c3ccccc3Cc3ccccc3N12,VKXSGUIOOQPGAF-UHFFFAOYSA-N,285.103275192,2.888600000000001,Cl.NC1=NCC2c3ccccc3Cc3ccccc3N12,EPINASTINE HYDROCHLORIDE,0.93087,0.93977,0.93532,
74758818,CNC[C@@H](O)c1ccc(O)c(O)c1.O=C(O)C(O)C(O)C(=O)O,YLXIPWWIOISBDD-SBSPUUFOSA-N,333.105981188,-1.7719999999999998,CNC[C@@H](O)c1ccc(O)c(O)c1.O=C(O)C(O)C(O)C(=O)O,EPINEPHRINE BITARTRATE,1.1695,0.98867,1.079085,
46425781,COc1cccc2c1C(=O)c1c(O)c3c(c(O)c1C2=O)C[C@@](O)(C(=O)CO)C[C@@H]3O[C@H]1C[C@H](N)[C@@H](O)[C@H](C)O1.Cl,MWWSFMDVAYGXBV-FGBSZODSSA-N,579.1507384599998,0.4230999999999994,COc1cccc2c1C(=O)c1c(O)c3c(c(O)c1C2=O)C[C@@](O)(C(=O)CO)C[C@@H]3O[C@H]1C[C@H](N)[C@@H](O)[C@H](C)O1.Cl,EPIRUBICIN HYDROCHLORIDE,0.67643,0.75249,0.71446,
83717771,COC(=O)[C@@H]1CC2=CC(=O)CC[C@]2(C)[C@@]23OC2C[C@@]2(C)C(CCC24CCC(=O)O4)[C@H]13,JUKPWJGBANNWMW-NYYNNMKESA-N,414.20423867999995,3.124500000000002,COC(=O)[C@@H]1CC2=CC(=O)CC[C@]2(C)[C@@]23OC2C[C@@]2(C)C(CCC24CCC(=O)O4)[C@H]13,EPLERENONE,0.88458,1.0067,0.94564,
16802240,CC(=O)O[C@@H]1CC2C(C)(C)C(=O)C3OC3[C@]2(C)C2CC[C@@]3(C)[C@H](c4ccoc4)OC(=O)C4OC43[C@@]21C,AZGNIKZHFDJEPU-FJONONFLSA-N,498.2253680479999,3.771900000000003,CC(=O)O[C@@H]1CC2C(C)(C)C(=O)C3OC3[C@]2(C)C2CC[C@@]3(C)[C@H](c4ccoc4)OC(=O)C4OC43[C@@]21C,EPOXYGEDUNIN,1.2914,1.3979,1.34465,
10115415,CCC(C)[C@H]1O[C@]2(C=C[C@@H]1C)C[C@@H]1C[C@@H](C/C=C(\C)[C@@H](OC3C[C@H](OC)C(O[C@H]4C[C@H](OC)[C@@H](NC(C)=O)[C@H](C)O4)[C@H](C)O3)[C@@H](C)/C=C/C=C3\CO[C@@H]4[C@H](O)C(C)=C[C@@H](C(=O)O1)[C@]34O)O2,ZKWQQXZUCOBISE-DHKKYXCTSA-N,913.5187560800002,5.521200000000009,CCC(C)[C@H]1O[C@]2(C=C[C@@H]1C)C[C@@H]1C[C@@H](C/C=C(\C)[C@@H](OC3C[C@H](OC)C(O[C@H]4C[C@H](OC)[C@@H](NC(C)=O)[C@H](C)O4)[C@H](C)O3)[C@@H](C)/C=C/C=C3\CO[C@@H]4[C@H](O)C(C)=C[C@@H](C(=O)O1)[C@]34O)O2,EPRINOMECTIN,0.9961,0.91537,0.955735,
86979503,O=C(NCCCN1CCOCC1)c1ccc(Cl)cc1,YYFGRAGNYHYWEZ-UHFFFAOYSA-N,282.113505528,1.7921,O=C(NCCCN1CCOCC1)c1ccc(Cl)cc1,EPROBEMIDE,1.06,1.1468,1.1034,
50274182,O=S(=O)([O-])CCCS(=O)(=O)[O-].[Na+].[Na+],DKGJFKPIUSHDIT-UHFFFAOYSA-L,247.940118472,-7.5251,O=S(=O)([O-])CCCS(=O)(=O)[O-].[Na+].[Na+],EPRODISATE DISODIUM,1.022,1.1271,1.07455,
49281494,CC12CCC3C(=CCc4cc(O)ccc43)C1CCC2=O,WKRLQDKEXYKHJB-UHFFFAOYSA-N,268.14632988,3.7375000000000025,CC12CCC3C(=CCc4cc(O)ccc43)C1CCC2=O,EQUILIN,0.97178,0.89516,0.93347,
62598162,O=C(O)CSCC(=O)NC1CCSC1=O,QGFORSXNKQLDNO-UHFFFAOYSA-N,249.012949832,-0.047499999999999876,O=C(O)CSCC(=O)NC1CCSC1=O,ERDOSTEINE,0.96158,1.0008,0.98119,
10865770,C=C1CC[C@H](O)C/C1=C/C=C1\CCC[C@]2(C)C([C@H](C)/C=C/[C@H](C)C(C)C)CC[C@@H]12,MECHNRXZTMCUDQ-AUNAYUHPSA-N,396.339216028,7.641000000000008,C=C1CC[C@H](O)C/C1=C/C=C1\CCC[C@]2(C)C([C@H](C)/C=C/[C@H](C)C(C)C)CC[C@@H]12,ERGOCALCIFEROL,1.51,1.0619,1.28595,
59803039,CC(CO)NC(=O)C1C=C2c3cccc4[nH]cc(c34)C[C@H]2N(C)C1.O=C(O)/C=C\C(=O)O,YREISLCRUMOYAY-GAIOTXOASA-N,441.18998558399994,1.2463999999999997,CC(CO)NC(=O)C1C=C2c3cccc4[nH]cc(c34)C[C@H]2N(C)C1.O=C(O)/C=C\C(=O)O,ERGONOVINE MALEATE,1.0353,1.0353,1.0353,
17295267,CC(C)C(C)/C=C/C(C)C1CCC2C3=CC=C4CC(O)CCC4(C)C3CCC21C,DNVPQKQSNYMLRS-UHFFFAOYSA-N,396.339216028,7.330800000000009,CC(C)C(C)/C=C/C(C)C1CCC2C3=CC=C4CC(O)CCC4(C)C3CCC21C,ERGOSTEROL,1.404,1.2131,1.30855,
10058163,CC(=O)OC1CCC2(C)C(=CC=C3C2CCC2(C)C3CCC2C(C)/C=C/C(C)C(C)C)C1(C)C,NZNSOPHQRHNYSM-UHFFFAOYSA-N,466.38108084,8.537700000000006,CC(=O)OC1CCC2(C)C(=CC=C3C2CCC2(C)C3CCC2C(C)/C=C/C(C)C(C)C)C1(C)C,ERGOSTEROL ACETATE,1.2736,1.3548,1.3142,
11284599,OCC(O)[C@@H](O)CO,UNXHWFMMPAWVPI-WUCPZUCCSA-N,122.0579088,-2.3071999999999995,OCC(O)[C@@H](O)CO,ERYTHRITOL,0.93896,0.86124,0.9001,
61989543,CCC(=O)O[C@H]1[C@H](O[C@@H]2[C@@H](C)[C@H](O[C@H]3C[C@@](C)(OC)[C@@H](O)[C@H](C)O3)[C@@H](C)C(=O)O[C@H](CC)[C@@](C)(O)[C@H](O)[C@@H](C)C(=O)[C@H](C)C[C@@]2(C)O)O[C@H](C)C[C@@H]1N(C)C.CCCCCCCCCCCCOS(=O)(=O)O,AWMFUEJKWXESNL-JZBHMOKNSA-N,1055.6426362640002,6.47320000000001,CCC(=O)O[C@H]1[C@H](O[C@@H]2[C@@H](C)[C@H](O[C@H]3C[C@@](C)(OC)[C@@H](O)[C@H](C)O3)[C@@H](C)C(=O)O[C@H](CC)[C@@](C)(O)[C@H](O)[C@@H](C)C(=O)[C@H](C)C[C@@]2(C)O)O[C@H](C)C[C@@H]1N(C)C.CCCCCCCCCCCCOS(=O)(=O)O,ERYTHROMYCIN ESTOLATE,0.86668,0.92943,0.898055,
35484824,CCOC(=O)CCC(=O)O[C@H]1[C@H](O[C@@H]2[C@@H](C)[C@H](O[C@H]3C[C@@](C)(OC)[C@@H](O)[C@H](C)O3)[C@@H](C)C(=O)O[C@H](CC)[C@@](C)(O)[C@H](O)[C@@H](C)C(=O)[C@H](C)C[C@@]2(C)O)O[C@H](C)C[C@@H]1N(C)C,NSYZCCDSJNWWJL-YXOIYICCSA-N,861.5085853200001,2.6798000000000073,CCOC(=O)CCC(=O)O[C@H]1[C@H](O[C@@H]2[C@@H](C)[C@H](O[C@H]3C[C@@](C)(OC)[C@@H](O)[C@H](C)O3)[C@@H](C)C(=O)O[C@H](CC)[C@@](C)(O)[C@H](O)[C@@H](C)C(=O)[C@H](C)C[C@@]2(C)O)O[C@H](C)C[C@@H]1N(C)C,ERYTHROMYCIN ETHYLSUCCINATE,0.18073,0.24697,0.21385,
20772919,CCCCCCCCCCCCCCCCCC(=O)O.CC[C@H]1OC(=O)[C@H](C)[C@@H](O[C@H]2C[C@@](C)(OC)[C@@H](O)[C@H](C)O2)[C@H](C)[C@@H](O[C@@H]2O[C@H](C)C[C@H](N(C)C)[C@H]2O)[C@](C)(O)C[C@@H](C)C(=O)[C@H](C)[C@@H](O)[C@]1(C)O,YAVZHCFFUATPRK-YZPBMOCRSA-N,1017.7327715960001,8.11810000000001,CCCCCCCCCCCCCCCCCC(=O)O.CC[C@H]1OC(=O)[C@H](C)[C@@H](O[C@H]2C[C@@](C)(OC)[C@@H](O)[C@H](C)O2)[C@H](C)[C@@H](O[C@@H]2O[C@H](C)C[C@H](N(C)C)[C@H]2O)[C@](C)(O)C[C@@H](C)C(=O)[C@H](C)[C@@H](O)[C@]1(C)O,ERYTHROMYCIN STEARATE,0.16167,0.18007,0.17087,
92828422,O=C([O-])c1ccccc1-c1c2cc(I)c(=O)c(I)c-2oc2c(I)c([O-])c(I)cc12.[Na+].[Na+],IINNWAYUJNWZRM-UHFFFAOYSA-L,879.6189538520001,-1.5716999999999999,O=C([O-])c1ccccc1-c1c2cc(I)c(=O)c(I)c-2oc2c(I)c([O-])c(I)cc12.[Na+].[Na+],ERYTHROSINE SODIUM,1.0462,1.0265,1.03635,
11314580,C/C=C(/C)C(=O)O[C@@H]1[C@H](OC(C)=O)[C@@]2(CO)C(CC1(C)C)C1=CCC3[C@@]4(C)CC[C@H](O[C@@H]5O[C@H](C(=O)O)[C@@H](O[C@@H]6O[C@H](CO)[C@@H](O)[C@H](O)[C@H]6O)[C@H](O)[C@H]5O[C@@H]5O[C@H](CO)[C@@H](O)[C@H](O)[C@H]5O)[C@](C)(CO)C4CC[C@@]3(C)[C@]1(C)C[C@H]2O,AXNVHPCVMSNXNP-QHLPVZJJSA-N,1130.550903632,-1.3210999999999875,C/C=C(/C)C(=O)O[C@@H]1[C@H](OC(C)=O)[C@@]2(CO)C(CC1(C)C)C1=CCC3[C@@]4(C)CC[C@H](O[C@@H]5O[C@H](C(=O)O)[C@@H](O[C@@H]6O[C@H](CO)[C@@H](O)[C@H](O)[C@H]6O)[C@H](O)[C@H]5O[C@@H]5O[C@H](CO)[C@@H](O)[C@H](O)[C@H]5O)[C@](C)(CO)C4CC[C@@]3(C)[C@]1(C)C[C@H]2O,ESCIN,0.83213,0.98655,0.90934,
51349759,CN(C)CCC[C@@]1(c2ccc(F)cc2)OCc2cc(C#N)ccc21.O=C(O)C(=O)O,KTGRHKOEFSJQNS-BDQAORGHSA-N,414.15910005599994,2.968580000000001,CN(C)CCC[C@@]1(c2ccc(F)cc2)OCc2cc(C#N)ccc21.O=C(O)C(=O)O,ESCITALOPRAM OXALATE,0.90216,0.95577,0.928965,
95401041,O.O=c1ccc2cc(O[C@@H]3O[C@H](CO)[C@@H](O)[C@H](O)[C@H]3O)c(O)cc2o1,CQYPGSKIFJFVDQ-QWFKVUSTSA-N,358.08999677599996,-2.1474,O.O=c1ccc2cc(O[C@@H]3O[C@H](CO)[C@@H](O)[C@H](O)[C@H]3O)c(O)cc2o1,ESCULIN MONOHYDRATE,1.0416,1.2243,1.13295,
54193986,CN1CC[C@@]2(C)c3cc(O)ccc3N(C)[C@@H]12.O=C(O)/C=C/C(=O)O,PBZRRADJWNBPNY-KZCZEQIWSA-N,334.152871804,1.4730999999999999,CN1CC[C@@]2(C)c3cc(O)ccc3N(C)[C@@H]12.O=C(O)/C=C/C(=O)O,ESEROLINE FUMARATE,1.0961,1.1347,1.1154,
10235550,C[C@]12CCC3c4ccc(O)cc4CCC3C1CC[C@@H]2O,VOXZDWNPVJITMN-PAOLREHBSA-N,272.177630008,3.6092000000000026,C[C@]12CCC3c4ccc(O)cc4CCC3C1CC[C@@H]2O,ESTRADIOL,0.96451,0.92496,0.944735,
35643492,C[C@]12CCC3c4ccc(OC(=O)c5ccccc5)cc4CCC3C1CC[C@@H]2O,UYIFTLBWAOGQBI-YSHINGEJSA-N,376.20384475599997,5.122800000000005,C[C@]12CCC3c4ccc(OC(=O)c5ccccc5)cc4CCC3C1CC[C@@H]2O,ESTRADIOL BENZOATE,1.0749,1.0822,1.07855,
77329144,C[C@]12CCC3c4ccc(O)cc4CCC3C1CC[C@@H]2OC(=O)CCC1CCCC1,UOACKFBJUYNSLK-OCTSOESTSA-N,396.26644501199996,6.130500000000006,C[C@]12CCC3c4ccc(O)cc4CCC3C1CC[C@@H]2OC(=O)CCC1CCCC1,ESTRADIOL CYPIONATE,1.3827,1.288,1.33535,
18894590,CCCCC(=O)O[C@H]1CCC2C3CCc4cc(O)ccc4C3CC[C@@]21C,RSEPBGGWRJCQGY-ZZSVNSIZSA-N,356.23514488399996,5.350300000000006,CCCCC(=O)O[C@H]1CCC2C3CCc4cc(O)ccc4C3CC[C@@]21C,ESTRADIOL VALERATE,1.3561,1.4698,1.41295,
30298757,C=CCc1ccc(OC)cc1,ZFMSMUAANRJZFM-UHFFFAOYSA-N,148.088815004,2.4237,C=CCc1ccc(OC)cc1,ESTRAGOLE,1.0725,1.0565,1.0645,
95637821,C[C@]12CCC3c4ccc(OC(=O)N(CCCl)CCCl)cc4CCC3C1CC[C@@H]2O,FRPJXPJMRWBBIH-ZZSVNSIZSA-N,439.168099212,5.182000000000006,C[C@]12CCC3c4ccc(OC(=O)N(CCCl)CCCl)cc4CCC3C1CC[C@@H]2O,ESTRAMUSTINE,1.0607,1.23,1.14535,
16208578,C[C@]12CCC3c4ccc(O)cc4CCC3C1C[C@@H](O)[C@@H]2O,PROQIPRRNZUXQM-YDGSGPMOSA-N,288.17254462799997,2.5800000000000005,C[C@]12CCC3c4ccc(O)cc4CCC3C1C[C@@H](O)[C@@H]2O,ESTRIOL,0.88715,1.004,0.945575,
46500862,CCC(=O)Oc1ccc2c(c1)CCC1C2CC[C@@]2(C)C1C[C@@H](OC(=O)CC)[C@@H]2OC(=O)CC,ONMZMZJEZHMWQL-MJWFMUNBSA-N,456.2511888719999,5.111600000000005,CCC(=O)Oc1ccc2c(c1)CCC1C2CC[C@@]2(C)C1C[C@@H](OC(=O)CC)[C@@H]2OC(=O)CC,ESTRIOL TRIPROPIONATE,1.2035,0.99371,1.098605,
38453400,C[C@]12CCC3c4ccc(O)cc4CCC3C1CCC2=O,DNXHEGUUPJUMQT-GUZDXLFXSA-N,270.161979944,3.817400000000002,C[C@]12CCC3c4ccc(O)cc4CCC3C1CCC2=O,ESTRONE,1.0971,1.0517,1.0744,
33009347,C1CNCCN1.C[C@]12CCC3c4ccc(OS(=O)(=O)O)cc4CCC3C1CCC2=O,HZEQBCVBILBTEP-TWCWWGPMSA-N,436.20319312399994,2.4726,C1CNCCN1.C[C@]12CCC3c4ccc(OS(=O)(=O)O)cc4CCC3C1CCC2=O,ESTROPIPATE,1.2071,0.99519,1.101145,
54912401,CN1CCN(C(=O)O[C@H]2c3nccnc3C(=O)N2c2ccc(Cl)cn2)CC1,GBBSUAFBMRNDJC-INIZCTEOSA-N,388.10506608400004,1.5679999999999998,CN1CCN(C(=O)O[C@H]2c3nccnc3C(=O)N2c2ccc(Cl)cn2)CC1,ESZOPICLONE,1.2814,1.17,1.2257,
48293108,CCN(CC)S(=O)(=O)c1ccc(C(=O)O)cc1,UACOQEQOBAQRDQ-UHFFFAOYSA-N,257.07217896000003,1.4153000000000002,CCN(CC)S(=O)(=O)c1ccc(C(=O)O)cc1,ETEBENECID,1.1011,0.99306,1.04708,
18128779,CC(O)C(=O)O.CCOc1ccc2nc3cc(N)ccc3c(N)c2c1,IYLLULUTZPKQBW-UHFFFAOYSA-N,343.15320615200005,2.4029,CC(O)C(=O)O.CCOc1ccc2nc3cc(N)ccc3c(N)c2c1,ETHACRIDINE LACTATE,0.7396,1.1091,0.92435,
92898166,C=C(CC)C(=O)c1ccc(OCC(=O)O)c(Cl)c1Cl,AVOLMBLBETYQHX-UHFFFAOYSA-N,302.011264224,3.6057000000000023,C=C(CC)C(=O)c1ccc(OCC(=O)O)c(Cl)c1Cl,ETHACRYNIC ACID,1.1469,1.0848,1.11585,
75876263,CC[C@@H](CO)NCCN[C@@H](CC)CO.Cl.Cl,AUAHHJJRFHRVPV-BZDVOYDHSA-N,276.137133432,0.5509999999999997,CC[C@@H](CO)NCCN[C@@H](CC)CO.Cl.Cl,ETHAMBUTOL HYDROCHLORIDE,1.1243,1.117,1.12065,
88959874,CCN(CC)C(=O)c1ccc(O)c(OC)c1,BQJODPIMMWWMFC-UHFFFAOYSA-N,223.120843404,1.8827999999999998,CCN(CC)C(=O)c1ccc(O)c(OC)c1,ETHAMIVAN,0.99378,0.89161,0.942695,
71264959,CCCCCCCC/C=C\CCCCCCCC(=O)[O-].[NH3+]CCO,KGWDUNBJIMUFAP-UHFFFAOYSA-N,343.308644172,2.9944,CCCCCCCC/C=C\CCCCCCCC(=O)[O-].[NH3+]CCO,ETHANOLAMINE OLEATE,1.2394,1.4606,1.35,
22938689,CCOc1ccc(Cc2nccc3cc(OCC)c(OCC)cc23)cc1OCC.Cl,UPUDVKWQBVIKBG-UHFFFAOYSA-N,431.18633611999996,5.842200000000006,CCOc1ccc(Cc2nccc3cc(OCC)c(OCC)cc23)cc1OCC.Cl,ETHAVERINE HYDROCHLORIDE,0.98936,1.0496,1.01948,
89294589,CCOc1ccccc1C(N)=O,SBNKFTQSBPKMBZ-UHFFFAOYSA-N,165.078978592,1.1842,CCOc1ccccc1C(N)=O,ETHENZAMIDE,0.96071,0.97344,0.967075,
36611225,C#C[C@]1(O)CCC2C3CCc4cc(O)ccc4C3CC[C@@]21C,BFPYWIDHMRZLRN-OQPPHWFISA-N,296.177630008,3.6126000000000023,C#C[C@]1(O)CCC2C3CCc4cc(O)ccc4C3CC[C@@]21C,ETHINYL ESTRADIOL,0.96242,1.1091,1.03576,
48162858,CCOP(=S)(OCC)SCSP(=S)(OCC)OCC,RIZMRRKBZQXFOY-UHFFFAOYSA-N,383.9876164439999,5.005300000000004,CCOP(=S)(OCC)SCSP(=S)(OCC)OCC,ETHION,1.0077,1.0322,1.01995,
10290301,CCc1cc(C(N)=S)ccn1,AEOCXXJPGCBFJA-UHFFFAOYSA-N,166.05646932,1.2782,CCc1cc(C(N)=S)ccn1,ETHIONAMIDE,1.1509,1.2744,1.21265,
80572981,C#CC1(O)CCC2C3CCC4=CC(=O)CCC4(C)C3CCC21C,CHNXZKVNWQUJIB-UHFFFAOYSA-N,312.208930136,3.8826000000000036,C#CC1(O)CCC2C3CCC4=CC(=O)CCC4(C)C3CCC21C,ETHISTERONE,1.5776,1.3657,1.47165,
32775376,CCOc1cc(NC(C)=O)ccc1C(=O)OC,GOVWOKSKFSBNGD-UHFFFAOYSA-N,237.10010796,1.8302999999999998,CCOc1cc(NC(C)=O)ccc1C(=O)OC,ETHOPABATE,1.1604,1.0311,1.09575,
79399535,CCN(CC)C(C)CN1c2ccccc2Sc2ccccc21.Cl,VXPCQISYVPFYRK-UHFFFAOYSA-N,348.14269748,5.441400000000005,CCN(CC)C(C)CN1c2ccccc2Sc2ccccc21.Cl,ETHOPROPAZINE HYDROCHLORIDE,0.86833,1.0548,0.961565,
70673654,CCC1(C)CC(=O)NC1=O,HAPOVYFOVVWLRS-UHFFFAOYSA-N,141.078978592,0.4491999999999999,CCC1(C)CC(=O)NC1=O,ETHOSUXIMIDE,1.0709,1.0658,1.06835,
11322798,CCOc1ccc2nc(S(N)(=O)=O)sc2c1,OUZWUKMCLIBBOG-UHFFFAOYSA-N,258.01328418,1.3424,CCOc1ccc2nc(S(N)(=O)=O)sc2c1,ETHOXZOLAMIDE,1.1498,0.94684,1.04832,
10173519,CCOC(=O)c1c(C)c(Cl)c(O)c(Cl)c1O,DCMROEHBFQFVFM-UHFFFAOYSA-N,263.99561416,2.8897200000000014,CCOC(=O)c1c(C)c(Cl)c(O)c(Cl)c1O,ETHYL DICHLOROORSELLINATE,1.0296,1.0463,1.03795,
43120955,CCOC(=O)c1c(C)cc(OC)cc1O,PJOOIAZRUIIQMU-UHFFFAOYSA-N,210.089208928,1.88592,CCOC(=O)c1c(C)cc(OC)cc1O,ETHYL EVERNINATE,1.261,1.1189,1.18995,
97318140,CCOC(=O)c1c(C)cc(O)cc1O,UQSRXQMIXSZGLA-UHFFFAOYSA-N,196.073558864,1.5829199999999999,CCOC(=O)c1c(C)cc(O)cc1O,ETHYL ORSELLINATE,0.8756,0.91839,0.896995,
10568621,CCOC(=O)c1ccc(O)cc1,NUVBSKCKDOMJSU-UHFFFAOYSA-N,166.06299418,1.5689,CCOC(=O)c1ccc(O)cc1,ETHYL PARABEN,1.1365,1.1243,1.1304,
54286052,CCOc1cc(C=O)ccc1O,CBOQJANXLMLOSS-UHFFFAOYSA-N,166.06299418,1.6034,CCOc1cc(C=O)ccc1O,ETHYL VANILLIN,0.93117,1.1014,1.016285,
33330871,O=C(O)CN(CCN(CC(=O)O)CC(=O)O)CC(=O)O,KCXVZYZYPLLWCC-UHFFFAOYSA-N,292.09066547199996,-2.0711999999999957,O=C(O)CN(CCN(CC(=O)O)CC(=O)O)CC(=O)O,ETHYLENEDIAMINE TETRACETIC ACID,1.068,0.8995,0.98375,
32570342,CCC(N)C(O)c1ccc(O)c(O)c1.Cl,NZDMRJGAFPUTMZ-UHFFFAOYSA-N,233.081871052,1.2902999999999996,CCC(N)C(O)c1ccc(O)c(O)c1.Cl,ETHYLNOREPINEPHRINE HYDROCHLORIDE,0.97522,1.0201,0.99766,
27264964,C#C[C@]1(OC(C)=O)CCC2C3CCC4=C[C@@H](OC(C)=O)CCC4C3CC[C@@]21C,ONKUMRGIYFNPJW-FWAVOAFDSA-N,384.230059504,4.425900000000004,C#C[C@]1(OC(C)=O)CCC2C3CCC4=C[C@@H](OC(C)=O)CCC4C3CC[C@@]21C,ETHYNODIOL DIACETATE,1.1574,1.1405,1.14895,
11051417,CC(O)(P(=O)([O-])O)P(=O)([O-])O.[Na+].[Na+],GWBBVOVXJZATQQ-UHFFFAOYSA-L,249.938414352,-8.248199999999999,CC(O)(P(=O)([O-])O)P(=O)([O-])O.[Na+].[Na+],ETIDRONATE DISODIUM,1.0112,1.055,1.0331,
67495633,CCc1cccc2c3c([nH]c12)C(CC)(CC(=O)O)OCC3,NNYBQONXHNTVIJ-UHFFFAOYSA-N,287.152143532,3.383000000000002,CCc1cccc2c3c([nH]c12)C(CC)(CC(=O)O)OCC3,ETODOLAC,1.2268,1.1625,1.19465,
20270916,CCOC(=O)c1cncn1[C@H](C)c1ccccc1,NPUKDXXFDDZOKR-LLVKDONJSA-N,244.121177752,2.669100000000001,CCOC(=O)c1cncn1[C@H](C)c1ccccc1,ETOMIDATE,1.2885,1.1807,1.2346,
91494735,COc1cc([C@@H]2c3cc4c(cc3C(OC3O[C@@H]5COC(C)O[C@H]5[C@H](O)[C@H]3O)C3COC(=O)[C@@H]32)OCO4)cc(OC)c1O,VJJPUSNTGOMMGY-GEGAHKOSSA-N,588.1842910839998,1.3385999999999993,COc1cc([C@@H]2c3cc4c(cc3C(OC3O[C@@H]5COC(C)O[C@H]5[C@H](O)[C@H]3O)C3COC(=O)[C@@H]32)OCO4)cc(OC)c1O,ETOPOSIDE,0.93328,0.89906,0.91617,
21717599,CCOCCOc1ccccc1C(N)=O,XBNRCMFFZFCWMH-UHFFFAOYSA-N,209.10519334,1.2008,CCOCCOc1ccccc1C(N)=O,ETOSALAMIDE,1.0522,1.3188,1.1855,
17631523,CC1(C)O[C@]2(C)CC[C@H]1CC2,WEEGYLXZBRQIMU-WAAGHKOSSA-N,154.135765196,2.7441000000000013,CC1(C)O[C@]2(C)CC[C@H]1CC2,EUCALYPTOL,0.96917,1.0978,1.033485,
10404588,COc1cc(C(=O)O)cc(OC)c1OC,SJSOFNCYXJUNBT-UHFFFAOYSA-N,212.068473484,1.4105999999999999,COc1cc(C(=O)O)cc(OC)c1OC,EUDESMIC ACID,0.86128,0.86508,0.86318,
40638586,C=CCc1ccc(O)c(OC)c1,RRAFCDWBNXTKKO-UHFFFAOYSA-N,164.083729624,2.1292999999999997,C=CCc1ccc(O)c(OC)c1,EUGENOL,0.67263,0.69378,0.683205,
91916710,C=C(C)c1cc2cc(C(C)=O)c(O)cc2o1,OPUFDNZTKHPZHM-UHFFFAOYSA-N,216.078644244,3.374100000000002,C=C(C)c1cc2cc(C(C)=O)c(O)cc2o1,EUPARIN,1.0892,1.2411,1.16515,
99797482,CC(=O)c1cc2c(cc1O)OC(C)(C)C=C2,SVUVYHFYZBCYRF-UHFFFAOYSA-N,218.094294308,2.7790000000000017,CC(=O)c1cc2c(cc1O)OC(C)(C)C=C2,EUPATORIOCHROMENE,1.1536,1.0492,1.1014,
23870417,CC(C)=CCCC(C)[C@@H]1CC[C@]2(C)C3=C(CC[C@@]12C)C1(C)CC[C@H](O)C(C)(C)C1CC3,CAHGCLMLTWQZNJ-CBTGRNSPSA-N,426.38616621999995,8.479100000000006,CC(C)=CCCC(C)[C@@H]1CC[C@]2(C)C3=C(CC[C@@]12C)C1(C)CC[C@H](O)C(C)(C)C1CC3,EUPHOL,0.97103,1.3194,1.145215,
46236005,Cc1cc(-c2ccc(/N=N/c3ccc4c(S(=O)(=O)[O-])cc(S(=O)(=O)[O-])c(N)c4c3O)c(C)c2)ccc1/N=N/c1ccc2c(S(=O)(=O)[O-])cc(S(=O)(=O)[O-])c(N)c2c1O.[Na+].[Na+].[Na+].[Na+],ATNOAWAQFYGAOY-UHFFFAOYSA-J,959.9824105680003,-6.6843600000000025,Cc1cc(-c2ccc(/N=N/c3ccc4c(S(=O)(=O)[O-])cc(S(=O)(=O)[O-])c(N)c4c3O)c(C)c2)ccc1/N=N/c1ccc2c(S(=O)(=O)[O-])cc(S(=O)(=O)[O-])c(N)c2c1O.[Na+].[Na+].[Na+].[Na+],EVANS BLUE,5.2728,5.7469,5.50985,
26284808,COc1cc(C)c(C(=O)Oc2cc(C)c(C(=O)O)c(O)c2)c(O)c1,GODLCSLPZIBRMG-UHFFFAOYSA-N,332.089602852,2.6406400000000003,COc1cc(C)c(C(=O)Oc2cc(C)c(C(=O)O)c(O)c2)c(O)c1,EVERNIC ACID,1.0859,0.92825,1.007075,
11085144,COc1cc(C)c(C(=O)O)c(O)c1,QUCZMUVAQHIOID-UHFFFAOYSA-N,182.0579088,1.40742,COc1cc(C)c(C(=O)O)c(O)c1,EVERNINIC ACID,0.96742,0.98207,0.974745,
87598397,COc1c2ccoc2nc2c(OC)c(OCC(O)C(C)(C)O)ccc12,FGANMDNHTVJAHL-UHFFFAOYSA-N,347.136887392,2.5088,COc1c2ccoc2nc2c(OC)c(OCC(O)C(C)(C)O)ccc12,EVOXINE,0.97101,0.9451,0.958055,
50555706,CCCCCCOc1ccccc1C(N)=O,CKSJXOVLXUMMFF-UHFFFAOYSA-N,221.141578848,2.7446,CCCCCCOc1ccccc1C(N)=O,EXALAMIDE,0.75429,1.0311,0.892695,
11323365,C=C1CC2C(CC[C@]3(C)C(=O)CCC23)[C@@]2(C)C=CC(=O)C=C12,BFYIZQONLCFLEV-VQIOPMHJSA-N,296.177630008,4.029500000000003,C=C1CC2C(CC[C@]3(C)C(=O)CCC23)[C@@]2(C)C=CC(=O)C=C12,EXEMESTANE,0.90005,1.1749,1.037475,
14036939,O=C1[C@H](CCC(O)c2ccc(F)cc2)[C@@H](c2ccc(O)cc2)N1c1ccc(F)cc1,OLNTVTPDXPETLC-OJVMETQDSA-N,409.148949972,4.888300000000004,O=C1[C@H](CCC(O)c2ccc(F)cc2)[C@@H](c2ccc(O)cc2)N1c1ccc(F)cc1,EZETIMIBE,1.1514,1.1591,1.15525,
93053030,CC(=O)OCC(CCn1cnc2cnc(N)nc21)COC(C)=O,GGXKWVWZWMLJEH-UHFFFAOYSA-N,321.143704088,0.5409999999999998,CC(=O)OCC(CCn1cnc2cnc(N)nc21)COC(C)=O,FAMCICLOVIR,1.365,1.166,1.2655,
78270384,NC(N)=Nc1nc(CSCC/C(N)=N\S(N)(=O)=O)cs1,XUFQPHANEAPEMJ-UHFFFAOYSA-N,337.04493571999996,-0.7679999999999998,NC(N)=Nc1nc(CSCC/C(N)=N\S(N)(=O)=O)cs1,FAMOTIDINE,0.97881,0.92902,0.953915,
38249140,Nc1ccncc1,NUKYPUAOHBNCPY-UHFFFAOYSA-N,94.053098192,0.6638000000000001,Nc1ccncc1,FAMPRIDINE,1.0727,0.99596,1.03433,
10525386,CC(C)c1c(CN(C)C(C)Cc2ccccc2)n(C)n(-c2ccccc2)c1=O,GNUXVOXXWGNPIV-UHFFFAOYSA-N,377.246712612,4.362400000000004,CC(C)c1c(CN(C)C(C)Cc2ccccc2)n(C)n(-c2ccccc2)c1=O,FAMPROFAZONE,1.0977,1.0514,1.07455,
10118816,O=S(=O)(c1cccc2cnccc12)N1CCCNCC1,NGOGFTYYXHNFQH-UHFFFAOYSA-N,291.104147784,1.2187999999999999,O=S(=O)(c1cccc2cnccc12)N1CCCNCC1,FASUDIL HYDROCHLORIDE,1.0046,1.2005,1.10255,
94325157,Cc1nc(-c2ccc(OCC(C)C)c(C#N)c2)sc1C(=O)O,BQSJTQLCZDPROO-UHFFFAOYSA-N,316.08816337199994,3.723200000000002,Cc1nc(-c2ccc(OCC(C)C)c(C#N)c2)sc1C(=O)O,FEBUXOSTAT,1.0375,1.3723,1.2049,
30718252,O=C(O)Cc1ccc(-c2ccccc2)cc1,QRZAKQDHEVVFRX-UHFFFAOYSA-N,212.083729624,2.9807000000000015,O=C(O)Cc1ccc(-c2ccccc2)cc1,FELBINAC,0.94049,0.90818,0.924335,
14799631,CCOC(=O)C1=C(C)NC(C)=C(C(=O)OC)C1c1cccc(Cl)c1Cl,RZTAMFZIAATZDJ-UHFFFAOYSA-N,383.069113448,3.9643000000000033,CCOC(=O)C1=C(C)NC(C)=C(C(=O)OC)C1c1cccc(Cl)c1Cl,FELODIPINE,0.86778,0.78714,0.82746,
21667250,O=C(CCCl)NCCc1ccccc1,BITWVVLBVUMFHU-UHFFFAOYSA-N,211.076391748,1.9742,O=C(CCCl)NCCc1ccccc1,FENACLON,0.90431,1.1742,1.039255,
64797667,COC(=O)Nc1nc2ccc(Sc3ccccc3)cc2[nH]1,HDDSHPAODJUKPD-UHFFFAOYSA-N,299.0728476560001,3.892400000000001,COC(=O)Nc1nc2ccc(Sc3ccccc3)cc2[nH]1,FENBENDAZOLE,1.4617,1.3073,1.3845,
60423471,O=C(O)CCC(=O)c1ccc(-c2ccccc2)cc1,ZPAKPRAICRBAOD-UHFFFAOYSA-N,254.094294308,3.4011000000000022,O=C(O)CCC(=O)c1ccc(-c2ccccc2)cc1,FENBUFEN,0.92535,0.89473,0.91004,
55287451,Cl.NC(Cc1ccc(Cl)cc1)C(=O)O,PFOCEDBJFKVRHU-UHFFFAOYSA-N,235.016683952,1.7162,Cl.NC(Cc1ccc(Cl)cc1)C(=O)O,FENCLONINE (+/-),1.3147,1.1612,1.23795,
21041718,CC(NCCC(c1ccccc1)c1ccccc1)c1ccccc1.Cl,NJXWZWXCHBNOOG-UHFFFAOYSA-N,351.17537751199995,5.981200000000006,CC(NCCC(c1ccccc1)c1ccccc1)c1ccccc1.Cl,FENDILINE HYDROCHLORIDE,0.87524,0.88949,0.882365,
11952076,CCCCC(O)c1ccccc1,OVGORFFCBUIFIA-UHFFFAOYSA-N,164.120115132,2.9102000000000015,CCCCC(O)c1ccccc1,FENIPENTOL,1.0076,0.96633,0.986965,
40671796,CC(C)OC(=O)C(C)(C)Oc1ccc(C(=O)c2ccc(Cl)cc2)cc1,YMTINGFKWWXKFG-UHFFFAOYSA-N,360.112836832,4.680000000000004,CC(C)OC(=O)C(C)(C)Oc1ccc(C(=O)c2ccc(Cl)cc2)cc1,FENOFIBRATE,0.96398,1.0333,0.99864,
10991506,CC(C)(Oc1ccc(C(=O)c2ccc(Cl)cc2)cc1)C(=O)O,MQOBSOSZFYZQOK-UHFFFAOYSA-N,318.06588664,3.8130000000000033,CC(C)(Oc1ccc(C(=O)c2ccc(Cl)cc2)cc1)C(=O)O,FENOFIBRIC ACID,1.0991,0.86598,0.98254,
87741486,CS(=O)(=O)O.Oc1ccc(C2CNCCc3c2cc(O)c(O)c3Cl)cc1,CVKUMNRCIJMVAR-UHFFFAOYSA-N,401.06998603999995,2.2384000000000013,CS(=O)(=O)O.Oc1ccc(C2CNCCc3c2cc(O)c(O)c3Cl)cc1,FENOLDOPAM MESYLATE,1.2362,0.82978,1.03299,
49469043,CC(C(=O)O)c1cccc(Oc2ccccc2)c1,RDJGLLICXDHJDY-UHFFFAOYSA-N,242.094294308,3.6670000000000016,CC(C(=O)O)c1cccc(Oc2ccccc2)c1,FENOPROFEN,0.94432,1.0929,1.01861,
53192000,Br.CC(Cc1ccc(O)cc1)NCC(O)c1cc(O)cc(O)c1,SGZRQMALQBXAIQ-UHFFFAOYSA-N,383.07322028399994,2.6355000000000004,Br.CC(Cc1ccc(O)cc1)NCC(O)c1cc(O)cc(O)c1,FENOTEROL HYDROBROMIDE,1.0143,0.80955,0.911925,
85902732,Cl.O=C1NCC2(CCN(CCc3ccccc3)CC2)O1,FIKFLLIUPUVONI-UHFFFAOYSA-N,296.129155592,2.2253,Cl.O=C1NCC2(CCN(CCc3ccccc3)CC2)O1,FENSPIRIDE HYDROCHLORIDE,1.115,1.155,1.135,
14287699,O=C([O-])/C=C/C(=O)[O-].[Fe+2],PMVSDNDAUGGCCE-UHFFFAOYSA-L,169.930246044,-2.9600999999999997,O=C([O-])/C=C/C(=O)[O-].[Fe+2],FERROUS FUMARATE,1.009,0.91594,0.96247,
54397532,COc1cc(/C=C/C(=O)O)ccc1O,KSEBMYQBYZTDHS-UHFFFAOYSA-N,194.0579088,1.4986,COc1cc(/C=C/C(=O)O)ccc1O,FERULIC ACID,1.0923,0.84902,0.97066,
36337043,CC(C)C(=O)Oc1ccc(CO)cc1[C@H](CCN(C(C)C)C(C)C)c1ccccc1.O=C(O)/C=C/C(=O)O,MWHXMIASLKXGBU-GNAFDRTKSA-N,527.2883026519999,5.092900000000004,CC(C)C(=O)Oc1ccc(CO)cc1[C@H](CCN(C(C)C)C(C)C)c1ccccc1.O=C(O)/C=C/C(=O)O,FESOTERODINE FUMARATE,1.1188,1.0166,1.0677,
40129621,CC(C)(C(=O)O)c1ccc(C(O)CCCN2CCC(C(O)(c3ccccc3)c3ccccc3)CC2)cc1.Cl,RRJFVPUCXDGFJB-UHFFFAOYSA-N,537.26458644,5.932300000000009,CC(C)(C(=O)O)c1ccc(C(O)CCCN2CCC(C(O)(c3ccccc3)c3ccccc3)CC2)cc1.Cl,FEXOFENADINE HYDROCHLORIDE,1.0477,1.0681,1.0579,
23368187,CC(C)(C)NC(=O)[C@H]1CCC2C3CCC4NC(=O)C=C[C@]4(C)C3CC[C@@]21C,DBEPLOCGEIEOCV-BYQKQGHSSA-N,372.277678392,3.8145000000000024,CC(C)(C)NC(=O)[C@H]1CCC2C3CCC4NC(=O)C=C[C@]4(C)C3CC[C@@]21C,FINASTERIDE,1.0222,1.0013,1.01175,
10937172,Cl.O=C(COc1ccc(Cl)cc1)N1CCN(Cc2ccc3c(c2)OCO3)CC1,MVOWQBJZZKOQNU-UHFFFAOYSA-N,424.09566254399994,3.213700000000001,Cl.O=C(COc1ccc(Cl)cc1)N1CCN(Cc2ccc3c(c2)OCO3)CC1,FIPEXIDE HYDROCHLORIDE,0.80613,0.948,0.877065,
33677831,N#Cc1nn(-c2c(Cl)cc(C(F)(F)F)cc2Cl)c(N)c1S(=O)C(F)(F)F,ZOCSXAVNDGMNBV-UHFFFAOYSA-N,435.938706428,4.279179999999999,N#Cc1nn(-c2c(Cl)cc(C(F)(F)F)cc2Cl)c(N)c1S(=O)C(F)(F)F,FIPRONIL,0.88443,1.076,0.980215,
18565867,CC1(C)OC(=O)C(OCC2CC2)=C1c1ccc(S(C)(=O)=O)cc1,FULAPETWGIGNMT-UHFFFAOYSA-N,336.10314473999995,2.563200000000001,CC1(C)OC(=O)C(OCC2CC2)=C1c1ccc(S(C)(=O)=O)cc1,FIROCOXIB,1.0,0.99317,0.996585,
90134625,O=c1c(O)c(-c2ccc(O)c(O)c2)oc2cc(O)ccc12,XHEFDIBZLJXQHF-UHFFFAOYSA-N,286.04773804,2.282400000000001,O=c1c(O)c(-c2ccc(O)c(O)c2)oc2cc(O)ccc12,FISETIN,0.91486,0.95448,0.93467,
51921634,COC(=O)C[C@H]1C(C)(C)[C@@H](OC(C)=O)[C@@H]2CC3=C4CC(=O)O[C@@H](c5ccoc5)[C@]4(C)CCC3[C@@]1(C)C2=O,YOTCKRFNSMJTGD-PSWUJVJRSA-N,512.2410181119999,4.726600000000005,COC(=O)C[C@H]1C(C)(C)[C@@H](OC(C)=O)[C@@H]2CC3=C4CC(=O)O[C@@H](c5ccoc5)[C@]4(C)CCC3[C@@]1(C)C2=O,FISSINOLIDE,0.93493,1.0157,0.975315,
83196921,O=c1cc(-c2ccccc2)oc2ccccc12,VHBFFQKBGNRLFZ-UHFFFAOYSA-N,222.06807956,3.4600000000000017,O=c1cc(-c2ccccc2)oc2ccccc12,FLAVONE,0.83754,0.89652,0.86703,
36685547,CN1CCN(c2c(F)cc3c(=O)c(C(=O)O)cn(CCF)c3c2F)CC1,XBJBPGROQZJDOJ-UHFFFAOYSA-N,369.130026096,1.6991999999999998,CN1CCN(c2c(F)cc3c(=O)c(C(=O)O)cn(CCF)c3c2F)CC1,FLEROXACIN,0.1418,0.15796,0.14988,
92501054,CCC(=O)c1c(O)cc(O)cc1O,PTHLEKANMPKYDB-UHFFFAOYSA-N,182.0579088,1.3961,CCC(=O)c1c(O)cc(O)cc1O,FLOPROPIONE,1.2059,1.0714,1.13865,
77330343,CS(=O)(=O)c1ccc([C@H](O)[C@H](CF)NC(=O)C(Cl)Cl)cc1,AYIRNRDRBQJXIF-UWVGGRQHSA-N,357.000462508,1.3815,CS(=O)(=O)c1ccc([C@H](O)[C@H](CF)NC(=O)C(Cl)Cl)cc1,FLORFENICOL,0.74335,0.80858,0.775965,
21933555,O=c1[nH]c(=O)n(C2C[C@@H](O)[C@@H](CO)O2)cc1F,ODKNJVUHOIMIIZ-CQMSUOBXSA-N,246.065199672,-1.6836,O=c1[nH]c(=O)n(C2C[C@@H](O)[C@@H](CO)O2)cc1F,FLOXURIDINE,1.026,1.2926,1.1593,
88576722,COC(=O)Nc1nc2cc(C(=O)c3ccc(F)cc3)ccc2[nH]1,CPEUVMUXAHMANV-UHFFFAOYSA-N,313.08626946400005,3.111300000000001,COC(=O)Nc1nc2cc(C(=O)c3ccc(F)cc3)ccc2[nH]1,FLUBENDAZOLE,1.1155,1.2218,1.16865,
98395332,OC(Cn1cncn1)(Cn1cncn1)c1ccc(F)cc1F,RFHAOTPXVQNOHP-UHFFFAOYSA-N,306.10406544399996,0.7357999999999993,OC(Cn1cncn1)(Cn1cncn1)c1ccc(F)cc1F,FLUCONAZOLE,1.083,1.2723,1.17765,
58248513,Nc1nc(=O)[nH]cc1F,XRECTZIEBJDKEO-UHFFFAOYSA-N,129.033839968,-0.5088000000000001,Nc1nc(=O)[nH]cc1F,FLUCYTOSINE,0.9806,0.99368,0.98714,
94673332,Nc1nc(F)nc2c1ncn2[C@@H]1O[C@H](COP(=O)(O)O)[C@@H](O)[C@@H]1O,GIUYCYHIANZCFB-FJFJXFQQSA-N,365.0536626059999,-1.7239000000000007,Nc1nc(F)nc2c1ncn2[C@@H]1O[C@H](COP(=O)(O)O)[C@@H](O)[C@@H]1O,FLUDARABINE PHOSPHATE,1.1468,0.91068,1.02874,
71750141,CC(=O)OCC(=O)[C@@]1(O)CCC2C3CCC4=CC(=O)CC[C@]4(C)[C@@]3(F)[C@@H](O)C[C@@]21C,SYWHXTATXSMDSB-JORUCDAYSA-N,422.21046693200003,2.4445000000000006,CC(=O)OCC(=O)[C@@]1(O)CCC2C3CCC4=CC(=O)CC[C@]4(C)[C@@]3(F)[C@@H](O)C[C@@]21C,FLUDROCORTISONE ACETATE,0.985,1.002,0.9935,
63874452,O=C(O)c1ccccc1Nc1cccc(C(F)(F)F)c1,LPEPZBJOKDYZAD-UHFFFAOYSA-N,281.06636322,4.1472000000000016,O=C(O)c1ccccc1Nc1cccc(C(F)(F)F)c1,FLUFENAMIC ACID,0.82809,1.103,0.965545,
94585381,CCOC(=O)c1ncn2c1CN(C)C(=O)c1cc(F)ccc1-2,OFBIFZUFASYYRE-UHFFFAOYSA-N,303.101919528,1.7736999999999998,CCOC(=O)c1ncn2c1CN(C)C(=O)c1cc(F)ccc1-2,FlUMAZENIL,0.9759,0.89702,0.93646,
48411103,CC1CCc2cc(F)cc3c(=O)c(C(=O)O)cn1c23,DPSPPJIUMHPXMA-UHFFFAOYSA-N,261.080121464,2.346,CC1CCc2cc(F)cc3c(=O)c(C(=O)O)cn1c23,FLUMEQUINE,0.14313,0.1487,0.145915,
29146721,C[C@@H]1CC2C3C[C@H](F)C4=CC(=O)C=C[C@]4(C)[C@@]3(F)[C@@H](O)C[C@]2(C)[C@@]1(O)C(=O)CO,WXURHACBFYSXBI-DRBBXQFKSA-N,410.1904804359999,1.8436999999999997,C[C@@H]1CC2C3C[C@H](F)C4=CC(=O)C=C[C@]4(C)[C@@]3(F)[C@@H](O)C[C@]2(C)[C@@]1(O)C(=O)CO,FLUMETHASONE,0.98863,1.0224,1.005515,
10479295,C[C@@H]1CC2C3C[C@H](F)C4=CC(=O)C=C[C@]4(C)[C@@]3(F)[C@@H](O)C[C@]2(C)[C@@]1(O)C(=O)COC(=O)C(C)(C)C,JWRMHDSINXPDHB-DCPWPRNHSA-N,494.2479953119999,3.4407000000000023,C[C@@H]1CC2C3C[C@H](F)C4=CC(=O)C=C[C@]4(C)[C@@]3(F)[C@@H](O)C[C@]2(C)[C@@]1(O)C(=O)COC(=O)C(C)(C)C,FLUMETHAZONE PIVALATE,1.0237,1.0882,1.05595,
10128636,Cl.Cl.Fc1ccc(C(c2ccc(F)cc2)N2CCN(C/C=C/c3ccccc3)CC2)cc1,RXKMOPXNWTYEHI-UHFFFAOYSA-N,476.159760696,6.228800000000008,Cl.Cl.Fc1ccc(C(c2ccc(F)cc2)N2CCN(C/C=C/c3ccccc3)CC2)cc1,FLUNARIZINE HYDROCHLORIDE,1.1744,1.081,1.1277,
10152717,CC1(C)O[C@@H]2CC3C4C[C@H](F)C5=CC(=O)C=CC5(C)C4C(O)CC3(C)[C@]2(C(=O)CO)O1,XSFJVAJPIHIPKU-CCRGDLLISA-N,434.2104669319999,2.2747000000000006,CC1(C)O[C@@H]2CC3C4C[C@H](F)C5=CC(=O)C=CC5(C)C4C(O)CC3(C)[C@]2(C(=O)CO)O1,FLUNISOLIDE,0.95869,1.0184,0.988545,
73624812,CNC[C@H](O)[C@@H](O)[C@H](O)[C@H](O)CO.Cc1c(Nc2ncccc2C(=O)O)cccc1C(F)(F)F,MGCCHNLNRBULBU-WZTVWXICSA-N,491.18793489599994,0.4923200000000007,CNC[C@H](O)[C@@H](O)[C@H](O)[C@H](O)CO.Cc1c(Nc2ncccc2C(=O)O)cccc1C(F)(F)F,FLUNIXIN MEGLUMINE,0.86097,0.8842,0.872585,
28878958,CC1(C)O[C@@H]2CC3C4C[C@H](F)C5=CC(=O)C=C[C@]5(C)[C@@]4(F)[C@@H](O)C[C@]3(C)[C@]2(C(=O)CO)O1,FEBLZLNTKCEFIT-AHVBUMMWSA-N,452.2010451199999,2.366800000000001,CC1(C)O[C@@H]2CC3C4C[C@H](F)C5=CC(=O)C=C[C@]5(C)[C@@]4(F)[C@@H](O)C[C@]3(C)[C@]2(C(=O)CO)O1,FLUOCINOLONE ACETONIDE,1.1728,1.1237,1.14825,
10906036,CC(=O)OCC(=O)[C@@]12OC(C)(C)O[C@@H]1CC1C3C[C@H](F)C4=CC(=O)C=C[C@]4(C)[C@@]3(F)[C@@H](O)C[C@@]12C,WJOHZNCJWYWUJD-UUTDCOIBSA-N,494.211609804,2.9376000000000015,CC(=O)OCC(=O)[C@@]12OC(C)(C)O[C@@H]1CC1C3C[C@H](F)C4=CC(=O)C=C[C@]4(C)[C@@]3(F)[C@@H](O)C[C@@]12C,FLUOCINONIDE,1.348,1.2997,1.32385,
68866473,O=C1OC2(c3ccc(O)cc3Oc3cc(O)ccc32)c2ccccc21,GNBHRKFJIUUOQI-UHFFFAOYSA-N,332.06847348400004,3.6658000000000017,O=C1OC2(c3ccc(O)cc3Oc3cc(O)ccc32)c2ccccc21,FLUORESCEIN,1.0152,1.0135,1.01435,
58215618,CC(=O)[C@@]1(O)CCC2C3C[C@H](C)C4=CC(=O)C=CC4(C)[C@@]3(F)[C@@H](O)C[C@@]21C,FAOZLTXFLGPHNG-KXWDGVDDSA-N,376.20498762799997,2.923300000000001,CC(=O)[C@@]1(O)CCC2C3C[C@H](C)C4=CC(=O)C=CC4(C)[C@@]3(F)[C@@H](O)C[C@@]21C,FLUOROMETHOLONE,0.86334,0.88794,0.87564,
15968459,O=c1[nH]cc(F)c(=O)[nH]1,GHASVSINZRGABV-UHFFFAOYSA-N,130.017855556,-0.7977000000000001,O=c1[nH]cc(F)c(=O)[nH]1,FLUOROURACIL,0.73081,1.0336,0.882205,
62520897,CNCCC(Oc1ccc(C(F)(F)F)cc1)c1ccccc1.Cl,GIYXAJPCNFJEHY-UHFFFAOYSA-N,345.110726568,4.856800000000004,CNCCC(Oc1ccc(C(F)(F)F)cc1)c1ccccc1.Cl,FLUOXETINE HYDROCHLORIDE,1.1951,1.0231,1.1091,
92173447,Cl.Cl.OCCN1CCN(CCCN2c3ccccc3Sc3ccc(C(F)(F)F)cc32)CC1,MBHNWCYEGXQEIT-UHFFFAOYSA-N,509.12822353599995,5.151700000000005,Cl.Cl.OCCN1CCN(CCCN2c3ccccc3Sc3ccc(C(F)(F)F)cc32)CC1,FLUPHENAZINE HYDROCHLORIDE,0.55631,0.42192,0.489115,
33073569,CCOC(=O)Nc1ccc(NCc2ccc(F)cc2)nc1N.O=C(O)/C=C\C(=O)O,DPYIXBFZUMCMJM-UHFFFAOYSA-N,420.14451261199997,2.6952,CCOC(=O)Nc1ccc(NCc2ccc(F)cc2)nc1N.O=C(O)/C=C\C(=O)O,FLUPIRTINE MALEATE,1.2461,0.99918,1.12264,
46110936,CC(C(=O)O)c1ccc(-c2ccccc2)c(F)c1,SYTBZMRGLBWNTM-UHFFFAOYSA-N,244.089957876,3.6808000000000023,CC(C(=O)O)c1ccc(-c2ccccc2)c(F)c1,FLURBIPROFEN,1.0213,0.85207,0.936685,
42627749,FC(F)(F)COCC(F)(F)F,KGPPDNUWZNWPSI-UHFFFAOYSA-N,182.016634068,2.1276,FC(F)(F)COCC(F)(F)F,FLUROTHYL,1.0138,0.92813,0.970965,
41980728,CC(C)C(=O)Nc1ccc([N+](=O)[O-])c(C(F)(F)F)c1,MKXKFYHWDHIYRV-UHFFFAOYSA-N,276.07217687200006,3.2081000000000017,CC(C)C(=O)Nc1ccc([N+](=O)[O-])c(C(F)(F)F)c1,FLUTAMIDE,1.0764,0.80991,0.943155,
11751573,CCC(=O)O[C@]1(C(=O)SCF)[C@H](C)CC2C3CC(F)C4=CC(=O)C=C[C@]4(C)C3(F)[C@@H](O)C[C@@]21C,WMWTYOKRWGGJOA-HLJZTEGPSA-N,500.18442975199997,4.430000000000004,CCC(=O)O[C@]1(C(=O)SCF)[C@H](C)CC2C3CC(F)C4=CC(=O)C=C[C@]4(C)C3(F)[C@@H](O)C[C@@]21C,FLUTICASONE PROPIONATE,1.186,1.141,1.1635,
56226140,CC(C)n1c(/C=C/[C@@H](O)C[C@@H](O)CC(=O)[O-])c(-c2ccc(F)cc2)c2ccccc21.[Na+],ZGGHKIMDNBDHJB-STYNFMPRSA-M,433.1665307800001,0.2973999999999999,CC(C)n1c(/C=C/[C@@H](O)C[C@@H](O)CC(=O)[O-])c(-c2ccc(F)cc2)c2ccccc21.[Na+],FLUVASTATIN SODIUM,1.0385,1.0571,1.0478,
31397005,COCCCC/C(=N\OCCN)c1ccc(C(F)(F)F)cc1.O=C(O)/C=C\C(=O)O,LFMYNZPAVPMEGP-UHFFFAOYSA-N,434.1664711799999,2.9133000000000004,COCCCC/C(=N\OCCN)c1ccc(C(F)(F)F)cc1.O=C(O)/C=C\C(=O)O,FLUVOXAMINE MALEATE,0.95443,1.2242,1.089315,
10464395,Cc1cn[nH]c1,RIKMMFOAQPJVMX-UHFFFAOYSA-N,82.053098192,0.7181199999999999,Cc1cn[nH]c1,FOMEPIZOLE,1.0925,0.83138,0.96194,
35947982,Cc1cn[nH]c1.Cl,PUCXJHNDMYZOHG-UHFFFAOYSA-N,118.02977590399999,1.1399199999999998,Cc1cn[nH]c1.Cl,FOMEPIZOLE HYDROCHLORIDE,1.0404,1.1109,1.07565,
78363704,CC1=C2CCC3C(CC[C@]4(C)C(=O)CCC34)[C@@]2(C)CCC1=O,ISMVMNHPEDSOTR-XNMTZQFCSA-N,300.208930136,4.477500000000004,CC1=C2CCC3C4CCC(=O)[C@@]4(C)CCC3[C@@]2(C)CCC1=O,FORMESTANE,1.0323,0.94733,0.989815,
76576979,COc1ccc(-c2coc3cc(O)ccc3c2=O)cc1,HKQYGTCOTHHOMP-UHFFFAOYSA-N,268.073558864,3.1742000000000017,COc1ccc(-c2coc3cc(O)ccc3c2=O)cc1,FORMONONETIN,1.1334,1.1131,1.12325,
74704371,O=C([O-])P(=O)([O-])[O-].[Na+].[Na+].[Na+],DFHAXXVZCFXGOQ-UHFFFAOYSA-K,191.91764256999997,-11.7446,O=C([O-])P(=O)([O-])[O-].[Na+].[Na+].[Na+],FOSCARNET SODIUM,1.0915,0.95695,1.024225,
10010669,CC1OC1P(=O)([O-])[O-].[Ca+2],YMZJBJPWTXJQMR-UHFFFAOYSA-L,175.95513624999998,-1.7358999999999998,CC1OC1P(=O)([O-])[O-].[Ca+2],FOSFOMYCIN CALCIUM,1.2022,0.96772,1.08496,
59729353,CCC(=O)O[C@@H](O[P@](=O)(CCCCc1ccccc1)CC(=O)N1C[C@H](C2CCCCC2)C[C@H]1C(=O)[O-])C(C)C.[Na+],TVTJZMHAIQQZTL-TXDYNIFHSA-M,585.28313369,1.7906000000000024,CCC(=O)O[C@@H](O[P@](=O)(CCCCc1ccccc1)CC(=O)N1C[C@H](C2CCCCC2)C[C@H]1C(=O)[O-])C(C)C.[Na+],FOSINOPRIL SODIUM,0.99519,1.2514,1.123295,
10711513,C[C@H]1C(=O)CCC2[C@]3(C)CC[C@@]4(C)C5CC(C)(C)CC[C@]5(C)CC[C@]4(C)C3CC[C@@]21C,OFMXGFHWLZPCFL-QDTNQAACSA-N,426.38616622,8.457000000000006,C[C@H]1C(=O)CCC2[C@]3(C)CC[C@@]4(C)C5CC(C)(C)CC[C@]5(C)CC[C@]4(C)C3CC[C@@]21C,FRIEDELIN,0.90889,0.89955,0.90422,
80155270,CN[C@@H]1CCC2Nc3ccc(C(N)=O)cc3C2C1.O=C(O)CCC(=O)O,OSYFSGKNLLQINY-VSUKLTMFSA-N,363.17942089999997,1.3708999999999998,CN[C@@H]1CCC2Nc3ccc(C(N)=O)cc3C2C1.O=C(O)CCC(=O)O,FROVATRIPTAN SUCCINATE,0.96396,0.99384,0.9789,
59450164,Cc1cccc(C)c1NC(=O)c1ccccc1C(=O)O,LLECMGGNFBKPRH-UHFFFAOYSA-N,269.10519334,3.253940000000001,Cc1cccc(C)c1NC(=O)c1ccccc1C(=O)O,FTAXILIDE,1.0325,1.0448,1.03865,
83349664,CC[C@H](CCC(C)[C@H]1CCC2C3CCC4C[C@@H](O)CC[C@]4(C)C3CC[C@@]21C)C(C)C,LGJMUZUPVCAVPU-UXEYTGHTSA-N,416.401816284,8.10470000000001,CC[C@H](CCC(C)[C@H]1CCC2C3CCC4C[C@@H](O)CC[C@]4(C)C3CC[C@@]21C)C(C)C,FUCOSTANOL,1.0003,0.97431,0.987305,
29746435,Cc1cc(O)c(C=O)c2c1C(=O)Oc1c(COC(=O)/C=C/C(=O)O)c(O)c(C(=O)O)c(C)c1O2,VEGGRTFDFMUBPD-UHFFFAOYSA-N,472.06417595199986,2.23424,Cc1cc(O)c(C=O)c2c1C(=O)Oc1c(COC(=O)/C=C/C(=O)O)c(O)c(C(=O)O)c(C)c1O2,FUMARPROTOCETRARIC ACID,1.0716,1.0562,1.0639,
68580200,O=C1OC(CN2CCOCC2)CN1/N=C/c1ccc([N+](=O)[O-])o1,YVQVOQKFMFRVGR-UHFFFAOYSA-N,324.10698423199995,0.6747000000000003,O=C1OC(CN2CCOCC2)CN1/N=C/c1ccc([N+](=O)[O-])o1,FURALTADONE,0.89458,1.0437,0.96914,
68769304,O=C1OCCN1/N=C/c1ccc([N+](=O)[O-])o1,PLHJDBGFXBMTGZ-UHFFFAOYSA-N,225.038570324,0.9739,O=C1OCCN1/N=C/c1ccc([N+](=O)[O-])o1,FURAZOLIDONE,0.34863,0.29441,0.32152,
84601483,NS(=O)(=O)c1cc(C(=O)O)c(NCc2ccco2)cc1Cl,ZZUFCTLCJUWOSV-UHFFFAOYSA-N,330.00772013200003,1.8907,NS(=O)(=O)c1cc(C(=O)O)c(NCc2ccco2)cc1Cl,FUROSEMIDE,1.0493,0.99543,1.022365,
21483431,CC(=O)O[C@H]1C[C@@]2(C)[C@@H](C[C@@H](O)C3[C@]2(C)CC[C@H]2[C@H](C)[C@H](O)CC[C@]32C)/C1=C(/CCC=C(C)C)C(=O)O,IECPWNUMDGFDKC-BYZPHMLDSA-N,516.3450892559999,5.6661000000000055,CC(=O)O[C@H]1C[C@@]2(C)[C@@H](C[C@@H](O)C3[C@@]4(C)CC[C@@H](O)[C@@H](C)[C@@H]4CC[C@@]32C)/C1=C(/CCC=C(C)C)C(=O)O,FUSIDIC ACID,0.46975,0.60056,0.535155,
84234915,NCC1(CC(=O)O)CCCCC1,UGJMXCAKCUNAIE-UHFFFAOYSA-N,171.125928784,1.3702999999999994,NCC1(CC(=O)O)CCCCC1,GABAPENTIN,1.0927,0.83195,0.962325,
33359325,Cl.Oc1noc2c1CCNC2,ZDZDSZQYRBZPNN-UHFFFAOYSA-N,176.035255208,0.44769999999999993,Cl.Oc1noc2c1CCNC2,GABOXADOL HYDROCHLORIDE,0.87155,0.87648,0.874015,
48240273,CNC(=O)CN(CCN(CCN(CC(=O)[O-])CC(=O)NC)CC(=O)[O-])CC(=O)[O-].[Gd],NFPWGFSRWDHFFT-UHFFFAOYSA-K,574.10388743173,-7.365900000000009,CNC(=O)CN(CCN(CCN(CC(=O)[O-])CC(=O)NC)CC(=O)[O-])CC(=O)[O-].[Gd],GADODIAMIDE,0.89398,1.0488,0.97139,
11378742,CC(O)CN1CCN(CC(=O)[O-])CCN(CC(=O)[O-])CCN(CC(=O)[O-])CC1.[Gd+3],DPNNNPAKRZOSMO-UHFFFAOYSA-K,559.1277281680001,-6.161500000000005,CC(O)CN1CCN(CC(=O)[O-])CCN(CC(=O)[O-])CCN(CC(=O)[O-])CC1.[Gd+3],GADOTERIDOL,1.1065,1.1195,1.113,
24002299,O=c1c(O)c(-c2ccccc2)oc2cc(O)cc(O)c12,VCCRNZQBSJXYJD-UHFFFAOYSA-N,270.05282342000004,2.576800000000001,O=c1c(O)c(-c2ccccc2)oc2cc(O)cc(O)c12,GALANGIN,1.1425,0.92413,1.033315,
94324636,COc1c(-c2ccccc2)oc2cc(O)cc(O)c2c1=O,LYISDADPVOHJBJ-UHFFFAOYSA-N,284.068473484,2.8798000000000017,COc1c(-c2ccccc2)oc2cc(O)cc(O)c2c1=O,GALANGIN 3-O-METHYL ETHER,1.0379,0.893,0.96545,
96375978,COc1cc(OC)c2c(=O)c(OC)c(-c3ccccc3)oc2c1,CBTHKWVPSIGKMI-UHFFFAOYSA-N,312.099773612,3.485800000000003,COc1cc(OC)c2c(=O)c(OC)c(-c3ccccc3)oc2c1,GALANGIN TRIMETHYL ETHER,0.86061,0.97594,0.918275,
47892569,COc1ccc2c3c1O[C@H]1C[C@@H](O)C=C[C@@]31CCN(C)C2,ASUTZQLVASHGKV-JDFRZJQESA-N,287.152143532,1.8503,COc1ccc2c3c1O[C@H]1C[C@@H](O)C=C[C@@]31CCN(C)C2,GALANTAMINE,1.0594,1.0056,1.0325,
26451411,CC[N+](CC)(CC)CCOc1cccc(OCC[N+](CC)(CC)CC)c1OCC[N+](CC)(CC)CC.[I-].[I-].[I-],REEUVFCVXKWOFE-UHFFFAOYSA-K,891.1768867799998,-3.5355000000000087,CC[N+](CC)(CC)CCOc1cccc(OCC[N+](CC)(CC)CC)c1OCC[N+](CC)(CC)CC.[I-].[I-].[I-],GALLAMINE TRIETHIODIDE,0.97815,1.0031,0.990625,
81261438,O=C(O)c1cc(O)c(O)c(O)c1,LNTHITQWFMADLM-UHFFFAOYSA-N,170.021523292,0.5015999999999998,O=C(O)c1cc(O)c(O)c(O)c1,GALLIC ACID,1.2595,1.5214,1.39045,
99239134,CC(C)=CCCC1(C)C=Cc2c(O)c3c(c(CC=C(C)C)c2O1)OC12C(=CC4CC1C(C)(C)OC2(C/C=C(/C)C(=O)O)C4=O)C3=O,GEZHEQNLKAOMCA-UHFFFAOYSA-N,628.303618368,7.239300000000007,CC(C)=CCCC1(C)C=Cc2c(O)c3c(c(CC=C(C)C)c2O1)OC12C(=CC4CC1C(C)(C)OC2(C/C=C(/C)C(=O)O)C4=O)C3=O,GAMBOGIC ACID,1.0972,0.69208,0.89464,
25210794,Cl.NCCCC(=O)O,QPGLUEKHBNOAHG-UHFFFAOYSA-N,139.04000624,0.23169999999999996,Cl.NCCCC(=O)O,gamma-AMINOBUTYRIC ACID HYDROCHLORIDE,0.9602,0.94493,0.952565,
75867748,Nc1nc2c(ncn2COC(CO)CO)c(=O)[nH]1.O,KLXHZXWXXKSKRU-UHFFFAOYSA-N,273.10731858,-2.795599999999999,Nc1nc2c(ncn2COC(CO)CO)c(=O)[nH]1.O,GANCICLOVIR HYDRATE,1.4111,1.4156,1.41335,
91589015,COC(=O)c1c(OC)cc2c(c1C)Oc1c(Cl)c(O)c(Cl)c(C)c1C(=O)O2,RPHAAJGBADUATP-UHFFFAOYSA-N,412.0116581479999,4.435940000000003,COC(=O)c1c(OC)cc2c(c1C)Oc1c(Cl)c(O)c(Cl)c(C)c1C(=O)O2,GANGALEOIDIN,1.1531,1.2264,1.18975,
99746521,CC(C)=CCCC1(C)C=Cc2c(O)c3c(c(CC=C(C)C)c2O1)OC12C(=CCCC1C(C)(C)O[C@@]2(C/C=C(\C)C(=O)O)C(=O)O)C3=O,VDSCKSOYNLTQSY-KKQCBWBVSA-N,646.3141830520001,7.515100000000007,CC(C)=CCCC1(C)C=Cc2c(O)c3c(c(CC=C(C)C)c2O1)OC12C(=CCCC1C(C)(C)O[C@@]2(C/C=C(\C)C(=O)O)C(=O)O)C3=O,GARCINOLIC ACID,1.4172,0.81722,1.11721,
31241979,COc1ccc(-c2cc(=O)c3c(O)c(OC)c(OC)c(OC)c3o2)cc1,LXEVSYZNYDZSOB-UHFFFAOYSA-N,358.105252916,3.200000000000002,COc1ccc(-c2cc(=O)c3c(O)c(OC)c(OC)c(OC)c3o2)cc1,GARDENIN B,0.98892,1.0169,1.00291,
14146216,C=CCSSCC=C,PFRGXCVKLLPLIP-UHFFFAOYSA-N,146.02239232,2.7398000000000016,C=CCSSCC=C,GARLICIN,1.1896,0.92676,1.05818,
84613517,COc1c(N2CCNC(C)C2)c(F)cc2c(=O)c(C(=O)O)cn(C3CC3)c12,XUBOMFCQGDBHNK-UHFFFAOYSA-N,375.15943440399997,1.9804,COc1c(N2CCNC(C)C2)c(F)cc2c(=O)c(C(=O)O)cn(C3CC3)c12,GATIFLOXACIN,0.14023,0.15573,0.14798,
42168763,CC(=O)O[C@@H]1CC2C(C)(C)[C@H](O)CC[C@]2(C)C2CC[C@@]3(C)[C@H](c4ccoc4)OC(=O)C4OC43[C@@]21C,IVHWWYNBMIROCV-AJIQNVKKSA-N,486.26175355599986,4.576500000000005,CC(=O)O[C@@H]1CC2C(C)(C)[C@H](O)CC[C@]2(C)C2CC[C@@]3(C)[C@H](c4ccoc4)OC(=O)C4OC43[C@@]21C,GEDUNOL,0.83619,1.0038,0.919995,
66390311,COc1cc2ncnc(Nc3ccc(F)c(Cl)c3)c2cc1OCCCN1CCOCC1,XGALLCVXEZPNRQ-UHFFFAOYSA-N,446.15209652799996,4.275600000000003,COc1cc2ncnc(Nc3ccc(F)c(Cl)c3)c2cc1OCCCN1CCOCC1,GEFITINIB,1.0954,0.98558,1.04049,
42167557,Cl.Nc1ccn([C@@H]2O[C@H](CO)[C@@H](O)C2(F)F)c(=O)n1,OKKDEIYWILRZIA-OSZBKLCCSA-N,299.04843998399997,-0.8668,Cl.Nc1ccn([C@@H]2O[C@H](CO)[C@@H](O)C2(F)F)c(=O)n1,GEMCITABINE HYDROCHLORIDE,0.83922,0.85121,0.845215,
22106643,Cc1ccc(C)c(OCCCC(C)(C)C(=O)O)c1,HEMJJKBWTPKOJG-UHFFFAOYSA-N,250.156894564,3.573240000000002,Cc1ccc(C)c(OCCCC(C)(C)C(=O)O)c1,GEMFIBROZIL,0.99355,1.0039,0.998725,
10647039,CO/N=C1\CN(c2nc3c(cc2F)c(=O)c(C(=O)O)cn3C2CC2)CC1CN.CS(=O)(=O)O,JIYMVSQRGZEYAX-UHFFFAOYSA-N,485.1380473279999,0.47000000000000114,CO/N=C1\CN(c2nc3c(cc2F)c(=O)c(C(=O)O)cn3C2CC2)CC1CN.CS(=O)(=O)O,GEMIFLOXACIN MESYLATE,0.11265,0.15208,0.132365,
62137419,CN[C@@H]1[C@@H](O)C(OC2[C@@H](N)C[C@@H](N)[C@H](O[C@H]3O[C@H](C(C)O)[C@@H](O)[C@H](O)[C@H]3N)[C@H]2O)OC[C@]1(C)O,BRZYSWJRSDMWLG-WFDQBLTDSA-N,496.2744434799999,-5.612999999999998,CN[C@@H]1[C@@H](O)C(OC2[C@@H](N)C[C@@H](N)[C@H](O[C@H]3O[C@H](C(C)O)[C@@H](O)[C@H](O)[C@H]3N)[C@H]2O)OC[C@]1(C)O,GENETICIN,0.11574,0.12704,0.12139,
30357310,O=c1c(-c2ccc(O)cc2)coc2cc(O)cc(O)c12,TZBJGXHYKVUXJN-UHFFFAOYSA-N,270.05282342000004,2.576800000000001,O=c1c(-c2ccc(O)cc2)coc2cc(O)cc(O)c12,GENISTEIN,1.0937,1.0555,1.0746,
53558355,CNC(C)[C@@H]1CC[C@@H](N)[C@@H](OC2[C@@H](N)C[C@@H](N)[C@H](OC3OC[C@](C)(O)[C@H](NC)[C@H]3O)[C@H]2O)O1.O=S(=O)(O)O,NWQISSNHRDDWRM-KFSSRJMVSA-N,575.2836282599999,-3.980299999999999,CNC(C)[C@@H]1CC[C@@H](N)[C@@H](OC2[C@@H](N)C[C@@H](N)[C@H](OC3OC[C@](C)(O)[C@H](NC)[C@H]3O)[C@H]2O)O1.O=S(=O)(O)O,GENTAMICIN SULFATE,0.56736,0.64313,0.605245,
37748663,CN(C)c1ccc(C(=C2C=CC(=[N+](C)C)C=C2)c2ccc(N(C)C)cc2)cc1.[Cl-],ZXJXZNDDNMQXFV-UHFFFAOYSA-M,407.21282564,1.4636000000000002,CN(C)c1ccc(C(=C2C=CC(=[N+](C)C)C=C2)c2ccc(N(C)C)cc2)cc1.[Cl-],GENTIAN VIOLET,4.0939,4.4561,4.275,
28001968,O=C(O)c1cc(O)ccc1O,WXTMDXOMEHJXQO-UHFFFAOYSA-N,154.026608672,0.7959999999999998,O=C(O)c1cc(O)ccc1O,GENTISIC ACID,1.1363,1.0358,1.08605,
78701140,C#C[C@]1(O)C=CC2[C@@H]3CCC4=CC(=O)CC[C@@H]4C3CC[C@@]21CC,SIGSPDASOTUPFS-TXCAMPLASA-N,310.193280072,3.6586000000000025,C#C[C@]1(O)C=CC2[C@@H]3CCC4=CC(=O)CC[C@@H]4C3CC[C@@]21CC,GESTODENE,1.3353,1.0785,1.2069,
36318509,C=C1C[C@]23C[C@@]1(O)CC[C@H]2[C@@]12C=C[C@H](O)[C@@](C)(C(=O)O1)[C@H]2[C@@H]3C(=O)O,IXORZMNAPKEEDV-OBDJNFEBSA-N,346.14163842399995,1.0271000000000001,C=C1C[C@]23C[C@@]1(O)CC[C@H]2[C@@]12C=C[C@H](O)[C@@](C)(C(=O)O1)[C@H]2[C@@H]3C(=O)O,GIBBERELLIC ACID,1.196,1.1081,1.15205,
95900883,C[C@@H]1C(=O)O[C@H]2CC34[C@H]5CC(C(C)(C)C)C36[C@@H](OC(=O)[C@@H]6O)OC4(C(=O)O5)[C@]21O,FPUXKXIZEIDQKW-NSGKSZPNSA-N,408.1420323479999,-0.3402999999999995,C[C@@H]1C(=O)O[C@H]2CC34[C@H]5CC(C(C)(C)C)C36[C@@H](OC(=O)[C@@H]6O)OC4(C(=O)O5)[C@]21O,GINKGOLIDE A,0.86023,0.98701,0.92362,
10698262,CC(=O)OC1CC[C@@]2(C)C(CCC3C2CC[C@]2(C)C(C4=CC(=O)OC4)C(OC(C)=O)CC32O)C1,ANNNOIZFDGPVNC-HTXXBGPISA-N,474.26175355599986,3.716700000000003,CC(=O)OC1CC[C@@]2(C)C(CCC3C2CC[C@]2(C)C(C4=CC(=O)OC4)C(OC(C)=O)CC32O)C1,GITOXIGENIN DIACETATE,0.91112,0.94302,0.92707,
90308719,O=C(OCC(O)CO)c1ccccc1Nc1ccnc2cc(Cl)ccc12,GWOFUCIGLDBNKM-UHFFFAOYSA-N,372.087684704,3.141800000000001,O=C(OCC(O)CO)c1ccccc1Nc1ccnc2cc(Cl)ccc12,GLAFENINE,0.94815,0.91486,0.931505,
30263140,CC[C@H]1[C@H](O)C2=C(CC3C(=O)OC(=O)/C3=C/[C@H]1CC)C(=O)OC2=O,YGHXGBVMWGXADG-YROMKCCDSA-N,334.105252916,0.8093999999999995,CC[C@@H]1/C=C2/C(=O)OC(=O)C2CC2=C(C(=O)OC2=O)[C@@H](O)[C@@H]1CC,GLAUCONIC ACID,0.92058,0.95955,0.940065,
49241627,CC[C@H]1[C@H](OC(C)=O)C2=C(CC3C(=O)OC(=O)/C3=C/[C@H]1CC)C(=O)OC2=O,QBZIDKLEMRLMKS-OOOIKUGWSA-N,376.11581759999996,1.3801999999999994,CC[C@@H]1/C=C2/C(=O)OC(=O)C2CC2=C(C(=O)OC2=O)[C@@H](OC(C)=O)[C@@H]1CC,GLAUCONIC ACID ACETATE,1.1918,1.2162,1.204,
47408462,Cc1ccc(S(=O)(=O)NC(=O)NN2CC3CCCC3C2)cc1,BOVGTQGAOIONJV-UHFFFAOYSA-N,323.13036253200005,1.6298199999999994,Cc1ccc(S(=O)(=O)NC(=O)NN2CC3CCCC3C2)cc1,GLICLAZIDE,0.98941,0.94909,0.96925,
11923487,CCC1=C(C)CN(C(=O)NCCc2ccc(S(=O)(=O)NC(=O)N[C@H]3CC[C@H](C)CC3)cc2)C1=O,WIGIZIANZCJQQY-RUCARUNLSA-N,490.224991188,3.0740000000000016,CCC1=C(C)CN(C(=O)NCCc2ccc(S(=O)(=O)NC(=O)N[C@H]3CC[C@H](C)CC3)cc2)C1=O,GLIMEPIRIDE,1.1669,1.059,1.11295,
73251822,Cc1cnc(C(=O)NCCc2ccc(S(=O)(=O)NC(=O)NC3CCCCC3)cc2)cn1,ZJJXGWJIGJFDTL-UHFFFAOYSA-N,445.1783753440001,2.0781199999999993,Cc1cnc(C(=O)NCCc2ccc(S(=O)(=O)NC(=O)NC3CCCCC3)cc2)cn1,GLIPIZIDE,0.97131,1.1243,1.047805,
87880235,COc1ccc2c(c1)C(=O)N(CCc1ccc(S(=O)(=O)NC(=O)NC3CCCCC3)cc1)C(=O)C2(C)C,LLJFMFZYVVLQKT-UHFFFAOYSA-N,527.2090067759999,3.518500000000002,COc1ccc2c(c1)C(=O)N(CCc1ccc(S(=O)(=O)NC(=O)NC3CCCCC3)cc1)C(=O)C2(C)C,GLIQUIDONE,1.1004,1.1279,1.11415,
59376861,O=C1O[C@@H](CO)[C@H](O)[C@@H](O)[C@@H]1O,PHOQVHQSTUBQQK-KLVWXMOXSA-N,178.04773804,-3.0132000000000008,O=C1O[C@@H](CO)[C@H](O)[C@@H](O)[C@@H]1O,GLUCONOLACTONE,1.0495,1.2735,1.1615,
29081627,Cl.N[C@@H]1[C@@H](O)[C@H](O)[C@@H](CO)O[C@H]1O,QKPLRMLTKYXDST-OCOFDJSDSA-N,215.056050228,-2.8332,Cl.N[C@H]1[C@H](O)O[C@H](CO)[C@@H](O)[C@@H]1O,GLUCOSAMINE HYDROCHLORIDE,0.88646,0.99543,0.940945,
66013213,N[C@@H](C(=O)O)[C@@H](O)[C@H](O)[C@H](O)CO,UFYKDFXCZBTLOO-TXICZTDVSA-N,195.074287136,-3.5266999999999995,N[C@@H](C(=O)O)[C@@H](O)[C@H](O)[C@H](O)CO,GLUCOSAMINIC ACID,0.93846,0.96503,0.951745,
32027199,Cl.NC(=O)CC[C@H](N)C(=O)O,SNNIXEGBYLWWHH-DFWYDOINSA-N,182.045819892,-0.9143999999999994,Cl.NC(=O)CC[C@H](N)C(=O)O,GLUTAMINE (L) HYDROCHLORIDE,1.2506,0.90759,1.079095,
19675953,N[C@@H](CCC(=O)N[C@@H](CS)C(=O)NCC(=O)O)C(=O)O,RWSXRVCMGQZWBV-WDSKDSINSA-N,307.083806264,-2.2060999999999984,N[C@@H](CCC(=O)N[C@@H](CS)C(=O)NCC(=O)O)C(=O)O,GLUTATHIONE,1.0828,1.24,1.1614,
79958157,COc1ccc(Cl)cc1C(=O)NCCc1ccc(S(=O)(=O)NC(=O)NC2CCCCC2)cc1,ZNNLBTZKUZBEKO-UHFFFAOYSA-N,493.14381967599996,3.641700000000003,COc1ccc(Cl)cc1C(=O)NCCc1ccc(S(=O)(=O)NC(=O)NC2CCCCC2)cc1,GLYBURIDE,0.84385,1.01,0.926925,
22776105,OCC(O)CO,PEDCQBHIVMGVHV-UHFFFAOYSA-N,92.047344116,-1.6681000000000001,OCC(O)CO,GLYCERIN,1.0339,1.0787,1.0563,
10810270,C[C@H](CCC(=O)NCC(=O)O)[C@H]1CCC2C3C(C[C@H](O)[C@@]21C)[C@@]1(C)CC[C@@H](O)CC1C[C@H]3O,RFDAIACWWDREDC-FLUXYBASSA-N,465.30903809599994,2.5648999999999993,C[C@H](CCC(=O)NCC(=O)O)[C@H]1CCC2C3C(C[C@H](O)[C@@]21C)[C@@]1(C)CC[C@@H](O)CC1C[C@H]3O,GLYCOCHOLIC ACID,1.1063,1.312,1.20915,
42811515,C[N+]1(C)CCC(OC(=O)C(O)(c2ccccc2)C2CCCC2)C1.[Br-],VPNYRYCIDCJBOM-UHFFFAOYSA-M,397.125255856,-0.5396999999999981,C[N+]1(C)CCC(OC(=O)C(O)(c2ccccc2)C2CCCC2)C1.[Br-],GLYCOPYRROLATE,0.88723,0.78233,0.83478,
64658459,NCC(=O)NCC(=O)O,YMAWOPBAYDPSLA-UHFFFAOYSA-N,132.053492116,-1.8540999999999999,NCC(=O)NCC(=O)O,GLYCYLGLYCINE,0.9129,1.1844,1.04865,
77377997,CC1(C)C2CC[C@@]3(C)C4CC[C@@]5(C)CC[C@](C)(C(=O)[O-])C[C@H]5C4=CC(=O)C3[C@@]2(C)CC[C@@H]1O[C@@H]1O[C@H](C(=O)[O-])[C@@H](O[C@@H]2O[C@H](C(=O)[O-])[C@@H](O)[C@H](O)[C@H]2O)[C@H](O)[C@H]1O.[NH4+].[NH4+].[NH4+],BEPUPFLBDSXROW-GQBRIKKISA-N,859.4677831280002,-1.0199999999999956,CC1(C)C2CC[C@@]3(C)C4CC[C@@]5(C)CC[C@](C)(C(=O)[O-])C[C@H]5C4=CC(=O)C3[C@@]2(C)CC[C@@H]1O[C@@H]1O[C@H](C(=O)[O-])[C@@H](O[C@@H]2O[C@H](C(=O)[O-])[C@@H](O)[C@H](O)[C@H]2O)[C@H](O)[C@H]1O.[NH4+].[NH4+].[NH4+],"GLYCYRRHIZIC ACID, AMMONIUM SALT",1.0771,0.95293,1.015015,
69127387,CC1(C)[C@@H](O[C@@H]2O[C@H](C(=O)O)[C@@H](O)[C@H](O)[C@H]2O[C@@H]2O[C@H](C(=O)O)[C@@H](O)[C@H](O)[C@H]2O)CC[C@]2(C)[C@H]3C(=O)C=C4C5C[C@@](C)(C(=O)O)CC[C@]5(C)CC[C@@]4(C)[C@]3(C)CC[C@@H]12,LPLVUJXQOOQHMX-GQMKPGNGSA-N,822.403785904,2.245600000000003,CC1(C)[C@@H](O[C@@H]2O[C@H](C(=O)O)[C@@H](O)[C@H](O)[C@H]2O[C@@H]2O[C@H](C(=O)O)[C@@H](O)[C@H](O)[C@H]2O)CC[C@@]2(C)[C@H]1CC[C@]1(C)[C@@H]2C(=O)C=C2C3C[C@@](C)(C(=O)O)CC[C@]3(C)CC[C@]21C,GLYCYRRHIZIN,0.98081,1.0486,1.014705,
33005163,O=c1c(O)c(-c2ccc(O)c(O)c2)oc2c(O)c(O)cc(O)c12,YRRAGUMVDQQZIY-UHFFFAOYSA-N,318.03756727999996,1.6936000000000002,O=c1c(O)c(-c2ccc(O)c(O)c2)oc2c(O)c(O)cc(O)c12,GOSSYPETIN,0.92845,0.96707,0.94776,
47134400,O=c1c(O)c(-c2ccc(O)c(O)c2)oc2c(O[C@@H]3O[C@H](CO)[C@H](O)[C@@H](O)[C@H]3O)c(O)cc(O)c12,SJRXVLUZMMDCNG-ZEPLOYMTSA-N,480.09039069999983,-0.8333000000000006,O=c1c(O)c(-c2ccc(O)c(O)c2)oc2c(O[C@@H]3O[C@H](CO)[C@H](O)[C@@H](O)[C@H]3O)c(O)cc(O)c12,GOSSYPIN,1.045,0.92496,0.98498,
15755784,Cc1cc2c(C(C)C)c(O)c(O)c(C=O)c2c(O)c1-c1c(C)cc2c(C(C)C)c(O)c(O)c(C=O)c2c1O,QBKSWRVVCFFDOT-UHFFFAOYSA-N,518.19406792,6.382240000000009,Cc1cc2c(C(C)C)c(O)c(O)c(C=O)c2c(O)c1-c1c(C)cc2c(C(C)C)c(O)c(O)c(C=O)c2c1O,GOSSYPOL,1.1096,1.0657,1.08765,
74712252,CC(=O)O.Cc1cc2c(C(C)C)c(O)c(O)c(C=O)c2c(O)c1-c1c(C)cc2c(C(C)C)c(O)c(O)c(C=O)c2c1O,NIOHNDKHQHVLKA-UHFFFAOYSA-N,578.215197288,6.473140000000009,CC(=O)O.Cc1cc2c(C(C)C)c(O)c(O)c(C=O)c2c(O)c1-c1c(C)cc2c(C(C)C)c(O)c(O)c(C=O)c2c1O,GOSSYPOL-ACETIC ACID COMPLEX,0.75494,0.81303,0.783985,
54429586,CC(C)CC(NC(=O)C(C)NC(=O)CNC(=O)C(NC=O)C(C)C)C(=O)NC(C)C(=O)NC(C(=O)NC(C(=O)NC(C(=O)NC(Cc1c[nH]c2ccccc12)C(=O)NC(CC(C)C)C(=O)NC(Cc1c[nH]c2ccccc12)C(=O)NC(CC(C)C)C(=O)NC(Cc1c[nH]c2ccccc12)C(=O)NC(CC(C)C)C(=O)NC(Cc1c[nH]c2ccccc12)C(=O)NCCO)C(C)C)C(C)C)C(C)C,ZWCXYZRRTRDGQE-UHFFFAOYSA-N,1881.0705330199994,4.372299999999978,CC(C)CC(NC(=O)C(C)NC(=O)CNC(=O)C(NC=O)C(C)C)C(=O)NC(C)C(=O)NC(C(=O)NC(C(=O)NC(C(=O)NC(Cc1c[nH]c2ccccc12)C(=O)NC(CC(C)C)C(=O)NC(Cc1c[nH]c2ccccc12)C(=O)NC(CC(C)C)C(=O)NC(Cc1c[nH]c2ccccc12)C(=O)NC(CC(C)C)C(=O)NC(Cc1c[nH]c2ccccc12)C(=O)NCCO)C(C)C)C(C)C)C(C)C,GRAMICIDIN (gramicidin A shown),1.0469,1.2381,1.1425,
81233008,CN(C)Cc1c[nH]c2ccccc12,OCDGBSUVYYVKQZ-UHFFFAOYSA-N,174.115698448,2.2295,CN(C)Cc1c[nH]c2ccccc12,GRAMINE,0.96616,1.1346,1.05038,
63090907,CN1C2CCCC1CC(NC(=O)c1nn(C)c3ccccc13)C2.Cl,QYZRTBKYBJRGJB-UHFFFAOYSA-N,348.17168910000004,2.740200000000001,CN1C2CCCC1CC(NC(=O)c1nn(C)c3ccccc13)C2.Cl,GRANISETRON HYDROCHLORIDE,0.99259,1.0843,1.038445,
55734258,CC(=O)O[C@@H]1C2CC[C@@H]3C1(C[C@@H](O)[C@@]1(O)[C@@H](C[C@H](O)C1(C)C)[C@]3(C)O)C[C@@]2(C)O,NXCYBYJXCJWMRY-RSJQAJMGSA-N,412.246103492,0.7391000000000001,CC(=O)O[C@@H]1C2CC[C@@H]3C1(C[C@@H](O)[C@@]1(O)[C@@H](C[C@H](O)C1(C)C)[C@]3(C)O)C[C@@]2(C)O,GRAYANOTOXIN I,1.115,1.1458,1.1304,
30389512,COc1cc(OC)c2c(c1Cl)OC1(C2=O)C(O)=CC(=O)CC1C,KUTVEHNZHKAAAO-UHFFFAOYSA-N,338.05571588,2.7219000000000007,COc1cc(OC)c2c(c1Cl)OC1(C2=O)C(O)=CC(=O)CC1C,GRISEOFULVIC ACID,0.96978,0.9185,0.94414,
95991215,COC1=CC(=O)C[C@@H](C)[C@]12Oc1c(Cl)c(OC)cc(OC)c1C2=O,DDUHZTYCFQRHIY-RBHXEPJQSA-N,352.071365944,2.8103000000000007,COC1=CC(=O)C[C@@H](C)[C@]12Oc1c(Cl)c(OC)cc(OC)c1C2=O,GRISEOFULVIN,1.009,1.1344,1.0717,
10948300,COc1ccccc1O,LHGVFZTZFXWLCP-UHFFFAOYSA-N,124.052429496,1.4008,COc1ccccc1O,GUAIACOL,0.95227,0.92522,0.938745,
79560866,Cc1ccc(C(C)C)cc2c(C)ccc1-2,FWKQNCXZGNBPFD-UHFFFAOYSA-N,198.140850576,4.531640000000004,Cc1ccc(C(C)C)cc2c(C)ccc1-2,GUAIAZULENE,1.295,1.4089,1.35195,
29784583,COc1ccccc1OCC(O)CO,HSRJKNPTNIJEKV-UHFFFAOYSA-N,198.089208928,0.4272000000000001,COc1ccccc1OCC(O)CO,GUAIFENESIN,1.1684,1.0083,1.08835,
11430059,CC(=O)O.N=C(N)N/N=C\c1c(Cl)cccc1Cl,MCSPBPXATWBACD-UHFFFAOYSA-N,290.033730984,1.90127,CC(=O)O.N=C(N)N/N=C\c1c(Cl)cccc1Cl,GUANABENZ ACETATE,0.80161,1.0035,0.902555,
55300986,N=C(N)NCCN1CCCCCCC1.O=S(=O)(O)O,YUFWAVFNITUSHI-UHFFFAOYSA-N,296.15182624799996,0.08277000000000057,N=C(N)NCCN1CCCCCCC1.O=S(=O)(O)O,GUANETHIDINE MONOSULFATE,1.0736,1.066,1.0698,
11562766,Cl.NC(N)=NC(=O)Cc1c(Cl)cccc1Cl,DGFYECXYGUIODH-UHFFFAOYSA-N,280.98894498,1.7577000000000003,Cl.NC(N)=NC(=O)Cc1c(Cl)cccc1Cl,GUANFACINE HYDROCHLORIDE,0.86192,0.77522,0.81857,
32291493,Cl.Cl.N=C(N)N,CALVPZNSFFEPJG-UHFFFAOYSA-N,131.001702584,-0.31783,Cl.Cl.N=C(N)N,GUANIDINE HYDROCHLORIDE,0.93552,0.92661,0.931065,
56990570,C/C=N/N(C)C=O,IMAGWKUTFZRWSB-UHFFFAOYSA-N,100.063662876,0.08030000000000004,C/C=N/N(C)C=O,GYROMITRIN,1.0331,0.91174,0.97242,
73356321,Cc1cc(O)c(C=O)c(O)c1C(=O)O,KCOOTJRKKIDHTM-UHFFFAOYSA-N,196.037173356,0.91692,Cc1cc(O)c(C=O)c(O)c1C(=O)O,HAEMATOMMIC ACID,0.9341,1.1716,1.05285,
10739038,CCOC(=O)c1c(C)cc(O)c(C=O)c1O,HUXJGSHUVDWZAM-UHFFFAOYSA-N,224.068473484,1.3954199999999999,CCOC(=O)c1c(C)cc(O)c(C=O)c1O,"HAEMATOMMIC ACID, ETHYL ESTER",0.67077,0.99269,0.83173,
29653259,CC1=C(CCC(=O)O)c2cc3[nH]c(cc4nc(cc5[nH]c(cc1n2)c(C)c5C(C)O)C(C)=C4C(C)O)c(C)c3CCC(=O)O,UJKPHYRXOLRVJJ-UHFFFAOYSA-N,598.2791349360001,6.109140000000008,CC1=C(CCC(=O)O)c2cc3[nH]c(cc4nc(cc5[nH]c(cc1n2)c(C)c5C(C)O)C(C)=C4C(C)O)c(C)c3CCC(=O)O,HAEMATOPORPHYRIN,0.95726,1.1185,1.03788,
94548560,Oc1cc2c(cc1O)C1c3ccc(O)c(O)c3OCC1(O)C2,WZUVPPKBWHMQCE-UHFFFAOYSA-N,302.079038168,1.3204999999999993,Oc1cc2c(cc1O)C1c3ccc(O)c(O)c3OCC1(O)C2,HAEMATOXYLIN,1.3476,1.2731,1.31035,
10040046,O=C(O)c1ccc(S(=O)(=O)N(Cl)Cl)cc1,XPDVQPODLRGWPL-UHFFFAOYSA-N,268.93163400000003,1.6831,O=C(O)c1ccc(S(=O)(=O)N(Cl)Cl)cc1,HALAZONE,0.88099,1.097,0.988995,
88014726,CC1(C)O[C@@H]2CC3C4CCC5=CC(=O)CCC5(C)C4(F)C(O)CC3(C)[C@]2(C(=O)CCl)O1,MUQNGPZZQDCDFT-RLDTZFIDSA-N,454.1922300239999,3.889300000000003,CC1(C)O[C@@H]2CC3C4CCC5=CC(=O)CCC5(C)C4(F)C(O)CC3(C)[C@]2(C(=O)CCl)O1,HALCINONIDE,1.2155,1.159,1.18725,
11165973,O=C(CCCN1CCC(O)(c2ccc(Cl)cc2)CC1)c1ccc(F)cc1,LNEPOXFFQSENCJ-UHFFFAOYSA-N,375.140134876,4.425600000000004,O=C(CCCN1CCC(O)(c2ccc(Cl)cc2)CC1)c1ccc(F)cc1,HALOPERIDOL,0.76603,0.68305,0.72454,
40911653,FC(F)(F)C(Cl)Br,BCQZXOMGPXTTIC-UHFFFAOYSA-N,195.890224472,2.5084999999999997,FC(F)(F)C(Cl)Br,HALOTHANE,0.94156,0.9705,0.95603,
90826761,COc1ccc2c3c([nH]c2c1)C(C)=NCC3,RERZNCLIYCABFS-UHFFFAOYSA-N,214.110613068,2.5416000000000007,COc1ccc2c3c([nH]c2c1)C(C)=NCC3,HARMALINE,0.76668,0.8423,0.80449,
83882679,CC1=NCCC2c3ccc(O)cc3NC12,ZROHARDJZUDICW-UHFFFAOYSA-N,202.110613068,2.1345,CC1=NCCC2c3ccc(O)cc3NC12,HARMALOL,1.2116,1.1756,1.1936,
55080907,CC1=NCCc2c1[nH]c1cc(O)ccc21.Cl.O.O,OYKGNQNESCZSHQ-UHFFFAOYSA-N,272.092770084,1.0109999999999997,CC1=NCCc2c1[nH]c1cc(O)ccc21.Cl.O.O,HARMALOL HYDROCHLORIDE DIHYDRATE,1.0842,1.1763,1.13025,
55592621,COc1ccc2c(c1)[nH]c1c(C)nccc12,BXNJHAXVSOCGBA-UHFFFAOYSA-N,212.094963004,3.033120000000001,COc1ccc2c(c1)[nH]c1c(C)nccc12,HARMINE,0.75338,0.80075,0.777065,
18292812,Cc1nccc2c1[nH]c1cc(O)ccc12,SATMZMMKDDTOSQ-UHFFFAOYSA-N,198.07931294,2.7301200000000003,Cc1nccc2c1[nH]c1cc(O)ccc12,HARMOL,0.90299,0.75704,0.830015,
60394009,CC1C2C(CC3C4CC[C@H]5C[C@@H](O)CC[C@]5(C)C4CC(=O)[C@@]32C)O[C@]12CC[C@@H](C)CO2,QOLRLLFJMZLYQJ-UVPFGVOYSA-N,430.30830982399993,4.972800000000005,CC1C2C(CC3C4CC[C@H]5C[C@@H](O)CC[C@]5(C)C4CC(=O)[C@@]32C)O[C@]12CC[C@@H](C)CO2,HECOGENIN,1.2604,0.88311,1.071755,
78973666,CC(=O)OC1CCC2(C)C3CC(=O)C4(C)C(CC5OC6(CCC(C)CO6)[C@@H](C)C54)C3CC[C@H]2C1,CVKZWRTYHCDWTE-SGFNZABRSA-N,472.31887450799996,5.543600000000006,CC(=O)OC1CCC2(C)C3CC(=O)C4(C)C(CC5OC6(CCC(C)CO6)[C@@H](C)C54)C3CC[C@H]2C1,HECOGENIN ACETATE,1.0425,0.91751,0.980005,
38093101,CC1(C)CC[C@]2(C(=O)O)CC[C@]3(C)C(=CCC4[C@@]5(C)CC[C@H](O)[C@@](C)(CO)C5CC[C@]43C)C2C1,PGOYMURMZNDHNS-NJMHOMCLSA-N,472.35526001599993,6.206000000000008,CC1(C)CC[C@]2(C(=O)O)CC[C@]3(C)C(=CCC4[C@@]5(C)CC[C@H](O)[C@@](C)(CO)C5CC[C@]43C)C2C1,HEDERAGENIN,0.73222,0.68663,0.709425,
48468758,C=C1C(=O)O[C@@H]2C[C@@]3(C)CCC[C@H](C)C3=C[C@H]12,PXOYOCNNSUAQNS-AGNJHWRGSA-N,232.14632988,3.2406000000000024,C=C1C(=O)O[C@@H]2C[C@@]3(C)CCC[C@H](C)C3=C[C@H]12,HELENINE,0.998,1.1875,1.09275,
57933884,O=Cc1ccccc1O[C@@H]1O[C@H](CO)[C@H](O)[C@@H](O)[C@H]1O,BGOFCVIGEYGEOF-NZEXEKPDSA-N,284.089602852,-1.3222000000000005,O=Cc1ccccc1O[C@@H]1O[C@H](CO)[C@H](O)[C@@H](O)[C@H]1O,HELICIN,1.0486,0.99966,1.02413,
83001779,O=C1C=C2CC3(O)COc4c(ccc(O)c4O)C3=C2C=C1O,HLUCICHZHWJHLL-UHFFFAOYSA-N,300.063388104,1.3295999999999997,O=C1C=C2CC3(O)COc4c(ccc(O)c4O)C3=C2C=C1O,HEMATEIN,1.0755,1.0444,1.05995,
18568697,N[C@H]1[C@@H](O[C@H]2[C@H](O)[C@@H](OS(=O)(=O)[O-])[C@H](CO[C@H]3[C@H](O)[C@@H](O)[C@@H](O)O[C@@H]3CO)O[C@@H]2C(=O)[O-])O[C@H](COS(=O)(=O)[O-])[C@@H](O)[C@@H]1O,LTGAJWFGUOGWMM-QMVBRNHYSA-K,688.07173433973,-9.837500000000011,N[C@H]1[C@@H](O[C@@H]2[C@@H](C(=O)[O-])O[C@@H](CO[C@@H]3[C@@H](CO)O[C@H](O)[C@H](O)[C@H]3O)[C@H](OS(=O)(=O)[O-])[C@H]2O)O[C@H](COS(=O)(=O)[O-])[C@@H](O)[C@@H]1O,HEPARIN SODIUM,0.84188,1.1369,0.98939,
50692549,CC(N)CCCC(C)(C)O.Cl,JZNBMCOSOXIZJB-UHFFFAOYSA-N,181.12334194,1.6966,CC(N)CCCC(C)(C)O.Cl,HEPTAMINOL HYDROCHLORIDE,0.87162,0.90011,0.885865,
53514190,COc1ccc([C@@H]2CC(=O)c3c(O)cc(O)cc3O2)cc1O,AIONOLUJZLIMTK-AWEZNQCLSA-N,302.079038168,2.518500000000001,COc1ccc([C@@H]2CC(=O)c3c(O)cc(O)cc3O2)cc1O,HESPERETIN,0.90375,0.89465,0.8992,
88402593,COc1ccc([C@@H]2CC(=O)c3c(O)cc(O[C@@H]4O[C@H](CO[C@H]5O[C@@H](C)[C@H](O)[C@@H](O)[C@H]5O)[C@@H](O)[C@H](O)[C@H]4O)cc3O2)cc1O,QUQPHWDTPGMPEX-UZRWAPQLSA-N,610.1897703879999,-1.1566,COc1ccc([C@@H]2CC(=O)c3c(O)cc(O[C@@H]4O[C@H](CO[C@H]5O[C@@H](C)[C@H](O)[C@@H](O)[C@H]5O)[C@@H](O)[C@H](O)[C@H]4O)cc3O2)cc1O,HESPERIDIN,1.0997,1.0996,1.09965,
34322132,CC1(C)S[C@@H]2C(N3C(=O)[C@@H](c4ccccc4)NC3(C)C)C(=O)N2[C@H]1C(=O)[O-].[K+],QRSPJBLLJXVPDD-MABVEAAUSA-M,427.09680886399997,-2.9195999999999955,CC1(C)S[C@@H]2C(N3C(=O)[C@@H](c4ccccc4)NC3(C)C)C(=O)N2[C@H]1C(=O)[O-].[K+],HETACILLIN POTASSIUM,0.14814,0.15875,0.153445,
34013605,COc1cc(O)c2c(=O)cc(C)oc2c1CC=C(C)C,KVNRDSLYCOJCRD-UHFFFAOYSA-N,274.120509056,3.324320000000002,COc1cc(O)c2c(=O)cc(C)oc2c1CC=C(C)C,HETEROPEUCENIN METHYL ETHER,0.84951,0.86502,0.857265,
46729776,Oc1c(Cl)cc(Cl)c(Cl)c1Cc1c(O)c(Cl)cc(Cl)c1Cl,ACGUYXCXAPNIKK-UHFFFAOYSA-N,403.849895512,6.609000000000001,Oc1c(Cl)cc(Cl)c(Cl)c1Cc1c(O)c(Cl)cc(Cl)c1Cl,HEXACHLOROPHENE,0.21999,0.29918,0.259585,
38020515,C[N+](C)(C)CCCCCC[N+](C)(C)C.[Br-].[Br-],FAPSXSAPXXJTOU-UHFFFAOYSA-L,360.07757316,-4.032799999999993,C[N+](C)(C)CCCCCC[N+](C)(C)C.[Br-].[Br-],HEXAMETHONIUM BROMIDE,0.83872,0.98391,0.911315,
85950107,COc1ccc(-c2oc3cc(OC)c(OC)c(OC)c3c(=O)c2OC)cc1OC,CHXSDKWBSFDZEU-UHFFFAOYSA-N,402.13146766399996,3.5116000000000023,COc1ccc(-c2oc3cc(OC)c(OC)c(OC)c3c(=O)c2OC)cc1OC,HEXAMETHYLQUERCETAGETIN,1.1005,1.0921,1.0963,
88234565,CCC(c1ccc(O)cc1)C(CC)c1ccc(O)cc1,PBBGSZCBWVPOOL-UHFFFAOYSA-N,270.161979944,4.785200000000004,CCC(c1ccc(O)cc1)C(CC)c1ccc(O)cc1,HEXESTROL,0.78585,0.89167,0.83876,
96287578,CCCCC(CC)CN1CN(CC(CC)CCCC)CC(C)(N)C1,DTOUUUZOYKYHEP-UHFFFAOYSA-N,339.36134844000003,4.711700000000004,CCCCC(CC)CN1CN(CC(CC)CCCC)CC(C)(N)C1,HEXETIDINE,0.1436,0.16486,0.15423,
13432419,CC(O)CC(C)(C)O,SVTBMSDMJJWYQN-UHFFFAOYSA-N,118.099379688,0.5282,CC(O)CC(C)(C)O,HEXYLENE GLYCOL,1.0402,1.1096,1.0749,
75038017,CCCCCCc1ccc(O)cc1O,WFJIVOKAWHGMBH-UHFFFAOYSA-N,194.130679816,3.2206000000000023,CCCCCCc1ccc(O)cc1O,HEXYLRESORCINOL,0.50499,0.4946,0.499795,
81156597,O=c1cc(-c2cc(O)c(O)c(O)c2)oc2cc(O)cc(O)c12,ARSRJFRKVXALTF-UHFFFAOYSA-N,302.04265266,1.988,O=c1cc(-c2cc(O)c(O)c(O)c2)oc2cc(O)cc(O)c12,HIERACIN,0.85119,0.79221,0.8217,
76036299,Cl.Cl.NCCc1c[nH]cn1,PPZMYIBUHIPZOS-UHFFFAOYSA-N,183.03300271199998,0.7545000000000002,Cl.Cl.NCCc1c[nH]cn1,HISTAMINE DIHYDROCHLORIDE,0.94018,0.98259,0.961385,
16467076,Br.CN1C2CC[C@H]1C[C@@H](OC(=O)C(O)c1ccccc1)C2,DWSGTFTVBLXELC-YPNZXITFSA-N,355.07830566399997,2.4663000000000004,Br.CN1C2CC[C@H]1C[C@@H](OC(=O)C(O)c1ccccc1)C2,HOMATROPINE HYDROBROMIDE,0.98123,1.0152,0.998215,
80780787,C[N+]1(C)C2CC[C@H]1C[C@@H](OC(=O)C(O)c1ccccc1)C2.[Br-],FUFVKLQESJNNAN-SLMONAPUSA-M,369.093955728,-0.9629999999999976,C[N+]1(C)C2CC[C@H]1C[C@@H](OC(=O)C(O)c1ccccc1)C2.[Br-],HOMATROPINE METHYLBROMIDE,0.95728,0.9441,0.95069,
69338722,CC[n+]1c(-c2ccccc2)c2cc(N)ccc2c2ccc(N)cc21.[Br-],ZMMJGEGLRURXTF-UHFFFAOYSA-N,393.08405974,1.1358,CC[n+]1c(-c2ccccc2)c2cc(N)ccc2c2ccc(N)cc21.[Br-],HOMIDIUM BROMIDE,0.98102,0.8921,0.93656,
74817558,COc1ccc2c(c1)O[C@H]1c3ccc(OC)cc3OC[C@@H]21,VPGIGLKLCFOWDN-YOEHRIQHSA-N,284.104858992,3.3135000000000012,COc1ccc2c(c1)O[C@H]1c3ccc(OC)cc3OC[C@@H]21,HOMOPTEROCARPIN,1.0717,1.057,1.06435,
16640462,CC1CC(OC(=O)c2ccccc2O)CC(C)(C)C1,WSSJONWNBBTCMG-UHFFFAOYSA-N,262.156894564,3.7638000000000025,CC1CC(OC(=O)c2ccccc2O)CC(C)(C)C1,HOMOSALATE,1.0465,1.4006,1.22355,
11108237,C/C1=C/CC(C)(C)/C=C/C/C(C)=C/CC1,FAMPSKZZVDUYOS-UHFFFAOYSA-N,204.187800768,5.0354000000000045,C/C1=C/CC(C)(C)/C=C/C/C(C)=C/CC1,HUMULENE (alpha),1.0686,1.0145,1.04155,
11263566,C/C=C1\[C@H]2C=C(C)C[C@]1(N)c1ccc(=O)[nH]c1C2,ZRJBHWIHUMBLCN-ZUZCIYMTSA-N,242.141913196,1.9975,C/C=C1\[C@H]2C=C(C)C[C@]1(N)c1ccc(=O)[nH]c1C2,HUPERZINE A,0.87395,1.0859,0.979925,
89251565,CCN(CC)CCNc1ccc(CO)c2sc3ccccc3c(=O)c12,MFZWMTSUNYWVBU-UHFFFAOYSA-N,356.15584900799996,3.660700000000002,CCN(CC)CCNc1ccc(CO)c2sc3ccccc3c(=O)c12,HYCANTHONE,0.90625,0.98604,0.946145,
94041660,Cl.NNc1nncc2ccccc12,ZUXNZUWOTSUBMN-UHFFFAOYSA-N,196.05157396799999,1.3372,Cl.NNc1nncc2ccccc12,HYDRALAZINE HYDROCHLORIDE,1.0914,1.0587,1.07505,
91218902,COc1ccc2c(c1OC)C(=O)O[C@@H]2[C@H]1c2cc3c(cc2CCN1C)OCO3,JZUTXVTYJDCMDU-MOPGFXCFSA-N,383.136887392,2.8732000000000015,COc1ccc2c(c1OC)C(=O)O[C@@H]2[C@H]1c2cc3c(cc2CCN1C)OCO3,"HYDRASTINE (1R, 9S)",1.1857,1.0127,1.0992,
72087524,CN1CCc2cc3c(cc2C1O)OCO3.Cl,DLNQCQJCIITVHC-UHFFFAOYSA-N,243.066220988,1.3159,CN1CCc2cc3c(cc2C1O)OCO3.Cl,HYDRASTININE HYDROCHLORIDE,1.1265,1.0053,1.0659,
32075169,NS(=O)(=O)c1cc2c(cc1Cl)NCNS2(=O)=O,JZUFKLXOESDKRF-UHFFFAOYSA-N,296.9644754159999,-0.35129999999999967,NS(=O)(=O)c1cc2c(cc1Cl)NCNS2(=O)=O,HYDROCHLOROTHIAZIDE,1.27,1.0281,1.14905,
11175074,C[C@]12CCC(=O)C=C1CCC1C2[C@@H](O)C[C@@]2(C)C1CC[C@]2(O)C(=O)CO,JYGXADMDTFJGBT-YDAVOWJHSA-N,362.2093240599999,1.7815999999999996,C[C@]12C[C@H](O)C3C(CCC4=CC(=O)CC[C@@]43C)C1CC[C@]2(O)C(=O)CO,HYDROCORTISONE,0.99704,0.98912,0.99308,
11136539,CC(=O)OCC(=O)[C@@]1(O)CCC2C3CCC4=CC(=O)CC[C@]4(C)C3[C@@H](O)C[C@@]21C,ALEXXDVDDISNDU-KPYZGQEZSA-N,404.219888744,2.3524000000000003,CC(=O)OCC(=O)[C@@]1(O)CCC2C3CCC4=CC(=O)CC[C@]4(C)C3[C@@H](O)C[C@@]21C,HYDROCORTISONE ACETATE,1.1181,0.8528,0.98545,
70368600,CCCC(=O)O[C@]1(C(=O)CO)CCC2[C@@H]3CCC4=CC(=O)CC[C@]4(C)C3[C@@H](O)C[C@@]21C,BMCQMVFGOVHVNG-ZNBJZEBJSA-N,432.25118887199994,3.132600000000002,CCCC(=O)O[C@]1(C(=O)CO)CCC2[C@@H]3CCC4=CC(=O)CC[C@]4(C)C3[C@@H](O)C[C@@]21C,HYDROCORTISONE BUTYRATE,1.2801,0.95257,1.116335,
16548781,C[C@]12CCC(=O)C=C1CCC1C2[C@@H](O)C[C@@]2(C)C1CC[C@]2(O)C(=O)COC(=O)CCC(=O)O,VWQWXZAWFPZJDA-PILPDLGISA-N,462.22536804799984,2.1973,C[C@]12C[C@H](O)C3C(CCC4=CC(=O)CC[C@@]43C)C1CC[C@]2(O)C(=O)COC(=O)CCC(=O)O,HYDROCORTISONE HEMISUCCINATE,1.1307,1.167,1.14885,
23819309,CC12CCC(=O)C=C1CCC1C2[C@@H](O)CC2(C)C1CC[C@]2(O)C(=O)COP(=O)([O-])[O-].CC[NH+](CC)CC.CC[NH+](CC)CC,KBGCXUBOAUWAIS-QUUFIRBISA-N,644.4165535419999,0.49660000000000726,CC12CCC(=O)C=C1CCC1C2[C@@H](O)CC2(C)C1CC[C@]2(O)C(=O)COP(=O)([O-])[O-].CC[NH+](CC)CC.CC[NH+](CC)CC,HYDROCORTISONE PHOSPHATE TRIETHYLAMINE,1.0141,0.8539,0.934,
19245302,CCCCC(=O)O[C@]1(C(=O)CO)CCC2C3CCC4=CC(=O)CC[C@]4(C)C3[C@@H](O)C[C@@]21C,FZCHYNWYXKICIO-BXLKFAEVSA-N,446.26683893599994,3.522700000000002,CCCCC(=O)O[C@]1(C(=O)CO)CCC2C3CCC4=CC(=O)CC[C@]4(C)C3[C@@H](O)C[C@@]21C,HYDROCORTISONE VALERATE,1.1607,0.9938,1.07725,
87199496,NS(=O)(=O)c1cc2c(cc1C(F)(F)F)NCNS2(=O)=O,DMDGGSIALPNSEE-UHFFFAOYSA-N,330.990832396,0.014100000000000557,NS(=O)(=O)c1cc2c(cc1C(F)(F)F)NCNS2(=O)=O,HYDROFLUMETHIAZIDE,1.1284,0.921,1.0247,
10925133,CC(C)/C(O)=C1/C(=O)O[C@@H](c2ccoc2)[C@]2(C)C(O)[C@@H](O)[C@@]34OC5(C)OC67CC(C)(C(O)[C@]6(O)[C@@H](O)[C@]3(O5)C12)[C@H](CC(=O)O)[C@]74C,FLRUCNJMPLRHQE-XRHRQADMSA-N,648.24180596,0.6579000000000004,CC(C)/C(O)=C1/C(=O)O[C@@H](c2ccoc2)[C@]2(C)C(O)[C@@H](O)[C@@]34OC5(C)OC67CC(C)(C(O)[C@]6(O)[C@@H](O)[C@]3(O5)C12)[C@H](CC(=O)O)[C@]74C,HYDROLYSIS PRODUCT OF BUSSEIN,1.0802,0.85459,0.967395,
10975925,CC[C@H]1CN2CCC1C[C@@H]2[C@@H](O)c1ccnc2ccc(OC)cc12,LJOQGZACKSYWCH-NBGVHYBESA-N,326.199428072,3.3972000000000024,CC[C@H]1CN2CCC1C[C@@H]2[C@@H](O)c1ccnc2ccc(OC)cc12,HYDROQUINIDINE,0.90357,0.85384,0.878705,
35214314,Oc1ccc(O)cc1,QIGBRXMKCJKVMJ-UHFFFAOYSA-N,110.036779432,1.0977999999999999,Oc1ccc(O)cc1,HYDROQUINONE,0.83322,1.0031,0.91816,
28833747,CCN(CCO)CCCC(C)Nc1ccnc2cc(Cl)ccc12.O=S(=O)(O)O,JCBIVZZPXRZKTI-UHFFFAOYSA-N,433.14381967599985,3.1302000000000003,CCN(CCO)CCCC(C)Nc1ccnc2cc(Cl)ccc12.O=S(=O)(O)O,HYDROXYCHLOROQUINE SULFATE,1.1357,1.0623,1.099,
76184660,CC(=O)[C@@]1(O)CCC2C3CCC4=CC(=O)CC[C@]4(C)C3CC[C@@]21C,DBPWSSGDRRHUNT-AYUYWISESA-N,330.21949481999997,3.8384000000000027,CC(=O)[C@@]1(O)CCC2C3CCC4=CC(=O)CC[C@]4(C)C3CC[C@@]21C,HYDROXYPROGESTERONE,0.9875,0.95225,0.969875,
28206734,CCCCCC(=O)O[C@]1(C(C)=O)CCC2C3CCC4=CC(=O)CC[C@]4(C)C3CC[C@@]21C,DOMWKUIIPQCAJU-JKPPDDDBSA-N,428.29265975999994,5.969600000000007,CCCCCC(=O)O[C@]1(C(C)=O)CCC2C3CCC4=CC(=O)CC[C@]4(C)C3CC[C@@]21C,HYDROXYPROGESTERONE CAPROATE,1.3702,1.6257,1.49795,
75320583,Cc1cccc(C(=O)O)c1O,WHSXTWFYRGOBGO-UHFFFAOYSA-N,152.047344116,1.39882,Cc1cccc(C(=O)O)c1O,HYDROXYTOLUIC ACID,1.0141,1.1149,1.0645,
81663603,NC(=O)NO,VSNHCAURESNICA-UHFFFAOYSA-N,76.027277368,-0.9561000000000002,NC(=O)NO,HYDROXYUREA,1.3206,0.96683,1.143715,
32157091,Cl.Cl.OCCOCCN1CCN(C(c2ccccc2)c2ccc(Cl)cc2)CC1,ANOMHKZSQFYSBR-UHFFFAOYSA-N,446.129461208,3.8995000000000033,Cl.Cl.OCCOCCN1CCN(C(c2ccccc2)c2ccc(Cl)cc2)CC1,HYDROXYZINE HYDROCHLORIDE,1.3265,1.3727,1.3496,
40395234,O=C(O)c1cc2ccccc2c(Cc2c(O)c(C(=O)O)cc3ccccc23)c1O.OCCOCCN1CCN(C(c2ccccc2)c2ccc(Cl)cc2)CC1,ASDOKGIIKXGMNB-UHFFFAOYSA-N,762.270794016,7.447300000000008,O=C(O)c1cc2ccccc2c(Cc2c(O)c(C(=O)O)cc3ccccc23)c1O.OCCOCCN1CCN(C(c2ccccc2)c2ccc(Cl)cc2)CC1,HYDROXYZINE PAMOATE,0.99731,0.93566,0.966485,
94070068,CN[C@H]1C[C@@H](N)[C@H](O)[C@@H](O[C@@H]2O[C@H](CO)[C@@H]3OC4(O[C@@H]3[C@@H]2O)O[C@H](C(N)CO)[C@H](O)[C@H](O)[C@H]4O)[C@@H]1O,ONCSSPOCYKWCTO-WOZJRPKHSA-N,527.2326382439999,-7.2705999999999955,CN[C@H]1C[C@@H](N)[C@H](O)[C@@H](O[C@@H]2O[C@H](CO)[C@@H]3OC4(O[C@@H]3[C@@H]2O)O[C@H](C(N)CO)[C@H](O)[C@H](O)[C@H]4O)[C@@H]1O,HYGROMYCIN B,0.91747,0.91784,0.917655,
10236515,Cc1cc(=O)oc2cc(O)ccc12,HSHNITRMYYLLCV-UHFFFAOYSA-N,176.047344116,1.8070199999999998,Cc1cc(=O)oc2cc(O)ccc12,HYMECHROME,0.86639,0.78232,0.824355,
10649432,COc1ccc2c(C)cc(=O)oc2c1,UDFPKNSWSYBIHO-UHFFFAOYSA-N,190.06299418,2.11002,COc1ccc2c(C)cc(=O)oc2c1,HYMECROMONE METHYL ETHER,0.95661,0.95594,0.956275,
13720002,CN1C2CC[C@@H]1C[C@@H](OC(=O)[C@H](CO)c1ccccc1)C2,RKUNBYITZUJHSG-QGAIPKOMSA-N,289.167793596,1.9308999999999996,CN1C2CC[C@@H]1C[C@@H](OC(=O)[C@H](CO)c1ccccc1)C2,HYOSCYAMINE,0.8697,0.99543,0.932565,
32743004,O=c1[nH]cnc2nc[nH]c12,FDGQSTZJBFJUBT-UHFFFAOYSA-N,136.038510748,-0.35380000000000006,O=c1[nH]cnc2nc[nH]c12,HYPOXANTHINE,0.8864,0.96094,0.92367,
47224380,CCCCCN(C)CCC(O)(P(=O)([O-])O)P(=O)(O)O.O.[Na+],VBDRTGFACFYFCT-UHFFFAOYSA-M,359.0874842679999,-3.9526999999999965,CCCCCN(C)CCC(O)(P(=O)([O-])O)P(=O)(O)O.O.[Na+],IBANDRONATE SODIUM,1.0061,0.99839,1.002245,
50359846,CC(C)Cc1ccc(C(C)C(=O)O)cc1,HEFNNWSXXWATRW-UHFFFAOYSA-N,206.130679816,3.073200000000001,CC(C)Cc1ccc(C(C)C(=O)O)cc1,IBUPROFEN,1.0312,0.93603,0.983615,
56169055,COc1ccc(-c2oc3c(CC=C(C)C)c(O[C@@H]4O[C@H](CO)[C@@H](O)[C@H](O)[C@H]4O)cc(O)c3c(=O)c2O[C@@H]2O[C@@H](C)[C@H](O)[C@@H](O)[C@H]2O)cc1,TZJALUIVHRYQQB-XLRXWWTNSA-N,676.2367205799999,0.06789999999999852,COc1ccc(-c2oc3c(CC=C(C)C)c(O[C@@H]4O[C@H](CO)[C@@H](O)[C@H](O)[C@H]4O)cc(O)c3c(=O)c2O[C@@H]2O[C@@H](C)[C@H](O)[C@@H](O)[C@H]2O)cc1,ICARIIN,0.9338,1.1897,1.06175,
30763926,Cl.c1ccc2c(c1)OCC(C1=NCCN1)O2,MYUBYOVCLMEAOH-UHFFFAOYSA-N,240.066555336,1.2498999999999998,Cl.c1ccc2c(c1)OCC(C1=NCCN1)O2,IDAZOXAN HYDROCHLORIDE,1.2221,1.1574,1.18975,
84309377,COC1=C(OC)C(=O)C(CCCCCCCCCCO)=C(C)C1=O,JGPMMRGNQUBGND-UHFFFAOYSA-N,338.20932406,3.4623000000000026,COC1=C(OC)C(=O)C(CCCCCCCCCCO)=C(C)C1=O,IDEBENONE,1.5605,1.5424,1.55145,
96676503,O=c1[nH]c(=O)n([C@H]2C[C@H](O)C(CO)O2)cc1I,XQFRJNBWHJMXHO-REJBHVJUSA-N,353.97126945200006,-1.2181000000000002,O=c1[nH]c(=O)n([C@H]2C[C@H](O)C(CO)O2)cc1I,IDOXURIDINE,1.0703,0.97156,1.02093,
10114185,O=C1C2CC3CC1CC(O)(C3)C2,TZBDEVBNMSLVKT-UHFFFAOYSA-N,166.099379688,1.1265,O=C1C2CC3CC1CC(O)(C3)C2,IDRAMANTONE,1.051,1.1732,1.1121,
11535236,O=P1(NCCCl)OCCCN1CCCl,HOMGKSMUEGBAAB-UHFFFAOYSA-N,260.02481971,1.884,O=P1(NCCCl)OCCCN1CCCl,IFOSFAMIDE,1.0149,1.0518,1.03335,
11499288,Cc1ccc(NC(=O)c2ccc(CN3CCN(C)CC3)cc2)cc1Nc1nccc(-c2cccnc2)n1,KTUFNOKKBVMGRW-UHFFFAOYSA-N,493.2590086120001,4.590320000000004,Cc1ccc(NC(=O)c2ccc(CN3CCN(C)CC3)cc2)cc1Nc1nccc(-c2cccnc2)n1,IMATINIB,1.0658,0.92833,0.997065,
10214292,N=C1NC(=O)N2CC12,BIXBBIPTYBJTRY-UHFFFAOYSA-N,111.04326178,-0.62893,N=C1NC(=O)N2CC12,IMEXON,1.1349,1.1694,1.15215,
79773026,O=[N+]([O-])NC1=NCCN1Cc1ccc(Cl)nc1,YWTYJOPNNQFBPC-UHFFFAOYSA-N,255.05230224,0.6879,O=[N+]([O-])NC1=NCCN1Cc1ccc(Cl)nc1,IMIDACLOPRID,1.0023,1.0309,1.0166,
93182779,CN(C)CCCN1c2ccccc2CCc2ccccc21.Cl,XZZXIYZZBJDEEP-UHFFFAOYSA-N,316.17062648,4.296800000000005,CN(C)CCCN1c2ccccc2CCc2ccccc21.Cl,IMIPRAMINE HYDROCHLORIDE,1.0332,0.77764,0.90542,
75980768,CC(C)Cn1cnc2c(N)nc3ccccc3c21.Cl,RGKLRAHQVIHCCH-UHFFFAOYSA-N,276.114174224,3.2445000000000017,CC(C)Cn1cnc2c(N)nc3ccccc3c21.Cl,IMIQUIMOD HYDROCHLORIDE,0.95146,0.83286,0.89216,
79852283,Nc1cc(-c2ccncc2)c[nH]c1=O,RNLQIBCLLYYYFJ-UHFFFAOYSA-N,187.074561908,1.0191,Nc1cc(-c2ccncc2)c[nH]c1=O,INAMRINONE,1.0012,1.2805,1.14085,
54974577,CC1Cc2ccccc2N1NC(=O)c1ccc(Cl)c(S(N)(=O)=O)c1,NDDAHWYSQHTHNT-UHFFFAOYSA-N,365.060090052,2.0834,CC1Cc2ccccc2N1NC(=O)c1ccc(Cl)c(S(N)(=O)=O)c1,INDAPAMIDE,1.1561,0.64235,0.899225,
24339696,CC(C)(C)NC(=O)[C@@H]1CN(Cc2cccnc2)CCN1C[C@H](O)C[C@H](Cc1ccccc1)C(=O)N[C@@H]1c2ccccc2C[C@@H]1O,CBVCZFGXHXORBI-QJLJCAMVSA-N,613.362804984,2.8669000000000016,CC(C)(C)NC(=O)[C@@H]1CN(Cc2cccnc2)CCN1C[C@H](O)C[C@H](Cc1ccccc1)C(=O)N[C@@H]1c2ccccc2C[C@@H]1O,INDINAVIR SULFATE,0.89096,1.0678,0.97938,
54034316,OCc1c[nH]c2ccccc12,IVYPNXXAYMYVSP-UHFFFAOYSA-N,147.068413908,1.6602,OCc1c[nH]c2ccccc12,INDOLE-3-CARBINOL,1.0052,0.84076,0.92298,
68232779,COc1ccc2c(c1)c(CC(=O)O)c(C)n2C(=O)c1ccc(Cl)cc1,CGIGDMFJXJATDK-UHFFFAOYSA-N,357.07678567199997,3.9273200000000026,COc1ccc2c(c1)c(CC(=O)O)c(C)n2C(=O)c1ccc(Cl)cc1,INDOMETHACIN,1.1588,1.1369,1.14785,
35828817,CC(C(=O)O)c1ccc(N2Cc3ccccc3C2=O)cc1,RJMIEHBSYVWVIN-UHFFFAOYSA-N,281.10519334,3.0351000000000017,CC(C(=O)O)c1ccc(N2Cc3ccccc3C2=O)cc1,INDOPROFEN,1.0019,1.1423,1.0721,
40334493,O=c1[nH]cnc2c1ncn2C1O[C@H](CO)[C@@H](O)[C@H]1O,UGQMRVRMYYASKQ-VTHZCTBJSA-N,268.08076948400003,-2.2689,O=c1[nH]cnc2c1ncn2C1O[C@H](CO)[C@@H](O)[C@H]1O,INOSINE,1.0238,0.94581,0.984805,
91786207,O[C@H]1[C@H](O)[C@@H](O)[C@H](O)[C@@H](O)[C@H]1O,CDAISMWEOUEBRE-GPIVLXJGSA-N,180.063388104,-3.8346000000000005,O[C@H]1[C@H](O)[C@@H](O)[C@H](O)[C@@H](O)[C@H]1O,INOSITOL,0.9707,0.98872,0.97971,
25268323,O=C(CCCCC(=O)Nc1c(I)cc(I)c(C(=O)O)c1I)Nc1c(I)cc(I)c(C(=O)O)c1I,FFINMCNLQNTKLU-UHFFFAOYSA-N,1139.512024168,6.848200000000003,O=C(CCCCC(=O)Nc1c(I)cc(I)c(C(=O)O)c1I)Nc1c(I)cc(I)c(C(=O)O)c1I,IODIPAMIDE,1.4044,1.0636,1.234,
11199120,IC(I)I,OKJPEAGHQZHRQV-UHFFFAOYSA-N,393.721244032,2.575,IC(I)I,IODOFORM,0.55415,0.64252,0.598335,
19417530,Oc1c(I)cc(I)c2cccnc12,UXZFQZANDVDGMM-UHFFFAOYSA-N,396.8460597800001,3.1496000000000013,Oc1c(I)cc(I)c2cccnc12,IODOQUINOL,1.3016,0.98609,1.143845,
26143134,C[C@H](O)C(=O)Nc1c(I)c(C(=O)NC(CO)CO)c(I)c(C(=O)NC(CO)CO)c1I,XQZXYNRDCRIARQ-LURJTMIESA-N,776.8541086639999,-1.0143000000000004,C[C@H](O)C(=O)Nc1c(I)c(C(=O)NC(CO)CO)c(I)c(C(=O)NC(CO)CO)c1I,IOHEXOL,0.98683,1.2962,1.141515,
23173986,CCC(Cc1c(I)cc(I)c(N)c1I)C(=O)O,OIRFJRBSRORBCM-UHFFFAOYSA-N,570.8002226240001,3.7359000000000018,CCC(Cc1c(I)cc(I)c(N)c1I)C(=O)O,IOPANIC ACID,1.0057,0.88468,0.94519,
10132544,CNC(=O)c1c(I)c(NC(C)=O)c(I)c(C(=O)O)c1I,UXIGWFXRQKWHHA-UHFFFAOYSA-N,613.769650768,2.5166000000000004,CNC(=O)c1c(I)c(NC(C)=O)c(I)c(C(=O)O)c1I,IOTHALAMIC ACID,1.1752,1.0567,1.11595,
93441158,O=C(NCC(O)CO)c1c(I)c(C(=O)NCC(O)CO)c(I)c(N(CCO)C(=O)CO)c1I,AMDBBAQNWSUWGN-UHFFFAOYSA-N,806.864673348,-2.016,O=C(NCC(O)CO)c1c(I)c(C(=O)NCC(O)CO)c(I)c(N(CCO)C(=O)CO)c1I,IOVERSOL,1.0984,1.1181,1.10825,
96039000,CC(=O)N(CC(O)CO)c1c(I)c(C(=O)NCCO)c(I)c(C(=O)NCC(O)CO)c1I,UUMLTINZBQPNGF-UHFFFAOYSA-N,790.8697587280001,-0.9884,CC(=O)N(CC(O)CO)c1c(I)c(C(=O)NCCO)c(I)c(C(=O)NCC(O)CO)c1I,IOXILAN,1.0561,1.0963,1.0762,
10116802,CC(C)[N+]1(C)C2CC[C@H]1C[C@@H](OC(=O)C(CO)c1ccccc1)C2.[Br-],LHLMOSXCXGLMMN-YPVLJJRKSA-M,411.14090592,-0.14189999999999792,CC(C)[N+]1(C)C2CC[C@H]1C[C@@H](OC(=O)C(CO)c1ccccc1)C2.[Br-],IPRATROPIUM BROMIDE,1.0151,0.97783,0.996465,
76519072,CC(C)Oc1ccc2c(=O)c(-c3ccccc3)coc2c1,SFBODOKJTYAUCM-UHFFFAOYSA-N,280.109944372,4.247200000000003,CC(C)Oc1ccc2c(=O)c(-c3ccccc3)coc2c1,IPRIFLAVONE,1.0968,1.2051,1.15095,
11058545,CC(C)CCCC(C)NC(C)C.Cl,QYEORIIWGAAORG-UHFFFAOYSA-N,207.17537751199998,3.6210000000000027,CC(C)CCCC(C)NC(C)C.Cl,IPROHEPTINE HYDROCHLORIDE,1.0762,1.0258,1.051,
16936034,CC(C)NNC(=O)c1ccncc1.O=P(O)(O)O,YPDVTKJXVHYWFY-UHFFFAOYSA-N,277.08275724199996,-0.20420000000000055,CC(C)NNC(=O)c1ccncc1.O=P(O)(O)O,IPRONIAZID PHOSPHATE,0.84766,0.94457,0.896115,
11225332,CCCCC1=NC2(CCCC2)C(=O)N1Cc1ccc(-c2ccccc2-c2nnn[nH]2)cc1,YOSHYTLCDANDAN-UHFFFAOYSA-N,428.23245951600006,4.777400000000004,CCCCC1=NC2(CCCC2)C(=O)N1Cc1ccc(-c2ccccc2-c2nnn[nH]2)cc1,IRBESARTAN,1.0467,0.98388,1.01529,
10390940,COc1c(O)cc(O)cc1O,ASTPOGDWGNJVEW-UHFFFAOYSA-N,156.042258736,0.8119999999999996,COc1c(O)cc(O)cc1O,IRETOL,0.85127,0.9857,0.918485,
10060780,COc1cc(-c2coc3cc(O[C@@H]4O[C@H](CO)[C@@H](O)[C@H](O)[C@H]4O)c(OC)c(O)c3c2=O)cc(O)c1OC,LNQCUTNLHUQZLR-OZJWLQQPSA-N,522.1373408919999,0.07569999999999977,COc1cc(-c2coc3cc(O[C@@H]4O[C@H](CO)[C@@H](O)[C@H](O)[C@H]4O)c(OC)c(O)c3c2=O)cc(O)c1OC,IRIDIN,1.1884,1.1688,1.1786,
13519710,COc1cc(-c2coc3cc(O)c(OC)c(O)c3c2=O)cc(O)c1OC,TUGWPJJTQNLKCL-UHFFFAOYSA-N,360.08451747199996,2.6026000000000007,COc1cc(-c2coc3cc(O)c(OC)c(O)c3c2=O)cc(O)c1OC,IRIGENIN,1.0173,1.0007,1.009,
78024313,Nc1nc(N)nc(-c2cc(Cl)ccc2Cl)n1.O=C(O)/C=C\C(=O)O,PJLVTVAIERNDEQ-UHFFFAOYSA-N,371.01880919199994,1.7216,Nc1nc(N)nc(-c2cc(Cl)ccc2Cl)n1.O=C(O)/C=C\C(=O)O,IRSOGLADINE MALEATE,0.7917,0.88718,0.83944,
74758123,CC(C)Nc1ncccn1,FTCYIGBVOHNHCD-UHFFFAOYSA-N,137.095297352,1.2969,CC(C)Nc1ncccn1,ISAXONINE,0.80734,0.94768,0.87751,
33896906,COc1cc2occc2c2oc(=O)ccc12,AJSPSRWWZBBIOR-UHFFFAOYSA-N,216.042258736,2.5478000000000005,COc1cc2occc2c2oc(=O)ccc12,ISOBERGAPTEN,1.5208,1.4259,1.47335,
48778541,Clc1ccc(C(Cn2ccnc2)OCc2c(Cl)cccc2Cl)c(Cl)c1.O=[N+]([O-])O,NNGQLSIGRSTLLU-UHFFFAOYSA-N,476.98166667999993,6.107100000000003,Clc1ccc(C(Cn2ccnc2)OCc2c(Cl)cccc2Cl)c(Cl)c1.O=[N+]([O-])O,ISOCONAZOLE NITRATE,1.0896,0.75862,0.92411,
28775777,COc1cc(O)cc(O)c1C(=O)c1ccccc1,CIKBLPYUSUJOHB-UHFFFAOYSA-N,244.073558864,2.3373999999999997,COc1cc(O)cc(O)c1C(=O)c1ccccc1,ISOCOTOIN,0.70119,0.80324,0.752215,
19577418,CCC(NC(C)C)C(O)c1ccc(O)c(O)c1.CS(=O)(=O)O,SOYAGMVKMXZVNZ-UHFFFAOYSA-N,335.1402585199999,1.4118,CCC(NC(C)C)C(O)c1ccc(O)c(O)c1.CS(=O)(=O)O,ISOETHARINE MESYLATE,0.99378,0.93638,0.96508,
77463778,CC(=O)OCC(=O)[C@@]1(O)CCC2C3CCC4=CC(=O)C=C[C@]4(C)[C@@]3(F)[C@@H](O)C[C@@]21C,ZOCUOMKMBMEYQV-JORUCDAYSA-N,420.19481686800003,2.2205000000000004,CC(=O)OCC(=O)[C@@]1(O)CCC2C3CCC4=CC(=O)C=C[C@]4(C)[C@@]3(F)[C@@H](O)C[C@@]21C,ISOFLUPREDONE ACETATE,1.034,0.98309,1.008545,
52458925,COc1ccc(-c2cc(=O)c3c(O)cc(O)c(-c4cc(-c5cc(=O)c6c(O)cc(O)cc6o5)ccc4OC)c3o2)cc1,HUOOMAOYXQFIDQ-UHFFFAOYSA-N,566.1212969039999,5.740000000000006,COc1ccc(-c2cc(=O)c3c(O)cc(O)c(-c4cc(-c5cc(=O)c6c(O)cc(O)cc6o5)ccc4OC)c3o2)cc1,ISOGINKGETIN,1.1386,0.88735,1.012975,
10233204,C=C1CCC2C(CC2(C)C)C(=O)CCC1O,BSFUDCIRZBAPDS-UHFFFAOYSA-N,222.161979944,2.708900000000001,C=C1CCC2C(CC2(C)C)C(=O)CCC1O,ISOKOBUSONE,0.98085,0.97071,0.97578,
71692892,CC[C@H](C)[C@H](N)C(=O)O,AGPKZVBTJJNPAG-WHFBIAKZSA-N,131.094628656,0.44439999999999996,CC[C@H](C)[C@H](N)C(=O)O,ISOLEUCINE (L),1.1324,0.95698,1.04469,
26762233,O=C(/C=C/c1ccc(O)cc1)c1ccc(O)cc1O,DXDRHHKMWQZJHT-UHFFFAOYSA-N,256.073558864,2.699500000000001,O=C(/C=C/c1ccc(O)cc1)c1ccc(O)cc1O,ISOLIQUIRITIGENIN,0.95892,1.1335,1.04621,
80513532,NNC(=O)c1ccncc1,QRXWMOHMRWLFEY-UHFFFAOYSA-N,137.058911844,-0.3149000000000006,NNC(=O)c1ccncc1,ISONIAZID,0.91486,0.85574,0.8853,
45746465,CC1(C)C=Cc2c(c3c(c4c(=O)c(-c5ccc(O)cc5)coc24)OC(C)(C)CC3)O1,FMCWKGDGAHVFMC-UHFFFAOYSA-N,404.1623738679999,5.453400000000006,CC1(C)C=Cc2c(c3c(c4c(=O)c(-c5ccc(O)cc5)coc24)OC(C)(C)CC3)O1,ISOOSAJIN,0.98982,0.89906,0.94444,
71182075,COc1cc(O)ccc1C(C)=O,XPHIPEXPAGCEBM-UHFFFAOYSA-N,166.06299418,1.6034,COc1cc(O)ccc1C(C)=O,ISOPEONOL,0.90382,0.96503,0.934425,
35352352,COc1c2ccoc2c(OC)c2oc(=O)ccc12,DFMAXQKDIGCMTL-UHFFFAOYSA-N,246.05282342,2.556400000000001,COc1c2ccoc2c(OC)c2oc(=O)ccc12,ISOPIMPINELLIN,0.91229,1.1086,1.010445,
54378811,CC1(C)C=Cc2c(c3c(c4c(=O)c(-c5ccc(O)c(O)c5)coc24)OC(C)(C)CC3)O1,FYVQSXRFGAIFQK-UHFFFAOYSA-N,420.1572884879999,5.159000000000005,CC1(C)C=Cc2c(c3c(c4c(=O)c(-c5ccc(O)c(O)c5)coc24)OC(C)(C)CC3)O1,ISOPOMIFERIN,0.89667,0.83064,0.863655,
98428005,CC(C)[N+](C)(CCC(C(N)=O)(c1ccccc1)c1ccccc1)C(C)C.[I-],BFSMWENDZZIWPW-UHFFFAOYSA-N,480.16376167600004,1.1155000000000013,CC(C)[N+](C)(CCC(C(N)=O)(c1ccccc1)c1ccccc1)C(C)C.[I-],ISOPROPAMIDE IODIDE,0.91657,0.93016,0.923365,
35506847,CC(C)NCC(O)c1ccc(O)c(O)c1.Cl,IROWCYIEJAOFOW-UHFFFAOYSA-N,247.097521116,1.5510000000000004,CC(C)NCC(O)c1ccc(O)c(O)c1.Cl,ISOPROTERENOL HYDROCHLORIDE,0.97131,0.89753,0.93442,
84735074,COc1cc2c(cc1OC)[C@@H]1C(=O)c3ccc4oc(C(C)C)cc4c3O[C@@H]1CO2,DJDRQIXLFYUYAA-RTWAWAEBSA-N,394.14163842399995,4.693300000000004,COc1cc2c(cc1OC)[C@@H]1C(=O)c3ccc4oc(C(C)C)cc4c3O[C@@H]1CO2,ISOROTENONE,0.99091,0.81654,0.903725,
56510495,C/C=C/c1ccc2c(c1)OCO2,VHVOLFRBFDOUSH-UHFFFAOYSA-N,162.06807956,2.4484000000000004,C/C=C/c1ccc2c(c1)OCO2,ISOSAFROLE,1.0699,1.1254,1.09765,
58764540,O=[N+]([O-])O[C@H]1CO[C@H]2[C@@H]1OC[C@H]2O[N+](=O)[O-],MOYKHGMNXAOIAT-JGWLITMVSA-N,236.02806521600002,-1.0622000000000003,O=[N+]([O-])O[C@H]1CO[C@H]2[C@@H]1OC[C@H]2O[N+](=O)[O-],ISOSORBIDE DINITRATE,1.1509,1.0299,1.0904,
58006559,O=[N+]([O-])O[C@@H]1CO[C@H]2[C@@H]1OC[C@@H]2O,YWXYYJSYQOXTPL-SLPGGIOYSA-N,191.042987008,-1.2782000000000002,O=[N+]([O-])O[C@@H]1CO[C@@H]2[C@@H](O)CO[C@H]12,ISOSORBIDE MONONITRATE,0.87687,1.1183,0.997585,
49589072,COc1ccc(-c2coc3c(OC)c(OC)cc(O)c3c2=O)cc1,WVKDAMAQNQRJFP-UHFFFAOYSA-N,328.094688232,3.1914000000000016,COc1ccc(-c2coc3c(OC)c(OC)cc(O)c3c2=O)cc1,"ISOTECTORIGENIN, 7-METHYL ETHER",0.90049,0.91525,0.90787,
96198794,CC(C)CC(N)=O,SANOUVWGPVYVAV-UHFFFAOYSA-N,101.084063972,0.5178000000000001,CC(C)CC(N)=O,ISOVALERAMIDE,0.92225,0.9043,0.913275,
93015849,Cc1cc(NC(=O)C2=C(O)c3ccccc3S(=O)(=O)N2C)no1,YYUAYBYLJSNDCX-UHFFFAOYSA-N,335.05759151600006,1.48242,Cc1cc(NC(=O)C2=C(O)c3ccccc3S(=O)(=O)N2C)no1,ISOXICAM,0.89547,0.90263,0.89905,
10009486,CC(COc1ccccc1)N[C@H](C)[C@H](O)c1ccc(O)cc1.Cl,QVPSGVSNYPRFAS-SGSPMMNSSA-N,337.144471308,3.2930000000000024,CC(COc1ccccc1)N[C@H](C)[C@H](O)c1ccc(O)cc1.Cl,ISOXSUPRINE HYDROCHLORIDE,0.74995,0.85134,0.800645,
87937883,COc1ccc(C(=O)NCc2ccc(OCCN(C)C)cc2)cc1OC,QQQIECGTIMUVDS-UHFFFAOYSA-N,358.189257312,2.574200000000001,COc1ccc(C(=O)NCc2ccc(OCCN(C)C)cc2)cc1OC,ITOPRIDE  HYDROCHLORIDE,1.0392,1.0845,1.06185,
12363263,CCC(C)n1ncn(-c2ccc(N3CCN(c4ccc(OC[C@H]5CO[C@](Cn6cncn6)(c6ccc(Cl)cc6Cl)O5)cc4)CC3)cc2)c1=O.Cl.Cl,AQXOKDNMFKWQEG-KINCEDHVSA-N,776.1926624800003,6.4209000000000085,CCC(C)n1ncn(-c2ccc(N3CCN(c4ccc(OC[C@H]5CO[C@](Cn6cncn6)(c6ccc(Cl)cc6Cl)O5)cc4)CC3)cc2)c1=O.Cl.Cl,ITRACONAZOLE HYDROCHLORIDE,1.2896,1.4975,1.39355,
63192977,COc1cc2c(cc1OC)CC(=O)N(CCCN(C)C[C@H]1Cc3cc(OC)c(OC)cc31)CC2.Cl,HLUKNZUABFFNQS-ZMBIFBSDSA-N,504.239099964,3.731800000000004,COc1cc2c(cc1OC)CC(=O)N(CCCN(C)C[C@H]1Cc3cc(OC)c(OC)cc31)CC2.Cl,IVABRADINE HYDROCHLORIDE,0.99694,1.1293,1.06312,
11171365,CCC(C)[C@H]1O[C@]2(CC[C@@H]1C)C[C@@H]1C[C@@H](C/C=C(\C)[C@@H](OC3C[C@H](OC)C(O[C@H]4C[C@H](OC)[C@@H](O)[C@H](C)O4)[C@H](C)O3)[C@@H](C)/C=C/C=C3\CO[C@@H]4[C@H](O)C(C)=C[C@@H](C(=O)O1)[C@]34O)O2,AZSNMRSAGSSBNP-BEQYTDCESA-N,874.5078570480001,5.601400000000008,CCC(C)[C@H]1O[C@]2(CC[C@@H]1C)C[C@@H]1C[C@@H](C/C=C(\C)[C@@H](OC3C[C@H](OC)C(O[C@H]4C[C@H](OC)[C@@H](O)[C@H](C)O4)[C@H](C)O3)[C@@H](C)/C=C/C=C3\CO[C@@H]4[C@H](O)C(C)=C[C@@H](C(=O)O1)[C@]34O)O2,IVERMECTIN,0.81627,0.92002,0.868145,
76180731,COc1cc(O)c2c(=O)c(O)c(-c3ccccc3)oc2c1,PVJNLMXWZXXHSZ-UHFFFAOYSA-N,284.06847348400004,2.8798000000000012,COc1cc(O)c2c(=O)c(O)c(-c3ccccc3)oc2c1,IZALPININ,1.0999,1.0256,1.06275,
70615483,COc1cc2c(cc1-c1coc3c4c(ccc3c1=O)OC(C)(C)CC4)OCO2,CMRKWZWNFFFDOQ-UHFFFAOYSA-N,380.12598835999995,4.300900000000005,COc1cc2c(cc1-c1coc3c4c(ccc3c1=O)OC(C)(C)CC4)OCO2,JAMAICIN,0.85874,0.84431,0.851525,
77763700,CC/C=C\CC1=C(C)CCC1=O,XMLSXPIVAXONDL-UHFFFAOYSA-N,164.120115132,3.022100000000002,CC/C=C\CC1=C(C)CCC1=O,JASMONE,0.88165,1.1935,1.037575,
78532215,O=C(O)/C=C/C=C/c1ccccc1,FEIQOMCWGDNMHM-UHFFFAOYSA-N,174.06807956,2.3406000000000002,O=C(O)/C=C/C=C/c1ccccc1,JUAREZIC ACID,0.887,1.0154,0.9512,
10043589,O=C1C=CC(=O)c2c(O)cccc21,KQPYUDDGWXQXHS-UHFFFAOYSA-N,174.031694052,1.3274,O=C1C=CC(=O)c2c(O)cccc21,JUGLONE,0.9363,1.0037,0.97,
34735380,O=c1c(O)c(-c2ccc(O)cc2)oc2cc(O)cc(O)c12,IYRMWMYZSQPJKC-UHFFFAOYSA-N,286.04773804,2.2824000000000004,O=c1c(O)c(-c2ccc(O)cc2)oc2cc(O)cc(O)c12,KAEMPFEROL,0.92323,0.99367,0.95845,
78503591,NC[C@H]1O[C@H](OC2[C@@H](N)C[C@@H](N)[C@H](O[C@H]3O[C@H](CO)[C@@H](O)[C@H](N)[C@H]3O)[C@H]2O)[C@H](O)[C@@H](O)[C@@H]1O.O=S(=O)(O)O,OOYGSFOGFJDDHP-HGBJQEFVSA-N,582.2054375159998,-7.944200000000011,NC[C@H]1O[C@H](OC2[C@@H](N)C[C@@H](N)[C@H](O[C@H]3O[C@H](CO)[C@@H](O)[C@H](N)[C@H]3O)[C@H]2O)[C@H](O)[C@@H](O)[C@@H]1O.O=S(=O)(O)O,KANAMYCIN A SULFATE,0.12486,0.5504,0.33763,
77906261,COc1c(-c2ccccc2)oc2c(ccc3ccoc32)c1=O,JANBLZHPNGBWAO-UHFFFAOYSA-N,292.07355886399995,4.214800000000003,COc1c(-c2ccccc2)oc2c(ccc3ccoc32)c1=O,KARANJIN,1.0209,1.2244,1.12265,
97233564,C[C@H]1O[C@H](O[C@H]2[C@H](O)[C@@H](O)[C@@H](O)[C@H](O)[C@@H]2O)[C@@H](N)C[C@@H]1NC(=N)C(=O)O.Cl,ZDRBJJNXJOSCLR-NZXABURVSA-N,415.135757092,-3.906229999999994,C[C@H]1O[C@H](O[C@@H]2[C@@H](O)[C@@H](O)[C@H](O)[C@H](O)[C@H]2O)[C@@H](N)C[C@@H]1NC(=N)C(=O)O.Cl,KASUGAMYCIN HYDROCHLORIDE,0.73055,0.59317,0.66186,
68465646,Oc1cc(O)c2c(c1)O[C@H](c1cc(O)c(O)c(O)c1)[C@H](O)[C@H]2c1c(O)cc(O)c2c1O[C@H](c1cc(O)c(O)c(O)c1)[C@H](O)[C@H]2c1c(O)cc(O)c2c1O[C@H](c1cc(O)c(O)c(O)c1)[C@H](O)C2,NVTLDVSBUJGIAD-GHFVFVICSA-N,914.1905582360002,3.560700000000014,Oc1cc(O)c2c(c1)O[C@H](c1cc(O)c(O)c(O)c1)[C@H](O)[C@H]2c1c(O)cc(O)c2c1O[C@H](c1cc(O)c(O)c(O)c1)[C@H](O)[C@H]2c1c(O)cc(O)c2c1O[C@H](c1cc(O)c(O)c(O)c1)[C@H](O)C2,KATACINE,0.94994,1.0561,1.00302,
53848416,COC1=CC(=O)OC(/C=C/c2ccccc2)C1,XEAQIWGXBXCYFX-UHFFFAOYSA-N,230.094294308,2.5456000000000003,COC1=CC(=O)OC(/C=C/c2ccccc2)C1,KAWAIN,0.91398,0.88386,0.89892,
56362568,O=C(c1ccc(F)cc1)C1CCN(CCn2c(=O)[nH]c3ccccc3c2=O)CC1,FPCCSQOGAWCVBH-UHFFFAOYSA-N,395.16451978399994,2.423800000000001,O=C(c1ccc(F)cc1)C1CCN(CCn2c(=O)[nH]c3ccccc3c2=O)CC1,KETANSERIN,0.9012,0.85999,0.880595,
52407290,CC(=O)N1CCN(c2ccc(OCC3CO[C@](Cn4ccnc4)(c4ccc(Cl)cc4Cl)O3)cc2)CC1,XMAYWYJOQHXEEK-NASUQTAISA-N,530.148760736,4.205800000000003,CC(=O)N1CCN(c2ccc(OCC3CO[C@](Cn4ccnc4)(c4ccc(Cl)cc4Cl)O3)cc2)CC1,KETOCONAZOLE,0.70377,0.78791,0.74584,
48272126,CC(C(=O)O)c1cccc(C(=O)c2ccccc2)c1,DKYWVDODHFEZIM-UHFFFAOYSA-N,254.094294308,3.1057000000000015,CC(C(=O)O)c1cccc(C(=O)c2ccccc2)c1,KETOPROFEN,1.046,0.94538,0.99569,
42352587,NC(CO)(CO)CO.O=C(c1ccccc1)c1ccc2n1CCC2C(=O)O,BWHLPLXXIDYSNW-UHFFFAOYSA-N,376.16343648799995,-0.048200000000000076,NC(CO)(CO)CO.O=C(c1ccccc1)c1ccc2n1CCC2C(=O)O,KETOROLAC TROMETHAMINE,1.0864,1.0563,1.07135,
13069081,CN1CCC(=C2c3ccccc3CC(=O)c3sccc32)CC1.O=C(O)/C=C/C(=O)O,YNQQEYBLVYAWNX-UHFFFAOYSA-N,425.12969383599994,3.7262000000000013,CN1CCC(=C2c3ccccc3CC(=O)c3sccc32)CC1.O=C(O)/C=C/C(=O)O,KETOTIFEN FUMARATE,0.99088,0.89473,0.942805,
10980940,CC(=O)O[C@H]1C[C@@H](OC(C)=O)C(C)(C)C2C[C@@H](OC(C)=O)[C@]3(C)C(CC[C@@]4(C)[C@H](c5ccoc5)C(=O)[C@H]5O[C@]543)[C@]21C,AKPJXLBXDLSOFY-YCUUMJCDSA-N,570.282882924,4.757300000000005,CC(=O)O[C@H]1C[C@@H](OC(C)=O)C(C)(C)C2C[C@@H](OC(C)=O)[C@]3(C)C(CC[C@@]4(C)[C@H](c5ccoc5)C(=O)[C@H]5O[C@]543)[C@]21C,KHAYANTHONE,1.0133,1.1513,1.0823,
10813142,CCC(=O)OC1[C@@H]2CC3=C4CC(=O)O[C@@H](c5ccoc5)[C@]4(C)CCC3[C@@](C)(C2=O)[C@@H](CC(=O)OC)C1(C)C,SXDJQLIGPRXBTP-FWRVHKANSA-N,526.256668176,5.116700000000005,CCC(=O)OC1[C@@H]2CC3=C4CC(=O)O[C@@H](c5ccoc5)[C@]4(C)CCC3[C@@](C)(C2=O)[C@@H](CC(=O)OC)C1(C)C,KHAYASIN C,1.1188,0.97047,1.044635,
72024647,COc1c2occc2c(OC)c2c(=O)cc(C)oc12,HSMPDPBYAYSOBC-UHFFFAOYSA-N,260.06847348400004,2.8648200000000017,COc1c2occc2c(OC)c2c(=O)cc(C)oc12,KHELLIN,0.99775,0.86355,0.93065,
10221004,CC(=O)O[C@H]1C[C@@H](OC(C)=O)C(C)(C)C2C[C@@H](OC(C)=O)[C@]3(C)C(CC[C@@]4(C)[C@H](c5ccoc5)OC(=O)[C@H]5O[C@]543)[C@]21C,ODLCLZLDYDHRGT-GWFYQBBHSA-N,586.2777975439999,4.688900000000005,CC(=O)O[C@H]1C[C@@H](OC(C)=O)C(C)(C)C2C[C@@H](OC(C)=O)[C@]3(C)C(CC[C@@]4(C)[C@H](c5ccoc5)OC(=O)[C@H]5O[C@]543)[C@]21C,KHIVORIN,1.6935,1.7473,1.7204,
11489358,c1coc(CNc2ncnc3[nH]cnc23)c1,QANMHLXAZMSUEX-UHFFFAOYSA-N,215.080709908,1.5579999999999996,c1coc(CNc2ncnc3[nH]cnc23)c1,KINETIN,1.0394,1.0047,1.02205,
72884629,CO[C@@H]1[C@@H](O[C@@H]2O[C@H](C)C(O[C@H]3C[C@@](C)(O)[C@@H](OC(=O)CC(C)C)[C@H](C)O3)[C@H](N(C)C)[C@H]2O)[C@@H](CC=O)C[C@@H](C)[C@@H](O)/C=C/C=C/C[C@@H](C)OC(=O)C[C@H]1O,IEMDOFXTVAPVLX-DFYLCTROSA-N,785.456155824,2.4426000000000037,CO[C@@H]1[C@@H](O[C@@H]2O[C@H](C)C(O[C@H]3C[C@@](C)(O)[C@@H](OC(=O)CC(C)C)[C@H](C)O3)[C@H](N(C)C)[C@H]2O)[C@@H](CC=O)C[C@@H](C)[C@@H](O)/C=C/C=C/C[C@@H](C)OC(=O)C[C@H]1O,KITASAMYCINS [A1 shown],0.14264,0.16323,0.152935,
71660092,CC1(C)C[C@@H]2C(=O)CC[C@H]3O[C@]3(C)CC[C@H]21,UETZJEZFLKASPR-UZWIWUQPSA-N,222.161979944,2.949300000000002,CC1(C)C[C@@H]2C(=O)CC[C@H]3O[C@]3(C)CC[C@H]21,KOBUSONE,0.90571,0.90715,0.90643,
11771631,O=c1cc(CO)occ1O,BEJNERDRQOWKJM-UHFFFAOYSA-N,142.026608672,-0.1623,O=c1cc(CO)occ1O,KOJIC ACID,0.91486,0.9337,0.92428,
70158532,COc1ccc(-c2coc3cc(O)ccc3c2=O)c(O)c1O,SMOFGXHPWCTYQD-UHFFFAOYSA-N,300.06338810399996,2.5854000000000017,COc1ccc(-c2coc3cc(O)ccc3c2=O)c(O)c1O,KOPARIN,1.0916,1.0803,1.08595,
94378771,COc1ccc(-c2coc3cc(O)ccc3c2=O)c(OC)c1OC,OQVSBZHJQXDFRV-UHFFFAOYSA-N,328.09468823199995,3.1914000000000025,COc1ccc(-c2coc3cc(O)ccc3c2=O)c(OC)c1OC,"KOPARIN 2,3-DIMETHYL ETHER",1.0792,0.89397,0.986585,
55173679,Nc1ccccc1C(=O)CC(N)C(=O)O,YGPSJZOEDVAXAB-UHFFFAOYSA-N,208.084792244,0.2535000000000001,Nc1ccccc1C(=O)CC(N)C(=O)O,KYNURENINE,1.0873,1.087,1.08715,
31716731,C=CCSC[C@@H](N)C(=O)O,ZFAHNWWNDFHPOH-RXMQYKEDSA-N,161.051049592,0.31749999999999995,C=CCSC[C@@H](N)C(=O)O,L-DEOXYALLIIN,1.0031,1.0706,1.03685,
78096084,CNC[C@H](O)c1cccc(O)c1.Cl,OCYSGIYOVXAGKQ-FVGYRXGTSA-N,203.071306368,1.0668,CNC[C@H](O)c1cccc(O)c1.Cl,L-PHENYLEPHRINE HYDROCHLORIDE,1.1443,1.1469,1.1456,
10512743,O=C(CO)C(O)C(O)C(O)CO,BJHIKXHVCXFQLS-UHFFFAOYSA-N,180.063388104,-3.3772000000000006,O=C(CO)C(O)C(O)C(O)CO,L(-)-SORBOSE,1.0287,0.97017,0.999435,
82580925,CC(CCc1ccccc1)NCC(O)c1ccc(O)c(C(N)=O)c1.Cl,WQVZLXWQESQGIF-UHFFFAOYSA-N,364.15537034000005,2.5572000000000004,CC(CCc1ccccc1)NCC(O)c1ccc(O)c(C(N)=O)c1.Cl,LABETALOL HYDROCHLORIDE,0.92661,0.85636,0.891485,
19385843,CC(=O)NCCc1ccc(O)c(-c2c(O)c(O)c3c(c2O)C(=O)c2c(cc(O)c(C(=O)O)c2C(=O)O)C3=O)c1,IHLWXZNPOVMUFQ-UHFFFAOYSA-N,537.0907250479997,1.732000000000001,CC(=O)NCCc1ccc(O)c(-c2c(O)c(O)c3c(c2O)C(=O)c2c(cc(O)c(C(=O)O)c2C(=O)O)C3=O)c1,LACCAIC ACID A,1.0936,1.1252,1.1094,
50151379,OC[C@@H](O)[C@@H](O[C@@H]1O[C@H](CO)[C@H](O)[C@H](O)[C@H]1O)[C@H](O)[C@@H](O)CO,VQHSOMBJVWLPSR-JVCRWLNRSA-N,344.13186158799994,-5.761199999999992,OC[C@H](O)[C@@H](O)[C@H](O[C@@H]1O[C@H](CO)[C@H](O)[C@H](O)[C@H]1O)[C@H](O)CO,LACITOL,0.97581,0.90087,0.93834,
53313107,O=C(O)[C@H](O)[C@@H](O)[C@H](O[C@@H]1O[C@H](CO)[C@H](O)[C@H](O)[C@H]1O)[C@H](O)CO,JYTUSYBCFIZPBE-AMTLMPIISA-N,358.1111261439999,-5.668899999999993,O=C(O)[C@H](O)[C@@H](O)[C@H](O[C@@H]1O[C@H](CO)[C@H](O)[C@H](O)[C@H]1O)[C@H](O)CO,LACTOBIONIC ACID,1.031,0.94174,0.98637,
11215767,O.OC[C@H]1O[C@@H](O[C@H]2[C@H](O)[C@@H](O)[C@@H](O)O[C@@H]2CO)[C@H](O)[C@@H](O)[C@H]1O,WSVLPVUVIUVCRA-KPKNDVKVSA-N,360.1267762079999,-6.221899999999992,O.OC[C@H]1O[C@H](O)[C@H](O)[C@@H](O)[C@@H]1O[C@@H]1O[C@H](CO)[C@H](O)[C@H](O)[C@H]1O,LACTOSE MONOHYDRATE,0.99336,1.2236,1.10848,
92432624,OC[C@H]1O[C@@H](O[C@@H]2[C@@H](CO)O[C@](O)(CO)[C@H]2O)[C@H](O)[C@@H](O)[C@H]1O,JCQLYHFGKNRPGE-FCVZTGTOSA-N,342.11621152399994,-5.395599999999993,OC[C@H]1O[C@](O)(CO)[C@@H](O)[C@@H]1O[C@@H]1O[C@H](CO)[C@H](O)[C@H](O)[C@H]1O,LACTULOSE,1.141,0.95913,1.050065,
96929595,C[C@@H]1CCC2[C@](C)(CO)[C@@H](O)CC[C@]2(C)[C@@]12CC[C@@](CO)(CCO)O2,XYPPDQHBNJURHU-RHFXQVJCSA-N,356.2562742519999,1.8547999999999996,C[C@@H]1CCC2[C@](C)(CC[C@H](O)[C@@]2(C)CO)[C@@]12CC[C@@](CO)(CCO)O2,LAGOCHILIN,1.044,1.126,1.085,
33746046,Nc1ccn(C2CSC(CO)O2)c(=O)n1,JTEGQNOMFQHVDC-UHFFFAOYSA-N,229.052112212,-0.5941000000000001,Nc1ccn(C2CSC(CO)O2)c(=O)n1,LAMIVUDINE,1.1851,1.0708,1.12795,
45826839,Nc1nnc(-c2cccc(Cl)c2Cl)c(N)n1,PYZRQGJRPPTADH-UHFFFAOYSA-N,255.00785058399998,2.0098,Nc1nnc(-c2cccc(Cl)c2Cl)c(N)n1,LAMOTRIGINE,0.99067,1.1088,1.049735,
14170483,CC(=O)O[C@H]1C[C@H](O[C@H]2[C@@H](O)C[C@H](O[C@H]3[C@@H](O)C[C@H](O[C@H]4CC[C@@]5(C)C(CCC6C5C[C@@H](O)[C@]5(C)[C@@H](C7=CC(=O)OC7)CC[C@]65O)C4)O[C@@H]3C)O[C@@H]2C)O[C@H](C)[C@H]1O[C@@H]1O[C@H](CO)[C@@H](O)[C@H](O)[C@H]1O,JAYAGJDXJIDEKI-YBYZECQXSA-N,984.4929948320002,0.6131000000000075,CC(=O)O[C@H]1C[C@H](O[C@H]2[C@@H](O)C[C@H](O[C@H]3[C@@H](O)C[C@H](O[C@H]4CC[C@@]5(C)C(CCC6C5C[C@@H](O)[C@]5(C)[C@@H](C7=CC(=O)OC7)CC[C@]65O)C4)O[C@@H]3C)O[C@@H]2C)O[C@H](C)[C@H]1O[C@@H]1O[C@H](CO)[C@@H](O)[C@H](O)[C@H]1O,LANATOSIDE C,0.93054,1.002,0.96627,
79691570,CC(C)=CCCC(C)C1CC[C@@]2(C)C3=C(CC[C@]12C)C1(C)CC[C@H](O)C(C)(C)C1CC3,CAHGCLMLTWQZNJ-WSFOUKAFSA-N,426.38616621999995,8.479100000000006,CC(C)=CCCC(C)C1CC[C@@]2(C)C3=C(CC[C@]12C)C1(C)CC[C@H](O)C(C)(C)C1CC3,LANOSTEROL,0.72717,0.8836,0.805385,
66988158,CC(=O)O[C@H]1CCC2(C)C3=C(CCC2C1(C)C)[C@]1(C)CCC(C(C)CCC=C(C)C)[C@@]1(C)CC3,BQPPJGMMIYJVBR-GYKJOOKPSA-N,468.396730904,9.049900000000003,CC(=O)O[C@H]1CCC2(C)C3=C(CCC2C1(C)C)[C@]1(C)CCC(C(C)CCC=C(C)C)[C@@]1(C)CC3,LANOSTEROL ACETATE,0.86167,0.94513,0.9034,
11576116,Cc1c(OCC(F)(F)F)ccnc1CS(=O)c1nc2ccccc2[nH]1,MJIHNNLFOKEZEW-UHFFFAOYSA-N,369.07588234800005,3.515220000000001,Cc1c(OCC(F)(F)F)ccnc1CS(=O)c1nc2ccccc2[nH]1,LANSOPRAZOLE,1.1179,1.0791,1.0985,
28243836,COc1cc2c(c3ccccc13)OC(C)(C)C=C2,BFGQXXNDFKWDMA-UHFFFAOYSA-N,240.115029752,4.032600000000003,COc1cc2c(c3ccccc13)OC(C)(C)C=C2,LAPACHENOL,1.1875,0.94657,1.067035,
31903153,CC(C)=CCC1=C(O)C(=O)c2ccccc2C1=O,CIEYTVIYYGTCCI-UHFFFAOYSA-N,242.094294308,3.234000000000001,CC(C)=CCC1=C(O)C(=O)c2ccccc2C1=O,LAPACHOL,0.94516,0.77718,0.86117,
89554941,COC1=C(CC=C(C)C)C(=O)c2ccccc2C1=O,NHTTYMNGELRKMP-UHFFFAOYSA-N,256.10994437200003,3.322400000000002,COC1=C(CC=C(C)C)C(=O)c2ccccc2C1=O,LAPACHOL METHYL ETHER,0.888,0.79791,0.842955,
21600929,CS(=O)(=O)CCNCc1ccc(-c2ccc3ncnc(Nc4ccc(OCc5cccc(F)c5)c(Cl)c4)c3c2)o1,BCFGMOOMADDAQU-UHFFFAOYSA-N,580.1347322120001,6.139100000000005,CS(=O)(=O)CCNCc1ccc(-c2ccc3ncnc(Nc4ccc(OCc5cccc(F)c5)c(Cl)c4)c3c2)o1,LAPATINIB,1.2152,1.055,1.1351,
62663306,Cc1occc(=O)c1O,XPCTZQVDEJYUGT-UHFFFAOYSA-N,126.031694052,0.6538199999999998,Cc1occc(=O)c1O,LARIXINIC ACID,0.90442,0.90196,0.90319,
13250809,C=C[C@@](C)(O)CCC1C(=C)C[C@H](OC(C)=O)C2C(C)(C)CCCC12C,WCNCDVQMEQJFGH-ZZVYCOLKSA-N,348.26644501199996,5.044000000000005,C=C[C@@](C)(O)CCC1C(=C)C[C@H](OC(C)=O)C2C(C)(C)CCCC12C,LARIXOL ACETATE,1.2156,0.96687,1.091235,
51820926,O=C1C=C(O)C(=O)c2ccccc21,CSFWPUWCSPOLJW-UHFFFAOYSA-N,174.031694052,1.5075,O=C1C=C(O)C(=O)c2ccccc21,LAWSONE,1.1861,0.83398,1.01004,
22319108,COC1=CC(=O)c2ccccc2C1=O,OBGBGHKYJAOXRR-UHFFFAOYSA-N,188.047344116,1.5958999999999999,COC1=CC(=O)c2ccccc2C1=O,LAWSONE METHYL ETHER,0.42261,0.42006,0.421335,
11091953,CC(=O)O[Pb]OC(C)=O,GUWSLQUAAYEZAF-UHFFFAOYSA-L,326.0032607719999,-0.35319999999999996,CC(=O)O[Pb]OC(C)=O,LEAD ACETATE,0.91677,0.88406,0.900415,
96649355,Cc1cc(OC(=O)c2c(C)cc(O)cc2O)cc(O)c1C(=O)O,HEMSJKZDHNSSEW-UHFFFAOYSA-N,318.073952788,2.337640000000001,Cc1cc(OC(=O)c2c(C)cc(O)cc2O)cc(O)c1C(=O)O,LECANORIC ACID,0.97558,0.87105,0.923315,
85283355,Cc1oncc1C(=O)Nc1ccc(C(F)(F)F)cc1,VHOGYURTWQBHIL-UHFFFAOYSA-N,270.061612188,3.2541200000000012,Cc1oncc1C(=O)Nc1ccc(C(F)(F)F)cc1,LEFLUNOMIDE,0.89265,1.0145,0.953575,
73504798,Nc1cccc2c1CN(C1CCC(=O)NC1=O)C2=O,GOTYRUGSSMKFNF-UHFFFAOYSA-N,259.095691276,0.029799999999999882,Nc1cccc2c1CN(C1CCC(=O)NC1=O)C2=O,LENALIDOMIDE,1.1939,1.1899,1.1919,
48352223,COC(=O)c1c(C)c2c(c(C)c1O)OC(=O)c1c(C)c(Cl)c(O)c(Cl)c1O2,RCLFRVZNHRFQGE-UHFFFAOYSA-N,412.011658148,4.441360000000004,COC(=O)c1c(C)c2c(c(C)c1O)OC(=O)c1c(C)c(Cl)c(O)c(Cl)c1O2,LEOIDIN [10mg],1.0435,0.76213,0.902815,
40242722,COC(=O)c1c(C)c2c(c(C)c1OC)OC(=O)c1c(C)c(Cl)c(OC)c(Cl)c1O2,PDTLWAZKMKQSLD-UHFFFAOYSA-N,440.042958276,5.047360000000004,COC(=O)c1c(C)c2c(c(C)c1OC)OC(=O)c1c(C)c(Cl)c(OC)c(Cl)c1O2,LEOIDIN DIMETHYL ETHER,1.0267,1.1508,1.08875,
47453898,N#Cc1ccc(C(c2ccc(C#N)cc2)n2cncn2)cc1,HPJKCIUCZWXJDR-UHFFFAOYSA-N,285.101445352,2.65916,N#Cc1ccc(C(c2ccc(C#N)cc2)n2cncn2)cc1,LETROZOLE,1.0457,1.0659,1.0558,
10339709,CC1=CC(=O)C2=C(C)CC[C@@H]3[C@H](OC(=O)[C@H]3C)[C@@H]12,BJPSSVHNEGMBDQ-NUZBWSBOSA-N,246.125594436,2.419600000000001,CC1=CC(=O)C2=C(C)CC[C@H]3[C@H](C)C(=O)O[C@@H]3[C@@H]12,LEUCODIN,1.0181,0.80155,0.909825,
13424335,Nc1nc(=O)c2c([nH]1)NCC(CNc1ccc(C(=O)N[C@@H](CCC(=O)[O-])C(=O)[O-])cc1)N2C=O.[Ca+2],KVUAALJSMIVURS-ZEDZUCNESA-L,511.1128369919999,-3.7812999999999963,Nc1nc(=O)c2c([nH]1)NCC(CNc1ccc(C(=O)N[C@@H](CCC(=O)[O-])C(=O)[O-])cc1)N2C=O.[Ca+2],LEUCOVORIN CALCIUM,0.87107,0.83337,0.85222,
43117988,Cl.c1ccc(C2CN3CCSC3=N2)cc1,LAZPBGZRMVRFKY-UHFFFAOYSA-N,240.048797096,2.5679,Cl.c1ccc(C2CN3CCSC3=N2)cc1,LEVAMISOLE HYDROCHLORIDE,0.8746,0.99774,0.93617,
10308469,CC[C@@H](C(N)=O)N1CCCC1=O,HPHUVLMMVZITSG-LURJTMIESA-N,170.105527688,-0.12729999999999997,CC[C@@H](C(N)=O)N1CCCC1=O,LEVETIRACETAM,0.97718,1.4644,1.22079,
23789084,C[N+](C)(C)C[C@H](O)CC(=O)[O-],PHIQHXFUZVPYII-ZCFIWIBFSA-N,161.10519334,-1.8064999999999984,C[N+](C)(C)C[C@H](O)CC(=O)[O-],LEVOCARNITINE,0.99216,1.0124,1.00228,
10725658,CCC(=O)O[C@H](CC(=O)O)C[N+](C)(C)C.[Cl-],KTFMPDDJYRFWQE-DDWIOCJRSA-N,253.1080858,-2.5068999999999955,CCC(=O)O[C@H](CC(=O)O)C[N+](C)(C)C.[Cl-],LEVOCARNITINE PROPIONATE HYDROCHLORIDE,0.93793,0.9557,0.946815,
82284403,Cl.Cl.O=C(O)COCCN1CCN([C@H](c2ccccc2)c2ccc(Cl)cc2)CC1,PGLIUCLTXOYQMV-GHVWMZMZSA-N,460.10872576400004,3.991800000000003,Cl.Cl.O=C(O)COCCN1CCN([C@H](c2ccccc2)c2ccc(Cl)cc2)CC1,LEVOCETIRIZINE DIHYDROCHLORIDE,0.96012,1.0673,1.01371,
45724011,C[C@H]1COc2c(N3CCN(C)CC3)c(F)cc3c(=O)c(C(=O)O)cn1c23,GSDSWSVVBLHKDQ-JTQLQIEISA-N,361.14378433999997,1.5439999999999998,C[C@H]1COc2c(N3CCN(C)CC3)c(F)cc3c(=O)c(C(=O)O)cn1c23,LEVOFLOXACIN,0.13865,0.15346,0.146055,
28102745,CC(C)[C@@H]1CC[C@@H](C)C[C@H]1O,NOOLISFMXDJSKH-KXUCPTDWSA-N,156.15141526,2.439500000000001,CC(C)[C@@H]1CC[C@@H](C)C[C@H]1O,LEVOMENTHOL,0.98315,0.95832,0.970735,
63901883,CCN(CC)C(=O)[C@@]1(c2ccccc2)C[C@H]1CN.Cl,XNCDYJFPRPDERF-NQQJLSKUSA-N,282.14989103600004,2.1931999999999996,CCN(CC)C(=O)[C@@]1(c2ccccc2)C[C@H]1CN.Cl,LEVOMILNACIPRAN HYDROCHLORIDE,1.2481,1.2443,1.2462,
41190201,C#C[C@]1(O)CCC2C3CCC4=CC(=O)CC[C@@H]4C3CC[C@@]21CC,WWYNJERNGUHSAO-RYHLCRTJSA-N,312.208930136,3.8826000000000036,C#C[C@]1(O)CCC2C3CCC4=CC(=O)CC[C@@H]4C3CC[C@@]21CC,LEVONORGESTREL,0.9134,1.0732,0.9933,
42479045,C[C@@H]1CC(=O)NN=C1c1ccc(NN=C(C#N)C#N)cc1,WHXMKTBCFHIYNQ-SECBINFHSA-N,280.10725900399996,1.3617599999999999,C[C@@H]1CC(=O)NN=C1c1ccc(NN=C(C#N)C#N)cc1,LEVOSIMENDAN,0.93565,0.9808,0.958225,
99559578,CCN1CCC[C@@H]1CNC(=O)c1cc(S(N)(=O)=O)ccc1OC,BGRJTUBHPOOWDU-LLVKDONJSA-N,341.140927216,0.5567000000000012,CCN1CCC[C@@H]1CNC(=O)c1cc(S(N)(=O)=O)ccc1OC,LEVOSULPIRIDE,1.1795,0.85514,1.01732,
11538570,N[C@@H](Cc1cc(I)c(Oc2cc(I)c(O)c(I)c2)c(I)c1)C(=O)[O-].[Na+],YDTFRJLNMPSCFM-YDALLXLXSA-M,798.6686440800001,0.2265999999999998,N[C@@H](Cc1cc(I)c(Oc2cc(I)c(O)c(I)c2)c(I)c1)C(=O)[O-].[Na+],LEVOTHYROXINE SODIUM,1.005,0.88679,0.945895,
11324159,CCN(CC)CC(=O)Nc1c(C)cccc1C.Cl,IYBQHJMYDGVZRY-UHFFFAOYSA-N,270.149891036,3.005540000000002,CCN(CC)CC(=O)Nc1c(C)cccc1C.Cl,LIDOCAINE HYDROCHLORIDE,0.99984,0.93948,0.96966,
10964763,CC1(C)O[C@H]2CC(=O)OC[C@]23[C@H]2CC[C@@]4(C)[C@H](c5ccoc5)OC(=O)[C@H]5O[C@]54[C@]2(C)C(=O)C[C@@H]13,KBDSLGBFQAGHBE-MSGMIQHVSA-N,470.1940679199999,3.137400000000002,CC1(C)O[C@H]2CC(=O)OC[C@@]23[C@H]1CC(=O)[C@]1(C)[C@@H]3CC[C@@]2(C)[C@H](c3ccoc3)OC(=O)[C@H]3O[C@]321,LIMONIN,0.79028,0.89026,0.84027,
16903644,C[C@@H]1NC(=O)[C@@H]2CCCN2C(=O)[C@H](CC(N)=O)NC(=O)[C@@H]2CSSC[C@H](N)C(=O)N[C@H]3CSSC[C@H](NC1=O)C(=O)N[C@@H]([C@@H](C)O)C(=O)NCC(=O)N[C@H](C(=O)N[C@@H](Cc1ccc(O)cc1)C(=O)O)CSSC[C@H](NC(=O)[C@H](Cc1ccc(O)cc1)NC(=O)[C@H](CCC(=O)O)NC3=O)C(=O)N2,KXGCNMMJRFDFNR-WDRJZQOASA-N,1525.3899205479993,-5.93920000000003,C[C@@H]1NC(=O)[C@@H]2CCCN2C(=O)[C@H](CC(N)=O)NC(=O)[C@@H]2CSSC[C@H](N)C(=O)N[C@H]3CSSC[C@H](NC1=O)C(=O)N[C@@H]([C@@H](C)O)C(=O)NCC(=O)N[C@H](C(=O)N[C@@H](Cc1ccc(O)cc1)C(=O)O)CSSC[C@H](NC(=O)[C@H](Cc1ccc(O)cc1)NC(=O)[C@H](CCC(=O)O)NC3=O)C(=O)N2,LINACLOTIDE (1 mg/ml),0.96205,0.95685,0.95945,
53374813,CC#CCN1C(N2CCC[C@@H](N)C2)=NC2C1C(=O)N(Cc1nc(C)c3ccccc3n1)C(=O)N2C,BTGFGXRESYKOCS-PPNDLDFTSA-N,474.24917220000003,1.1449200000000028,CC#CCN1C(N2CCC[C@@H](N)C2)=NC2C1C(=O)N(Cc1nc(C)c3ccccc3n1)C(=O)N2C,LINAGLIPTIN,0.92628,1.0315,0.97889,
44862627,C=C[C@](C)(O)CCC=C(C)C,CDOSHBSSFJOMGT-JTQLQIEISA-N,154.135765196,2.6698000000000013,C=C[C@](C)(O)CCC=C(C)C,LINALOOL (+),1.1636,1.3146,1.2391,
14632653,CCC[C@@H]1C[C@@H](C(=O)N[C@H]([C@H]2O[C@H](SC)[C@H](O)[C@@H](O)[C@H]2O)[C@H](C)O)N(C)C1.Cl,POUMFISTNHIPTI-WQOWNZQJSA-N,442.19043551999994,-0.435199999999998,CCC[C@@H]1C[C@@H](C(=O)N[C@@H]([C@H](C)O)[C@H]2O[C@H](SC)[C@H](O)[C@@H](O)[C@H]2O)N(C)C1.Cl,LINCOMYCIN HYDROCHLORIDE,0.86559,0.85904,0.862315,
23631137,Cl[C@H]1[C@H](Cl)[C@@H](Cl)[C@@H](Cl)[C@H](Cl)[C@H]1Cl,JLYXXMFPNIAWKQ-GNIYUCBRSA-N,287.860066272,3.644400000000001,Cl[C@H]1[C@H](Cl)[C@@H](Cl)[C@@H](Cl)[C@H](Cl)[C@H]1Cl,LINDANE,1.077,1.0082,1.0426,
70621966,CC(=O)NC[C@H]1CN(c2ccc(N3CCOCC3)c(F)c2)C(=O)O1,TYZROVQLWOKYKF-ZDUSSCGKSA-N,337.1437843399999,1.1235999999999997,CC(=O)NC[C@H]1CN(c2ccc(N3CCOCC3)c(F)c2)C(=O)O1,LINEZOLID,0.46801,0.59854,0.533275,
72561594,N[C@H](Cc1cc(I)c(Oc2ccc(O)c(I)c2)c(I)c1)C(=O)O,AUYYCJSJGJYCDS-GFCCVEGCSA-N,650.790051864,3.952700000000001,N[C@H](Cc1cc(I)c(Oc2ccc(O)c(I)c2)c(I)c1)C(=O)O,LIOTHYRONINE,1.4992,1.2351,1.36715,
95206687,N[C@@H](Cc1cc(I)c(Oc2ccc(O)c(I)c2)c(I)c1)C(=O)[O-].[Na+],SBXXSUDPJJJJLC-YDALLXLXSA-M,672.771996112,-0.3780000000000001,N[C@@H](Cc1cc(I)c(Oc2ccc(O)c(I)c2)c(I)c1)C(=O)[O-].[Na+],LIOTHYRONINE (L- isomer) SODIUM,1.4988,1.614,1.5564,
37441392,NC(=O)CCCCC1CCSS1,FCCDDURTIIUXBY-UHFFFAOYSA-N,205.0595061,2.1857999999999995,NC(=O)CCCCC1CCSS1,LIPOAMIDE,0.94607,1.0728,1.009435,
53010536,NCCCC[C@H](N[C@@H](CCc1ccccc1)C(=O)O)C(=O)N1CCC[C@H]1C(=O)O,RLAWWYSOJDYHDC-BZSNNMDCSA-N,405.22637109199997,1.2352000000000007,NCCCC[C@H](N[C@@H](CCc1ccccc1)C(=O)O)C(=O)N1CCC[C@H]1C(=O)O,LISINOPRIL,1.0023,1.0746,1.03845,
93199512,O.O=C([O-])CC(O)(CC(=O)[O-])C(=O)[O-].[Li+].[Li+].[Li+],OSJRPECIECUBOG-UHFFFAOYSA-K,228.06210583399996,-15.065300000000002,O.O=C([O-])CC(O)(CC(=O)[O-])C(=O)[O-].[Li+].[Li+].[Li+],LITHIUM CITRATE HYDRATE,0.89734,0.97989,0.938615,
23608354,CC(CCC(=O)O)[C@H]1CCC2C3CC[C@@H]4C[C@H](O)CC[C@]4(C)C3CC[C@@]21C,SMEROWZSTRWXGI-IENBECQSSA-N,376.29774513999996,5.507100000000006,CC(CCC(=O)O)[C@H]1CCC2C3CC[C@@H]4C[C@H](O)CC[C@]4(C)C3CC[C@@]21C,LITHOCHOLIC ACID,1.0656,1.4297,1.24765,
94576117,CCCCCc1c2c(cc(O)c1C(=O)O)OC(=O)c1c(cc(OC)cc1C(=O)CCCC)O2,JHEWMLHQNRHTQX-UHFFFAOYSA-N,456.17841785599995,5.529500000000004,CCCCCc1c2c(cc(O)c1C(=O)O)OC(=O)c1c(cc(OC)cc1C(=O)CCCC)O2,LOBARIC ACID,1.1541,1.3323,1.2432,
49268479,CN1C(CC(=O)c2ccccc2)CCCC1CC(O)c1ccccc1.Cl,MKMYPTLXLWOUSO-UHFFFAOYSA-N,373.180856816,4.657800000000006,CN1C(CC(=O)c2ccccc2)CCCC1CC(O)c1ccccc1.Cl,LOBELINE HYDROCHLORIDE,0.95295,0.96377,0.95836,
10179603,CCOC(=O)Nc1nc2ccccc2[nH]1,OKOVSTKGUBOSTB-UHFFFAOYSA-N,205.085126592,2.1313,CCOC(=O)Nc1nc2ccccc2[nH]1,LOBENDAZOLE,0.85127,0.76106,0.806165,
44007989,CC(Oc1c(Cl)cccc1Cl)C1=NCCN1.Cl,DWWHMKBNNNZGHF-UHFFFAOYSA-N,294.00934607600004,3.184200000000002,CC(Oc1c(Cl)cccc1Cl)C1=NCCN1.Cl,LOFEXIDINE  HYDROCHLORIDE,0.90153,0.84069,0.87111,
16517632,CCn1cc(C(=O)O)c(=O)c2cc(F)c(N3CCNC(C)C3)c(F)c21.Cl,KXEBLAPZMOQCKO-UHFFFAOYSA-N,387.11612562,2.2177000000000002,CCn1cc(C(=O)O)c(=O)c2cc(F)c(N3CCNC(C)C3)c(F)c21.Cl,LOMEFLOXACIN HYDROCHLORIDE,0.16503,0.16747,0.16625,
91130022,COc1ccc(CN2CCN(C(c3ccc(F)cc3)c3ccc(F)cc3)CC2)c(OC)c1OC.Cl,VCBYMCBOMLUKOO-UHFFFAOYSA-N,504.19912697199993,5.3196000000000065,COc1ccc(CN2CCN(C(c3ccc(F)cc3)c3ccc(F)cc3)CC2)c(OC)c1OC.Cl,LOMERIZINE HYDROCHLORIDE,1.0995,1.2421,1.1708,
11096052,O=NN(CCCl)C(=O)NC1CCCCC1,GQYIWUVLTXOXAJ-UHFFFAOYSA-N,233.093104432,2.2509000000000006,O=NN(CCCl)C(=O)NC1CCCCC1,LOMUSTINE,1.2876,1.2791,1.28335,
68898685,CN(C)C(=O)C(CCN1CCC(O)(c2ccc(Cl)cc2)CC1)(c1ccccc1)c1ccccc1.Cl,PGYPOBZJRVSMDS-UHFFFAOYSA-N,512.199733688,5.5098000000000065,CN(C)C(=O)C(CCN1CCC(O)(c2ccc(Cl)cc2)CC1)(c1ccccc1)c1ccccc1.Cl,LOPERAMIDE HYDROCHLORIDE,0.92696,0.85516,0.89106,
67132665,Cc1cccc(C)c1OCC(=O)N[C@@H](Cc1ccccc1)[C@@H](O)C[C@H](Cc1ccccc1)NC(=O)[C@H](C(C)C)N1CCCNC1=O,KJHKTHWMRKYKJE-SUGCFTRWSA-N,628.362470636,4.328140000000003,Cc1cccc(C)c1OCC(=O)N[C@@H](Cc1ccccc1)[C@@H](O)C[C@H](Cc1ccccc1)NC(=O)[C@H](C(C)C)N1CCCNC1=O,LOPINAVIR,1.0395,1.0592,1.04935,
17738712,CCOC(=O)N1CCC(=C2c3ccc(Cl)cc3CCc3cccnc32)CC1,JCCNYMKQOSZNPW-UHFFFAOYSA-N,382.144805656,4.887800000000005,CCOC(=O)N1CCC(=C2c3ccc(Cl)cc3CCc3cccnc32)CC1,LORATADINE,0.91816,1.0152,0.96668,
61442706,CCCCCN(CCCCC)C(=O)C(CCC(=O)[O-])NC(=O)c1ccc(Cl)c(Cl)c1.[Na+],JCNPYMDDOUQTBK-UHFFFAOYSA-M,480.155857112,0.8349000000000015,CCCCCN(CCCCC)C(=O)C(CCC(=O)[O-])NC(=O)c1ccc(Cl)c(Cl)c1.[Na+],LORGLUMIDE SODIUM,1.0594,1.01,1.0347,
69845013,CN1C(C(=O)Nc2ccccn2)=C(O)c2sc(Cl)cc2S1(=O)=O,WLHQHAUOOXYABV-UHFFFAOYSA-N,370.9801254799999,2.2958999999999996,CN1C(C(=O)Nc2ccccn2)=C(O)c2sc(Cl)cc2S1(=O)=O,LORNOXICAM,1.0747,1.1357,1.1052,
92858096,CCCCc1nc(Cl)c(CO)n1Cc1ccc(-c2ccccc2-c2nnn[nH]2)cc1,PSIFNNKUMBGKDQ-UHFFFAOYSA-N,422.16218703600015,4.2668000000000035,CCCCc1nc(Cl)c(CO)n1Cc1ccc(-c2ccccc2-c2nnn[nH]2)cc1,LOSARTAN,0.94602,1.0263,0.98616,
11760994,CC[C@H](C)C(=O)O[C@H]1C[C@@H](C)C=C2C=C[C@H](C)[C@H](CC[C@@H]3C[C@@H](O)CC(=O)O3)[C@H]21,PCZOHLXUXFIOCF-BXMDZJJMSA-N,404.2562742519999,4.195500000000004,CC[C@H](C)C(=O)O[C@H]1C[C@@H](C)C=C2C=C[C@H](C)[C@H](CC[C@@H]3C[C@@H](O)CC(=O)O3)[C@H]21,LOVASTATIN,0.70738,0.85244,0.77991,
79193814,CN1CCN(C2=Nc3ccccc3Oc3ccc(Cl)cc32)CC1.O=C(O)CCC(=O)O,YQZBAXDVDZTKEQ-UHFFFAOYSA-N,445.1404485479999,3.707200000000002,CN1CCN(C2=Nc3ccccc3Oc3ccc(Cl)cc32)CC1.O=C(O)CCC(=O)O,LOXAPINE SUCCINATE,1.227,1.0785,1.15275,
22143321,CC(C(=O)O)c1ccc(CC2CCCC2=O)cc1,YMBXTVYHTMGZDW-UHFFFAOYSA-N,246.125594436,2.7864000000000013,CC(C(=O)O)c1ccc(CC2CCCC2=O)cc1,LOXOPROFEN,1.2283,0.9177,1.073,
10043659,O=C(NC(=O)c1c(F)cccc1F)Nc1cc(Cl)c(OC(F)(F)C(F)C(F)(F)F)cc1Cl,PWPJGUXAGUPAHP-UHFFFAOYSA-N,509.97842323599997,6.105500000000001,O=C(NC(=O)c1c(F)cccc1F)Nc1cc(Cl)c(OC(F)(F)C(F)C(F)(F)F)cc1Cl,LUFENURON,1.192,1.2381,1.21505,
96711135,CCCCN(CCCC)CC(O)c1cc(Cl)cc2c1-c1ccc(Cl)cc1/C2=C\c1ccc(Cl)cc1,DYLGFOYVTXJFJP-UHFFFAOYSA-N,527.154947684,9.151699999999998,CCCCN(CCCC)CC(O)c1cc(Cl)cc2c1-c1ccc(Cl)cc1/C2=C\c1ccc(Cl)cc1,LUMEFANTRINE,1.2649,1.2853,1.2751,
12878695,Cc1ccc(Nc2c(F)cccc2Cl)c(CC(=O)O)c1,KHPKQFYUPIUARC-UHFFFAOYSA-N,293.061884556,4.158220000000002,Cc1ccc(Nc2c(F)cccc2Cl)c(CC(=O)O)c1,LUMIRACOXIB,1.1563,0.93237,1.044335,
88910634,O=C1CC[C@]23/C=C/C(=O)NCCCCNCCCNC(=O)/C=C/c4ccc(c2c4)O[C@@H]3C1,YIWJEBPTHXRHQF-RDGATRHJSA-N,437.231456472,2.0136999999999996,O=C1CC[C@]23/C=C/C(=O)NCCCCNCCCNC(=O)/C=C/c4ccc(c2c4)O[C@@H]3C1,LUNARINE,0.97972,0.96249,0.971105,
14548455,O=C1CCCC2C3CC(CN12)[C@@H]1CCCCN1C3.[O-][Cl+3]([O-])([O-])O,DVZQTPMQQXAHSQ-CEAFXYPISA-N,348.14519957999994,-2.252299999999994,O=C1CCCC2C3CC(CN12)[C@@H]1CCCCN1C3.[O-][Cl+3]([O-])([O-])O,LUPANINE PERCHLORATE,0.8237,0.90435,0.864025,
55332434,C=C(C)[C@@H]1CC[C@]2(C)CC[C@]3(C)[C@@H](CCC4[C@@]5(C)CC[C@H](O)C(C)(C)C5CC[C@]43C)C12,MQYXUWHLBZFQQO-IUZORJNNSA-N,426.38616621999995,8.02480000000001,C=C(C)[C@@H]1CC[C@]2(C)CC[C@]3(C)[C@@H](CCC4[C@@]5(C)CC[C@H](O)C(C)(C)C5CC[C@]43C)C12,LUPEOL,0.92109,1.0015,0.961295,
56879967,C=C(C)[C@@H]1CC[C@]2(C)CC[C@]3(C)[C@@H](CCC4[C@@]5(C)CC[C@H](OC(C)=O)C(C)(C)C5CC[C@]43C)C12,ODSSDTBFHAYYMD-DWLDDSTFSA-N,468.3967309039999,8.595600000000006,C=C(C)[C@@H]1CC[C@]2(C)CC[C@]3(C)[C@@H](CCC4[C@@]5(C)CC[C@H](OC(C)=O)C(C)(C)C5CC[C@]43C)C12,LUPEOL ACETATE,0.92815,0.88898,0.908565,
37029870,OC[C@@H]1CCCN2CCCC[C@H]12,HDVAWXXJVMJBAR-VHSXEESVSA-N,169.146664228,1.2431999999999999,OC[C@@H]1CCCN2CCCC[C@H]12,LUPININE,0.92091,1.0539,0.987405,
94805254,C#C[C@]1(O)CCC2C3CCC4=CCCCC4C3CC[C@@]21C,YNVGQYHLRCDXFQ-RZXUBOOQSA-N,284.214015516,4.313500000000004,C#C[C@]1(O)CCC2C3CCC4=CCCCC4C3CC[C@@]21C,LYNESTRENOL,1.2859,1.1637,1.2248,
44944816,Cl.NCCCC[C@H](N)C(=O)O,BVHLGVCQOALMSV-JEDNCBNOSA-N,182.0822054,-0.05090000000000017,Cl.NCCCC[C@H](N)C(=O)O,LYSINE (L) HYDROCHLORIDE,0.90044,1.1362,1.01832,
10896823,C[C@H]1[C@H](C)CC[C@]2(C(=O)O)CC[C@]3(C)C(=CCC4[C@@]5(C)C[C@@H](O)[C@H](O)[C@@](C)(CO)C5[C@H](O)C[C@]43C)[C@H]12,PRAUVHZJPXOEIF-VGKQSNDQSA-N,504.34508925599994,4.0035000000000025,C[C@@H]1[C@H]2C3=CCC4[C@@]5(C)C[C@@H](O)[C@H](O)[C@@](C)(CO)C5[C@H](O)C[C@@]4(C)[C@]3(C)CC[C@@]2(C(=O)O)CC[C@H]1C,MADECASSIC ACID,0.84874,0.74492,0.79683,
99808599,Cl.NCc1ccc(S(N)(=O)=O)cc1,SIACJRVYIPXFKS-UHFFFAOYSA-N,222.022976272,0.2144999999999998,Cl.NCc1ccc(S(N)(=O)=O)cc1,MAFENIDE HYDROCHLORIDE,0.98363,0.99726,0.990445,
10740045,COc1cc(O)c2c(=O)c3cc(OC)c(OC)cc3oc2c1,YBXGACGRJWDKHC-UHFFFAOYSA-N,302.079038168,2.677600000000001,COc1cc(O)c2c(=O)c3cc(OC)c(OC)cc3oc2c1,"MAGNIFERITIN 3,6,7-TRIMETHYL ETHER",0.85059,0.95059,0.90059,
75399033,CCOC(=O)CC(SP(=S)(OC)OC)C(=O)OCC,JXSJBGJIGXNWCI-UHFFFAOYSA-N,330.036066958,2.1218000000000004,CCOC(=O)CC(SP(=S)(OC)OC)C(=O)OCC,MALATHION,1.2831,0.91885,1.100975,
29088486,O=c1c2cc(O)c(O)cc2oc2cc(O)c(C3O[C@H](CO)[C@@H](O)[C@H](O)[C@H]3O)c(O)c12,AEDDIBAIWPIIBD-JGPIWLIHSA-N,422.0849113959999,-0.7165000000000005,O=c1c2cc(O)c(O)cc2oc2cc(O)c(C3O[C@H](CO)[C@@H](O)[C@H](O)[C@H]3O)c(O)c12,MANGIFERIN,0.97529,1.1133,1.044295,
36144730,COC(=O)C1=C(C)NC(C)=C(C(=O)OCCN2CCN(C(c3ccccc3)c3ccccc3)CC2)C1c1cccc([N+](=O)[O-])c1,ANEBWFXPVPTEET-UHFFFAOYSA-N,610.2791349360001,4.953000000000005,COC(=O)C1=C(C)NC(C)=C(C(=O)OCCN2CCN(C(c3ccccc3)c3ccccc3)CC2)C1c1cccc([N+](=O)[O-])c1,MANIDIPINE HYDROCHLORIDE,1.3493,1.2993,1.3243,
37617190,OC[C@@H](O)[C@@H](O)[C@H](O)[C@@H](O)CO,FBPFZTCFMRRESA-JGWLITMVSA-N,182.079038168,-3.5854000000000004,OC[C@H](O)[C@@H](O)[C@H](O)[C@H](O)CO,MANNITOL,1.156,1.0504,1.1032,
43229521,CNCCCC12CCC(c3ccccc31)c1ccccc12.Cl,NZDMFGKECODQRY-UHFFFAOYSA-N,313.159727448,4.633200000000005,CNCCCC12CCC(c3ccccc31)c1ccccc12.Cl,MAPROTILINE HYDROCHLORIDE,0.94736,0.99469,0.971025,
59783003,CN1CCN(c2c(F)cc3c(=O)c(C(=O)O)cn4c3c2OCN4C)CC1,BPFYOAJNDMUVBL-UHFFFAOYSA-N,362.139033308,0.5083000000000002,CN1CCN(c2c(F)cc3c(=O)c(C(=O)O)cn4c3c2OCN4C)CC1,MARBOFLOXACIN,0.13602,0.15415,0.145085,
89357070,O=C1CCC[C@H]2[C@@H]3CCCN4CCC[C@H](CN12)[C@H]34,ZSBXGIUJOOQZMP-UKTARXLSSA-N,248.188863388,1.8717,O=C1CCC[C@H]2[C@@H]3CCCN4CCC[C@H](CN12)[C@H]34,MATRINE,0.94989,0.96007,0.95498,
53318691,COC(=O)Nc1nc2cc(C(=O)c3ccccc3)ccc2[nH]1,OPXLLQIJSORQAM-UHFFFAOYSA-N,295.0956912760001,2.972200000000001,COC(=O)Nc1nc2cc(C(=O)c3ccccc3)ccc2[nH]1,MEBENDAZOLE,0.9388,1.0593,0.99905,
69978548,CCN(CCCCOC(=O)c1ccc(OC)c(OC)c1)C(C)Cc1ccc(OC)cc1.Cl,PLGQWYOULXPJRE-UHFFFAOYSA-N,465.22820093199994,5.0243000000000055,CCN(CCCCOC(=O)c1ccc(OC)c(OC)c1)C(C)Cc1ccc(OC)cc1.Cl,MEBEVERINE HYDROCHLORIDE,1.2147,1.2109,1.2128,
88447197,CN1CCc2c(c3ccccc3n2Cc2ccccc2)C1,FQQIIPAOSKSOJM-UHFFFAOYSA-N,276.16264864,3.677500000000003,CN1CCc2c(c3ccccc3n2Cc2ccccc2)C1,MEBHYDROLIN,0.8055,1.004,0.90475,
24843747,CNC1(C)C2CCC(C2)C1(C)C.Cl,PKVZBNCYEICAQP-UHFFFAOYSA-N,203.14407738399998,2.842400000000002,CNC1(C)C2CCC(C2)C1(C)C.Cl,MECAMYLAMINE HYDROCHLORIDE,1.167,1.0163,1.09165,
59571496,CN(CCCl)CCCl,HAWPXGHAZFHHAD-UHFFFAOYSA-N,155.026854712,1.3958,CN(CCCl)CCCl,MECHLORETHAMINE,0.49301,0.44473,0.46887,
61905130,Cc1cccc(CN2CCN(C(c3ccccc3)c3ccc(Cl)cc3)CC2)c1.Cl.Cl,VCTHNOIYJIXQLV-UHFFFAOYSA-N,462.139631968,6.399220000000007,Cc1cccc(CN2CCN(C(c3ccccc3)c3ccc(Cl)cc3)CC2)c1.Cl.Cl,MECLIZINE HYDROCHLORIDE,1.2033,1.2004,1.20185,
38956672,Cc1ccc(Cl)c(Nc2ccccc2C(=O)[O-])c1Cl.[Na+],OGPIIGMUPMPMNT-UHFFFAOYSA-M,316.9986282,0.4129200000000009,Cc1ccc(Cl)c(Nc2ccccc2C(=O)[O-])c1Cl.[Na+],MECLOFENAMATE SODIUM,0.79238,0.80331,0.797845,
95129735,CN(C)CCOC(=O)COc1ccc(Cl)cc1.Cl,FIVHOHCAXWQPGC-UHFFFAOYSA-N,293.058548764,2.2454000000000005,CN(C)CCOC(=O)COc1ccc(Cl)cc1.Cl,MECLOFENOXATE HYDROCHLORIDE,1.1001,1.0071,1.0536,
10723316,COC(=O)C(N)CS.Cl,WHOHXJZQBJXAKL-UHFFFAOYSA-N,171.01207724,-0.16169999999999973,COC(=O)C(N)CS.Cl,MECYSTEINE HYDROCHLORIDE,1.0043,0.96413,0.984215,
76517596,CC(=O)O[C@]1(C(C)=O)CCC2C3C[C@H](C)C4=CC(=O)CC[C@]4(C)C3CC[C@@]21C,PSGAAPLEWMOORI-GDXVCIIOSA-N,386.245709568,4.655200000000004,CC(=O)O[C@]1(C(C)=O)CCC2C3C[C@H](C)C4=CC(=O)CC[C@]4(C)C3CC[C@@]21C,MEDROXYPROGESTERONE ACETATE,1.0935,1.0475,1.0705,
24153547,CC(=O)[C@H]1CCC2C3C[C@H](C)C4=CC(=O)CC[C@]4(C)C3[C@@H](O)C[C@@]21C,GZENKSODFLBBHQ-IENIWFQZSA-N,344.23514488399996,3.9403000000000032,CC(=O)[C@H]1CCC2C3C[C@H](C)C4=CC(=O)CC[C@]4(C)C3[C@@H](O)C[C@@]21C,MEDRYSONE,0.83514,0.95326,0.8942,
64188042,Cc1cccc(Nc2ccccc2C(=O)O)c1C,HYYBABOKPJLUIN-UHFFFAOYSA-N,241.11027872,3.7452400000000017,Cc1cccc(Nc2ccccc2C(=O)O)c1C,MEFENAMIC ACID,1.1054,1.0784,1.0919,
55859006,CCN(CC)CCNC(=O)COc1ccc(OC)cc1.Cl,AXBHPHPHZHAOAK-UHFFFAOYSA-N,316.15537034,1.9537999999999998,CCN(CC)CCNC(=O)COc1ccc(OC)cc1.Cl,MEFEXAMIDE HYDROCHLORIDE,0.8512,1.0333,0.94225,
79764923,Cl.OC(c1cc(C(F)(F)F)nc2c(C(F)(F)F)cccc12)C1CCCCN1,WESWYMRNZNDGBX-UHFFFAOYSA-N,414.09336016400005,4.869700000000003,Cl.OC(c1cc(C(F)(F)F)nc2c(C(F)(F)F)cccc12)C1CCCCN1,MEFLOQUINE HYDROCHLORIDE,0.14875,0.16341,0.15608,
43576023,CC(=O)O[C@]1(C(C)=O)CCC2C3C=C(C)C4=CC(=O)CCC4(C)C3CCC21C,RQZAXGRLVPAYTJ-VSUSFZLSSA-N,384.230059504,4.575300000000005,CC(=O)O[C@]1(C(C)=O)CCC2C3C=C(C)C4=CC(=O)CCC4(C)C3CCC21C,MEGESTROL ACETATE,1.0856,1.1358,1.1107,
21531110,CNC[C@H](O)[C@@H](O)[C@H](O)[C@H](O)CO,MBBZMMPHUWSWHV-BDVNFPICSA-N,195.110672644,-3.3582999999999994,CNC[C@H](O)[C@@H](O)[C@H](O)[C@H](O)CO,MEGLUMINE,0.99681,0.96821,0.98251,
11452537,CC(O)(CC(=O)O)CC(=O)O,NPOAOTPXWNWTSH-UHFFFAOYSA-N,162.05282342,-0.3132,CC(O)(CC(=O)O)CC(=O)O,MEGLUTOL,0.83219,0.97446,0.903325,
10692013,COc1ccc2[nH]cc(CCNC(C)=O)c2c1,DRLFMBDRBRZALE-UHFFFAOYSA-N,232.121177752,1.8550999999999997,COc1ccc2[nH]cc(CCNC(C)=O)c2c1,MELATONIN,0.91041,0.88458,0.897495,
77562072,C=C1CC2C3C=C(C)C4=CC(=O)CC[C@]4(C)C3CC[C@]2(C)[C@@]1(OC(C)=O)C(C)=O,UDKABVSQKJNZBH-PQQMIVRBSA-N,396.23005950399994,4.741400000000004,C=C1CC2C3C=C(C)C4=CC(=O)CC[C@]4(C)C3CC[C@]2(C)[C@@]1(OC(C)=O)C(C)=O,MELENGESTROL ACETATE,1.0113,0.94772,0.97951,
16353089,OC[C@H]1O[C@@](CO)(O[C@@H]2O[C@H](CO)[C@@H](O)[C@H](O)[C@H]2O)[C@@H](O[C@@H]2O[C@H](CO)[C@@H](O)[C@H](O)[C@H]2O)[C@@H]1O,QWIZNVHXZXRPDR-VZSOOJPNSA-N,504.1690349439998,-7.571399999999989,OC[C@H]1O[C@@H](O[C@H]2[C@H](O)[C@@H](CO)O[C@@]2(CO)O[C@@H]2O[C@H](CO)[C@@H](O)[C@H](O)[C@H]2O)[C@H](O)[C@@H](O)[C@@H]1O,MELEZITOSE,1.2346,1.2539,1.24425,
94966076,OC[C@H]1O[C@H](OC[C@H]2O[C@@H](O)[C@H](O)[C@@H](O)[C@@H]2O)[C@H](O)[C@@H](O)[C@H]1O,DLRVVLDZNNYCBX-ZZFZYMBESA-N,342.11621152399994,-5.397199999999993,OC[C@H]1O[C@H](OC[C@H]2O[C@@H](O)[C@H](O)[C@@H](O)[C@@H]2O)[C@H](O)[C@@H](O)[C@H]1O,MELIBIOSE,1.0636,1.3986,1.2311,
95821763,Cc1cnc(NC(=O)C2=C(O)c3ccccc3S(=O)(=O)N2C)s1,ZRVUJXDFFKFLMG-UHFFFAOYSA-N,351.034747896,1.95092,Cc1cnc(NC(=O)C2=C(O)c3ccccc3S(=O)(=O)N2C)s1,MELOXICAM,0.9853,0.99839,0.991845,
10313878,N[C@@H](Cc1ccc(N(CCCl)CCCl)cc1)C(=O)O,SGDBTWWWUNNDEQ-LBPRGKRZSA-N,304.07453317599993,1.925,N[C@@H](Cc1ccc(N(CCCl)CCCl)cc1)C(=O)O,MELPHALAN,0.92512,1.0387,0.98191,
78038876,CC12CC3CC(C)(C1)CC(N)(C3)C2.Cl,LDDHMLJTFXJGPI-UHFFFAOYSA-N,215.14407738399998,3.1159000000000012,CC12CC3CC(C)(C1)CC(N)(C3)C2.Cl,MEMANTINE HYDROCHLORIDE,0.91017,1.0026,0.956385,
55046452,CC1=CC(=O)c2ccccc2C1=O,MJVAVZPDRWSRRC-UHFFFAOYSA-N,172.052429496,2.0119000000000002,CC1=CC(=O)c2ccccc2C1=O,MENADIONE,0.50695,0.62148,0.564215,
29557267,CC(C)=CCC/C(C)=C\CC1=C(C)C(=O)c2ccccc2C1=O,PTWSIIUEOFZCHW-UHFFFAOYSA-N,308.177630008,5.464900000000005,CC(C)=CCC/C(C)=C\CC1=C(C)C(=O)c2ccccc2C1=O,MENAQUINONE-4,0.98023,1.1233,1.051765,
10935461,COc1ccc(C(=O)CCC(=O)O)c2ccccc12,FHGJSJFIQNQBCK-UHFFFAOYSA-N,258.089208928,2.895900000000001,COc1ccc(C(=O)CCC(=O)O)c2ccccc12,MENBUTONE,1.2055,1.1465,1.176,
59957172,CC(C)[C@@H]1CC[C@@H](C)CC1=O,NFLGAXVYCFJBMK-BDAKNGLRSA-N,154.135765196,2.6477000000000013,CC(C)[C@@H]1CC[C@@H](C)CC1=O,MENTHONE,0.91998,1.0991,1.00954,
74531700,C#CC(C)(O)CC,QXLPXWSKPNOQLE-UHFFFAOYSA-N,98.07316494,0.7806,C#CC(C)(O)CC,MEPARFYLON,0.87255,1.0663,0.969425,
41233420,C[N+]1(C)CCCC(OC(=O)C(O)(c2ccccc2)c2ccccc2)C1.[Br-],JRRNZNSGDSFFIR-UHFFFAOYSA-M,419.109605792,-0.291499999999999,C[N+]1(C)CCCC(OC(=O)C(O)(c2ccccc2)c2ccccc2)C1.[Br-],MEPENZOLATE BROMIDE,1.0346,1.1505,1.09255,
51500824,Cc1ccccc1OCC(O)CO,JWDYCNIAQWPBHD-UHFFFAOYSA-N,182.094294308,0.7270199999999998,Cc1ccccc1OCC(O)CO,MEPHENESIN,1.033,1.1031,1.06805,
96088923,CNC(C)(C)Cc1ccccc1.O=S(=O)(O)O,NZKLHVGUPFNBFD-UHFFFAOYSA-N,261.10347908800003,1.5743,CNC(C)(C)Cc1ccccc1.O=S(=O)(O)O,MEPHENTERMINE SULFATE,0.94803,0.90987,0.92895,
64340083,CCC1(c2ccccc2)NC(=O)N(C)C1=O,GMHKMTDVRCWUDX-UHFFFAOYSA-N,218.105527688,1.4735000000000003,CCC1(c2ccccc2)NC(=O)N(C)C1=O,MEPHENYTOIN,1.1857,1.3085,1.2471,
43939942,[O-][n+]1cccc(CO)c1,LQYJAVWWKTWWKN-UHFFFAOYSA-N,125.047678464,-0.1876999999999998,[O-][n+]1cccc(CO)c1,MEPIROXOL,0.99911,0.91552,0.957315,
94132921,Cc1cccc(C)c1NC(=O)C1CCCCN1C.Cl,RETIMRUQNCDCQB-UHFFFAOYSA-N,282.14989103600004,3.148040000000002,Cc1cccc(C)c1NC(=O)C1CCCCN1C.Cl,MEPIVACAINE HYDROCHLORIDE,1.0739,0.99912,1.03651,
20000404,CCCNC(C)(C)COC(=O)c1ccccc1.Cl,LKHWKAGQNOMUFQ-UHFFFAOYSA-N,271.133906624,3.0434000000000023,CCCNC(C)(C)COC(=O)c1ccccc1.Cl,MEPRYLCAINE HYDROCHLORIDE,1.0127,1.145,1.07885,
64347191,COc1ccc(O)cc1,NWVVVBRKAWDGAB-UHFFFAOYSA-N,124.052429496,1.4008,COc1ccc(O)cc1,MEQUINOL,1.2664,1.1193,1.19285,
10270804,O=C([O-])c1ccccc1-c1c2cc(Br)c(=O)cc-2oc2c([Hg]O)c([O-])c(Br)cc12.[Na+].[Na+],SQFDQLBYJKFDDO-UHFFFAOYSA-K,749.8189437360002,-3.8499999999999996,O=C([O-])c1ccccc1-c1c2cc(Br)c(=O)cc-2oc2c([Hg]O)c([O-])c(Br)cc12.[Na+].[Na+],MERBROMIN,0.53562,0.46415,0.499885,
43738261,S=c1[nH]cnc2nc[nH]c12,GLVAUDGFNGKCSF-UHFFFAOYSA-N,152.015667128,1.0154899999999998,S=c1[nH]cnc2nc[nH]c12,MERCAPTOPURINE,0.92033,1.2081,1.064215,
15393670,CC1=C2C(O)C(=O)OC3CC4C(C)(C)C(=O)C=C[C@]4(C)C(CC1)[C@]23C,XQOSNJUURCKQGN-AXSGJTORSA-N,344.198759376,3.1968000000000023,CC1=C2C(O)C(=O)OC3CC4C(C)(C)C(=O)C=C[C@]4(C)C(CC1)[C@]23C,MEROGEDUNIN,0.92808,0.90514,0.91661,
12579835,C[C@@H](O)[C@H]1C(=O)N2C(C(=O)O)=C(SC3CN[C@H](C(=O)N(C)C)C3)[C@H](C)[C@H]12,DMJNNHOOLUXYBV-JSEGGCCYSA-N,383.15149190000005,-0.3079999999999994,C[C@@H](O)[C@H]1C(=O)N2C(C(=O)O)=C(SC3CN[C@H](C(=O)N(C)C)C3)[C@H](C)[C@H]12,MEROPENEM,0.16911,0.17265,0.17088,
68659112,Nc1ccc(O)c(C(=O)O)c1,KBOPZPXVLCULAV-UHFFFAOYSA-N,153.042593084,0.6726000000000001,Nc1ccc(O)c(C(=O)O)c1,MESALAMINE,0.90173,0.96987,0.9358,
11151907,O=S(=O)([O-])CCS.[Na+],XOGTZOOQQBDUSI-UHFFFAOYSA-M,163.9577803,-3.534599999999999,O=S(=O)([O-])CCS.[Na+],MESNA,1.1763,0.98846,1.08238,
66174623,CS(=O)(=O)c1ccc(C(=O)C2C(=O)CCCC2=O)c([N+](=O)[O-])c1,KPUREKXXPHOJQT-UHFFFAOYSA-N,339.041272756,1.1193000000000002,CS(=O)(=O)c1ccc(C(=O)C2C(=O)CCCC2=O)c([N+](=O)[O-])c1,MESOTRIONE,1.0147,0.96908,0.99189,
11656889,C#C[C@]1(O)CCC2C3CCc4cc(OC)ccc4C3CC[C@@]21C,IMSSROKUHAOUJS-VYJKVFMHSA-N,310.193280072,3.915600000000003,C#C[C@]1(O)CCC2C3CCc4cc(OC)ccc4C3CC[C@@]21C,MESTRANOL,1.141,1.2825,1.21175,
26112965,CC(=O)Oc1cccc(C)c1,OTGAHJPFNKQGAE-UHFFFAOYSA-N,150.06807956,1.92032,CC(=O)Oc1cccc(C)c1,meta-CRESYL ACETATE,1.067,1.0067,1.03685,
34096931,CC(=O)Nc1cccc(O)c1,QLNWXBAGRTUKKI-UHFFFAOYSA-N,151.063328528,1.3505999999999998,CC(=O)Nc1cccc(O)c1,METACETAMOL,0.87876,0.85799,0.868375,
68023476,Cc1cccc(O)c1,RLSSMJSEOOYNOY-UHFFFAOYSA-N,108.057514876,1.7006199999999998,Cc1cccc(O)c1,METACRESOL,0.83446,0.83176,0.83311,
10379936,COc1cc2c(cc1OC)C(=O)OC2,UKFAWRZYFYOXEG-UHFFFAOYSA-N,194.0579088,1.3741999999999999,COc1cc2c(cc1OC)C(=O)OC2,METAMECONINE,0.90801,0.97156,0.939785,
52933413,CC(C)NCC(O)c1cc(O)cc(O)c1,LMOINURANNBYCM-UHFFFAOYSA-N,211.120843404,1.1291999999999998,CC(C)NCC(O)c1cc(O)cc(O)c1,METAPROTERENOL,0.75816,1.2235,0.99083,
89297886,C[C@H](N)[C@H](O)c1cccc(O)c1.O=C(O)[C@H](O)[C@@H](O)C(=O)O,VENXSELNXQXCNT-IJYXXVHRSA-N,317.111066568,-1.3497999999999999,C[C@H](N)[C@H](O)c1cccc(O)c1.O=C(O)[C@H](O)[C@@H](O)C(=O)O,METARAMINOL BITARTRATE,1.0479,0.96983,1.008865,
11522885,Cc1cc(C)cc(OCC2CNC(=O)O2)c1,IMWZZHHPURKASS-UHFFFAOYSA-N,221.10519334,1.7906399999999998,Cc1cc(C)cc(OCC2CNC(=O)O2)c1,METAXALONE,0.9477,1.0281,0.9879,
13372842,CN1CC(CNC(=O)OCc2ccccc2)C[C@H]2c3cccc4c3c(cn4C)CC21,WZHJKEUHNJHDLS-STDCAVTESA-N,403.22597716800004,4.064700000000003,CN1CC(CNC(=O)OCc2ccccc2)C[C@H]2c3cccc4c3c(cn4C)CC21,METERGOLINE,0.90547,1.0508,0.978135,
24715199,CN(C)C(=N)NC(=N)N.Cl,OETHQSJEHLVLGH-UHFFFAOYSA-N,165.07812306399998,-0.6123600000000003,CN(C)C(=N)NC(=N)N.Cl,METFORMIN HYDROCHLORIDE,0.94913,1.1649,1.057015,
42357486,CC(=O)OC(C)C[N+](C)(C)C.[Cl-],JHPHVAVFUYTVCL-UHFFFAOYSA-M,195.102606496,-2.3517999999999963,CC(=O)OC(C)C[N+](C)(C)C.[Cl-],METHACHOLINE CHLORIDE,1.102,1.3188,1.2104,
63461853,C=C1c2cccc(O)c2C(=O)C2=C(O)[C@]3(O)C(=O)C(C(N)=O)=C(O)[C@@H](N(C)C)[C@@H]3[C@@H](O)[C@H]12.Cl,VZQARNDJLLWXGL-CCHMMTNSSA-N,478.11429337600003,-0.016099999999999226,C=C1c2cccc(O)c2C(=O)C2=C(O)[C@]3(O)C(=O)C(C(N)=O)=C(O)[C@@H](N(C)C)[C@@H]3[C@@H](O)[C@H]12.Cl,METHACYCLINE HYDROCHLORIDE,0.16693,0.17793,0.17243,
45771245,CN(C)CCN(Cc1cccs1)c1ccccn1.Cl,BONORRGKLJBGRV-UHFFFAOYSA-N,297.10664632,3.133100000000002,CN(C)CCN(Cc1cccs1)c1ccccn1.Cl,METHAPYRILENE HYDROCHLORIDE,1.1439,0.93017,1.037035,
10187710,C1N2CN3CN1CN(C2)C3,VKYKSIONXSXAKP-UHFFFAOYSA-N,140.106196384,-1.0197999999999992,C1N2CN3CN1CN(C2)C3,METHENAMINE,0.85499,1.0842,0.969595,
92312435,COc1cccc(OC)c1C(=O)N[C@@H]1C(=O)N2[C@@H]1SC(C)(C)[C@@H]2C(=O)[O-].[Na+],MGFZNWDWOKASQZ-UMLIZJHQSA-M,402.086151608,-3.381599999999996,COc1cccc(OC)c1C(=O)N[C@@H]1C(=O)N2[C@@H](C(=O)[O-])C(C)(C)S[C@H]12.[Na+],METHICILLIN SODIUM,1.0846,1.1696,1.1271,
81226581,Cn1cc[nH]c1=S,PMRYVIKBURPHAH-UHFFFAOYSA-N,114.02516919199999,1.08269,Cn1cc[nH]c1=S,METHIMAZOLE,0.81941,1.013,0.916205,
50708337,CSCC[C@H](N)C(=O)O,FFEARJCKVFRZRR-BYPYZUCNSA-N,149.051049592,0.1513999999999998,CSCC[C@H](N)C(=O)O,METHIONINE (L),0.87317,0.85255,0.86286,
10178579,COc1ccccc1OCC(O)COC(N)=O,GNXFOGHNGIVQEH-UHFFFAOYSA-N,241.09502258,0.5302000000000002,COc1ccccc1OCC(O)COC(N)=O,METHOCARBAMOL,0.90083,1.0574,0.979115,
73847016,COC(C)(C)CCC[C@H](C)C/C=C/C(C)=C/C(=O)OC(C)C,NFGXHKASABOEEW-MRXNPFEDSA-N,310.25079494799996,5.062000000000006,COC(C)(C)CCC[C@H](C)C/C=C/C(C)=C/C(=O)OC(C)C,METHOPRENE (S),1.0751,1.0736,1.07435,
62063949,CN(Cc1cnc2nc(N)nc(N)c2n1)c1ccc(C(=O)NC(CCC(=O)O)C(=O)O)cc1.O,FPJYMUQSRFJSEW-UHFFFAOYSA-N,472.1818804879999,-0.5562999999999987,CN(Cc1cnc2nc(N)nc(N)c2n1)c1ccc(C(=O)NC(CCC(=O)O)C(=O)O)cc1.O,METHOTREXATE HYDRATE,0.98021,1.1498,1.065005,
33494389,COc1ccc(OC)c(C(O)C(C)N)c1.Cl,YGRFXPCHZBRUKP-UHFFFAOYSA-N,247.097521116,1.5062,COc1ccc(OC)c(C(O)C(C)N)c1.Cl,METHOXAMINE HYDROCHLORIDE,1.1496,1.4292,1.2894,
97549743,COc1c2occc2cc2ccc(=O)oc12,QXKHYNVANLEOEG-UHFFFAOYSA-N,216.042258736,2.5478000000000005,COc1c2occc2cc2ccc(=O)oc12,METHOXSALEN,0.96163,0.89892,0.930275,
84838690,COc1cc(C)c2c(=O)c(-c3ccccc3)coc2c1,WGOUYULOZZRTFS-UHFFFAOYSA-N,266.09429430800003,3.777020000000003,COc1cc(C)c2c(=O)c(-c3ccccc3)coc2c1,METHOXYVONE,0.99636,1.1503,1.07333,
71693670,C[N+]1(C)C2CC(OC(=O)[C@@H](CO)c3ccccc3)CC1C1OC12.[Br-],CXYRUNPLKGGUJF-DDCDRLIVSA-M,397.08887034799994,-1.9332999999999958,C[N+]1(C)C2CC(OC(=O)[C@@H](CO)c3ccccc3)CC1C1OC12.[Br-],METHSCOPOLAMINE BROMIDE,1.1363,1.2625,1.1994,
63118944,CN1C(=O)CC(C)(c2ccccc2)C1=O,AJXPJJZHWIXJCJ-UHFFFAOYSA-N,203.094628656,1.333,CN1C(=O)CC(C)(c2ccccc2)C1=O,METHSUXIMIDE,0.87095,1.0528,0.961875,
48581852,CN1C(CCl)Nc2cc(Cl)c(S(N)(=O)=O)cc2S1(=O)=O,CESYKOGBSMNBPD-UHFFFAOYSA-N,358.956803192,0.5983000000000003,CN1C(CCl)Nc2cc(Cl)c(S(N)(=O)=O)cc2S1(=O)=O,METHYCLOTHIAZIDE,0.88779,1.0405,0.964145,
13661254,C=C1[C@H]2CC[C@@]3(C)[C@H](c4ccoc4)OC(=O)C[C@]13O[C@H]1C[C@H](O)C(C)(C)[C@H](CC(=O)OC)[C@]12C,QFRUZVNPYYYLAN-JQFPPNBKSA-N,472.2461034919999,4.354100000000003,C=C1[C@H]2CC[C@@]3(C)[C@H](c4ccoc4)OC(=O)C[C@]13O[C@H]1C[C@H](O)C(C)(C)[C@H](CC(=O)OC)[C@]12C,METHYL 3-DEOXY-3beta-HYDROXYANGOLENSATE,1.106,0.96032,1.03316,
95036534,C=C1C2CC[C@@]3(C)[C@H](c4ccoc4)OC(=O)C[C@]13O[C@H]1CC(=O)C(C)(C)[C@H](C(O)C(=O)OC)[C@@]21C,GOYZKWCPWBKPIG-RNKBQGBYSA-N,486.2253680479999,3.533100000000002,C=C1C2CC[C@@]3(C)[C@H](c4ccoc4)OC(=O)C[C@]13O[C@H]1CC(=O)C(C)(C)[C@H](C(O)C(=O)OC)[C@@]21C,METHYL 6-HYDROXYANGOLENSATE,1.0682,1.1913,1.12975,
11555072,COC(=O)CCC(C)[C@H]1CCC2C3C(C[C@H](O)[C@@]21C)[C@@]1(C)CC[C@@H](O)C[C@H]1C[C@H]3O,DLYVTEULDNMQAR-WRELVWFXSA-N,422.3032244439999,3.537100000000003,COC(=O)CCC(C)[C@H]1CCC2C3C(C[C@H](O)[C@@]21C)[C@@]1(C)CC[C@@H](O)C[C@H]1C[C@H]3O,METHYL CHOLATE,0.91113,0.83966,0.875395,
14039487,COC(=O)CCC(C)C1CCC2C3CC[C@@H]4C[C@H](O)CC[C@]4(C)C3C[C@H](O)[C@]12C,ZHUOOEGSSFNTNP-HWAYZWBCSA-N,406.30830982399993,4.566300000000005,COC(=O)CCC(C)C1CCC2C3CC[C@@H]4C[C@H](O)CC[C@]4(C)C3C[C@H](O)[C@]12C,METHYL DEOXYCHOLATE,0.91428,0.92327,0.918775,
12597837,COC(=O)c1cc(OC)c(OC)c(OC)c1,KACHFMOHOPLTNX-UHFFFAOYSA-N,226.084123548,1.4989999999999999,COC(=O)c1cc(OC)c(OC)c(OC)c1,METHYL EUDESMATE,0.8861,1.0014,0.94375,
52966225,COC(=O)c1c(C)cc(O)cc1O,NCCWCZLEACWJIN-UHFFFAOYSA-N,182.0579088,1.1928199999999995,COC(=O)c1c(C)cc(O)cc1O,METHYL ORSELLINATE,0.90842,0.91016,0.90929,
11753932,COC(=O)c1ccc(O)cc1,LXCFILQKKLGQFO-UHFFFAOYSA-N,152.047344116,1.1788,COC(=O)c1ccc(O)cc1,METHYL PARABEN,1.0749,1.2215,1.1482,
24794109,COP(=S)(OC)Oc1ccc([N+](=O)[O-])cc1,RLBIQVVOMOPOHC-UHFFFAOYSA-N,263.00173005,2.4909,COP(=S)(OC)Oc1ccc([N+](=O)[O-])cc1,METHYL PARATHIONE,1.1004,0.94884,1.02462,
26604157,COC(=O)/C=C/c1cc(OC)c(OC)c(OC)c1,KLXHCGFNNUQTEY-UHFFFAOYSA-N,252.099773612,1.8985999999999998,COC(=O)/C=C/c1cc(OC)c(OC)c(OC)c1,METHYL TRIMETHOXYCINNAMATE,0.97578,1.039,1.00739,
10196103,COC(=O)CCc1ccc(OC)cc1O,QPFCWJXXUBGYFW-UHFFFAOYSA-N,210.089208928,1.5063999999999997,COC(=O)CCc1ccc(OC)cc1O,METHYL-2-HYDROXY-PHENYLPROPRIONATE,1.0482,1.0184,1.0333,
49110446,C[N+]1(C)C2CCC1CC(OC(=O)C(CO)c1ccccc1)C2.O=[N+]([O-])[O-],NEDVJZNVOSNSHF-UHFFFAOYSA-N,366.17908655199994,1.8363999999999998,C[N+]1(C)C2CCC1CC(OC(=O)C(CO)c1ccccc1)C2.O=[N+]([O-])[O-],METHYLATROPINE NITRATE,1.0149,0.98482,0.99986,
91316465,Cc1cc(C(C)(C)CC(C)(C)C)ccc1OCCOCC[N+](C)(C)Cc1ccccc1.[Cl-],QWZLBLDNRUUYQI-UHFFFAOYSA-M,461.306057328,3.384820000000002,Cc1cc(C(C)(C)CC(C)(C)C)ccc1OCCOCC[N+](C)(C)Cc1ccccc1.[Cl-],METHYLBENZETHONIUM CHLORIDE,0.14411,0.16011,0.15211,
12618018,CN(C)c1ccc2nc3ccc(N(C)C)cc3[s+]c2c1.O.[Cl-],WQVSELLRAGBDLX-UHFFFAOYSA-M,337.10156093999996,0.041899999999999715,CN(C)c1ccc2nc3ccc(N(C)C)cc3[s+]c2c1.O.[Cl-],METHYLENE BLUE,1.0668,1.2839,1.17535,
51514432,COC(=O)C(c1ccccc1)C1CCCCN1.Cl,JUMYIBMBTDDLNG-UHFFFAOYSA-N,269.11825656,2.5071000000000008,COC(=O)C(c1ccccc1)C1CCCCN1.Cl,METHYLPHENIDATE HYDROCHLORIDE,1.2355,1.3439,1.2897,
48885242,C[C@H]1CC2C([C@@H](O)C[C@@]3(C)C2CC[C@]3(O)C(=O)CO)[C@@]2(C)C=CC(=O)C=C12,VHRSUDSXCMQTMA-IETLARDKSA-N,374.20932406,1.8036,C[C@H]1CC2C3CC[C@](O)(C(=O)CO)[C@@]3(C)C[C@H](O)C2[C@@]2(C)C=CC(=O)C=C12,METHYLPREDNISOLONE,1.0371,0.96765,1.002375,
10586534,C[C@H]1CC2C([C@@H](O)C[C@@]3(C)C2CC[C@]3(O)C(=O)COC(=O)CCC(=O)[O-])[C@@]2(C)C=CC(=O)C=C12.[Na+],FQISKWAFAHGMGT-MQZBRENASA-M,496.207312296,-2.1113999999999935,C[C@H]1CC2C3CC[C@](O)(C(=O)COC(=O)CCC(=O)[O-])[C@@]3(C)C[C@H](O)C2[C@@]2(C)C=CC(=O)C=C12.[Na+],METHYLPREDNISOLONE SODIUM SUCCINATE,1.0475,0.86885,0.958175,
18367436,COc1cc(OC)c(C(C)=O)c(O)c1C,AAOFJKLTRKOQTQ-UHFFFAOYSA-N,210.089208928,1.9204199999999998,COc1cc(OC)c(C(C)=O)c(O)c1C,METHYLXANTHOXYLIN,1.2553,1.2191,1.2372,
66818330,CC[C@@H](CO)NC(=O)[C@@H]1C=C2c3cccc4c3c(cn4C)C[C@H]2N(C)C1.O=C(O)/C=C\C(=O)O,LWYXFDXUMVEZKS-MZAYEULESA-N,469.22128571199994,1.6468999999999996,CC[C@@H](CO)NC(=O)[C@@H]1C=C2c3cccc4c3c(cn4C)C[C@H]2N(C)C1.O=C(O)/C=C\C(=O)O,METHYSERGIDE MALEATE,1.2284,1.2313,1.22985,
17149417,Cc1cc2c(cc1S(N)(=O)=O)S(=O)(=O)CCC2,FNQQBFNIYODEMB-UHFFFAOYSA-N,275.02859989600006,0.36232000000000025,Cc1cc2c(cc1S(N)(=O)=O)S(=O)(=O)CCC2,METICRANE,0.97615,1.1044,1.040275,
48994249,CS(=O)(=O)O.CSc1ccc2c(c1)C(N1CCN(C)CC1)Cc1ccccc1S2,CZMDZGZYKOGLJY-UHFFFAOYSA-N,452.126205756,3.908300000000003,CS(=O)(=O)O.CSc1ccc2c(c1)C(N1CCN(C)CC1)Cc1ccccc1S2,METITEPINE MESYLATE,0.12509,0.15189,0.13849,
27077246,CCN(CC)CCNC(=O)c1cc(Cl)c(N)cc1OC.Cl,RVFUNJWWXKCWNS-UHFFFAOYSA-N,335.116732336,2.4242000000000004,CCN(CC)CCNC(=O)c1cc(Cl)c(N)cc1OC.Cl,METOCLOPRAMIDE HYDROCHLORIDE,0.98772,0.9532,0.97046,
94322130,Cc1ccccc1N1C(=O)c2cc(S(N)(=O)=O)c(Cl)cc2NC1C,AQCHWTWZEMGIFD-UHFFFAOYSA-N,365.060090052,2.714120000000001,Cc1ccccc1N1C(=O)c2cc(S(N)(=O)=O)c(Cl)cc2NC1C,METOLAZONE,0.89844,1.353,1.12572,
27334680,COCCc1ccc(OCC(O)CNC(C)C)cc1.O=C(O)C(O)C(O)C(=O)O,WPTKISQJQVFSQI-UHFFFAOYSA-N,417.19988157199987,-0.5093999999999974,COCCc1ccc(OCC(O)CNC(C)C)cc1.O=C(O)C(O)C(O)C(=O)O,METOPROLOL TARTRATE,1.0636,1.0375,1.05055,
37511532,CC(C)(C(=O)c1cccnc1)c1cccnc1,FJLBFSROUSIWMA-UHFFFAOYSA-N,226.110613068,2.637100000000001,CC(C)(C(=O)c1cccnc1)c1cccnc1,METYRAPONE,0.86468,0.9808,0.92274,
45607535,CC1(O)CCOC(=O)C1,JYVXNLLUYHCIIH-UHFFFAOYSA-N,130.06299418,0.07440000000000002,CC1(O)CCOC(=O)C1,MEVALONIC ACID LACTONE,1.106,1.2456,1.1758,
74438143,CC[C@H](C)C(=O)O[C@H]1CCC=C2C=C[C@H](C)C(CCC3C[C@@H](O)CC(=O)O3)[C@H]21,AJLFOPYRIVGYMJ-JGKZIMKKSA-N,390.2406241879999,3.949500000000003,CC[C@H](C)C(=O)O[C@H]1CCC=C2C=C[C@H](C)C(CCC3C[C@@H](O)CC(=O)O3)[C@H]21,MEVASTATIN,1.008,1.0312,1.0196,
44941632,COc1ccc(C(=O)c2ccc(C)cc2)c(O)c1,MJVGBKJNTFCUJM-UHFFFAOYSA-N,242.094294308,2.940220000000001,COc1ccc(C(=O)c2ccc(C)cc2)c(O)c1,MEXENEONE,1.117,1.0489,1.08295,
75427988,COC(=O)C[C@H]1C(C)(C)C(=O)[C@@H]2CC3=C4CC(=O)O[C@@H](c5ccoc5)[C@]4(C)CCC3[C@@]1(C)C2=O,DNFJSIPZGYBGON-UOJRNWJQSA-N,468.214803364,4.364000000000004,COC(=O)C[C@H]1C(C)(C)C(=O)[C@@H]2CC3=C4CC(=O)O[C@@H](c5ccoc5)[C@]4(C)CCC3[C@@]1(C)C2=O,MEXICANOLIDE,1.1421,1.1672,1.15465,
46275263,Cc1cccc(C)c1OCC(C)N.Cl,NFEIBWMZVIVJLQ-UHFFFAOYSA-N,215.107691876,2.45124,Cc1cccc(C)c1OCC(C)N.Cl,MEXILETINE HYDROCHLORIDE,1.0827,1.1233,1.103,
10255427,CN1CCN2c3ccccc3Cc3ccccc3C2C1.Cl,YNPFMWCWRVTGKJ-UHFFFAOYSA-N,300.139326352,3.505700000000003,CN1CCN2c3ccccc3Cc3ccccc3C2C1.Cl,MIANSERIN HYDROCHLORIDE,0.98876,1.1526,1.07068,
53253223,Clc1ccc(COC(Cn2ccnc2)c2ccc(Cl)cc2Cl)c(Cl)c1.O=[N+]([O-])O,MCCACAIVAXEFAL-UHFFFAOYSA-N,476.98166667999993,6.107100000000003,Clc1ccc(COC(Cn2ccnc2)c2ccc(Cl)cc2Cl)c(Cl)c1.O=[N+]([O-])O,MICONAZOLE NITRATE,1.0848,1.1707,1.12775,
10176447,COc1ccc(OC)c(C(O)CNC(=O)CN)c1.Cl,MGCQZNBCJBRZDT-UHFFFAOYSA-N,290.103334768,0.23390000000000027,COc1ccc(OC)c(C(O)CNC(=O)CN)c1.Cl,MIDODRINE HYDROCHLORIDE,1.1486,0.85122,0.99991,
10584731,CC#C[C@]1(O)CCC2C3CCC4=CC(=O)CCC4=C3[C@@H](c3ccc(N(C)C)cc3)C[C@@]21C,VKHAHZOOUSRJNA-YYTJNDDGSA-N,429.26677936000004,5.406500000000006,CC#C[C@]1(O)CCC2C3CCC4=CC(=O)CCC4=C3[C@@H](c3ccc(N(C)C)cc3)C[C@@]21C,MIFEPRISTONE,0.91413,0.93549,0.92481,
59175883,OCCN1C[C@@H](O)[C@@H](O)C(O)C1CO,IBAQFPQHRJAVAV-WMEPKMGJSA-N,207.110672644,-3.262099999999999,OCCN1C[C@@H](O)[C@@H](O)C(O)C1CO,MIGLITOL,0.90876,0.9788,0.94378,
85796367,CCN(CC)C(=O)C1(c2ccccc2)CC1CN.Cl,XNCDYJFPRPDERF-UHFFFAOYSA-N,282.14989103600004,2.1931999999999996,CCN(CC)C(=O)C1(c2ccccc2)CC1CN.Cl,MILNACIPRAN HYDROCHLORIDE,0.88089,1.0579,0.969395,
43882464,Cc1[nH]c(=O)c(C#N)cc1-c1ccncc1,PZRHRDRVRGEVNW-UHFFFAOYSA-N,211.074561908,1.617,Cc1[nH]c(=O)c(C#N)cc1-c1ccncc1,MILRINONE,0.99573,1.1072,1.051465,
11369741,CCCCCCCCCCCCCCCCOP(=O)([O-])OCC[N+](C)(C)C,PQLXHQMOHUQAKB-UHFFFAOYSA-N,407.316445582,5.675500000000006,CCCCCCCCCCCCCCCCOP(=O)([O-])OCC[N+](C)(C)C,MILTEFOSINE [5mM],0.8706,0.91147,0.891035,
54399509,NC(Cn1ccc(=O)c(O)c1)C(=O)O,WZNJWVWKTVETCG-UHFFFAOYSA-N,198.0640568,-1.0342000000000002,NC(Cn1ccc(=O)c(O)c1)C(=O)O,MIMOSINE,1.1137,1.2862,1.19995,
80945726,Cc1cc(-c2ccccc2)nnc1NCCN1CCOCC1.Cl.Cl,GNUCGROXDZMCJI-UHFFFAOYSA-N,370.132716748,3.0397200000000018,Cc1cc(-c2ccccc2)nnc1NCCN1CCOCC1.Cl.Cl,MINAPRINE HYDROCHLORIDE,1.0857,1.217,1.15135,
55556699,CN(C)c1ccc(O)c2c1C[C@H]1C[C@H]3[C@H](N(C)C)C(O)=C(C(N)=O)C(=O)[C@@]3(O)C(O)=C1C2=O.Cl,GLMUAFMGXXHGLU-VQAITOIOSA-N,493.1615779159999,0.6084,CN(C)c1ccc(O)c2c1C[C@H]1C[C@H]3[C@H](N(C)C)C(O)=C(C(N)=O)C(=O)[C@@]3(O)C(O)=C1C2=O.Cl,MINOCYCLINE HYDROCHLORIDE,0.19831,0.21672,0.207515,
56183473,Nc1cc(N2CCCCC2)nc(N)[n+]1[O-],ZFMITUMMTDLWHR-UHFFFAOYSA-N,209.12766009999999,-0.13029999999999975,Nc1cc(N2CCCCC2)nc(N)[n+]1[O-],MINOXIDIL,0.94743,1.1913,1.069365,
16505926,CN1CCN2c3ncccc3Cc3ccccc3C2C1,RONZAEMNMFQXRA-UHFFFAOYSA-N,265.157897608,2.4789000000000003,CN1CCN2c3ncccc3Cc3ccccc3C2C1,MIRTAZAPINE,0.84624,0.94268,0.89446,
63232857,CO[C@@]12[C@@H]3NC3CN1C1=C(C(=O)C(N)=C(C)C1=O)[C@@H]2COC(N)=O,NWIBSHFKIJFRCO-CPKMXBGFSA-N,334.127719676,-1.6511999999999971,CO[C@]12[C@@H](COC(N)=O)C3=C(C(=O)C(C)=C(N)C3=O)N1CC1N[C@H]12,MITOMYCIN,0.15576,0.18583,0.170795,
68663062,Clc1ccc(C(c2ccccc2Cl)C(Cl)Cl)cc1,JWBOIMRXGHLCPP-UHFFFAOYSA-N,317.95366104,5.929000000000002,Clc1ccc(C(c2ccccc2Cl)C(Cl)Cl)cc1,MITOTANE,0.83087,0.8874,0.859135,
59994145,Cl.Cl.O=C1c2c(O)ccc(O)c2C(=O)c2c(NCCNCCO)ccc(NCCNCCO)c21,ZAHQPTJLOCWVPG-UHFFFAOYSA-N,516.1542400400001,0.7043999999999995,Cl.Cl.O=C1c2c(O)ccc(O)c2C(=O)c2c(NCCNCCO)ccc(NCCNCCO)c21,MITOXANTRONE HYDROCHLORIDE,1.9155,1.9973,1.9564,
69692516,COC(=O)C1=CO[C@@H](C)C2CN3CC[C@]4(C(=O)Nc5ccccc54)C3C[C@H]12,JMIAZDVHNCCPDM-HQBJOTRLSA-N,368.173607248,2.062499999999999,COC(=O)C1=CO[C@@H](C)C2CN3CC[C@]4(C(=O)Nc5ccccc54)C3C[C@H]12,MITRAPHYLLINE,0.95553,1.0404,0.997965,
10661495,NC(=O)c1ncn([C@@H]2O[C@H](CO)[C@@H](O)[C@H]2O)c1O,HZQDCMWJEBCWBR-UUOKFMHZSA-N,259.080435136,-2.7009,NC(=O)c1ncn([C@@H]2O[C@H](CO)[C@@H](O)[C@H]2O)c1O,MIZORIBINE,0.92189,0.93103,0.92646,
68993721,NC(=O)CS(=O)C(c1ccccc1)c1ccccc1,YFGHCGITMMYXAQ-UHFFFAOYSA-N,273.08234972,2.01,NC(=O)CS(=O)C(c1ccccc1)c1ccccc1,MODAFINIL,1.1849,1.0547,1.1198,
63117977,Cc1nccnc1N1CCCCC1.O=S(=O)(O)O,GJXZNORUUOVBKP-UHFFFAOYSA-N,275.093977024,1.12252,Cc1nccnc1N1CCCCC1.O=S(=O)(O)O,MODALINE SULFATE,1.03,0.97657,1.003285,
10912381,CCOC(=O)[C@H](CCc1ccccc1)N[C@@H](C)C(=O)N1Cc2cc(OC)c(OC)cc2C[C@H]1C(=O)O.Cl,JXRAXHBVZQZSIC-JKVLGAQCSA-N,534.2132791399999,3.0061000000000013,CCOC(=O)[C@H](CCc1ccccc1)N[C@@H](C)C(=O)N1Cc2cc(OC)c(OC)cc2C[C@H]1C(=O)O.Cl,MOEXIPRIL HYDROCHLORIDE,1.1281,0.98006,1.05408,
99580402,CCOC(=O)CC(=O)N1CCSC1COc1ccccc1OC,WSYVIAQNTFPTBI-UHFFFAOYSA-N,339.114043772,1.9287,CCOC(=O)CC(=O)N1CCSC1COc1ccccc1OC,MOGUISTEINE,1.1681,1.33,1.24905,
40819395,CCc1c(C)[nH]c2c1C(=O)C(CN1CCOCC1)CC2.Cl,GQWNECFJGBQMBO-UHFFFAOYSA-N,312.16045572,2.3846200000000013,CCc1c(C)[nH]c2c1C(=O)C(CN1CCOCC1)CC2.Cl,MOLINDONE HYDROCHLORIDE,0.94619,0.92369,0.93494,
75376110,CCOC(=O)[N-]c1c[n+](N2CCOCC2)no1,XLFWDASMENKTKL-UHFFFAOYSA-N,242.101504928,0.09200000000000008,CCOC(=O)[N-]c1c[n+](N2CCOCC2)no1,MOLSIDOMINE,0.90914,0.88068,0.89491,
24733971,C[C@@H]1CC2C3CCC4=CC(=O)C=C[C@]4(C)[C@@]3(Cl)[C@@H](O)C[C@]2(C)[C@@]1(OC(=O)c1ccco1)C(=O)CCl,WOFMFGQZHJDGCX-NKEDMXMMSA-N,520.1419440399999,4.869200000000005,C[C@@H]1CC2C3CCC4=CC(=O)C=C[C@]4(C)[C@@]3(Cl)[C@@H](O)C[C@]2(C)[C@@]1(OC(=O)c1ccco1)C(=O)CCl,MOMETASONE FUROATE,1.1521,1.174,1.16305,
18544867,CC[C@@]1(C2O[C@@H](C3O[C@@](O)(CO)[C@H](C)C[C@@H]3C)C[C@@H]2C)CC[C@H]([C@]2(C)CCC3(C[C@H](O)[C@@H](C)[C@@H]([C@H](C)[C@@H](OC)[C@H](C)C(=O)[O-])O3)O2)O1.[Na+],XOIQMTLWECTKJL-UMXQUJEHSA-M,692.4111570520001,-0.057799999999991414,CC[C@@]1(C2O[C@@H](C3O[C@@](O)(CO)[C@H](C)C[C@@H]3C)C[C@@H]2C)CC[C@H]([C@]2(C)CCC3(C[C@H](O)[C@@H](C)[C@@H]([C@H](C)[C@@H](OC)[C@H](C)C(=O)[O-])O3)O2)O1.[Na+],MONENSIN SODIUM,1.0248,1.0053,1.01505,
11273098,Oc1ccc(OCc2ccccc2)cc1,VYQNWZOUAUKGHI-UHFFFAOYSA-N,200.083729624,2.9712000000000014,Oc1ccc(OCc2ccccc2)cc1,MONOBENZONE,1.0306,1.1277,1.07915,
19893674,CC(C)(O)c1ccccc1CC[C@@H](SCC1(CC(=O)[O-])CC1)c1cccc(/C=C/c2ccc3ccc(Cl)cc3n2)c1.[Na+],LBFBRXGCXUHRJY-RYWNGCACSA-M,607.19238694,4.617300000000005,CC(C)(O)c1ccccc1CC[C@@H](SCC1(CC(=O)[O-])CC1)c1cccc(/C=C/c2ccc3ccc(Cl)cc3n2)c1.[Na+],MONTELUKAST SODIUM,1.6151,1.0608,1.33795,
96591575,Cc1ccsc1/C=C/C1=NCCCN1C.O=C(O)CC(O)(CC(=O)O)C(=O)O,OLOCXIJVDIVAHH-UHFFFAOYSA-N,412.1304221079999,1.5552199999999998,Cc1ccsc1/C=C/C1=NCCCN1C.O=C(O)CC(O)(CC(=O)O)C(=O)O,MORANTEL CITRATE,0.89131,0.96578,0.928545,
68111343,O=c1c(O)c(-c2ccc(O)cc2O)oc2cc(O)cc(O)c12,YXOLAZRVSSWPPT-UHFFFAOYSA-N,302.04265266,1.987999999999999,O=c1c(O)c(-c2ccc(O)cc2O)oc2cc(O)cc(O)c12,MORIN,0.91573,1.0686,0.992165,
34214709,Cl.N=C(N)NC(=N)N1CCOCC1,FXYZDFSNBBOHTA-UHFFFAOYSA-N,207.08868774799998,-0.8417600000000003,Cl.N=C(N)NC(=N)N1CCOCC1,MOROXYDINE HYDROCHLORIDE,1.2013,1.0578,1.12955,
66096823,CO[C@@]1(NC(=O)C(C(=O)[O-])c2ccc(O)cc2)C(=O)N2C(C(=O)[O-])=C(CSc3nnnn3C)CO[C@@H]21.[Na+].[Na+],GRIXGZQULWMCLU-HUTAOCTPSA-L,564.0651357160002,-9.78910000000001,CO[C@@]1(NC(=O)C(C(=O)[O-])c2ccc(O)cc2)C(=O)N2C(C(=O)[O-])=C(CSc3nnnn3C)CO[C@@H]21.[Na+].[Na+],MOXALACTAM DISODIUM,1.1154,1.1137,1.11455,
10398591,CO/N=C1/C[C@]2(C[C@@H]3C[C@@H](C/C=C(\C)C[C@@H](C)/C=C/C=C4\CO[C@@H]5[C@H](O)C(C)=C[C@@H](C(=O)O3)[C@]45O)O2)O[C@H](/C(C)=C/C(C)C)[C@H]1C,YZBLFMPOMVTDJY-FUSIELABSA-N,639.3771176559998,5.7289000000000065,CO/N=C1/C[C@]2(C[C@@H]3C[C@@H](C/C=C(\C)C[C@@H](C)/C=C/C=C4\CO[C@@H]5[C@H](O)C(C)=C[C@@H](C(=O)O3)[C@]45O)O2)O[C@H](/C(C)=C/C(C)C)[C@H]1C,MOXIDECTIN,0.93646,1.0908,1.01363,
75665919,COc1c(N2C[C@@H]3CCCN[C@@H]3C2)c(F)cc2c(=O)c(C(=O)O)cn(C3CC3)c12.Cl,IDIIJJHBXUESQI-DFIJPDEKSA-N,437.15176218,2.7923000000000004,COc1c(N2C[C@@H]3CCCN[C@@H]3C2)c(F)cc2c(=O)c(C(=O)O)cn(C3CC3)c12.Cl,MOXIFLOXACIN HYDROCHLORIDE,0.141,0.15636,0.14868,
42268554,CC(=O)Oc1cc(C(C)C)c(OCCN(C)C)cc1C.Cl,IPWGSXZCDPTDEH-UHFFFAOYSA-N,315.160121372,3.4059200000000023,CC(=O)Oc1cc(C(C)C)c(OCCN(C)C)cc1C.Cl,MOXISYLYTE HYDROCHLORIDE,0.84526,0.96949,0.907375,
10057065,O=C(O)C(O)C(O)C(O)C(O)C(=O)O,DSLZVSRJTYRBFB-UHFFFAOYSA-N,210.03756728,-3.4008000000000007,O=C(O)C(O)C(O)C(O)C(O)C(=O)O,MUCIC ACID,0.88143,0.94292,0.912175,
66260993,COc1ccc2c(c1)O[C@@H]1COc3cc(OC)c(OC)cc3[C@@H]1C2=O,PYRZRPSTTNKOCS-MSOLQXFVSA-N,342.110338296,2.832300000000001,COc1ccc2c(c1)O[C@@H]1COc3cc(OC)c(OC)cc3[C@@H]1C2=O,MUNDOSERONE,1.0919,0.79776,0.94483,
82978149,COc1c(-c2coc3cc4c(cc3c2=O)CC(O)C(C)(C)O4)ccc2c1C=CC(C)(C)O2,KJTDZAHLWHEULN-UHFFFAOYSA-N,434.17293855199995,4.727200000000005,COc1c(-c2coc3cc4c(cc3c2=O)CC(O)C(C)(C)O4)ccc2c1C=CC(C)(C)O2,MUNDULONE,0.89239,0.99966,0.946025,
11723572,C/C(=C\C(=O)OCCCCCCCCC(=O)O)C[C@@H]1OC[C@H](C[C@@H]2O[C@H]2[C@@H](C)[C@H](C)O)[C@@H](O)[C@H]1O,MINDHVHHQZYEEK-OYXVVHJOSA-N,500.29853298799986,2.5925000000000016,C/C(=C\C(=O)OCCCCCCCCC(=O)O)C[C@@H]1OC[C@H](C[C@@H]2O[C@H]2[C@@H](C)[C@H](C)O)[C@@H](O)[C@H]1O,MUPIROCIN,1.0552,0.8825,0.96885,
85809537,COc1c(C)c2c(c(O)c1C/C=C(\C)CCC(=O)OCCN1CCOCC1)C(=O)OC2,RTGDFNSFWBGLEC-UHFFFAOYSA-N,433.210052332,2.52402,COc1c(C)c2c(c(O)c1C/C=C(\C)CCC(=O)OCCN1CCOCC1)C(=O)OC2,MYCOPHENOLATE MOFETIL,0.96415,0.8736,0.918875,
44649404,COc1c(C)c2c(c(O)c1C/C=C(\C)CCC(=O)O)C(=O)OC2,HPNSFSBZBAHARI-UHFFFAOYSA-N,320.12598835999995,2.73322,COc1c(C)c2c(c(O)c1C/C=C(\C)CCC(=O)O)C(=O)OC2,MYCOPHENOLIC ACID,0.88064,0.94391,0.912275,
90151463,O=c1c(O)c(-c2cc(O)c(O)c(O)c2)oc2cc(O)cc(O)c12,IKMDFBPHZNJCSN-UHFFFAOYSA-N,318.03756727999996,1.6935999999999998,O=c1c(O)c(-c2cc(O)c(O)c(O)c2)oc2cc(O)cc(O)c12,MYRICETIN,0.8319,1.1012,0.96655,
69047498,C[C@@H]([C@H](O)c1ccccc1)N(C)C,FMCGSUUBYTWNDP-ONGXEEELSA-N,179.131014164,1.6701,C[C@@H]([C@H](O)c1ccccc1)N(C)C,"N-METHYL (-)EPHEDRINE [1R,2S]",0.93459,0.91067,0.92263,
38629194,CNc1ccccc1C(=O)O,WVMBPWMAQDVZCM-UHFFFAOYSA-N,151.063328528,1.4264999999999999,CNc1ccccc1C(=O)O,N-METHYLANTHRANILIC ACID,1.0382,1.135,1.0866,
85153581,CNCc1ccccc1.Cl,CBSOFSBFHDQRLV-UHFFFAOYSA-N,157.065827064,1.8277999999999999,CNCc1ccccc1.Cl,N-METHYLBENZYLAMINE HYDROCHLORIDE,1.0201,1.1699,1.095,
37043151,COc1ccc2cc(CCC(C)=O)ccc2c1,BLXXJMDCKKHMKV-UHFFFAOYSA-N,228.115029752,3.370000000000002,COc1ccc2cc(CCC(C)=O)ccc2c1,NABUMETONE,0.9232,0.96959,0.946395,
50718964,NC(=O)c1ccc[n+]([C@@H]2O[C@H](COP(=O)([O-])OP(=O)(O)OC[C@H]3O[C@@H](n4cnc5c(N)ncnc54)[C@H](O)[C@@H]3O)[C@@H](O)[C@H]2O)c1,BAWFJGJZGIEFAR-NNYOXOHSSA-N,663.1091218040001,-3.6478999999999964,NC(=O)c1ccc[n+]([C@@H]2O[C@H](COP(=O)([O-])OP(=O)(O)OC[C@H]3O[C@@H](n4cnc5c(N)ncnc54)[C@H](O)[C@@H]3O)[C@@H](O)[C@H]2O)c1,NADIDE,1.0848,0.9532,1.019,
10033206,CC1CCc2c(N3CCC(O)CC3)c(F)cc3c(=O)c(C(=O)O)cn1c23,JYJTVFIEFKZWCJ-UHFFFAOYSA-N,360.148535372,2.3071,CC1CCc2c(N3CCC(O)CC3)c(F)cc3c(=O)c(C(=O)O)cn1c23,NADIFLOXACIN,0.13906,0.1676,0.15333,
85764346,CC(C)(C)NCC(O)COc1cccc2c1C[C@H](O)[C@H](O)C2,VWPOSFSPZNDTMJ-UCWKZMIHSA-N,309.194008344,0.6347999999999998,CC(C)(C)NCC(O)COc1cccc2c1C[C@H](O)[C@H](O)C2,NADOLOL,1.0178,0.82564,0.92172,
11545892,CCOc1ccc2ccccc2c1C(=O)N[C@@H]1C(=O)N2C(C(=O)[O-])C(C)(C)S[C@H]12.[Na+],AYAPZOUDXCDGIF-PDFOENNNSA-M,436.106887052,-1.8468999999999967,CCOc1ccc2ccccc2c1C(=O)N[C@@H]1C(=O)N2C(C(=O)[O-])C(C)(C)S[C@H]12.[Na+],NAFCILLIN SODIUM,0.37783,0.45727,0.41755,
11475855,CCN(CC)CCOC(=O)C(Cc1cccc2ccccc12)CC1CCCO1.O=C(O)C(=O)O,SSAJNPNVUYMUCI-UHFFFAOYSA-N,473.2413524599999,3.608200000000001,CCN(CC)CCOC(=O)C(Cc1cccc2ccccc12)CC1CCCO1.O=C(O)C(=O)O,NAFRONYL OXALATE,0.95974,1.0506,1.00517,
47331323,CN(C/C=C/c1ccccc1)Cc1cccc2ccccc12.Cl,OLUNPKFOFGZHRT-UHFFFAOYSA-N,323.14407738399996,5.406800000000005,CN(C/C=C/c1ccccc1)Cc1cccc2ccccc12.Cl,NAFTIFINE HYDROCHLORIDE,0.96985,0.86888,0.919365,
74544990,COc1ccccc1N1CCN(CC(O)COc2cccc3ccccc23)CC1,HRRBJVNMSRJFHQ-UHFFFAOYSA-N,392.209992756,3.410300000000002,COc1ccccc1N1CCN(CC(O)COc2cccc3ccccc23)CC1,NAFTOPIDIL,0.7231,1.0078,0.86545,
13787737,COP(=O)(OC)OC(Br)C(Cl)(Cl)Br,BUYMVQAILCEWRR-UHFFFAOYSA-N,377.782574894,3.651200000000001,COP(=O)(OC)OC(Br)C(Cl)(Cl)Br,NALED,1.3402,1.1743,1.25725,
61285103,CCn1cc(C(=O)O)c(=O)c2ccc(C)nc21,MHWLWQUZZRMNGJ-UHFFFAOYSA-N,232.084792244,1.4230200000000002,CCn1cc(C(=O)O)c(=O)c2ccc(C)nc21,NALIDIXIC ACID,0.8612,0.8774,0.8693,
46973746,C=CCN1CCC23c4c5ccc(O)c4O[C@H]2C(=O)CC[C@@]3(O)[C@H]1C5.Cl,RGPDIGOSVORSAK-KQZYLSSXSA-N,363.12373586399997,1.7231999999999998,C=CCN1CCC23c4c5ccc(O)c4O[C@H]2C(=O)CC[C@@]3(O)[C@H]1C5.Cl,NALOXONE HYDROCHLORIDE,1.0729,1.0873,1.0801,
57869879,Cl.O=C1CC[C@@]2(O)[C@H]3Cc4ccc(O)c5c4C2(CCN3CC2CC2)[C@H]1O5,RHBRMCOKKKZVRY-DPFQUPSXSA-N,377.139385928,1.9472,Cl.O=C1CC[C@@]2(O)[C@H]3Cc4ccc(O)c5c4C2(CCN3CC2CC2)[C@H]1O5,NALTREXONE HYDROCHLORIDE,0.91137,1.0146,0.962985,
27558503,CC1CCCC(C)N1,SDGKUVSVPIIUCF-UHFFFAOYSA-N,113.12044947999999,1.5369,CC1CCCC(C)N1,NANOFIN,1.0304,1.0451,1.03775,
35689504,Cl.c1ccc2c(CC3=NCCN3)cccc2c1,DJDFFEBSKJCGHC-UHFFFAOYSA-N,246.09237616,2.8058000000000005,Cl.c1ccc2c(CC3=NCCN3)cccc2c1,NAPHAZOLINE HYDROCHLORIDE,0.92892,0.9532,0.94106,
94879628,COc1ccc2cc([C@H](C)C(=O)O)ccc2c1,CMWTZPSULFXXJA-VIFPVBQESA-N,230.094294308,3.036500000000001,COc1ccc2cc([C@H](C)C(=O)O)ccc2c1,NAPROXEN,1.0354,0.99615,1.015775,
42416194,O=C1C[C@@H](c2ccc(O)cc2)Oc2cc(O)cc(O)c21,FTVWIRXFELQLPI-ZDUSSCGKSA-N,272.06847348400004,2.5099000000000014,O=C1C[C@@H](c2ccc(O)cc2)Oc2cc(O)cc(O)c21,NARINGENIN,1.06,0.91281,0.986405,
11446740,C[C@@H]1O[C@@H](O[C@H]2[C@@H](Oc3cc(O)c4c(c3)O[C@H](c3ccc(O)cc3)CC4=O)O[C@H](CO)[C@@H](O)[C@@H]2O)[C@H](O)[C@H](O)[C@H]1O,DFPMSGMNTNDNHN-KTEXIAFXSA-N,580.179205704,-1.165200000000001,C[C@@H]1O[C@@H](O[C@@H]2[C@@H](O)[C@H](O)[C@@H](CO)O[C@@H]2Oc2cc(O)c3c(c2)O[C@H](c2ccc(O)cc2)CC3=O)[C@H](O)[C@H](O)[C@H]1O,NARINGIN,1.1009,0.97057,1.035735,
49004705,CC1C/C=C/C=C/C=C/C=C/C(O[C@@H]2O[C@H](C)[C@@H](O)[C@H](N)[C@@H]2O)CC2OC(O)(CC(O)CC3OC3/C=C/C(=O)O1)CC(O)C2C(=O)O,NCXMLFZGDNKEPB-SVRVJHCCSA-N,665.3047405639999,0.11970000000000325,CC1C/C=C/C=C/C=C/C=C/C(O[C@@H]2O[C@H](C)[C@@H](O)[C@H](N)[C@@H]2O)CC2OC(O)(CC(O)CC3OC3/C=C/C(=O)O1)CC(O)C2C(=O)O,NATAMYCIN,0.99737,1.1206,1.058985,
99600231,CC(C)[C@H]1CC[C@H](C(=O)N[C@@H](Cc2ccccc2)C(=O)O)CC1,OELFLUMRDSZNSF-ULQDDVLXSA-N,317.199093724,3.2609000000000012,CC(C)[C@H]1CC[C@H](C(=O)N[C@@H](Cc2ccccc2)C(=O)O)CC1,NATEGLINIDE,1.4153,1.1624,1.28885,
50951430,Cl.OC(CNCC(O)C1CCc2cc(F)ccc2O1)C1CCc2cc(F)ccc2O1,JWEXHQAEWHKGCW-UHFFFAOYSA-N,441.15184243199997,2.785400000000001,Cl.OC(CNCC(O)C1CCc2cc(F)ccc2O1)C1CCc2cc(F)ccc2O1,NEBIVOLOL HYDROCHLORIDE,0.79222,0.90483,0.848525,
82197242,CCc1nn(CCCN2CCN(c3cccc(Cl)c3)CC2)c(=O)n1CCOc1ccccc1,VRBKIVRKKCLPHA-UHFFFAOYSA-N,469.22445294399995,3.5519000000000025,CCc1nn(CCCN2CCN(c3cccc(Cl)c3)CC2)c(=O)n1CCOc1ccccc1,NEFAZODONE HYDROCHLORIDE,0.93194,0.96343,0.947685,
86165189,Cc1cccc(C)c1NC(=O)CN1CCCC1=O,NGHTXZCKLWZPGK-UHFFFAOYSA-N,246.136827816,1.8643399999999999,Cc1cccc(C)c1NC(=O)CN1CCCC1=O,NEFIRACETAM,1.2753,1.0666,1.17095,
10859580,CN1CCOC(c2ccccc2)c2ccccc2C1,RGPDEAGGEXEMMM-UHFFFAOYSA-N,253.146664228,3.238000000000002,CN1CCOC(c2ccccc2)c2ccccc2C1,NEFOPAM,0.88869,0.84725,0.86797,
18309096,NC[C@@H]1O[C@H](O[C@@H]2[C@@H](CO)OC(O[C@@H]3[C@@H](O)[C@H](N)C[C@H](N)[C@H]3OC3O[C@H](CN)[C@@H](O)[C@H](O)[C@H]3N)[C@@H]2O)[C@H](N)[C@@H](O)[C@@H]1O.O=S(=O)(O)O.O=S(=O)(O)O.O=S(=O)(O)O,KWBUARAINLGYMG-NISOHAKESA-N,908.2144241640005,-10.853700000000016,NC[C@@H]1O[C@H](O[C@@H]2[C@@H](CO)OC(O[C@@H]3[C@@H](O)[C@H](N)C[C@H](N)[C@H]3OC3O[C@H](CN)[C@@H](O)[C@H](O)[C@H]3N)[C@@H]2O)[C@H](N)[C@@H](O)[C@@H]1O.O=S(=O)(O)O.O=S(=O)(O)O.O=S(=O)(O)O,NEOMYCIN TRISULFATE,1.051,0.99225,1.021625,
65057028,CN(C)C(=O)Oc1cccc([N+](C)(C)C)c1.[Br-],LULNWZDBKTWDGK-UHFFFAOYSA-M,302.062989948,-1.052299999999998,CN(C)C(=O)Oc1cccc([N+](C)(C)C)c1.[Br-],NEOSTIGMINE BROMIDE,0.96615,1.075,1.020575,
50424568,CN(C)C(=O)Oc1cccc([N+](C)(C)C)c1.COS(=O)(=O)[O-],OSZNNLWOYWAHSS-UHFFFAOYSA-M,334.1198574239999,1.0367000000000002,CN(C)C(=O)Oc1cccc([N+](C)(C)C)c1.COS(=O)(=O)[O-],NEOSTIGMINE METHYLSULFATE,0.96389,0.74863,0.85626,
50751348,NC(=O)Cc1cccc(C(=O)c2ccccc2)c1N,QEFAQIPZVLVERP-UHFFFAOYSA-N,254.105527688,1.5276,NC(=O)Cc1cccc(C(=O)c2ccccc2)c1N,NEPAFENAC,0.87001,0.95419,0.9121,
23530061,CC(C)=CCC/C(C)=C/CO,GLZPCOQZEFWAFX-UHFFFAOYSA-N,154.135765196,2.6714000000000016,CC(C)=CCC/C(C)=C/CO,NEROL,0.87903,0.85992,0.869475,
10057324,C=CC(C)(O)CC/C=C(\C)CCC=C(C)C,FQTLCLSUCSAZDY-UHFFFAOYSA-N,222.198365452,4.396300000000004,C=CC(C)(O)CC/C=C(\C)CCC=C(C)C,NEROLIDOL,0.77012,0.93,0.85006,
51449916,CCN[C@@H]1C[C@H](N)[C@@H](O[C@H]2OC(CN)=CC[C@H]2N)[C@H](O)[C@H]1OC1OC[C@](C)(O)[C@H](NC)[C@H]1O.O=S(=O)(O)O.O=S(=O)(O)O,LOKMIGZKRZJVNT-TYGKOLSASA-N,671.23535774,-4.506300000000004,CCN[C@@H]1C[C@H](N)[C@@H](O[C@H]2OC(CN)=CC[C@H]2N)[C@H](O)[C@H]1OC1OC[C@](C)(O)[C@H](NC)[C@H]1O.O=S(=O)(O)O.O=S(=O)(O)O,NETILMICIN SULFATE,1.0489,1.2846,1.16675,
93424520,Cc1ccnc2c1NC(=O)c1cccnc1N2C1CC1,NQDJXKOVJZTUJA-UHFFFAOYSA-N,266.116761068,2.6512200000000004,Cc1ccnc2c1NC(=O)c1cccnc1N2C1CC1,NEVIRAPINE,1.293,1.313,1.303,
11125715,O=C(O)c1cccnc1,PVNIIMVLHYAWGP-UHFFFAOYSA-N,123.0320284,0.7797999999999999,O=C(O)c1cccnc1,NIACIN,0.9571,1.0875,1.0223,
60648961,O=C(CCNNC(=O)c1ccncc1)NCc1ccccc1,NOIIUHRQUVNIDD-UHFFFAOYSA-N,298.142975816,1.0224999999999989,O=C(CCNNC(=O)c1ccncc1)NCc1ccccc1,NIALAMIDE,1.0813,1.0642,1.07275,
44939143,COC(=O)C1=C(C)NC(C)=C(C(=O)OCCN(C)Cc2ccccc2)C1c1cccc([N+](=O)[O-])c1.Cl,AIKVCUNQWYTVTO-UHFFFAOYSA-N,515.18231336,4.099600000000004,COC(=O)C1=C(C)NC(C)=C(C(=O)OCCN(C)Cc2ccccc2)C1c1cccc([N+](=O)[O-])c1.Cl,NICARDIPINE HYDROCHLORIDE,1.0767,1.0343,1.0555,
31332097,CO[C@]12C[C@@H](COC(=O)c3cncc(Br)c3)CN(C)[C@@H]1Cc1cn(C)c3cccc2c13,YSEXMKHXIOCEJA-FVFQAYNVSA-N,483.115753792,3.9109000000000034,CO[C@]12C[C@@H](COC(=O)c3cncc(Br)c3)CN(C)[C@@H]1Cc1cn(C)c3cccc2c13,NICERGOLINE,1.0947,1.0854,1.09005,
49680616,O=C(Nc1ccc([N+](=O)[O-])cc1Cl)c1cc(Cl)ccc1O,RJMUSRYZPJIFPJ-UHFFFAOYSA-N,325.986112096,3.859500000000001,O=C(Nc1ccc([N+](=O)[O-])cc1Cl)c1cc(Cl)ccc1O,NICLOSAMIDE,1.0995,1.0168,1.05815,
10238506,O=C(c1cccnc1)N1CCOCC1,QLPQPTXSAXQCMR-UHFFFAOYSA-N,192.089877624,0.5539999999999999,O=C(c1cccnc1)N1CCOCC1,NICOPHOLINE,1.2419,1.4297,1.3358,
93925932,O=C(NCCO[N+](=O)[O-])c1cccnc1,LBHIOVVIQHSOQN-UHFFFAOYSA-N,211.059305768,0.01969999999999983,O=C(NCCO[N+](=O)[O-])c1cccnc1,NICORANDIL,1.0174,0.98398,1.00069,
78901693,CN1CCC[C@H]1c1cccnc1.O=C(O)C(O)C(O)C(=O)O.O=C(O)C(O)C(O)C(=O)O,RFEJUZJILGIRHQ-XRIOVQLTSA-N,462.1485742719998,-2.3968999999999956,CN1CCC[C@H]1c1cccnc1.O=C(O)C(O)C(O)C(=O)O.O=C(O)C(O)C(O)C(=O)O,NICOTINE BITARTRATE,1.0773,1.0178,1.04755,
11900027,O=C(O)C(O)C(O)C(=O)O.OCc1cccnc1,NPORIZAYKBQYLF-UHFFFAOYSA-N,259.069201756,-1.5486999999999984,O=C(O)C(O)C(O)C(=O)O.OCc1cccnc1,NICOTINYL ALCOHOL TARTRATE,0.91932,1.044,0.98166,
84512392,COC(=O)C1=C(C)NC(C)=C(C(=O)OC)C1c1ccccc1[N+](=O)[O-],HYIMSNHJOBLJNT-UHFFFAOYSA-N,346.11648629599995,2.1756,COC(=O)C1=C(C)NC(C)=C(C(=O)OC)C1c1ccccc1[N+](=O)[O-],NIFEDIPINE,1.1196,1.0528,1.0862,
29097682,Cc1c(NC(=O)c2cccnc2)c(=O)n(-c2ccccc2)n1C,BRZANEXCSZCZCI-UHFFFAOYSA-N,308.127325752,2.1317199999999996,Cc1c(NC(=O)c2cccnc2)c(=O)n(-c2ccccc2)n1C,NIFENAZONE,0.99672,1.0352,1.01596,
80143273,O=C(O)c1cccnc1Nc1cccc(C(F)(F)F)c1,JZFPYUNJRRFVQU-UHFFFAOYSA-N,282.061612188,3.542200000000001,O=C(O)c1cccnc1Nc1cccc(C(F)(F)F)c1,NIFLUMIC ACID,1.1694,0.97609,1.072745,
91136660,O=C(N/N=C/c1ccc([N+](=O)[O-])o1)c1ccc(O)cc1,YCWSUKQGVSGXJO-UHFFFAOYSA-N,275.05422038800003,1.6573,O=C(N/N=C/c1ccc([N+](=O)[O-])o1)c1ccc(O)cc1,NIFUROXAZIDE,0.89832,1.1055,1.00191,
39166444,O=C(N/N=C/c1ccc([N+](=O)[O-])o1)c1cc([N+](=O)[O-])cc([N+](=O)[O-])c1O,XXUXXCZCUGIGPP-UHFFFAOYSA-N,365.024376804,1.4736999999999998,O=C(N/N=C/c1ccc([N+](=O)[O-])o1)c1cc([N+](=O)[O-])cc([N+](=O)[O-])c1O,NIFURSOL,0.77322,0.95936,0.86629,
11166599,CCN(CC)C(=O)c1cccnc1,NCYVXEGFNDZQCU-UHFFFAOYSA-N,178.110613068,1.5636,CCN(CC)C(=O)c1cccnc1,NIKETHAMIDE,0.84039,0.85852,0.849455,
51112026,CC1(C)NC(=O)N(c2ccc([N+](=O)[O-])c(C(F)(F)F)c2)C1=O,XWXYUMMDTVBTOU-UHFFFAOYSA-N,317.06234046,2.4484000000000004,CC1(C)NC(=O)N(c2ccc([N+](=O)[O-])c(C(F)(F)F)c2)C1=O,NILUTAMIDE,0.82516,0.96538,0.89527,
69119183,COC(=O)C1=C(C#N)NC(C)=C(C(=O)OC(C)C)C1c1cccc([N+](=O)[O-])c1,FAIIFDPAEUKBEP-UHFFFAOYSA-N,385.127385328,2.4578800000000003,COC(=O)C1=C(C#N)NC(C)=C(C(=O)OC(C)C)C1c1cccc([N+](=O)[O-])c1,NILVADIPINE,1.3556,1.069,1.2123,
12051696,CS(=O)(=O)Nc1ccc([N+](=O)[O-])cc1Oc1ccccc1,HYWYRSMBCFDLJT-UHFFFAOYSA-N,308.046692484,2.7586000000000013,CS(=O)(=O)Nc1ccc([N+](=O)[O-])cc1Oc1ccccc1,NIMESULIDE,0.89832,0.95548,0.9269,
33324661,COCCOC(=O)C1=C(C)NC(C)=C(C(=O)OC(C)C)C1c1cccc([N+](=O)[O-])c1,UIAGMCDKSXEBJQ-UHFFFAOYSA-N,418.174001172,2.9708000000000014,COCCOC(=O)C1=C(C)NC(C)=C(C(=O)OC(C)C)C1c1cccc([N+](=O)[O-])c1,NIMODIPINE,1.081,1.3313,1.20615,
27394533,Cc1ncc(CNC(=O)N(CCCl)N=O)c(N)n1.Cl,KPMKNHGAPDCYLP-UHFFFAOYSA-N,308.055529048,1.2208199999999998,Cc1ncc(CNC(=O)N(CCCl)N=O)c(N)n1.Cl,NIMUSTINE HYDROCHLORIDE,1.0065,0.99728,1.00189,
57648397,COC(=O)C1=C(C)NC(C)=C(C(=O)OCC(C)C)C1c1ccccc1[N+](=O)[O-],VKQFCGNPDRICFG-UHFFFAOYSA-N,388.16343648799995,3.201800000000002,COC(=O)C1=C(C)NC(C)=C(C(=O)OCC(C)C)C1c1ccccc1[N+](=O)[O-],NISOLDIPINE,1.1462,1.1658,1.156,
10327055,O=[N+]([O-])c1ccc([As](=O)(O)O)cc1,FUUFQLXAIUOWML-UHFFFAOYSA-N,246.946193792,-0.8442000000000001,O=[N+]([O-])c1ccc([As](=O)(O)O)cc1,NITARSONE,0.71091,0.7124,0.711655,
59038974,CC(=O)Oc1ccccc1C(=O)Nc1ncc([N+](=O)[O-])s1,YQNQNVDNTFHQSW-UHFFFAOYSA-N,307.026291388,2.2289000000000003,CC(=O)Oc1ccccc1C(=O)Nc1ncc([N+](=O)[O-])s1,NITAZOXANIDE,0.87855,0.7406,0.809575,
21825765,CCN(Cc1ccc(Cl)nc1)/C(=C/[N+](=O)[O-])NC,CFRPSFYHXJZSBI-UHFFFAOYSA-N,270.0883534,1.8518999999999999,CCN(Cc1ccc(Cl)nc1)/C(=C/[N+](=O)[O-])NC,NITENPYRAM,1.0479,0.88365,0.965775,
18076135,CC(=O)Nc1ncc([N+](=O)[O-])s1,UJRRDDHEMZLWFI-UHFFFAOYSA-N,187.00516202,1.0096999999999998,CC(=O)Nc1ncc([N+](=O)[O-])s1,NITHIAMIDE,0.73833,0.67163,0.70498,
27950404,CCOC(=O)C1=C(C)NC(C)=C(C(=O)OC)C1c1cccc([N+](=O)[O-])c1,PVHUJELLJLJGLN-UHFFFAOYSA-N,360.13213635999995,2.5657000000000005,CCOC(=O)C1=C(C)NC(C)=C(C(=O)OC)C1c1cccc([N+](=O)[O-])c1,NITRENDIPINE,1.2001,0.98672,1.09341,
46666388,O=C1CN(/N=C/c2ccc([N+](=O)[O-])o2)C(=O)N1,NXFQHRVNIOXGAQ-UHFFFAOYSA-N,238.033819292,0.07349999999999995,O=C1CN(/N=C/c2ccc([N+](=O)[O-])o2)C(=O)N1,NITROFURANTOIN,1.0357,0.89267,0.964185,
37720163,NC(=O)N/N=C/c1ccc([N+](=O)[O-])o1,IAIWVQXQOWNYOU-UHFFFAOYSA-N,198.038904672,0.19000000000000006,NC(=O)N/N=C/c1ccc([N+](=O)[O-])o1,NITROFURAZONE,0.48186,0.45297,0.467415,
48452209,NC(=O)c1cc([N+](=O)[O-])cc([N+](=O)[O-])c1,UUKWKUSGGZNXGA-UHFFFAOYSA-N,211.02292026,0.6018999999999999,NC(=O)c1cc([N+](=O)[O-])cc([N+](=O)[O-])c1,NITROMIDE,0.83429,0.9325,0.883395,
61122767,O=[N+]([O-])c1ccc(O)c2ncccc12,RJIWZDNTCBHXAL-UHFFFAOYSA-N,190.037842052,1.8485999999999996,O=[N+]([O-])c1ccc(O)c2ncccc12,NITROXOLINE,0.14734,0.16633,0.156835,
27804427,CN/C(=C\[N+](=O)[O-])NCCSCc1csc(CN(C)C)n1,SGXXNSQHWDMGGP-UHFFFAOYSA-N,331.1136669120001,1.3224999999999998,CN/C(=C\[N+](=O)[O-])NCCSCc1csc(CN(C)C)n1,NIZATIDINE,1.0049,0.90641,0.955655,
10030844,COc1ccc(-c2cc(=O)c3c(OC)c(OC)c(OC)c(OC)c3o2)cc1OC,MRIAQLRQZPPODS-UHFFFAOYSA-N,402.13146766399996,3.5116000000000023,COc1ccc(-c2cc(=O)c3c(OC)c(OC)c(OC)c(OC)c3o2)cc1OC,NOBILETIN,0.85814,0.79439,0.826265,
10947089,COC(=O)Nc1nc2cc(C(=O)c3cccs3)ccc2[nH]1,KYRVNWMVYQXFEU-UHFFFAOYSA-N,301.05211221200005,3.0337000000000005,COC(=O)Nc1nc2cc(C(=O)c3cccs3)ccc2[nH]1,NOCODAZOLE,0.94885,0.99337,0.97111,
49771012,CCCCC[C@H](CC(=O)O)C(=O)O,FNZSVEHJZREFPF-SSDOTTSWSA-N,188.104858992,1.7422000000000002,CCCCC[C@H](CC(=O)O)C(=O)O,NONIC ACID,1.2517,1.0941,1.1729,
47853600,CCCCCCCCC(=O)NCc1ccc(O)c(OC)c1,RGOVYLWUIBMPGK-UHFFFAOYSA-N,293.199093724,3.7676000000000025,CCCCCCCCC(=O)NCc1ccc(O)c(OC)c1,NONIVAMIDE,0.85766,0.79146,0.82456,
88383989,CCCCCCCCCc1ccc(OCCOCCOCCOCCOCCOCCOCCOCCOCCO)cc1,FBWNMEQMRUMQSO-UHFFFAOYSA-N,616.4186481199998,4.483600000000006,CCCCCCCCCc1ccc(OCCOCCOCCOCCOCCOCCOCCOCCOCCO)cc1,NONOXYNOL-9,0.78155,1.0076,0.894575,
65701452,CC(Cc1ccc(O)c(O)c1)C(C)Cc1ccc(O)c(O)c1,HCZKYJDFEPMADG-UHFFFAOYSA-N,302.151809184,3.5664000000000033,CC(Cc1ccc(O)c(O)c1)C(C)Cc1ccc(O)c(O)c1,NORDIHYDROGUARETIC ACID,0.95271,0.99191,0.97231,
54748202,NC[C@H](O)c1ccc(O)c(O)c1.O=C(O)[C@H](O)[C@@H](O)C(=O)O,WNPNNLQNNJQYFA-YIDNRZKSSA-N,319.090331124,-2.0326999999999997,NC[C@H](O)c1ccc(O)c(O)c1.O=C(O)[C@H](O)[C@@H](O)C(=O)O,NOREPINEPHRINE TARTRATE,1.0904,1.0914,1.0909,
16505898,C#C[C@]1(O)CCC2C3CCC4=CC(=O)CC[C@@H]4C3CC[C@@]21C,VIKNJXKGJWUCNN-FOEMKWDFSA-N,298.193280072,3.4925000000000024,C#C[C@]1(O)CCC2C3CCC4=CC(=O)CC[C@@H]4C3CC[C@@]21C,NORETHINDRONE,1.0027,1.1281,1.0654,
11163277,C#C[C@]1(OC(C)=O)CCC2C3CCC4=CC(=O)CC[C@@H]4C3CC[C@@]21C,IMONTRJLAWHYGT-FJMAIUEKSA-N,340.20384475599997,4.0633000000000035,C#C[C@]1(OC(C)=O)CCC2C3CCC4=CC(=O)CC[C@@H]4C3CC[C@@]21C,NORETHINDRONE ACETATE,0.96754,1.052,1.00977,
63171864,C#C[C@]1(O)CCC2C3CCC4=C(CCC(=O)C4)C3CC[C@@]21C,ICTXHFFSOAJUMG-OQPPHWFISA-N,298.193280072,3.636600000000003,C#C[C@]1(O)CCC2C3CCC4=C(CCC(=O)C4)C3CC[C@@]21C,NORETHYNODREL,1.0316,1.0516,1.0416,
37644530,CCn1cc(C(=O)O)c(=O)c2cc(F)c(N3CCNCC3)cc21,OGJPXUAPXNRGGI-UHFFFAOYSA-N,319.133219656,1.2683,CCn1cc(C(=O)O)c(=O)c2cc(F)c(N3CCNCC3)cc21,NORFLOXACIN,0.1496,0.1683,0.15895,
51968151,C#C[C@]1(OC(C)=O)CCC2C3CCC4=C/C(=N/O)CCC4C3CC[C@@]21CC,KIQQMECNKUGGKA-QBFRCJLJSA-N,369.230393852,4.714500000000005,C#C[C@]1(OC(C)=O)CCC2C3CCC4=C/C(=N/O)CCC4C3CC[C@@]21CC,NORGESTIMATE,1.1025,1.4731,1.2878,
57059289,Cc1cc(O)c(C=O)c2c1C(=O)Oc1c(C)c(O)c3c(c1O2)C(O)OC3=O,IEVVSJFLBYOUCJ-UHFFFAOYSA-N,372.04813196399994,2.013340000000001,Cc1cc(O)c(C=O)c2c1C(=O)Oc1c(C)c(O)c3c(c1O2)C(O)OC3=O,NORSTICTIC ACID,0.9657,1.1622,1.06395,
22557414,CNCCC=C1c2ccccc2CCc2ccccc21.Cl,SHAYBENGXDALFF-UHFFFAOYSA-N,299.144077384,4.248200000000004,CNCCC=C1c2ccccc2CCc2ccccc21.Cl,NORTRIPTYLINE HYDROCHLORIDE,0.93414,0.88564,0.90989,
71531347,COc1ccc2c(c1OC)C(=O)O[C@H]2[C@H]1c2c(cc3c(c2OC)OCO3)CCN1C.Cl,MFLVZFXCSKVCSH-JAXOOIEVSA-N,449.12412978799995,3.3036000000000016,COc1ccc2c(c1OC)C(=O)O[C@H]2[C@H]1c2c(cc3c(c2OC)OCO3)CCN1C.Cl,NOSCAPINE HYDROCHLORIDE,0.8844,0.91089,0.897645,
71462019,CO[C@@H]1[C@@H](OC(N)=O)[C@@H](O)[C@H](Oc2ccc3c([O-])c(NC(=O)c4ccc(O)c(CC=C(C)C)c4)c(=O)oc3c2C)OC1(C)C.[Na+],WWPRGAYLRGSOSU-RNROJPEYSA-M,634.21385422,-0.0008799999999988817,CO[C@@H]1[C@@H](OC(N)=O)[C@@H](O)[C@H](Oc2ccc3c([O-])c(NC(=O)c4ccc(O)c(CC=C(C)C)c4)c(=O)oc3c2C)OC1(C)C.[Na+],NOVOBIOCIN SODIUM,0.12975,0.15603,0.14289,
67955278,CC(CCc1ccccc1)NC(C)C(O)c1ccc(O)cc1.Cl,CLJHABUMMDMAFA-UHFFFAOYSA-N,335.165206752,3.846800000000003,CC(CCc1ccccc1)NC(C)C(O)c1ccc(O)cc1.Cl,NYLIDRIN HYDROCHLORIDE,0.98146,0.89619,0.938825,
26179107,CC1[C@H](C)OC(=O)CC(O)CC(O)CC(O)CCC(O)C(O)C[C@]2(O)CC(O)C(C(=O)O)C(CC(OC3O[C@H](C)[C@@H](O)[C@H](N)[C@@H]3O)/C=C/C=C/C=C/C=C/CC/C=C/C=C/[C@H](C)[C@H]1O)O2,VQOXZBDYSJBXMA-RYVWDIBKSA-N,925.50349994,0.9357000000000057,CC1[C@H](C)OC(=O)CC(O)CC(O)CC(O)CCC(O)C(O)C[C@]2(O)CC(O)C(C(=O)O)C(CC(OC3O[C@H](C)[C@@H](O)[C@H](N)[C@@H]3O)/C=C/C=C/C=C/C=C/CC/C=C/C=C/[C@H](C)[C@H]1O)O2,NYSTATIN,1.0044,1.0614,1.0329,
45381360,COc1cccc(C=O)c1OC,JIVGSHFYXPRRSZ-UHFFFAOYSA-N,166.06299418,1.5162999999999998,COc1cccc(C=O)c1OC,o-VERATRALDEHYDE,0.94085,0.98497,0.96291,
11483941,C=C(C)[C@H]1COc2cc3oc(=O)ccc3cc2O1,DUECABXXAMFFBH-CYBMUJFWSA-N,244.073558864,2.5089000000000006,C=C(C)[C@H]1COc2cc3oc(=O)ccc3cc2O1,OBLIQUIN,1.0582,0.91874,0.98847,
49570962,COC1=CC(=O)C(O)=C/C1=C\C=C\c1ccccc1,LUZUAYAKZLCOCQ-UHFFFAOYSA-N,254.094294308,3.1811000000000016,COC1=CC(=O)C(O)=C/C1=C\C=C\c1ccccc1,OBTUSAQUINONE,1.1229,0.98449,1.053695,
86158139,CCCC[C@@H](CC)COC(=O)/C=C/c1ccc(OC)cc1,YBGZDTIWKVFICR-OAHLLOKOSA-N,290.18819469199997,4.468000000000004,CCCC[C@@H](CC)COC(=O)/C=C/c1ccc(OC)cc1,OCTINOXATE,1.1854,1.1646,1.175,
10601146,CCCC[C@@H](CC)COC(=O)c1ccccc1O,FMRHJJZUHUTGKE-GFCCVEGCSA-N,250.156894564,3.7654000000000036,CCCC[C@@H](CC)COC(=O)c1ccccc1O,OCTISALATE,1.0462,0.80714,0.92667,
67885281,CCCC[C@@H](CC)COC(=O)C(C#N)=C(c1ccccc1)c1ccccc1,FMJSMJQBSVNSBF-LJQANCHMSA-N,361.20417910400005,5.771680000000005,CCCC[C@@H](CC)COC(=O)C(C#N)=C(c1ccccc1)c1ccccc1,OCTOCRYLENE,1.2699,1.4134,1.34165,
88730849,CC(C)CCCC(C)N,QNIVIMYXGGFTAK-UHFFFAOYSA-N,129.151749608,2.1599000000000004,CC(C)CCCC(C)N,OCTODRINE,0.96482,1.0431,1.00396,
24085511,Cl.NCC(O)c1ccc(O)cc1,PUMZXCBVHLCWQG-UHFFFAOYSA-N,189.055656304,0.8061,Cl.NCC(O)c1ccc(O)cc1,OCTOPAMINE HYDROCHLORIDE,0.96305,0.97355,0.9683,
25772369,CC1COc2c(N3CCN(C)CC3)c(F)cc3c(=O)c(C(=O)O)cn1c23,GSDSWSVVBLHKDQ-UHFFFAOYSA-N,361.14378433999997,1.5439999999999998,CC1COc2c(N3CCN(C)CC3)c(F)cc3c(=O)c(C(=O)O)cn1c23,OFLOXACIN,0.15279,0.15601,0.1544,
38598995,Cc1cc2c(s1)Nc1ccccc1N=C2N1CCN(C)CC1,KVWDHTXUZHCGIO-UHFFFAOYSA-N,312.14086764,3.4392200000000033,Cc1cc2c(s1)Nc1ccccc1N=C2N1CCN(C)CC1,OLANZAPINE,0.9555,0.96065,0.958075,
11343196,CC1(C)CC[C@]2(C(=O)O)CC[C@]3(C)C(=CCC4[C@@]5(C)CC[C@@H](O)C(C)(C)C5CC[C@]43C)C2C1,MIJYXULNPSFWEK-LGSDIRQTSA-N,456.36034539599996,7.233600000000009,CC1(C)CC[C@]2(C(=O)O)CC[C@]3(C)C(=CCC4[C@@]5(C)CC[C@@H](O)C(C)(C)C5CC[C@]43C)C2C1,OLEANOLIC ACID,0.89419,0.82038,0.857285,
73055287,CC(=O)O[C@@H]1CC[C@@]2(C)C(CC[C@]3(C)C2CC=C2C4CC(C)(C)CC[C@]4(C(=O)O)CC[C@]23C)C1(C)C,RIXNFYQZWDGQAE-JMGFFJFSSA-N,498.37091007999993,7.804400000000009,CC(=O)O[C@@H]1CC[C@@]2(C)C(CC[C@]3(C)C2CC=C2C4CC(C)(C)CC[C@]4(C(=O)O)CC[C@]23C)C1(C)C,OLEANOLIC ACID ACETATE,0.81414,0.86405,0.839095,
80170804,CCCc1nc(C(C)(C)O)c(C(=O)O)n1Cc1ccc(-c2ccccc2-c2nn[nH]n2)cc1,VTRAEEWXHOVJFV-UHFFFAOYSA-N,446.2066386920001,3.656600000000002,CCCc1nc(C(C)(C)O)c(C(=O)O)n1Cc1ccc(-c2ccccc2-c2nn[nH]n2)cc1,OLMESARTAN,0.96305,1.0536,1.008325,
46153384,CCCc1nc(C(C)(C)O)c(C(=O)OCc2oc(=O)oc2C)n1Cc1ccc(-c2ccccc2-c2nn[nH]n2)cc1,UQGKUQLKSCSZGY-UHFFFAOYSA-N,558.2226826800002,4.170020000000003,CCCc1nc(C(C)(C)O)c(C(=O)OCc2oc(=O)oc2C)n1Cc1ccc(-c2ccccc2-c2nn[nH]n2)cc1,OLMESARTAN MEDOXOMIL,0.88061,1.0156,0.948105,
44861161,CN(C)CC/C=C1/c2ccccc2COc2ccc(CC(=O)O)cc21.Cl,HVRLZEKDTUEKQH-UHFFFAOYSA-N,373.14447130799994,4.011300000000004,CN(C)CC/C=C1/c2ccccc2COc2ccc(CC(=O)O)cc21.Cl,OLOPATADINE HYDROCHLORIDE,0.13172,0.15636,0.14404,
94581216,Cc1c(-c2cnccn2)ssc1=S,CKNAQFVBEHDJQV-UHFFFAOYSA-N,225.969311192,3.3045100000000014,Cc1c(-c2cnccn2)ssc1=S,OLTIPRAZ,1.1352,1.4456,1.2904,
59895375,CC/C=C\C/C=C\C/C=C\C/C=C\C/C=C\CCCC(=O)OCC,SSQPWTVBQMWLSZ-UHFFFAOYSA-N,330.255880328,6.471200000000007,CC/C=C\C/C=C\C/C=C\C/C=C\C/C=C\CCCC(=O)OCC,OMEGA-3-ACID ESTERS (EPA shown),1.1409,0.97749,1.059195,
73362195,COc1ccc2nc(S(=O)Cc3ncc(C)c(OC)c3C)[nH]c2c1,SUBDBMMJDZJVOS-UHFFFAOYSA-N,345.11471246800005,2.8997400000000004,COc1ccc2nc(S(=O)Cc3ncc(C)c(OC)c3C)[nH]c2c1,OMEPRAZOLE,1.0096,1.0128,1.0112,
80530534,Cc1nccn1CC1CCc2c(c3ccccc3n2C)C1=O.Cl,MKBLHFILKIKSQM-UHFFFAOYSA-N,329.12948994,3.5503200000000033,Cc1nccn1CC1CCc2c(c3ccccc3n2C)C1=O.Cl,ONDANSETRON HYDROCHLORIDE,1.0358,0.89836,0.96708,
94645383,COc1ccc(CC(=O)c2ccc(O)cc2O)cc1,XHBZOAYMBBUURD-UHFFFAOYSA-N,258.089208928,2.5318000000000005,COc1ccc(CC(=O)c2ccc(O)cc2O)cc1,ONONETIN,0.95645,0.87036,0.913405,
14888711,C[C@@H]1CN(c2c(F)c(F)c3c(=O)c(C(=O)O)cn(C4CC4)c3c2F)C[C@H](C)N1,QIPQASLPWJVQMH-DTORHVGOSA-N,395.14567616000005,2.6385000000000005,C[C@H]1CN(c2c(F)c(F)c3c(=O)c(C(=O)O)cn(C4CC4)c3c2F)C[C@@H](C)N1,ORBIFLOXACIN,0.12654,0.15689,0.141715,
42043687,CCCCCCCCCCC[C@@H](C[C@H]1OC(=O)[C@H]1CCCCCC)OC(=O)[C@@H](CC(C)C)NC=O,AHLBNYSZXLDEJQ-GWMMUDDPSA-N,495.39237379599996,6.881900000000007,CCCCCCCCCCC[C@@H](C[C@H]1OC(=O)[C@H]1CCCCCC)OC(=O)[C@@H](CC(C)C)NC=O,ORLISTAT,1.1216,1.0285,1.07505,
34210217,Cc1ncc([N+](=O)[O-])n1CC(O)CCl,IPWKIXLWTCNBKN-UHFFFAOYSA-N,219.04106886,0.6994199999999999,Cc1ncc([N+](=O)[O-])n1CC(O)CCl,ORNIDAZOLE,1.0585,1.0658,1.06215,
38871832,NCCCC(N)C(=O)O.NCCCC(N)C(=O)O.O=C(O)CCC(=O)C(=O)O,MXZWEWUFDLGQKZ-UHFFFAOYSA-N,410.2012785399999,-2.220699999999993,NCCCC(N)C(=O)O.NCCCC(N)C(=O)O.O=C(O)CCC(=O)C(=O)O,ORNITHINE aKETOGLUTARATE,1.1166,1.0976,1.1071,
55735961,Cl.NCCCC(N)C(=O)O,GGTYBZJRPHEQDG-UHFFFAOYSA-N,168.066555336,-0.4410000000000001,Cl.NCCCC(N)C(=O)O,ORNITHINE HYDROCHLORIDE,0.69035,0.97456,0.832455,
51779780,O=C(O)c1cc(=O)[nH]c(=O)[nH]1,PXQPEWDEAKTCGB-UHFFFAOYSA-N,156.017106608,-1.2386000000000001,O=C(O)c1cc(=O)[nH]c(=O)[nH]1,OROTIC ACID,0.83876,0.9157,0.87723,
10668604,Cc1ccccc1C(OCCN(C)C)c1ccccc1.O=C(O)CC(O)(CC(=O)O)C(=O)O,MMMNTDFSPSQXJP-UHFFFAOYSA-N,461.20496695199984,2.4141199999999996,Cc1ccccc1C(OCCN(C)C)c1ccccc1.O=C(O)CC(O)(CC(=O)O)C(=O)O,ORPHENADRINE CITRATE,0.9651,0.8876,0.92635,
15858853,Cc1cc(O)cc(O)c1C(=O)O,AMKYESDOVDKZKV-UHFFFAOYSA-N,168.042258736,1.1044199999999997,Cc1cc(O)cc(O)c1C(=O)O,ORSELLINIC ACID,0.96496,0.94664,0.9558,
10011876,CC(C)=CCc1c2c(c3occ(-c4ccc(O)cc4)c(=O)c3c1O)C=CC(C)(C)O2,DCTLJGWMHPGCOS-UHFFFAOYSA-N,404.1623738679999,5.564100000000006,CC(C)=CCc1c2c(c3occ(-c4ccc(O)cc4)c(=O)c3c1O)C=CC(C)(C)O2,OSAJIN,0.94649,0.72144,0.833965,
41901600,CCOC(=O)C1=C[C@@H](OC(CC)CC)[C@H](NC(C)=O)[C@@H](N)C1.O=P(O)(O)O,PGZUMBJQJWIWGJ-ONAKXNSWSA-N,410.18180258199993,0.3568000000000003,CCOC(=O)C1=C[C@@H](OC(CC)CC)[C@H](NC(C)=O)[C@@H](N)C1.O=P(O)(O)O,OSELTAMIVIR PHOSPHATE,0.97925,1.1043,1.041775,
14538674,C[C@@H]1O[C@@H](O[C@H]2C[C@@H](O)[C@]3(CO)C4C(CC[C@]3(O)C2)[C@@]2(O)CC[C@H](C3=CC(=O)OC3)[C@@]2(C)C[C@H]4O)[C@H](O)[C@H](O)[C@H]1O.O.O.O.O.O.O.O.O,TYBARJRCFHUHSN-YQCGFSFQSA-N,728.3677943200001,-8.112599999999986,C[C@@H]1O[C@@H](O[C@H]2C[C@@H](O)[C@]3(CO)C4C(CC[C@]3(O)C2)[C@@]2(O)CC[C@H](C3=CC(=O)OC3)[C@@]2(C)C[C@H]4O)[C@H](O)[C@H](O)[C@H]1O.O.O.O.O.O.O.O.O,OUABAIN OCTAHYDRATE,0.87318,0.92534,0.89926,
10068711,Cc1onc(-c2ccccc2)c1C(=O)NC1C(=O)N2[C@@H]1SC(C)(C)[C@@H]2C(=O)[O-].[Na+],VDUVBBMAXXHEQP-XUHZAHOXSA-M,423.08648595599993,-2.4353799999999968,Cc1onc(-c2ccccc2)c1C(=O)NC1C(=O)N2[C@@H](C(=O)[O-])C(C)(C)S[C@H]12.[Na+],OXACILLIN SODIUM,0.93101,0.91727,0.92414,
65532797,NC1CCCC[C@H]1N.O=C1O[Pt]OC1=O,ZROHGHOFXNOHSO-BLJHELNISA-L,397.06014802799996,-0.7861,NC1CCCC[C@H]1N.O=C1O[Pt]OC1=O,OXALIPLATIN,0.92278,0.9002,0.91149,
69538746,CN1CCCN=C1/C=C/c1cccc(O)c1.O=C(O)c1cc2ccccc2c(Cc2c(O)c(C(=O)O)cc3ccccc23)c1O,CCOAINFUFGBHBA-UHFFFAOYSA-N,604.2209513639999,6.530800000000007,CN1CCCN=C1/C=C/c1cccc(O)c1.O=C(O)c1cc2ccccc2c(Cc2c(O)c(C(=O)O)cc3ccccc23)c1O,OXANTEL PAMOATE,1.0243,1.0323,1.0283,
26454321,O=C(O)CCc1nc(-c2ccccc2)c(-c2ccccc2)o1,OFPXSFXSNFPTHF-UHFFFAOYSA-N,293.10519334,4.025800000000003,O=C(O)CCc1nc(-c2ccccc2)c(-c2ccccc2)o1,OXAPROZIN,1.1083,0.96096,1.03463,
15212506,NC(=O)N1c2ccccc2CC(=O)c2ccccc21,CTRLABGOLIVAIY-UHFFFAOYSA-N,252.089877624,2.6422000000000008,NC(=O)N1c2ccccc2CC(=O)c2ccccc21,OXCARBAZEPINE,0.90842,0.96756,0.93799,
10920823,CNCC(O)c1ccc(O)cc1,YRCWQPVGYLYSOX-UHFFFAOYSA-N,167.094628656,0.645,CNCC(O)c1ccc(O)cc1,OXEDRINE,1.1651,1.3885,1.2768,
10281193,CCN(CC)CCOCCOC(=O)C(CC)(CC)c1ccccc1.O=C(O)CC(O)(CC(=O)O)C(=O)O,KVKJFNUGVOFNGU-UHFFFAOYSA-N,527.2730465119998,2.3975000000000004,CCN(CC)CCOCCOC(=O)C(CC)(CC)c1ccccc1.O=C(O)CC(O)(CC(=O)O)C(=O)O,OXELAIDIN CITRATE,0.92967,1.0572,0.993435,
39253644,CN(C(=O)CN(CCO)CC(=O)N(C)C(C)(C)Cc1ccccc1)C(C)(C)Cc1ccccc1,FTLDJPRFCGDUFH-UHFFFAOYSA-N,467.314792172,3.2401000000000018,CN(C(=O)CN(CCO)CC(=O)N(C)C(C)(C)Cc1ccccc1)C(C)(C)Cc1ccccc1,OXETHAZAINE,0.36077,0.50677,0.43377,
44260845,COC(=O)Nc1nc2ccc(S(=O)c3ccccc3)cc2[nH]1,BEZZFPOZAYTVHN-UHFFFAOYSA-N,315.06776227600005,2.9079000000000006,COC(=O)Nc1nc2ccc(S(=O)c3ccccc3)cc2[nH]1,OXFENDAZOLE,0.99479,0.98517,0.98998,
54380308,CCCOc1ccc2nc(NC(=O)OC)[nH]c2c1,RAOCRURYZCVHMG-UHFFFAOYSA-N,249.11134134,2.5300000000000002,CCCOc1ccc2nc(NC(=O)OC)[nH]c2c1,OXIBENDAZOLE,1.2963,1.1384,1.21735,
47596851,Clc1ccc(CO/N=C(\Cn2ccnc2)c2ccc(Cl)cc2Cl)c(Cl)c1.O=[N+]([O-])O,WVNOAGNOIPTWPT-UHFFFAOYSA-N,489.97691564799993,5.770100000000003,Clc1ccc(CO/N=C(\Cn2ccnc2)c2ccc(Cl)cc2Cl)c(Cl)c1.O=[N+]([O-])O,OXICONAZOLE NITRATE,0.75451,1.0901,0.922305,
15648367,Cl.NCCc1cc(O)c(O)cc1O,QLMRJHFAGVFUAC-UHFFFAOYSA-N,205.050570924,0.7263999999999999,Cl.NCCc1cc(O)c(O)cc1O,OXIDOPAMINE HYDROCHLORIDE,0.96824,0.96569,0.966965,
90598278,N[C@@H](CCC(=O)N[C@@H](CSSC[C@H](NC(=O)CC[C@H](N)C(=O)O)C(=O)NCC(=O)O)C(=O)NCC(=O)O)C(=O)O,YPZRWBKMTBYPTK-BJDJZHNGSA-N,612.151962464,-3.8767999999999985,N[C@@H](CCC(=O)N[C@@H](CSSC[C@H](NC(=O)CC[C@H](N)C(=O)O)C(=O)NCC(=O)O)C(=O)NCC(=O)O)C(=O)O,OXIGLUTATIONE,0.93537,0.9002,0.917785,
10224343,O=C(O)c1ccc[n+]([O-])c1,FJCFFCXMEXZEIM-UHFFFAOYSA-N,139.02694302,0.01819999999999994,O=C(O)c1ccc[n+]([O-])c1,OXINIACIC ACID,1.1558,0.92557,1.040685,
99102346,NC(=O)CN1CC(O)CC1=O,IHLAQQPQKRMGSS-UHFFFAOYSA-N,158.06914218,-1.9350999999999996,NC(=O)CN1CC(O)CC1=O,OXIRACETAM,0.95994,0.88326,0.9216,
54320379,CCN(CC)CCc1nc(-c2ccccc2)no1.O=C(O)CC(O)(CC(=O)O)C(=O)O,RBZIGQJSMCOHSS-UHFFFAOYSA-N,437.1798148239999,1.3723999999999996,CCN(CC)CCc1nc(-c2ccccc2)no1.O=C(O)CC(O)(CC(=O)O)C(=O)O,OXOLAMINE CITRATE,0.96278,1.335,1.14889,
67991251,CCn1cc(C(=O)[O-])c(=O)c2cc3c(cc21)OCO3.[K+],IZMZWLYILJCPDW-UHFFFAOYSA-M,299.01960410000004,-2.882399999999998,CCn1cc(C(=O)[O-])c(=O)c2cc3c(cc21)OCO3.[K+],OXOLINIC ACID,0.1511,0.17398,0.16254,
74127133,COC[C@]12CN(C=O)C3[C@@H]4[C@H](OC)C1[C@]3(C1CC3(O)C(OC)C(O)C4(OC(C)=O)C1C3OC(=O)c1ccccc1)[C@@H](OC)C[C@H]2O,SVQZFPSKTHNMRD-DZCZYSFVSA-N,645.2785258159998,-0.2153999999999951,COC[C@]12CN(C=O)C3[C@@H]4[C@H](OC)C1[C@]3(C1CC3(O)C(OC)C(O)C4(OC(C)=O)C1C3OC(=O)c1ccccc1)[C@@H](OC)C[C@H]2O,OXONITINE,1.0436,1.1369,1.09025,
46071388,C[N+](C)(C)CCO.Cn1c(=O)c2[n-]cnc2n(C)c1=O,RLANKEDHRWMNRO-UHFFFAOYSA-M,283.164439532,-1.725699999999997,C[N+](C)(C)CCO.Cn1c(=O)c2[n-]cnc2n(C)c1=O,OXTRIPHYLLINE,0.85532,0.89167,0.873495,
43088854,COc1ccc(C(=O)c2ccccc2)c(O)c1,DXGLGDHPHMLXJC-UHFFFAOYSA-N,228.078644244,2.631800000000001,COc1ccc(C(=O)c2ccccc2)c(O)c1,OXYBENZONE,0.96058,1.0231,0.99184,
21344347,CCN(CC)CC#CCOC(=O)C(O)(c1ccccc1)C1CCCCC1.Cl,SWIJYDAEGSIQPZ-UHFFFAOYSA-N,393.207071564,3.7647000000000035,CCN(CC)CC#CCOC(=O)C(O)(c1ccccc1)C1CCCCC1.Cl,OXYBUTYNIN CHLORIDE,1.2256,1.212,1.2188,
11341486,O=C(Nc1cc(Cl)cc(Cl)c1O)c1c(O)c(Cl)cc(Cl)c1Cl,JYWIYHUXVMAGLG-UHFFFAOYSA-N,398.879031452,5.6171000000000015,O=C(Nc1cc(Cl)cc(Cl)c1O)c1c(O)c(Cl)cc(Cl)c1Cl,OXYCLOZANIDE,0.64265,0.71995,0.6813,
22359460,O=C1CCC[C@H]2[C@@H]3CCC[N+]4([O-])CCC[C@H](CN12)[C@H]34,XVPBINOPNYFXID-GALOSNBCSA-N,264.183778008,1.8842999999999999,O=C1CCC[C@H]2[C@@H]3CCC[N+]4([O-])CCC[C@H](CN12)[C@H]34,OXYMATRINE,0.92573,0.8366,0.881165,
74273188,Cc1cc(C(C)(C)C)c(O)c(C)c1CC1=NCCN1.Cl,BEEDODBODQVSIM-UHFFFAOYSA-N,296.16554110000004,3.2725400000000024,Cc1cc(C(C)(C)C)c(O)c(C)c1CC1=NCCN1.Cl,OXYMETAZOLINE HYDROCHLORIDE,0.92336,1.1254,1.02438,
89154595,CCCCC1C(=O)N(c2ccccc2)N(c2ccc(O)cc2)C1=O,HFHZKZSRXITVMK-UHFFFAOYSA-N,324.14739249999997,3.493400000000002,CCCCC1C(=O)N(c2ccccc2)N(c2ccc(O)cc2)C1=O,OXYPHENBUTAZONE,1.0232,1.0286,1.0259,
21641591,CN1CCCN=C1COC(=O)C(O)(c1ccccc1)C1CCCCC1.Cl,WXAYTPABEADAAB-UHFFFAOYSA-N,380.18667046800005,3.1535000000000015,CN1CCCN=C1COC(=O)C(O)(c1ccccc1)C1CCCCC1.Cl,OXYPHENCYCLIMINE HYDROCHLORIDE,0.91481,1.0198,0.967305,
38146364,CC[N+](C)(CC)CCOC(=O)C(O)(c1ccccc1)C1CCCCC1.[Br-],UKLQXHUGTKWPSR-UHFFFAOYSA-M,427.172206048,0.48810000000000175,CC[N+](C)(CC)CCOC(=O)C(O)(c1ccccc1)C1CCCCC1.[Br-],OXYPHENONIUM BROMIDE,1.2125,1.3241,1.2683,
19214834,O=S(=O)(O)O.Oc1cccc2cccnc12,MRUMAIRJPMUAPZ-UHFFFAOYSA-N,243.020143388,1.2875999999999999,O=S(=O)(O)O.Oc1cccc2cccnc12,OXYQUINOLINE HEMISULFATE,0.16874,0.19173,0.180235,
49013197,CN(C)[C@@H]1C(O)=C(C(N)=O)C(=O)[C@@]2(O)C(O)=C3C(=O)c4c(O)cccc4[C@@](C)(O)[C@H]3[C@H](O)[C@@H]12.Cl,UBDNTYUBJLXUNN-IFLJXUKPSA-N,496.12485805999995,-0.8217999999999985,CN(C)[C@@H]1C(O)=C(C(N)=O)C(=O)[C@@]2(O)C(O)=C3C(=O)c4c(O)cccc4[C@@](C)(O)[C@H]3[C@H](O)[C@@H]12.Cl,OXYTETRACYCLINE,0.191,0.21126,0.20113,
11253836,Cl.O=C(O)/C=C/c1ccc(Cn2ccnc2)cc1,CWKFWBJJNNPGAM-UHFFFAOYSA-N,264.066555336,2.4510000000000005,Cl.O=C(O)/C=C/c1ccc(Cn2ccnc2)cc1,OZAGREL HYDROCHLORIDE,0.97668,1.0848,1.03074,
94789836,O=C(O)/C=C/c1ccc(Cn2ccnc2)cc1,SHZKQBHERIJWAO-UHFFFAOYSA-N,228.089877624,2.0292,O=C(O)/C=C/c1ccc(Cn2ccnc2)cc1,OZAGREL HYDROCHLORIDE,1.1064,1.2133,1.15985,
42153845,COc1ccc(C(=O)O)cc1,ZEYHEAKUIGZSGI-UHFFFAOYSA-N,152.047344116,1.3934,COc1ccc(C(=O)O)cc1,p-ANISIC ACID,0.98202,1.1958,1.08891,
10268329,COc1cc2c(cc1-c1cc3cc4ccoc4cc3oc1=O)OCO2,PENSQRMNZZWMGV-UHFFFAOYSA-N,336.0633881039999,3.943500000000003,COc1cc2c(cc1-c1cc3cc4ccoc4cc3oc1=O)OCO2,PACHYRRHIZIN,0.83716,0.86419,0.850675,
91394104,CC(=O)O[C@H]1C(=O)[C@@]2(C)C([C@H](OC(=O)c3ccccc3)[C@]3(O)C[C@H](OC(=O)[C@H](O)[C@@H](NC(=O)c4ccccc4)c4ccccc4)C(C)=C1C3(C)C)[C@]1(OC(C)=O)CO[C@@H]1C[C@@H]2O,RCINICONZNJXQF-VAZQATRQSA-N,853.330955312,3.7357000000000036,CC(=O)O[C@H]1C(=O)[C@@]2(C)C([C@H](OC(=O)c3ccccc3)[C@]3(O)C[C@H](OC(=O)[C@H](O)[C@@H](NC(=O)c4ccccc4)c4ccccc4)C(C)=C1C3(C)C)[C@]1(OC(C)=O)CO[C@@H]1C[C@@H]2O,PACLITAXEL,0.89369,1.0076,0.950645,
89425968,COc1ccc(C(C)=O)c(O)c1,UILPJVPSNHJFIK-UHFFFAOYSA-N,166.06299418,1.6034,COc1ccc(C(C)=O)c(O)c1,PAEONOL,1.0257,1.0925,1.0591,
25050313,Cc1nc2n(c(=O)c1CCN1CCC(c3noc4cc(F)ccc34)CC1)CCC[C@H]2O,PMXMIIMHBWHSKN-LJQANCHMSA-N,426.206718944,3.081320000000002,Cc1nc2n(c(=O)c1CCN1CCC(c3noc4cc(F)ccc34)CC1)CCC[C@H]2O,PALIPERIDONE,1.0028,1.183,1.0929,
94762631,COc1cc2c(cc1OC)-c1cc3ccc(OC)c(OC)c3c[n+]1CC2.[Cl-],RLQYRXCUPVKSAW-UHFFFAOYSA-M,387.123735864,0.3887999999999998,COc1cc2c(cc1OC)-c1cc3ccc(OC)c(OC)c3c[n+]1CC2.[Cl-],PALMATINE CHLORIDE,1.0316,1.0598,1.0457,
66717220,CCCCCCCCCCCCCCCC(=O)NCCO,HXYVTAGFYLMHSO-UHFFFAOYSA-N,299.282429424,4.576200000000004,CCCCCCCCCCCCCCCC(=O)NCCO,PALMIDROL [5mM],0.9489,1.0413,0.9951,
52873876,Cn1c(=O)c2[nH]c(Br)nc2n(C)c1=O,SKTFQHRVFFOHTQ-UHFFFAOYSA-N,257.975237564,-0.2772000000000001,Cn1c(=O)c2[nH]c(Br)nc2n(C)c1=O,PAMABROM,1.0915,1.0658,1.07865,
59782325,CN(C)CC(=O)OC[C@@H](O)[C@@H](O)[C@H](O)[C@@H](O)C(=O)[O-].[Na+],MKVDFFROCUECAJ-CKDSBIORSA-M,303.093010816,-7.711299999999996,CN(C)CC(=O)OC[C@@H](O)[C@@H](O)[C@H](O)[C@@H](O)C(=O)[O-].[Na+],PANGAMIC ACID SODIUM,1.1662,1.1775,1.17185,
14514652,CC(C)(CO)C(O)C(=O)NCCC(=O)NCCSSCCNC(=O)CCNC(=O)C(O)C(C)(C)CO,DJWYOLJPSHDSAL-UHFFFAOYSA-N,554.244406304,-1.628399999999993,CC(C)(CO)C(O)C(=O)NCCC(=O)NCCSSCCNC(=O)CCNC(=O)C(O)C(C)(C)CO,PANTETHINE,0.92781,1.0438,0.985805,
67263986,COc1ccnc(CS(=O)c2nc3cc(OC(F)F)ccc3[nH]2)c1OC,IQPSEEYGBUAQFF-UHFFFAOYSA-N,383.0751334,2.8843000000000005,COc1ccnc(CS(=O)c2nc3cc(OC(F)F)ccc3[nH]2)c1OC,PANTOPRAZOLE,1.0935,1.1231,1.1083,
24169846,CC(C)(CO)[C@@H](O)C(=O)NCCC(=O)[O-].[Na+],GQTHJBOWLPZUOI-FJXQXJEOSA-M,241.092616892,-5.373999999999996,CC(C)(CO)[C@@H](O)C(=O)NCCC(=O)[O-].[Na+],PANTOTHENIC ACID(d) Na salt,0.95018,0.90747,0.928825,
18029783,COc1ccc(Cc2nccc3cc(OC)c(OC)cc23)cc1OC.Cl,UOTMYNBWXDUBNX-UHFFFAOYSA-N,375.12373586399997,4.281800000000005,COc1ccc(Cc2nccc3cc(OC)c(OC)cc23)cc1OC.Cl,PAPAVERINE HYDROCHLORIDE,1.1418,0.97546,1.05863,
82698521,Oc1ccc(Cl)cc1,WXNZTHHGJRFXKQ-UHFFFAOYSA-N,128.00289246,2.0456,Oc1ccc(Cl)cc1,PARACHLOROPHENOL,0.93066,0.98444,0.95755,
31252634,CCC1(C)OC(=O)N(C)C1=O,VQASKUSHBVDKGU-UHFFFAOYSA-N,157.073893212,0.7637,CCC1(C)OC(=O)N(C)C1=O,PARAMETHADIONE,1.1156,0.87467,0.995135,
98223353,C#CCN(C)Cc1ccccc1.Cl,BCXCABRDBBWWGY-UHFFFAOYSA-N,195.081477128,2.1734000000000004,C#CCN(C)Cc1ccccc1.Cl,PARGYLINE HYDROCHLORIDE,1.1509,1.2043,1.1776,
11602276,NC[C@@H]1O[C@H](O[C@@H]2[C@@H](CO)OC(O[C@@H]3[C@@H](O)[C@H](N)C[C@H](N)[C@H]3O[C@H]3O[C@H](CO)[C@@H](O)[C@H](O)[C@H]3N)[C@@H]2O)[C@H](N)[C@@H](O)[C@@H]1O.O=S(=O)(O)O,LJRDOKAZOAKLDU-KYOKIHSVSA-N,713.263680664,-9.514500000000016,NC[C@@H]1O[C@H](O[C@@H]2[C@@H](CO)OC(O[C@@H]3[C@@H](O)[C@H](N)C[C@H](N)[C@H]3O[C@H]3O[C@H](CO)[C@@H](O)[C@H](O)[C@H]3N)[C@@H]2O)[C@H](N)[C@@H](O)[C@@H]1O.O=S(=O)(O)O,PAROMOMYCIN SULFATE,0.13947,0.16566,0.152565,
48940990,Cl.Fc1ccc([C@@H]2CCNC[C@H]2COc2ccc3c(c2)OCO3)cc1,GELRVIPPMNMYGS-RVXRQPKJSA-N,365.11939943199997,3.748300000000002,Cl.Fc1ccc([C@@H]2CCNC[C@H]2COc2ccc3c(c2)OCO3)cc1,PAROXETINE HYDROCHLORIDE,1.3524,1.0892,1.2208,
11451260,CCC(=O)c1ccc(O)cc1,RARSHUDCJQSEFJ-UHFFFAOYSA-N,150.06807956,1.9848999999999997,CCC(=O)c1ccc(O)cc1,PAROXYPROPIONE,0.80799,1.122,0.964995,
39960480,C=C1C(=O)O[C@@H]2C3O[C@]3(C)CC/C=C(\C)CC[C@@H]12,KTEXNACQROZXEV-OCLBVPJSSA-N,248.1412445,2.7620000000000013,C=C1C(=O)O[C@@H]2C3O[C@]3(C)CC/C=C(\C)CC[C@@H]12,PARTHENOLIDE,0.78408,0.96283,0.873455,
94957125,NNC(=O)c1ccncc1.Nc1ccc(C(=O)O)c(O)c1,RKPHTRVPGYGVQD-UHFFFAOYSA-N,290.101504928,0.3576999999999991,NNC(=O)c1ccncc1.Nc1ccc(C(=O)O)c(O)c1,PASINIAZID,0.98061,0.94458,0.962595,
39011149,O=C1C=C2C(=CCOC2O)O1,ZRWPUFFVAOMMNM-UHFFFAOYSA-N,154.026608672,-0.2979000000000001,O=C1C=C2C(=CCOC2O)O1,PATULIN,0.10519,0.13899,0.12209,
30187031,CS(=O)(=O)O.C[C@H]1COc2c(C3(N)CC3)c(F)cc3c(=O)c(C(=O)O)cn1c23,UDHGFPATQWQARM-FJXQXJEOSA-N,414.089700168,1.2439999999999996,CS(=O)(=O)O.C[C@H]1COc2c(C3(N)CC3)c(F)cc3c(=O)c(C(=O)O)cn1c23,PAZUFLOXACIN MESYLATE,0.13751,0.16536,0.151435,
14681867,COc1ccc(-c2cc(=O)c3c(O)c(OC)c(O[C@H]4O[C@H](CO[C@@H]5O[C@@H](C)[C@H](O)[C@@H](O)[C@H]5O)[C@@H](O)[C@H](O)[C@H]4O)cc3o2)cc1,DUXQKCCELUKXOE-NCNDPSPSSA-N,622.1897703879999,-0.7866999999999995,COc1ccc(-c2cc(=O)c3c(O)c(OC)c(O[C@H]4O[C@H](CO[C@@H]5O[C@@H](C)[C@H](O)[C@@H](O)[C@H]5O)[C@@H](O)[C@H](O)[C@H]4O)cc3o2)cc1,PECTOLINARIN,1.0803,1.0475,1.0639,
10408082,CCn1cc(C(=O)O)c(=O)c2cc(F)c(N3CCN(C)CC3)cc21.CS(=O)(=O)O,HQQSBEDKMRHYME-UHFFFAOYSA-N,429.13698470799994,1.1145000000000003,CCn1cc(C(=O)O)c(=O)c2cc(F)c(N3CCN(C)CC3)cc21.CS(=O)(=O)O,PEFLOXACIN MESYLATE,0.12296,0.15963,0.141295,
90946848,CCCCCCCCC(=O)O,FBUKVWPVBMHYJY-UHFFFAOYSA-N,158.130679816,2.821600000000001,CCCCCCCCC(=O)O,PELARGONIC ACID,1.1938,0.89842,1.04611,
43613386,CC(=O)CC1CCCCN1.Cl,FMOKUKPRJSMPOI-UHFFFAOYSA-N,177.092041812,1.5293999999999999,CC(=O)CC1CCCCN1.Cl,PELLETIERINE HYDROCHLORIDE,1.0303,0.94734,0.98882,
88103056,Nc1nc(=O)c2c(CCc3ccc(C(=O)N[C@@H](CCC(=O)[O-])C(=O)[O-])cc3)c[nH]c2[nH]1.[Na+].[Na+],NYDXNILOWQXUOF-GXKRWWSZSA-L,471.11307188800004,-7.99500000000001,Nc1nc(=O)c2c(CCc3ccc(C(=O)N[C@@H](CCC(=O)[O-])C(=O)[O-])cc3)c[nH]c2[nH]1.[Na+].[Na+],PEMETREXED,1.0893,0.94007,1.014685,
79496080,Cc1cccn2c(=O)c(-c3nnn[n-]3)cnc12.[K+],NMMVKSMGBDRONO-UHFFFAOYSA-N,266.031840524,-3.1838799999999994,Cc1cccn2c(=O)c(-c3nnn[n-]3)cnc12.[K+],PEMIROLAST POTASSIUM,1.1717,1.4101,1.2909,
23079123,CN1C(C)(C)CCCC1(C)C.O=C(O)C(O)C(O)C(=O)O,AAFNEINEQRQMTF-UHFFFAOYSA-N,305.183837584,0.5367000000000004,CN1C(C)(C)CCCC1(C)C.O=C(O)C(O)C(O)C(=O)O,PEMPIDINE TARTRATE,1.0327,1.0066,1.01965,
19542998,CC(C)(C)NC[C@H](O)COc1ccccc1C1CCCC1.O=S(=O)(O)O,KTXVDQNRHZQBOR-RSAXXLAASA-N,389.1872087119999,2.8192000000000004,CC(C)(C)NC[C@H](O)COc1ccccc1C1CCCC1.O=S(=O)(O)O,PENBUTOLOL SULFATE,0.96635,0.96701,0.96668,
23558735,OC1(c2ccc(Cl)c(C(F)(F)F)c2)CCN(CCCC(c2ccc(F)cc2)c2ccc(F)cc2)CC1,MDLAAYDRRZXJIF-UHFFFAOYSA-N,523.170133264,7.532700000000006,OC1(c2ccc(Cl)c(C(F)(F)F)c2)CCN(CCCC(c2ccc(F)cc2)c2ccc(F)cc2)CC1,PENFLURIDOL,1.0142,1.1632,1.0887,
57388965,CC(C)(S)[C@H](N)C(=O)O.NCCO,VFQYWICBKXXPNQ-AENDTGMFSA-N,210.103813436,-0.9558999999999993,CC(C)(S)[C@H](N)C(=O)O.NCCO,PENICILLAMINE ETHANOLAMINE SALT,1.2156,1.4369,1.32625,
64734071,CC1(C)S[C@@H]2[C@H](NC(=O)Cc3ccccc3)C(=O)N2[C@H]1C(=O)[O-].[K+],IYNDLOXRXUOGIU-LQDWTQKMSA-M,372.05460970400003,-3.4698999999999973,CC1(C)S[C@@H]2[C@H](NC(=O)Cc3ccccc3)C(=O)N2[C@H]1C(=O)[O-].[K+],PENICILLIN G POTASSIUM,0.38722,0.50725,0.447235,
98158215,CC1(C)S[C@@H]2[C@H](NC(=O)COc3ccccc3)C(=O)N2[C@H]1C(=O)[O-].[K+],HCTVWSOKIJULET-LQDWTQKMSA-M,388.04952432399995,-3.633599999999997,CC1(C)S[C@@H]2[C@H](NC(=O)COc3ccccc3)C(=O)N2[C@H]1C(=O)[O-].[K+],PENICILLIN V POTASSIUM,0.31729,0.17065,0.24397,
13946057,Oc1c(Cl)c(Cl)c(Cl)c(Cl)c1Cl,IZUPBVBPLAPZRR-UHFFFAOYSA-N,263.847003052,4.6592,Oc1c(Cl)c(Cl)c(Cl)c(Cl)c1Cl,PENTACHLOROPHENOL,0.81702,0.76027,0.788645,
11325069,CSCC[C@H](NC(=O)[C@H](Cc1c[nH]c2ccccc12)NC(=O)CCNC(=O)OC(C)(C)C)C(=O)N[C@@H](CC(=O)O)C(=O)N[C@@H](Cc1ccccc1)C(N)=O,NEYNJQRKHLUJRU-DZUOILHNSA-N,767.331247148,1.5202000000000044,CSCC[C@H](NC(=O)[C@H](Cc1c[nH]c2ccccc12)NC(=O)CCNC(=O)OC(C)(C)C)C(=O)N[C@@H](CC(=O)O)C(=O)N[C@@H](Cc1ccccc1)C(N)=O,PENTAGASTRIN,0.98438,1.027,1.00569,
10109685,N=C(N)c1ccc(OCCCCCOc2ccc(C(=N)N)cc2)cc1.O=S(=O)(O)CCO.O=S(=O)(O)CCO,YBVNFKZSMZGRAD-UHFFFAOYSA-N,592.1872853519999,0.615840000000003,N=C(N)c1ccc(OCCCCCOc2ccc(C(=N)N)cc2)cc1.O=S(=O)(O)CCO.O=S(=O)(O)CCO,PENTAMIDINE ISETHIONATE,1.0448,0.89457,0.969685,
35887016,O=C(O)CN(CCN(CC(=O)O)CC(=O)O)CCN(CC(=O)O)CC(=O)O,QPCDCPDFJACHGM-UHFFFAOYSA-N,393.13834393599996,-2.6845999999999934,O=C(O)CN(CCN(CC(=O)O)CC(=O)O)CCN(CC(=O)O)CC(=O)O,PENTETIC ACID,0.86439,0.89231,0.87835,
64648847,C[N+]1(CCCCC[N+]2(C)CCCC2)CCCC1.O=C([O-])C(O)C(O)C(=O)O.O=C([O-])C(O)C(O)C(=O)O,HSMKTIKKPMTUQH-UHFFFAOYSA-L,538.2737747839998,-4.277099999999989,C[N+]1(CCCCC[N+]2(C)CCCC2)CCCC1.O=C([O-])C(O)C(O)C(=O)O.O=C([O-])C(O)C(O)C(=O)O,PENTOLINIUM TARTRATE,1.3096,1.0391,1.17435,
46691242,CC(=O)CCCCn1c(=O)c2c(ncn2C)n(C)c1=O,BYPFEZZEUUWMEJ-UHFFFAOYSA-N,278.13789043599996,0.19300000000000006,CC(=O)CCCCn1c(=O)c2c(ncn2C)n(C)c1=O,PENTOXIFYLLINE,1.1058,1.1685,1.13715,
56255774,C1CCc2nnnn2CC1,CWRVKFFCRWGWCS-UHFFFAOYSA-N,138.09054632,0.39949999999999997,C1CCc2nnnn2CC1,PENTYLENETETRAZOL,0.97072,0.92391,0.947315,
96608754,CCCN1C[C@H](CSC)C[C@@H]2c3cccc4[nH]cc(c34)CC21.CS(=O)(=O)O,UWCVGPLTGZWHGS-AZQQDQCQSA-N,410.1697848199999,3.775100000000002,CCCN1C[C@H](CSC)C[C@@H]2c3cccc4[nH]cc(c34)CC21.CS(=O)(=O)O,PERGOLIDE MESYLATE,1.3744,1.2139,1.29415,
14785360,C1CCC(C(CC2CCCCN2)C2CCCCC2)CC1.O=C(O)/C=C\C(=O)O,JDZOTSLZMQDFLG-UHFFFAOYSA-N,393.28790872799993,5.007200000000004,C1CCC(C(CC2CCCCN2)C2CCCCC2)CC1.O=C(O)/C=C\C(=O)O,PERHEXILINE MALEATE,0.23786,0.25448,0.24617,
10561287,C=C(C)[C@H]1CC=C(C(=O)O)CC1,CDSMSBUVCWHORP-QMMMGPOBSA-N,166.099379688,2.3736000000000006,C=C(C)[C@H]1CC=C(C(=O)O)CC1,PERILLIC ACID (-),1.1277,0.91618,1.02194,
40759886,C=C(C)C1CC=C(CO)CC1,NDTYTMIUWGWIMO-UHFFFAOYSA-N,152.120115132,2.2813,C=C(C)C1CC=C(CO)CC1,PERILLYL ALCOHOL,1.056,1.1103,1.08315,
45928322,CC(C)(C)N.CCC[C@H](N[C@@H](C)C(=O)N1[C@H](C(=O)O)C[C@@H]2CCCC[C@@H]21)C(=O)OCC,IYNMDWMQHSMDDE-MHXJNQAMSA-N,441.32027147599996,2.6842000000000015,CC(C)(C)N.CCC[C@H](N[C@@H](C)C(=O)N1[C@H](C(=O)O)C[C@@H]2CCCC[C@@H]21)C(=O)OCC,PERINDOPRIL ERBUMINE,1.0067,0.96234,0.98452,
11526898,CCC[C@H](N[C@@H](C)C(=O)N1[C@H](C(=O)O)C[C@@H]2CCCC[C@@H]21)C(=O)O,ODAIHABQVKJNIY-PEDHHIEDSA-N,340.19982199599997,1.4621,CCC[C@H](N[C@@H](C)C(=O)N1[C@H](C(=O)O)C[C@@H]2CCCC[C@@H]21)C(=O)O,PERINDOPRILAT,1.2071,0.92165,1.064375,
11457081,CC1(C)C(C=C(Cl)Cl)C1C(=O)OCc1cccc(Oc2ccccc2)c1,RLLPVAHGXHCWKJ-UHFFFAOYSA-N,390.07894985999997,6.113300000000004,CC1(C)C(C=C(Cl)Cl)C1C(=O)OCc1cccc(Oc2ccccc2)c1,PERMETHRIN,0.80744,0.98177,0.894605,
89120587,OCCN1CCN(CCCN2c3ccccc3Sc3ccc(Cl)cc32)CC1,RGCVKNLCSQQDEP-UHFFFAOYSA-N,403.14851113199995,3.942700000000003,OCCN1CCN(CCCN2c3ccccc3Sc3ccc(Cl)cc32)CC1,PERPHENAZINE,0.72547,0.88248,0.803975,
41511376,OC[C@@H](O)[C@@H](O)[C@@H](O)[C@H](O)[C@@H](O)CO,OXQKEKGBFMQTML-IECVIRLLSA-N,212.089602852,-4.224499999999998,OC[C@H](O)[C@@H](O)[C@H](O)[C@H](O)[C@H](O)CO,PERSEITOL,1.1037,0.86666,0.98518,
89102111,CO[C@H]1[C@H](O)[C@@H](O[C@H]2CC[C@]3(C=O)C4CC[C@]5(C)[C@@H](C6=CC(=O)OC6)CC[C@]5(O)C4CC[C@@H]3C2)O[C@@H](C)[C@@H]1O,PMTSPAGBAFCORP-WUHAFPOOSA-N,548.2985329879999,2.2891999999999997,CO[C@@H]1[C@@H](O)[C@H](C)O[C@H](O[C@H]2CC[C@]3(C=O)C4CC[C@]5(C)[C@@H](C6=CC(=O)OC6)CC[C@]5(O)C4CC[C@@H]3C2)[C@H]1O,PERUVOSIDE,1.0888,1.3172,1.203,
42402139,CC(C)=CCc1c(O)cc2oc(C)cc(=O)c2c1O,DTNGBIGBPPPNNB-UHFFFAOYSA-N,260.104858992,3.0213200000000016,CC(C)=CCc1c(O)cc2oc(C)cc(=O)c2c1O,PEUCENIN,0.78899,0.87476,0.831875,
64653388,NC(=O)NC(=O)Cc1ccccc1,XPFRXWCVYUEORT-UHFFFAOYSA-N,178.07422756,0.42399999999999954,NC(=O)NC(=O)Cc1ccccc1,PHENACEMIDE,0.98459,1.0301,1.007345,
37203290,CCOc1ccc(NC(C)=O)cc1,CPJSUEIXXCENMM-UHFFFAOYSA-N,179.094628656,2.0437,CCOc1ccc(NC(C)=O)cc1,PHENACETIN,1.0147,1.1041,1.0594,
50961630,Cl.NCC(=O)c1ccccc1,CVXGFPPAIUELDV-UHFFFAOYSA-N,171.04509162,1.2498,Cl.NCC(=O)c1ccccc1,PHENACYLAMINE HYDROCHLORIDE,0.9519,1.1227,1.0373,
39845412,Cl.Nc1ccc(/N=N/c2ccccc2)c(N)n1,QQBPIHBUCMDKFG-UHFFFAOYSA-N,249.07812306399998,3.0832000000000015,Cl.Nc1ccc(/N=N/c2ccccc2)c(N)n1,PHENAZOPYRIDINE HYDROCHLORIDE,0.9491,0.96648,0.95779,
54934725,NNCCc1ccccc1.O=S(=O)(O)O,RXBKMJIPNDOHFR-UHFFFAOYSA-N,234.067427928,0.0395999999999993,NNCCc1ccccc1.O=S(=O)(O)O,PHENELZINE SULFATE,0.14751,0.29912,0.223315,
81519526,Cl.NCCc1ccccc1,SKHIBNDAFWIOPB-UHFFFAOYSA-N,157.065827064,1.6096000000000001,Cl.NCCc1ccccc1,PHENETHYLAMINE HYDROCHLORIDE,1.1642,0.99255,1.078375,
10089276,Cl.NC(N)=N/C(N)=N/CCc1ccccc1,YSUCWSWKRIOILX-UHFFFAOYSA-N,241.10942319199998,0.23900000000000055,Cl.NC(N)=N/C(N)=N/CCc1ccccc1,PHENFORMIN HYDROCHLORIDE,0.88023,0.85547,0.86785,
55197526,Cl.N=C(N)NC(=N)NCCc1ccccc1,YSUCWSWKRIOILX-UHFFFAOYSA-N,241.10942319199998,0.6583399999999993,Cl.N=C(N)NC(=N)NCCc1ccccc1,PHENFORMIN HYDROCHLORIDE,0.99748,0.87116,0.93432,
10280207,O=C1c2ccccc2C(=O)C1c1ccccc1,NFBAXHOPROOJAW-UHFFFAOYSA-N,222.06807956,2.849400000000001,O=C1c2ccccc2C(=O)C1c1ccccc1,PHENINDIONE,1.1992,1.0215,1.11035,
53029295,CN(C)CCC(c1ccccc1)c1ccccn1.O=C(O)/C=C\C(=O)O,SSOXZAQUVINQSA-UHFFFAOYSA-N,356.17360724799994,2.877,CN(C)CCC(c1ccccc1)c1ccccn1.O=C(O)/C=C\C(=O)O,PHENIRAMINE MALEATE,0.98041,0.97975,0.98008,
85478953,CCC1(c2ccccc2)C(=O)NC(=O)NC1=O,DDBREPKUVSBGFI-UHFFFAOYSA-N,232.084792244,0.7004,CCC1(c2ccccc2)C(=O)NC(=O)NC1=O,PHENOBARBITAL,1.1672,0.99656,1.08188,
50084175,O=C1OC(c2ccc(O)cc2)(c2ccc(O)cc2)c2ccccc21,KJFMBFZCATUALV-UHFFFAOYSA-N,318.089208928,3.560100000000002,O=C1OC(c2ccc(O)cc2)(c2ccc(O)cc2)c2ccccc21,PHENOLPHTHALEIN,1.2107,1.0032,1.10695,
35111676,O=S1(=O)OC(c2ccc(O)cc2)(c2ccc(O)cc2)c2ccccc21,BELBBZDIHDAJOR-UHFFFAOYSA-N,354.056194548,3.108600000000001,O=S1(=O)OC(c2ccc(O)cc2)(c2ccc(O)cc2)c2ccccc21,PHENOLSULFONPHTHALEIN,1.0134,1.0021,1.00775,
18642798,c1ccc2c(c1)Nc1ccccc1S2,WJFKNYWRSNBZNX-UHFFFAOYSA-N,199.045570288,3.894800000000001,c1ccc2c(c1)Nc1ccccc1S2,PHENOTHIAZINE,0.93836,0.95339,0.945875,
16581508,CC(C)=CC1C(C(=O)OCc2cccc(Oc3ccccc3)c2)C1(C)C,SBNFWQZLDJGRLK-UHFFFAOYSA-N,350.18819469199997,5.760500000000005,CC(C)=CC1C(C(=O)OCc2cccc(Oc3ccccc3)c2)C1(C)C,PHENOTHRIN,0.98854,1.0184,1.00347,
74211684,CC(COc1ccccc1)N(CCCl)Cc1ccccc1.Cl,VBCPVIWPDJVHAN-UHFFFAOYSA-N,339.115669716,4.616700000000005,CC(COc1ccccc1)N(CCCl)Cc1ccccc1.Cl,PHENOXYBENZAMINE HYDROCHLORIDE,0.95049,0.90361,0.92705,
68641301,CN1C(=O)CC(c2ccccc2)C1=O,WLWFNJKHKGIJNW-UHFFFAOYSA-N,189.078978592,1.1588999999999998,CN1C(=O)CC(c2ccccc2)C1=O,PHENSUCCIMIDE,0.90129,0.90057,0.90093,
10323511,Cc1ccc(N(CC2=NCCN2)c2cccc(O)c2)cc1.Cl,TUEJFGFQYKDAPM-UHFFFAOYSA-N,317.12948994,3.2622200000000023,Cc1ccc(N(CC2=NCCN2)c2cccc(O)c2)cc1.Cl,PHENTOLAMINE HYDROCHLORIDE,0.9419,0.9947,0.9683,
12379323,Nc1ccc(C(=O)Oc2ccccc2)c(O)c1,DNVVZWSVACQWJE-UHFFFAOYSA-N,229.073893212,2.1936,Nc1ccc(C(=O)Oc2ccccc2)c(O)c1,PHENYL AMINOSALICYLATE,0.93905,1.1315,1.035275,
88296982,Cl.N[C@@H](Cc1ccccc1)C(=O)O,ZAIZDXVMSSDZFA-QRPNPIFTSA-N,201.055656304,1.0628,Cl.N[C@@H](Cc1ccccc1)C(=O)O,PHENYLALANINE (L) HYDROCHLORIDE,0.91159,0.86494,0.888265,
70725982,CCCCC1C(=O)N(c2ccccc2)N(c2ccccc2)C1=O,VYMDGNCVAMGZFE-UHFFFAOYSA-N,308.15247787999994,3.7878000000000025,CCCCC1C(=O)N(c2ccccc2)N(c2ccccc2)C1=O,PHENYLBUTAZONE,1.0667,0.97741,1.022055,
11563268,OCCc1ccccc1,WRMNZCZEMHIOCP-UHFFFAOYSA-N,122.07316494,1.2214,OCCc1ccccc1,PHENYLETHYL ALCOHOL,0.90223,0.90005,0.90114,
57193273,CC(=O)O[Hg]c1ccccc1,XEBWQGVWTUSTLN-UHFFFAOYSA-M,338.023072496,0.8725,CC(=O)O[Hg]c1ccccc1,PHENYLMERCURIC ACETATE,0.17521,0.17288,0.174045,
61793791,O=C1[N-]C(=O)C(c2ccccc2)(c2ccccc2)N1.[Na+],FJPYVLNWWICYDW-UHFFFAOYSA-M,274.07182187200004,-0.4423000000000005,O=C1[N-]C(=O)C(c2ccccc2)(c2ccccc2)N1.[Na+],PHENYTOIN SODIUM,0.99468,1.0481,1.02139,
68151575,CC(=O)c1c(O)cc(O)cc1O,XLEYFDVVXLMULC-UHFFFAOYSA-N,168.042258736,1.006,CC(=O)c1c(O)cc(O)cc1O,PHLORACETOPHENONE,0.92318,0.9135,0.91834,
11063944,O=C(CCc1ccc(O)cc1)c1c(O)cc(O)cc1O,VGEREEWJJVICBM-UHFFFAOYSA-N,274.084123548,2.324500000000001,O=C(CCc1ccc(O)cc1)c1c(O)cc(O)cc1O,PHLORETIN,1.2864,1.0358,1.1611,
42882570,O=C(CCc1ccc(O)cc1)c1c(O)cc(O)cc1O[C@@H]1O[C@H](CO)[C@@H](O)[C@H](O)[C@H]1O,IOUVKUPGCMBWBT-QNDFHXLGSA-N,436.13694696799985,-0.2024000000000002,O=C(CCc1ccc(O)cc1)c1c(O)cc(O)cc1O[C@@H]1O[C@H](CO)[C@@H](O)[C@H](O)[C@H]1O,PHLORIDZIN,1.1102,0.90144,1.00582,
55108940,CC(=O)NS(=O)(=O)c1ccc(NC(=O)c2ccccc2C(=O)O)cc1,SNWQKAWITMVCQW-UHFFFAOYSA-N,362.0572571679999,1.4619000000000002,CC(=O)NS(=O)(=O)c1ccc(NC(=O)c2ccccc2C(=O)O)cc1,PHTHALYLSULFACETAMIDE,0.79935,1.1387,0.969025,
90672563,O=C(O)c1ccccc1C(=O)Nc1ccc(S(=O)(=O)Nc2nccs2)cc1,PBMSWVPMRUJMPE-UHFFFAOYSA-N,403.02966251600003,2.894400000000001,O=C(O)c1ccccc1C(=O)Nc1ccc(S(=O)(=O)Nc2nccs2)cc1,PHTHALYLSULFATHIAZOLE,1.028,0.93661,0.982305,
80763952,COc1cc(O)c2c(c1)C(=O)c1cc(C)cc(O)c1C2=O,FFWOKTFYGVYKIR-UHFFFAOYSA-N,284.068473484,2.1902200000000005,COc1cc(O)c2c(c1)C(=O)c1cc(C)cc(O)c1C2=O,PHYSCION,1.1533,1.0717,1.1125,
11273721,CNC(=O)Oc1ccc2c(c1)[C@]1(C)CCN(C)[C@@H]1N2C,PIJVFDBKTWXHHD-HIFRSBDPSA-N,275.163376912,1.7739,CNC(=O)Oc1ccc2c(c1)[C@]1(C)CCN(C)[C@@H]1N2C,PHYSOSTIGMINE,1.1617,0.96371,1.062705,
58147535,CNC(=O)Oc1ccc2c(c1)[C@]1(C)CCN(C)[C@@H]1N2C.O=C(O)c1ccccc1O,HZOTZTANVBDFOF-PBCQUBLHSA-N,413.19507096399997,2.8643000000000014,CNC(=O)Oc1ccc2c(c1)[C@]1(C)CCN(C)[C@@H]1N2C.O=C(O)c1ccccc1O,PHYSOSTIGMINE SALICYLATE,0.86915,0.91025,0.8897,
74611186,CNC(=O)Oc1ccc2c(c1)[C@]1(C)CCN(C)[C@@H]1N2C.O=S(=O)(O)O,LLIODTIILSCNOH-PBCQUBLHSA-N,373.130756456,1.1211000000000004,CNC(=O)Oc1ccc2c(c1)[C@]1(C)CCN(C)[C@@H]1N2C.O=S(=O)(O)O,PHYSOSTIGMINE SULFATE,1.2061,1.1271,1.1666,
85797639,C/C(=C\CO)CC[C@H](C)CCC[C@H](C)CCCC(C)C,VNYGDSNUPVEJKI-QZTJIDSGSA-N,282.292265836,5.974000000000006,C/C(=C\CO)CC[C@H](C)CCC[C@H](C)CCCC(C)C,PHYTOL,1.0876,0.88839,0.987995,
86254417,CC1=C(C/C=C(\C)CCC[C@H](C)CCC[C@H](C)CCCC(C)C)C(=O)c2ccccc2C1=O,MBWXNTAXLNYFJB-DNQXCXABSA-N,450.3497807119999,9.1576,CC1=C(C/C=C(\C)CCC[C@H](C)CCC[C@H](C)CCCC(C)C)C(=O)c2ccccc2C1=O,PHYTONADIONE [5mM],1.1931,1.2309,1.212,
41472861,OC[C@H]1O[C@H](Oc2cc(O)cc(/C=C/c3ccc(O)cc3)c2)[C@H](O)[C@@H](O)[C@@H]1O,HSTZMXCBWJGKHG-OBKDMQGPSA-N,390.13146766399996,0.44689999999999946,OC[C@H]1O[C@H](Oc2cc(O)cc(/C=C/c3ccc(O)cc3)c2)[C@H](O)[C@@H](O)[C@@H]1O,PICEID,1.1331,1.2445,1.1888,
24843303,NCc1cccnc1,HDOUGSFASVGDCS-UHFFFAOYSA-N,108.06874825599999,0.5403,NCc1cccnc1,PICOLAMINE,0.90667,0.91136,0.909015,
77213960,OCc1ccccn1,SHNUBALDGXWUJI-UHFFFAOYSA-N,109.052763844,0.5739,OCc1ccccn1,PICONOL,0.94979,1.051,1.000395,
74562528,COc1cc([C@@H]2c3cc4c(cc3[C@H](O)[C@H]3COC(=O)[C@@H]23)OCO4)cc(OC)c1OC,YJGVMLPVUAXIQN-HAEOHBJNSA-N,414.1314676639999,2.4092000000000002,COc1cc([C@@H]2c3cc4c(cc3[C@H](O)[C@H]3COC(=O)[C@@H]23)OCO4)cc(OC)c1OC,PICROPODOPHYLLIN,1.1217,1.1461,1.1339,
79948233,CC(C)(O)[C@@H]1[C@H]2OC(=O)[C@@H]1[C@]1(O)C[C@H]3O[C@]34C(=O)O[C@H]2[C@]14C,RYEFFICCPKWYML-QCGISDTRSA-N,310.105252916,-0.8672,CC(C)(O)[C@H]1[C@@H]2C(=O)O[C@H]1[C@H]1OC(=O)[C@@]34O[C@@H]3C[C@]2(O)[C@@]14C,PICROTIN,1.1015,1.0454,1.07345,
91375988,C=C(C)[C@@H]1[C@H]2OC(=O)[C@@H]1[C@]1(O)C[C@H]3O[C@]34C(=O)O[C@H]2[C@]14C,PIMZUZSSNYHVCU-YKWPQBAZSA-N,292.094688232,-0.062000000000000444,C=C(C)[C@H]1[C@@H]2C(=O)O[C@H]1[C@H]1OC(=O)[C@@]34O[C@@H]3C[C@]2(O)[C@@]14C,PICROTOXININ,1.06,1.275,1.1675,
81914194,O=C1CC[C@@H](C(=O)O)N1,ODHCTXKNWHHXJC-VKHMYHEASA-N,129.042593084,-0.6504000000000001,O=C1CC[C@@H](C(=O)O)N1,PIDOLIC ACID,1.068,0.91898,0.99349,
64430007,O=C1CC[C@@H](C(=O)N2CSC[C@H]2C(=O)O)N1,UUTKICFRNVKFRG-WDSKDSINSA-N,244.051777864,-0.7488999999999997,O=C1CC[C@@H](C(=O)N2CSC[C@H]2C(=O)O)N1,PIDOTIMOD,0.90391,0.9697,0.936805,
13032267,CC[C@@H]1C(=O)OC[C@@H]1Cc1cncn1C.O=[N+]([O-])O,PRZXEPJJHQYOGF-GNAZCLTHSA-N,271.11682064400003,0.8141000000000003,CC[C@@H]1C(=O)OC[C@@H]1Cc1cncn1C.O=[N+]([O-])O,PILOCARPINE NITRATE,0.93379,1.0317,0.982745,
10402815,Cl.N=C(N)NN,UBDZFAGVPPMTIT-UHFFFAOYSA-N,110.03592390399999,-1.2350300000000005,Cl.N=C(N)NN,PIMAGEDINE HYDROCHLORIDE,1.0194,0.97128,0.99534,
53325143,CN1CCC(=C2c3ccccc3Sc3ccccc32)CC1.O=C(O)/C=C\C(=O)O,IPANUAHQWFDVAG-UHFFFAOYSA-N,409.1347792159999,4.390500000000003,CN1CCC(=C2c3ccccc3Sc3ccccc32)CC1.O=C(O)/C=C\C(=O)O,PIMETHIXENE MALEATE,0.91474,0.66394,0.78934,
69107708,COc1ccc(-c2nc3cc(C4=NNC(=O)CC4C)ccc3[nH]2)cc1,GLBJJMFZWDBELO-UHFFFAOYSA-N,334.142975816,3.098600000000001,COc1ccc(-c2nc3cc(C4=NNC(=O)CC4C)ccc3[nH]2)cc1,PIMOBENDAN,1.126,0.97377,1.049885,
10428746,O=c1[nH]c2ccccc2n1C1CCN(CCCC(c2ccc(F)cc2)c2ccc(F)cc2)CC1,YVUQSNJEYSNKRX-UHFFFAOYSA-N,461.227868988,5.8570000000000055,O=c1[nH]c2ccccc2n1C1CCN(CCCC(c2ccc(F)cc2)c2ccc(F)cc2)CC1,PIMOZIDE,0.28035,0.31712,0.298735,
14264433,COc1c(OC)c2occc2c2oc(=O)ccc12,BQPRWZCEKZLBHL-UHFFFAOYSA-N,246.05282342,2.556400000000001,COc1c(OC)c2occc2c2oc(=O)ccc12,PIMPINELLIN,1.2127,1.2301,1.2214,
58935546,CC(N/C(=N/C#N)Nc1ccncc1)C(C)(C)C,IVVNZDGDKPTYHK-UHFFFAOYSA-N,245.16404560799998,2.3547800000000008,CC(N/C(=N/C#N)Nc1ccncc1)C(C)(C)C,PINACIDIL,1.0006,1.0991,1.04985,
60546287,CC(C)NCC(O)COc1cccc2[nH]ccc12,JZQKKSLKJUAGIC-UHFFFAOYSA-N,248.15247788,1.9055999999999995,CC(C)NCC(O)COc1cccc2[nH]ccc12,PINDOLOL,1.0573,1.0536,1.05545,
14667397,CCc1ccc(CCOc2ccc(CC3SC(=O)NC3=O)cc2)nc1.Cl,GHUUBYQTCDQWRA-UHFFFAOYSA-N,392.096141212,3.5814000000000026,CCc1ccc(CCOc2ccc(CC3SC(=O)NC3=O)cc2)nc1.Cl,PIOGLITAZONE HYDROCHLORIDE,0.88928,1.0459,0.96759,
11006341,NC(=O)C1(N2CCCCC2)CCN(CCCC(=O)c2ccc(F)cc2)CC1,AXKPFOAXAHJUAG-UHFFFAOYSA-N,375.23220541999996,2.5944000000000003,NC(=O)C1(N2CCCCC2)CCN(CCCC(=O)c2ccc(F)cc2)CC1,PIPAMPERONE,1.0598,0.88875,0.974275,
89463693,CCn1cc(C(=O)O)c(=O)c2cnc(N3CCNCC3)nc21,JOHZPMXAZQZXHR-UHFFFAOYSA-N,303.133139404,-0.08079999999999998,CCn1cc(C(=O)O)c(=O)c2cnc(N3CCNCC3)nc21,PIPEMIDIC ACID,1.041,0.86486,0.95293,
26852722,CC[N+]1(C)CCCC(OC(=O)C(O)(c2ccccc2)c2ccccc2)C1.[Br-],XEDCWWFPZMHXCM-UHFFFAOYSA-M,433.125255856,0.09860000000000158,CC[N+]1(C)CCCC(OC(=O)C(O)(c2ccccc2)c2ccccc2)C1.[Br-],PIPENZOLATE BROMIDE,0.95947,0.93042,0.944945,
20147718,CCN1CCN(C(=O)NC(C(=O)N[C@@H]2C(=O)N3[C@@H]2SC(C)(C)[C@@H]3C(=O)[O-])c2ccccc2)C(=O)C1=O.[Na+],WCMIIGXFCMNQDS-AEEWIYLZSA-M,539.145063452,-4.570999999999991,CCN1CCN(C(=O)NC(C(=O)N[C@@H]2C(=O)N3[C@@H](C(=O)[O-])C(C)(C)S[C@H]23)c2ccccc2)C(=O)C1=O.[Na+],PIPERACILLIN SODIUM,0.13986,0.15893,0.149395,
10523039,C1CNCCN1,GLUUGHFHXGJENI-UHFFFAOYSA-N,86.08439831999999,-0.8208,C1CNCCN1,PIPERAZINE,0.89622,0.95789,0.927055,
62912568,O=C(O)/C=C/C=C/c1ccc2c(c1)OCO2,RHBGITBPARBDPH-UHFFFAOYSA-N,218.0579088,2.0693,O=C(O)/C=C/C=C/c1ccc2c(c1)OCO2,PIPERIC ACID,1.0846,1.1355,1.11005,
16748368,CCN1CCCC(OC(=O)C(c2ccccc2)c2ccccc2)C1.Cl,RBGWCEWDAHDPEH-UHFFFAOYSA-N,359.165206752,4.267800000000005,CCN1CCCC(OC(=O)C(c2ccccc2)c2ccccc2)C1.Cl,PIPERIDOLATE HYDROCHLORIDE,1.2091,1.3503,1.2797,
66377290,O=C(/C=C/C=C/c1ccc2c(c1)OCO2)N1CCCCC1,MXXWOMGUGJBKIW-UHFFFAOYSA-N,285.136493468,2.997200000000001,O=C(/C=C/C=C/c1ccc2c(c1)OCO2)N1CCCCC1,PIPERINE,1.113,0.94887,1.030935,
58679613,CCCCOCCOCCOCc1cc2c(cc1CCC)OCO2,FIPWRIJSWJWJAI-UHFFFAOYSA-N,338.2093240599999,3.7177000000000024,CCCCOCCOCCOCc1cc2c(cc1CCC)OCO2,PIPERONYL BUTOXIDE,1.0404,1.0265,1.03345,
90035406,O=C(O)c1ccc2c(c1)OCO2,VDVJGIYXDVPQLP-UHFFFAOYSA-N,166.026608672,1.1134999999999997,O=C(O)c1ccc2c(c1)OCO2,PIPERONYLIC ACID,0.99005,1.2363,1.113175,
39987719,COc1cc(/C=C/C(=O)N2CCC=CC2=O)cc(OC)c1OC,VABYUUZNAVQNPG-UHFFFAOYSA-N,317.126322708,2.0407,COc1cc(/C=C/C(=O)N2CCC=CC2=O)cc(OC)c1OC,PIPLARTINE,0.94509,0.9508,0.947945,
72539403,O=C(CCBr)N1CCN(C(=O)CCBr)CC1,NJBFOOCLYDNZJN-UHFFFAOYSA-N,353.957851952,1.2272,O=C(CCBr)N1CCN(C(=O)CCBr)CC1,PIPOBROMAN,1.0956,1.286,1.1908,
10435699,NC(=O)CN1CCCC1=O,GMZVRMREEHBGGF-UHFFFAOYSA-N,142.07422756,-0.9059000000000004,NC(=O)CN1CCCC1=O,PIRACETAM,1.3065,1.2944,1.30045,
52695011,Cc1nc2ccccn2c(=O)c1CCN1CCC(C(=O)c2ccc(F)cc2)CC1,HXCNRYXBZNHDNE-UHFFFAOYSA-N,393.18525522799996,3.2794200000000027,Cc1nc2ccccn2c(=O)c1CCN1CCC(C(=O)c2ccc(F)cc2)CC1,PIRENPERONE,0.83592,1.0581,0.94701,
85938303,CN1CCN(CC(=O)N2c3ccccc3C(=O)Nc3cccnc32)CC1.Cl.Cl,FFNMBRCFFADNAO-UHFFFAOYSA-N,423.12288033600004,2.4030000000000005,CN1CCN(CC(=O)N2c3ccccc3C(=O)Nc3cccnc32)CC1.Cl.Cl,PIRENZEPINE HYDROCHLORIDE,1.1644,1.1177,1.14105,
15845413,Cc1ccc(=O)n(-c2ccccc2)c1,ISWRGOKTTBVCFA-UHFFFAOYSA-N,185.084063972,2.1459200000000003,Cc1ccc(=O)n(-c2ccccc2)c1,PIRFENIDONE,0.74191,0.82409,0.783,
89467422,c1cnc(N2CCN(Cc3ccc4c(c3)OCO4)CC2)nc1,OQDPVLVUJFGPGQ-UHFFFAOYSA-N,298.142975816,1.5274999999999999,c1cnc(N2CCN(Cc3ccc4c(c3)OCO4)CC2)nc1,PIRIBEDIL HYDROCHLORIDE,0.89242,0.88552,0.88897,
46829311,CC(N)O.Cc1cc(CC(C)CC(C)(C)C)n(O)c(=O)c1,JUAUJJPBJGQPET-UHFFFAOYSA-N,298.22564282,2.2922200000000004,CC(N)O.Cc1cc(CC(C)CC(C)(C)C)n(O)c(=O)c1,PIROCTONE OLAMINE,0.13999,0.1647,0.152345,
87821278,CCn1cc(C(=O)O)c(=O)c2cnc(N3CCCC3)nc21,RCIMBBZXSXFZBV-UHFFFAOYSA-N,288.122240372,1.1098000000000001,CCn1cc(C(=O)O)c(=O)c2cnc(N3CCCC3)nc21,PIROMIDIC ACID,1.0103,0.98392,0.99711,
88432477,CN1C(C(=O)Nc2ccccn2)=C(O)c2ccccc2S1(=O)=O,QYSPLQLAKJAUJT-UHFFFAOYSA-N,331.06267689599997,1.5809999999999997,CN1C(C(=O)Nc2ccccn2)=C(O)c2ccccc2S1(=O)=O,PIROXICAM,1.2612,1.1106,1.1859,
47406024,O=C(O)[C@H](O)[C@@](O)(Cc1ccc(O)cc1)C(=O)O,TUODPMGCCJSJRH-KWQFWETISA-N,256.05830272400004,-0.8041000000000003,O=C(O)[C@H](O)[C@@](O)(Cc1ccc(O)cc1)C(=O)O,PISCIDIC ACID,1.0105,0.96583,0.988165,
23672413,CN1CCC(=C2c3ccccc3CCc3sccc32)CC1.O=C(O)CC(O)C(=O)O,IWAWCPZVTXCFKD-UHFFFAOYSA-N,429.1609939639999,3.2808000000000006,CN1CCC(=C2c3ccccc3CCc3sccc32)CC1.O=C(O)CC(O)C(=O)O,PIZOTYLINE MALATE,1.035,0.91574,0.97537,
43375785,CC1=CC(=O)c2c(O)cccc2C1=O,VCMMXZQDRFWYSE-UHFFFAOYSA-N,188.047344116,1.7175,CC1=CC(=O)c2c(O)cccc2C1=O,PLUMBAGIN,0.77628,0.68064,0.72846,
62072482,COc1cc([C@@H]2c3cc4c(cc3[C@H](O)[C@H]3COC(=O)[C@H]23)OCO4)cc(OC)c1OC,YJGVMLPVUAXIQN-XVVDYKMHSA-N,414.1314676639999,2.4092000000000002,COc1cc([C@@H]2c3cc4c(cc3[C@H](O)[C@H]3COC(=O)[C@H]23)OCO4)cc(OC)c1OC,PODOFILOX,0.89267,0.90914,0.900905,
22866971,CC(C)c1c(O)c(-c2cc3c(c(C(C)C)c2O)CCC2C(C)(C)CCC[C@]32C)cc2c1CCC1C(C)(C)CCC[C@]21C,RFUVOURUUJLQSB-QFFMKFBWSA-N,570.443681096,11.07199999999999,CC(C)c1c(O)c(-c2cc3c(c(C(C)C)c2O)CCC2C(C)(C)CCC[C@]32C)cc2c1CCC1C(C)(C)CCC[C@]21C,PODOTOTARIN,1.0421,0.94111,0.991605,
87493465,CCC(C)CCCCC(=O)NC(CCN)C(=O)NC(C(=O)NC(CCN)C(=O)NC1CCNC(=O)C(C(C)O)NC(=O)C(CCN)NC(=O)C(CCN)NC(=O)C(CC(C)C)NC(=O)C(Cc2ccccc2)NC(=O)C(CCN)NC1=O)C(C)O.O=S(=O)(O)O,HFMDLUQUEXNBOP-UHFFFAOYSA-N,1300.7173067399995,-5.897600000000003,CCC(C)CCCCC(=O)NC(CCN)C(=O)NC(C(=O)NC(CCN)C(=O)NC1CCNC(=O)C(C(C)O)NC(=O)C(CCN)NC(=O)C(CCN)NC(=O)C(CC(C)C)NC(=O)C(Cc2ccccc2)NC(=O)C(CCN)NC1=O)C(C)O.O=S(=O)(O)O,POLYMYXIN B SULFATE,0.82595,0.15045,0.4882,
95616282,CC(C)=CCc1c2c(c3occ(-c4ccc(O)c(O)c4)c(=O)c3c1O)C=CC(C)(C)O2,GHCZYXUOYFOXIP-UHFFFAOYSA-N,420.1572884879999,5.2697000000000065,CC(C)=CCc1c2c(c3occ(-c4ccc(O)c(O)c4)c(=O)c3c1O)C=CC(C)(C)O2,POMIFERIN,0.99227,1.0709,1.031585,
52040373,CC[C@@H]([C@H](C)O)n1ncn(-c2ccc(N3CCN(c4ccc(OC[C@@H]5CO[C@@](Cn6cncn6)(c6ccc(F)cc6F)C5)cc4)CC3)cc2)c1=O,RAGOYPUPXAKGKH-XAKZXMRKSA-N,700.329708264,4.573200000000004,CC[C@@H]([C@H](C)O)n1ncn(-c2ccc(N3CCN(c4ccc(OC[C@@H]5CO[C@@](Cn6cncn6)(c6ccc(F)cc6F)C5)cc4)CC3)cc2)c1=O,POSACONAZOLE,0.92524,0.93664,0.93094,
87947013,Nc1ccc(C(=O)[O-])cc1.[K+],MZKKJVZIFIQOPP-UHFFFAOYSA-M,175.003560112,-3.3636999999999997,Nc1ccc(C(=O)[O-])cc1.[K+],POTASSIUM p-AMINOBENZOATE,1.2013,1.1952,1.19825,
19244277,C[n+]1ccccc1C=NO.[Cl-],HIGSLXSBYYMVKI-UHFFFAOYSA-N,172.040340588,-2.6767999999999983,C[n+]1ccccc1C=NO.[Cl-],PRALIDOXIME CHLORIDE,1.2653,1.0891,1.1772,
42788118,CS(=O)(=O)[O-].C[n+]1ccccc1/C=N/O,WWZYJJGFUIAWNW-UHFFFAOYSA-N,232.051777864,-0.5193999999999999,CS(=O)(=O)[O-].C[n+]1ccccc1/C=N/O,PRALIDOXIME MESYLATE,0.96975,0.95808,0.963915,
34459496,CCCN[C@H]1CCc2nc(N)sc2C1.Cl.Cl,QMNWXHSYPXQFSK-KLXURFKVSA-N,283.067673968,2.4258000000000006,CCCN[C@H]1CCc2nc(N)sc2C1.Cl.Cl,PRAMIPEXOLE DIHYDROCHLORIDE,0.91168,1.0521,0.98189,
91555810,CCCCOc1ccc(OCCCN2CCOCC2)cc1.Cl,SYCBXBCPLUFJID-UHFFFAOYSA-N,329.175771436,3.388400000000003,CCCCOc1ccc(OCCCN2CCOCC2)cc1.Cl,PRAMOXINE HYDROCHLORIDE,0.94245,1.0188,0.980625,
91340804,CC(C(=O)O)c1ccc2c(c1)Cc1cccnc1O2,TVQZAMVBTVNYLA-UHFFFAOYSA-N,255.089543276,2.9662000000000006,CC(C(=O)O)c1ccc2c(c1)Cc1cccnc1O2,PRANOPROFEN,1.0622,0.94463,1.003415,
95811655,C[C@]12CC[C@H](O)CC1=CCC1C2CC[C@]2(C)C(=O)CC[C@@H]12,FMGSKLZLMKYGDP-SNHNPKPASA-N,288.208930136,3.8792000000000026,C[C@]12CCC3C(CC=C4C[C@@H](O)CC[C@@]43C)[C@@H]1CCC2=O,PRASTERONE,0.96193,1.224,1.092965,
37002463,CC(=O)O[C@H]1CC[C@@]2(C)C(=CCC3C2CC[C@]2(C)C(=O)CCC32)C1,NCMZQTLCXHGLOK-KJBVPOJVSA-N,330.21949481999997,4.450000000000005,CC(=O)O[C@H]1CC[C@@]2(C)C(=CCC3C4CCC(=O)[C@@]4(C)CCC32)C1,PRASTERONE ACETATE,1.0553,1.1627,1.109,
11068879,CC(=O)Oc1cc2c(s1)CCN([C@H](C(=O)C1CC1)c1ccccc1F)C2,DTGLZDAWLRGWQN-IBGZPJMESA-N,373.11479271999997,3.8910000000000036,CC(=O)Oc1cc2c(s1)CCN([C@H](C(=O)C1CC1)c1ccccc1F)C2,PRASUGREL,1.4465,1.2289,1.3377,
86666867,CCC(C)C(=O)O[C@H]1C[C@H](O)C=C2C=C[C@H](C)[C@H](CC[C@@H](O)C[C@@H](O)CC(=O)[O-])C21.[Na+],VWBQYTRBTXKKOG-DCNQXXBASA-M,446.2280477399999,-1.8902999999999948,CCC(C)C(=O)O[C@H]1C[C@H](O)C=C2C=C[C@H](C)[C@H](CC[C@@H](O)C[C@@H](O)CC(=O)[O-])C21.[Na+],PRAVASTATIN SODIUM,0.99318,0.819,0.90609,
10202577,Cl.N=C(N)n1cccn1,RBZRMBCLZMEYEH-UHFFFAOYSA-N,146.035923904,0.04647000000000007,Cl.N=C(N)n1cccn1,PRAXADINE HYDROCHLORIDE,0.11894,0.13417,0.126555,
94672305,O=C(C1CCCCC1)N1CC(=O)N2CCc3ccccc3C2C1,FSVJFNAIGNNGKK-UHFFFAOYSA-N,312.183778008,2.5349000000000004,O=C(C1CCCCC1)N1CC(=O)N2CCc3ccccc3C2C1,PRAZIQUANTEL,1.1213,0.97663,1.048965,
97179283,C[C@]12C=CC(=O)C=C1CCC1C2[C@@H](O)C[C@@]2(C)C1CC[C@]2(O)C(=O)CO,OIGNJSKKLXVSLS-YDAVOWJHSA-N,360.1936739959999,1.5575999999999999,C[C@]12C[C@H](O)C3C(CCC4=CC(=O)C=C[C@@]43C)C1CC[C@]2(O)C(=O)CO,PREDNISOLONE,1.0625,0.94148,1.00199,
19015746,CC(=O)OCC(=O)[C@@]1(O)CCC2C3CCC4=CC(=O)C=CC4(C)C3[C@@H](O)C[C@@]21C,LRJOMUJRLNCICJ-AUGMLKDDSA-N,402.20423868,2.1284,CC(=O)OCC(=O)[C@@]1(O)CCC2C3CCC4=CC(=O)C=CC4(C)C3[C@@H](O)C[C@@]21C,PREDNISOLONE ACETATE,1.0514,1.0141,1.03275,
40333136,C[C@]12C=CC(=O)C=C1CCC1C2[C@@H](O)C[C@@]2(C)C1CC[C@]2(O)C(=O)COC(=O)CCC(=O)O,APGDTXUMTIZLCJ-PILPDLGISA-N,460.20971798399984,1.9732999999999998,C[C@]12C[C@H](O)C3C(CCC4=CC(=O)C=C[C@@]43C)C1CC[C@]2(O)C(=O)COC(=O)CCC(=O)O,PREDNISOLONE HEMISUCCINATE,0.67637,0.42646,0.551415,
80019137,C[C@]12C=CC(=O)C=C1CCC1C2[C@@H](O)C[C@@]2(C)C1CC[C@]2(O)C(=O)COP(=O)([O-])[O-].[Na+].[Na+],VJZLQIPZNBPASX-HLSWQIQTSA-L,484.1238930139999,-5.581399999999994,C[C@]12C[C@H](O)C3C(CCC4=CC(=O)C=C[C@@]43C)C1CC[C@]2(O)C(=O)COP(=O)([O-])[O-].[Na+].[Na+],PREDNISOLONE SODIUM PHOSPHATE,0.98231,1.006,0.994155,
73990965,C[C@]12C=CC(=O)C=C1CCC1C2C(=O)C[C@@]2(C)C1CC[C@]2(O)C(=O)CO,XOFYZVNMUHMLCC-BDQMTFAOSA-N,358.1780239319999,1.7658,C[C@]12CC(=O)C3C(CCC4=CC(=O)C=C[C@@]43C)C1CC[C@]2(O)C(=O)CO,PREDNISONE,1.0249,1.0325,1.0287,
28261135,CC(C)C[C@H](CN)CC(=O)O,AYXYPKUFHZROOJ-ZETCQYMHSA-N,159.125928784,1.0821,CC(C)C[C@H](CN)CC(=O)O,PREGABALIN,1.1857,0.89579,1.040745,
74186843,CC(=O)[C@H]1CCC2C3CC=C4C[C@@H](O)CC[C@]4(C)C3CC[C@@]21C,ORNBQBCIOKFOEO-WPVPORHCSA-N,316.240230264,4.515300000000004,CC(=O)[C@H]1CCC2C3CC=C4C[C@@H](O)CC[C@]4(C)C3CC[C@@]21C,PREGNENOLONE,1.0179,0.96812,0.99301,
58023480,CC(=O)[C@H]1CCC2C3CC=C4C[C@@H](OC(=O)CCC(=O)O)CC[C@]4(C)C3CC[C@@]21C,OZZAYJQNMKMUSD-NNEZGNMOSA-N,416.25627425199997,4.9310000000000045,CC(=O)[C@H]1CCC2C3CC=C4C[C@@H](OC(=O)CCC(=O)O)CC[C@]4(C)C3CC[C@@]21C,PREGNENOLONE SUCCINATE,1.018,1.4694,1.2437,
34754646,CC(C)=CCOc1cc2oc(=O)ccc2cc1O,AWEFUQDNSBBNCR-UHFFFAOYSA-N,246.089208928,2.8436000000000017,CC(C)=CCOc1cc2oc(=O)ccc2cc1O,PRENYLETIN,0.86548,1.0438,0.95464,
22489458,CS(=O)(=O)O.OC(CCN1CCCCC1)(c1ccccc1)c1ccccc1,VNJHUUNVDMYCRH-UHFFFAOYSA-N,391.181729408,3.302500000000002,CS(=O)(=O)O.OC(CCN1CCCCC1)(c1ccccc1)c1ccccc1,PRIDINOL METHANESULFONATE,0.88125,0.83651,0.85888,
10582194,CCCNC(C)C(=O)Nc1ccccc1C.Cl,BJPJNTKRKALCPP-UHFFFAOYSA-N,256.134240972,2.743420000000001,CCCNC(C)C(=O)Nc1ccccc1C.Cl,PRILOCAINE HYDROCHLORIDE,0.95477,0.96212,0.958445,
11676769,COc1cc(NC(C)CCCN)c2ncccc2c1.O=P(O)(O)O.O=P(O)(O)O,GJOHLWZHWQUKAU-UHFFFAOYSA-N,455.12225270399983,0.9255000000000004,COc1cc(NC(C)CCCN)c2ncccc2c1.O=P(O)(O)O.O=P(O)(O)O,PRIMAQUINE PHOSPHATE,0.9905,1.1336,1.06205,
10587219,CCC1(c2ccccc2)C(=O)NCNC1=O,DQMZLTXERSFNPB-UHFFFAOYSA-N,218.105527688,0.5378999999999999,CCC1(c2ccccc2)C(=O)NCNC1=O,PRIMIDONE,1.2643,1.2031,1.2337,
57585805,CCCC(C(=O)OCCN(CC)CC)(c1ccccc1)c1ccccc1.Cl,FHIKZROVIDCMJA-UHFFFAOYSA-N,389.212156944,5.079600000000006,CCCC(C(=O)OCCN(CC)CC)(c1ccccc1)c1ccccc1.Cl,PROADIFEN HYDROCHLORIDE,0.70612,0.68889,0.697505,
75839091,CCCN(CCC)S(=O)(=O)c1ccc(C(=O)O)cc1,DBABZHXKTCFAPX-UHFFFAOYSA-N,285.10347908800003,2.1955,CCCN(CCC)S(=O)(=O)c1ccc(C(=O)O)cc1,PROBENECID,0.97867,1.036,1.007335,
78817957,CC(C)(Sc1cc(C(C)(C)C)c(O)c(C(C)(C)C)c1)Sc1cc(C(C)(C)C)c(O)c(C(C)(C)C)c1,FYPMFJGVHOHGLL-UHFFFAOYSA-N,516.309572776,9.908299999999995,CC(C)(Sc1cc(C(C)(C)C)c(O)c(C(C)(C)C)c1)Sc1cc(C(C)(C)C)c(O)c(C(C)(C)C)c1,PROBUCOL,1.1895,1.5931,1.3913,
95144456,CCN(CC)CCNC(=O)c1ccc(N)cc1.Cl,ABTXGJFUQRCPNH-UHFFFAOYSA-N,271.145140004,1.7621999999999995,CCN(CC)CCNC(=O)c1ccc(N)cc1.Cl,PROCAINAMIDE HYDROCHLORIDE,1.3001,1.1391,1.2196,
63414308,CCN(CC)CCOC(=O)c1ccc(N)cc1.Cl,HCBIBCJNVBAKAB-UHFFFAOYSA-N,272.129155592,2.1892,CCN(CC)CCOC(=O)c1ccc(N)cc1.Cl,PROCAINE HYDROCHLORIDE,0.99015,1.1067,1.048425,
27859814,CNNCc1ccc(C(=O)NC(C)C)cc1,CPTBDICYNRMXFX-UHFFFAOYSA-N,221.152812228,1.0487999999999995,CNNCc1ccc(C(=O)NC(C)C)cc1,PROCARBAZINE HYDROCHLORIDE,1.0852,1.162,1.1236,
82780550,CN1CCN(CCCN2c3ccccc3Sc3ccc(Cl)cc32)CC1.O=S(=O)(O)CCS(=O)(=O)O,SWOUGRBFXFILIB-UHFFFAOYSA-N,563.0985263599999,3.342200000000001,CN1CCN(CCCN2c3ccccc3Sc3ccc(Cl)cc32)CC1.O=S(=O)(O)CCS(=O)(=O)O,PROCHLORPERAZINE EDISYLATE,0.66868,0.68376,0.67622,
65693119,O=C(O)CCc1nc2ccccc2[nH]1,XYWJNTOURDMTPI-UHFFFAOYSA-N,190.07422756,1.5800999999999998,O=C(O)CCc1nc2ccccc2[nH]1,PROCODAZOLE,1.2013,1.2724,1.23685,
55122521,Cl.OC(CCN1CCCC1)(c1ccccc1)C1CCCCC1,ZFSPFXJSEHCTTR-UHFFFAOYSA-N,323.20159226,4.362200000000004,Cl.OC(CCN1CCCC1)(c1ccccc1)C1CCCCC1,PROCYCLIDINE HYDROCHLORIDE,0.95919,0.92821,0.9437,
79040337,Nc1ccc2cc3ccc(N)cc3nc2c1.O=S(=O)(O)O,WSFHCKWLECYVBS-UHFFFAOYSA-N,307.06267689599997,1.8996000000000002,Nc1ccc2cc3ccc(N)cc3nc2c1.O=S(=O)(O)O,PROFLAVINE HEMISULFATE,0.62844,0.61807,0.623255,
17378510,CC(=O)[C@H]1CCC2C3CCC4=CC(=O)CC[C@]4(C)C3CC[C@@]21C,RJKFOVLPORLFTN-OYEBDCLDSA-N,314.2245802,4.723500000000005,CC(=O)[C@H]1CCC2C3CCC4=CC(=O)CC[C@]4(C)C3CC[C@@]21C,PROGESTERONE,1.0034,1.1516,1.0775,
74879260,CCCN(CCC)C(=O)C(CCC(=O)O)NC(=O)c1ccccc1,DGMKFQYCZXERLX-UHFFFAOYSA-N,334.189257312,2.2984,CCCN(CCC)C(=O)C(CCC(=O)O)NC(=O)c1ccccc1,PROGLUMIDE,1.1792,1.1817,1.18045,
86712352,CN(C)CCCN1c2ccccc2Sc2ccccc21.Cl,JIVSXRLRGOICGA-UHFFFAOYSA-N,320.111397352,4.662800000000004,CN(C)CCCN1c2ccccc2Sc2ccccc21.Cl,PROMAZINE HYDROCHLORIDE,0.91118,1.0098,0.96049,
42247465,CC(CN1c2ccccc2Sc2ccccc21)N(C)C.Cl,XXPDBLUZJRXNNZ-UHFFFAOYSA-N,320.111397352,4.6612000000000045,CC(CN1c2ccccc2Sc2ccccc21)N(C)C.Cl,PROMETHAZINE HYDROCHLORIDE,0.93275,1.0582,0.995475,
29716617,CC(C)NCC(O)c1ccc2ccccc2c1.Cl,QONLGXRPRAIDGI-UHFFFAOYSA-N,265.12334194,3.2930000000000024,CC(C)NCC(O)c1ccc2ccccc2c1.Cl,PRONETALOL HYDROCHLORIDE,0.96661,1.04,1.003305,
87803843,CCCNCC(O)COc1ccccc1C(=O)CCc1ccccc1.Cl,XWIHRGFIPXWGEF-UHFFFAOYSA-N,377.175771436,3.663200000000003,CCCNCC(O)COc1ccccc1C(=O)CCc1ccccc1.Cl,PROPAFENONE HYDROCHLORIDE,0.67108,1.0978,0.88444,
88870148,CC(C)[N+](C)(CCOC(=O)C1c2ccccc2Oc2ccccc21)C(C)C.[Br-],XLBIBBZXLMYSFF-UHFFFAOYSA-M,447.14090592,1.7348,CC(C)[N+](C)(CCOC(=O)C1c2ccccc2Oc2ccccc21)C(C)C.[Br-],PROPANTHELINE BROMIDE,0.8591,1.0765,0.9678,
58646702,CCCOc1ccc(C(=O)OCCN(CC)CC)cc1N.Cl,BFUUJUGQJUTPAF-UHFFFAOYSA-N,330.17102040400005,2.978000000000001,CCCOc1ccc(C(=O)OCCN(CC)CC)cc1N.Cl,PROPARACAINE HYDROCHLORIDE,1.1489,1.0507,1.0998,
48141613,C#CCOS(=O)OC1CCCCC1Oc1ccc(C(C)(C)C)cc1,ZYHMJXZULPZUED-UHFFFAOYSA-N,350.155180312,3.9192000000000027,C#CCOS(=O)OC1CCCCC1Oc1ccc(C(C)(C)C)cc1,PROPARGITE,1.2988,1.2299,1.26435,
11198291,O=C1CCO1,VEZXCJBBBCKRPI-UHFFFAOYSA-N,72.021129368,-0.06669999999999998,O=C1CCO1,PROPIOLACTONE,1.0236,1.2019,1.11275,
29828597,CC(C)c1cccc(C(C)C)c1O,OLBCVFGFOZPWHH-UHFFFAOYSA-N,178.135765196,3.6390000000000025,CC(C)c1cccc(C(C)C)c1O,PROPOFOL,1.1556,1.1141,1.13485,
11531022,CNC(=O)Oc1ccccc1OC(C)C,ISRUGXGCCGIOQO-UHFFFAOYSA-N,209.10519334,2.192,CNC(=O)Oc1ccccc1OC(C)C,PROPOXUR,1.1301,1.0232,1.07665,
94152633,CCCOc1cc(N)ccc1C(=O)OCCN(CC)CC.Cl,GITPCGSPKUQZTE-UHFFFAOYSA-N,330.17102040400005,2.978000000000002,CCCOc1cc(N)ccc1C(=O)OCCN(CC)CC.Cl,PROPOXYCAINE HYDROCHLORIDE,0.9288,1.2304,1.0796,
56908856,CC(C)NCC(O)COc1cccc2ccccc12.Cl,ZMRUPTIKESYGQW-UHFFFAOYSA-N,295.13390662399996,2.999300000000001,CC(C)NCC(O)COc1cccc2ccccc12.Cl,PROPRANOLOL HYDROCHLORIDE (+/-),0.63714,0.703,0.67007,
35970609,CCCc1cc(=O)[nH]c(=S)[nH]1,KNAHARQHSZJURB-UHFFFAOYSA-N,170.05138394,1.38499,CCCc1cc(=O)[nH]c(=S)[nH]1,PROPYLTHIOURACIL,0.80506,1.1825,0.99378,
35491417,C[C@@H]1O[C@@H](O[C@@H]2C=C3CCC4C(CC[C@]5(C)[C@@H](c6ccc(=O)oc6)CC[C@]45O)[C@@]3(C)CC2)C(O)C(O)[C@H]1O,MYEJFUXQJGHEQK-BACGYGAMSA-N,530.2879683039998,3.013800000000002,C[C@@H]1O[C@@H](O[C@@H]2C=C3CCC4C(CC[C@]5(C)[C@@H](c6ccc(=O)oc6)CC[C@]45O)[C@@]3(C)CC2)C(O)C(O)[C@H]1O,PROSCILLARIDIN A,0.96327,0.96666,0.964965,
19778086,CCCc1cc(C(N)=S)ccn1,VRDIULHPQTYCLN-UHFFFAOYSA-N,180.072119384,1.6683000000000001,CCCc1cc(C(N)=S)ccn1,PROTIONAMIDE,0.9706,0.93361,0.952105,
62280381,NC(=O)C1CCCN1C(=O)C(Cc1c[nH]cn1)NC(=O)C1CCC(=O)N1,XNSAINXGIQZQOO-UHFFFAOYSA-N,362.170253184,-1.808099999999996,NC(=O)C1CCCN1C(=O)C(Cc1c[nH]cn1)NC(=O)C1CCC(=O)N1,PROTIRELIN,1.0961,1.1934,1.14475,
71617182,C=CC1=C(C)c2cc3[nH]c(cc4nc(cc5[nH]c(cc1n2)c(C)c5CCC(=O)O)C(CCC(=O)O)=C4C)c(C)c3C=C,KSFOVUSSGSKXFI-UHFFFAOYSA-N,562.2580055679999,7.504040000000007,C=CC1=C(C)c2cc3[nH]c(cc4nc(cc5[nH]c(cc1n2)c(C)c5CCC(=O)O)C(CCC(=O)O)=C4C)c(C)c3C=C,PROTOPORPHYRIN IX,0.98998,1.1115,1.05074,
78342222,CNCCCC1c2ccccc2C=Cc2ccccc21.Cl,OGQDIIKRQRZXJH-UHFFFAOYSA-N,299.144077384,4.7237000000000045,CNCCCC1c2ccccc2C=Cc2ccccc21.Cl,PROTRYPTYLINE HYDROCHLORIDE,1.0491,1.088,1.06855,
97926329,CC(O)Cn1cnc2c1c(=O)n(C)c(=O)n2C,KYHQZNGJUGFTGR-UHFFFAOYSA-N,238.106590308,-1.1855,CC(O)Cn1cnc2c1c(=O)n(C)c(=O)n2C,PROXYPHYLLINE,0.99601,0.91898,0.957495,
94790366,Cc1oc(=O)oc1CN1CCN(c2cc3c(cc2F)c(=O)c(C(=O)O)c2n3C(C)S2)CC1,PWNMXPDKBYZCOO-UHFFFAOYSA-N,461.10568458,2.639820000000001,Cc1oc(=O)oc1CN1CCN(c2cc3c(cc2F)c(=O)c(C(=O)O)c2n3C(C)S2)CC1,PRULIFLOXACIN,0.13811,0.14952,0.143815,
50900183,CN[C@@H](C)[C@@H](O)c1ccccc1.Cl,BALXUFOVQVENIU-KXNXZCPBSA-N,201.092041812,1.7496999999999998,CN[C@@H](C)[C@@H](O)c1ccccc1.Cl,PSEUDOEPHEDRINE HYDROCHLORIDE,1.31,1.3202,1.3151,
52783068,CC1=CCc2c(cc3oc(C)cc(=O)c3c2O)OC1,IUIHYYSAVUBPQO-UHFFFAOYSA-N,258.089208928,2.688220000000001,CC1=CCc2c(cc3oc(C)cc(=O)c3c2O)OC1,PTAEROXYLIN,0.95656,0.98675,0.971655,
93691195,COc1cc(/C=C/c2ccc(O)cc2)cc(OC)c1,VLEUZFDZJKSGMX-UHFFFAOYSA-N,256.10994437200003,3.5798000000000023,COc1cc(/C=C/c2ccc(O)cc2)cc(OC)c1,PTEROSTILBENE,0.53966,0.52674,0.5332,
11218878,O=c1c(-c2ccc(O)cc2)coc2c(C3O[C@H](CO)[C@@H](O)[C@H](O)[C@H]3O)c(O)ccc12,HKEAFJYKMMKDOR-YWFAZRBLSA-N,416.11073221999993,0.3860999999999998,O=c1c(-c2ccc(O)cc2)coc2c(C3O[C@H](CO)[C@@H](O)[C@H](O)[C@H]3O)c(O)ccc12,PUERARIN,1.0407,1.0394,1.04005,
96605540,COc1ccc(C[C@H](N)C(=O)N[C@@H]2[C@@H](CO)OC(n3cnc4c(N(C)C)ncnc43)[C@@H]2O)cc1.Cl.Cl,MKSVFGKWZLUTTO-GTVUAWMESA-N,543.1763724520001,0.04990000000000083,COc1ccc(C[C@H](N)C(=O)N[C@@H]2[C@@H](CO)OC(n3cnc4c(N(C)C)ncnc43)[C@@H]2O)cc1.Cl.Cl,PUROMYCIN DIHYDROCHLORIDE,0.40697,0.41614,0.411555,
51577743,O=C1c2ccccc2C(=O)c2c(O)c(O)cc(O)c21,BBNQQADTFFCFGB-UHFFFAOYSA-N,256.03717335600004,1.5788000000000004,O=C1c2ccccc2C(=O)c2c(O)c(O)cc(O)c21,PURPURIN,1.0596,1.065,1.0623,
40282268,O=c1c(O)cccc2cc(O)c(O)c(O)c12,WDGFFVCWBZVLCE-UHFFFAOYSA-N,220.037173356,1.0223999999999998,O=c1c(O)cccc2cc(O)c(O)c(O)c12,PURPUROGALLIN,1.0125,1.0041,1.0083,
26132440,Cl.Cl.NCCCCN,XXWCODXIQWIHQN-UHFFFAOYSA-N,160.05340380799998,0.5276,Cl.Cl.NCCCCN,PUTRESCINE DIHYDROCHLORIDE,1.1617,0.90184,1.03177,
11120885,CN1CCCN=C1/C=C/c1cccs1.O=C(O)c1cc2ccccc2c(Cc2c(O)c(C(=O)O)cc3ccccc23)c1O,AQXXZDYPVDOQEE-UHFFFAOYSA-N,594.18245768,6.8867000000000065,CN1CCCN=C1/C=C/c1cccs1.O=C(O)c1cc2ccccc2c(Cc2c(O)c(C(=O)O)cc3ccccc23)c1O,PYRANTEL PAMOATE,0.78992,0.98681,0.888365,
73722151,NC(=O)c1cnccn1,IPEHBUMCGVEMRF-UHFFFAOYSA-N,123.04326178,-0.4245000000000001,NC(=O)c1cnccn1,PYRAZINAMIDE,0.98301,1.2047,1.093855,
13883558,C=C/C=C\CC1=C(C)[C@@H](OC(=O)[C@@H]2[C@@H](C=C(C)C)C2(C)C)CC1=O,ROVGZAWFACYCSP-NEWSRXKRSA-N,328.20384475599997,4.558200000000004,C=C/C=C\CC1=C(C)[C@@H](OC(=O)[C@@H]2[C@@H](C=C(C)C)C2(C)C)CC1=O,PYRETHRINS,1.2906,1.2792,1.2849,
10743510,CN(C)C(=O)Oc1ccc[n+](C)c1.[Br-],VNYBTNPBYXSMOO-UHFFFAOYSA-M,260.016039756,-2.4244999999999974,CN(C)C(=O)Oc1ccc[n+](C)c1.[Br-],PYRIDOSTIGMINE BROMIDE,1.0587,1.1126,1.08565,
28835356,Cc1ncc(CO)c(CO)c1O.Cl,ZUFQODAHGAHPFQ-UHFFFAOYSA-N,205.050570924,0.5020199999999997,Cc1ncc(CO)c(CO)c1O.Cl,PYRIDOXINE HYDROCHLORIDE,0.97325,0.74138,0.857315,
71412146,COc1ccc(CN(CCN(C)C)c2ccccn2)cc1.O=C(O)/C=C\C(=O)O,JXYWFNAQESKDNC-UHFFFAOYSA-N,401.1950709639999,2.3702000000000005,COc1ccc(CN(CCN(C)C)c2ccccn2)cc1.O=C(O)/C=C\C(=O)O,PYRILAMINE MALEATE,0.8887,0.96467,0.926685,
28517032,CCc1nc(N)nc(N)c1-c1ccc(Cl)cc1,WKSAUQYGYAYLPV-UHFFFAOYSA-N,248.08287409599998,2.5238000000000005,CCc1nc(N)nc(N)c1-c1ccc(Cl)cc1,PYRIMETHAMINE,0.23852,0.22286,0.23069,
58195732,CC(COc1ccc(Oc2ccccc2)cc1)Oc1ccccn1,NHDHVHZZCFYRSB-UHFFFAOYSA-N,321.136493468,4.720200000000004,CC(COc1ccc(Oc2ccccc2)cc1)Oc1ccccn1,PYRIPROXYFEN,1.0418,1.4036,1.2227,
55714748,[O-][n+]1ccccc1S[Zn]Sc1cccc[n+]1[O-],OTPSWLRZXRHDNX-UHFFFAOYSA-L,315.931861696,1.7502999999999997,[O-][n+]1ccccc1S[Zn]Sc1cccc[n+]1[O-],PYRITHIONE ZINC,0.13817,0.16284,0.150505,
41502940,CCC1(CC)C(=O)C=CNC1=O,NZASCBIBXNPDMH-UHFFFAOYSA-N,167.094628656,1.0053999999999998,CCC1(CC)C(=O)C=CNC1=O,PYRITHYLDIONE,0.79371,0.93902,0.866365,
49512241,Cc1ncc(CSSCc2cnc(C)c(O)c2CO)c(CO)c1O,SIXLXDIJGIWWFU-UHFFFAOYSA-N,368.08644911999994,2.5708400000000013,Cc1ncc(CSSCc2cnc(C)c(O)c2CO)c(CO)c1O,PYRITINOL,1.0388,1.1844,1.1116,
21560333,O=C(O)c1cccc(O)c1O,GLDQAMYCGOIJDV-UHFFFAOYSA-N,154.026608672,0.7959999999999998,O=C(O)c1cccc(O)c1O,PYROCATECHUIC ACID,1.0321,0.87315,0.952625,
11322984,COc1ccc2nc3cc(Cl)ccc3c(Nc3cc(CN4CCCC4)c(O)c(CN4CCCC4)c3)c2n1.O=P(O)(O)O.O=P(O)(O)O.O=P(O)(O)O.O=P(O)(O)O,YKUQEKXHQFYULM-UHFFFAOYSA-N,909.1320337680005,2.3714000000000097,COc1ccc2nc3cc(Cl)ccc3c(Nc3cc(CN4CCCC4)c(O)c(CN4CCCC4)c3)c2n1.O=P(O)(O)O.O=P(O)(O)O.O=P(O)(O)O.O=P(O)(O)O,PYRONARIDINE TETRAPHOSPHATE,1.1516,1.1478,1.1497,
16248567,Cc1cc(/C=C/c2ccc3cc(N(C)C)ccc3[n+]2C)c(C)n1-c1ccccc1.O=C([O-])c1cc2ccccc2c(Cc2c(O)c(C(=O)O)cc3ccccc23)c1O,ZFWFZMYQXOKWIY-UHFFFAOYSA-M,769.315186096,8.364940000000004,Cc1cc(/C=C/c2ccc3cc(N(C)C)ccc3[n+]2C)c(C)n1-c1ccccc1.O=C([O-])c1cc2ccccc2c(Cc2c(O)c(C(=O)O)cc3ccccc23)c1O,PYRVINIUM PAMOATE,2.548,2.3715,2.45975,
79789088,COC1=CC(C)[C@@H]2C[C@H]3OC(=O)C[C@H]4C(C)=C(OC)C(=O)C([C@@]34C)[C@@]2(C)C1=O,IOSXSVZRTUWBHC-CLNPFYHDSA-N,388.18858861599995,2.819000000000001,COC1=CC(C)[C@@H]2C[C@H]3OC(=O)C[C@H]4C(C)=C(OC)C(=O)C([C@@]2(C)C1=O)[C@@]34C,QUASSIN,1.0216,0.96618,0.99389,
43795191,COC1C(O)C(O)C(O)[C@@H](O)C1O,DSCFFEYYQKSRSV-CIXXMWBBSA-N,194.079038168,-3.1805,COC1C(O)C(O)C(O)[C@@H](O)C1O,QUEBRACHITOL,1.0925,0.92724,1.00987,
54924928,O=c1c(O)c(-c2ccc(O)c(O)c2)oc2cc(O)cc(O)c12,REFJWTPEDVJJIY-UHFFFAOYSA-N,302.04265266,1.988,O=c1c(O)c(-c2ccc(O)c(O)c2)oc2cc(O)cc(O)c12,QUERCETIN,1.06,0.98416,1.02208,
32753893,COc1cc(OC)c2c(=O)c(O)c(-c3ccc(OC)c(OC)c3)oc2c1,AAASNKNLMQBKFV-UHFFFAOYSA-N,358.105252916,3.200000000000001,COc1cc(OC)c2c(=O)c(O)c(-c3ccc(OC)c(OC)c3)oc2c1,"QUERCETIN 5,7,3',4'-TETRAMETHYL ETHER",0.85247,0.99041,0.92144,
86871343,CC1O[C@@H](Oc2c(-c3ccc(O)c(O)c3)oc3cc(O)cc(O)c3c2=O)[C@H](O)[C@H](O)[C@H]1O,OXGUCUVFOIWWQJ-IWSUUXMFSA-N,448.1005614599999,0.4886999999999995,CC1O[C@@H](Oc2c(-c3ccc(O)c(O)c3)oc3cc(O)cc(O)c3c2=O)[C@H](O)[C@H](O)[C@H]1O,QUERCITRIN,0.89156,0.89107,0.891315,
84032448,O=C(O)/C=C/C(=O)O.OCCOCCN1CCN(C2=Nc3ccccc3Sc3ccccc32)CC1,VRHJBWUIWQOFLF-UHFFFAOYSA-N,499.177706648,2.567800000000002,O=C(O)/C=C/C(=O)O.OCCOCCN1CCN(C2=Nc3ccccc3Sc3ccccc32)CC1,QUETIAPINE FUMARATE,1.0784,1.0267,1.05255,
72634172,CCN(CC)CCCC(C)Nc1c2ccc(Cl)cc2nc2ccc(OC)cc12.Cl.Cl,UDKVBVICMUEIKS-UHFFFAOYSA-N,471.161095684,6.816000000000006,CCN(CC)CCCC(C)Nc1c2ccc(Cl)cc2nc2ccc(OC)cc12.Cl.Cl,QUINACRINE HYDROCHLORIDE,0.92656,1.1311,1.02883,
91904327,CCOC(=O)[C@H](CCc1ccccc1)N[C@@H](C)C(=O)N1Cc2ccccc2C[C@H]1C(=O)O,JSDRRTOADPPCHY-HSQYWUDLSA-N,438.21547205999997,2.5671,CCOC(=O)[C@H](CCc1ccccc1)N[C@@H](C)C(=O)N1Cc2ccccc2C[C@H]1C(=O)O,QUINAPRIL,1.296,1.0176,1.1568,
11335400,C[C@H](N[C@@H](CCc1ccccc1)C(=O)O)C(=O)N1Cc2ccccc2C[C@H]1C(=O)O,FLSLEGPOVLMJMN-YSSFQJQWSA-N,410.18417193199997,2.0885999999999996,C[C@H](N[C@@H](CCc1ccccc1)C(=O)O)C(=O)N1Cc2ccccc2C[C@H]1C(=O)O,QUINAPRILAT,1.1131,1.2583,1.1857,
74611044,C#C[C@]1(O)CCC2C3CCc4cc(OC5CCCC5)ccc4C3CC[C@@]21C,PWZUUYSISTUNDW-BOSQQAFTSA-N,364.240230264,5.228400000000006,C#C[C@]1(O)CCC2C3CCc4cc(OC5CCCC5)ccc4C3CC[C@@]21C,QUINESTROL,0.98631,1.1446,1.065455,
11349361,CCC1NC(=O)c2cc(S(N)(=O)=O)c(Cl)cc2N1,AGMMTXLNIQSRCG-UHFFFAOYSA-N,289.028789924,0.8788000000000005,CCC1NC(=O)c2cc(S(N)(=O)=O)c(Cl)cc2N1,QUINETHAZONE,0.94021,1.1192,1.029705,
90816150,C=C[C@H]1CN2CC[C@H]1C[C@@H]2[C@@H](O)c1ccnc2ccc(OC)cc12.O=C(O)[C@H](O)[C@@H](O)[C@H](O)[C@H](O)CO,XHKUDCCTVQUHJQ-LCYSNFERSA-N,520.2420807319999,-0.31989999999999963,C=C[C@H]1CN2CC[C@H]1C[C@@H]2[C@@H](O)c1ccnc2ccc(OC)cc12.O=C(O)[C@H](O)[C@@H](O)[C@H](O)[C@H](O)CO,QUINIDINE GLUCONATE,0.86426,1.0229,0.94358,
17501417,C=C[C@H]1CN2CC[C@H]1C[C@@H]2[C@H](O)c1ccnc2ccc(OC)cc12,LOUPRKONTZGTKE-AFHBHXEDSA-N,324.183778008,3.1732000000000014,C=C[C@H]1CN2CC[C@H]1C[C@@H]2[C@H](O)c1ccnc2ccc(OC)cc12,QUININE,1.0218,0.93025,0.976025,
44018200,C=C[C@H]1CN2CC[C@H]1C[C@@H]2[C@@H](OC(=O)OCC)c1ccnc2ccc(OC)cc12,NSBRKSWSLRQPJW-FRMGNDQPSA-N,396.204907376,4.3540000000000045,C=C[C@H]1CN2CC[C@H]1C[C@@H]2[C@@H](OC(=O)OCC)c1ccnc2ccc(OC)cc12,QUININE ETHYL CARBONATE,0.85337,1.0264,0.939885,
23405020,C=C[C@H]1CN2CC[C@H]1C[C@@H]2[C@H](O)c1ccnc2ccc(OC)cc12.Cl,LBSFSRMTJJPTCW-YWJGYEEHSA-N,360.16045572,3.595000000000003,C=C[C@H]1CN2CC[C@H]1C[C@@H]2[C@H](O)c1ccnc2ccc(OC)cc12.Cl,QUININE HDROCHLORIDE,1.0384,1.0225,1.03045,
47282821,Fc1ccc(Oc2ccnc3cc(Cl)cc(Cl)c23)cc1,WRPIRSINYZBGPK-UHFFFAOYSA-N,306.996697456,5.473000000000002,Fc1ccc(Oc2ccnc3cc(Cl)cc(Cl)c23)cc1,QUINOXYFEN,1.0525,1.1576,1.10505,
14861217,O=C(O)/C=C\C(=O)O.c1ccc2nc(N3CCNCC3)ccc2c1,QYJJDHZHSCTBII-UHFFFAOYSA-N,329.13755608800005,1.3562,O=C(O)/C=C\C(=O)O.c1ccc2nc(N3CCNCC3)ccc2c1,QUIPAZINE MALEATE,1.1009,1.0738,1.08735,
65916492,COCCCOc1ccnc(CS(=O)c2nc3ccccc3[n-]2)c1C.[Na+],KRCQSTCYZUOBHN-UHFFFAOYSA-N,381.11230678000004,-0.3774799999999989,COCCCOc1ccnc(CS(=O)c2nc3ccccc3[n-]2)c1C.[Na+],RABEPRAZOLE SODIUM,1.2132,1.3267,1.26995,
40371401,CC(=O)SCC(Cc1ccccc1)C(=O)NCC(=O)OCc1ccccc1,ODUOJXZPIYUATO-UHFFFAOYSA-N,385.13477921599997,2.9846000000000013,CC(=O)SCC(Cc1ccccc1)C(=O)NCC(=O)OCc1ccccc1,RACECADOTRIL,0.85065,0.92138,0.886015,
11360359,CNC(C)C(O)c1ccccc1.Cl,BALXUFOVQVENIU-UHFFFAOYSA-N,201.092041812,1.7496999999999998,CNC(C)C(O)c1ccccc1.Cl,RACEPHEDRINE HYDROCHLORIDE,1.0615,1.289,1.17525,
60807654,CC(CCc1ccc(O)cc1)NCC(O)c1ccc(O)cc1.Cl,JHGSLSLUFMZUMK-UHFFFAOYSA-N,337.144471308,3.163900000000002,CC(CCc1ccc(O)cc1)NCC(O)c1ccc(O)cc1.Cl,RACTOPAMINE HYDROCHLORIDE,0.95716,1.1475,1.05233,
97672016,O=C(Nc1ccc(Oc2ccc(Cl)cc2)c(Cl)c1)c1cc(I)cc(I)c1O,NEMNPWINWMHUMR-UHFFFAOYSA-N,624.820544572,6.952800000000003,O=C(Nc1ccc(Oc2ccc(Cl)cc2)c(Cl)c1)c1cc(I)cc(I)c1O,RAFOXANIDE,1.4673,1.3515,1.4094,
74496197,Cl.O=C(c1ccc(OCCN2CCCCC2)cc1)c1c(-c2ccc(O)cc2)sc2cc(O)ccc12,BKXVVCILCIUCLG-UHFFFAOYSA-N,509.1427570559999,6.497000000000006,Cl.O=C(c1ccc(OCCN2CCCCC2)cc1)c1c(-c2ccc(O)cc2)sc2cc(O)ccc12,RALOXIFENE HYDROCHLORIDE,1.0951,0.91068,1.00289,
11198247,CCC(=O)NCC[C@@H]1CCc2ccc3c(c21)CCO3,YLXDSYKOBKBWJQ-LBPRGKRZSA-N,259.157228912,2.5676000000000005,CCC(=O)NCC[C@@H]1CCc2ccc3c(c21)CCO3,RAMELTEON,1.4103,1.4635,1.4369,
95525368,Cc1c(NC(C)C)c(=O)n(-c2ccccc2)n1C.Cl,WJPVTNJDDFIBKU-UHFFFAOYSA-N,281.12948994,2.726520000000001,Cc1c(NC(C)C)c(=O)n(-c2ccccc2)n1C.Cl,RAMIFENAZONE,1.0369,1.3623,1.1996,
88674319,CCOC(=O)[C@H](CCc1ccccc1)N[C@@H](C)C(=O)N1[C@H](C(=O)O)C[C@@H]2CCC[C@@H]21,HDACQVRGBOVJII-JBDAPHQKSA-N,416.23112212399997,2.3831999999999995,CCOC(=O)[C@H](CCc1ccccc1)N[C@@H](C)C(=O)N1[C@H](C(=O)O)C[C@@H]2CCC[C@@H]21,RAMIPRIL,0.83558,0.89491,0.865245,
32092037,CN/C(=C\[N+](=O)[O-])NCCSCc1ccc(CN(C)C)o1.Cl,GGWBHVILAJZWKJ-UHFFFAOYSA-N,350.11793927599996,1.8808000000000002,CN/C(=C\[N+](=O)[O-])NCCSCc1ccc(CN(C)C)o1.Cl,RANITIDINE HYDROCHLORIDE,1.0305,1.1317,1.0811,
91725176,COc1ccccc1OCC(O)CN1CCN(CC(=O)Nc2c(C)cccc2C)CC1.Cl.Cl,RJNSNFZXAZXOFX-UHFFFAOYSA-N,499.20046196000004,3.151640000000002,COc1ccccc1OCC(O)CN1CCN(CC(=O)Nc2c(C)cccc2C)CC1.Cl.Cl,RANOLAZINE DIHYDROCHLORIDE,1.1164,1.1681,1.14225,
10642332,O=C(NC(Cc1cc(=O)[nH]c2ccccc12)C(=O)O)c1ccc(Cl)cc1,ALLWOAVDORUJLA-UHFFFAOYSA-N,370.07203464,2.6071999999999997,O=C(NC(Cc1cc(=O)[nH]c2ccccc12)C(=O)O)c1ccc(Cl)cc1,REBAMIPIDE,0.7836,0.81647,0.800035,
10846191,CCOc1cc(CC(=O)N[C@@H](CC(C)C)c2ccccc2N2CCCCC2)ccc1C(=O)O,FAEKWTJYAYMJKF-QHCPKHFHSA-N,452.267507632,5.219900000000005,CCOc1cc(CC(=O)N[C@@H](CC(C)C)c2ccccc2N2CCCCC2)ccc1C(=O)O,REPAGLINIDE,0.99349,0.97375,0.98362,
50301080,COC(=O)[C@H]1[C@H]2C[C@@H]3c4[nH]c5cc(OC)ccc5c4CCN3C[C@H]2C[C@@H](OC(=O)c2cc(OC)c(OC)c(OC)c2)[C@@H]1OC,QEVHRUUCFGRFIF-MDEJGZGSSA-N,608.27338086,4.171100000000004,COC(=O)[C@H]1[C@H]2C[C@@H]3c4[nH]c5cc(OC)ccc5c4CCN3C[C@H]2C[C@@H](OC(=O)c2cc(OC)c(OC)c(OC)c2)[C@@H]1OC,RESERPINE,1.2957,1.0021,1.1489,
53926283,Oc1cccc(O)c1,GHMLBKRAJCXXBS-UHFFFAOYSA-N,110.036779432,1.0977999999999999,Oc1cccc(O)c1,RESORCINOL,0.88422,1.2054,1.04481,
83889405,CC(=O)Oc1cccc(O)c1,ZZPKZRHERLGEKA-UHFFFAOYSA-N,152.047344116,1.3175,CC(=O)Oc1cccc(O)c1,RESORCINOL MONOACETATE,0.9524,1.1187,1.03555,
98215629,Oc1ccc(/C=C/c2cc(O)cc(O)c2)cc1,LUKBXSAWLPMMSZ-UHFFFAOYSA-N,228.078644244,2.9738000000000016,Oc1ccc(/C=C/c2cc(O)cc(O)c2)cc1,RESVERATROL,1.1241,1.2284,1.17625,
78219992,CC1=C(/C=C/C(C)=C/C=C/C(C)=C/CO)C(C)(C)CCC1,FPIPGXGPPPQFEQ-UHFFFAOYSA-N,286.22966558,5.510300000000006,CC1=C(/C=C/C(C)=C/C=C/C(C)=C/CO)C(C)(C)CCC1,RETINOL,1.322,1.0164,1.1692,
10034901,CC(=O)OC/C=C(C)/C=C/C=C(C)/C=C/C1=C(C)CCCC1(C)C,QGNJRVVDBSJHIZ-UHFFFAOYSA-N,328.240230264,6.081100000000006,CC(=O)OC/C=C(C)/C=C/C=C(C)/C=C/C1=C(C)CCCC1(C)C,RETINYL ACETATE,0.96754,0.96296,0.96525,
18994356,CCCCCCCCCCCCCCCC(=O)OC/C=C(C)/C=C/C=C(C)/C=C/C1=C(C)CCCC1(C)C,VYGQUTWHTHXGQB-UHFFFAOYSA-N,524.45933116,11.542499999999986,CCCCCCCCCCCCCCCC(=O)OC/C=C(C)/C=C/C=C(C)/C=C/C1=C(C)CCCC1(C)C,RETINYL PALMITATE,0.95387,1.025,0.989435,
10026323,C/C=C1/C[C@@H](C)[C@](O)(CO)C(=O)OCC2=CCN3CC[C@@H](OC1=O)[C@@H]23,BCJMNZRQJAVDLD-XKLVTHTNSA-N,351.16818751999995,0.1652,C/C=C1/C[C@@H](C)[C@](O)(CO)C(=O)OCC2=CCN3CC[C@@H](OC1=O)[C@@H]23,RETRORSINE,0.74103,1.0162,0.878615,
11434808,COc1cc(O)c2c(=O)c(OC)c(-c3ccc(OC)c(OC)c3)oc2c1,HHGPYJLEJGNWJA-UHFFFAOYSA-N,358.105252916,3.200000000000001,COc1cc(O)c2c(=O)c(OC)c(-c3ccc(OC)c(OC)c3)oc2c1,RETUSIN,0.72079,0.75586,0.738325,
80453501,COc1cc(O)c2c(=O)c(O)c(-c3ccc(O)c(O)c3)oc2c1,JGUZGNYPMHHYRK-UHFFFAOYSA-N,316.058302724,2.2910000000000013,COc1cc(O)c2c(=O)c(O)c(-c3ccc(O)c(O)c3)oc2c1,RHAMNETIN,0.93797,0.93583,0.9369,
96145938,CNc1ccccc1C(=O)N1CCc2c([nH]c3ccccc23)C1=O,RAEOYMOPVHBBKE-UHFFFAOYSA-N,319.132076784,3.048300000000001,CNc1ccccc1C(=O)N1CCc2c([nH]c3ccccc23)C1=O,RHETSININE,1.0922,0.93061,1.011405,
64510067,COC1=C(O)C(=O)c2c(cc3oc(C(C)=O)c(O)c3c2O)C1=O,UTQKMDZXMYCSCI-UHFFFAOYSA-N,318.03756727999996,1.8416000000000006,COC1=C(O)C(=O)c2c(cc3oc(C(C)=O)c(O)c3c2O)C1=O,RHODOCLADONIC ACID,0.94577,1.0071,0.976435,
78388388,C[C@@H]1O[C@@H](O[C@H]2[C@H](Oc3cc(O)c4c(=O)cc(-c5ccc(O)cc5)oc4c3)O[C@H](CO)[C@@H](O)[C@@H]2O)[C@H](O)[C@H](O)[C@H]1O,RPMNUQRUHXIGHK-PYXJVEIZSA-N,578.1635556399999,-1.0983000000000007,C[C@@H]1O[C@@H](O[C@H]2[C@H](Oc3cc(O)c4c(=O)cc(-c5ccc(O)cc5)oc4c3)O[C@H](CO)[C@@H](O)[C@@H]2O)[C@H](O)[C@H](O)[C@H]1O,RHOIFOLIN,1.3133,1.224,1.26865,
29168308,NC(=O)c1ncn([C@@H]2O[C@H](CO)[C@@H](O)[C@H]2O)n1,IWUCXVSUMQZMFG-AFCXAGJDSA-N,244.080769484,-3.0114999999999994,NC(=O)c1ncn([C@@H]2O[C@H](CO)[C@@H](O)[C@H]2O)n1,RIBAVIRIN,0.81126,1.0175,0.91438,
94518884,Cc1cc2nc3c(=O)[nH]c(=O)nc-3n(C[C@@H](O)[C@@H](O)[C@@H](O)CO)c2cc1C,AUNGANRZJHBGPY-MBNYWOFBSA-N,376.13828435999994,-1.7235599999999989,Cc1cc2nc3c(=O)[nH]c(=O)nc-3n(C[C@@H](O)[C@@H](O)[C@@H](O)CO)c2cc1C,RIBOFLAVIN,1.0244,0.82783,0.926115,
89631539,Cc1cc2nc3c(=O)[nH]c(=O)nc-3n(C[C@@H](O)[C@@H](O)[C@@H](O)COP(=O)([O-])O)c2cc1C.[Na+],OHSHFZJLPYLRIP-LQDWTQKMSA-M,478.0865591299999,-5.234559999999995,Cc1cc2nc3c(=O)[nH]c(=O)nc-3n(C[C@@H](O)[C@@H](O)[C@@H](O)COP(=O)([O-])O)c2cc1C.[Na+],RIBOFLAVIN 5-PHOSPHATE SODIUM,0.87433,0.95963,0.91698,
75991460,NC[C@H]1O[C@H](O[C@H]2C(O[C@@H]3O[C@H](CO)[C@@H](O)[C@H]3O)[C@@H](O)[C@H](N)C[C@@H]2N)[C@H](N)[C@@H](O)[C@@H]1O.O=S(=O)(O)O,RTCDDYYZMGGHOE-GPGXKHAUSA-N,552.194872832,-7.30510000000001,NC[C@H]1O[C@H](O[C@H]2C(O[C@@H]3O[C@H](CO)[C@@H](O)[C@H]3O)[C@@H](O)[C@H](N)C[C@@H]2N)[C@H](N)[C@@H](O)[C@@H]1O.O=S(=O)(O)O,RIBOSTAMYCIN SULFATE,1.0559,0.96051,1.008205,
19008082,CO[C@H]1/C=C/O[C@@]2(C)Oc3c(C)c(O)c4c(O)c(c(C=NN5CCN(C)CC5)c(O)c4c3C2=O)NC(=O)/C(C)=C\C=C\C(C)[C@H](O)[C@@H](C)[C@@H](O)[C@@H](C)[C@@H](OC(C)=O)[C@@H]1C,JQXXHWHPUNPDRT-OAZXTVAPSA-N,822.4051232960003,4.335420000000004,CO[C@H]1/C=C/O[C@@]2(C)Oc3c(C)c(O)c4c(O)c(c(C=NN5CCN(C)CC5)c(O)c4c3C2=O)NC(=O)/C(C)=C\C=C\C(C)[C@H](O)[C@@H](C)[C@@H](O)[C@@H](C)[C@@H](OC(C)=O)[C@@H]1C,RIFAMPIN,0.18758,0.19429,0.190935,
27183699,CO[C@H]1/C=C/O[C@@]2(C)Oc3c(C)c(O)c4c(O)c(c(/C=N/N5CCN(C6CCCC6)CC5)c(O)c4c3C2=O)NC(=O)/C(C)=C\C=C\[C@H](C)[C@H](O)[C@@H](C)[C@@H](O)[C@@H](C)[C@H](OC(C)=O)[C@@H]1C,WDZCUPBHRAEYDL-HJTBMZGUSA-N,876.4520734880002,5.6482200000000065,CO[C@H]1/C=C/O[C@@]2(C)Oc3c(C)c(O)c4c(O)c(c(/C=N/N5CCN(C6CCCC6)CC5)c(O)c4c3C2=O)NC(=O)/C(C)=C\C=C\[C@H](C)[C@H](O)[C@@H](C)[C@@H](O)[C@@H](C)[C@H](OC(C)=O)[C@@H]1C,RIFAPENTINE,0.17555,0.19496,0.185255,
53033129,CO[C@H]1/C=C/O[C@@]2(C)Oc3c(C)c(O)c4c(O)c(c5c(nc6cc(C)ccn65)c4c3C2=O)NC(=O)/C(C)=C\C=C\[C@H](C)[C@H](O)[C@@H](C)C(O)[C@@H](C)[C@H](OC(C)=O)[C@@H]1C,NZCRJKRKKOLAOJ-CJRPOXCJSA-N,785.3523594520001,6.157840000000009,CO[C@H]1/C=C/O[C@@]2(C)Oc3c(C)c(O)c4c(O)c(c5c(nc6cc(C)ccn65)c4c3C2=O)NC(=O)/C(C)=C\C=C\[C@H](C)[C@H](O)[C@@H](C)C(O)[C@@H](C)[C@H](OC(C)=O)[C@@H]1C,RIFAXIMIN,0.13476,0.1442,0.13948,
53661597,Nc1nc2ccc(OC(F)(F)F)cc2s1,FTALBRSUTCGOEG-UHFFFAOYSA-N,234.00746844,2.7771,Nc1nc2ccc(OC(F)(F)F)cc2s1,RILUZOLE,0.86207,0.9538,0.907935,
16122026,CC(N)C12CC3CC(CC(C3)C1)C2.Cl,OZBDFBJXRJWNAV-UHFFFAOYSA-N,215.14407738399998,2.971800000000002,CC(N)C12CC3CC(CC(C3)C1)C2.Cl,RIMANTADINE HYDROCHLORIDE,0.85869,1.1592,1.008945,
51515523,O=P([O-])(O)C(O)(Cc1cccnc1)P(=O)(O)O.[Na+],DRFDPXKCEWYIAW-UHFFFAOYSA-M,304.9830192,-4.002399999999999,O=P([O-])(O)C(O)(Cc1cccnc1)P(=O)(O)O.[Na+],RISEDRONATE SODIUM,0.99168,0.85053,0.921105,
47787980,Cc1nc2n(c(=O)c1CCN1CCC(c3noc4cc(F)ccc34)CC1)CCCC2,RAPZEAPATHNIPO-UHFFFAOYSA-N,410.211804324,3.5904200000000026,Cc1nc2n(c(=O)c1CCN1CCC(c3noc4cc(F)ccc34)CC1)CCCC2,RISPERIDONE,1.1525,0.85106,1.00178,
10503779,Cc1nc2sccn2c(=O)c1CCN1CCC(=C(c2ccc(F)cc2)c2ccc(F)cc2)CC1,JUQLTPCYUFPYKE-UHFFFAOYSA-N,477.16863986,5.483020000000005,Cc1nc2sccn2c(=O)c1CCN1CCC(=C(c2ccc(F)cc2)c2ccc(F)cc2)CC1,RITANSERIN,1.0366,0.92797,0.982285,
58567021,CC(NCCc1ccc(O)cc1)C(O)c1ccc(O)cc1.Cl,IDLSITKDRVDKRV-UHFFFAOYSA-N,323.128821244,2.773800000000001,CC(NCCc1ccc(O)cc1)C(O)c1ccc(O)cc1.Cl,RITODRINE HYDROCHLORIDE,0.93848,1.0974,1.01794,
11200387,CC(C)c1nc(CN(C)C(=O)N[C@H](C(=O)N[C@@H](Cc2ccccc2)C[C@H](O)[C@H](Cc2ccccc2)NC(=O)OCc2cncs2)C(C)C)cs1,NCDNCNXCDXHOMX-XGKFQTDJSA-N,720.3127606359999,5.905200000000005,CC(C)c1nc(CN(C)C(=O)N[C@H](C(=O)N[C@@H](Cc2ccccc2)C[C@H](O)[C@H](Cc2ccccc2)NC(=O)OCc2cncs2)C(C)C)cs1,RITONAVIR,0.94158,0.94088,0.94123,
66840665,CCN(C)C(=O)Oc1cccc([C@H](C)N(C)C)c1.O=C(O)[C@H](O)[C@@H](O)C(=O)O,GWHQHAUAXRMMOT-MBANBULQSA-N,400.1845658559999,0.6371000000000009,CCN(C)C(=O)Oc1cccc([C@H](C)N(C)C)c1.O=C(O)[C@H](O)[C@@H](O)C(=O)O,RIVASTIGMINE TARTRATE,0.98713,1.196,1.091565,
11452115,Cl.N=C(N/N=C/c1ccc(Cl)cc1)N/N=C/c1ccc(Cl)cc1,LTWIBTYLSRDGHP-UHFFFAOYSA-N,369.03147848799995,3.897170000000002,Cl.N=C(N/N=C/c1ccc(Cl)cc1)N/N=C/c1ccc(Cl)cc1,ROBENIDINE HYDROCHLORIDE,0.35924,0.35747,0.358355,
69552280,COc1ccc(-c2c(O)c3c(OC)c4c(cc3oc2=O)OC(C)(C)C=C4)cc1,MBZKDBQDALOSRP-UHFFFAOYSA-N,380.12598835999995,4.3670000000000035,COc1ccc(-c2c(O)c3c(OC)c4c(cc3oc2=O)OC(C)(C)C=C4)cc1,ROBUSTIC ACID,0.90601,1.0234,0.964705,
26129664,CCCCCCCCCCCC[C@H](C(=O)O)[C@@H](C)C(=O)O,CADNMISJDLVPCK-CABCVRRESA-N,300.230059504,4.718900000000003,CCCCCCCCCCCC[C@H](C(=O)O)[C@@H](C)C(=O)O,ROCCELLIC ACID,1.1964,0.99871,1.097555,
75961002,C=CC[N+]1([C@H]2CC3C4CCC5C[C@H](O)[C@@H](N6CCOCC6)C[C@]5(C)C4CC[C@]3(C)[C@H]2OC(C)=O)CCCC1.[Br-],OYTJKRAYGYRUJK-FKEZLKRZSA-M,608.3188702759999,1.4115000000000038,C=CC[N+]1([C@H]2CC3C4CCC5C[C@H](O)[C@@H](N6CCOCC6)C[C@]5(C)C4CC[C@]3(C)[C@H]2OC(C)=O)CCCC1.[Br-],ROCURONIUM BROMIDE,1.1998,1.2609,1.23035,
65394540,O=C(Nc1c(Cl)cncc1Cl)c1ccc(OC(F)F)c(OCC2CC2)c1,MNDBXUUTURYVHR-UHFFFAOYSA-N,402.03495410799997,5.030900000000003,O=C(Nc1c(Cl)cncc1Cl)c1ccc(OC(F)F)c(OCC2CC2)c1,ROFLUMILAST,1.2791,1.093,1.18605,
93722697,COc1ccc(C2CNC(=O)C2)cc1OC1CCCC1,HJORMJIFDVBMOB-UHFFFAOYSA-N,275.152143532,2.6201000000000008,COc1ccc(C2CNC(=O)C2)cc1OC1CCCC1,ROLIPRAM,1.0049,1.02,1.01245,
98945210,Cn1c([N+](=O)[O-])cnc1COC(N)=O,PQFRTXSWDXZRRS-UHFFFAOYSA-N,200.054554736,-0.07640000000000013,Cn1c([N+](=O)[O-])cnc1COC(N)=O,RONIDAZOLE,0.16489,0.18589,0.17539,
55244835,COP(=S)(OC)Oc1cc(Cl)c(Cl)cc1Cl,JHJOOSLFWRRSGU-UHFFFAOYSA-N,319.899734786,4.542900000000002,COP(=S)(OC)Oc1cc(Cl)c(Cl)cc1Cl,RONNEL,0.15175,0.15845,0.1551,
71316659,CCCN(CCC)CCc1cccc2c1CC(=O)N2.Cl,XDXHAEQXIBQUEZ-UHFFFAOYSA-N,296.16554110000004,3.2675000000000023,CCCN(CCC)CCc1cccc2c1CC(=O)N2.Cl,ROPINIROLE HYDROCHLORIDE,1.1276,0.95377,1.040685,
81740774,CN(CCOc1ccc(CC2SC(=O)NC2=O)cc1)c1ccccn1.O=C(O)/C=C\C(=O)O,SUFUKZSWUHZXAV-UHFFFAOYSA-N,473.12567107599995,2.2027,CN(CCOc1ccc(CC2SC(=O)NC2=O)cc1)c1ccccn1.O=C(O)/C=C\C(=O)O,ROSIGLITAZONE MALEATE,1.3368,1.2657,1.30125,
10587796,CC(C)c1nc(N(C)S(C)(=O)=O)nc(-c2ccc(F)cc2)c1/C=C/[C@@H](O)C[C@@H](O)CC(=O)[O-].[Ca+2],XDIJJHVJIZNZGO-GBNZRNLASA-M,520.1225022040899,0.6861999999999999,CC(C)c1nc(N(C)S(C)(=O)=O)nc(-c2ccc(F)cc2)c1/C=C/[C@@H](O)C[C@@H](O)CC(=O)[O-].[Ca+2],ROSUVASTATIN CALCIUM,1.1415,1.0156,1.07855,
51391969,C=C(C)[C@H]1Cc2c(ccc3c2O[C@@H]2COc4cc(OC)c(OC)cc4[C@@H]2C3=O)O1,JUVIOZPCNVVQFO-HBGVWJBISA-N,394.1416384239999,3.7033000000000023,C=C(C)[C@H]1Cc2c(ccc3c2O[C@@H]2COc4cc(OC)c(OC)cc4[C@@H]2C3=O)O1,ROTENONE,0.94566,0.99042,0.96804,
50259147,O=[N+]([O-])c1cc([As](=O)(O)O)ccc1O,XMVJITFPVVRMHC-UHFFFAOYSA-N,262.941108412,-1.1386000000000003,O=[N+]([O-])c1cc([As](=O)(O)O)ccc1O,ROXARSONE,0.87665,1.1365,1.006575,
11368022,CC(=O)OCC(=O)NCCCOc1cccc(CN2CCCCC2)c1.Cl,FEWCTJHCXOHWNL-UHFFFAOYSA-N,384.181585088,2.542500000000001,CC(=O)OCC(=O)NCCCOc1cccc(CN2CCCCC2)c1.Cl,ROXATIDINE ACETATE HYDROCHLORIDE,0.9375,1.0207,0.9791,
78387013,CC[C@H]1OC(=O)[C@H](C)[C@@H](O[C@H]2C[C@@](C)(OC)[C@@H](O)[C@H](C)O2)[C@H](C)[C@@H](O[C@@H]2O[C@H](C)C[C@H](N(C)C)[C@H]2O)[C@](C)(O)C[C@@H](C)/C(=N\OCOCCOC)[C@H](C)[C@@H](O)[C@]1(C)O,RXZBMPWDPOLZGW-HITVVWEBSA-N,836.524569732,2.2096000000000076,CC[C@H]1OC(=O)[C@H](C)[C@@H](O[C@H]2C[C@@](C)(OC)[C@@H](O)[C@H](C)O2)[C@H](C)[C@@H](O[C@@H]2O[C@H](C)C[C@H](N(C)C)[C@H]2O)[C@](C)(O)C[C@@H](C)/C(=N\OCOCCOC)[C@H](C)[C@@H](O)[C@]1(C)O,ROXITHROMYCIN,0.14842,0.24787,0.198145,
91768838,NC(=O)c1cn(Cc2c(F)cccc2F)nn1,POGQSBRIGCQNEG-UHFFFAOYSA-N,238.066617316,0.7035000000000001,NC(=O)c1cn(Cc2c(F)cccc2F)nn1,RUFINAMIDE,0.82779,0.97134,0.899565,
43925741,CN1CCN(c2c(F)cc3c(=O)c(C(=O)O)cn4c3c2SCC4)CC1,NJCJBUHJQLFDSW-UHFFFAOYSA-N,363.105290656,1.6963,CN1CCN(c2c(F)cc3c(=O)c(C(=O)O)cn4c3c2SCC4)CC1,RUFLOXACIN HYDROCHLORIDE,0.13092,0.1471,0.13901,
94574873,CC[C@@]1(O)C[C@H](O)c2c(cc3c(c2O)C(=O)c2c(O)ccc(O)c2C3=O)[C@H]1C(=O)OC,RWCVSDKDFSVZNF-KRYGIPSASA-N,428.11073221999993,1.4135999999999997,CC[C@@]1(O)C[C@H](O)c2c(cc3c(c2O)C(=O)c2c(O)ccc(O)c2C3=O)[C@H]1C(=O)OC,RUTILANTINONE,1.0975,1.1136,1.10555,
73921382,C[C@@H]1O[C@@H](OC[C@H]2OC(Oc3c(-c4ccc(O)c(O)c4)oc4cc(O)cc(O)c4c3=O)[C@H](O)[C@@H](O)[C@@H]2O)[C@H](O)[C@H](O)[C@H]1O,IKGXIBQEEMLURG-KUKMIBIMSA-N,610.15338488,-1.6871000000000003,C[C@@H]1O[C@@H](OC[C@H]2OC(Oc3c(-c4ccc(O)c(O)c4)oc4cc(O)cc(O)c4c3=O)[C@H](O)[C@@H](O)[C@@H]2O)[C@H](O)[C@H](O)[C@H]1O,RUTIN,0.96052,1.0598,1.01016,
68517380,COc1ccc2c(c1O)-c1c(OC)c(OC)cc3c1[C@H](C2)N(C)CC3,QELDJEKNFOQJOY-ZDUSSCGKSA-N,341.16270821600006,3.1701000000000015,COc1ccc2c(c1O)-c1c(OC)c(OC)cc3c1[C@H](C2)N(C)CC3,S-ISOCORYDINE (+),1.0042,0.97632,0.99026,
95838380,O=C1NS(=O)(=O)c2ccccc21,CVHZOJJKTDOEJC-UHFFFAOYSA-N,182.99901402,0.11869999999999997,O=C1NS(=O)(=O)c2ccccc21,SACCHARIN,1.0355,1.0662,1.05085,
17474700,C=CCc1ccc2c(c1)OCO2,ZMQAAUBTXCXRIC-UHFFFAOYSA-N,162.06807956,2.1437999999999997,C=CCc1ccc2c(c1)OCO2,SAFROLE,0.98157,0.89705,0.93931,
22763820,OCc1ccccc1O[C@@H]1O[C@H](CO)[C@@H](O)[C@H](O)[C@H]1O,NGFMICBWJRZIBI-UJPOAAIJSA-N,286.105252916,-1.6424000000000003,OCc1ccccc1O[C@@H]1O[C@H](CO)[C@@H](O)[C@H](O)[C@H]1O,SALICIN,1.0273,0.94846,0.98788,
80435243,OCc1ccccc1O,CQRYARSYNCAZFO-UHFFFAOYSA-N,124.052429496,0.8844999999999998,OCc1ccccc1O,SALICYL ALCOHOL,0.93998,1.2322,1.08609,
23950967,NC(=O)c1ccccc1O,SKZKKFZAGNVIMN-UHFFFAOYSA-N,137.047678464,0.49110000000000004,NC(=O)c1ccccc1O,SALICYLAMIDE,0.83087,1.2529,1.041885,
36222229,O=C(Nc1ccccc1)c1ccccc1O,WKEDVNSFRWHDNR-UHFFFAOYSA-N,213.078978592,2.644500000000001,O=C(Nc1ccccc1)c1ccccc1O,SALICYLANILIDE,0.14698,0.17843,0.162705,
40781030,O=C(O)c1ccccc1O,YGSDEFSMJLZEOE-UHFFFAOYSA-N,138.031694052,1.0903999999999998,O=C(O)c1ccccc1O,SALICYLIC ACID,1.1682,1.3197,1.24395,
93908974,OC[C@H]1O[C@@H](OCCc2ccc(O)cc2)[C@H](O)[C@@H](O)[C@@H]1O,ILRCGYURZSFMEG-RKQHYHRCSA-N,300.12090298,-1.2488000000000008,OC[C@H]1O[C@@H](OCCc2ccc(O)cc2)[C@H](O)[C@@H](O)[C@@H]1O,SALIDROSIDE,0.83182,0.83871,0.835265,
77770699,CC[C@@H](C(=O)[C@@H](C)[C@@H](O)[C@H](C)[C@@H]1O[C@@H]([C@@H](CC)C(=O)[O-])CC[C@@H]1C)[C@H]1OC2(C=C[C@@H](O)[C@]3(CC[C@@](C)([C@H]4CC[C@](O)(CC)[C@H](C)O4)O3)O2)[C@H](C)C[C@@H]1C.[Na+],YPZYGIQXBGHDBH-WKWCOTLASA-M,772.4737573080001,1.8573000000000066,CC[C@@H](C(=O)[C@@H](C)[C@@H](O)[C@H](C)[C@@H]1O[C@@H]([C@@H](CC)C(=O)[O-])CC[C@@H]1C)[C@H]1OC2(C=C[C@@H](O)[C@]3(CC[C@@](C)([C@H]4CC[C@](O)(CC)[C@H](C)O4)O3)O2)[C@H](C)C[C@@H]1C.[Na+],"SALINOMYCIN, SODIUM",0.86577,1.0667,0.966235,
12690040,O=C(Oc1ccccc1C(=O)O)c1ccccc1O,WVYADZUPLLSGPU-UHFFFAOYSA-N,258.05282342000004,2.309600000000001,O=C(Oc1ccccc1C(=O)O)c1ccccc1O,SALSALATE,1.2866,1.2646,1.2756,
92841977,COc1cc2c(cc1OC)C(C)NCC2,HMYJLVDKPJHJCF-UHFFFAOYSA-N,207.125928784,1.9104999999999999,COc1cc2c(cc1OC)C(C)NCC2,SALSOLIDINE,0.84999,0.93856,0.894275,
47525665,COc1cc2c(cc1O)CCNC2C,YTPRLBGPGZHUPD-UHFFFAOYSA-N,193.11027872,1.6075,COc1cc2c(cc1O)CCNC2C,SALSOLINE,1.176,1.3358,1.2559,
28427643,COC(=O)[C@@H]1C[C@H](OC(C)=O)C(=O)[C@H]2[C@@]1(C)CC[C@H]1C(=O)O[C@H](c3ccoc3)C[C@]21C,OBSYBRPAKCASQB-AGQYDFLVSA-N,432.17841785599995,3.0001000000000007,COC(=O)[C@@H]1C[C@H](OC(C)=O)C(=O)[C@H]2[C@@]1(C)CC[C@H]1C(=O)O[C@H](c3ccoc3)C[C@]21C,SALVINORIN A,0.91057,0.92062,0.915595,
67742109,C[n+]1cc2c3c(ccc2c2ccc4cc5c(cc4c21)OCO5)OCO3.[Cl-],GIZKAXHWLRYMLE-UHFFFAOYSA-M,367.0611356079999,0.4320999999999995,C[n+]1cc2c3c(ccc2c2ccc4cc5c(cc4c21)OCO5)OCO3.[Cl-],SANGUINARIUM CHLORIDE,0.88742,0.76882,0.82812,
17321242,CC1=C2[C@H]3OC(=O)C(C)[C@@H]3CC[C@@]2(C)C=CC1=O,XJHDMGJURBVLLE-UABIXTSPSA-N,246.125594436,2.419600000000001,CC1=C2[C@H]3OC(=O)C(C)[C@@H]3CC[C@@]2(C)C=CC1=O,SANTONIN,0.94364,0.87655,0.910095,
44789793,COc1ccc2c(c1)OC/C(=C\c1ccc(OC)c(O)c1)C2=O,VCNDHJFYRZQMHX-UHFFFAOYSA-N,312.099773612,3.068100000000001,COc1ccc2c(c1)OC/C(=C\c1ccc(OC)c(O)c1)C2=O,SAPPANONE A DIMETHYL ETHER,0.92711,0.98642,0.956765,
70553699,Cl.O=C(O)c1cn(-c2ccc(F)cc2)c2cc(N3CCNCC3)c(F)cc2c1=O,KNWODGJQLCISLC-UHFFFAOYSA-N,421.100475556,2.7985000000000007,Cl.O=C(O)c1cn(-c2ccc(F)cc2)c2cc(N3CCNCC3)c(F)cc2c1=O,SARAFLOXACIN HYDROCHLORIDE,0.1309,0.14281,0.136855,
54597697,C[C@H]1CC[C@@]2(OC1)OC1CC3C4CC[C@@H]5C[C@@H](O)CCC5(C)C4CCC3(C)C1[C@@H]2C,GMBQZIIUCVWOCD-MGBIJUMASA-N,416.32904526799996,5.793800000000006,C[C@H]1CC[C@@]2(OC1)OC1CC3C4CC[C@@H]5C[C@@H](O)CCC5(C)C4CCC3(C)C1[C@@H]2C,SARSASAPOGENIN,1.1081,1.1485,1.1283,
71813551,N#C[C@@H]1C[C@@H]2C[C@@H]2N1C(=O)[C@@H](N)[C@]12CC3CC(C[C@@](O)(C3)C1)C2,QGJUIPDUBHWZPV-WQWLQCECSA-N,315.19467704,1.157979999999999,N#C[C@@H]1C[C@@H]2C[C@@H]2N1C(=O)[C@@H](N)[C@]12CC3CC(C[C@@](O)(C3)C1)C2,SAXAGLIPTIN,1.2677,1.0621,1.1649,
66091932,C=C[C@](C)(O)CC[C@@H]1[C@@]2(C)CCCC(C)(C)[C@@H]2CC[C@]1(C)O,XVULBTBTFGYVRC-DLRXZHIHSA-N,308.271530392,4.697200000000005,C=C[C@](C)(O)CC[C@H]1[C@@](C)(O)CC[C@H]2C(C)(C)CCC[C@@]21C,SCLAREOL,1.1791,1.2379,1.2085,
13851870,CC1(C)CCC[C@]2(C)[C@H]3CC(=O)O[C@]3(C)CC[C@@H]12,IMKJGXCIJJXALX-SHUKQUCYSA-N,250.193280072,3.934600000000003,CC1(C)CCC[C@@]2(C)[C@H]1CC[C@@]1(C)OC(=O)C[C@H]21,SCLAREOLIDE,1.0659,1.1998,1.13285,
12312263,Br.CN1C2C[C@H](OC(=O)[C@H](CO)c3ccccc3)C[C@H]1[C@H]1OC21,WTGQALLALWYDJH-YAHCQVIGSA-N,383.07322028399994,1.496,Br.CN1C2C[C@H](OC(=O)[C@H](CO)c3ccccc3)C[C@H]1[C@H]1OC21,SCOPOLAMINE HYDROBROMIDE,1.1317,1.0154,1.07355,
23494331,Cc1ncc([N+](=O)[O-])n1CC(C)O,KPQZUUQMTUIKBP-UHFFFAOYSA-N,185.080041212,0.4805199999999999,Cc1ncc([N+](=O)[O-])n1CC(C)O,SECNIDAZOLE,1.0045,0.99376,0.99913,
36743325,O=C1C=C2C=C[C@@H]3C[C@@]2(O1)[C@H]1CCCCN31,SWZMSZQQJRKFBP-WZRBSPASSA-N,217.11027872,1.405,O=C1C=C2C=C[C@@H]3C[C@@]2(O1)[C@H]1CCCCN31,SECURININE,1.0891,0.98863,1.038865,
70029565,CCCCC(=O)C1CCCC=C1C(=O)O,PHVSWPDOXIQPTN-UHFFFAOYSA-N,210.125594436,2.556800000000001,CCCCC(=O)C1CCCC=C1C(=O)O,SEDANOIC ACID,0.87802,0.88346,0.88074,
11159366,CO[C@H]1CC(O[C@@H]2/C(C)=C/C[C@@H]3C[C@@H](C[C@]4(CC[C@H](C)[C@@H](C5CCCCC5)O4)O3)OC(=O)[C@@H]3C=C(C)/C(=N/O)[C@H]4OC/C(=C\C=C\[C@@H]2C)[C@]43O)O[C@@H](C)C1O,AFJYYKSVHJGXSN-OCPFIAPBSA-N,769.4401118359999,6.069800000000008,CO[C@H]1CC(O[C@@H]2/C(C)=C/C[C@@H]3C[C@@H](C[C@]4(CC[C@H](C)[C@@H](C5CCCCC5)O4)O3)OC(=O)[C@@H]3C=C(C)/C(=N/O)[C@H]4OC/C(=C\C=C\[C@@H]2C)[C@@]34O)O[C@@H](C)C1O,SELAMECTIN,1.0195,0.99774,1.00862,
30633525,C#CCN(C)C(C)Cc1ccccc1.Cl,IYETZZCWLLUHIJ-UHFFFAOYSA-N,223.112777256,2.6044000000000014,C#CCN(C)C(C)Cc1ccccc1.Cl,SELEGILINE HYDROCHLORIDE,0.86347,0.88274,0.873105,
99416239,C[Se]CC[C@H](N)C(=O)O,RJFAYQIBOAGBLC-BYPYZUCNSA-N,196.995499892,-0.040999999999999925,C[Se]CC[C@H](N)C(=O)O,SELENOMETHIONINE,0.90571,0.95644,0.931075,
80201107,CC1CCC(NC(=O)N(CCCl)N=O)CC1,FVLVBPDQNARYJU-UHFFFAOYSA-N,247.108754496,2.496900000000001,CC1CCC(NC(=O)N(CCCl)N=O)CC1,SEMUSTINE,1.0202,1.0556,1.0379,
13902968,O=C(O)c1cc(O)c2c(c1)[C@@H]([C@H]1c3cc(C(=O)O)cc(O)c3C(=O)c3c(O[C@H]4O[C@H](CO)[C@@H](O)[C@H](O)[C@H]4O)cccc31)c1cccc(O[C@H]3O[C@H](CO)[C@@H](O)[C@H](O)[C@H]3O)c1C2=O,IPQVTOJGNYVQEO-DBHPJPNJSA-N,862.1956436160001,-1.0956000000000004,O=C(O)c1cc(O)c2c(c1)[C@@H]([C@H]1c3cc(C(=O)O)cc(O)c3C(=O)c3c(O[C@H]4O[C@H](CO)[C@@H](O)[C@H](O)[C@H]4O)cccc31)c1cccc(O[C@H]3O[C@H](CO)[C@@H](O)[C@H](O)[C@H]3O)c1C2=O,SENNOSIDE A,0.93715,0.90604,0.921595,
60963567,CC1=C(C)C(=O)C(C(CCCCCC(=O)O)c2ccccc2)=C(C)C1=O,ZBVKEHDGYSLCCC-UHFFFAOYSA-N,354.18310931199994,4.610000000000003,CC1=C(C)C(=O)C(C(CCCCCC(=O)O)c2ccccc2)=C(C)C1=O,SERATRODAST,1.1875,1.1324,1.15995,
51055148,N[C@@H](CO)C(=O)O,MTCFGRXMJLQNBG-REOHCLBHSA-N,105.042593084,-1.6093999999999997,N[C@@H](CO)C(=O)O,SERINE (L),1.001,1.1062,1.0536,
81265237,Cl.NCCc1c[nH]c2ccc(O)cc12,MDIGAZPGKJFIAH-UHFFFAOYSA-N,212.071640716,1.7965,Cl.NCCc1c[nH]c2ccc(O)cc12,SEROTONIN HYDROCHLORIDE,1.0588,0.98715,1.022975,
51411692,CN[C@H]1CC[C@@H](c2ccc(Cl)c(Cl)c2)c2ccccc21.Cl,BLFQGGGGFNSJKA-XHXSRVRCSA-N,341.05048261599995,5.601400000000004,CN[C@H]1CC[C@@H](c2ccc(Cl)c(Cl)c2)c2ccccc21.Cl,SERTRALINE HYDROCHLORIDE,0.13701,0.14592,0.141465,
77203649,FCOC(C(F)(F)F)C(F)(F)F,DFEYYRMXOJXZRJ-UHFFFAOYSA-N,200.007212256,2.4232000000000005,FCOC(C(F)(F)F)C(F)(F)F,SEVOFLURANE,0.92857,0.96883,0.9487,
17121925,O=C(O)C1=C[C@@H](O)[C@@H](O)[C@H](O)C1,JXOHGGNKMLTUBP-HSUXUTPPSA-N,174.05282342,-1.5162000000000004,O=C(O)C1=C[C@@H](O)[C@@H](O)[C@H](O)C1,SHIKIMIC ACID,0.90993,0.97365,0.94179,
11738203,CCCc1nn(C)c2c(=O)[nH]c(-c3cc(S(=O)(=O)N4CCN(C)CC4)ccc3OCC)nc12.O=C(O)CC(O)(CC(=O)O)C(=O)O,DEIYFTQMQPDXOT-UHFFFAOYSA-N,666.2319270360001,0.36240000000000505,CCCc1nn(C)c2c(=O)[nH]c(-c3cc(S(=O)(=O)N4CCN(C)CC4)ccc3OCC)nc12.O=C(O)CC(O)(CC(=O)O)C(=O)O,SILDENAFIL CITRATE,1.0645,1.1806,1.12255,
48180996,COc1cc([C@H]2Oc3cc([C@H]4Oc5cc(O)cc(O)c5C(=O)[C@@H]4O)ccc3O[C@@H]2CO)ccc1O,SEBFKMXJBCUCAI-HKTJVKLFSA-N,482.1212969039999,2.3627,COc1cc([C@H]2Oc3cc([C@H]4Oc5cc(O)cc(O)c5C(=O)[C@@H]4O)ccc3O[C@@H]2CO)ccc1O,SILIBININ,1.0218,1.0029,1.01235,
92067849,CCC(C)(C)C(=O)O[C@H]1C[C@@H](C)C=C2C=C[C@H](C)[C@H](CC[C@@H]3C[C@@H](O)CC(=O)O3)[C@H]21,RYMZZMVNJRMUDD-HGQWONQESA-N,418.2719243159999,4.585600000000005,CCC(C)(C)C(=O)O[C@H]1C[C@@H](C)C=C2C=C[C@H](C)[C@H](CC[C@@H]3C[C@@H](O)CC(=O)O3)[C@H]21,SIMVASTATIN,0.87753,0.89173,0.88463,
91965161,COc1cc(/C=C/C(=O)O)cc(OC)c1O,PCMORTLOPMLEFB-UHFFFAOYSA-N,224.068473484,1.5071999999999999,COc1cc(/C=C/C(=O)O)cc(OC)c1O,SINAPIC ACID,0.90114,0.93857,0.919855,
66719830,COc1cc(/C=C/C(=O)O)cc(OC)c1OC,YTFVRYKNXDADBI-UHFFFAOYSA-N,238.084123548,1.8101999999999998,COc1cc(/C=C/C(=O)O)cc(OC)c1OC,SINAPIC ACID METHYL ETHER,0.99907,0.92624,0.962655,
69886937,COc1ccc(-c2cc(=O)c3c(OC)c(OC)c(OC)cc3o2)cc1OC,LKMNXYDUQXAUCZ-UHFFFAOYSA-N,372.12090298,3.503000000000003,COc1ccc(-c2cc(=O)c3c(OC)c(OC)c(OC)cc3o2)cc1OC,SINENSETIN,0.94384,0.93567,0.939755,
36503548,COC1=C[C@@H]2[C@@H]3Cc4ccc(OC)c(O)c4[C@]2(CCN3C)CC1=O,INYYVPJSBIVGPH-QHRIQVFBSA-N,329.162708216,2.0180999999999996,COC1=C[C@@H]2[C@@H]3Cc4ccc(OC)c(O)c4[C@]2(CCN3C)CC1=O,SINOMENINE,0.89941,1.0956,0.997505,
69332028,COC1CC2CCC(C)C(O)(O2)C(=O)C(=O)N2CCCCC2C(=O)OC(C(C)CC2CCC(O)C(OC)C2)CC(=O)C(C)/C=C(\C)C(O)C(OC)C(=O)C(C)CC(C)/C=C/C=C/C=C/1C,QFJCIRLUMZQUOT-UHFFFAOYSA-N,913.555141588,6.180600000000006,COC1CC2CCC(C)C(O)(O2)C(=O)C(=O)N2CCCCC2C(=O)OC(C(C)CC2CCC(O)C(OC)C2)CC(=O)C(C)/C=C(\C)C(O)C(OC)C(=O)C(C)CC(C)/C=C/C=C/C=C/1C,SIROLIMUS,0.89431,1.1376,1.015955,
11319693,CN[C@@H]1C(O)[C@@H](O[C@@H]2[C@@H](O)[C@H](O[C@H]3OC(CN)=CC[C@H]3N)[C@@H](N)C[C@H]2N)OC[C@]1(C)O.O=S(=O)(O)O,JVTNJDPXUPRGIE-KZSKFNJOSA-N,545.236678068,-4.504300000000005,CN[C@@H]1C(O)[C@@H](O[C@@H]2[C@@H](O)[C@H](O[C@H]3OC(CN)=CC[C@H]3N)[C@@H](N)C[C@H]2N)OC[C@]1(C)O.O=S(=O)(O)O,SISOMICIN SULFATE,0.98015,1.0533,1.016725,
16561101,N[C@@H](CC(=O)N1CCn2c(nnc2C(F)(F)F)C1)Cc1cc(F)c(F)cc1F.O.O=P(O)(O)O,GQPYTJVDPQTBQC-KLQYNRQASA-N,523.1055393099999,0.2631999999999995,N[C@@H](CC(=O)N1CCn2c(nnc2C(F)(F)F)C1)Cc1cc(F)c(F)cc1F.O.O=P(O)(O)O,SITAGLIPTIN PHOSPHATE,1.0002,1.3809,1.19055,
98468629,CCC(CCC(C)[C@H]1CCC2C3CC=C4C[C@@H](OC(C)=O)CC[C@]4(C)C3CC[C@@]21C)C(C)C,PBWOIPCULUXTNY-WDLDYIHASA-N,456.396730904,8.595600000000006,CCC(CCC(C)[C@H]1CCC2C3CC=C4C[C@@H](OC(C)=O)CC[C@]4(C)C3CC[C@@]21C)C(C)C,SITOSTERYL ACETATE,1.2423,1.0499,1.1461,
33247807,Cc1c[nH]c2ccccc12,ZFRKQXVRDFCRJG-UHFFFAOYSA-N,131.073499288,2.4763200000000003,Cc1c[nH]c2ccccc12,SKATOLE,1.0718,1.2291,1.15045,
37894804,Cc1cc(O)c2c(c1)C(=O)c1c(c(O)cc(O)c1-c1c(O)cc(O)c3c1C(=O)c1cc(C)cc(O)c1C3=O)C2=O,MQSXZQXHIJMNAF-UHFFFAOYSA-N,538.0899967759999,3.754840000000003,Cc1cc(O)c2c(c1)C(=O)c1c(c(O)cc(O)c1-c1c(O)cc(O)c3c1C(=O)c1cc(C)cc(O)c1C3=O)C2=O,SKYRIN,1.0078,0.90143,0.954615,
63795182,CC1CC[C@@]2(OC1)O[C@H]1CC3C4CC[C@@H]5C[C@@H](O)CC[C@]5(C)C4CC[C@]3(C)[C@H]1[C@@H]2C,GMBQZIIUCVWOCD-NKABGAIOSA-N,416.32904526799996,5.793800000000006,CC1CC[C@@]2(OC1)O[C@H]1CC3C4CC[C@@H]5C[C@@H](O)CC[C@]5(C)C4CC[C@]3(C)[C@H]1[C@@H]2C,SMILAGENIN,0.66537,0.86573,0.76555,
10249672,CC(=O)O[C@H]1CC[C@]2(C)C3CC[C@@]4(C)C(CC5O[C@@]6(CCC(C)CO6)[C@@H](C)C54)C3CC[C@@H]2C1,LVRAKYNQYKVPIK-QFYGBLFPSA-N,458.33960995199993,6.364600000000007,CC(=O)O[C@H]1CC[C@]2(C)C3CC[C@@]4(C)C(CC5O[C@@]6(CCC(C)CO6)[C@@H](C)C54)C3CC[C@@H]2C1,SMILAGENIN ACETATE,1.0524,1.0669,1.05965,
17524322,O=S(=O)([O-])NC1CCCCC1.[Na+],UDIPTWFVPPPURJ-UHFFFAOYSA-M,201.043558524,-2.6270999999999978,O=S(=O)([O-])NC1CCCCC1.[Na+],SODIUM CYCLAMATE,1.2783,1.0718,1.17505,
24784061,O=C([O-])[C@H](O)[C@@H](O)[C@H](O)[C@H](O)CO.[Na+],UPMFZISCCZSDND-JJKGCWMISA-M,218.04024697199998,-7.823799999999997,O=C([O-])[C@H](O)[C@@H](O)[C@H](O)[C@H](O)CO.[Na+],SODIUM GLUCONATE,1.2404,1.0502,1.1453,
24491790,CC(O)C(=O)[O-].[Na+],NGSFWBMYFKHRBD-UHFFFAOYSA-M,112.01363830000001,-4.878899999999999,CC(O)C(=O)[O-].[Na+],SODIUM LACTATE,0.90791,0.93839,0.92315,
84480702,O=P([O-])([O-])F.[Na+].[Na+],BFDWBSRJQZPEEB-UHFFFAOYSA-L,143.93644727,-7.2074,O=P([O-])([O-])F.[Na+].[Na+],SODIUM MONOFLUOROPHOSPHATE,1.2122,0.95769,1.084945,
73556487,N#C[Fe-2](C#N)(C#N)(C#N)(C#N)N=O.O.O.[Na+].[Na+],OIRZWVYIQXBRFC-UHFFFAOYSA-N,297.948964048,-7.342899999999998,N#C[Fe-2](C#N)(C#N)(C#N)(C#N)N=O.O.O.[Na+].[Na+],SODIUM NITROPRUSSIDE DIHYDRATE,0.89041,1.1534,1.021905,
30618975,O=C([O-])CCCO.[Na+],XYGBKMMCQDZQOZ-UHFFFAOYSA-M,126.02928836400001,-4.487199999999998,O=C([O-])CCCO.[Na+],SODIUM OXYBATE,0.93119,1.011,0.971095,
43704248,O=C([O-])Cc1ccccc1.[Na+],HZOREEUASZHZBI-UHFFFAOYSA-M,158.034373744,-3.0169999999999995,O=C([O-])Cc1ccccc1.[Na+],SODIUM PHENYLACETATE,1.11,1.056,1.083,
55165394,O=C([O-])CCCc1ccccc1.[Na+],VPZRWNZGLKXFOE-UHFFFAOYSA-M,186.065673872,-2.236799999999998,O=C([O-])CCCc1ccccc1.[Na+],SODIUM PHENYLBUTYRATE,1.3026,1.1864,1.2445,
82839096,O=C([O-])c1ccccc1O.[Na+],ABBQHOQBGMUPJH-UHFFFAOYSA-M,160.0136383,-3.240299999999999,O=C([O-])c1ccccc1O.[Na+],SODIUM SALICYLATE,0.89111,1.0997,0.995405,
43448275,CCCCC(CC)CCC(CC(C)C)OS(=O)(=O)[O-].[Na+],FVEFRICMTUKAML-UHFFFAOYSA-M,316.168424688,0.8785000000000007,CCCCC(CC)CCC(CC(C)C)OS(=O)(=O)[O-].[Na+],SODIUM TETRADECYL SULFATE,1.4741,0.94529,1.209695,
69621104,CC(C)=CCC/C(C)=C/CC/C(C)=C/CC/C(C)=C/CC/C(C)=C/CC/C(C)=C/CC/C(C)=C/CC/C(C)=C/CC/C(C)=C/CO,AFPLNGZPBSKHHQ-UHFFFAOYSA-N,630.573966988,14.756899999999963,CC(C)=CCC/C(C)=C/CC/C(C)=C/CC/C(C)=C/CC/C(C)=C/CC/C(C)=C/CC/C(C)=C/CC/C(C)=C/CC/C(C)=C/CO,SOLANESOL,1.169,1.2007,1.18485,
17636550,CC(=O)OC/C=C(\C)CC/C=C(\C)CC/C=C(\C)CC/C=C(\C)CC/C=C(\C)CC/C=C(\C)CC/C=C(\C)CC/C=C(\C)CCC=C(C)C,JQXXWBAHSBAIEK-UHFFFAOYSA-N,672.584531672,15.327699999999961,CC(=O)OC/C=C(\C)CC/C=C(\C)CC/C=C(\C)CC/C=C(\C)CC/C=C(\C)CC/C=C(\C)CC/C=C(\C)CC/C=C(\C)CCC=C(C)C,SOLANESYL ACETATE,0.99255,1.0338,1.013175,
82843971,C[C@@H]1CC[C@@]2(NC1)O[C@H]1C[C@H]3C4CC=C5C[C@@H](O)CC[C@]5(C)C4CC[C@]3(C)C1[C@@H]2C,KWVISVAMQJWJSZ-SNCAVQOYSA-N,413.32937961600004,5.286900000000005,C[C@H]1C2[C@H](C[C@H]3C4CC=C5C[C@@H](O)CC[C@]5(C)C4CC[C@]23C)O[C@]12CC[C@@H](C)CN2,SOLASODINE,1.066,1.07,1.068,
44164975,CC1=CC(=O)C2C(C)(C)CCC[C@]2(C)[C@@]1(O)CCc1ccoc1,XDYGCIOWNPNVIH-ZYJPSCNZSA-N,316.20384475599997,4.3049000000000035,CC1=CC(=O)C2C(C)(C)CCC[C@]2(C)[C@@]1(O)CCc1ccoc1,SOLIDAGENONE,0.99496,1.0295,1.01223,
99516582,O=C(O)CCC(=O)O.O=C(O[C@H]1CN2CCC1CC2)N1CCc2ccccc2[C@@H]1c1ccccc1,RXZMMZZRUPYENV-VROPFNGYSA-N,480.226036744,3.8007000000000017,O=C(O)CCC(=O)O.O=C(O[C@H]1CN2CCC1CC2)N1CCc2ccccc2[C@@H]1c1ccccc1,SOLIFENACIN SUCCINATE,0.89483,0.7545,0.824665,
31283953,OC[C@@H](O)[C@H](O)[C@@H](O)[C@H](O)CO,FBPFZTCFMRRESA-ZXXMMSQZSA-N,182.079038168,-3.5854000000000004,OC[C@@H](O)[C@H](O)[C@@H](O)[C@H](O)CO,SORBITOL,0.9453,0.95326,0.94928,
80531788,CC(C)NCC(O)c1ccc(NS(C)(=O)=O)cc1.Cl,VIDRYROWYFWGSY-UHFFFAOYSA-N,308.096141212,1.5112999999999999,CC(C)NCC(O)c1ccc(NS(C)(=O)=O)cc1.Cl,SOTALOL HYDROCHLORIDE,0.87579,0.88385,0.87982,
50676104,COC(=O)c1c(C)cc(OC)cc1O,PFVPJOAAHSOENR-UHFFFAOYSA-N,196.073558864,1.4958199999999997,COC(=O)c1c(C)cc(OC)cc1O,SPARASSOL,0.80787,0.85708,0.832475,
39745994,CC1CN(c2c(F)c(N)c3c(=O)c(C(=O)O)cn(C4CC4)c3c2F)C[C@H](C)N1,DZZWHBIBMUVIIW-IENPIDJESA-N,392.165997004,2.0816,CC1CN(c2c(F)c(N)c3c(=O)c(C(=O)O)cn(C4CC4)c3c2F)C[C@H](C)N1,SPARFLOXACIN,0.16948,0.17376,0.17162,
10748931,C1CCN2C[C@@H]3C[C@H](CN4CCCC[C@@H]34)[C@H]2C1.O=S(=O)(O)O,FCEHFCFHANDXMB-KBAUWVDPSA-N,332.1769783759999,1.6923000000000004,C1CCN2C[C@H]3C[C@@H](CN4CCCC[C@H]34)[C@@H]2C1.O=S(=O)(O)O,SPARTEINE SULFATE,0.97957,1.0271,1.003335,
32772963,CN[C@@H]1[C@H](O)[C@H](NC)[C@H]2O[C@@]3(O)C(=O)C[C@@H](C)O[C@H]3O[C@@H]2[C@H]1O.Cl.Cl,FOGDPGQSHLLYIK-XYQGXRRISA-N,404.1117065319999,-2.081999999999997,CN[C@H]1[C@@H](O)[C@@H](NC)[C@H](O)[C@H]2O[C@@H]3O[C@H](C)CC(=O)[C@]3(O)O[C@H]12.Cl.Cl,SPECTINOMYCIN HYDROCHLORIDE,0.45873,0.61632,0.537525,
41261402,Cl.Cl.Cl.NCCCCNCCCN,LCNBIHVSOPXFMR-UHFFFAOYSA-N,253.08793074399998,0.9291,Cl.Cl.Cl.NCCCCNCCCN,SPERMIDINE TRIHYDROCHLORIDE,0.80981,0.90664,0.858225,
99605331,NCCCNCCCCNCCCN,PFNFFQXMRSDOHW-UHFFFAOYSA-N,202.21574683199998,-0.35659999999999775,NCCCNCCCCNCCCN,SPERMINE,0.80119,0.96897,0.88508,
91310013,COc1cc2ccc(=O)oc2c2ccoc12,DLCJNIBLOSKIQW-UHFFFAOYSA-N,216.042258736,2.5478000000000005,COc1cc2ccc(=O)oc2c2ccoc12,SPHONDIN,1.149,0.98576,1.06738,
95607482,CCCCCCCCCC[C@@H](C(=O)O)[C@]1(C(=O)O)CCC(=O)O1,TUXHHVJPGQUPCF-GUYCJALGSA-N,328.18858861599995,3.378400000000001,CCCCCCCCCC[C@@H](C(=O)O)[C@]1(C(=O)O)CCC(=O)O1,SPICULISPORIC ACID,1.1665,1.2416,1.20405,
44884381,CO[C@@H]1[C@@H](O[C@@H]2O[C@H](C)[C@@H](O[C@H]3C[C@@](C)(O)[C@H](O)[C@H](C)O3)[C@H](N(C)C)[C@H]2O)[C@@H](CC=O)C[C@@H](C)[C@@H](O[C@H]2CC[C@H](N(C)C)[C@@H](C)O2)/C=C/C=C/C[C@H](C)OC(=O)C[C@H]1O,ACTOXUHEUCPTEW-SHNVRUCMSA-N,842.5140050480001,2.3251000000000093,CO[C@@H]1[C@@H](O[C@@H]2O[C@H](C)[C@@H](O[C@H]3C[C@@](C)(O)[C@H](O)[C@H](C)O3)[C@H](N(C)C)[C@H]2O)[C@@H](CC=O)C[C@@H](C)[C@@H](O[C@H]2CC[C@H](N(C)C)[C@@H](C)O2)/C=C/C=C/C[C@H](C)OC(=O)C[C@H]1O,SPIRAMYCIN,0.6553,0.95399,0.804645,
11159861,CC(=O)S[C@@H]1CC2=CC(=O)CC[C@]2(C)[C@H]2CC[C@@]3(C)[C@@H](CC[C@@]34CCC(=O)O4)C12,LXMSZDCAJNLERA-SRFJPPJVSA-N,416.2021305039999,4.852300000000005,CC(=O)S[C@@H]1CC2=CC(=O)CC[C@]2(C)[C@H]2CC[C@@]3(C)[C@@H](CC[C@@]34CCC(=O)O4)C21,SPIRONOLACTONE,0.96235,1.2804,1.121375,
69031844,Cc1cn([C@H]2C=C[C@@H](CO)O2)c(=O)[nH]c1=O,XNKLLVCARDGLGL-JGVFFNPUSA-N,224.079706864,-0.7090799999999999,Cc1cn([C@H]2C=C[C@@H](CO)O2)c(=O)[nH]c1=O,STAVUDINE,0.88299,1.0204,0.951695,
35529686,CC[C@H](/C=C/C(C)C1CCC2C3CCC4=CC(=O)CC[C@]4(C)C3CC[C@]12C)C(C)C,MKGZDUKUQPPHFM-VJMXICQNSA-N,410.354866092,8.00900000000001,CC[C@H](/C=C/C(C)C1CCC2C3CCC4=CC(=O)CC[C@]4(C)C3CC[C@]12C)C(C)C,"STIGMASTA-4,22-DIEN-3-ONE",0.89666,0.95597,0.926315,
62280923,CCC(/C=C/[C@@H](C)[C@H]1CCC2C3CC=C4C[C@@H](O)CC[C@]4(C)C3CC[C@@]21C)C(C)C,HCXVJBMSMIARIN-SOVASGFASA-N,412.370516156,7.8008000000000095,CCC(/C=C/[C@@H](C)[C@H]1CCC2C3CC=C4C[C@@H](O)CC[C@]4(C)C3CC[C@@]21C)C(C)C,STIGMASTEROL,0.88041,0.96897,0.92469,
98336983,CN[C@@H]1[C@H](OC2[C@H](O[C@H]3[C@H](O)[C@@H](O)[C@H](NC(=N)N)[C@@H](O)[C@@H]3NC(=N)N)O[C@@H](C)[C@]2(O)C=O)O[C@@H](CO)[C@H](O)[C@H]1O.O=S(=O)(O)O,CFCMMYICHMLDCC-RVPLDQIASA-N,679.2330492320001,-8.394560000000014,CN[C@@H]1[C@H](OC2[C@H](O[C@@H]3[C@@H](NC(=N)N)[C@H](O)[C@@H](NC(=N)N)[C@H](O)[C@H]3O)O[C@@H](C)[C@]2(O)C=O)O[C@@H](CO)[C@H](O)[C@H]1O.O=S(=O)(O)O,STREPTOMYCIN SULFATE [5mM; 10% aq DMSO + 5mM ethanolamine],0.6506,0.55934,0.60497,
59187532,CN(N=O)C(=O)N[C@@H]1[C@@H](O)[C@H](O)[C@@H](CO)O[C@@H]1O,ZSJLQEPLLKMAKR-GKHCUFPYSA-N,265.09099982000004,-2.8909,CN(N=O)C(=O)N[C@H]1[C@@H](O)O[C@H](CO)[C@@H](O)[C@@H]1O,STREPTOZOSIN,0.87768,0.94288,0.91028,
41776491,C[C@]12CCC3C(CC[C@]4(O)C[C@@H](O)CC[C@]34C=O)[C@@]1(O)CCC2C1=CC(=O)OC1,ODJLBQGVINUMMR-VJHNTTCYSA-N,404.21988874399995,1.8981999999999999,C[C@]12CCC3C(CC[C@]4(O)C[C@@H](O)CC[C@]34C=O)[C@@]1(O)CCC2C1=CC(=O)OC1,STROPHANTHIDIN,0.93424,0.98834,0.96129,
91775851,O=C1CC2OCC=C3CN4CC[C@]56c7ccccc7N1C5[C@H]2[C@H]3CC46.O=S(=O)(O)O,SQZRGLKZOYHTRV-YSIXLSBRSA-N,432.13550748799986,1.4397000000000002,O=C1CC2OCC=C3CN4CC[C@]56c7ccccc7N1C5[C@H]2[C@H]3CC46.O=S(=O)(O)O,STRYCHNINE SULFATE,0.57622,0.62738,0.6018,
11128685,O=C(O)CCCCCCC(=O)O,TYFQFVWCELRYAO-UHFFFAOYSA-N,174.089208928,1.4962000000000002,O=C(O)CCCCCCC(=O)O,SUBERIC ACID,0.96946,1.03,0.99973,
11540314,O=C(O)[C@@H](S)[C@@H](S)C(=O)O,ACTRVOBWPAIOHC-XIXRPRMCSA-N,181.970750672,-0.2476000000000001,O=C(O)[C@H](S)[C@H](S)C(=O)O,SUCCIMER,0.51973,0.63852,0.579125,
59356694,O=C(O)CCC(=O)Nc1ccc(S(=O)(=O)Nc2nccs2)cc1,SKVLYVHULOWXTD-UHFFFAOYSA-N,355.02966251600003,1.7471999999999996,O=C(O)CCC(=O)Nc1ccc(S(=O)(=O)Nc2nccs2)cc1,SUCCINYLSULFATHIAZOLE,0.88508,0.88515,0.885115,
18312958,O=S(=O)(OC[C@H]1O[C@@](COS(=O)(=O)O[Al](O)O)(O[C@H]2O[C@H](COS(=O)(=O)O[Al](O)O)[C@@H](OS(=O)(=O)O[Al](O)O)[C@H](OS(=O)(=O)O[Al](O)O)[C@H]2OS(=O)(=O)O[Al](O)O)[C@@H](OS(=O)(=O)O[Al](O)O)[C@@H]1OS(=O)(=O)O[Al](O)O)O[Al](O)O.O[Al](O)O.O[Al](O)O.O[Al](O)O.O[Al](O)O.O[Al](O)O.O[Al](O)O.O[Al](O)O.O[Al](O)O,DTULOKYBGCTCFP-QRLOXDDHSA-A,2085.5223343079965,-35.76840000000002,O=S(=O)(OC[C@H]1O[C@H](O[C@]2(COS(=O)(=O)O[Al](O)O)O[C@H](COS(=O)(=O)O[Al](O)O)[C@@H](OS(=O)(=O)O[Al](O)O)[C@@H]2OS(=O)(=O)O[Al](O)O)[C@H](OS(=O)(=O)O[Al](O)O)[C@@H](OS(=O)(=O)O[Al](O)O)[C@@H]1OS(=O)(=O)O[Al](O)O)O[Al](O)O.O[Al](O)O.O[Al](O)O.O[Al](O)O.O[Al](O)O.O[Al](O)O.O[Al](O)O.O[Al](O)O.O[Al](O)O,SUCRALFATE [5mM],0.9514,0.85395,0.902675,
62529873,OC[C@H]1O[C@H](O[C@]2(CCl)O[C@H](CCl)[C@@H](O)[C@@H]2O)[C@H](O)[C@@H](O)[C@H]1Cl,BAQAVOSOZGMPRM-QBMZZYIRSA-N,396.014550608,-1.6561000000000003,OC[C@H]1O[C@H](O[C@]2(CCl)O[C@H](CCl)[C@@H](O)[C@@H]2O)[C@H](O)[C@@H](O)[C@H]1Cl,SUCRALOSE,1.005,0.84136,0.92318,
60493167,CC1(C)C(C(=O)O)N2C(=O)C[C@H]2S1(=O)=O,FKENQMMABCRJMK-LWOQYNTDSA-N,233.035793452,-0.794999999999999,CC1(C)C(C(=O)O)N2C(=O)C[C@H]2S1(=O)=O,SULBACTAM,0.16503,0.16747,0.16625,
47671920,S=C1SCN(Cc2ccccc2)CN1Cc1ccccc1,QFVAWNPSRQWSDU-UHFFFAOYSA-N,314.091140576,3.9375000000000027,S=C1SCN(Cc2ccccc2)CN1Cc1ccccc1,SULBENTINE,1.2435,1.3137,1.2786,
55375726,Clc1ccc(CSC(Cn2ccnc2)c2ccc(Cl)cc2Cl)cc1.O=[N+]([O-])O,CRKGMGQUHDNAPB-UHFFFAOYSA-N,458.99779541199996,6.170300000000004,Clc1ccc(CSC(Cn2ccnc2)c2ccc(Cl)cc2Cl)cc1.O=[N+]([O-])O,SULCONAZOLE NITRATE,1.3538,1.1568,1.2553,
86276579,Nc1ccc(S(=O)(=O)NC(=O)c2ccccc2)cc1,PBCZLFBEBARBBI-UHFFFAOYSA-N,276.056863244,1.3875,Nc1ccc(S(=O)(=O)NC(=O)c2ccccc2)cc1,SULFABENZAMIDE,1.0642,0.99574,1.02997,
11302399,NC(=O)NS(=O)(=O)c1ccc(N)cc1,WVAKABMNNSMCDK-UHFFFAOYSA-N,215.036462148,-0.3742000000000003,NC(=O)NS(=O)(=O)c1ccc(N)cc1,SULFACARBAMIDE,1.0563,1.1558,1.10605,
61225553,CC(=O)NS(=O)(=O)c1ccc(N)cc1,SKIVFJLNDNKQPD-UHFFFAOYSA-N,214.04121318,0.0935999999999998,CC(=O)NS(=O)(=O)c1ccc(N)cc1,SULFACETAMIDE,0.9596,1.0115,0.98555,
46560583,Nc1ccc(S(=O)(=O)Nc2ccc(Cl)nn2)cc1,XOXHILFPRYWFOD-UHFFFAOYSA-N,284.01347420800005,1.513,Nc1ccc(S(=O)(=O)Nc2ccc(Cl)nn2)cc1,SULFACHLORPYRIDAZINE,0.92802,1.0355,0.98176,
58930282,Nc1ccc(S(=O)(=O)Nc2ncccn2)cc1,SEEPANYCNGTZFQ-UHFFFAOYSA-N,250.05244656,0.8596000000000001,Nc1ccc(S(=O)(=O)Nc2ncccn2)cc1,SULFADIAZINE,1.0074,1.0561,1.03175,
59059194,COc1cc(NS(=O)(=O)c2ccc(N)cc2)nc(OC)n1,ZZORFUFYDOWNEF-UHFFFAOYSA-N,310.073575928,0.8768,COc1cc(NS(=O)(=O)c2ccc(N)cc2)nc(OC)n1,SULFADIMETHOXINE,0.9641,1.1229,1.0435,
27885462,COc1ncnc(NS(=O)(=O)c2ccc(N)cc2)c1OC,PJSFRIWCGOHTNF-UHFFFAOYSA-N,310.07357592799997,0.8768,COc1ncnc(NS(=O)(=O)c2ccc(N)cc2)c1OC,SULFADOXINE,1.1012,0.96776,1.03448,
19523323,Cc1ccnc(NS(=O)(=O)c2ccc(N)cc2)n1,QPPBRPIAZZHUNT-UHFFFAOYSA-N,264.068096624,1.16802,Cc1ccnc(NS(=O)(=O)c2ccc(N)cc2)n1,SULFAMERAZINE,1.1196,1.0318,1.0757,
10224280,COc1cnc(NS(=O)(=O)c2ccc(N)cc2)nc1,GPTONYMQFTZPKC-UHFFFAOYSA-N,280.063011244,0.8681999999999999,COc1cnc(NS(=O)(=O)c2ccc(N)cc2)nc1,SULFAMETER,0.94425,1.0946,1.019425,
12597741,Cc1cc(C)nc(NS(=O)(=O)c2ccc(N)cc2)n1,ASWVTGNCAZCNNR-UHFFFAOYSA-N,278.083746688,1.4764399999999998,Cc1cc(C)nc(NS(=O)(=O)c2ccc(N)cc2)n1,SULFAMETHAZINE,1.3079,1.2832,1.29555,
11048863,Cc1nnc(NS(=O)(=O)c2ccc(N)cc2)s1,VACCAVUAMIDAGB-UHFFFAOYSA-N,270.02451756,1.2295199999999997,Cc1nnc(NS(=O)(=O)c2ccc(N)cc2)s1,SULFAMETHIZOLE,1.0611,0.97181,1.016455,
68873314,Cc1cc(NS(=O)(=O)c2ccc(N)cc2)no1,JLKIGFTWXXRPMT-UHFFFAOYSA-N,253.052112212,1.3660199999999998,Cc1cc(NS(=O)(=O)c2ccc(N)cc2)no1,SULFAMETHOXAZOLE,0.89489,1.229,1.061945,
56960973,COc1ccc(NS(=O)(=O)c2ccc(N)cc2)nn1,VLYWMPOKSSWJAL-UHFFFAOYSA-N,280.063011244,0.8681999999999999,COc1ccc(NS(=O)(=O)c2ccc(N)cc2)nn1,SULFAMETHOXYPYRIDAZINE,1.0143,1.0806,1.04745,
12096187,COc1cc(NS(=O)(=O)c2ccc(N)cc2)ncn1,WMPXPUYPYQKQCX-UHFFFAOYSA-N,280.063011244,0.8682000000000001,COc1cc(NS(=O)(=O)c2ccc(N)cc2)ncn1,SULFAMONOMETHOXINE,1.1016,1.0623,1.08195,
46620010,Nc1ccc(S(N)(=O)=O)cc1,FDDDEECHVMSUSB-UHFFFAOYSA-N,172.030648496,-0.08380000000000004,Nc1ccc(S(N)(=O)=O)cc1,SULFANILAMIDE,1.0198,0.96667,0.993235,
47667188,Nc1ccc(S(=O)(=O)[O-])cc1.Nc1ccc(S(=O)(=O)[O-])cc1.[Zn+2],RIUORJCWAHCMSA-UHFFFAOYSA-L,407.94282030399995,0.34330000000000027,Nc1ccc(S(=O)(=O)[O-])cc1.Nc1ccc(S(=O)(=O)[O-])cc1.[Zn+2],SULFANILATE ZINC,0.90375,1.0936,0.998675,
96750330,CC(=O)Nc1ccc(S(=O)(=O)Nc2ccc([N+](=O)[O-])cc2)cc1,GWBPFRGXNGPPMF-UHFFFAOYSA-N,335.057591516,2.354,CC(=O)Nc1ccc(S(=O)(=O)Nc2ccc([N+](=O)[O-])cc2)cc1,SULFANITRAN,1.1227,1.2038,1.16325,
10226532,Nc1ccc(S(=O)(=O)Nc2ccnn2-c2ccccc2)cc1,QWCJHSGMANYXCW-UHFFFAOYSA-N,314.08374668799996,2.2553,Nc1ccc(S(=O)(=O)Nc2ccnn2-c2ccccc2)cc1,SULFAPHENAZOLE,1.0334,1.0478,1.0406,
79289859,Nc1ccc(S(=O)(=O)Nc2ccccn2)cc1,GECHUMIMRBOMGK-UHFFFAOYSA-N,249.057197592,1.4646000000000001,Nc1ccc(S(=O)(=O)Nc2ccccn2)cc1,SULFAPYRIDINE,1.0019,0.84717,0.924535,
25761523,Nc1ccc(S(=O)(=O)[N-]c2cnc3ccccc3n2)cc1.[Na+],WXUQBKOBXREBBX-UHFFFAOYSA-N,322.05004087200007,-0.38990000000000014,Nc1ccc(S(=O)(=O)[N-]c2cnc3ccccc3n2)cc1.[Na+],SULFAQUINOXALINE SODIUM,0.99008,1.012,1.00104,
68228350,O=C(O)c1cc(/N=N/c2ccc(S(=O)(=O)Nc3ccccn3)cc2)ccc1O,NCEXYHBECQHGNR-UHFFFAOYSA-N,398.068490548,3.7016000000000013,O=C(O)c1cc(/N=N/c2ccc(S(=O)(=O)Nc3ccccn3)cc2)ccc1O,SULFASALAZINE,1.111,1.2557,1.18335,
67677119,Nc1ccc(S(=O)(=O)Nc2nccs2)cc1,JNMRHUJNCSQMMB-UHFFFAOYSA-N,255.013618528,1.5261,Nc1ccc(S(=O)(=O)Nc2nccs2)cc1,SULFATHIAZOLE,1.0112,0.92538,0.96829,
20506405,O=C1C(CCS(=O)c2ccccc2)C(=O)N(c2ccccc2)N1c1ccccc1,MBGGBVCUIVRRBF-UHFFFAOYSA-N,404.1194635,3.795500000000003,O=C1C(CCS(=O)c2ccccc2)C(=O)N(c2ccccc2)N1c1ccccc1,SULFINPYRAZONE,1.0295,0.89717,0.963335,
87087246,Cc1cc(NS(=O)(=O)c2ccc(N)cc2)nc(C)n1,YZMCKZRAOLZXAZ-UHFFFAOYSA-N,278.083746688,1.47644,Cc1cc(NS(=O)(=O)c2ccc(N)cc2)nc(C)n1,SULFISOMIDINE,1.4711,1.4627,1.4669,
10392769,Cc1noc(NS(=O)(=O)c2ccc(N)cc2)c1C,NHUHCSRWZMLRLA-UHFFFAOYSA-N,267.067762276,1.67444,Cc1noc(NS(=O)(=O)c2ccc(N)cc2)c1C,SULFISOXAZOLE,1.0322,0.8986,0.9654,
89765251,CC(=O)Nc1ccc(S(=O)(=O)Nc2onc(C)c2C)cc1,UTVCPAPWORAKEV-UHFFFAOYSA-N,309.07832696,2.0506399999999996,CC(=O)Nc1ccc(S(=O)(=O)Nc2onc(C)c2C)cc1,SULFISOXAZOLE ACETYL,1.0997,1.1454,1.12255,
31869435,CCNS(=O)(=O)C(F)(F)C(F)(F)C(F)(F)C(F)(F)C(F)(F)C(F)(F)C(F)(F)C(F)(F)F,CCEKAJIANROZEO-UHFFFAOYSA-N,526.984779172,4.892600000000002,CCNS(=O)(=O)C(F)(F)C(F)(F)C(F)(F)C(F)(F)C(F)(F)C(F)(F)C(F)(F)C(F)(F)F,SULFLURAMID,1.0532,0.86958,0.96139,
42042756,CC1=C(CC(=O)O)c2cc(F)ccc2/C1=C\c1ccc(S(C)=O)cc1,MLKXDPUZXIRXEP-UHFFFAOYSA-N,356.088243624,4.365500000000003,CC1=C(CC(=O)O)c2cc(F)ccc2/C1=C\c1ccc(S(C)=O)cc1,SULINDAC,0.95857,0.88645,0.92251,
84186952,COc1cc(O)c(C(=O)c2ccccc2)cc1S(=O)(=O)O,CXVGEDCSTKKODG-UHFFFAOYSA-N,308.0354591039999,1.8785,COc1cc(O)c(C(=O)c2ccccc2)cc1S(=O)(=O)O,SULISOBENZONE,0.90548,0.97654,0.94101,
62621066,CCCCCCCCNC(C)C(O)c1ccc(SC(C)C)cc1,BFCDFTHTSVTWOG-UHFFFAOYSA-N,337.24393574000004,5.559100000000006,CCCCCCCCNC(C)C(O)c1ccc(SC(C)C)cc1,SULOCTIDIL,0.35468,0.37337,0.364025,
33225538,CCN1CCCC1CNC(=O)c1cc(S(N)(=O)=O)ccc1OC,BGRJTUBHPOOWDU-UHFFFAOYSA-N,341.140927216,0.5567000000000012,CCN1CCCC1CNC(=O)c1cc(S(N)(=O)=O)ccc1OC,SULPIRIDE (S [-]),0.95291,0.87198,0.912445,
93950161,CNS(=O)(=O)Cc1ccc2[nH]cc(CCN(C)C)c2c1,KQKPFRSPSRPDEB-UHFFFAOYSA-N,295.135447912,1.3211999999999997,CNS(=O)(=O)Cc1ccc2[nH]cc(CCN(C)C)c2c1,SUMATRIPTAN,1.1453,1.3005,1.2229,
72851091,CCOCC(O)COc1ccc(NC(=O)CC[S+](C)C)cc1.Cc1ccc(S(=O)(=O)[O-])cc1,RYVJQEZJUFRANT-UHFFFAOYSA-N,499.1698443959999,2.5684200000000006,CCOCC(O)COc1ccc(NC(=O)CC[S+](C)C)cc1.Cc1ccc(S(=O)(=O)[O-])cc1,SUPLATAST TOSYLATE,0.89912,1.136,1.01756,
99421124,Cc1ccc(C(=O)Nc2ccc(S(=O)(=O)[O-])c3cc(S(=O)(=O)[O-])cc(S(=O)(=O)[O-])c23)cc1NC(=O)c1cccc(NC(=O)Nc2cccc(C(=O)Nc3cc(C(=O)Nc4ccc(S(=O)(=O)[O-])c5cc(S(=O)(=O)[O-])cc(S(=O)(=O)[O-])c45)ccc3C)c2)c1.[Na+].[Na+].[Na+].[Na+].[Na+].[Na+],VAPNKLKDKUDFHK-UHFFFAOYSA-H,1427.9385730279998,-13.288359999999994,Cc1ccc(C(=O)Nc2ccc(S(=O)(=O)[O-])c3cc(S(=O)(=O)[O-])cc(S(=O)(=O)[O-])c23)cc1NC(=O)c1cccc(NC(=O)Nc2cccc(C(=O)Nc3cc(C(=O)Nc4ccc(S(=O)(=O)[O-])c5cc(S(=O)(=O)[O-])cc(S(=O)(=O)[O-])c45)ccc3C)c2)c1.[Na+].[Na+].[Na+].[Na+].[Na+].[Na+],SURAMIN HEXASODIUM,1.3314,1.2621,1.29675,
45312399,Cc1ccc(-n2nccn2)c(C(=O)N2CCN(c3nc4cc(Cl)ccc4o3)CC[C@H]2C)c1,JYTNQNCOQXFQPK-MRXNPFEDSA-N,450.15710165599995,4.111320000000004,Cc1ccc(-n2nccn2)c(C(=O)N2CCN(c3nc4cc(Cl)ccc4o3)CC[C@H]2C)c1,SUVOREXANT,1.1402,0.93364,1.03692,
90741016,O=c1n(Cl)c(=O)n(Cl)c(=O)n1Cl,YRIZYWQGELRKNT-UHFFFAOYSA-N,230.9005239,-0.8226,O=c1n(Cl)c(=O)n(Cl)c(=O)n1Cl,SYMCLOSENE,0.99834,0.92968,0.96401,
39157383,CNCC(O)c1ccc(O)cc1.CNCC(O)c1ccc(O)cc1.O=C(O)C(O)C(O)C(=O)O,KZZBAIXGUQOHKI-UHFFFAOYSA-N,484.20569522399984,-0.8325999999999993,CNCC(O)c1ccc(O)cc1.CNCC(O)c1ccc(O)cc1.O=C(O)C(O)C(O)C(=O)O,SYNEPHRINE TARTRATE,0.92967,1.2245,1.077085,
11200938,COc1cc(C(=O)O)cc(OC)c1O,JMSVCTWVEWCHDZ-UHFFFAOYSA-N,198.05282342,1.1076,COc1cc(C(=O)O)cc(OC)c1O,SYRINGIC ACID,1.0122,0.90884,0.96052,
82461671,COc1cccc(OC)c1O,KLIDCXVFHGNTTM-UHFFFAOYSA-N,154.06299418,1.4093999999999998,COc1cccc(OC)c1O,SYRINGOL,0.94833,1.0649,1.006615,
83013774,Cl.Nc1c2c(nc3ccccc13)CCCC2,ZUFVXZVXEJHHBN-UHFFFAOYSA-N,234.09237616,3.1176000000000013,Cl.Nc1c2c(nc3ccccc13)CCCC2,TACRINE HYDROCHLORIDE,0.57826,0.94238,0.76032,
72687228,C=CC[C@@H]1/C=C(\C)C[C@H](C)C[C@H](OC)[C@H]2O[C@@](O)(C(=O)C(=O)N3CCCC[C@H]3C(=O)O[C@H](/C(C)=C/C3CC[C@@H](O)[C@H](OC)C3)[C@H](C)[C@@H](O)CC1=O)[C@H](C)C[C@@H]2OC,QJJXYPPXXYFBGM-VNCOGHFTSA-N,803.4819766480001,4.639000000000004,C=CC[C@@H]1/C=C(\C)C[C@H](C)C[C@H](OC)[C@H]2O[C@@](O)(C(=O)C(=O)N3CCCC[C@H]3C(=O)O[C@H](/C(C)=C/C3CC[C@@H](O)[C@H](OC)C3)[C@H](C)[C@@H](O)CC1=O)[C@H](C)C[C@@H]2OC,TACROLIMUS,0.95426,1.0394,0.99683,
65568222,CN1CC(=O)N2[C@H](c3ccc4c(c3)OCO4)c3[nH]c4ccccc4c3C[C@@H]2C1=O,WOXKDUGGOYFFRN-IIBYNOLFSA-N,389.13755608799994,2.2112999999999996,CN1CC(=O)N2[C@H](Cc3c([nH]c4ccccc34)[C@H]2c2ccc3c(c2)OCO3)C1=O,TADALAFIL,1.2246,1.4054,1.315,
11517801,OC[C@]1(O)OC[C@@H](O)[C@H](O)[C@@H]1O,LKDRXBCSQODPBY-VANKVMQKSA-N,180.063388104,-3.2197999999999998,OC[C@]1(O)OC[C@@H](O)[C@H](O)[C@@H]1O,TAGATOSE,0.93058,0.89123,0.910905,
86898894,CC/C(=C(\c1ccccc1)c1ccc(OCCN(C)C)cc1)c1ccccc1.O=C(O)CC(O)(CC(=O)O)C(=O)O,FQZYTYWMLGAPFJ-UHFFFAOYSA-N,563.2519171439999,4.747600000000002,CC/C(=C(\c1ccccc1)c1ccc(OCCN(C)C)cc1)c1ccccc1.O=C(O)CC(O)(CC(=O)O)C(=O)O,TAMOXIFEN CITRATE,0.69698,0.58537,0.641175,
83253418,CCOc1ccccc1OCCNC(C)Cc1ccc(OC)c(S(N)(=O)=O)c1.Cl,ZZIZZTHXZRDOFM-UHFFFAOYSA-N,444.14857070799997,2.762700000000001,CCOc1ccccc1OCCNC(C)Cc1ccc(OC)c(S(N)(=O)=O)c1.Cl,TAMSULOSIN HYDROCHLORIDE,0.82176,1.0118,0.91678,
67701920,COc1ccc(-c2cc(=O)c3c(OC)c(OC)c(OC)c(OC)c3o2)cc1,ULSUXBXHSYSGDT-UHFFFAOYSA-N,372.12090298,3.503000000000003,COc1ccc(-c2cc(=O)c3c(OC)c(OC)c(OC)c(OC)c3o2)cc1,TANGERITIN,1.229,1.2615,1.24525,
88326072,O=C(OC[C@H]1O[C@H](OC(=O)c2cc(O)c(O)c(OC(=O)c3cc(O)c(O)c(O)c3)c2)[C@H](OC(=O)c2cc(O)c(O)c(OC(=O)c3cc(O)c(O)c(O)c3)c2)[C@@H](OC(=O)c2cc(O)c(O)c(OC(=O)c3cc(O)c(O)c(O)c3)c2)[C@@H]1OC(=O)c1cc(O)c(O)c(OC(=O)c2cc(O)c(O)c(O)c2)c1)c1cc(O)c(O)c(OC(=O)c2cc(O)c(O)c(O)c2)c1,LRBQNJMCXXYXIU-NRMVVENXSA-N,1700.172974183999,4.838100000000016,O=C(OC[C@H]1O[C@H](OC(=O)c2cc(O)c(O)c(OC(=O)c3cc(O)c(O)c(O)c3)c2)[C@H](OC(=O)c2cc(O)c(O)c(OC(=O)c3cc(O)c(O)c(O)c3)c2)[C@@H](OC(=O)c2cc(O)c(O)c(OC(=O)c3cc(O)c(O)c(O)c3)c2)[C@@H]1OC(=O)c1cc(O)c(O)c(OC(=O)c2cc(O)c(O)c(O)c2)c1)c1cc(O)c(O)c(OC(=O)c2cc(O)c(O)c(O)c2)c1,TANNIC ACID,1.0279,1.1245,1.0762,
49388145,Cc1coc2c1C(=O)C(=O)c1c-2ccc2c1CCCC2(C)C,HYXITZLLTYIPOF-UHFFFAOYSA-N,294.125594436,4.247920000000003,Cc1coc2c1C(=O)C(=O)c1c-2ccc2c1CCCC2(C)C,TANSHINONE IIA,1.1257,1.052,1.08885,
72266245,CC[C@H](c1cccc(O)c1)[C@@H](C)CN(C)C.Cl,ZELFLGGRLLOERW-XCBLFTOQSA-N,257.154642068,3.505300000000003,CC[C@H](c1cccc(O)c1)[C@@H](C)CN(C)C.Cl,TAPENTADOL HYDROCHLORIDE,1.0038,1.3281,1.16595,
84004080,NCCS(=O)(=O)O,XOAAWQZATWQOTB-UHFFFAOYSA-N,125.014664084,-1.1670999999999996,NCCS(=O)(=O)O,TAURINE,1.0216,1.0107,1.01615,
13612821,C[C@]1(Cn2ccnn2)C(C(=O)O)N2C(=O)CC2S1(=O)=O,LPQZKKCYTLCDGQ-KTOWXAHTSA-N,300.05284048399994,-1.523199999999998,C[C@]1(Cn2ccnn2)C(C(=O)O)N2C(=O)CC2S1(=O)=O,TAZOBACTAM,0.13109,0.15674,0.143915,
76817461,CC(C)(C)C(O)(CCc1ccc(Cl)cc1)Cn1cncn1,PXMNMQRDXWABCY-UHFFFAOYSA-N,307.14514000400004,3.3415000000000017,CC(C)(C)C(O)(CCc1ccc(Cl)cc1)Cn1cncn1,TEBUCONAZOLE,0.97926,0.97997,0.979615,
52639893,CCCCCNC(=N)N/N=C/c1c[nH]c2ccc(OC)cc12.O=C(O)/C=C\C(=O)O,CPDDZSSEAVLMRY-UHFFFAOYSA-N,417.2012189639999,2.52637,CCCCCNC(=N)N/N=C/c1c[nH]c2ccc(OC)cc12.O=C(O)/C=C\C(=O)O,TEGASEROD MALEATE,0.73845,0.80639,0.77242,
31980755,CCCCC/C=C/CCC(=O)N[C@H]1[C@H](Oc2c3cc4cc2Oc2ccc(cc2Cl)[C@@H](O[C@@H]2O[C@H](CO)[C@@H](O)[C@H](O)[C@H]2NC(C)=O)[C@@H]2NC(=O)[C@H](NC(=O)[C@@H]4NC(=O)[C@H]4NC(=O)C(Cc5ccc(c(Cl)c5)O3)NC(=O)[C@H](N)c3ccc(O)c(c3)Oc3cc(O)cc4c3)c3ccc(O)c(c3)-c3c(OC4O[C@H](CO)[C@@H](O)[C@H](O)[C@@H]4O)cc(O)cc3[C@@H](C(=O)O)NC2=O)O[C@H](CO)[C@@H](O)[C@@H]1O,YMWQIYMUNZBOOV-VOMJTBHHSA-N,1875.5409318599984,0.9396000000000104,CCCCC/C=C/CCC(=O)N[C@H]1[C@H](Oc2c3cc4cc2Oc2ccc(cc2Cl)[C@@H](O[C@@H]2O[C@H](CO)[C@@H](O)[C@H](O)[C@H]2NC(C)=O)[C@@H]2NC(=O)[C@H](NC(=O)[C@@H]4NC(=O)[C@H]4NC(=O)C(Cc5ccc(c(Cl)c5)O3)NC(=O)[C@H](N)c3ccc(O)c(c3)Oc3cc(O)cc4c3)c3ccc(O)c(c3)-c3c(OC4O[C@H](CO)[C@@H](O)[C@H](O)[C@@H]4O)cc(O)cc3[C@@H](C(=O)O)NC2=O)O[C@H](CO)[C@@H](O)[C@@H]1O,TEICOPLANIN [A(2-1) shown],0.93045,0.73667,0.83356,
10967893,Cc1scc2c1N(C(=O)CN1CCN(C)CC1)c1ccccc1NC2=O.Cl,XZVKOMOTDZLLDN-UHFFFAOYSA-N,406.123024656,2.9561200000000007,Cc1scc2c1N(C(=O)CN1CCN(C)CC1)c1ccccc1NC2=O.Cl,TELENZEPINE HYDROCHLORIDE,0.36223,0.41005,0.38614,
40409505,CCC1OC(=O)[C@H](C)C(=O)[C@H](C)[C@@H](OC2O[C@H](C)C[C@H](N(C)C)[C@H]2O)[C@](C)(OC)C[C@@H](C)C(=O)[C@@H](C)[C@@H]2N(CCCCn3cnc(-c4cccnc4)c3)C(=O)O[C@]12C,LJVAJPDWBABPEJ-FXVGUYRBSA-N,811.4731432799999,4.929200000000005,CCC1OC(=O)[C@H](C)C(=O)[C@H](C)[C@@H](OC2O[C@H](C)C[C@H](N(C)C)[C@H]2O)[C@](C)(OC)C[C@@H](C)C(=O)[C@@H](C)[C@@H]2N(CCCCn3cnc(-c4cccnc4)c3)C(=O)O[C@]12C,TELITHROMYCIN,0.13991,0.15111,0.14551,
26136560,CCCc1nc2c(C)cc(-c3nc4ccccc4n3C)cc2n1Cc1ccc(-c2ccccc2C(=O)O)cc1,RMMXLENWKUUMAY-UHFFFAOYSA-N,514.2368762,7.2644200000000065,CCCc1nc2c(C)cc(-c3nc4ccccc4n3C)cc2n1Cc1ccc(-c2ccccc2C(=O)O)cc1,TELMISARTAN,1.0356,1.0249,1.03025,
17112874,CN1C(=O)C(O)N=C(c2ccccc2)c2cc(Cl)ccc21,SEQDDYPDSLOBDC-UHFFFAOYSA-N,300.066555336,2.4722,CN1C(=O)C(O)N=C(c2ccccc2)c2cc(Cl)ccc21,TEMAZEPAM,1.2477,1.4391,1.3434,
23866632,COP(=S)(OC)Oc1ccc(Sc2ccc(OP(=S)(OC)OC)cc2)cc1,WWJZWCUNLNYYAU-UHFFFAOYSA-N,465.98972461999995,5.630000000000004,COP(=S)(OC)Oc1ccc(Sc2ccc(OP(=S)(OC)OC)cc2)cc1,TEMEFOS,1.1568,1.2478,1.2023,
87863502,Cn1nnc2c(C(N)=O)ncn2c1=O,BPEGJWRSRHCHSN-UHFFFAOYSA-N,194.055223432,-2.078099999999999,Cn1nnc2c(C(N)=O)ncn2c1=O,TEMOZOLOMIDE,0.9023,0.97234,0.93732,
73422530,COc1ccc2[nH]c(S(=O)Cc3ncc(C)c(OC)c3C)nc2n1,ZBFDAUIVDSSISP-UHFFFAOYSA-N,346.10996143600005,2.29474,COc1ccc2[nH]c(S(=O)Cc3ncc(C)c(OC)c3C)nc2n1,TENATOPRAZOLE,1.155,1.3461,1.25055,
62995719,COc1cc([C@@H]2c3cc4c(cc3C(O[C@@H]3O[C@@H]5CO[C@@H](c6cccs6)OC5[C@H](O)[C@H]3O)C3COC(=O)[C@@H]32)OCO4)cc(OC)c1O,NRUKOCRGYNPUPR-OQMCATNJSA-N,656.156362084,2.752900000000001,COc1cc([C@@H]2c3cc4c(cc3C(O[C@@H]3O[C@@H]5CO[C@@H](c6cccs6)OC5[C@H](O)[C@H]3O)C3COC(=O)[C@@H]32)OCO4)cc(OC)c1O,TENIPOSIDE,0.48912,0.63343,0.561275,
18303103,C[C@H](Cn1cnc2c(N)ncnc21)OCP(=O)(O)O,SGOIRFVFHAKUTI-ZCFIWIBFSA-N,287.078340558,-0.051200000000000134,C[C@H](Cn1cnc2c(N)ncnc21)OCP(=O)(O)O,TENOFOVIR,0.82843,1.0095,0.918965,
16041311,CN1C(C(=O)Nc2ccccn2)=C(O)c2sccc2S1(=O)=O,LZNWYQJJBLGYLT-UHFFFAOYSA-N,337.019097832,1.6425,CN1C(C(=O)Nc2ccccn2)=C(O)c2sccc2S1(=O)=O,TENOXICAM,0.87096,1.0257,0.94833,
51479362,O=C1/C(=C/c2cccs2)CCC/C1=C\c1cccs1,KHXBULXCCPIELT-UHFFFAOYSA-N,286.04860706799997,5.029600000000003,O=C1/C(=C/c2cccs2)CCC/C1=C\c1cccs1,TENYLIDONE,1.0318,0.97101,1.001405,
65314068,COc1ccc(-n2nc(CCC(=O)N(C)O)cc2-c2ccc(Cl)cc2)cc1,XYKWNRUXCOIMFZ-UHFFFAOYSA-N,385.11931918,3.9815000000000023,COc1ccc(-n2nc(CCC(=O)N(C)O)cc2-c2ccc(Cl)cc2)cc1,TEPOXALIN,1.1135,0.98497,1.049235,
50339609,CC(=O)CC/C=C(\C)CC/C=C(\C)CC/C=C(\C)CCC=C(C)C,HUCXKZBETONXFO-UHFFFAOYSA-N,330.292265836,7.501300000000008,CC(=O)CC/C=C(\C)CC/C=C(\C)CC/C=C(\C)CCC=C(C)C,TEPRENONE,1.3467,1.2398,1.29325,
43274569,COc1cc2nc(N3CCN(C(=O)C4CCCO4)CC3)nc(N)c2cc1OC.Cl,IWSWDOUXSCRCKW-UHFFFAOYSA-N,423.167331992,1.4785999999999997,COc1cc2nc(N3CCN(C(=O)C4CCCO4)CC3)nc(N)c2cc1OC.Cl,TERAZOSIN HYDROCHLORIDE,1.0423,1.0791,1.0607,
66145185,CN(C/C=C/C#CC(C)(C)C)Cc1cccc2ccccc12.Cl,BWMISRWJRUSYEX-UHFFFAOYSA-N,327.17537751199995,5.2991000000000055,CN(C/C=C/C#CC(C)(C)C)Cc1cccc2ccccc12.Cl,TERBINAFINE HYDROCHLORIDE,1.1046,1.1347,1.11965,
20117379,CC(C)(C)NCC(O)c1cc(O)cc(O)c1.O=S(=O)(O)O,MUPQZWGSBCWCAV-UHFFFAOYSA-N,323.10387301199995,0.8665,CC(C)(C)NCC(O)c1cc(O)cc(O)c1.O=S(=O)(O)O,TERBUTALINE HEMISULFATE,1.2315,1.1036,1.16755,
90576682,CC(C)N1CCN(c2ccc(OC[C@H]3CO[C@](Cn4cncn4)(c4ccc(Cl)cc4Cl)O3)cc2)CC1,BLSQLHNBWJLIBQ-OZXSUGGESA-N,531.180395212,4.462700000000003,CC(C)N1CCN(c2ccc(OC[C@H]3CO[C@](Cn4cncn4)(c4ccc(Cl)cc4Cl)O3)cc2)CC1,TERCONAZOLE,1.1968,0.89427,1.045535,
73725653,CC(C)(C)c1ccc(C(O)CCCN2CCC(C(O)(c3ccccc3)c3ccccc3)CC2)cc1,GUGOEEXESWIERI-UHFFFAOYSA-N,471.31372955200004,6.445800000000008,CC(C)(C)c1ccc(C(O)CCCN2CCC(C(O)(c3ccccc3)c3ccccc3)CC2)cc1,TERFENADINE,0.63214,0.90759,0.769865,
11244302,CC1(O)CCC(C(C)(C)O)CC1.O,JGKJMBOJWVAMIJ-UHFFFAOYSA-N,190.156894564,0.8737999999999999,CC1(O)CCC(C(C)(C)O)CC1.O,TERPENE HYDRATE,1.2537,1.4852,1.36945,
25861921,C[C@]12CCC(=O)C=C1CCC1C2CC[C@@]2(C)C1CC[C@@H]2O,MUMGGOZAMZWBJJ-PPORCNLBSA-N,288.208930136,3.879200000000003,C[C@]12CCC3C(CCC4=CC(=O)CC[C@@]43C)C1CC[C@@H]2O,TESTOSTERONE,1.0479,1.0865,1.0672,
64755430,CCC(=O)O[C@H]1CCC2C3CCC4=CC(=O)CC[C@]4(C)C3CC[C@@]21C,PDMMFKSKQVNJMI-PPRDLICTSA-N,344.23514488399996,4.840100000000005,CCC(=O)O[C@H]1CCC2C3CCC4=CC(=O)CC[C@]4(C)C3CC[C@@]21C,TESTOSTERONE PROPIONATE,1.171,1.22,1.1955,
10793718,COc1cc2c(cc1OC)[C@@H]1CC(=O)[C@@H](CC(C)C)CN1CC2,MKJIEFSOBYUXJB-HOCLYGCPSA-N,317.199093724,3.238100000000002,COc1cc2c(cc1OC)[C@@H]1CC(=O)[C@@H](CC(C)C)CN1CC2,TETRABENAZINE ,0.86196,1.1814,1.02168,
23358883,CCCCNc1ccc(C(=O)OCCN(C)C)cc1.Cl,PPWHTZKZQNXVAE-UHFFFAOYSA-N,300.16045572,3.0388000000000024,CCCCNc1ccc(C(=O)OCCN(C)C)cc1.Cl,TETRACAINE HYDROCHLORIDE,0.84843,0.76502,0.806725,
45959224,CN(C)[C@@H]1C(O)=C(C(N)=O)C(=O)[C@@]2(O)C(O)=C3C(=O)c4c(O)cccc4[C@@](C)(O)[C@H]3C[C@@H]12.Cl,XMEVHPAGJVLHIG-FMZCEJRJSA-N,480.12994344,0.20740000000000103,CN(C)[C@@H]1C(O)=C(C(N)=O)C(=O)[C@@]2(O)C(O)=C3C(=O)c4c(O)cccc4[C@@](C)(O)[C@H]3C[C@@H]12.Cl,TETRACYCLINE HYDROCHLORIDE,0.17072,0.17179,0.171255,
18781602,CC(=O)OCC(=O)[C@@]1(O)CCC2C3CC[C@@H]4C[C@H](O)CC[C@]4(C)C3C(=O)C[C@@]21C,MULICLCRGFYQJF-AAPIYNEUSA-N,406.235538808,2.4322999999999997,CC(=O)OCC(=O)[C@@]1(O)CCC2C3CC[C@@H]4C[C@H](O)CC[C@]4(C)C3C(=O)C[C@@]21C,TETRAHYDROCORTISONE-21-ACETATE,0.93031,1.0907,1.010505,
53398032,COc1cc2c(cc1OC)C1Cc3ccc(OC)c(OC)c3CN1CC2,AEQDJSLRWYMAQI-UHFFFAOYSA-N,355.17835828000005,3.376500000000002,COc1cc2c(cc1OC)C1Cc3ccc(OC)c(OC)c3CN1CC2,TETRAHYDROPALMATINE,0.92816,0.89934,0.91375,
83741309,Cl.c1ccc2c(c1)CCCC2C1=NCCN1,BJORNXNYWNIWEY-UHFFFAOYSA-N,236.10802622399999,2.5300000000000002,Cl.c1ccc2c(c1)CCCC2C1=NCCN1,TETRAHYDROZOLINE HYDROCHLORIDE,1.0243,0.89895,0.961625,
30847701,COc1ccc2cc1Oc1ccc(cc1)C[C@H]1c3cc(c(OC)cc3CCN1C)Oc1c(OC)c(OC)cc3c1[C@H](C2)N(C)CC3,WVTKBKWTSCPRNU-KYJUHHDHSA-N,622.3042870639999,7.162400000000009,COc1ccc2cc1Oc1ccc(cc1)C[C@H]1c3cc(c(OC)cc3CCN1C)Oc1c(OC)c(OC)cc3c1[C@H](C2)N(C)CC3,TETRANDRINE,0.79772,0.71244,0.75508,
33778997,O=C1C(O)=C(O)C(=O)C(O)=C1O,DGQOCLATAPFASR-UHFFFAOYSA-N,172.00078784800002,-0.20659999999999995,O=C1C(O)=C(O)C(=O)C(O)=C1O,TETROQUINONE,1.1516,1.1703,1.16095,
11408238,O=C1CCC(N2C(=O)c3ccccc3C2=O)C(=O)N1,UEJJHQNACJXSKW-UHFFFAOYSA-N,258.0640568,0.08779999999999993,O=C1CCC(N2C(=O)c3ccccc3C2=O)C(=O)N1,THALIDOMIDE,0.98833,1.1647,1.076515,
25722954,O=c1c(O)cc([C@H]2Oc3cc(O)cc(O)c3C[C@H]2O)cc2c([C@H]3Oc4cc(O)cc(O)c4C[C@@H]3O)cc(O)c(O)c12,IPMYMEWFZKHGAX-WCQFOESSSA-N,564.1267762079999,2.2134,O=c1c(O)cc([C@H]2Oc3cc(O)cc(O)c3C[C@H]2O)cc2c([C@H]3Oc4cc(O)cc(O)c4C[C@@H]3O)cc(O)c(O)c12,THEAFLAVIN,0.90359,0.83581,0.8697,
58244773,O=C(O[C@@H]1Cc2c(O)cc(O)cc2O[C@@H]1c1cc(O)c(=O)c2c(O)c(O)cc([C@H]3Oc4cc(O)cc(O)c4C[C@H]3O)c2c1)c1cc(O)c(O)c(O)c1,KMJPKUVSXFVQGZ-WQLSNUALSA-N,716.137734816,3.194900000000003,O=C(O[C@@H]1Cc2c(O)cc(O)cc2O[C@@H]1c1cc(O)c(=O)c2c(O)c(O)cc([C@H]3Oc4cc(O)cc(O)c4C[C@H]3O)c2c1)c1cc(O)c(O)c(O)c1,THEAFLAVIN MONOGALLATES,0.86811,0.93548,0.901795,
64981596,CCNC(=O)CC[C@H](N)C(=O)[O-].[K+],DGLVJRIZJHOXLW-JEDNCBNOSA-M,212.056323956,-5.016099999999998,CCNC(=O)CC[C@H](N)C(=O)[O-].[K+],THEANINE POTASSIUM,1.0399,0.96491,1.002405,
99244534,Cn1cnc2c1c(=O)[nH]c(=O)n2C,YAPQBXQYLJRXSA-UHFFFAOYSA-N,180.064725496,-1.0397,Cn1cnc2c1c(=O)[nH]c(=O)n2C,THEOBROMINE,0.94585,0.87072,0.908285,
11492072,Cn1c(=O)c2[nH]cnc2n(C)c1=O,ZFXYFBGIUFBOJW-UHFFFAOYSA-N,180.064725496,-1.0397000000000005,Cn1c(=O)c2[nH]cnc2n(C)c1=O,THEOPHYLLINE,1.0997,0.96753,1.033615,
10448790,c1ccc2[nH]c(-c3cscn3)nc2c1,WJCNZQLZVWNLKY-UHFFFAOYSA-N,201.036068224,2.6864,c1ccc2[nH]c(-c3cscn3)nc2c1,THIABENDAZOLE,0.92105,0.85038,0.885715,
10519560,Cc1ncc(C[n+]2csc(CCO)c2C)c(N)n1.Cl.[Cl-],DPJRMOMPQZCRJU-UHFFFAOYSA-M,336.057837556,-1.9664599999999974,Cc1ncc(C[n+]2csc(CCO)c2C)c(N)n1.Cl.[Cl-],THIAMINE HYDROCHLORIDE,0.75555,1.0633,0.909425,
51429509,CS(=O)(=O)c1ccc([C@@H](O)[C@@H](CO)NC(=O)C(Cl)Cl)cc1,OTVAEFIXJLOWRX-NXEZZACHSA-N,355.00479894,0.40430000000000005,CS(=O)(=O)c1ccc([C@@H](O)[C@@H](CO)NC(=O)C(Cl)Cl)cc1,THIAMPHENICOL,0.93788,0.91181,0.924845,
66514940,C=CCC1(C(C)CCC)C(=O)N=C([S-])NC1=O.[Na+],LYZGJWXNOGIVQA-UHFFFAOYSA-M,276.090843064,-1.4515999999999971,C=CCC1(C(C)CCC)C(=O)N=C([S-])NC1=O.[Na+],THIAMYLAL SODIUM,1.0679,1.2219,1.1449,
78757810,CC[Hg]Sc1ccccc1C(=O)[O-].[Na+],RTKIYNMVFMVABJ-UHFFFAOYSA-L,405.992737808,-1.4181000000000001,CC[Hg]Sc1ccccc1C(=O)[O-].[Na+],THIMEROSAL,0.15489,0.16286,0.158875,
88577829,O=C(O)CCCCC1CCSS1,AGBQKNBQESQNJD-UHFFFAOYSA-N,206.043521688,2.7851000000000017,O=C(O)CCCCC1CCSS1,THIOCTIC ACID,0.88781,1.0001,0.943955,
87539212,OCCSCCO,YODZTKMDCQEPHD-UHFFFAOYSA-N,122.04015056,-0.2958,OCCSCCO,THIODIGLYCOL,0.82506,0.91021,0.867635,
15021852,Nc1nc2nc[nH]c2c(=S)[nH]1,WYWHKKSPHMUBEB-UHFFFAOYSA-N,167.02656616,0.59769,Nc1nc2nc[nH]c2c(=S)[nH]1,THIOGUANINE,1.0346,0.94753,0.991065,
19526066,CCCC(C)C1(CC)C(=O)N=C([S-])NC1=O.[Na+],AWLILQARPMWUHA-UHFFFAOYSA-M,264.090843064,-1.617699999999997,CCCC(C)C1(CC)C(=O)N=C([S-])NC1=O.[Na+],THIOPENTAL SODIUM,1.1933,1.3802,1.28675,
79391569,COC(=O)NC(=S)Nc1ccccc1NC(=S)NC(=O)OC,QGHREAKMXXNCOA-UHFFFAOYSA-N,342.045646928,1.7921999999999998,COC(=O)NC(=S)Nc1ccccc1NC(=S)NC(=O)OC,THIOPHANATE METHYL,0.95444,0.96992,0.96218,
66403252,CSc1ccc2c(c1)N(CCC1CCCCN1C)c1ccccc1S2.Cl,NZFNXWQNBYZDAQ-UHFFFAOYSA-N,406.130418544,6.307400000000006,CSc1ccc2c(c1)N(CCC1CCCCN1C)c1ccccc1S2.Cl,THIORIDAZINE HYDROCHLORIDE,0.82606,0.97538,0.90072,
47802422,C=C(NC(=O)C(=C)NC(=O)c1csc(C2=NC3c4csc(n4)C4NC(=O)c5csc(n5)C(C(C)(O)C(C)O)NC(=O)C5CSC(=N5)/C(=C\C)NC(=O)C(C(C)O)NC(=O)c5csc(n5)C3(CC2)NC(=O)C(C)NC(=O)C(=C)NC(=O)C(C)NC(=O)C(C(C)CC)NC2C=Cc3c(C(C)O)cc(nc3C2O)C(=O)OC4C)n1)C(N)=O,NSFFHOGKXHRQEW-UHFFFAOYSA-N,1663.4923518799992,0.7739000000000107,C=C(NC(=O)C(=C)NC(=O)c1csc(C2=NC3c4csc(n4)C4NC(=O)c5csc(n5)C(C(C)(O)C(C)O)NC(=O)C5CSC(=N5)/C(=C\C)NC(=O)C(C(C)O)NC(=O)c5csc(n5)C3(CC2)NC(=O)C(C)NC(=O)C(=C)NC(=O)C(C)NC(=O)C(C(C)CC)NC2C=Cc3c(C(C)O)cc(nc3C2O)C(=O)OC4C)n1)C(N)=O,THIOSTREPTON,0.95523,1.0235,0.989365,
39808553,S=P(N1CC1)(N1CC1)N1CC1,FOCVUCIESVLUNU-UHFFFAOYSA-N,189.04895501399997,0.15770000000000017,S=P(N1CC1)(N1CC1)N1CC1,THIOTEPA,1.1671,1.5453,1.3562,
52174387,CN(C)C(=S)SSC(=S)N(C)C,KUAZQDVKQLNFPE-UHFFFAOYSA-N,239.988332384,2.0608,CN(C)C(=S)SSC(=S)N(C)C,THIRAM,0.13583,0.14799,0.14191,
10940773,COc1ccc(CN(CCN(C)C)c2ncccn2)cc1.Cl,HRYJPHOTGFERGT-UHFFFAOYSA-N,322.15603903600004,2.4752000000000014,COc1ccc(CN(CCN(C)C)c2ncccn2)cc1.Cl,THONZYLAMINE HYDROCHLORIDE,0.94616,0.91805,0.932105,
11489026,CC(O)C(N)C(=O)O,AYFVYJQAPQTCCC-UHFFFAOYSA-N,119.058243148,-1.2208999999999997,CC(O)C(N)C(=O)O,THREONINE (dl),0.98151,0.90901,0.94526,
10747977,CC1=CC(=O)C(C(C)C)=CC1=O,KEQHJBNSCLWCAE-UHFFFAOYSA-N,164.083729624,1.6669,CC1=CC(=O)C(C(C)C)=CC1=O,THYMOQUINONE,0.90629,0.89031,0.8983,
51088015,CCN(CC)CCNC(=O)c1cc(S(C)(=O)=O)ccc1OC.Cl,OTFDPNXIVHBTKW-UHFFFAOYSA-N,364.12235596,1.5920999999999996,CCN(CC)CCNC(=O)c1cc(S(C)(=O)=O)ccc1OC.Cl,TIAPRIDE HYDROCHLORIDE,1.0055,1.0231,1.0143,
54169419,CC1(C)S[C@@H]2[C@H](NC(=O)[C@H](C(=O)[O-])c3ccsc3)C(=O)N2[C@H]1C(=O)[O-].[Na+].[Na+],ZBBCUBMBMZNEME-QBGWIPKPSA-L,428.008866728,-8.11340000000001,CC1(C)S[C@@H]2[C@H](NC(=O)[C@H](C(=O)[O-])c3ccsc3)C(=O)N2[C@H]1C(=O)[O-].[Na+].[Na+],TICARCILLIN DISODIUM,1.1769,0.90925,1.043075,
41280027,Cl.Clc1ccccc1CN1CCc2sccc2C1,MTKNGOHFNXIVOS-UHFFFAOYSA-N,299.03022584,4.381600000000003,Cl.Clc1ccccc1CN1CCc2sccc2C1,TICLOPIDINE HYDROCHLORIDE,1.1265,1.2497,1.1881,
55557908,CN(C)c1cc(NC(=O)CNC(C)(C)C)c(O)c2c1C[C@H]1C[C@H]3[C@H](N(C)C)C(O)=C(C(N)=O)C(=O)[C@@]3(O)C(O)=C1C2=O,FPZLLRFZJZRHSY-HJYUBDRYSA-N,585.2798632079999,0.5132000000000028,CN(C)c1cc(NC(=O)CNC(C)(C)C)c(O)c2c1C[C@H]1C[C@H]3[C@H](N(C)C)C(O)=C(C(N)=O)C(=O)[C@@]3(O)C(O)=C1C2=O,TIGECYCLINE,0.95041,1.0417,0.996055,
47296300,C[C@@H]1CC[C@@]2(OC1)O[C@H]1CC3C4CC[C@H]5C[C@@H](O)CC[C@]5(C)C4CC[C@]3(C)[C@H]1[C@@H]2C,GMBQZIIUCVWOCD-RIYZOVBVSA-N,416.32904526799996,5.793800000000006,C[C@H]1[C@H]2[C@H](CC3C4CC[C@H]5C[C@@H](O)CC[C@]5(C)C4CC[C@@]32C)O[C@]12CC[C@@H](C)CO2,TIGOGENIN,1.0852,1.1948,1.14,
74252291,CCNC1(c2cccs2)CCCCC1=O.Cl,ZUYKJZQOPXDNOK-UHFFFAOYSA-N,259.079762876,3.117800000000002,CCNC1(c2cccs2)CCCCC1=O.Cl,TILETAMINE HYDROCHLORIDE,1.0869,1.1757,1.1313,
45881639,CC[C@@H]1OC(=O)C[C@@H](O)[C@H](C)[C@@H](O[C@@H]2O[C@H](C)[C@@H](O)[C@H](N(C)C)[C@H]2O)[C@@H](CCN2C[C@H](C)C[C@H](C)C2)C[C@@H](C)C(=O)/C=C/C(C)=C\[C@@H]1CO[C@@H]1O[C@H](C)[C@@H](O)[C@@H](OC)[C@H]1OC,JTSDBFGMPLKDCD-ZMPSCPEASA-N,868.5660406200002,3.341400000000009,CC[C@@H]1OC(=O)C[C@@H](O)[C@H](C)[C@@H](O[C@@H]2O[C@H](C)[C@@H](O)[C@H](N(C)C)[C@H]2O)[C@@H](CCN2C[C@@H](C)C[C@@H](C)C2)C[C@@H](C)C(=O)/C=C/C(C)=C\[C@@H]1CO[C@@H]1O[C@H](C)[C@@H](O)[C@@H](OC)[C@H]1OC,TILMICOSIN,0.60305,0.74588,0.674465,
17324980,CCN(CC)CCOc1ccc2c(c1)C(=O)c1cc(OCCN(CC)CC)ccc1-2,MPMFCABZENCRHV-UHFFFAOYSA-N,410.256942948,4.339200000000004,CCN(CC)CCOc1ccc2c(c1)C(=O)c1cc(OCCN(CC)CC)ccc1-2,TILORONE,0.86924,1.2272,1.04822,
52379629,CC(C)(C)NC[C@@H](O)COc1nsnc1N1CCOCC1.O=C(O)/C=C\C(=O)O,WLRMANUAADYWEA-HNCPQSOCSA-N,432.1678702359999,0.21430000000000204,CC(C)(C)NC[C@@H](O)COc1nsnc1N1CCOCC1.O=C(O)/C=C\C(=O)O,TIMOLOL MALEATE,1.2628,0.98931,1.126055,
16788198,O=C(O)C1CSCN1,DZLNHFMRPBPULJ-UHFFFAOYSA-N,133.019749464,-0.2664999999999999,O=C(O)C1CSCN1,TIMONACIC,0.90018,0.92742,0.9138,
87171484,Clc1ccc(C(Cn2ccnc2)OCc2ccsc2Cl)c(Cl)c1,QXHHHPZILQDDPS-UHFFFAOYSA-N,385.981417076,5.8629000000000016,Clc1ccc(C(Cn2ccnc2)OCc2ccsc2Cl)c(Cl)c1,TIOCONAZOLE,0.83985,0.85045,0.84515,
56270100,Nc1nc(S)c2nc[nH]c2n1,WYWHKKSPHMUBEB-UHFFFAOYSA-N,167.02656616,0.2237999999999999,Nc1nc(S)c2nc[nH]c2n1,TIOGUANINE,0.87276,0.94803,0.910395,
87589561,CC(S)C(=O)NCC(=O)O,YTGJWQPHMWSCST-UHFFFAOYSA-N,163.030314148,-0.49450000000000044,CC(S)C(=O)NCC(=O)O,TIOPRONIN,0.95537,1.0832,1.019285,
11202580,O=c1oc2cc(O)ccc2s1,SLYPOVJCSQHITR-UHFFFAOYSA-N,167.988114988,1.5601,O=c1oc2cc(O)ccc2s1,TIOXOLONE,0.75677,1.0905,0.923635,
11975300,O=C(O)Cc1cc(I)c(Oc2ccc(O)c(I)c2)c(I)c1,UOWZUVNAGUAEQC-UHFFFAOYSA-N,621.7635027680001,4.625400000000002,O=C(O)Cc1cc(I)c(Oc2ccc(O)c(I)c2)c(I)c1,TIRATRICOL,1.1432,0.95211,1.047655,
89646680,Cl.Clc1ccc2nsnc2c1NC1=NCCN1,ZWUKMNZJRDGCTQ-UHFFFAOYSA-N,288.99557164800007,2.1376,Cl.Clc1ccc2nsnc2c1NC1=NCCN1,TIZANIDINE HYDROCHLORIDE,1.2068,1.382,1.2944,
77359190,NC[C@H]1O[C@H](O[C@H]2[C@H](O)[C@@H](O[C@H]3O[C@H](CO)[C@@H](O)[C@H](N)[C@H]3O)[C@H](N)C[C@@H]2N)[C@H](N)C[C@@H]1O,NLVFBUXFDBBNBW-PBSUHMDJSA-N,467.25912776399997,-6.295799999999999,NC[C@H]1O[C@H](O[C@@H]2[C@@H](N)C[C@@H](N)[C@H](O[C@H]3O[C@H](CO)[C@@H](O)[C@H](N)[C@H]3O)[C@H]2O)[C@H](N)C[C@@H]1O,TOBRAMYCIN,0.14559,0.14965,0.14762,
62617564,CCOC(=O)NNc1nncc2ccccc12.Cl,OMCOKCNIYWULQH-UHFFFAOYSA-N,268.072703336,2.1246000000000005,CCOC(=O)NNc1nncc2ccccc12.Cl,TODRALAZINE HYDROCHLORIDE,0.95957,0.89348,0.926525,
66041055,Cc1ccc(S(=O)(=O)NC(=O)NN2CCCCCC2)cc1,OUDSBRTVNLOZBN-UHFFFAOYSA-N,311.13036253200005,1.7739199999999995,Cc1ccc(S(=O)(=O)NC(=O)NN2CCCCCC2)cc1,TOLAZAMIDE,0.83565,1.1185,0.977075,
97590567,Cl.c1ccc(CC2=NCCN2)cc1,RHTNTTODYGNRSP-UHFFFAOYSA-N,196.076726096,1.6525999999999996,Cl.c1ccc(CC2=NCCN2)cc1,TOLAZOLINE HYDROCHLORIDE,1.2405,0.88574,1.06312,
41419769,CCCCNC(=O)NS(=O)(=O)c1ccc(C)cc1,JLRGJRBPOGGCBT-UHFFFAOYSA-N,270.103813436,1.78302,CCCCNC(=O)NS(=O)(=O)c1ccc(C)cc1,TOLBUTAMIDE,1.0319,0.87109,0.951495,
14259122,Cc1c(Cl)cccc1Nc1ccccc1C(=O)O,YEZNLOUZAIOMLT-UHFFFAOYSA-N,261.055656304,4.090220000000002,Cc1c(Cl)cccc1Nc1ccccc1C(=O)O,TOLFENAMIC ACID,0.88349,1.0004,0.941945,
68795074,Cc1ccc(C(=O)c2ccc(CC(=O)[O-])n2C)cc1.[Na+],QGUALMNFRILWRA-UHFFFAOYSA-M,279.087137588,-2.139079999999997,Cc1ccc(C(=O)c2ccc(CC(=O)[O-])n2C)cc1.[Na+],TOLMETIN SODIUM,1.1055,0.99217,1.048835,
96043059,Cc1cccc(N(C)C(=S)Oc2ccc3ccccc3c2)c1,FUSNMLFNXJSCDI-UHFFFAOYSA-N,307.10308516400005,4.948320000000003,Cc1cccc(N(C)C(=S)Oc2ccc3ccccc3c2)c1,TOLNAFTATE,1.2876,1.0236,1.1556,
31985703,Cc1cc2nc3ccc(N(C)C)cc3[s+]c2cc1N.[Cl-],HNONEKILPDHFOL-UHFFFAOYSA-M,305.075346192,0.6912200000000003,Cc1cc2nc3ccc(N(C)C)cc3[s+]c2cc1N.[Cl-],TOLONIUM CHLORIDE,1.3419,1.7978,1.56985,
85515401,Cc1ccc(C(=O)C(C)CN2CCCCC2)cc1.Cl,ZBUVYROEHQQAKL-UHFFFAOYSA-N,281.154642068,3.721520000000003,Cc1ccc(C(=O)C(C)CN2CCCCC2)cc1.Cl,TOLPERISONE HYDROCHLORIDE,0.94372,0.88333,0.913525,
10855023,Cc1cc(-n2c(=O)[nH]c(=O)n(C)c2=O)ccc1Oc1ccc(SC(F)(F)F)cc1,OCINXEZVIIVXFU-UHFFFAOYSA-N,425.06571158800006,2.937120000000001,Cc1cc(-n2c(=O)[nH]c(=O)n(C)c2=O)ccc1Oc1ccc(SC(F)(F)F)cc1,TOLTRAZURIL,1.204,1.2605,1.23225,
41374921,Cc1ccccc1C(=O)Nc1ccc(C(=O)N2CCC[C@@H](O)c3cc(Cl)ccc32)c(C)c1,GYHCTFXIZSNGJT-XMMPIXPASA-N,448.15537034,5.683140000000005,Cc1ccccc1C(=O)Nc1ccc(C(=O)N2CCC[C@@H](O)c3cc(Cl)ccc32)c(C)c1,TOLVAPTAN,1.0893,1.3264,1.20785,
24246743,CC1CC[C@]2(NC1)O[C@H]1CC3C4CC[C@H]5C[C@@H](O)CC[C@]5(C)C4CC[C@]3(C)[C@H]1[C@@H]2C.Cl,SXXHVPYRDFJKPG-JCZRXURQSA-N,451.321707392,5.788600000000008,CC1CC[C@]2(NC1)O[C@H]1CC3C4CC[C@H]5C[C@@H](O)CC[C@]5(C)C4CC[C@]3(C)[C@H]1[C@@H]2C.Cl,TOMATIDINE HYDROCHLORIDE,0.99955,1.3006,1.150075,
89654462,CC1(C)O[C@@H]2[C@@H](CO[C@@]3(COS(N)(=O)=O)OC(C)(C)O[C@@H]23)O1,KJADKKWYZYXHBB-XBWDGYHZSA-N,339.098787632,-0.3953999999999982,CC1(C)O[C@@H]2CO[C@@]3(COS(N)(=O)=O)OC(C)(C)O[C@H]3[C@@H]2O1,TOPIRAMATE,1.1306,1.0581,1.09435,
63270332,CC[C@@]1(O)C(=O)OCc2c1cc1n(c2=O)Cc2cc3c(CN(C)C)c(O)ccc3nc2-1.Cl,DGHHQBMTXTWTJV-BQAIUKQQSA-N,457.140448548,2.2686000000000006,CC[C@@]1(O)C(=O)OCc2c1cc1n(c2=O)Cc2cc3c(CN(C)C)c(O)ccc3nc2-1.Cl,TOPOTECAN HYDROCHLORIDE,0.84834,1.0008,0.92457,
66213636,CN(C)CCOc1ccc(/C(=C(/CCCl)c2ccccc2)c2ccccc2)cc1.O=C(O)CC(O)(CC(=O)O)C(=O)O,IWEQQRMGNVVKQW-UHFFFAOYSA-N,597.2129447919999,4.9665000000000035,CN(C)CCOc1ccc(/C(=C(/CCCl)c2ccccc2)c2ccccc2)cc1.O=C(O)CC(O)(CC(=O)O)C(=O)O,TOREMIFENE CITRATE,0.94989,1.1525,1.051195,
10410255,Cc1cccc(Nc2ccncc2S(=O)(=O)NC(=O)NC(C)C)c1,NGBFQHCMQULJNZ-UHFFFAOYSA-N,348.1256115,2.5299199999999997,Cc1cccc(Nc2ccncc2S(=O)(=O)NC(=O)NC(C)C)c1,TORSEMIDE,1.1418,1.0298,1.0858,
14848323,Cc1ccc(S(=O)(=O)O)cc1.NC1CCN(c2nc3c(cc2F)c(=O)c(C(=O)O)cn3-c2ccc(F)cc2F)C1.O,SSULTCPIIYRGFQ-UHFFFAOYSA-N,594.1396048,2.4556200000000006,Cc1ccc(S(=O)(=O)O)cc1.NC1CCN(c2nc3c(cc2F)c(=O)c(C(=O)O)cn3-c2ccc(F)cc2F)C1.O,TOSUFLOXACIN TOLUENESULFONATE HYDRATE,0.43199,0.52476,0.478375,
15083615,CC(C)c1c(O)ccc2c1CCC1[C@@](C)(C=O)CCC[C@]21C,QMRLEXVAVRHWSE-IPNZSQQUSA-N,300.208930136,4.7248000000000046,CC(C)c1c(O)ccc2c1CCC1[C@@](C)(C=O)CCC[C@]21C,TOTARALOLAL,0.91061,0.93161,0.92111,
52306420,CC(C)c1c(O)ccc2c1CCC1C(C)(C)CCC[C@]21C,ZRVDANDJSTYELM-UUSAFJCLSA-N,286.22966558,5.545800000000005,CC(C)c1c(O)ccc2c1CCC1C(C)(C)CCC[C@]21C,TOTAROL,0.9274,1.0939,1.01065,
60970292,COC(=O)[C@@]1(C)CCC[C@]2(C)c3ccc(O)c(C(C)C)c3CCC12,VEJJMTHWRMKGKN-SJRAPUSDSA-N,330.21949481999997,4.6989000000000045,COC(=O)[C@@]1(C)CCC[C@]2(C)c3ccc(O)c(C(C)C)c3CCC12,"TOTAROL-19-CARBOXYLIC ACID, METHYL ESTER",0.83097,1.1191,0.975035,
10898017,CC(C)c1c(O)ccc2c1CCC1C(C)(C)C(=O)CC[C@]21C,AOHUEFCBXPOOLQ-OTOKDRCRSA-N,300.208930136,4.7248000000000046,CC(C)c1c(O)ccc2c1CCC1C(C)(C)C(=O)CC[C@]21C,TOTAROLONE,1.0005,0.95459,0.977545,
26171674,COc1cccc([C@]2(O)CCCC[C@H]2CN(C)C)c1.Cl,PPKXEPBICJTCRU-KUARMEPBSA-N,299.16520675199996,3.0564000000000022,COc1cccc([C@]2(O)CCCC[C@H]2CN(C)C)c1.Cl,TRAMADOL HYDROCHLORIDE,1.0104,1.0518,1.0311,
84892078,NCCCS(=O)(=O)O,SNKZJIOFVMKAOJ-UHFFFAOYSA-N,139.030314148,-0.7769999999999997,NCCCS(=O)(=O)O,TRAMIPROSATE,0.94052,0.95969,0.950105,
14913391,CCOC(=O)[C@H](CCc1ccccc1)N[C@H](C)C(=O)N1C2CCCCC2C[C@H]1C(=O)O,VXFJYXUZANRPDJ-UPUXWEDPSA-N,430.24677218799997,2.7733,CCOC(=O)[C@H](CCc1ccccc1)N[C@H](C)C(=O)N1C2CCCCC2C[C@H]1C(=O)O,TRANDOLAPRIL,0.8343,0.90771,0.871005,
74747668,COc1ccc(/C=C/C(=O)Nc2ccccc2C(=O)O)cc1OC,NZHGWWWHIYHZNX-UHFFFAOYSA-N,327.110672644,3.0539000000000014,COc1ccc(/C=C/C(=O)Nc2ccccc2C(=O)O)cc1OC,TRANILAST,1.2311,0.93384,1.08247,
57586398,CC(C)=CCC/C(C)=C/CC/C(C)=C/CO,CRDAMVZIKSXKFV-UHFFFAOYSA-N,222.198365452,4.397900000000004,CC(C)=CCC/C(C)=C/CC/C(C)=C/CO,"trans,trans-FARNESOL",0.6182,0.55515,0.586675,
10870112,NC1C[C@H]1c1ccccc1.O=S(=O)(O)O,BTHVHSMCHJCPFU-GUORDYTPSA-N,231.056528896,0.8484,NC1C[C@H]1c1ccccc1.O=S(=O)(O)O,TRANYLCYPROMINE SULFATE,1.0281,0.90788,0.96799,
50769200,Cl.O=c1n(CCCN2CCN(c3cccc(Cl)c3)CC2)nc2ccccn12,OHHDIOKRWWOXMT-UHFFFAOYSA-N,407.12796571600006,2.783500000000001,Cl.O=c1n(CCCN2CCN(c3cccc(Cl)c3)CC2)nc2ccccn12,TRAZODONE HYDROCHLORIDE,0.85008,0.81083,0.830455,
90151219,O.O.OC[C@H]1O[C@H](O[C@H]2O[C@H](CO)[C@@H](O)[C@H](O)[C@H]2O)[C@H](O)[C@@H](O)[C@@H]1O,DPVHGFAJLZWDOC-PVXXTIHASA-N,378.1373408919999,-7.046599999999991,O.O.OC[C@H]1O[C@H](O[C@H]2O[C@H](CO)[C@@H](O)[C@H](O)[C@H]2O)[C@H](O)[C@@H](O)[C@@H]1O,TREHALOSE DIHYDRATE,0.97725,1.0117,0.994475,
88420793,CC1=C(/C=C/C(C)=C/C=C/C(C)=C/C(=O)O)C(C)(C)CCC1,SHGAZHPCJJPHSC-UHFFFAOYSA-N,300.208930136,5.602600000000005,CC1=C(/C=C/C(C)=C/C=C/C(C)=C/C(=O)O)C(C)(C)CCC1,TRETINOIN,1.0381,1.0387,1.0384,
44569668,CC(=O)OCC(COC(C)=O)OC(C)=O,URAYPUMNDPQOKB-UHFFFAOYSA-N,218.079038168,0.044299999999999784,CC(=O)OCC(COC(C)=O)OC(C)=O,TRIACETIN,1.0732,0.99431,1.033755,
38428954,CC(=O)Oc1ccc(/C=C/c2cc(OC(C)=O)cc(OC(C)=O)c2)cc1,PDAYUJSOJIMKIS-UHFFFAOYSA-N,354.11033829599995,3.632900000000002,CC(=O)Oc1ccc(/C=C/c2cc(OC(C)=O)cc(OC(C)=O)c2)cc1,TRIACETYLRESVERATROL,0.93168,1.0684,1.00004,
11077112,CC(C)(C)C(=O)C(Oc1ccc(Cl)cc1)n1cncn1,WURBVZBTWMNKQT-UHFFFAOYSA-N,293.093104432,3.1243000000000016,CC(C)(C)C(=O)C(Oc1ccc(Cl)cc1)n1cncn1,TRIADIMEFON,1.0255,1.0219,1.0237,
39845172,C[C@]12C=CC(=O)C=C1CCC1C3C[C@@H](O)[C@](O)(C(=O)CO)[C@@]3(C)C[C@H](O)[C@@]12F,GFNANZIMVAIWHM-MGVPRKGPSA-N,394.1791668039999,0.6204999999999998,C[C@]12C[C@H](O)[C@@]3(F)C(CCC4=CC(=O)C=C[C@@]43C)C1C[C@@H](O)[C@]2(O)C(=O)CO,TRIAMCINOLONE,0.95994,0.99003,0.974985,
32411606,CC1(C)O[C@@H]2CC3C4CCC5=CC(=O)C=C[C@]5(C)[C@@]4(F)[C@@H](O)C[C@]3(C)[C@]2(C(=O)CO)O1,YNDXUCZADRHECN-BPHAHLGOSA-N,434.2104669319999,2.4188000000000005,CC1(C)O[C@@H]2CC3C4CCC5=CC(=O)C=C[C@]5(C)[C@@]4(F)[C@@H](O)C[C@]3(C)[C@]2(C(=O)CO)O1,TRIAMCINOLONE ACETONIDE,0.98299,0.96546,0.974225,
59184757,CC(=O)OCC(=O)[C@@]1(O)[C@H](OC(C)=O)CC2C3CCC4=CC(=O)C=C[C@]4(C)[C@@]3(F)[C@@H](O)C[C@@]21C,XGMPVBXKDAHORN-KUZKEXDLSA-N,478.200296172,1.7620999999999991,CC(=O)OCC(=O)[C@@]1(O)[C@H](OC(C)=O)CC2C3CCC4=CC(=O)C=C[C@]4(C)[C@@]3(F)[C@@H](O)C[C@@]21C,TRIAMCINOLONE DIACETATE,1.0046,1.1681,1.08635,
11097952,Nc1nc(N)c2nc(-c3ccccc3)c(N)nc2n1,FNYLWPVRPXGIIP-UHFFFAOYSA-N,253.10759335199998,0.8334000000000001,Nc1nc(N)c2nc(-c3ccccc3)c(N)nc2n1,TRIAMTERENE,1.1148,0.96788,1.04134,
15308482,OCC(Br)(Br)Br,YFDSDPIBEUFTMI-UHFFFAOYSA-N,279.77340101600004,1.8172000000000001,OCC(Br)(Br)Br,TRIBROMOETHANOL,0.89642,0.92324,0.90983,
53006257,CCOC(=O)c1cccc(N)c1.CS(=O)(=O)O,FQZJYWMRQDKBQN-UHFFFAOYSA-N,261.06709358,0.9495,CCOC(=O)c1cccc(N)c1.CS(=O)(=O)O,TRICAINE MESYLATE,1.3292,1.1907,1.25995,
10917543,COP(=O)(OC)C(O)C(Cl)(Cl)Cl,NFACJZMKEDPNKN-UHFFFAOYSA-N,255.92257840599999,2.1609000000000003,COP(=O)(OC)C(O)C(Cl)(Cl)Cl,TRICHLORFON,1.0375,0.84165,0.939575,
80382547,NS(=O)(=O)c1cc2c(cc1Cl)NC(C(Cl)Cl)NS2(=O)=O,LMJSLTNSBFUCMU-UHFFFAOYSA-N,378.902180776,0.8210000000000004,NS(=O)(=O)c1cc2c(cc1Cl)NC(C(Cl)Cl)NS2(=O)=O,TRICHLORMETHIAZIDE,1.3571,0.85324,1.10517,
11542095,Cl.ClCCN(CCCl)CCCl,VEAUDLLZYJVHRI-UHFFFAOYSA-N,238.98021013599998,2.4266000000000005,Cl.ClCCN(CCCl)CCCl,TRICHLORMETHINE HYDROCHLORIDE,0.94689,1.0942,1.020545,
88423857,ClC=C(Cl)Cl,XSTXAVWGXDQKEL-UHFFFAOYSA-N,129.914383072,2.5017000000000005,ClC=C(Cl)Cl,TRICHLOROETHYLENE,0.97367,0.97685,0.97526,
25010663,CSc1nc2cc(Cl)c(Oc3cccc(Cl)c3Cl)cc2[nH]1,NQPDXQQQCQDHHW-UHFFFAOYSA-N,357.9501169480001,6.037300000000002,CSc1nc2cc(Cl)c(Oc3cccc(Cl)c3Cl)cc2[nH]1,TRICLABENDAZOLE,0.97057,0.81814,0.894355,
71564820,Oc1cc(Cl)ccc1Oc1ccc(Cl)cc1Cl,XEFQLINVKFYRCS-UHFFFAOYSA-N,287.951162504,5.144700000000002,Oc1cc(Cl)ccc1Oc1ccc(Cl)cc1Cl,TRICLOSAN,0.14715,0.15953,0.15334,
29759321,Cl.Cl.NCCNCCNCCN,WYHIICXRPHEJKI-UHFFFAOYSA-N,218.10650199999998,-1.0733999999999986,Cl.Cl.NCCNCCNCCN,TRIENTINE HYDROCHLORIDE,1.2681,0.9017,1.0849,
60500565,O=C(NC(=O)c1ccccc1Cl)Nc1ccc(OC(F)(F)F)cc1,XAIPTRIXGHTTNT-UHFFFAOYSA-N,358.03320451999997,4.200500000000002,O=C(NC(=O)c1ccccc1Cl)Nc1ccc(OC(F)(F)F)cc1,TRIFLUMURON,0.82594,0.9779,0.90192,
64998407,CN1CCN(CCCN2c3ccccc3Sc3ccc(C(F)(F)F)cc32)CC1.Cl.Cl,BXDAOUXDMHXPDI-UHFFFAOYSA-N,479.117658852,5.7892000000000055,CN1CCN(CCCN2c3ccccc3Sc3ccc(C(F)(F)F)cc32)CC1.Cl.Cl,TRIFLUOPERAZINE HYDROCHLORIDE,0.69664,0.62252,0.65958,
90105920,CN(C)CCCN1c2ccccc2Sc2ccc(C(F)(F)F)cc21.Cl,FTNWXGFYRHWUKG-UHFFFAOYSA-N,388.09878197999996,5.681600000000005,CN(C)CCCN1c2ccccc2Sc2ccc(C(F)(F)F)cc21.Cl,TRIFLUPROMAZINE HYDROCHLORIDE,0.15409,0.1803,0.167195,
55195644,O=c1[nH]c(=O)n(C2C[C@H](O)[C@@H](CO)O2)cc1C(F)(F)F,VSQQQLOSPVPRAZ-GFCOJPQKSA-N,296.062006112,-0.8039000000000001,O=c1[nH]c(=O)n(C2C[C@H](O)[C@@H](CO)O2)cc1C(F)(F)F,TRIFLURIDINE,0.92218,1.0466,0.98439,
84360097,C[n+]1cccc(C(=O)[O-])c1,WWNNZCOKKKDOPX-UHFFFAOYSA-N,137.047678464,-1.1254000000000004,C[n+]1cccc(C(=O)[O-])c1,TRIGONELLINE,1.1005,1.0388,1.06965,
11286569,Cl.OC(CCN1CCCCC1)(c1ccccc1)C1CCCCC1,QDWJJTJNXAKQKD-UHFFFAOYSA-N,337.217242324,4.752300000000004,Cl.OC(CCN1CCCCC1)(c1ccccc1)C1CCCCC1,TRIHEXYPHENIDYL HYDROCHLORIDE,1.2198,0.85609,1.037945,
46337842,C[C@]12CCC3[C@@H](CC[C@@]45O[C@@H]4C(O)=C(C#N)C[C@]35C)C1CC[C@@H]2O,KVJXBPDAXMEYOA-AVIBAHRQSA-N,329.199093724,3.466880000000002,C[C@]12CCC3[C@@H](CC[C@@]45O[C@@H]4C(O)=C(C#N)C[C@]35C)C1CC[C@@H]2O,TRILOSTANE,0.98664,0.88085,0.933745,
90883111,CCC(COC(=O)c1cc(OC)c(OC)c(OC)c1)(c1ccccc1)N(C)C.O=C(O)/C=C\C(=O)O,FSRLGULMGJGKGI-UHFFFAOYSA-N,503.215531636,3.448100000000001,CCC(COC(=O)c1cc(OC)c(OC)c(OC)c1)(c1ccccc1)N(C)C.O=C(O)/C=C\C(=O)O,TRIMEBUTINE MALEATE,1.001,1.0061,1.00355,
75315281,CC(CN(C)C)CN1c2ccccc2Sc2ccccc21.O=C(O)C(O)C(O)C(=O)O,ZEEPCWVFSHMOPI-UHFFFAOYSA-N,448.1668076159998,2.3643999999999994,CC(CN(C)C)CN1c2ccccc2Sc2ccccc21.O=C(O)C(O)C(O)C(=O)O,TRIMEPRAZINE TARTRATE,0.99574,0.88395,0.939845,
17475369,COc1ccc(CN2CCNCC2)c(OC)c1OC.Cl.Cl,VYFLPFGUVGMBEP-UHFFFAOYSA-N,338.11639798799996,1.9612000000000007,COc1ccc(CN2CCNCC2)c(OC)c1OC.Cl.Cl,TRIMETAZIDINE DIHYDROCHLORIDE,0.98015,1.341,1.160575,
63334115,CN1C(=O)OC(C)(C)C1=O,IRYJRGCIQBGHIV-UHFFFAOYSA-N,143.058243148,0.37359999999999993,CN1C(=O)OC(C)(C)C1=O,TRIMETHADIONE,0.52857,0.57943,0.554,
50248692,COc1cc(C(=O)NCc2ccc(OCCN(C)C)cc2)cc(OC)c1OC.Cl,WIIZEEPFHXAUND-UHFFFAOYSA-N,424.176499708,3.004600000000002,COc1cc(C(=O)NCc2ccc(OCCN(C)C)cc2)cc(OC)c1OC.Cl,TRIMETHOBENZAMIDE HYDROCHLORIDE,1.0556,0.89502,0.97531,
84632098,COc1cc(Cc2cnc(N)nc2N)cc(OC)c1OC,IEDVJHCEMCRBQM-UHFFFAOYSA-N,290.13789043599996,1.2575999999999998,COc1cc(Cc2cnc(N)nc2N)cc(OC)c1OC,TRIMETHOPRIM,0.15902,0.15608,0.15755,
11513824,COc1cc(C(=O)N2CCOCC2)cc(OC)c1OC,XWVOEFLBOSSYGM-UHFFFAOYSA-N,281.12632270800003,1.1848,COc1cc(C(=O)N2CCOCC2)cc(OC)c1OC,TRIMETOZINE,1.4929,1.0256,1.25925,
63824604,CC(CN(C)C)CN1c2ccccc2CCc2ccccc21.O=C(O)/C=C\C(=O)O,YDGHCKHAXOUQOS-UHFFFAOYSA-N,410.2205574399999,3.8328000000000024,CC(CN(C)C)CN1c2ccccc2CCc2ccccc21.O=C(O)/C=C\C(=O)O,TRIMIPRAMINE MALEATE,1.0078,0.9232,0.9655,
27774224,Cc1cc2cc3c(C)cc(=O)oc3c(C)c2o1,FMHHVULEAZTJMA-UHFFFAOYSA-N,228.078644244,3.4644600000000025,Cc1cc2cc3c(C)cc(=O)oc3c(C)c2o1,TRIOXSALEN,1.2504,1.1357,1.19305,
12791325,CN(C)CCN(Cc1ccccc1)c1ccccn1.O=C(O)CC(O)(CC(=O)O)C(=O)O,GGRBYIUPUOYRLQ-UHFFFAOYSA-N,447.20055026799986,1.4013000000000007,CN(C)CCN(Cc1ccccc1)c1ccccn1.O=C(O)CC(O)(CC(=O)O)C(=O)O,TRIPELENNAMINE CITRATE,1.0305,1.2625,1.1465,
91899664,Cc1ccc(/C(=C\CN2CCCC2)c2ccccn2)cc1.Cl,WYUYEJNGHIOFOC-UHFFFAOYSA-N,314.154976416,4.339320000000004,Cc1ccc(/C(=C\CN2CCCC2)c2ccccn2)cc1.Cl,TRIPROLIDINE HYDROCHLORIDE,1.1159,1.1072,1.11155,
78179867,CC(C)[C@]12O[C@H]1[C@@H]1O[C@]13[C@]1(O[C@H]1C[C@H]1C4=C(CC[C@@]13C)C(=O)OC4)[C@@H]2O,DFBIRQPKNDILPW-CIVMWXNOSA-N,360.15728848799995,1.1030999999999997,CC(C)[C@]12O[C@H]1[C@@H]1O[C@@]13[C@@]1(C)CCC4=C(COC4=O)[C@@H]1C[C@@H]1O[C@@]13[C@@H]2O,TRIPTOLIDE,1.0516,0.91303,0.982315,
81852097,CC(C)c1ccc2c(c1O)CC[C@H]1C3=C(CC[C@]21C)C(=O)OC3,KPXIBWGPZSPABK-FXAWDEMLSA-N,312.17254462799997,3.9829000000000034,CC(C)c1ccc2c(c1O)CC[C@H]1C3=C(CC[C@]21C)C(=O)OC3,TRIPTOPHENOLIDE,0.83388,0.83492,0.8344,
10139174,O=c1[n-]c(=O)n(Cl)c(=O)n1Cl.[Na+],MSFGZHUJTJBYFA-UHFFFAOYSA-M,218.9214405,-4.6648,O=c1[n-]c(=O)n(Cl)c(=O)n1Cl.[Na+],TROCLOSENE SODIUM,1.1143,1.0238,1.06905,
86557974,NC(CO)(CO)CO,LENZDBCJOHFCAS-UHFFFAOYSA-N,121.073893212,-2.3391999999999995,NC(CO)(CO)CO,TROMETHAMINE,0.86245,0.89905,0.88075,
64140531,CCN(Cc1ccncc1)C(=O)C(CO)c1ccccc1,BGDKAVGWHJFAGW-UHFFFAOYSA-N,284.15247788,2.2062,CCN(Cc1ccncc1)C(=O)C(CO)c1ccccc1,TROPICAMIDE,1.2862,1.1568,1.2215,
73876368,CN1[C@@H]2CC[C@@H]1CC(O)C2,CYHOMWAPJJPNMW-RNFRBKRXSA-N,141.1153641,0.6038999999999999,CN1[C@@H]2CC[C@@H]1CC(O)C2,TROPINE,0.89964,0.93277,0.916205,
59119296,CN1C2CCC1CC(OC(=O)c1c[nH]c3ccccc13)C2.Cl,XIEGSJAEZIGKSA-UHFFFAOYSA-N,320.129155592,3.371700000000002,CN1C2CCC1CC(OC(=O)c1c[nH]c3ccccc13)C2.Cl,TROPISETRON HYDROCHLORIDE,0.95978,0.99888,0.97933,
71335410,O=C(OC1CC2CCC(C1)[N+]21CCCC1)C(O)(c1ccccc1)c1ccccc1.[Cl-],RVCSYOQWLPPAOA-UHFFFAOYSA-M,427.1914215,0.7737000000000009,O=C(OC1CC2CCC(C1)[N+]21CCCC1)C(O)(c1ccccc1)c1ccccc1.[Cl-],TROSPIUM CHLORIDE,1.2217,1.0443,1.133,
15849430,C[C@H]1O[C@H](OC[C@@H]2O[C@H](Oc3c(-c4ccc(OCCO)c(OCCO)c4)oc4cc(OCCO)cc(O)c4c3=O)[C@@H](O)[C@H](O)[C@H]2O)[C@@H](O)[C@@H](O)[C@@H]1O,IYVFNTXFRYQLRP-KXWMMQPZSA-N,742.2320291240002,-2.6905999999999968,C[C@H]1O[C@H](OC[C@@H]2O[C@H](Oc3c(-c4ccc(OCCO)c(OCCO)c4)oc4cc(OCCO)cc(O)c4c3=O)[C@@H](O)[C@H](O)[C@H]2O)[C@@H](O)[C@@H](O)[C@@H]1O,TROXERUTIN,0.96104,1.3462,1.15362,
76457614,COc1cc(C(=O)NC2CCCNC2)cc(OC)c1OC,YSIITVVESCNIPR-UHFFFAOYSA-N,294.157957184,1.1941999999999997,COc1cc(C(=O)NC2CCCNC2)cc(OC)c1OC,TROXIPIDE,1.0676,0.96809,1.017845,
10575966,NCCc1c[nH]c2ccccc12,APJYDQYYACXCRM-UHFFFAOYSA-N,160.100048384,1.6691,NCCc1c[nH]c2ccccc12,TRYPTAMINE,0.92235,0.90104,0.911695,
75509615,N[C@H](Cc1c[nH]c2ccccc12)C(=O)O,QIVBCDIJIAJPQS-SECBINFHSA-N,204.089877624,1.1223000000000003,N[C@H](Cc1c[nH]c2ccccc12)C(=O)O,TRYPTOPHAN (L),1.1668,1.1393,1.15305,
44388012,CCCCCC(C)N.O=S(=O)(O)O,ASNSHZBVZYSNTB-UHFFFAOYSA-N,213.103479088,1.2611000000000006,CCCCCC(C)N.O=S(=O)(O)O,TUAMINOHEPTANE SULFATE,1.0494,1.0054,1.0274,
97946538,COc1cc2c3cc1Oc1cc(ccc1O)C[C@@H]1c4c(cc(OC)c(O)c4Oc4ccc(cc4)C[C@@H]3N(C)CC2)CC[N+]1(C)C.Cl.O.O.O.O.O.[Cl-],WMIZITXEJNQAQK-GGDSLZADSA-N,770.294815844,0.003300000000000858,COc1cc2c3cc1Oc1cc(ccc1O)C[C@@H]1c4c(cc(OC)c(O)c4Oc4ccc(cc4)C[C@@H]3N(C)CC2)CC[N+]1(C)C.Cl.O.O.O.O.O.[Cl-],TUBOCURARINE CHLORIDE PENTAHYDRATE,1.1661,1.1065,1.1363,
63874293,CC(C)(C)NCC(O)c1ccccc1Cl.Cl,RSLNRVYIRDVHLY-UHFFFAOYSA-N,263.084369588,3.1833000000000022,CC(C)(C)NCC(O)c1ccccc1Cl.Cl,TULOBUTEROL HYDROCHLORIDE,1.0386,1.0877,1.06315,
94980537,CC[C@H]1OC(=O)C[C@@H](O)[C@H](C)[C@@H](O[C@@H]2O[C@H](C)[C@@H](O[C@H]3C[C@@](C)(O)[C@@H](O)[C@H](C)O3)[C@H](N(C)C)[C@H]2O)[C@@H](CC=O)C[C@@H](C)C(=O)/C=C/C(C)=C/[C@@H]1CO[C@@H]1O[C@H](C)[C@@H](O)[C@@H](OC)[C@H]1OC.O=C(O)[C@H](O)[C@@H](O)C(=O)O,ICVKYYINQHWDLM-HYHSIFHGSA-N,1065.5355879160004,-0.2890999999999813,CC[C@H]1OC(=O)C[C@@H](O)[C@H](C)[C@@H](O[C@@H]2O[C@H](C)[C@@H](O[C@H]3C[C@@](C)(O)[C@@H](O)[C@H](C)O3)[C@H](N(C)C)[C@H]2O)[C@@H](CC=O)C[C@@H](C)C(=O)/C=C/C(C)=C/[C@@H]1CO[C@@H]1O[C@H](C)[C@@H](O)[C@@H](OC)[C@H]1OC.O=C(O)[C@H](O)[C@@H](O)C(=O)O,TYLOSIN TARTRATE,0.93272,0.8223,0.87751,
30905341,CCCCCCCCc1cc(C)c(OC)c(CC)c1.CCCCCCCCc1ccc(OC)c(C)c1.CCCCCCCCc1ccc(OC)c(C)c1.CCOCCOCCOCCOCCOCCOCCOCCOCCOCCO,XMVBCRTZOPFCFL-UHFFFAOYSA-N,1172.9041940280003,15.43025999999997,CCCCCCCCc1cc(C)c(OC)c(CC)c1.CCCCCCCCc1ccc(OC)c(C)c1.CCCCCCCCc1ccc(OC)c(C)c1.CCOCCOCCOCCOCCOCCOCCOCCOCCOCCO,TYLOXAPOL,1.1721,1.0334,1.10275,
11308094,NCCc1ccc(O)cc1,DZGWFCGJZKJUFP-UHFFFAOYSA-N,137.084063972,0.8934,NCCc1ccc(O)cc1,TYRAMINE,1.119,1.2196,1.1693,
15769992,Cl.NC(Cc1ccc(O)cc1)C(=O)O,JJWFIVDAMOFNPS-UHFFFAOYSA-N,217.050570924,0.7684000000000001,Cl.NC(Cc1ccc(O)cc1)C(=O)O,TYROSINE HYDROCHLORIDE,1.2099,1.1064,1.15815,
59823459,COC1=C(OC)C(=O)C(C/C=C(\C)CC/C=C(\C)CC/C=C(\C)CC/C=C(/C)CC/C=C(\C)CC/C=C(\C)CC/C=C(\C)CC/C=C(\C)CC/C=C(\C)CCC=C(C)C)=C(C)C1=O,ACTIUHUUMQJHFO-UHFFFAOYSA-N,862.68391136,17.853899999999975,COC1=C(OC)C(=O)C(C/C=C(\C)CC/C=C(\C)CC/C=C(\C)CC/C=C(/C)CC/C=C(\C)CC/C=C(\C)CC/C=C(\C)CC/C=C(\C)CC/C=C(\C)CCC=C(C)C)=C(C)C1=O,UBIDECARENONE [5mM],1.1611,0.88276,1.02193,
11451504,O=c1ccc2ccc(O)cc2o1,ORHBXUUXSCNDEV-UHFFFAOYSA-N,162.031694052,1.4986,O=c1ccc2ccc(O)cc2o1,UMBELLIFERONE,1.0015,0.90749,0.954495,
70118206,C=CCCCCCCCCC(=O)O,FRPZMMHWLSIFAZ-UHFFFAOYSA-N,184.14632988,3.3778000000000015,C=CCCCCCCCCC(=O)O,UNDECYLENIC ACID,1.172,0.91265,1.042325,
63611440,O=c1cc[nH]c(=O)[nH]1,ISAKRJDGNUQOIC-UHFFFAOYSA-N,112.027277368,-0.9368000000000001,O=c1cc[nH]c(=O)[nH]1,URACIL,1.2257,1.179,1.20235,
55141838,COc1ccccc1N1CCN(CCCNc2cc(=O)n(C)c(=O)n2C)CC1.Cl,KTMLZVUAXJERAT-UHFFFAOYSA-N,423.2037175,1.1385999999999994,COc1ccccc1N1CCN(CCCNc2cc(=O)n(C)c(=O)n2C)CC1.Cl,URAPIDIL HYDROCHLORIDE,1.2087,0.98803,1.098365,
11271278,NC(N)=O,XSQUKJJJFZCRTK-UHFFFAOYSA-N,60.032362748,-0.9762000000000002,NC(N)=O,UREA,1.0508,0.9611,1.00595,
90347637,CCOC(N)=O,JOYRKODLDBILNP-UHFFFAOYSA-N,89.047678464,0.10160000000000025,CCOC(N)=O,URETHANE,1.1754,1.1208,1.1481,
18883575,O=c1ccn([C@@H]2O[C@H](CO)[C@@H](O)[C@H]2O)c(=O)[nH]1,DRTQHJPVMGBUCF-XVFCMESISA-N,244.069536104,-2.8519,O=c1ccn([C@@H]2O[C@H](CO)[C@@H](O)[C@H]2O)c(=O)[nH]1,URIDINE,0.87875,0.91989,0.89932,
18118347,CC(CCC(=O)O)[C@H]1CCC2C3CC[C@@H]4CCCC[C@]4(C)C3CC[C@@]21C,RPKLZQLYODPWTM-UHJJYCRNSA-N,360.30283052,6.536300000000007,CC(CCC(=O)O)[C@H]1CCC2C3CC[C@@H]4CCCC[C@]4(C)C3CC[C@@]21C,URSOCHOLANIC ACID,1.357,0.91314,1.13507,
67368815,C[C@H](CCC(=O)O)[C@H]1CCC2C3C(CC[C@@]21C)[C@@]1(C)CC[C@@H](O)C[C@H]1C[C@@H]3O,RUDATBOHQWOJDD-ZLEVCPGMSA-N,392.29265975999994,4.477900000000006,C[C@H](CCC(=O)O)[C@H]1CCC2C3C(CC[C@@]21C)[C@@]1(C)CC[C@@H](O)C[C@H]1C[C@@H]3O,URSODIOL,0.98661,0.92951,0.95806,
47781502,C[C@@H]1CC[C@]2(C(=O)O)CC[C@]3(C)C(=CCC4[C@@]5(C)CC[C@H](O)C(C)(C)C5CC[C@]43C)C2[C@H]1C,WCGUUGGRBIKTOS-POPPTPIPSA-N,456.36034539599996,7.089500000000008,C[C@@H]1C2C3=CCC4[C@@]5(C)CC[C@H](O)C(C)(C)C5CC[C@@]4(C)[C@]3(C)CC[C@@]2(C(=O)O)CC[C@H]1C,URSOLIC ACID,1.0361,1.2291,1.1326,
49420984,CC(=O)OC1CC[C@@]2(C)C(CC[C@]3(C)C2CC[C@]24OC(=O)[C@@]5(CCC(C)C(C)C52)CC[C@]43C)C1(C)C,NJLCBLDWBHWOFU-ZKEDVEDNSA-N,498.37091008,7.33500000000001,CC(=O)OC1CC[C@@]2(C)C(CC[C@]3(C)C2CC[C@]24OC(=O)[C@@]5(CCC(C)C(C)C52)CC[C@]43C)C1(C)C,URSOLOLACTONE ACETATE,0.95694,0.87723,0.917085,
44861008,CC(=O)c1c(O)c(C)c(O)c2c1OC1=CC(=O)C(C(C)=O)C(=O)C12C,CUCUKLJLRRAKFN-UHFFFAOYSA-N,344.089602852,1.49982,CC(=O)c1c(O)c(C)c(O)c2c1OC1=CC(=O)C(C(C)=O)C(=O)C12C,USNIC ACID,0.88775,0.93388,0.910815,
22101886,CCC(C)C(=O)O[C@@H]1C[C@@]2(C)[C@H](c3ccoc3)OC(=O)CC23OC2(C)O[C@]14[C@]1(C)[C@@H](CC(=O)OC)C5(C)CC1(O)[C@](O)(C5OC(=O)C1(C)OC1C)[C@@H](OC(C)=O)[C@]34O2,HPSILLNWMJOWNM-UJMOMDHXSA-N,816.3204502039999,2.708500000000001,CCC(C)C(=O)O[C@@H]1C[C@@]2(C)[C@H](c3ccoc3)OC(=O)CC23OC2(C)O[C@@]34[C@H](OC(C)=O)[C@@]3(O)C(OC(=O)C5(C)OC5C)C5(C)CC3(O)[C@@](C)([C@H]5CC(=O)OC)[C@@]14O2,UTILIN,1.1071,1.4353,1.2712,
95777620,CC(C)[C@H](N)C(=O)OCCOCn1cnc2c(=O)[nH]c(N)nc21.Cl,ZCDDBUOENGJMLV-QRPNPIFTSA-N,360.1312808320001,-0.3757999999999982,CC(C)[C@H](N)C(=O)OCCOCn1cnc2c(=O)[nH]c(N)nc21.Cl,VALACYCLOVIR HYDROCHLORIDE,1.2264,1.4188,1.3226,
31475358,CCC(C)C(C(=O)OCC[N+](C)(CC)CC)c1ccccc1.[Br-],CEJGGHKJHDHLAZ-UHFFFAOYSA-M,385.161641364,0.8499000000000017,CCC(C)C(C(=O)OCC[N+](C)(CC)CC)c1ccccc1.[Br-],VALETHAMATE BROMIDE,1.355,1.532,1.4435,
23119421,CC(C)[C@H](N)C(=O)OCC(CO)OCn1cnc2c(=O)[nH]c(N)nc21.Cl,ZORWARFPXPVJLW-MTFPJWTKSA-N,390.1418455160001,-1.014899999999999,CC(C)[C@H](N)C(=O)OCC(CO)OCn1cnc2c(=O)[nH]c(N)nc21.Cl,VALGANCICLOVIR HYDROCHLORIDE,0.90406,0.87297,0.888515,
17197112,CC(C)[C@H](N)C(=O)O,KZSNJWFQEVHDMF-BYPYZUCNSA-N,117.078978592,0.05430000000000007,CC(C)[C@H](N)C(=O)O,VALINE (L),1.0969,0.98038,1.03864,
97902806,CCCC(CCC)C(=O)[O-].[Na+],AEQFSUDEHCCHBT-UHFFFAOYSA-M,166.096974,-2.043299999999997,CCCC(CCC)C(=O)[O-].[Na+],VALPROATE SODIUM,1.0701,0.98967,1.029885,
36513507,CCCCC(=O)N(Cc1ccc(-c2ccccc2-c2nn[nH]n2)cc1)[C@H](C(=O)O)C(C)C,ACWBQPMHZXGDFX-QFIPXVFZSA-N,435.227039788,4.161700000000002,CCCCC(=O)N(Cc1ccc(-c2ccccc2-c2nn[nH]n2)cc1)[C@H](C(=O)O)C(C)C,VALSARTAN,1.0372,1.0955,1.06635,
56373652,CN[C@H](CC(C)C)C(=O)NC1C(=O)N[C@@H](CC(N)=O)C(=O)N[C@H]2C(=O)NC3C(=O)N[C@H](C(=O)N[C@@H](C(=O)O)c4cc(O)cc(O)c4-c4cc3ccc4O)[C@H](O)c3ccc(c(Cl)c3)Oc3cc2cc(c3O[C@@H]2OC(CO)[C@@H](O)[C@H](O)[C@H]2O[C@H]2C[C@](C)(N)[C@H](O)[C@H](C)O2)Oc2ccc(cc2Cl)[C@H]1O.Cl,LCTORFDMHNKUSG-INQOWBGRSA-N,1483.4068773519998,0.5280000000000036,CN[C@H](CC(C)C)C(=O)NC1C(=O)N[C@@H](CC(N)=O)C(=O)N[C@H]2C(=O)NC3C(=O)N[C@H](C(=O)N[C@@H](C(=O)O)c4cc(O)cc(O)c4-c4cc3ccc4O)[C@H](O)c3ccc(c(Cl)c3)Oc3cc2cc(c3O[C@@H]2OC(CO)[C@@H](O)[C@H](O)[C@H]2O[C@H]2C[C@](C)(N)[C@H](O)[C@H](C)O2)Oc2ccc(cc2Cl)[C@H]1O.Cl,VANCOMYCIN HYDROCHLORIDE,1.0058,0.92842,0.96711,
44748513,COc1cc(C=O)ccc1O,MWOOGOJBHIARFG-UHFFFAOYSA-N,152.047344116,1.2132999999999998,COc1cc(C=O)ccc1O,VANILLIN,0.82274,0.86886,0.8458,
11976232,COc1cc(C(=S)N2CCOCC2)ccc1O,WQYRHRAZNNRDIA-UHFFFAOYSA-N,253.07726434,1.4084999999999999,COc1cc(C(=S)N2CCOCC2)ccc1O,VANITIOLIDE,1.1978,0.89421,1.046005,
60645398,CCCc1nc(C)c2c(=O)[nH]c(-c3cc(S(=O)(=O)N4CCN(CC)CC4)ccc3OCC)nn12.Cl,XCMULUAPJXCOHI-UHFFFAOYSA-N,524.197252216,2.492220000000001,CCCc1nc(C)c2c(=O)[nH]c(-c3cc(S(=O)(=O)N4CCN(CC)CC4)ccc3OCC)nn12.Cl,VARDENAFIL HYDROCHLORIDE,1.2116,1.2366,1.2241,
34189950,CC(=O)O[C@H]1CC2CCC3C(CC[C@@]4(C)C3C[C@H]([N+]3(C)CCCCC3)[C@@H]4OC(C)=O)[C@@]2(C)C[C@@H]1N1CCCCC1.[Br-],VEPSYABRBFXYIB-WBNOQESISA-M,636.3501704039999,2.9699000000000044,CC(=O)O[C@H]1CC2CCC3C(CC[C@@]4(C)C3C[C@H]([N+]3(C)CCCCC3)[C@@H]4OC(C)=O)[C@@]2(C)C[C@@H]1N1CCCCC1.[Br-],VECURONIUM BROMIDE,1.0662,0.83267,0.949435,
10227283,COc1ccc(C(CN(C)C)C2(O)CCCCC2)cc1.Cl,QYRYFNHXARDNFZ-UHFFFAOYSA-N,313.18085681599996,3.457400000000003,COc1ccc(C(CN(C)C)C2(O)CCCCC2)cc1.Cl,VENLAFAXINE HYDROCHLORIDE,0.86981,0.96429,0.91705,
82492003,COc1ccc(CCN(C)CCCC(C#N)(c2ccc(OC)c(OC)c2)C(C)C)cc1OC.Cl,DOQPXTMNIUCOSY-UHFFFAOYSA-N,490.25983540799996,5.514880000000007,COc1ccc(CCN(C)CCCC(C#N)(c2ccc(OC)c(OC)c2)C(C)C)cc1OC.Cl,VERAPAMIL HYDROCHLORIDE,0.84547,1.0455,0.945485,
57098901,COc1ccc(C(=O)O)cc1OC,DAUAQNGYDSHRET-UHFFFAOYSA-N,182.0579088,1.402,COc1ccc(C(=O)O)cc1OC,VERATRIC ACID,1.1185,0.94517,1.031835,
99889996,C/C=C(/C)C(=O)O[C@H]1CC[C@@]2(C)[C@@H]3CC[C@H]4[C@]5(O)C[C@H](O)[C@@]6(O)[C@@H](CN7C[C@@H](C)CC[C@H]7[C@@]6(C)O)[C@]5(O)C[C@@]42O[C@]13O.Cl,VSARLHXBMYVYSM-DJMUDAKSSA-N,627.31740986,1.4130000000000007,C/C=C(/C)C(=O)O[C@H]1CC[C@@]2(C)[C@@H]3CC[C@@H]4[C@@]2(C[C@@]2(O)[C@@H]5CN6C[C@@H](C)CC[C@H]6[C@@](C)(O)[C@@]5(O)[C@@H](O)C[C@@]42O)O[C@]13O.Cl,VERATRINE HYDROCHLORIDE,1.1391,1.0165,1.0778,
46115767,COC(=O)C1=CO[C@@H](O[C@@H]2O[C@H](CO)[C@@H](O)[C@H](O)[C@H]2O)[C@H]2C1C(=O)C[C@@H]2C,HLXRWTJXGMHOFN-LEJUMIEUSA-N,388.13694696799996,-1.942599999999998,COC(=O)C1=CO[C@@H](O[C@@H]2O[C@H](CO)[C@@H](O)[C@H](O)[C@H]2O)[C@H]2C1C(=O)C[C@@H]2C,VERBENALIN,1.1169,1.1426,1.12975,
78229404,Cl.OC1CCCCC1N1CCC(c2ccccc2)CC1,XJNUHVMJVWOYCW-UHFFFAOYSA-N,295.170292132,3.591300000000002,Cl.OC1CCCCC1N1CCC(c2ccccc2)CC1,VESAMICOL HYDROCHLORIDE,0.87112,1.1767,1.02391,
56161921,Nc1ncnc2c1ncn2[C@@H]1O[C@H](CO)[C@@H](O)[C@@H]1O,OIRDTQYFTABQOQ-UHTZMRCNSA-N,267.096753896,-1.9800000000000006,Nc1ncnc2c1ncn2[C@@H]1O[C@H](CO)[C@@H](O)[C@@H]1O,VIDARABINE,1.0281,1.1665,1.0973,
32629727,Cl.N#Cc1ccc2[nH]cc(CCCCN3CCN(c4ccc5oc(C(N)=O)cc5c4)CC3)c2c1,RPZBRGFNBNQSOP-UHFFFAOYSA-N,477.19315281599995,4.451380000000002,Cl.N#Cc1ccc2[nH]cc(CCCCN3CCN(c4ccc5oc(C(N)=O)cc5c4)CC3)c2c1,VILAZODONE HYDROCHLORIDE,0.92487,0.90371,0.91429,
95814541,CC[C@]1(O)CC2CN(CCc3c([nH]c4ccccc34)[C@@](C(=O)OC)(c3cc4c(cc3OC)N(C)[C@H]3[C@@](O)(C(=O)OC)[C@H](OC(C)=O)[C@]5(CC)C=CCN6CC[C@]43[C@@H]65)C2)C1.O=S(=O)(O)O,KDQAABAKXDWYSZ-FCIBFBFCSA-N,908.3877589800001,3.3381000000000043,CC[C@]1(O)CC2CN(CCc3c([nH]c4ccccc34)[C@@](C(=O)OC)(c3cc4c(cc3OC)N(C)[C@H]3[C@@](O)(C(=O)OC)[C@H](OC(C)=O)[C@]5(CC)C=CCN6CC[C@]43[C@@H]65)C2)C1.O=S(=O)(O)O,VINBLASTINE SULFATE,0.97227,0.95727,0.96477,
10320646,CC[C@]12CCCN3CCc4c(n(c5ccccc45)[C@](O)(C(=O)OC)C1)[C@@H]32,RXPRRQLKFXBCSJ-HLAWJBBLSA-N,354.1943426919999,2.9525000000000015,CC[C@]12CCCN3CCc4c(n(c5ccccc45)[C@](O)(C(=O)OC)C1)[C@@H]32,VINCAMINE,0.97256,0.89312,0.93284,
90353643,CC[C@]1(O)CC2CN(CCc3c([nH]c4ccccc34)[C@@](C(=O)OC)(c3cc4c(cc3OC)N(C=O)[C@H]3[C@@](O)(C(=O)OC)[C@H](OC(C)=O)[C@]5(CC)C=CCN6CC[C@]43[C@@H]65)C2)C1.O=S(=O)(O)O,AQTQHPDCURKLKT-FCIBFBFCSA-N,922.3670235360001,2.8647000000000036,CC[C@]1(O)CC2CN(CCc3c([nH]c4ccccc34)[C@@](C(=O)OC)(c3cc4c(cc3OC)N(C=O)[C@H]3[C@@](O)(C(=O)OC)[C@H](OC(C)=O)[C@]5(CC)C=CCN6CC[C@]43[C@@H]65)C2)C1.O=S(=O)(O)O,VINCRISTINE SULFATE,1.0033,0.92749,0.965395,
57384124,CC[C@]12C=CCN3CC[C@@]4(c5ccc(OC)cc5N(C)C4[C@@](O)(C(=O)OC)[C@@H]1OC(C)=O)[C@@H]32,CXBGOBGJHGGWIE-UDBGNGJRSA-N,456.2260367439998,1.6412999999999998,CC[C@]12C=CCN3CC[C@@]4(c5ccc(OC)cc5N(C)C4[C@@](O)(C(=O)OC)[C@@H]1OC(C)=O)[C@@H]32,VINDOLINE,1.0588,1.2461,1.15245,
93056880,CCOC(=O)C1=C[C@]2(CC)CCCN3CCc4c(n1c1ccccc41)[C@@H]32,DDNCQMVWWZOMLN-IRLDBZIGSA-N,350.199428072,4.148300000000003,CCOC(=O)C1=C[C@]2(CC)CCCN3CCc4c(n1c1ccccc41)[C@@H]32,VINPOCETINE,1.0826,1.037,1.0598,
10412354,COc1cc(C/C=C/c2ccccc2)c(OC)cc1O,MGFYJNMOZGSGMU-UHFFFAOYSA-N,270.12559443600003,3.6653000000000024,COc1cc(C/C=C/c2ccccc2)c(OC)cc1O,VIOLASTYRENE,0.7978,1.0803,0.93905,
99268585,NCCC[C@H](N)CC(=O)NC1CNC(=O)[C@H]([C@H]2C[C@H](O)NC(N)=N2)NC(=O)/C(=C/NC(N)=O)NC(=O)[C@H](CO)NC(=O)[C@H](CO)NC1=O.O=S(=O)(O)O,AQONYROJHRNYQQ-ODGWCPSJSA-N,783.2929641200003,-9.535600000000017,NCCC[C@H](N)CC(=O)NC1CNC(=O)[C@H]([C@H]2C[C@H](O)NC(N)=N2)NC(=O)/C(=C/NC(N)=O)NC(=O)[C@H](CO)NC(=O)[C@H](CO)NC1=O.O=S(=O)(O)O,VIOMYCIN SULFATE,0.90625,0.85361,0.87993,
33743695,COc1c2ccoc2cc2oc(C)cc(=O)c12,NZVQLVGOZRELTG-UHFFFAOYSA-N,230.0579088,2.8562200000000013,COc1c2ccoc2cc2oc(C)cc(=O)c12,VISNAGIN,1.0777,1.1965,1.1371,
21226676,OCC(CO)N[C@H]1C[C@](O)(CO)[C@@H](O)[C@H](O)[C@H]1O,FZNCGRZWXLXZSZ-CIQUZCHMSA-N,267.13180201200004,-4.492399999999994,OCC(CO)N[C@H]1C[C@](O)(CO)[C@@H](O)[C@H](O)[C@H]1O,VOGLIBOSE,1.0751,1.2825,1.1788,
66822542,O=C(CCCCCCC(=O)Nc1ccccc1)NO,WAEXFXRVDQXREF-UHFFFAOYSA-N,264.1473925,2.4711,O=C(CCCCCCC(=O)Nc1ccccc1)NO,VORINOSTAT,0.94334,0.83531,0.889325,
39063561,Br.Cc1ccc(Sc2ccccc2N2CCNCC2)c(C)c1,VNGRUFUIHGGOOM-UHFFFAOYSA-N,378.0765318360001,4.442140000000004,Br.Cc1ccc(Sc2ccccc2N2CCNCC2)c(C)c1,VORTIOXETINE HYDROBROMIDE,1.0899,1.1573,1.1236,
38774565,COC(=O)/C(=C1\OC(=O)C(c2ccccc2)=C1O)c1ccccc1,OMZRMXULWNMRAE-UHFFFAOYSA-N,322.08412354800004,3.096800000000001,COC(=O)/C(=C1\OC(=O)C(c2ccccc2)=C1O)c1ccccc1,VULPINIC ACID,1.1016,1.1608,1.1312,
85950594,CC(=O)CC(c1ccccc1)c1c(O)c2ccccc2oc1=O,PJVWKTKQMONHTI-UHFFFAOYSA-N,308.10485899199995,3.609600000000003,CC(=O)CC(c1ccccc1)c1c(O)c2ccccc2oc1=O,WARFARIN,1.1292,1.13,1.1296,
50246654,CC1(C)[C@@H](O)CC[C@]2(C)C3CC=C4[C@@H]5C[C@@]6(C)C[C@H](OC6=O)[C@]5(C)CC[C@@]4(C)[C@]3(C)CC[C@@H]12,HHQJBWYXBWOFJY-RNQURHQBSA-N,454.34469533199996,6.684300000000008,CC1(C)[C@@H](O)CC[C@]2(C)C3CC=C4[C@@H]5C[C@@]6(C)C[C@H](OC6=O)[C@]5(C)CC[C@@]4(C)[C@]3(C)CC[C@@H]12,WILFORLIDE A,1.0296,0.92862,0.97911,
44741891,O=c1c2ccccc2oc2ccccc12,JNELGWHKGNBSMD-UHFFFAOYSA-N,196.052429496,2.946200000000001,O=c1c2ccccc2oc2ccccc12,XANTHONE,0.96046,1.121,1.04073,
60006572,Nc1nc2ncc(=O)[nH]c2c(=O)[nH]1,VURKRJGMSKJIQX-UHFFFAOYSA-N,179.0443244,-1.4114000000000007,Nc1nc2ncc(=O)[nH]c2c(=O)[nH]1,XANTHOPTERIN,1.1635,0.84688,1.00519,
75879567,COc1cc(O)c(C(C)=O)c(OC)c1,FBUBVLUPUDBFME-UHFFFAOYSA-N,196.073558864,1.6119999999999999,COc1cc(O)c(C(C)=O)c(OC)c1,XANTHOXYLIN,1.1221,1.1291,1.1256,
11636623,O=C(O)c1cc(O)c2cccc(O)c2n1,FBZONXHGGPHHIY-UHFFFAOYSA-N,205.037507704,1.3441999999999998,O=C(O)c1cc(O)c2cccc(O)c2n1,XANTHURENIC ACID,0.93718,0.8522,0.89469,
88733285,CC1(C)C=Cc2cc3ccc(=O)oc3cc2O1,QOTBQNVNUBKJMS-UHFFFAOYSA-N,228.078644244,2.9772000000000007,CC1(C)C=Cc2cc3ccc(=O)oc3cc2O1,XANTHYLETIN,0.90105,1.0265,0.963775,
11366295,Cc1cccc(C)c1NC1=NCCCS1,BPICBUSOMSTKRF-UHFFFAOYSA-N,220.103419512,3.2082400000000018,Cc1cccc(C)c1NC1=NCCCS1,XYLAZINE,0.7624,0.89552,0.82896,
80897472,Cc1cc(C(C)(C)C)cc(C)c1CC1=NCCN1.Cl,YGWFCQYETHJKNX-UHFFFAOYSA-N,280.17062648,3.566940000000003,Cc1cc(C(C)(C)C)cc(C)c1CC1=NCCN1.Cl,XYLOMETAZOLINE HYDROCHLORIDE,1.2623,1.1181,1.1902,
98809181,O=C[C@H](O)[C@@H](O)[C@H](O)CO,PYMYPHUHKUWMLA-VPENINKCSA-N,150.05282342,-2.7397000000000005,O=C[C@H](O)[C@@H](O)[C@H](O)CO,XYLOSE,1.0858,1.3268,1.2063,
10534847,O.O=C(O)[C@@H]1[C@H]2C[C@H]3c4[nH]c5ccccc5c4CCN3C[C@@H]2CC[C@@H]1O,UXXCUDYYOMDFPX-GPRFVYSASA-N,358.189257312,1.7339999999999989,O.O=C(O)[C@H]1[C@@H](O)CC[C@H]2CN3CCc4c([nH]c5ccccc45)[C@@H]3C[C@@H]21,YOHIMBIC ACID HYDRATE,0.92537,0.91435,0.91986,
12487931,COC(=O)C1[C@H]2C[C@H]3c4[nH]c5ccccc5c4CCN3C[C@@H]2CC[C@@H]1O.Cl,PIPZGJSEDRMUAW-BVOPLWBMSA-N,390.17102040400005,3.0689000000000015,COC(=O)C1[C@@H](O)CC[C@H]2CN3CCc4c([nH]c5ccccc45)[C@@H]3C[C@H]12.Cl,YOHIMBINE HYDROCHLORIDE,0.90776,0.9135,0.91063,
20635414,Nc1ccn([C@H]2CC[C@@H](CO)O2)c(=O)n1,WREGKURFCTUGRC-POYBYMJQSA-N,211.095691276,-0.5046000000000002,Nc1ccn([C@H]2CC[C@@H](CO)O2)c(=O)n1,ZALCITABINE,0.90895,0.95973,0.93434,
98620747,CCN(C(C)=O)c1cccc(-c2ccnc3c(C#N)cnn23)c1,HUNXMJYCHXQEGX-UHFFFAOYSA-N,305.12766010000007,2.6407800000000003,CCN(C(C)=O)c1cccc(-c2ccnc3c(C#N)cnn23)c1,ZALEPLON,1.1303,1.0876,1.10895,
54618278,CC(C(=O)O)c1ccc2c(c1)CC(=O)c1ccccc1S2,MUXFZBHBYYYLTH-UHFFFAOYSA-N,298.066365308,3.764700000000002,CC(C(=O)O)c1ccc2c(c1)CC(=O)c1ccccc1S2,ZALTOPROFEN,1.1359,0.96351,1.049705,
78589849,CC(=O)N[C@H]1[C@H]([C@H](O)[C@H](O)CO)OC(C(=O)O)=C[C@@H]1NC(=N)N,ARAIBEBZBOPLMB-UFGQHTETSA-N,332.13319898,-3.5758299999999976,CC(=O)N[C@@H]1[C@@H](NC(=N)N)C=C(C(=O)O)O[C@H]1[C@H](O)[C@H](O)CO,ZANAMIVIR,0.90965,0.90914,0.909395,
65072741,CCCOc1ccccc1-c1nc2[nH]nnc2c(=O)[nH]1,REZGGXNDEMKIQB-UHFFFAOYSA-N,271.10692465600005,1.4969999999999999,CCCOc1ccccc1-c1nc2[nH]nnc2c(=O)[nH]1,ZAPRINAST,1.0444,0.96965,1.007025,
59047210,Cc1cn(C2CC(N=[N+]=[N-])C(CO)O2)c(=O)[nH]c1=O,HBOMLICNUCNMMY-UHFFFAOYSA-N,267.096753896,-0.19628000000000012,Cc1cn(C2CC(N=[N+]=[N-])C(CO)O2)c(=O)[nH]c1=O,ZIDOVUDINE [AZT],1.1853,1.0088,1.09705,
36342614,CC(c1cc2ccccc2s1)N(O)C(N)=O,MWLSOWXNZPKENC-UHFFFAOYSA-N,236.061948624,2.7321999999999997,CC(c1cc2ccccc2s1)N(O)C(N)=O,ZILEUTON,1.2745,1.143,1.20875,
55772950,C=CCCCCCCCCC(=O)[O-].C=CCCCCCCCCC(=O)[O-].[Zn+2],YMCOHQVWOBMDCZ-UHFFFAOYSA-L,430.20615189599994,4.083700000000003,C=CCCCCCCCCC(=O)[O-].C=CCCCCCCCCC(=O)[O-].[Zn+2],ZINC UNDECYLENATE [4mM],0.91651,1.1131,1.014805,
43372623,O=P(O)(O)C(O)(Cn1ccnc1)P(=O)(O)O,XRASPMIURGNCCH-UHFFFAOYSA-N,271.99632392,-1.1154000000000002,O=P(O)(O)C(O)(Cn1ccnc1)P(=O)(O)O,ZOLEDRONIC ACID,0.93031,0.92443,0.92737,
10972376,CN(C)CCc1c[nH]c2ccc(C[C@H]3COC(=O)N3)cc12,ULSDMUVEXKOYBU-ZDUSSCGKSA-N,287.163376912,1.9229,CN(C)CCc1c[nH]c2ccc(C[C@H]3COC(=O)N3)cc12,ZOLMITRIPTAN,0.89097,0.97089,0.93093,
10213451,Cc1ccc(-c2nc3ccc(C)cn3c2CC(=O)N(C)C)cc1,ZAFYATHCZYHLPB-UHFFFAOYSA-N,307.168462292,3.2488400000000013,Cc1ccc(-c2nc3ccc(C)cn3c2CC(=O)N(C)C)cc1,ZOLPIDEM,1.2588,1.4101,1.33445,
66942309,Cc1cc(CC(=O)O)n(C)c1C(=O)c1ccc(Cl)cc1,ZXVNMYWKKDOREA-UHFFFAOYSA-N,291.066220988,2.8450200000000017,Cc1cc(CC(=O)O)n(C)c1C(=O)c1ccc(Cl)cc1,ZOMEPIRAC SODIUM,1.0764,0.97774,1.02707,
69271249,NS(=O)(=O)Cc1noc2ccccc12,UBQNRHZMVUUOMG-UHFFFAOYSA-N,212.025563116,0.6163,NS(=O)(=O)Cc1noc2ccccc12,ZONISAMIDE,0.85985,0.8085,0.834175,
11569209,Nc1nc2cc(Cl)ccc2o1,YGCODSQDUUUKIV-UHFFFAOYSA-N,168.00904046,2.0633999999999997,Nc1nc2cc(Cl)ccc2o1,ZOXAZOLAMINE,1.1321,1.0701,1.1011,
40844054,CC(C)NC(=O)N[C@H]1CCCCNC1=O,YTXABQBUMCXSCH-QMMMGPOBSA-N,213.147726848,0.36269999999999986,CC(C)NC(=O)N[C@H]1CCCCNC1=O,BRD-A00013550,0.986328421,0.933623617,0.959976019,
10300887,N#C[C@H](N)c1ccc(Cl)cc1,JAUKOLRHHAJVST-QMMMGPOBSA-N,166.029775904,1.86338,N#C[C@H](N)c1ccc(Cl)cc1,BRD-A00134384,1.112943709,0.883081264,0.998012487,
17734815,O=S1(=O)CC[C@H](S(=O)(=O)[C@H]2CCS(=O)(=O)C2)C1,JZPPHERASWJPBI-YUMQZZPRSA-N,301.995251168,-1.2245999999999986,O=S1(=O)CC[C@H](S(=O)(=O)[C@H]2CCS(=O)(=O)C2)C1,BRD-A00182462,1.185506369,1.014024065,1.099765217,
33655666,Cc1cn([C@H]2C[C@@H](NC(=O)C(C)(C)C)[C@@H](CO)O2)c(=O)[nH]c1=O,GDHCKUXHCVYYIZ-GMTAPVOTSA-N,325.163770836,-0.3442799999999992,Cc1cn([C@H]2C[C@@H](NC(=O)C(C)(C)C)[C@@H](CO)O2)c(=O)[nH]c1=O,BRD-A00251413,1.082535559,1.1469278,1.114731679,
73972071,N[C@@H](CC(=O)O)c1cccc([N+](=O)[O-])c1,SJBFILRQMRECCK-QMMMGPOBSA-N,210.0640568,1.0693,N[C@@H](CC(=O)O)c1cccc([N+](=O)[O-])c1,BRD-A00308659,0.972014858,1.206033261,1.08902406,
11510952,CNC[C@@H](O)CS(=O)(=O)c1ccccc1,ZRLVQCSCEASCBG-SECBINFHSA-N,229.07726434,0.0405999999999993,CNC[C@@H](O)CS(=O)(=O)c1ccccc1,BRD-A00475490,0.987102456,1.044815095,1.015958775,
44768673,C=C(C)CC1(N[C@H](C)c2ccccc2)CCCCC1,KDQWNNPVCBUWRB-MRXNPFEDSA-N,257.214349864,5.006300000000004,C=C(C)CC1(N[C@H](C)c2ccccc2)CCCCC1,BRD-A00587176,0.769187858,0.876384744,0.822786301,
11281718,CCN1C(=O)S[C@@H](CC(=O)O)C1=O,OEXQUQKCOPKASO-BYPYZUCNSA-N,203.025228768,0.5449999999999999,CCN1C(=O)S[C@@H](CC(=O)O)C1=O,BRD-A00596059,1.116004108,1.169228525,1.142616317,
99937130,Cn1c(=O)c2c(ncn2C[C@@H](O)CO)n(C)c1=O,KSCFJBIXMNOVSH-ZCFIWIBFSA-N,254.101504928,-2.213099999999999,Cn1c(=O)c2c(ncn2C[C@@H](O)CO)n(C)c1=O,BRD-A00827783,0.959678016,1.091246032,1.025462024,
64665532,O=C(NC[C@H]1CCCO1)c1ccc(/C=N/O)nc1,CBNJCZLIBCNXFP-LLVKDONJSA-N,249.11134134,0.7984999999999998,O=C(NC[C@H]1CCCO1)c1ccc(/C=N/O)nc1,BRD-A01105767,1.051785448,1.032355722,1.042070585,
83897482,N[C@@H](CC(=O)Nc1ccc(Cl)cc1)C(=O)O,XJABEVDWUJPSPQ-QMMMGPOBSA-N,242.045819892,1.0804999999999998,N[C@@H](CC(=O)Nc1ccc(Cl)cc1)C(=O)O,BRD-A01390261,1.237409565,1.006593093,1.122001329,
79947650,CC(C)CNC(=O)C(=O)NC[C@H]1OCCN1S(=O)(=O)c1ccc2c(c1)OCCO2,HAETXQYADVWGGU-MRXNPFEDSA-N,427.14132113999995,-0.30679999999999863,CC(C)CNC(=O)C(=O)NC[C@H]1OCCN1S(=O)(=O)c1ccc2c(c1)OCCO2,BRD-A01453950,0.956483258,1.073142637,1.014812947,
54848611,CN(C)c1ncnc2c1ncn2[C@H]1O[C@@H](CO)[C@@H](N)[C@@H]1O,RYSMHWILUNYBFW-LUCMMUEDSA-N,294.14403843599996,-1.5297999999999983,CN(C)c1ncnc2c1ncn2[C@H]1O[C@@H](CO)[C@@H](N)[C@@H]1O,BRD-A01606679,1.111220043,0.869623167,0.990421605,
58197555,CO[C@H]1C[C@@H](C[C@@H](C)[C@H]2CC(=O)[C@@H](C)/C=C(/C)[C@@H](O)[C@@H](OC)C(=O)[C@@H](C)C[C@@H](C)C=C/C=C\C=C(C)[C@H](OC)C[C@H]3CC[C@@H](C)[C@@](O)(O3)C(=O)C(=O)N3CCCC[C@@H]3C(=O)O2)CC[C@@H]1O,QFJCIRLUMZQUOT-VGWAOODWSA-N,913.5551415880002,6.180600000000008,CO[C@H]1C[C@@H](C[C@@H](C)[C@H]2CC(=O)[C@@H](C)/C=C(/C)[C@@H](O)[C@@H](OC)C(=O)[C@@H](C)C[C@@H](C)C=C/C=C\C=C(C)[C@H](OC)C[C@H]3CC[C@@H](C)[C@@](O)(O3)C(=O)C(=O)N3CCCC[C@@H]3C(=O)O2)CC[C@@H]1O,BRD-A01618832,1.08948059,0.765398911,0.927439751,
25722585,COC[C@@H](O)CSc1[nH]c(C)nc1[N+](=O)[O-],WKFNVEYGFFSVQG-ZCFIWIBFSA-N,247.062676896,0.7257200000000001,COC[C@@H](O)CSc1[nH]c(C)nc1[N+](=O)[O-],BRD-A01673634,0.937205017,1.074048628,1.005626823,
36999404,C[C@H]1CNC(=CC(=O)c2ccccc2)C(=O)N1,GKUSCRCVAUAOEB-VIFPVBQESA-N,230.105527688,0.8611,C[C@H]1CNC(=CC(=O)c2ccccc2)C(=O)N1,BRD-A01814315,1.040498288,0.630663221,0.835580755,
11373789,O=C(NC1CCCCC1)[C@@H]1C(c2ccc(Cl)cc2)=C(S(=O)(=O)c2ccccc2)C(=O)N1Cc1ccc(-c2ccccc2)cc1,WSMLJVKOTGRUOV-XIFFEERXSA-N,624.1849562159999,7.051900000000007,O=C(NC1CCCCC1)[C@@H]1C(c2ccc(Cl)cc2)=C(S(=O)(=O)c2ccccc2)C(=O)N1Cc1ccc(-c2ccccc2)cc1,BRD-A01879028,1.060952029,0.96425191,1.01260197,
10240183,CCOC(=O)N1CCN(C[C@@H](O)Cn2c(=O)c3c(ncn3C)n(C)c2=O)CC1,OFYFOBRWPMFJBB-GFCCVEGCSA-N,394.196467932,-1.431299999999997,CCOC(=O)N1CCN(C[C@@H](O)Cn2c(=O)c3c(ncn3C)n(C)c2=O)CC1,BRD-A01908740,1.019002916,1.099310512,1.059156714,
91511631,NC(=O)N1C(=O)[C@H]2[C@H](C1=O)[C@H]1C=C(CCCO)[C@@H]2[C@@H](C2CC2)N1Cc1cc2c(cc1Br)OCO2,OGFSPTIFBKDRMY-DDVIMMDMSA-N,531.1004976520001,2.1491999999999996,NC(=O)N1C(=O)[C@H]2[C@H](C1=O)[C@@H]1C(CCCO)=C[C@H]2N(Cc2cc3c(cc2Br)OCO3)[C@@H]1C1CC1,BRD-A02299851,1.220449163,0.953094309,1.086771736,
96167257,C[C@H]1CCCCN1C(=O)CCS(=O)(=O)c1ccc2c(c1)n(C)c(=O)c(=O)n2C,PPVKVTSQNUSNGV-ZDUSSCGKSA-N,407.1514919,0.8020000000000007,C[C@H]1CCCCN1C(=O)CCS(=O)(=O)c1ccc2c(c1)n(C)c(=O)c(=O)n2C,BRD-A02708911,1.075097637,1.027273074,1.051185355,
37604125,CC(C)CNC(=O)C[C@H]1NCCNC1=O,CZYPPMNLYXXEOD-MRVPVSSYSA-N,213.147726848,-0.763299999999999,CC(C)CNC(=O)C[C@H]1NCCNC1=O,BRD-A02724391,1.13749602,0.739635007,0.938565513,
10415716,Cc1cc(S(=O)(=O)N2CCCO[C@@H]2CNC(=O)C(=O)NCc2ccncc2)ccc1F,MMUCBVBLSBDEPU-GOSISDBHSA-N,450.1373190560001,0.6988200000000008,Cc1cc(S(=O)(=O)N2CCCO[C@@H]2CNC(=O)C(=O)NCc2ccncc2)ccc1F,BRD-A02849702,1.062885832,1.222188154,1.142536993,
30670349,CO[C@@]1(C(=O)NN)COc2ccccc2O1,OEHXYEPGCQALMS-JTQLQIEISA-N,224.079706864,-0.2096,CO[C@@]1(C(=O)NN)COc2ccccc2O1,BRD-A02886970,0.956197497,0.865145224,0.910671361,
73461177,Cc1ccc(NC2=CC(=O)C[C@H](c3ccc(Cl)cc3)C2)cc1,BWPXHLQDZDKORO-OAHLLOKOSA-N,311.107691876,5.090920000000004,Cc1ccc(NC2=CC(=O)C[C@H](c3ccc(Cl)cc3)C2)cc1,BRD-A03438922,0.900836566,1.124133108,1.012484837,
91182080,Cc1cn2c(nc1=O)O[C@@H]1C[C@H]2O[C@@H]1CO,JCSNHEYOIASGKU-BWZBUEFSSA-N,224.079706864,-0.40748000000000023,Cc1cn2c(nc1=O)O[C@@H]1C[C@H]2O[C@@H]1CO,BRD-A03527514,0.975393663,1.072095302,1.023744483,
58360158,CC(C)(CO)NC(=S)NC[C@H]1CCCO1,URSMHQSTKNWENZ-MRVPVSSYSA-N,232.12454888,0.40039999999999965,CC(C)(CO)NC(=S)NC[C@H]1CCCO1,BRD-A03877259,1.043182822,1.27914937,1.161166096,
19904358,C/C=C(\C)C(=O)O[C@H]1C[C@@H](OC(C)=O)[C@@]2(C(=O)OC)CO[C@H]3[C@@H](O)[C@@](C)([C@]45O[C@@]4(C)[C@H]4C[C@@H]5O[C@H]5OC=C[C@@]54O)[C@H]4[C@]1(CO[C@]4(O)C(=O)OC)[C@@H]32,FTNJWQUOZFUQQJ-IFDCUORASA-N,720.262935328,-0.2030999999999945,C/C=C(\C)C(=O)O[C@H]1C[C@@H](OC(C)=O)[C@@]2(C(=O)OC)CO[C@H]3[C@@H](O)[C@@](C)([C@]45O[C@@]4(C)[C@H]4C[C@@H]5O[C@H]5OC=C[C@]45O)[C@@H]4[C@@](O)(C(=O)OC)OC[C@@]14[C@@H]32,BRD-A03898562,1.035979848,0.956681712,0.99633078,
10615940,N[C@@H](CC(=O)O)c1cccc(O)c1,NYHNEKBZZXSUNO-QMMMGPOBSA-N,181.073893212,0.8666999999999998,N[C@@H](CC(=O)O)c1cccc(O)c1,BRD-A04246704,1.070226461,0.890573756,0.980400109,
23842634,C[C@@H](N)Cc1cccc(O)c1,WTDGMHYYGNJEKQ-SSDOTTSWSA-N,151.099714036,1.2819,C[C@@H](N)Cc1cccc(O)c1,BRD-A04447196,0.82474152,1.102843524,0.963792522,
11170697,Cn1c(=O)c2c(ncn2C[C@@H](O)COc2ccccc2)n(C)c1=O,SVQWZYOQSZOPLF-LLVKDONJSA-N,330.132805056,-0.12640000000000118,Cn1c(=O)c2c(ncn2C[C@@H](O)COc2ccccc2)n(C)c1=O,BRD-A04529732,1.054339894,1.290705178,1.172522536,
27190323,COc1ccc([C@@H]([C@H](Cc2ccccc2)OC(C)=O)N2C[C@@H](OC(C)=O)[C@H]3C(=NO[C@@H]3c3ccccc3)[C@@H]2Cc2ccccc2)cc1,FBHNYCXLYMLLIB-LMRVLPBBSA-N,632.2886369999999,6.513000000000008,COc1ccc([C@@H]([C@H](Cc2ccccc2)OC(C)=O)N2C[C@@H](OC(C)=O)[C@H]3C(=NO[C@@H]3c3ccccc3)[C@@H]2Cc2ccccc2)cc1,BRD-A04761021,1.155983373,1.395503523,1.275743448,
30585234,Fc1ccccc1[C@H]1Nc2ccc3ccccc3c2[C@H]2C=CC[C@@H]21,AYIPFKKBJMBCJJ-HOIFWPIMSA-N,315.14232779599996,5.805400000000004,Fc1ccccc1[C@H]1Nc2ccc3ccccc3c2[C@H]2C=CC[C@@H]21,BRD-A05321950,1.302300395,1.118953479,1.210626937,
69411811,O=C(O)CSCC(=O)N[C@H]1CCSC1=O,QGFORSXNKQLDNO-YFKPBYRVSA-N,249.012949832,-0.047499999999999876,O=C(O)CSCC(=O)N[C@H]1CCSC1=O,BRD-A05515753,0.831659379,0.839658491,0.835658935,
27511184,N[C@@H](Cn1ccnc1)c1ccccc1,NYQHWEIQMDYXSR-NSHDSACASA-N,187.110947416,1.5831,N[C@@H](Cn1ccnc1)c1ccccc1,BRD-A05598872,1.008405125,1.06538064,1.036892883,
11323538,CC(=O)OC[C@H]1O[C@H](n2ccc(=O)[nH]c2=O)[C@@H](OC(C)=O)[C@@H]1OC(C)=O,AUFUWRKPQLGTGF-ZZVYKPCYSA-N,370.10123015599993,-1.1394999999999988,CC(=O)OC[C@H]1O[C@H](n2ccc(=O)[nH]c2=O)[C@@H](OC(C)=O)[C@@H]1OC(C)=O,BRD-A05825277,1.036498159,1.080591989,1.058545074,
19200350,CC(C)CCC[C@@H](C)[C@H]1CC[C@@]2(C)C3=C(CC[C@]12C)[C@@]1(C)CC[C@H](OC(=O)CCl)C(C)(C)[C@@H]1CC3,OYSCFIAINMMGDF-NFOHWCJDSA-N,504.37340861599995,9.348700000000001,CC(C)CCC[C@@H](C)[C@H]1CC[C@@]2(C)C3=C(CC[C@]12C)[C@@]1(C)CC[C@H](OC(=O)CCl)C(C)(C)[C@@H]1CC3,BRD-A05843630,0.988391733,1.138296221,1.063343977,
51092252,N[C@H](C(=O)O)[C@@H](OCc1ccccc1)C(=O)O,BYOBCYXURWDEDS-DTWKUNHWSA-N,239.079372516,0.06829999999999953,N[C@H](C(=O)O)[C@@H](OCc1ccccc1)C(=O)O,BRD-A05874290,0.972728505,0.962640892,0.967684698,
84303041,NC[C@H](c1ccncc1)c1ccc[nH]1,NVGDTKNLXDPTID-SNVBAGLBSA-N,187.110947416,1.5003000000000002,NC[C@H](c1ccncc1)c1ccc[nH]1,BRD-A05919751,0.910833538,0.904525482,0.90767951,
11160114,CCCN1C(=O)C[C@@H](N2CCOCC2)C1=O,GLONYUXZWKJOBJ-SECBINFHSA-N,226.131742436,-0.14390000000000036,CCCN1C(=O)C[C@@H](N2CCOCC2)C1=O,BRD-A06306608,1.112357394,0.926865409,1.019611402,
12743386,Nc1ncn(C[C@@H](O)CO)c2nc(Br)nc1-2,QZIKZBIVOAVHHZ-SCSAIBSYSA-N,287.00178666,-0.5242,Nc1ncn(C[C@@H](O)CO)c2nc(Br)nc1-2,BRD-A06356557,1.057686581,0.822237792,0.939962187,
31597050,O=C(O[C@H]1[C@H](O)[C@@H](CO)O[C@H](c2c(O)cc(O)c(C(=O)c3ccc(O)cc3)c2O)[C@H]1OC(=O)c1cc(O)c(O)c(O)c1)c1cc(O)c(O)c(O)c1,TWYDHLAQCLILFT-QUCIIVPNSA-N,712.127564056,1.2178999999999987,O=C(O[C@H]1[C@H](O)[C@@H](CO)O[C@H](c2c(O)cc(O)c(C(=O)c3ccc(O)cc3)c2O)[C@H]1OC(=O)c1cc(O)c(O)c(O)c1)c1cc(O)c(O)c(O)c1,BRD-A06387718,1.000139993,1.106588571,1.053364282,
10965375,CCOC(=O)[C@H]1CC(CC2OCCO2)=NO1,RVLPYMFXZAEIJO-MRVPVSSYSA-N,229.09502258,0.4573999999999998,CCOC(=O)[C@H]1CC(CC2OCCO2)=NO1,BRD-A06401864,1.12203913,0.919579858,1.020809494,
53240429,CCOC(=O)[C@@H](N)Cc1ccccc1,CJGXMNONHNZEQQ-JTQLQIEISA-N,193.11027872,1.1194999999999997,CCOC(=O)[C@@H](N)Cc1ccccc1,BRD-A06475750,1.043286904,0.9208926,0.982089752,
48565539,COC(=O)[C@H](Cc1ccccc1)N1CC2=C[C@@H]([C@@H](O)CCn3cc(-c4ccc(C(=O)NO)s4)nn3)n3c(=O)n(C)c(=O)n3[C@@H]2[C@@H](C2CC2)O1,ATGKZJGPWZBKBE-UNIGOUJVSA-N,692.237681112,1.071000000000001,COC(=O)[C@H](Cc1ccccc1)N1CC2=C[C@@H]([C@@H](O)CCn3cc(-c4ccc(C(=O)NO)s4)nn3)n3c(=O)n(C)c(=O)n3[C@@H]2[C@@H](C2CC2)O1,BRD-A06914641,1.19544923,1.388426024,1.291937627,
10491335,CC(=O)O[C@H]1C[C@@]2(C)[C@@H](C[C@@H](O)[C@@H]3[C@@]4(C)CC[C@@H](O)[C@@H](C)[C@@H]4CC[C@@]32C)/C1=C(/CCC=C(C)C)C(=O)O,IECPWNUMDGFDKC-YOANVERMSA-N,516.3450892559999,5.6661000000000055,CC(=O)O[C@H]1C[C@@]2(C)[C@@H](C[C@@H](O)[C@@H]3[C@@]4(C)CC[C@@H](O)[C@@H](C)[C@@H]4CC[C@@]32C)/C1=C(/CCC=C(C)C)C(=O)O,BRD-A06935312,0.527812361,0.386764247,0.457288304,
19985540,COc1ccc([C@H]([C@H](Cc2ccccc2)OC(C)=O)N(C[C@H](/C=C/c2ccccc2)CC(=O)N(C)C)[C@@H](Cc2ccccc2)C(OC)OC)cc1,HADJSJKCXSNANQ-SZPXRBHTSA-N,692.3825373840001,7.250800000000009,COc1ccc([C@H]([C@H](Cc2ccccc2)OC(C)=O)N(C[C@H](/C=C/c2ccccc2)CC(=O)N(C)C)[C@@H](Cc2ccccc2)C(OC)OC)cc1,BRD-A06969823,1.204986451,1.046345893,1.125666172,
26310619,CNC[C@@H](O)c1cccc(O)c1,SONNWYBIRXJNDC-SECBINFHSA-N,167.094628656,0.645,CNC[C@@H](O)c1cccc(O)c1,BRD-A07203962,1.068321405,1.011830557,1.040075981,
10809612,NCC[C@@H](Cc1ccccc1)c1ccc2c(c1)OCO2,VOIZDQSLTVNUIJ-HNNXBMFYSA-N,269.141578848,3.0904000000000016,NCC[C@@H](Cc1ccccc1)c1ccc2c(c1)OCO2,BRD-A07324678,0.990134094,0.974727189,0.982430642,
60546263,CSCC[C@H]1NC(=O)NC1=O,SBKRXUMXMKBCLD-SCSAIBSYSA-N,174.04629856,-0.0525000000000001,CSCC[C@H]1NC(=O)NC1=O,BRD-A07337881,0.963114517,1.055638961,1.009376739,
94823439,O=C(O)CC[C@H]1CCC(=O)N1,CSBJIXVKDCZBPF-RXMQYKEDSA-N,157.073893212,0.12979999999999997,O=C(O)CC[C@H]1CCC(=O)N1,BRD-A07763468,0.939296762,1.005851394,0.972574078,
27780371,O=C(O)[C@H]1CCS(=O)(=O)C1,ASRQWTBGINUTIX-BYPYZUCNSA-N,164.014329736,-0.49429999999999974,O=C(O)[C@H]1CCS(=O)(=O)C1,BRD-A08081970,1.286597214,0.963486391,1.125041803,
64170207,N[C@H](c1ccc2c(c1)OCCO2)c1ccco1,MDZMAVNONYUYSJ-CYBMUJFWSA-N,231.089543276,2.0989,N[C@H](c1ccc2c(c1)OCCO2)c1ccco1,BRD-A08545227,0.935146229,1.052646355,0.993896292,
15964400,CC(C)C[C@@H](NC(=O)[C@@H](C)N)C(=O)O,RDIKFPRVLJLMER-RNFRBKRXSA-N,202.131742436,-0.05089999999999972,CC(C)C[C@@H](NC(=O)[C@@H](C)N)C(=O)O,BRD-A08636822,1.017226853,0.833031748,0.9251293,
54866432,CCNC(=O)CC[C@@H](N)C(=O)O,DATAGRPVKZEWHA-RXMQYKEDSA-N,174.100442308,-0.6853999999999989,CCNC(=O)CC[C@@H](N)C(=O)O,BRD-A08715367,0.893462,1.121756499,1.00760925,
90589766,O=P(/N=C1/CC(CCCO)=C[C@@H](C2CC2)N1Cc1cccc(OC(F)(F)F)c1)(Oc1ccccc1)Oc1ccccc1,NGQWJSWNKYCNNZ-LJAQVGFWSA-N,600.2000934139999,7.933000000000008,O=P(/N=C1/CC(CCCO)=C[C@@H](C2CC2)N1Cc1cccc(OC(F)(F)F)c1)(Oc1ccccc1)Oc1ccccc1,BRD-A08821972,0.576199554,0.646925685,0.61156262,
74860749,CN(C)CCCN1C(=O)[C@@H]2[C@@H](C1=O)[C@@H]1C=C[C@@H]2C1,YBSFRRLURISYLP-WYUUTHIRSA-N,248.15247788,0.7451999999999999,CN(C)CCCN1C(=O)[C@H]2[C@@H]3C=C[C@H](C3)[C@@H]2C1=O,BRD-A09414658,0.7190139,1.110146994,0.914580447,
33968400,CCSC1=C(C#N)C(=O)N[C@@H](CO)S1,SGSRAQKCEJCEQY-ZCFIWIBFSA-N,230.01836956,0.65608,CCSC1=C(C#N)C(=O)N[C@@H](CO)S1,BRD-A09476425,1.028678638,1.009129028,1.018903833,
10490143,NC[C@H](c1ccco1)N1CCN(c2ccc(F)cc2)CC1,PDSBJTSTEGFSPO-OAHLLOKOSA-N,289.15904048,2.2407000000000004,NC[C@H](c1ccco1)N1CCN(c2ccc(F)cc2)CC1,BRD-A09846852,1.027868458,1.05166293,1.039765694,
89123512,CC(=O)N1c2ccccc2C2=NNC(=S)N[C@]21O,SUPPGHRYZFAMEH-LLVKDONJSA-N,262.05244656,-0.11899999999999983,CC(=O)N1c2ccccc2C2=NNC(=S)N[C@]21O,BRD-A09970240,0.927847464,1.082053609,1.004950537,
10073123,NNC(=O)[C@@H]1C(c2ccccc2)[C@H]1C(=O)NN,VOUQHYYGUTYYKN-RKDXNWHRSA-N,234.111675688,-1.0039999999999993,NNC(=O)[C@@H]1C(c2ccccc2)[C@H]1C(=O)NN,BRD-A09994978,0.955707484,1.034332647,0.995020065,
99309717,Nc1ncnc2c1ncn2[C@H]1O[C@H](COP(=O)(O)O)[C@@H](O)[C@H]1O,UDMBCSSLTHHNCD-CRKDRTNXSA-N,347.0630844179999,-1.8630000000000009,Nc1ncnc2c1ncn2[C@H]1O[C@H](COP(=O)(O)O)[C@@H](O)[C@H]1O,BRD-A10111329,1.019925971,0.979257631,0.999591801,
11138942,CC(C)(C)OC(=O)N[C@H]1CCC(=O)NC1=O,TUGRLMXVKASPTN-LURJTMIESA-N,228.111006992,0.31629999999999986,CC(C)(C)OC(=O)N[C@H]1CCC(=O)NC1=O,BRD-A10203523,1.018732541,0.970890964,0.994811753,
87110851,COC(=O)C[C@@H]1C(=O)NCCN1C(=O)NS(=O)(=O)c1ccc(C)cc1,RBCGWNREHDFEAJ-GFCCVEGCSA-N,369.09945632800003,-0.24317999999999862,COC(=O)C[C@@H]1C(=O)NCCN1C(=O)NS(=O)(=O)c1ccc(C)cc1,BRD-A10232432,1.107566425,1.112556811,1.110061618,
10834596,[N-]=[N+]=Nc1ccccc1[C@@H]1OC(c2ccc(OCCCO)cc2)=N[C@]1(Cc1ccccc1)C(=O)NC[C@@H](O)CO,JAEHKPFLNDKFQD-DVTKYRPYSA-N,545.227433712,3.358600000000003,[N-]=[N+]=Nc1ccccc1[C@@H]1OC(c2ccc(OCCCO)cc2)=N[C@]1(Cc1ccccc1)C(=O)NC[C@@H](O)CO,BRD-A10430424,0.874410562,0.72785805,0.801134306,
10171043,N[C@H]1[C@H](CCCCC(=O)O)SC[C@@H]1N,JKNCSZDPWAVQAI-ACLDMZEESA-N,218.108898816,0.40140000000000003,N[C@H]1CS[C@@H](CCCCC(=O)O)[C@@H]1N,BRD-A10468539,1.050192913,0.942773063,0.996482988,
97109969,Cc1cc([C@@H](O)CCCN)ccc1F,HLJJDHJERDOKOP-NSHDSACASA-N,197.121592352,1.90642,Cc1cc([C@@H](O)CCCN)ccc1F,BRD-A10596377,1.039307719,1.01383131,1.026569514,
15741046,NC(=O)N1C(=O)[C@H]2[C@H](C1=O)[C@H]1C=C(CCCO)[C@@H]2[C@H](c2cccs2)N1Cc1cc2c(cc1Br)OCO2,ZAYSBKSZOGQXPT-ZYXNFWPYSA-N,573.056918588,3.1734000000000018,NC(=O)N1C(=O)[C@H]2[C@H](C1=O)[C@@H]1C(CCCO)=C[C@H]2N(Cc2cc3c(cc2Br)OCO3)[C@H]1c1cccs1,BRD-A10986341,1.209428547,0.895515597,1.052472072,
77377247,O=C1NC(=O)[C@@]2(CC[C@H](C(=O)O)C2)N1,IDLOULSKJDVSKX-NVNXEXLPSA-N,198.0640568,-0.5507000000000002,O=C1NC(=O)[C@@]2(CC[C@H](C(=O)O)C2)N1,BRD-A11021715,0.961440626,1.050918797,1.006179711,
24477115,OCc1cc(O)c2c(O)c3c(O)cccc3c(O[C@@H]3O[C@H](CO)[C@@H](O)[C@H](O)[C@H]3O)c2c1,XMCJWIFCIIXRGI-AQZWWPQGSA-N,434.1212969039999,-0.2192000000000005,OCc1cc(O)c2c(O)c3c(O)cccc3c(O[C@@H]3O[C@H](CO)[C@@H](O)[C@H](O)[C@H]3O)c2c1,BRD-A11470109,0.953589449,1.038958582,0.996274015,
89997722,Nn1c([C@@H](O)c2ccccc2)n[nH]c1=S,XHCVHSNPTGGXAP-ZETCQYMHSA-N,222.05753194,0.7361899999999999,Nn1c([C@@H](O)c2ccccc2)n[nH]c1=S,BRD-A11620549,0.849712242,1.053798452,0.951755347,
23929564,NC(=O)N1C(=O)[C@H]2[C@H](C1=O)[C@H]1C=C(c3ccc(CO)cc3)[C@@H]2[C@@H](C2CC2)N1Cc1cc2c(cc1Br)OCO2,FHXZYAJDAKQREQ-BHEUDDMMSA-N,579.1004976520001,3.026200000000001,NC(=O)N1C(=O)[C@H]2[C@H](C1=O)[C@@H]1C(c3ccc(CO)cc3)=C[C@H]2N(Cc2cc3c(cc2Br)OCO3)[C@@H]1C1CC1,BRD-A11731480,1.14479143,0.870559086,1.007675258,
47701700,O=C(O)[C@H]1C[C@H](O)CN1Cc1ccccc1,OLILHOGNIHPBCP-WDEREUQCSA-N,221.10519334,0.7063999999999995,O=C(O)[C@H]1C[C@H](O)CN1Cc1ccccc1,BRD-A12211670,1.095249061,1.160173275,1.127711168,
97027967,C[C@@]1(N)CCCC[C@@H]1C(=O)O,QGQOGLOVEDHNKE-HTRCEHHLSA-N,157.11027872,0.9786000000000001,C[C@@]1(N)CCCC[C@@H]1C(=O)O,BRD-A12450775,0.968623372,0.893408985,0.931016178,
87674866,C=CCON1C(=O)[C@@H]2[C@@H](C1=O)[C@@H]1C=C[C@@H]2O1,ABLBQJIQVCPNKL-JBDRJPRFSA-N,221.068807832,0.04239999999999977,C=CCON1C(=O)[C@H]2[C@@H]3C=C[C@H](O3)[C@@H]2C1=O,BRD-A12543328,1.024514539,0.908779134,0.966646836,
13611992,CC(C)CN1C(=O)C[C@@H](N2CCOCC2)C1=O,SJIMBKYHFXIUBX-SNVBAGLBSA-N,240.1473925,0.10209999999999964,CC(C)CN1C(=O)C[C@@H](N2CCOCC2)C1=O,BRD-A12674285,0.919051829,1.03828299,0.978667409,
11282219,CCOC(=O)[C@H](C(C)=O)[C@H]1CCS(=O)(=O)C1,WINWJOBODCLFQL-DTWKUNHWSA-N,248.071844612,0.1894,CCOC(=O)[C@H](C(C)=O)[C@H]1CCS(=O)(=O)C1,BRD-A13133499,1.183711952,0.918916561,1.051314256,
22078725,CC(N)(Cc1cccc(O)c1)C(=O)O,CAHPJJJZLQXPKS-UHFFFAOYSA-N,195.089543276,0.7367000000000001,CC(N)(Cc1cccc(O)c1)C(=O)O,BRD-A13149548,1.138520437,1.055183011,1.096851724,
20637302,CNC(=O)[C@H]1Cc2ccccc2N1C(=O)COC,SMQRWATWTLZWHI-LLVKDONJSA-N,248.116092372,0.33669999999999956,CNC(=O)[C@H]1Cc2ccccc2N1C(=O)COC,BRD-A13347637,1.156302689,0.653708223,0.905005456,
62449184,CC(C)C[C@@H](NS(=O)(=O)c1ccc2[nH]c(=O)c(=O)[nH]c2c1)C(=O)O,NXESQNUJANVCGE-LLVKDONJSA-N,355.083806264,-0.005999999999998673,CC(C)C[C@@H](NS(=O)(=O)c1ccc2[nH]c(=O)c(=O)[nH]c2c1)C(=O)O,BRD-A13388194,1.135616646,1.191976777,1.163796712,
55893896,C[C@@H](CCO)Nc1nc2c([nH]1)c(=O)n(C)c(=O)n2C,LYTOOHQSSFBCFT-LURJTMIESA-N,267.133139404,-0.8568999999999991,C[C@@H](CCO)Nc1nc2c([nH]1)c(=O)n(C)c(=O)n2C,BRD-A13391658,0.865633033,1.008345128,0.93698908,
78974768,O=C(Nc1ccn([C@H]2O[C@H](CO)[C@@H](O)[C@@H]2O)c(=O)n1)c1ccccc1,BNXBRFDWSPXODM-PBOSXPJTSA-N,347.11173526400006,-0.8929,O=C(Nc1ccn([C@H]2O[C@H](CO)[C@@H](O)[C@@H]2O)c(=O)n1)c1ccccc1,BRD-A13899224,1.125275977,0.945666904,1.035471441,
28935208,COc1cccc([C@@H](N)c2ccccc2)c1,LIDXQEPVXSQPEE-AWEZNQCLSA-N,213.1153641,2.7433000000000014,COc1cccc([C@@H](N)c2ccccc2)c1,BRD-A14049050,1.063568764,0.868984847,0.966276805,
21416716,C[C@@H](N)c1cnn(-c2ccc(F)cc2)c1,ADCLBVAKXCZNJM-MRVPVSSYSA-N,205.101525604,2.0311,C[C@@H](N)c1cnn(-c2ccc(F)cc2)c1,BRD-A14484506,1.217100273,0.833032809,1.025066541,
12315895,CO[C@H]1O[C@H](CO)C(=O)C(=O)[C@@H]1N,AXSFNVZJIUMWMR-FPGMHGEDSA-N,189.063722452,-2.184499999999999,CO[C@H]1O[C@H](CO)C(=O)C(=O)[C@@H]1N,BRD-A14589939,0.943273985,0.989890868,0.966582426,
22374628,CNC(=O)C(=O)NC[C@H]1OCCN1S(=O)(=O)c1ccccc1,JDYYFLJPBQRAOA-LLVKDONJSA-N,327.088891644,-1.1041999999999978,CNC(=O)C(=O)NC[C@H]1OCCN1S(=O)(=O)c1ccccc1,BRD-A14803516,0.811181461,0.953342759,0.88226211,
73752611,Cc1ccc(-c2noc([C@H](C)c3ccc(CC(C)C)cc3)n2)cc1,FQJBQIRXBRNFFY-MRXNPFEDSA-N,320.188863388,5.395320000000005,Cc1ccc(-c2noc([C@H](C)c3ccc(CC(C)C)cc3)n2)cc1,BRD-A15103193,1.055327597,0.873353142,0.964340369,
19827291,C[C@H]1NC(=O)N[C@@H]1CCCCC(=O)O,BMKOIKZGCPRUSI-RNFRBKRXSA-N,200.116092372,0.7013,C[C@H]1NC(=O)N[C@@H]1CCCCC(=O)O,BRD-A15178272,0.729723796,1.092898827,0.911311312,
71603871,C[C@@H](SC(=S)N1CCOCC1)C(=O)O,RABIBPKBSIYLFA-ZCFIWIBFSA-N,235.033685276,0.8097999999999999,C[C@@H](SC(=S)N1CCOCC1)C(=O)O,BRD-A15234886,0.673245196,0.914535817,0.793890506,
75967344,COC(=O)c1cc(=O)nc2n1[C@H]1O[C@H](CO)[C@H](O)[C@H]1O2,GHWRPIWERNQUAK-JYFAAPFMSA-N,284.064450724,-1.9584999999999992,COC(=O)c1cc(=O)nc2n1[C@H]1O[C@H](CO)[C@H](O)[C@H]1O2,BRD-A15276725,1.148245177,0.915012084,1.031628631,
34037230,CC(=O)N1CCCC[C@]12CCNC2,ZWLZSAJGZZZWHE-SNVBAGLBSA-N,182.141913196,0.7508999999999999,CC(=O)N1CCCC[C@]12CCNC2,BRD-A15473117,1.175479789,1.261630948,1.218555369,
47571160,CCOC(=O)[C@H]1CSCCN1,PGSDSYPPZAPZCW-ZCFIWIBFSA-N,175.066699656,0.2544999999999998,CCOC(=O)[C@H]1CSCCN1,BRD-A15578230,1.0196787,0.943552529,0.981615614,
64318651,O=C(CCCCCNC(=O)OCCCCO[C@H]1C[C@H]2C(I)=C[C@@H]1C(=O)[C@]21CCCO1)NO,XRBJJYVLSWEFIZ-LYNVYRENSA-N,564.133249396,3.0307000000000004,O=C(CCCCCNC(=O)OCCCCO[C@H]1C[C@H]2C(I)=C[C@@H]1C(=O)[C@]21CCCO1)NO,BRD-A15742612,0.83372779,0.941614529,0.88767116,
10318346,CC(=O)O[C@@H]1[C@H](OC(C)=O)N(C)C(=O)N1C,CJPKVVXKFYKNAU-OCAPTIKFSA-N,230.090271548,-0.238,CC(=O)O[C@H]1[C@@H](OC(C)=O)N(C)C(=O)N1C,BRD-A15824369,1.003147133,1.100582593,1.051864863,
97290931,C/C=C1\[C@@H](O[C@H]2O[C@@H](CO)[C@@H](O)[C@@H](O)[C@@H]2O)OC=C(C(=O)OC)[C@H]1CC(=O)OC[C@H]1[C@H](C)[C@H](OC(=O)C[C@@H]2C(C(=O)OC)=CO[C@H](O[C@H]3O[C@@H](CO)[C@@H](O)[C@@H](O)[C@@H]3O)/C2=C\C)C[C@@H]1[C@H](CO)COC(=O)C[C@@H]1C(C(=O)OC)=CO[C@@H](O[C@H]2O[C@@H](CO)[C@@H](O)[C@@H](O)[C@@H]2O)/C1=C\C,PCMFSBCRKKRDDK-GJOPKQGHSA-N,1362.5000498319996,-4.587800000000003,C/C=C1\[C@H](O[C@H]2O[C@@H](CO)[C@@H](O)[C@@H](O)[C@@H]2O)OC=C(C(=O)OC)[C@H]1CC(=O)OC[C@@H](CO)[C@H]1C[C@@H](OC(=O)C[C@@H]2C(C(=O)OC)=CO[C@H](O[C@H]3O[C@@H](CO)[C@@H](O)[C@@H](O)[C@@H]3O)/C2=C\C)[C@@H](C)[C@@H]1COC(=O)C[C@@H]1C(C(=O)OC)=CO[C@H](O[C@H]2O[C@@H](CO)[C@@H](O)[C@@H](O)[C@@H]2O)/C1=C\C,BRD-A15907179,1.047026924,1.010737377,1.02888215,
58163443,C[N+](C)(C)[C@@H]1[C@H]2OC[C@H](O)[C@H]2O[C@@H]1O,JWGSLHUUFGFOCS-CBHQDSPSSA-N,204.12303447609,-1.4618999999999984,C[N+](C)(C)[C@H]1[C@@H](O)O[C@@H]2[C@@H](O)CO[C@@H]21,BRD-A16113914,1.104911776,1.114675499,1.109793637,
35143002,Cn1cc([C@@H](O)c2ccccc2)[n+](C)c1,YAMHOTQENCUSNQ-LBPRGKRZSA-N,203.11788952009,0.9313,Cn1cc([C@@H](O)c2ccccc2)[n+](C)c1,BRD-A16145984,0.88623821,0.977218617,0.931728414,
65285598,C[C@@H](O)CNC(=O)C(=O)NC(C)(C)C,MKIQFTVCGINPFE-ZCFIWIBFSA-N,202.131742436,-0.6018999999999999,C[C@@H](O)CNC(=O)C(=O)NC(C)(C)C,BRD-A16344910,1.059160541,0.765594461,0.912377501,
11193240,C[C@@H](N)CCc1ccc(Br)cc1,CVIOYLYCNCWKGX-MRVPVSSYSA-N,227.030961548,2.728900000000001,C[C@@H](N)CCc1ccc(Br)cc1,BRD-A16375991,0.891468043,1.014406933,0.952937488,
46386612,O[C@H]1C2CN3CCN(C2)CC1(c1ccccc1)C3,MNRUFFKCDYALGA-BLZCZZARSA-N,244.15756326,0.5463,O[C@H]1C2CN3CCN(C2)CC1(c1ccccc1)C3,BRD-A16563714,0.888664431,0.999110633,0.943887532,
77533578,CN(CP(=O)(O)CN1CCOCC1)S(C)(=O)=O,ZPZGQNJUVWUQFT-UHFFFAOYSA-N,286.07522933800004,-0.6045999999999996,CN(CP(=O)(O)CN1CCOCC1)S(C)(=O)=O,BRD-A16808845,1.087923262,0.861284462,0.974603862,
39883032,C[C@@]12CC[C@@H]3[C@@](COC(=O)c4ccccc4)(O[C@@H]4O[C@H](CO)[C@@H](O)[C@H](O)[C@H]4O)[C@H](O1)O[C@]3(O)C2,DBUHUWAIMGXDHQ-QIJGWDRWSA-N,482.1788117799998,-0.9673999999999991,C[C@@]12CC[C@@H]3[C@@](COC(=O)c4ccccc4)(O[C@@H]4O[C@H](CO)[C@@H](O)[C@H](O)[C@H]4O)[C@H](O1)O[C@]3(O)C2,BRD-A17760460,0.895886267,1.008960106,0.952423187,
64456614,N#C[C@H](NCCO)c1ccc(F)cc1,VMGQMKWUDGDHNT-JTQLQIEISA-N,194.085541192,0.97228,N#C[C@H](NCCO)c1ccc(F)cc1,BRD-A18028012,0.853613546,1.004618324,0.929115935,
70763332,C[C@@H](Sc1nc2ncnc(N)c2[nH]1)C(=O)O,UJWQVAHCSWZSHX-GSVOUGTGSA-N,239.047695528,0.5003000000000001,C[C@@H](Sc1nc2ncnc(N)c2[nH]1)C(=O)O,BRD-A18106607,0.834401881,1.006692164,0.920547023,
92866342,Cc1cc(=O)oc2cc(O[C@H]3O[C@@H](CO)[C@@H](O)[C@@H](O)[C@@H]3O)ccc12,YUDPTGPSBJVHCN-AMMHQNNLSA-N,338.10016753599996,-0.7198800000000007,Cc1cc(=O)oc2cc(O[C@H]3O[C@@H](CO)[C@@H](O)[C@@H](O)[C@@H]3O)ccc12,BRD-A18403956,0.99621376,1.035113183,1.015663472,
90065151,Nc1ncnc2c1c(I)cn2[C@H]1O[C@@H](CO)[C@@H](O)[C@@H]1O,WHSIXKUPQCKWBY-YRCUVVFSSA-N,391.9981528959999,-0.7703999999999998,Nc1ncnc2c1c(I)cn2[C@H]1O[C@@H](CO)[C@@H](O)[C@@H]1O,BRD-A18497530,0.546059125,0.782353781,0.664206453,
53958919,NNC(=O)CNC(=O)[C@H]1COc2ccccc2O1,CWXPVXSCEIWOFL-SECBINFHSA-N,251.090605896,-1.0674999999999997,NNC(=O)CNC(=O)[C@H]1COc2ccccc2O1,BRD-A19461054,1.058753564,1.044594891,1.051674228,
11383892,CN1CCc2cc([C@H](CN)N(C)C)ccc21,JEUGZIMGUVELSV-ZDUSSCGKSA-N,219.17354767199998,1.2403000000000006,CN1CCc2cc([C@H](CN)N(C)C)ccc21,BRD-A19645253,0.949046755,1.033050072,0.991048414,
56151362,CC[C@@H](CN)Cc1ccccc1,GGYONGNXNLXRAS-SNVBAGLBSA-N,163.136099544,2.2140000000000004,CC[C@@H](CN)Cc1ccccc1,BRD-A19786181,1.112297767,0.929383814,1.020840791,
81063492,C/N=C1\S[C@@H](CC(=O)NC(C)C)C(=O)N1C,CCPTZSNXZOMMRF-ZETCQYMHSA-N,243.104147784,0.4606999999999999,C/N=C1\S[C@@H](CC(=O)NC(C)C)C(=O)N1C,BRD-A19788915,1.044373929,0.898292227,0.971333078,
76417714,COP(=O)(/N=C1/CC(CCCO)=C[C@H](c2ccc(CN3CCCC3)cc2)N1Cc1sc2ccccc2c1Cl)OC,RLLKLFQYRBCQJM-AREMUKBSSA-N,601.193091974,7.5958000000000085,COP(=O)(/N=C1/CC(CCCO)=C[C@H](c2ccc(CN3CCCC3)cc2)N1Cc1sc2ccccc2c1Cl)OC,BRD-A19924828,1.208633397,0.901659903,1.05514665,
97766725,O[C@@H]1[C@@H](O)[C@H](OC/C=C/c2ccccc2)O[C@H](CO[C@@H]2OC[C@@H](O)[C@@H](O)[C@@H]2O)[C@H]1O,RINHYCZCUGCZAJ-LDNJQHKHSA-N,428.1682470959999,-2.0203999999999978,O[C@H]1[C@H](O)[C@@H](O)[C@H](OC/C=C/c2ccccc2)O[C@@H]1CO[C@@H]1OC[C@@H](O)[C@@H](O)[C@@H]1O,BRD-A20163956,1.145783971,1.007914916,1.076849444,
94269753,C[C@@H](N)c1cnn(-c2ccccc2F)c1,HCVXCUZUZSTSEE-MRVPVSSYSA-N,205.101525604,2.0311,C[C@@H](N)c1cnn(-c2ccccc2F)c1,BRD-A20234588,1.00712271,1.227023248,1.117072979,
93101404,NC[C@H]1CCN(c2ccc(Oc3ccccc3)cc2)C1,KSAYRSQZHOMJDQ-CQSZACIVSA-N,268.15756326,3.2639000000000022,NC[C@H]1CCN(c2ccc(Oc3ccccc3)cc2)C1,BRD-A20309731,1.020125233,0.935291475,0.977708354,
10525222,CN(C)[C@H]1CS(=O)(=O)C[C@@H]1N(C)C,WQELGJBOESPMNT-YUMQZZPRSA-N,206.108898816,-0.7247999999999981,CN(C)[C@H]1CS(=O)(=O)C[C@@H]1N(C)C,BRD-A20421779,0.897170537,0.848735555,0.872953046,
27048639,CC1=NN2C(=NN[C@@]2(C)c2ccccc2)NC1=O,ACHALIZFJFIQJB-GFCCVEGCSA-N,243.112010036,0.5412000000000001,CC1=NN2C(=NN[C@@]2(C)c2ccccc2)NC1=O,BRD-A20458069,1.001770772,0.732914494,0.867342633,
62349216,CC(C)N1C(=O)[C@@H]2[C@@H](C1=O)[C@@H]1C=C[C@@H]2O1,RUPYJKKEPSEMME-JBDRJPRFSA-N,207.089543276,0.3331999999999997,CC(C)N1C(=O)[C@H]2[C@@H]3C=C[C@H](O3)[C@@H]2C1=O,BRD-A20609856,1.036586554,0.823403856,0.929995205,
68585015,C=C(NC(=O)C(=C)NC(=O)c1csc(C2=N[C@@H]3c4csc(n4)[C@@H]4NC(=O)c5csc(n5)[C@H](C(C)(O)[C@@H](C)O)NC(=O)[C@H]5CSC(=N5)/C(=C/C)NC(=O)[C@H]([C@@H](C)O)NC(=O)c5csc(n5)[C@]3(CC2)NC(=O)[C@@H](C)NC(=O)C(=C)NC(=O)[C@@H](C)NC(=O)[C@@H]([C@H](C)CC)N[C@H]2C=Cc3c([C@@H](C)O)cc(nc3[C@@H]2O)C(=O)O[C@H]4C)n1)C(N)=O,NSFFHOGKXHRQEW-PUCSZWRUSA-N,1663.4923518799992,0.7739000000000107,C=C(NC(=O)C(=C)NC(=O)c1csc(C2=N[C@@H]3c4csc(n4)[C@@H]4NC(=O)c5csc(n5)[C@H](C(C)(O)[C@@H](C)O)NC(=O)[C@H]5CSC(=N5)/C(=C/C)NC(=O)[C@H]([C@@H](C)O)NC(=O)c5csc(n5)[C@]3(CC2)NC(=O)[C@@H](C)NC(=O)C(=C)NC(=O)[C@@H](C)NC(=O)[C@@H]([C@H](C)CC)N[C@H]2C=Cc3c([C@@H](C)O)cc(nc3[C@@H]2O)C(=O)O[C@H]4C)n1)C(N)=O,BRD-A20697603,1.093038339,0.805045153,0.949041746,
60170320,CC(=O)N[C@H]1C(=O)SC1(C)C,LFIQZXJVBJYDNW-YFKPBYRVSA-N,173.051049592,0.5431000000000001,CC(=O)N[C@H]1C(=O)SC1(C)C,BRD-A20851111,1.011743358,0.937951555,0.974847457,
18467288,CO[C@@H]1[C@@H](OC(=O)c2ccc(C)[nH]2)[C@@H](O)[C@@H](Oc2ccc3c(c2C)OC(=O)[C@H](NC(=O)c2[nH]cc(CC(=O)Nc4cc5ccc(O[C@@H]6OC(C)(C)[C@H](OC)[C@@H](OC(=O)c7ccc(C)[nH]7)[C@H]6O)c(C)c5oc4=O)c2C)C3)CC1(C)C,GNVSIUDBMQPSRC-CUWPFHGTSA-N,1091.4375456200003,5.654700000000006,CO[C@@H]1[C@@H](OC(=O)c2ccc(C)[nH]2)[C@@H](O)[C@@H](Oc2ccc3c(c2C)OC(=O)[C@H](NC(=O)c2[nH]cc(CC(=O)Nc4cc5ccc(O[C@@H]6OC(C)(C)[C@H](OC)[C@@H](OC(=O)c7ccc(C)[nH]7)[C@H]6O)c(C)c5oc4=O)c2C)C3)CC1(C)C,BRD-A20863183,0.325180692,0.14479816,0.234989426,
99520872,Nc1ncnc2c1nc(Br)n2[C@H]1O[C@H]2COP(=O)(O)O[C@@H]2[C@@H]1O,DVKQVRZMKBDMDH-GIMIYPNGSA-N,406.96303180199993,-0.054900000000000226,Nc1ncnc2c1nc(Br)n2[C@H]1O[C@H]2COP(=O)(O)O[C@@H]2[C@@H]1O,BRD-A20868259,1.034431712,1.229521266,1.131976489,
41069098,C[C@@H]1O[C@H](Oc2cc(O)c3c(=O)c(O[C@H]4O[C@H](CO)[C@H](O)[C@H](O)[C@@H]4O[C@@H]4O[C@H](C)[C@@H](O)[C@H](O)[C@@H]4O)c(-c4ccc(O)c(O)c4)oc3c2)[C@@H](O)[C@H](O)[C@@H]1O,WLPJMCCYDZFCBL-FVAFOBFQSA-N,756.2112936799999,-3.186399999999997,C[C@@H]1O[C@H](Oc2cc(O)c3c(=O)c(O[C@H]4O[C@H](CO)[C@H](O)[C@H](O)[C@@H]4O[C@@H]4O[C@H](C)[C@@H](O)[C@H](O)[C@@H]4O)c(-c4ccc(O)c(O)c4)oc3c2)[C@@H](O)[C@H](O)[C@@H]1O,BRD-A21131461,1.030219076,0.927888461,0.979053768,
47772253,COC(=O)C[C@@H](CN)c1ccc(Cl)cc1,WWCYOWKGBSCUIA-VIFPVBQESA-N,227.071306368,1.9453999999999996,COC(=O)C[C@@H](CN)c1ccc(Cl)cc1,BRD-A21170582,1.200976126,0.782759779,0.991867952,
98214241,Cc1cccc(N[C@H]2CS(=O)(=O)C[C@@H]2O)c1,DQYZGSUIDSLNGI-QWRGUYRKSA-N,241.07726434,0.5648199999999999,Cc1cccc(N[C@H]2CS(=O)(=O)C[C@@H]2O)c1,BRD-A21268821,0.984269712,1.221399764,1.102834738,
45802453,COCCCNC(=O)C[C@H]1SC(=N)NC1=O,QLOYSSXNPNFPRP-ZCFIWIBFSA-N,245.08341234,-0.30443000000000014,COCCCNC(=O)C[C@H]1SC(=N)NC1=O,BRD-A21343128,1.020323958,1.049602237,1.034963097,
10283502,CC[C@@H](CO)NC(=O)c1ccc(N)cc1,GAMWLCYIWNUQSS-JTQLQIEISA-N,208.121177752,0.7695000000000001,CC[C@@H](CO)NC(=O)c1ccc(N)cc1,BRD-A21402098,1.033840985,0.993780292,1.013810638,
97765725,COc1c(C)cccc1C(=O)N1CC[C@H](c2nn(CCN)c3ncccc23)C1,YQAOHUOPMFGTFK-HNNXBMFYSA-N,379.20082504000004,2.3367199999999997,COc1c(C)cccc1C(=O)N1CC[C@H](c2nn(CCN)c3ncccc23)C1,BRD-A21929102,0.948477509,0.96233267,0.95540509,
99574683,O[C@@H]1[C@@H]2C[C@H]3[C@H]1N[C@@H]1C[C@@H]2[C@@H]3[C@H]1O,SMBLQMUYHKLTGT-AYJCANOWSA-N,181.11027872,-0.6656000000000004,O[C@@H]1[C@H]2[C@H]3C[C@H]1N[C@@H]1[C@@H]2C[C@H]3[C@H]1O,BRD-A21938061,1.029876418,0.991865899,1.010871159,
18252717,CCOC(=O)[C@@H](N)[C@@H](O)c1ccccc1,RCUYHYDTFXMONZ-UWVGGRQHSA-N,209.10519334,0.6103999999999998,CCOC(=O)[C@@H](N)[C@@H](O)c1ccccc1,BRD-A22047002,1.085125912,0.99630283,1.040714371,
60121650,NCCn1nc([C@H]2CCN(C(=O)c3csc4c3CCCC4)C2)c2nccnc21,REXMLKCZYGGUEJ-ZDUSSCGKSA-N,396.17323038800004,2.3550000000000004,NCCn1nc([C@H]2CCN(C(=O)c3csc4c3CCCC4)C2)c2nccnc21,BRD-A22075226,0.998310842,0.879207092,0.938758967,
11560025,Nc1ccccc1C(=O)N[C@H]1CCCCNC1=O,LPKBXZPNZBXSNO-NSHDSACASA-N,247.132076784,0.6672999999999996,Nc1ccccc1C(=O)N[C@H]1CCCCNC1=O,BRD-A22090853,1.003266432,1.020657618,1.011962025,
58264128,CC[C@@H](Sc1n[nH]c(=O)[nH]c1=O)C(=O)O,NSXPNTAFBWHZPH-GSVOUGTGSA-N,231.031376768,-0.5865,CC[C@@H](Sc1n[nH]c(=O)[nH]c1=O)C(=O)O,BRD-A22111484,0.837502258,0.871191873,0.854347065,
95424427,CC[C@@]1(C)OC(=O)N(C)C1=O,VQASKUSHBVDKGU-SSDOTTSWSA-N,157.073893212,0.7637,CC[C@@]1(C)OC(=O)N(C)C1=O,BRD-A22128695,0.938681691,0.992841994,0.965761842,
20527273,CN(C)c1ccc([C@@H](CN)N2CCc3ccccc3C2)cc1,UHUGNEUVSCYPMH-LJQANCHMSA-N,295.20484780000004,2.8107000000000015,CN(C)c1ccc([C@@H](CN)N2CCc3ccccc3C2)cc1,BRD-A22142014,0.980523881,0.981046485,0.980785183,
10856960,Cc1cc(F)ccc1S(=O)(=O)N1CCCO[C@@H]1CNC(=O)C(=O)NCc1ccncc1,FNHQRROYIDAABT-GOSISDBHSA-N,450.137319056,0.6988200000000008,Cc1cc(F)ccc1S(=O)(=O)N1CCCO[C@@H]1CNC(=O)C(=O)NCc1ccncc1,BRD-A22350082,1.003521843,1.313765385,1.158643614,
25986527,COC(=O)[C@@H](C)N(C#N)c1nc(C)cc(C)n1,CLGIXXUWUYJXQO-SECBINFHSA-N,234.111675688,0.9424199999999999,COC(=O)[C@@H](C)N(C#N)c1nc(C)cc(C)n1,BRD-A22381679,0.987600086,1.145870897,1.066735491,
22132378,COc1ccc([C@H]([C@H](Cc2ccccc2)OC(C)=O)N(CC#C[C@@H](O)c2ccccc2)[C@@H](Cc2ccccc2)C(OC)OC)cc1,SVSUJCZMMXCZFF-WCTYMAGYSA-N,621.309038096,6.179900000000006,COc1ccc([C@H]([C@H](Cc2ccccc2)OC(C)=O)N(CC#C[C@@H](O)c2ccccc2)[C@@H](Cc2ccccc2)C(OC)OC)cc1,BRD-A22595471,1.057493425,1.074977832,1.066235628,
76345552,NC(=O)[C@H]1Cc2ccccc2N1,ATEDHUGCKSZDCP-MRVPVSSYSA-N,162.07931294,0.5084999999999993,NC(=O)[C@H]1Cc2ccccc2N1,BRD-A22686813,1.119134381,1.038486704,1.078810542,
30091970,O=C1C[C@@H]2C(=O)NCCN2C(NC(=O)c2ccccc2)=N1,XQICMNYUIMLPHZ-SNVBAGLBSA-N,286.106590308,-0.49689999999999857,O=C1C[C@@H]2C(=O)NCCN2C(NC(=O)c2ccccc2)=N1,BRD-A22687923,0.99419431,1.268090983,1.131142647,
10305156,CCOC(=O)[C@H]1CNC(=S)N[C@@]1(C)O,WAVOVHLBHSCHOB-XRGYYRRGSA-N,218.072513308,-0.6481000000000003,CCOC(=O)[C@H]1CNC(=S)N[C@@]1(C)O,BRD-A22796662,1.125836127,1.052996774,1.08941645,
23238552,Cn1c(=O)oc2cc(S(=O)(=O)N3CCC[C@H](C(=O)NN4CCOCC4)C3)ccc21,MISLVUGXYGMAHF-ZDUSSCGKSA-N,424.141655488,-0.10439999999999783,Cn1c(=O)oc2cc(S(=O)(=O)N3CCC[C@H](C(=O)NN4CCOCC4)C3)ccc21,BRD-A22821839,1.156131719,1.054497279,1.105314499,
34066468,NC1=N[C@H]2CS(=O)(=O)C[C@@H]2S1,XIMHBDOHPATAIR-IMJSIDKUSA-N,192.002719496,-0.7864999999999998,NC1=N[C@H]2CS(=O)(=O)C[C@@H]2S1,BRD-A22875291,0.993559383,0.969803086,0.981681234,
77492790,C=CC[C@H](Nc1ccccc1C)c1ccc(Cl)cc1,FHMGKWLFCRSMCU-KRWDZBQOSA-N,271.112777256,5.377720000000004,C=CC[C@H](Nc1ccccc1C)c1ccc(Cl)cc1,BRD-A22937867,1.054984418,1.17406799,1.114526204,
51179949,CN(C=O)CP(=O)(O)CN1CCCCC1,MIHUWVHVRNVIAO-UHFFFAOYSA-N,234.11332909799998,0.7458999999999996,CN(C=O)CP(=O)(O)CN1CCCCC1,BRD-A22992002,1.078050183,1.126816062,1.102433122,
73062789,C[C@H]1CCc2c(C(=O)O)csc2C1,SPYKIQRRGBUFSE-LURJTMIESA-N,196.055800624,2.5711000000000004,C[C@H]1CCc2c(C(=O)O)csc2C1,BRD-A23213994,0.827747444,0.874862565,0.851305005,
47288398,COc1ccc([C@@H](N)c2ccncc2)cc1,WOZWLHWRZZTXMV-CYBMUJFWSA-N,214.110613068,2.1383,COc1ccc([C@@H](N)c2ccncc2)cc1,BRD-A23246207,1.083915217,1.060190436,1.072052826,
33522634,CP(=O)(O)C1=CCNCC1,MFUKVPOVVKKLRQ-UHFFFAOYSA-N,161.06056525399998,0.7637999999999999,CP(=O)(O)C1=CCNCC1,BRD-A23427083,0.970958109,1.027537891,0.999248,
39742149,COc1ccc([C@@H]([C@H](Cc2ccccc2)OC(C)=O)N2C[C@H](CC(=O)N(C)C)[C@@H]3C(=NO[C@H]3c3ccccc3)[C@@H]2Cc2ccccc2)cc1,VFFWPVQLPLBJMW-ABRIUMTBSA-N,659.33592154,6.675800000000009,COc1ccc([C@@H]([C@H](Cc2ccccc2)OC(C)=O)N2C[C@H](CC(=O)N(C)C)[C@@H]3C(=NO[C@H]3c3ccccc3)[C@@H]2Cc2ccccc2)cc1,BRD-A23542028,0.933568891,1.191984779,1.062776835,
74997239,NCCN1CCO[C@@H](CC(=O)Nc2cc(Cl)cc(Cl)c2)C1=O,HCVYEQSALWHODW-LBPRGKRZSA-N,345.06469676399996,1.5080999999999998,NCCN1CCO[C@@H](CC(=O)Nc2cc(Cl)cc(Cl)c2)C1=O,BRD-A24023572,1.013073154,1.010005336,1.011539245,
67362151,Cc1cc(NC(=O)C(=O)NC[C@H]2CCCO2)n(-c2nc(=O)cc(C)[nH]2)n1,OONAWPJHWDKCEU-LLVKDONJSA-N,360.15460312,-0.1938600000000001,Cc1cc(NC(=O)C(=O)NC[C@H]2CCCO2)n(-c2nc(=O)cc(C)[nH]2)n1,BRD-A24239901,0.978315445,1.207914547,1.093114996,
19336690,COc1ccc([C@@H]([C@H](Cc2ccccc2)OC(C)=O)N2C[C@H]3[C@@H]([C@@H](O)c4ccccc4)ON(C)[C@H]3[C@@H]2Cc2ccccc2)cc1,FQYCPJDYZXCXQH-LMFASWJBSA-N,606.309372444,5.801600000000007,COc1ccc([C@@H]([C@H](Cc2ccccc2)OC(C)=O)N2C[C@H]3[C@@H]([C@@H](O)c4ccccc4)ON(C)[C@H]3[C@@H]2Cc2ccccc2)cc1,BRD-A24750596,1.010806436,0.966725711,0.988766074,
86118423,CN1CCN([C@@H](CN)c2ccc3c(c2)OCO3)CC1,NQPVWMBSMQXOSH-LBPRGKRZSA-N,263.163376912,0.6625000000000003,CN1CCN([C@@H](CN)c2ccc3c(c2)OCO3)CC1,BRD-A24913843,1.044911082,0.782554065,0.913732573,
88174449,CC[C@@H](N)CC12CC3CC(CC(C3)C1)C2,HUCUZLRORHFRHN-JEFIIJIESA-N,207.19869979999999,3.3302000000000023,CC[C@@H](N)CC12CC3CC(CC(C3)C1)C2,BRD-A25041289,0.892871953,0.909268033,0.901069993,
11469331,NC[C@H](c1cccc(F)c1)N1CCCCC1,JQIARQLCOJMLDZ-CYBMUJFWSA-N,222.153226828,2.311400000000001,NC[C@H](c1cccc(F)c1)N1CCCCC1,BRD-A25186808,0.845972199,0.816142844,0.831057521,
10853913,CNC(=O)Cn1cc2c(n1)CC[C@H](C)C2,IBFOADSHQKXFOT-QMMMGPOBSA-N,207.137162164,0.7538999999999993,CNC(=O)Cn1cc2c(n1)CC[C@H](C)C2,BRD-A25314468,1.211442245,0.728116096,0.969779171,
55958880,O=C1NC(=O)[C@@H](c2ccccc2)N1,NXQJDVBMMRCKQG-SSDOTTSWSA-N,176.058577496,0.5670999999999999,O=C1NC(=O)[C@@H](c2ccccc2)N1,BRD-A25516658,1.074095286,0.706379909,0.890237597,
29287586,CC(C)[C@@H](N)c1nc2ccccc2[nH]1,JDPVJORLNSVLOK-SNVBAGLBSA-N,189.12659748,2.2187,CC(C)[C@@H](N)c1nc2ccccc2[nH]1,BRD-A25820063,0.925676015,0.975112926,0.95039447,
10188835,Clc1ccc2c(c1)[C@H]1C=CC[C@@H]1[C@@H](c1ccccc1)N2,RZBJBIDHOBSXEP-RLFYNMQTSA-N,281.097127192,5.166500000000004,Clc1ccc2c(c1)[C@H]1C=CC[C@@H]1[C@@H](c1ccccc1)N2,BRD-A25981357,1.00936433,1.097890316,1.053627323,
30713095,CNC(=O)C[C@H]1Nc2ccccc2NC1=O,KAUPMSLZEUJSHT-SECBINFHSA-N,219.100776656,0.5552999999999996,CNC(=O)C[C@H]1Nc2ccccc2NC1=O,BRD-A26095674,1.11816103,0.949644506,1.033902768,
59659403,COc1ccc([C@H]2[C@@H](C(N)=O)C2(C#N)C#N)cc1,ULDLGWLCWYEEFD-QWRGUYRKSA-N,241.085126592,0.9274600000000001,COc1ccc([C@H]2[C@@H](C(N)=O)C2(C#N)C#N)cc1,BRD-A26254355,1.122471458,1.025827107,1.074149282,
32208478,Cc1ccc2nc3c(cc(C(=O)NCCN4CCOCC4)c(=N)n3C[C@H]3CCCO3)c(=O)n2c1,MSEQVXGVIQAYBF-QGZVFWFLSA-N,466.23285344,0.6780900000000007,Cc1ccc2nc3c(cc(C(=O)NCCN4CCOCC4)c(=N)n3C[C@H]3CCCO3)c(=O)n2c1,BRD-A26406344,1.120092071,0.918964632,1.019528351,
32847852,CC(C)Cc1ccc([C@@H](C)C(=O)Nc2ccc(Cl)cc2)cc1,DMIUYJZQJZEJLF-CQSZACIVSA-N,315.138992004,5.280700000000005,CC(C)Cc1ccc([C@@H](C)C(=O)Nc2ccc(Cl)cc2)cc1,BRD-A26548967,0.930653489,1.080896168,1.005774828,
56141663,NC(=O)N1C(=O)[C@H]2[C@H](C1=O)[C@H]1C=C(CCCO)[C@@H]2[C@H](c2ccc(CN3CCCC3)cc2)N1Cc1sc2ccccc2c1Cl,ZWVKUHCJYRXYFD-UVVSALANSA-N,618.20675428,5.0846000000000044,NC(=O)N1C(=O)[C@H]2[C@H](C1=O)[C@@H]1C(CCCO)=C[C@H]2N(Cc2sc3ccccc3c2Cl)[C@H]1c1ccc(CN2CCCC2)cc1,BRD-A26558898,1.177550275,0.930217441,1.053883858,
34905052,CC(=O)N[C@H]1C(=O)NC(=S)N(c2ccccc2)C1=O,FGJKWGVMILOKTD-VIFPVBQESA-N,277.052112212,-0.06100000000000105,CC(=O)N[C@H]1C(=O)NC(=S)N(c2ccccc2)C1=O,BRD-A26604509,1.228877613,1.024483068,1.126680341,
72663508,Cc1ccc(S[C@H](C)C(=O)c2ccc(C)c(Cl)c2)cc1,HGRINTXIXVBWHY-CYBMUJFWSA-N,304.068863844,5.320340000000004,Cc1ccc(S[C@H](C)C(=O)c2ccc(C)c(Cl)c2)cc1,BRD-A26837514,1.04161846,1.082157738,1.061888099,
47511246,O=C(C[C@H]1NC(=O)NC1=O)Nc1ccccc1,CLXCRCMVXJEEFP-MRVPVSSYSA-N,233.080041212,0.22319999999999945,O=C(C[C@H]1NC(=O)NC1=O)Nc1ccccc1,BRD-A27059639,1.162463357,1.016114775,1.089289066,
10114833,O=C1O[C@H](c2ccccc2)[C@H](c2ccccc2)N2[C@H]1[C@@H](C(=O)Nc1nc3ccccc3s1)[C@]1(C(=O)Nc3ccc(C#CC4(O)CCCCCC4)cc31)[C@H]2c1ccccc1OCCO,HKUGPRZASWWQAR-VUKFGOJJSA-N,858.3087208120002,8.013900000000007,O=C1O[C@H](c2ccccc2)[C@H](c2ccccc2)N2[C@H]1[C@@H](C(=O)Nc1nc3ccccc3s1)[C@]1(C(=O)Nc3ccc(C#CC4(O)CCCCCC4)cc31)[C@H]2c1ccccc1OCCO,BRD-A27223442,1.041377175,1.18776774,1.114572457,
40127712,Cc1c(O[C@@H]2O[C@H](COC(=O)C[C@@](C)(O)CC(=O)O)C[C@H](O)[C@H]2O)occc1=O,VLEDVGKQGKWYMC-NVZUCMIPSA-N,416.1318615879999,-0.6771799999999992,Cc1c(O[C@@H]2O[C@H](COC(=O)C[C@@](C)(O)CC(=O)O)C[C@H](O)[C@H]2O)occc1=O,BRD-A27236948,1.004581408,1.028293521,1.016437465,
16979728,C[C@H](C(=O)O)N1C(=O)CCC1=O,DCESWPKOLYIMNH-SCSAIBSYSA-N,171.053157768,-0.39149999999999996,C[C@H](C(=O)O)N1C(=O)CCC1=O,BRD-A27353769,0.921613889,0.794564654,0.858089272,
10554865,O=c1cccc2n1C[C@@H]1C[C@H]2CN(CCO)C1,YACCDFQYQYSQKW-MNOVXSKESA-N,234.136827816,0.2596999999999999,O=c1cccc2n1C[C@@H]1C[C@H]2CN(CCO)C1,BRD-A27389140,0.966083256,1.086664633,1.026373945,
11425702,Cc1ccc2[nH]cc(C[C@@H](C)N)c2c1,RFQYMARILQADNV-SECBINFHSA-N,188.131348512,2.36602,Cc1ccc2[nH]cc(C[C@@H](C)N)c2c1,BRD-A27499380,0.997151742,1.012541707,1.004846724,
38986229,CN1CC(=O)N=C1NC(=O)[C@H]1CCCN(S(=O)(=O)c2ccc3c(c2)oc(=O)n3C)C1,BFJIQPBDKKEZMH-NSHDSACASA-N,435.12125439199997,-0.5235999999999994,CN1CC(=O)N=C1NC(=O)[C@H]1CCCN(S(=O)(=O)c2ccc3c(c2)oc(=O)n3C)C1,BRD-A27501461,1.018353376,1.062949383,1.040651379,
10559137,COc1cc2ccc(=O)oc2c(O[C@H]2O[C@@H](CO)[C@@H](O)[C@@H](O)[C@@H]2O)c1O,CRSFLLTWRCYNNX-RPHDFDQUSA-N,370.0899967759999,-1.3141000000000005,COc1cc2ccc(=O)oc2c(O[C@H]2O[C@@H](CO)[C@@H](O)[C@@H](O)[C@@H]2O)c1O,BRD-A27654985,1.12951601,1.031994764,1.080755387,
66601477,O=C(O)CCC(=O)N[C@H]1CCCCNC1=O,MYVAZNVHDCWAAU-ZETCQYMHSA-N,228.111006992,-0.3639000000000005,O=C(O)CCC(=O)N[C@H]1CCCCNC1=O,BRD-A27691778,1.05895104,1.061258355,1.060104697,
42033547,COc1ccc([C@@H]([C@H](Cc2ccccc2)OC(C)=O)N2C[C@@H]3[C@H]([C@@H]2Cc2ccccc2)N(C)O[C@@]3(O)[C@@H](O)c2ccccc2)cc1,PLVPTHIVVWGCDM-IJEBNXQRSA-N,622.3042870639999,5.121600000000007,COc1ccc([C@@H]([C@H](Cc2ccccc2)OC(C)=O)N2C[C@@H]3[C@H]([C@@H]2Cc2ccccc2)N(C)O[C@@]3(O)[C@@H](O)c2ccccc2)cc1,BRD-A27887940,1.224250493,1.111517436,1.167883964,
10030376,NC[C@H](c1ccco1)N1CCCCCC1,LKCYAUMUKKLMBY-LLVKDONJSA-N,208.15756326,2.1554,NC[C@H](c1ccco1)N1CCCCCC1,BRD-A28152839,0.936211103,0.828687044,0.882449073,
10520988,CC1(C)CC[C@]2(C(=O)O[C@@H]3O[C@H](CO)[C@@H](O)[C@H](O)[C@H]3O)CC[C@]3(C)C(=CC[C@H]4[C@@]5(C)CC[C@@H](O[C@@H]6O[C@H](C(=O)O)[C@@H](O[C@@H]7OC[C@@H](O)[C@H](O)[C@H]7O)[C@H](O[C@@H]7OC[C@](O)(CO)[C@H]7O)[C@H]6O)C(C)(C)[C@@H]5CC[C@]43C)[C@@H]2C1,YMDXCJNUMSCXGI-QKYGVCOFSA-N,1058.5297742640003,-0.6631999999999871,CC1(C)CC[C@]2(C(=O)O[C@@H]3O[C@H](CO)[C@@H](O)[C@H](O)[C@H]3O)CC[C@]3(C)C(=CC[C@H]4[C@@]5(C)CC[C@@H](O[C@@H]6O[C@H](C(=O)O)[C@@H](O[C@@H]7OC[C@@H](O)[C@H](O)[C@H]7O)[C@H](O[C@@H]7OC[C@](O)(CO)[C@H]7O)[C@H]6O)C(C)(C)[C@@H]5CC[C@]43C)[C@@H]2C1,BRD-A28386177,1.044566676,1.010143714,1.027355195,
11616796,C[C@@H](Cc1c[nH]c2ccccc12)NC(=O)CN,SFTSSVCRTXAUQR-VIFPVBQESA-N,231.137162164,1.1738,C[C@@H](Cc1c[nH]c2ccccc12)NC(=O)CN,BRD-A28408499,0.945994091,1.01988805,0.982941071,
19051240,Nc1nnc(N[C@H]2CCCCNC2=O)[nH]1,HCQGCDGUHVAKKY-YFKPBYRVSA-N,210.12290906799998,-0.5325000000000004,Nc1nnc(N[C@H]2CCCCNC2=O)[nH]1,BRD-A28630841,0.800213002,0.695721193,0.747967097,
76132145,C[C@H]1CCC2=C(CCC[C@@]2(C)C(=O)O)[C@@]1(C)CCc1ccoc1,QSCGVVYGWUHJIU-PNHOKKKMSA-N,316.20384475599997,5.219800000000005,C[C@H]1CCC2=C(CCC[C@@]2(C)C(=O)O)[C@@]1(C)CCc1ccoc1,BRD-A28741764,0.989365143,0.904194535,0.946779839,
11522945,CCC[C@@H](N[C@H]1CCS(=O)(=O)C1)C(=O)O,UEPXVYQJUZUWGV-JGVFFNPUSA-N,235.087829024,0.01640000000000058,CCC[C@@H](N[C@H]1CCS(=O)(=O)C1)C(=O)O,BRD-A28751669,1.044990282,1.259811267,1.152400774,
10312190,C[C@@H](O)Cn1cnc2c1c(=O)n(C)c(=O)n2C,KYHQZNGJUGFTGR-ZCFIWIBFSA-N,238.106590308,-1.1855,C[C@@H](O)Cn1cnc2c1c(=O)n(C)c(=O)n2C,BRD-A28887267,1.004282293,0.904901755,0.954592024,
87451795,CN[C@@H]1[C@@H]2[C@H]3CCN2C[C@H]1O3,OPMNROCQHKJDAQ-NGJRWZKOSA-N,154.110613068,-0.5702999999999991,CN[C@H]1[C@H]2CN3CC[C@@H](O2)[C@@H]13,BRD-A28909964,0.776550209,0.921519946,0.849035078,
65462900,C[C@@H]1O[C@@H](O[C@@H]2[C@@H](O)[C@H](OCCc3ccc(O)c(O)c3)O[C@H](COC(=O)/C=C/c3ccc(O)c(O)c3)[C@H]2O)[C@H](O)[C@H](O)[C@H]1O,FNMHEHXNBNCPCI-REDVTNNYSA-N,624.205420452,-1.0159000000000011,C[C@@H]1O[C@@H](O[C@H]2[C@H](O)[C@@H](COC(=O)/C=C/c3ccc(O)c(O)c3)O[C@@H](OCCc3ccc(O)c(O)c3)[C@@H]2O)[C@H](O)[C@H](O)[C@H]1O,BRD-A29225334,1.032473754,1.141785536,1.087129645,
72194003,OC[C@@H](O)CN1CCN(c2ccccc2)CC1,PTVWPYVOOKLBCG-ZDUSSCGKSA-N,236.15247788,0.16179999999999972,OC[C@@H](O)CN1CCN(c2ccccc2)CC1,BRD-A29349577,0.974264753,0.820904751,0.897584752,
76553663,CC(C)(C)c1ccc(OC[C@@H](O)CN)cc1,LPNCSYWIVAILJB-NSHDSACASA-N,223.157228912,1.6825,CC(C)(C)c1ccc(OC[C@@H](O)CN)cc1,BRD-A29398120,0.799292213,0.737202638,0.768247426,
60392267,C=CCn1c(=O)n([C@H]2O[C@@H](CO)[C@@H](O)[C@@H]2O)c2[nH]c(N)nc(=O)c21,VDCRFBBZFHHYGT-YRCUVVFSSA-N,339.11788326400006,-2.7339999999999995,C=CCn1c(=O)n([C@H]2O[C@@H](CO)[C@@H](O)[C@@H]2O)c2[nH]c(N)nc(=O)c21,BRD-A29437505,1.011924298,1.054923644,1.033423971,
10538813,CC(C)(C)N1C[C@H](C(=O)O)CC1=O,VDUOOJKMVVKJKA-ZCFIWIBFSA-N,185.10519334,0.718,CC(C)(C)N1C[C@H](C(=O)O)CC1=O,BRD-A29465447,1.04215731,1.100403671,1.071280491,
12031536,C[C@@H](O)/C=C/c1cccc[n+]1C,RIOHGMTWCGKJAR-SECBINFHSA-N,164.10699048809,0.9051,C[C@@H](O)/C=C/c1cccc[n+]1C,BRD-A29512756,1.089261941,1.226687282,1.157974611,
39124531,NC(=O)[C@H]1[C@H](C(=O)O)[C@@H]2C=C[C@H]1C2,JVBMCNHIFPWAOF-BDVNFPICSA-N,181.073893212,-0.005399999999999905,NC(=O)[C@@H]1[C@H]2C=C[C@H](C2)[C@H]1C(=O)O,BRD-A29609262,0.821782861,0.968110824,0.894946843,
10286699,CS(=O)(=O)N[C@@H](C(=O)O)c1ccccc1,CBCWYSYBRINEON-MRVPVSSYSA-N,229.040878832,0.36149999999999943,CS(=O)(=O)N[C@@H](C(=O)O)c1ccccc1,BRD-A29676772,1.211414041,1.032749115,1.122081578,
13748896,CCN1CCC[C@@H]1CN1CNC(=S)NC1,ZFFMTGGMWPXYHH-SECBINFHSA-N,228.14086763999998,0.16540000000000032,CCN1CCC[C@@H]1CN1CNC(=S)NC1,BRD-A29721839,0.947394387,0.836740077,0.892067232,
20144585,CN1C(=O)[C@@H]2[C@H](N=CN2CCCO)N(C)C1=O,PJKXZFSJQOSIMO-JGVFFNPUSA-N,240.122240372,-1.0687999999999986,CN1C(=O)[C@@H]2[C@H](N=CN2CCCO)N(C)C1=O,BRD-A29768317,1.001153253,0.980608009,0.990880631,
54338422,Nc1nnc(SCC(=O)NC[C@H]2CCCO2)[nH]1,YYJFOWRRPGLQND-ZCFIWIBFSA-N,257.09464572,-0.2258000000000006,Nc1nnc(SCC(=O)NC[C@H]2CCCO2)[nH]1,BRD-A29775990,1.067140005,0.928304896,0.99772245,
28544527,CCOC(=O)C1=C(C)NC(=O)N[C@@H]1C,JFHAMNVZHGKQDQ-RXMQYKEDSA-N,198.100442308,0.5248,CCOC(=O)C1=C(C)NC(=O)N[C@@H]1C,BRD-A29982438,1.127210469,1.06703716,1.097123815,
27619775,CN[C@H](CC(C)C)C(=O)N[C@@H]1C(=O)N[C@@H](CC(N)=O)C(=O)N[C@H]2C(=O)N[C@@H]3C(=O)C[C@H](C(=O)N[C@@H](C(=O)O)c4cc(O)cc(O)c4-c4cc3ccc4O)[C@H](O)c3ccc(c(Cl)c3)Oc3cc2cc(c3O[C@@H]2O[C@@H](CO)[C@@H](O)[C@H](O)[C@H]2O[C@H]2C[C@](C)(N)[C@H](O)[C@H](C)O2)Oc2ccc(cc2Cl)[C@H]1O,MKNGLGNDKXRJBQ-ZHPGDZDXSA-N,1446.4349506719998,1.196800000000009,CN[C@H](CC(C)C)C(=O)N[C@@H]1C(=O)N[C@@H](CC(N)=O)C(=O)N[C@H]2C(=O)N[C@@H]3C(=O)C[C@H](C(=O)N[C@@H](C(=O)O)c4cc(O)cc(O)c4-c4cc3ccc4O)[C@H](O)c3ccc(c(Cl)c3)Oc3cc2cc(c3O[C@@H]2O[C@@H](CO)[C@@H](O)[C@H](O)[C@H]2O[C@H]2C[C@](C)(N)[C@H](O)[C@H](C)O2)Oc2ccc(cc2Cl)[C@H]1O,BRD-A30133509,0.891128031,1.028481676,0.959804854,
82328933,CCOC[C@@H](O)CS(=O)(=O)c1ccccn1,LJQQWZNLEHHJTB-SECBINFHSA-N,245.07217896,0.2527,CCOC[C@@H](O)CS(=O)(=O)c1ccccn1,BRD-A30519206,0.927592018,1.159978152,1.043785085,
80896752,O=C1O[C@H](c2ccccc2)[C@H](c2ccccc2)N2[C@H]1[C@@H](C(=O)N1CCN(c3ncccn3)CC1)[C@]1(C(=O)Nc3ccc(C#CC4(O)CCCCCC4)cc31)[C@H]2c1ccccc1OCCO,YMJIHVDCLADEAR-FNPOHITPSA-N,872.3897480040002,5.904300000000006,O=C1O[C@H](c2ccccc2)[C@H](c2ccccc2)N2[C@H]1[C@@H](C(=O)N1CCN(c3ncccn3)CC1)[C@]1(C(=O)Nc3ccc(C#CC4(O)CCCCCC4)cc31)[C@H]2c1ccccc1OCCO,BRD-A31163095,1.309474672,1.070877205,1.190175939,
48761940,COCC(=O)N1c2ccccc2C[C@H]1C(N)=O,FZAMZJONICCUJC-JTQLQIEISA-N,234.100442308,0.07600000000000018,COCC(=O)N1c2ccccc2C[C@H]1C(N)=O,BRD-A31378020,1.013730641,1.247876323,1.130803482,
21592322,CC[C@@](N)(C(=O)O)c1ccccc1,UBXUDSPYIGPGGP-JTQLQIEISA-N,179.094628656,1.3352000000000002,CC[C@@](N)(C(=O)O)c1ccccc1,BRD-A31653305,0.931727906,0.874862658,0.903295282,
13476708,O=C(O)[C@@H]1CC(=O)N(c2ccc3c(c2)OCO3)C1,GJSWABALJXFXDE-SSDOTTSWSA-N,249.063722452,0.8528,O=C(O)[C@@H]1CC(=O)N(c2ccc3c(c2)OCO3)C1,BRD-A31685853,1.058566303,1.100881546,1.079723925,
75163595,OC[C@@H](O)[C@H]1O[C@H](c2ccccc2)OC[C@@H]1O,IENSYSQTQGXKIV-WRWGMCAJSA-N,240.099773612,-0.18529999999999974,OC[C@@H](O)[C@H]1O[C@H](c2ccccc2)OC[C@@H]1O,BRD-A32090003,0.877579542,0.843290106,0.860434824,
73099117,Clc1ccc([C@H]2CC(C3CC3)=NN2c2ccccc2)cc1,HEHWIBQALNWPTE-GOSISDBHSA-N,296.108026224,5.057400000000004,Clc1ccc([C@H]2CC(C3CC3)=NN2c2ccccc2)cc1,BRD-A32262939,0.917858945,1.190654452,1.054256698,
20320435,COc1ccc(S(=O)(=O)N2CCO[C@@H]2CNC(=O)C(=O)NCc2ccncc2)cc1,LBRCLUACEMTALY-QGZVFWFLSA-N,434.126005424,-0.13019999999999765,COc1ccc(S(=O)(=O)N2CCO[C@@H]2CNC(=O)C(=O)NCc2ccncc2)cc1,BRD-A32619123,0.980210404,1.047610268,1.013910336,
20056497,COc1ccc([C@@H]([C@H](Cc2ccccc2)OC(C)=O)N2C[C@@H]3C(=NO[C@H]3[C@@H](OC(C)=O)c3ccccc3)[C@@H]2Cc2ccccc2)cc1,HJLDMWIRLTWTOG-OGOSSOPBSA-N,632.2886369999999,6.513000000000008,COc1ccc([C@@H]([C@H](Cc2ccccc2)OC(C)=O)N2C[C@@H]3C(=NO[C@H]3[C@@H](OC(C)=O)c3ccccc3)[C@@H]2Cc2ccccc2)cc1,BRD-A32956435,1.104162417,1.099972047,1.102067232,
78796480,NC[C@@H](c1cccnc1)S(=O)(=O)c1ccc(Cl)cc1,JDPGWQKNSSUSPL-ZDUSSCGKSA-N,296.038626336,2.2087000000000003,NC[C@@H](c1cccnc1)S(=O)(=O)c1ccc(Cl)cc1,BRD-A33561509,1.068130636,0.931592895,0.999861765,
30241093,CC(C)N1C(=O)NC(=O)[C@@H]1CC(=O)O,CLXSRLIXGDEGAQ-YFKPBYRVSA-N,200.079706864,-0.21010000000000023,CC(C)N1C(=O)NC(=O)[C@@H]1CC(=O)O,BRD-A33600050,1.098031454,1.149193179,1.123612317,
10292529,NC1=NC(=O)C[C@H](Cc2ccccc2)N1,BCOIQAHGFQHDCM-VIFPVBQESA-N,203.105862036,0.4322999999999993,NC1=NC(=O)C[C@H](Cc2ccccc2)N1,BRD-A34074183,1.087153675,1.016304168,1.051728921,
83331655,C=C(C)[C@H]1CN[C@H](C(=O)O)[C@@H]1CC(=O)O,VLSMHEGGTFMBBZ-BHNWBGBOSA-N,213.10010796,0.3259999999999995,C=C(C)[C@H]1CN[C@H](C(=O)O)[C@@H]1CC(=O)O,BRD-A34245668,1.086372147,0.933182963,1.009777555,
10636988,CC(=O)N(O)CCC[C@H]1NC(=O)CNC(=O)CNC(=O)CNC(=O)[C@@H](CCCN(O)C(C)=O)NC(=O)[C@@H](CCCN(O)C(C)=O)NC1=O,ZFDAUYPBCXMSBF-NJDAHSKKSA-N,687.31876788,-4.1433000000000035,CC(=O)N(O)CCC[C@H]1NC(=O)CNC(=O)CNC(=O)CNC(=O)[C@@H](CCCN(O)C(C)=O)NC(=O)[C@@H](CCCN(O)C(C)=O)NC1=O,BRD-A34274278,1.059312075,1.178713994,1.119013035,
26553870,C[C@@H](O)CN1C(=S)S[C@@H]2CS(=O)(=O)C[C@@H]21,BDXCOVRNATXHHK-DSYKOEDSSA-N,267.005756276,-0.13349999999999973,C[C@@H](O)CN1C(=S)S[C@@H]2CS(=O)(=O)C[C@@H]21,BRD-A34356750,0.981889946,0.923231419,0.952560683,
96998136,Cc1ccc2c(c1)C(=O)C[C@@H](c1ccc(Cl)cc1Cl)O2,WCCRNJHKHQRPJT-INIZCTEOSA-N,306.021434984,5.008320000000002,Cc1ccc2c(c1)C(=O)C[C@@H](c1ccc(Cl)cc1Cl)O2,BRD-A34482828,1.129346673,1.103444078,1.116395376,
24293402,c1ccc([C@@H]2CCC[C@H](c3ccccc3)S2)cc1,WGVHOPHBSLEVFP-CALCHBBNSA-N,254.112921576,5.386100000000003,c1ccc([C@@H]2CCC[C@H](c3ccccc3)S2)cc1,BRD-A34744124,1.134956866,0.832612112,0.983784489,
94238433,Cc1cc(C)c(S(=O)(=O)N2CCO[C@@H]2CNC(=O)C(=O)NCCCN2CCCC2=O)c(C)c1,RXYSRBXTBJGWFS-LJQANCHMSA-N,480.20425574399997,0.2037600000000035,Cc1cc(C)c(S(=O)(=O)N2CCO[C@@H]2CNC(=O)C(=O)NCCCN2CCCC2=O)c(C)c1,BRD-A35000229,0.858191892,1.015659156,0.936925524,
14600757,COC(=O)C[C@H]1NCCNC1=O,IPEHBEGTVNYMPV-RXMQYKEDSA-N,172.084792244,-1.362499999999999,COC(=O)C[C@H]1NCCNC1=O,BRD-A35163169,0.925388981,1.063176009,0.994282495,
30476693,N[C@@H](c1ccncc1)c1ccc(OCc2ccccc2)cc1,KQHSVUCAUIYKQD-LJQANCHMSA-N,290.14191319599996,3.708700000000003,N[C@@H](c1ccncc1)c1ccc(OCc2ccccc2)cc1,BRD-A35190991,0.98965075,0.954709923,0.972180336,
11221677,N[C@@H](CSCc1ccccc1Cl)C(=O)O,ZKPXDUAUIBAONY-VIFPVBQESA-N,245.027727304,1.9851,N[C@@H](CSCc1ccccc1Cl)C(=O)O,BRD-A35300402,0.982530432,1.011930018,0.997230225,
10535793,COc1ccc([C@@H]([C@H](Cc2ccccc2)OC(C)=O)N2C[C@@H](NC(=O)C(Cl)(Cl)Cl)[C@@H]3[C@H]([C@@H]2Cc2ccccc2)N(C)O[C@H]3c2ccccc2)cc1,KTUXVKZBKBWGLR-QZRIQWDPSA-N,749.219004484,7.295700000000007,COc1ccc([C@@H]([C@H](Cc2ccccc2)OC(C)=O)N2C[C@@H](NC(=O)C(Cl)(Cl)Cl)[C@H]3[C@H](c4ccccc4)ON(C)[C@H]3[C@@H]2Cc2ccccc2)cc1,BRD-A35329938,1.084685417,0.846635288,0.965660352,
10987278,CCNC(=O)[C@H]1O[C@H](n2cnc3c(N)ncnc32)[C@@H](O)[C@@H]1O,JADDQZYHOWSFJD-QZOVBDONSA-N,308.12330299199994,-1.8361999999999987,CCNC(=O)[C@H]1O[C@H](n2cnc3c(N)ncnc32)[C@@H](O)[C@@H]1O,BRD-A35338386,0.906395244,1.03972526,0.973060252,
31165208,C[C@H]1CCCN(C(=O)CCNS(=O)(=O)c2ccc3c(c2)c(=O)n(C)c(=O)n3C)C1,JFVFFFKVADFVBR-ZDUSSCGKSA-N,422.162390932,0.16410000000000124,C[C@H]1CCCN(C(=O)CCNS(=O)(=O)c2ccc3c(c2)c(=O)n(C)c(=O)n3C)C1,BRD-A35507887,0.959061966,1.005985717,0.982523842,
27275036,O=C(O)[C@@H]1CC(=O)N(Cc2cccnc2)C1,DJSGKVZNGKWZRT-SECBINFHSA-N,220.084792244,0.5147000000000002,O=C(O)[C@@H]1CC(=O)N(Cc2cccnc2)C1,BRD-A35583222,1.176865062,1.155778391,1.166321726,
93599795,CCOC(=O)CN1C[C@]23C=C[C@H](O2)[C@@H](C(=O)NCc2ccc(OC)cc2)[C@H]3C1=O,NQAHQUNJWWTRNM-DKXUYOFUSA-N,400.16343648799995,0.6565000000000003,CCOC(=O)CN1C[C@]23C=C[C@H](O2)[C@@H](C(=O)NCc2ccc(OC)cc2)[C@H]3C1=O,BRD-A35724755,0.923296025,1.060060624,0.991678325,
90655045,NC(=O)N[C@@H]1CC(=O)N(c2ccccc2)C1,JHWGZTPGXAODGP-MRVPVSSYSA-N,219.100776656,0.4601999999999997,NC(=O)N[C@@H]1CC(=O)N(c2ccccc2)C1,BRD-A35771918,0.92111967,0.944205729,0.932662699,
13225660,CC(C)C[C@H](NP(=O)(O)O[C@H]1O[C@@H](C)[C@@H](O)[C@@H](O)[C@@H]1O)C(=O)N[C@H](Cc1c[nH]c2ccccc12)C(=O)O,ZPHBZEQOLSRPAK-OJZZKPCMSA-N,543.1981809179999,0.22860000000000186,CC(C)C[C@H](NP(=O)(O)O[C@H]1O[C@@H](C)[C@@H](O)[C@@H](O)[C@@H]1O)C(=O)N[C@H](Cc1c[nH]c2ccccc12)C(=O)O,BRD-A35990346,0.970278598,1.151704373,1.060991485,
83800417,N[C@H](c1ccc(Cl)cc1)c1cccnc1,BGUVQMLTPOSSPH-GFCCVEGCSA-N,218.061076032,2.783100000000001,N[C@H](c1ccc(Cl)cc1)c1cccnc1,BRD-A36246984,0.797284738,1.098929577,0.948107158,
24803856,NC[C@H](c1ccco1)N1CCc2ccccc2C1,NHSIPJWBPBZHNW-CQSZACIVSA-N,242.141913196,2.3377000000000008,NC[C@H](c1ccco1)N1CCc2ccccc2C1,BRD-A36596439,0.892312686,0.890585883,0.891449285,
24554554,COc1ccc([C@@H]([C@H](Cc2ccccc2)OC(C)=O)N2C[C@H](CC(=O)N(C)C)[C@@H]3[C@H]([C@@H]2Cc2ccccc2)N(C)O[C@H]3c2ccccc2)cc1,MRWQNWJTGKPDDH-TZPQFCGZSA-N,675.367221668,6.535200000000008,COc1ccc([C@@H]([C@H](Cc2ccccc2)OC(C)=O)N2C[C@H](CC(=O)N(C)C)[C@H]3[C@H](c4ccccc4)ON(C)[C@H]3[C@@H]2Cc2ccccc2)cc1,BRD-A36727398,1.175070426,1.359345458,1.267207942,
63177359,CC(=O)N[C@@H]1[C@@H](Oc2ccc(C(C)=O)cc2)O[C@H](CO)[C@H](O)[C@@H]1O,OVHOAEHEUDCBPZ-CWVYHPPDSA-N,339.131802012,-0.7882999999999996,CC(=O)N[C@@H]1[C@@H](Oc2ccc(C(C)=O)cc2)O[C@H](CO)[C@H](O)[C@@H]1O,BRD-A36903595,1.177039797,1.101350257,1.139195027,
47665198,CNC(=O)CN1C(=O)[C@@H]2[C@@H](C1=O)[C@@H]1C=C[C@@H]2C1,JGCHIIWIPAJPHC-XFFJFQIUSA-N,234.100442308,-0.46050000000000035,CNC(=O)CN1C(=O)[C@H]2[C@@H]3C=C[C@H](C3)[C@@H]2C1=O,BRD-A37054063,0.834190921,0.989501823,0.911846372,
46245305,NC[C@H]1CCCc2ccc(Cl)cc21,YKHDSPKECPKABG-SECBINFHSA-N,195.081477128,2.7186000000000012,NC[C@H]1CCCc2ccc(Cl)cc21,BRD-A37143107,0.75059948,0.816701689,0.783650585,
10857924,O=C(NCc1ccncc1)C(=O)NC[C@H]1OCCN1C(=O)c1ccc(Cl)cc1,UFIMJGPLCHLHJY-MRXNPFEDSA-N,402.10948276799996,0.9661000000000004,O=C(NCc1ccncc1)C(=O)NC[C@H]1OCCN1C(=O)c1ccc(Cl)cc1,BRD-A37378114,0.885696509,0.907448713,0.896572611,
83464370,CCOC(=O)C1=NNC[C@@H]1C(=O)OCC,SPQCSXSKRCOMGQ-LURJTMIESA-N,214.095356928,-0.3120000000000003,CCOC(=O)C1=NNC[C@@H]1C(=O)OCC,BRD-A37493251,1.076280618,1.068370994,1.072325806,
50319145,O=S1(=O)C[C@H](NC[C@H]2C[C@@H]3C=C[C@H]2C3)[C@@H](O)C1,MGBZZIDDRIAMOE-LVEVGFFFSA-N,257.108564468,-0.05390000000000028,O=S1(=O)C[C@H](O)[C@@H](NC[C@H]2C[C@@H]3C=C[C@H]2C3)C1,BRD-A37946832,0.997507786,0.968470323,0.982989054,
93933407,O=S1(=O)CC[C@H](S(=O)(=O)N2CCOCC2)C1,RVUAEEMGJBNWPK-QMMMGPOBSA-N,269.03916458000003,-1.1644999999999983,O=S1(=O)CC[C@H](S(=O)(=O)N2CCOCC2)C1,BRD-A38725185,1.025152521,1.098020202,1.061586362,
10880276,OCCCC1=C[C@H](c2ccc(CN3CCCC3)cc2)N(Cc2cc3c(cc2Br)OCO3)CC1,DDLRCJXFYCCEMK-RUZDIDTESA-N,512.167455016,5.419500000000006,OCCCC1=C[C@H](c2ccc(CN3CCCC3)cc2)N(Cc2cc3c(cc2Br)OCO3)CC1,BRD-A39037901,1.113428129,0.926941238,1.020184684,
11519699,CC(C)(C)c1ccc(NC(=O)N[C@H]2CCCc3ccccc32)cc1,CFBUZPTXMONNMO-IBGZPJMESA-N,322.20451345199996,5.183200000000004,CC(C)(C)c1ccc(NC(=O)N[C@H]2CCCc3ccccc32)cc1,BRD-A39201851,0.990313907,1.195354046,1.092833977,
56942550,COC(=O)[C@@H](Cc1ccccc1)N[C@H](/C=C/C1CC1)[C@@H](O)CCn1cc(-c2ccc(C(=O)NO)s2)nn1,SQEQVRRCBCJPQX-SJBKTWHCSA-N,525.204590092,2.5853,COC(=O)[C@@H](Cc1ccccc1)N[C@H](/C=C/C1CC1)[C@@H](O)CCn1cc(-c2ccc(C(=O)NO)s2)nn1,BRD-A39287859,0.96426113,1.095607601,1.029934365,
82148021,O=C(O)C[C@H]1NC(=O)c2ccccc21,ARVSJYVMPQBCTL-MRVPVSSYSA-N,191.058243148,0.9458000000000002,O=C(O)C[C@H]1NC(=O)c2ccccc21,BRD-A39483628,0.91544679,0.941422351,0.928434571,
49917668,O=CN[C@H](Cc1ccccc1)C(=O)O,NSTPXGARCQOSAU-SECBINFHSA-N,193.073893212,0.42829999999999985,O=CN[C@H](Cc1ccccc1)C(=O)O,BRD-A39804951,0.963995473,1.164655955,1.064325714,
10847388,COC(=O)[C@@H](C)N(C#N)c1nc(C)nc(C)n1,ZYJPTPAMMXWJQT-ZCFIWIBFSA-N,235.106924656,0.33741999999999983,COC(=O)[C@@H](C)N(C#N)c1nc(C)nc(C)n1,BRD-A40010920,0.948050318,0.935542775,0.941796546,
68421673,CN1C(=O)[C@@H]2[C@@H]3C[C@H]4[C@@H](O[C@H]1[C@H]42)[C@H]3O,PZJMCWGFKRJURZ-QXGQVBKZSA-N,195.089543276,-0.5737000000000001,CN1C(=O)[C@@H]2[C@@H]3C[C@H]4[C@@H](O[C@H]1[C@@H]24)[C@H]3O,BRD-A40425352,1.23177709,0.990352699,1.111064894,
25445881,CO/N=C1\CN(c2nc3c(cc2F)c(=O)c(C(=O)O)cn3C2CC2)C[C@@H]1CN,ZRCVYEYHRGVLOC-VIFPVBQESA-N,389.14993234,0.966,CO/N=C1\CN(c2nc3c(cc2F)c(=O)c(C(=O)O)cn3C2CC2)C[C@@H]1CN,BRD-A40787240,0.132463555,0.108934414,0.120698985,
94193001,COc1ccc(CC[C@@H](OC(=O)[C@H]2CCCCN2C(=O)Cc2ccccc2)c2cccc(OCC(=O)O)c2)cc1OC,SAVJQJYEOVAGCP-VSGBNLITSA-N,575.2519171439999,5.008100000000004,COc1ccc(CC[C@@H](OC(=O)[C@H]2CCCCN2C(=O)Cc2ccccc2)c2cccc(OCC(=O)O)c2)cc1OC,BRD-A40831535,0.923391446,0.880435358,0.901913402,
60105762,COC[C@@H]1CN(C(=O)[C@H]2CCCN2C)N1,ZNVRJCPUUFOGFO-DTWKUNHWSA-N,213.147726848,-0.5575999999999985,COC[C@@H]1CN(C(=O)[C@H]2CCCN2C)N1,BRD-A40899099,0.949095914,0.846395485,0.897745699,
99196101,C(=C/[C@@H]1Nc2ccccc2-c2nc3ccccc3n21)\c1ccccc1,DKTLQEJOEBUBMU-OAQYLSRUSA-N,323.14224754400004,5.340800000000004,C(=C/[C@@H]1Nc2ccccc2-c2nc3ccccc3n21)\c1ccccc1,BRD-A41119170,1.154117367,0.86711396,1.010615664,
32873849,CSC[C@H]1O[C@H](n2ccc3c(N)ncnc32)[C@@H](O)[C@H]1O,WBPLMFVTQMIPLW-ARHDFHRDSA-N,296.09431137199994,-0.0042999999999999705,CSC[C@H]1O[C@H](n2ccc3c(N)ncnc32)[C@@H](O)[C@H]1O,BRD-A41590679,1.088955989,1.04411035,1.06653317,
47513032,COc1ccc([C@H]([C@@H](O)Cc2ccccc2)N(C[C@H](/C=C/c2ccccc2)CC(=O)N(C)C)[C@@H](Cc2ccccc2)C(OC)OC)cc1,VOMVAIAKPGHJKI-JKCRECDGSA-N,650.3719727000001,6.680000000000008,COc1ccc([C@H]([C@@H](O)Cc2ccccc2)N(C[C@H](/C=C/c2ccccc2)CC(=O)N(C)C)[C@@H](Cc2ccccc2)C(OC)OC)cc1,BRD-A41616177,1.362028243,0.977248386,1.169638315,
64154712,COc1ccc([C@H]([C@H](Cc2ccccc2)OC(C)=O)N(C/C=C\[C@@H](O)c2ccccc2)[C@@H](Cc2ccccc2)C(OC)OC)cc1,JIZJJCSHSUFFGD-WCTYMAGYSA-N,623.32468816,6.732700000000008,COc1ccc([C@H]([C@H](Cc2ccccc2)OC(C)=O)N(C/C=C\[C@@H](O)c2ccccc2)[C@@H](Cc2ccccc2)C(OC)OC)cc1,BRD-A41640744,1.327694785,1.113302584,1.220498685,
10689283,COC(=O)C1=CC(CCCO)=C[C@@H](c2ccc(CN3CCCC3)cc2)N(Cc2sc3ccccc3c2Cl)C=C1C(=O)OC,FKIFGIMZCSTMLP-LJAQVGFWSA-N,620.2111709640002,6.562600000000008,COC(=O)C1=CC(CCCO)=C[C@@H](c2ccc(CN3CCCC3)cc2)N(Cc2sc3ccccc3c2Cl)C=C1C(=O)OC,BRD-A41828214,0.937911802,1.010553346,0.974232574,
65771853,CC[C@@H](C)C(=O)O[C@@H]1C[C@@]2(C)[C@H](c3ccoc3)OC(=O)C[C@]23O[C@@]2(C)O[C@]34[C@H](OC(=O)C(C)C)[C@@]3(O)[C@@H](OC(=O)[C@@]5(C)O[C@@H]5C)[C@@]5(C)C[C@]3(O)[C@@](C)([C@H]5CC(=O)OC)[C@@]14O2,BUVRFGBECZFCRL-PVUBCKESSA-N,844.3517503319999,3.3446000000000025,CC[C@@H](C)C(=O)O[C@@H]1C[C@@]2(C)[C@H](c3ccoc3)OC(=O)C[C@]23O[C@@]2(C)O[C@]34[C@H](OC(=O)C(C)C)[C@@]3(O)[C@@H](OC(=O)[C@@]5(C)O[C@@H]5C)[C@@]5(C)C[C@]3(O)[C@@](C)([C@H]5CC(=O)OC)[C@@]14O2,BRD-A41916216,1.131641202,1.023627412,1.077634307,
60133050,CNC[C@@H](O)Cn1cc(C)c(C(C)=O)c1C,CCGSLTJKGBDFTP-LLVKDONJSA-N,224.15247788,0.8878399999999993,CNC[C@@H](O)Cn1cc(C)c(C(C)=O)c1C,BRD-A42599551,1.074675188,0.963449981,1.019062585,
65906305,O=C(O)[C@H]1CCCN1C(=O)c1cccnc1,VHACSPGAMLSZBK-SECBINFHSA-N,220.084792244,0.7707999999999999,O=C(O)[C@H]1CCCN1C(=O)c1cccnc1,BRD-A42609176,1.004981749,0.991615512,0.99829863,
77334280,Nc1nc(=O)c2nc(Br)n([C@H]3O[C@H]4CO[PH](O)(O)O[C@@H]4[C@@H]3O)c2[nH]1,CPNCPIVHXNQSNR-SFOZADRHSA-N,424.97359648599996,-1.4675000000000007,Nc1nc(=O)c2nc(Br)n([C@H]3O[C@H]4CO[PH](O)(O)O[C@@H]4[C@@H]3O)c2[nH]1,BRD-A42615868,0.833510929,1.055085476,0.944298203,
21742174,N=C(N=C(N)N)N1N=CC[C@@H]1c1ccccc1,SZZOILYQDCPXTM-SECBINFHSA-N,230.12799444799998,0.6273700000000009,N=C(N=C(N)N)N1N=CC[C@@H]1c1ccccc1,BRD-A42723963,0.851092513,1.040111391,0.945601952,
16387302,Cc1ncc([N+](=O)[O-])n1C[C@@H](O)CCl,IPWKIXLWTCNBKN-LURJTMIESA-N,219.04106886,0.6994199999999999,Cc1ncc([N+](=O)[O-])n1C[C@@H](O)CCl,BRD-A42759514,1.069820915,1.054751351,1.062286133,
48741514,N=C1NC(=O)[C@@H](CC(=O)O)S1,IFUXBSJTQXUMSX-UWTATZPHSA-N,174.009913052,-0.3725300000000001,N=C1NC(=O)[C@@H](CC(=O)O)S1,BRD-A42914831,0.825786615,1.01584956,0.920818087,
91109727,COC(=O)[C@H]1CCCNC1=O,BLSIWVNWHCXOCL-YFKPBYRVSA-N,157.073893212,-0.3144000000000002,COC(=O)[C@H]1CCCNC1=O,BRD-A43007779,1.083545405,1.119022685,1.101284045,
37670643,C[C@]12C(=O)OC(=O)[C@]1(C)[C@H]1CC[C@H]2O1,DHZBEENLJMYSHQ-ZHYWTAKUSA-N,196.073558864,0.6436,C[C@]12C(=O)OC(=O)[C@]1(C)[C@H]1CC[C@H]2O1,BRD-A43076080,1.149967426,1.014351978,1.082159702,
11020944,C=C(C)[C@]1(O)OC(=O)C=C1OC,YCOFRPYSZKIPBQ-QMMMGPOBSA-N,170.0579088,0.3381999999999999,C=C(C)[C@]1(O)OC(=O)C=C1OC,BRD-A43150328,1.041335163,0.861218802,0.951276982,
10837286,Cc1ccccc1N1CCN(S(=O)(=O)C[C@@]23CC[C@@H](C[C@@H]2NC(=O)[C@@H](N)CCS(C)(=O)=O)C3(C)C)CC1,MWIASLNTAGRGGA-NTPMPWFXSA-N,554.259662444,1.5199200000000026,Cc1ccccc1N1CCN(S(=O)(=O)C[C@@]23CC[C@@H](C[C@@H]2NC(=O)[C@@H](N)CCS(C)(=O)=O)C3(C)C)CC1,BRD-A43930669,0.919325275,0.914990569,0.917157922,
10177668,CCCC12CN3CC(CCC)(CN(C1)C3[C@@H](O)[C@@H](O)[C@@H](O)CO)C2=O,DIUVTWMGTCXFNH-RJDCIFIZSA-N,356.2311221239999,-0.8255999999999986,CCCC12CN3CC(CCC)(CN(C1)C3[C@@H](O)[C@@H](O)[C@@H](O)CO)C2=O,BRD-A44050796,1.006026589,1.003860049,1.004943319,
11165590,COc1ccc(N2C[C@H](C(N)=O)CC2=O)cc1,XIQFJODEOCNRBV-MRVPVSSYSA-N,234.100442308,0.5333999999999998,COc1ccc(N2C[C@H](C(N)=O)CC2=O)cc1,BRD-A44057484,0.922377467,0.871901945,0.897139706,
21737374,C[C@@H]1O[C@H](O[C@@H]2[C@H](Oc3c(-c4ccc(O)cc4)oc4cc(O)cc(O)c4c3=O)O[C@H](CO[C@@H]3O[C@H](C)[C@@H](O)[C@H](O)[C@@H]3O)[C@@H](O)[C@@H]2O)[C@@H](O)[C@H](O)[C@@H]1O,WRXVPTMENPZUIZ-IMZRPTTLSA-N,740.2163790600001,-2.5408999999999984,C[C@@H]1O[C@H](O[C@@H]2[C@H](Oc3c(-c4ccc(O)cc4)oc4cc(O)cc(O)c4c3=O)O[C@H](CO[C@@H]3O[C@H](C)[C@@H](O)[C@H](O)[C@@H]3O)[C@@H](O)[C@@H]2O)[C@@H](O)[C@H](O)[C@@H]1O,BRD-A44108104,0.943263199,1.104931948,1.024097574,
56081791,Cc1cc(C)c2c(c1)NC(=O)C[C@H]2c1cccc(Cl)c1Cl,VTEMSRZVHNEYAY-LBPRGKRZSA-N,319.05306946,5.084340000000003,Cc1cc(C)c2c(c1)NC(=O)C[C@H]2c1cccc(Cl)c1Cl,BRD-A44149127,1.101782341,1.529879438,1.315830889,
97629318,O=C1NC(=O)[C@H](Cc2ccccc2)N1,DBOMTIHROGSFTI-QMMMGPOBSA-N,190.07422756,0.4371000000000001,O=C1NC(=O)[C@H](Cc2ccccc2)N1,BRD-A44258161,1.169275901,1.208242296,1.188759099,
26170429,COC(=O)[C@H]1c2cc3c(c(O)c2[C@@H](O[C@@H]2O[C@H](C)[C@H](OC)[C@](C)(OC)[C@@H]2OC)C[C@@]1(C)O)C(=O)c1c(O)cc2c(c1C3=O)O[C@H]1O[C@@]2(C)[C@@H](O)[C@H](N(C)C)[C@@H]1O,KGTDRFCXGRULNK-DGZZOAQRSA-N,787.305134488,1.1380000000000012,COC(=O)[C@H]1c2cc3c(c(O)c2[C@@H](O[C@@H]2O[C@H](C)[C@H](OC)[C@](C)(OC)[C@@H]2OC)C[C@@]1(C)O)C(=O)c1c(O)cc2c(c1C3=O)O[C@H]1O[C@@]2(C)[C@@H](O)[C@H](N(C)C)[C@@H]1O,BRD-A44463208,1.114214639,0.991226821,1.05272073,
34381570,CC[C@@](C)(Nc1n[nH]c(=O)[nH]c1=O)C(=O)O,JZKBRPPUPXUWOH-MRVPVSSYSA-N,228.085854864,-0.8765999999999994,CC[C@@](C)(Nc1n[nH]c(=O)[nH]c1=O)C(=O)O,BRD-A44752748,1.040610163,1.044365284,1.042487724,
38268638,C[C@H]1CN(C)[C@@H](C)C[C@@H]1n1[nH]c(=O)cc1N,KERAHEXBXSFFAC-CIUDSAMLSA-N,224.16371125999999,0.6598000000000002,C[C@H]1CN(C)[C@@H](C)C[C@@H]1n1[nH]c(=O)cc1N,BRD-A45431298,0.986998073,1.180973916,1.083985995,
71947238,C[C@H]1CCc2c(sc(/N=C/C=C/c3ccccc3)c2C#N)C1,FGQLBGBXYBWIOX-AWEZNQCLSA-N,306.119069576,5.160280000000005,C[C@H]1CCc2c(sc(/N=C/C=C/c3ccccc3)c2C#N)C1,BRD-A45628729,1.337382407,1.127348117,1.232365262,
10387364,CC(C)OC(=O)[C@@H](C)Nc1n[nH]c(=O)[nH]c1=O,TULJUUYSHKAUMB-RXMQYKEDSA-N,242.101504928,-0.789799999999999,CC(C)OC(=O)[C@@H](C)Nc1n[nH]c(=O)[nH]c1=O,BRD-A45821110,0.909018154,1.032458655,0.970738404,
24560700,CC(=O)N1C[C@@H](O)C[C@H]1C(=O)O,BAPRUDZDYCKSOQ-WDSKDSINSA-N,173.068807832,-0.9473,CC(=O)N1C[C@@H](O)C[C@H]1C(=O)O,BRD-A45842408,1.072831084,1.150994272,1.111912678,
44867899,C[C@H](C(=O)O)N1C(=O)c2ccccc2C1=O,OZWUITKBAWTEAQ-ZCFIWIBFSA-N,219.053157768,0.7557000000000003,C[C@H](C(=O)O)N1C(=O)c2ccccc2C1=O,BRD-A46106368,0.969174151,1.027643495,0.998408823,
58211929,C=CCNC(=O)[C@H]1CCCN(S(C)(=O)=O)C1,JUNPCYAYTGWJNU-VIFPVBQESA-N,246.103813436,-0.03979999999999939,C=CCNC(=O)[C@H]1CCCN(S(C)(=O)=O)C1,BRD-A46106571,0.99829493,0.846858983,0.922576957,
79253965,C[C@H]1CN=C(NS(=O)(=O)c2ccccc2)N1,QACXFUYPWIUWBS-QMMMGPOBSA-N,239.072847656,0.3125999999999998,C[C@H]1CN=C(NS(=O)(=O)c2ccccc2)N1,BRD-A46503153,0.941044105,0.945668467,0.943356286,
20776172,NC(=O)CCN1C(=O)[C@@H]2[C@@H](C1=O)[C@@H]1C=C[C@@H]2C1,XYQMMYFJLFDKIG-XFFJFQIUSA-N,234.100442308,-0.3311000000000006,NC(=O)CCN1C(=O)[C@H]2[C@@H]3C=C[C@H](C3)[C@@H]2C1=O,BRD-A46703053,0.937755071,1.031489425,0.984622248,
26907273,C=CCN1C(=O)[C@@H]2[C@@H](C1=O)[C@@H]1C=C[C@@H]2C1,LBSJYBSYYCKKGS-IMSYWVGJSA-N,203.094628656,0.9795,C=CCN1C(=O)[C@H]2[C@@H]3C=C[C@H](C3)[C@@H]2C1=O,BRD-A46796005,0.928543172,1.011810549,0.970176861,
20216357,C=C(C(=O)O)[C@@H](CCCCCCOC(=O)C(=O)OCCCCCC[C@@H](C(=C)C(=O)O)C(=O)O)C(=O)O,COGXMFWXSOSYCZ-HDICACEKSA-N,514.2050265279998,2.6569999999999996,C=C(C(=O)O)[C@H](CCCCCCOC(=O)C(=O)OCCCCCC[C@H](C(=C)C(=O)O)C(=O)O)C(=O)O,BRD-A47095723,0.895174188,0.973868212,0.9345212,
36018191,COC(=O)[C@@H](N)Cc1ccccc1,VSDUZFOSJDMAFZ-VIFPVBQESA-N,179.094628656,0.7293999999999993,COC(=O)[C@@H](N)Cc1ccccc1,BRD-A47167704,1.014315783,1.188352968,1.101334376,
71052859,N[C@@H](CCc1ccccc1Cl)c1ccc2c(c1)OCCO2,PXQCFNWBPKTEEW-HNNXBMFYSA-N,303.10260649599996,3.743800000000003,N[C@@H](CCc1ccccc1Cl)c1ccc2c(c1)OCCO2,BRD-A47172854,0.801974006,0.693235418,0.747604712,
83843242,CCn1c2c(ccc1=O)C[C@H](N)CC2,FAFLLIORHPFYFQ-SECBINFHSA-N,192.126263132,0.6841999999999998,CCn1c2c(ccc1=O)C[C@H](N)CC2,BRD-A47359950,0.947584539,0.968806709,0.958195624,
60190292,CO[C@@]12[C@@H]3N[C@@H]3CN1C1=C(C(=O)C(N)=C(C)C1=O)[C@@H]2COC(N)=O,NWIBSHFKIJFRCO-JZQLQECVSA-N,334.127719676,-1.6511999999999971,CO[C@]12[C@@H](COC(N)=O)C3=C(C(=O)C(C)=C(N)C3=O)N1C[C@H]1N[C@H]12,BRD-A48237631,0.135305566,0.172705464,0.154005515,
79313320,C[C@@H](O)Cn1c(=N)n(C)c2ccccc21,GKQNDOGLWRERTL-MRVPVSSYSA-N,205.1215121,0.8400699999999997,C[C@@H](O)Cn1c(=N)n(C)c2ccccc21,BRD-A48439278,1.203935284,1.233082719,1.218509002,
41246915,N#CC1(N[C@@H](Cc2ccccc2)c2ccccc2)CCCCCC1,GKQIVXKRYAFKQD-NRFANRHFSA-N,318.209598832,5.176580000000005,N#CC1(N[C@@H](Cc2ccccc2)c2ccccc2)CCCCCC1,BRD-A48531970,0.862915551,0.835328102,0.849121826,
53427106,O=C(CCCCCCC(=O)Nc1ccc([C@H]2O[C@@H](CSc3nc(-c4ccccc4)c(-c4ccccc4)o3)C[C@H](c3ccc([N+](=O)[O-])cc3)O2)cc1)NO,XDHCWRUUURVEJL-VOEQNQARSA-N,736.25668524,9.039000000000005,O=C(CCCCCCC(=O)Nc1ccc([C@H]2O[C@@H](CSc3nc(-c4ccccc4)c(-c4ccccc4)o3)C[C@H](c3ccc([N+](=O)[O-])cc3)O2)cc1)NO,BRD-A48730613,1.36342001,1.464244603,1.413832306,
10471699,N#C[C@H](c1ccccn1)N1CCOCC1,OJMXBAFOIQQMMJ-LLVKDONJSA-N,203.105862036,0.9784800000000001,N#C[C@H](c1ccccn1)N1CCOCC1,BRD-A48955899,0.918637366,0.696422828,0.807530097,
83351554,Cc1ccc2[nH]c3c(c2c1)CCC[C@H]3Nc1ccc(Cl)cc1,CIIKHUUSTDHMQG-GOSISDBHSA-N,310.123676288,5.619220000000003,Cc1ccc2[nH]c3c(c2c1)CCC[C@H]3Nc1ccc(Cl)cc1,BRD-A49013538,1.047331481,1.020071969,1.033701725,
20886965,O=S1(=O)C[C@H](NCCCN2CCOCC2)[C@@H](O)C1,MRUSFGXEQJNQMH-QWRGUYRKSA-N,278.130028184,-1.5437999999999974,O=S1(=O)C[C@H](O)[C@@H](NCCCN2CCOCC2)C1,BRD-A49160579,1.044544701,0.964239474,1.004392087,
66448835,O=C(O)C[C@H]1Oc2ccccc2NC1=O,GBWCBWJRILQTBI-MRVPVSSYSA-N,207.053157768,0.8608,O=C(O)C[C@H]1Oc2ccccc2NC1=O,BRD-A49481607,1.125687893,1.175437372,1.150562633,
97532144,Cc1cccc(NC(=O)C[C@H]2NCCNC2=O)c1,CMYNDEUZCVIRCL-LLVKDONJSA-N,247.132076784,0.41162,Cc1cccc(NC(=O)C[C@H]2NCCNC2=O)c1,BRD-A49568016,1.034026243,0.966781199,1.000403721,
25991541,C[C@]12CC[C@](C)(O1)[C@H](C(=O)O)[C@@H]2C(=O)O,LOIACBOKCRBDOQ-YUMGAWCOSA-N,214.084123548,0.7293999999999999,C[C@@]12CC[C@@](C)(O1)[C@@H](C(=O)O)[C@H]2C(=O)O,BRD-A49714247,1.066697192,0.928295228,0.99749621,
37668445,COC(=O)C[C@@H]1C(C)(C)[C@H](OC(C)=O)[C@@H]2[C@@H](OC(C)=O)[C@]34O[C@@]2(O)[C@]1(C)[C@H]3CC[C@]1(C)C4=CC(=O)O[C@H]1c1ccoc1,AOUYWWJPLUTFAB-ZSQKBIMKSA-N,586.2414120359999,3.3964000000000008,COC(=O)C[C@@H]1C(C)(C)[C@H](OC(C)=O)[C@@H]2[C@@H](OC(C)=O)[C@]34O[C@@]2(O)[C@]1(C)[C@H]3CC[C@]1(C)C4=CC(=O)O[C@H]1c1ccoc1,BRD-A49779380,1.157388339,0.874395,1.015891669,
75408605,C=CC(=O)N1C[C@H]2CC[C@H](O)[C@H]2C1,RRAADVDXBUHWEA-VGMNWLOBSA-N,181.11027872,0.4017,C=CC(=O)N1C[C@H]2CC[C@H](O)[C@H]2C1,BRD-A49812434,0.956810742,1.070056827,1.013433784,
11392308,NC[C@H](c1cccs1)N1CCCCCC1,HFJGSTGLKXVXAC-LLVKDONJSA-N,224.13471964,2.623900000000001,NC[C@H](c1cccs1)N1CCCCCC1,BRD-A49869876,0.862067069,0.924155924,0.893111497,
12947022,NC(=O)C[C@H]1Sc2ccccc2NC1=O,VRKDECQJFMJECI-MRVPVSSYSA-N,222.04629856,0.9747999999999999,NC(=O)C[C@H]1Sc2ccccc2NC1=O,BRD-A50177791,0.961017316,0.915860818,0.938439067,
10388503,C[C@H](c1cccnc1)N(C(=O)Nc1ccccc1)C1CCCCC1,JRFYNYBRYSLGCB-MRXNPFEDSA-N,323.19976242,5.009400000000004,C[C@H](c1cccnc1)N(C(=O)Nc1ccccc1)C1CCCCC1,BRD-A50231421,1.04717975,1.077522415,1.062351083,
53293391,C[C@@H]1CN(C(=N)N)C[C@H](C)O1,UDDVOGZLLZURDK-OLQVQODUSA-N,157.1215121,-0.010929999999999884,C[C@H]1CN(C(=N)N)C[C@@H](C)O1,BRD-A50459516,0.972172,0.76697311,0.869572555,
22597535,C[C@H]1C/C(=C\N(C)C)C(=O)C1=O,PVBCCXCXMAVOLU-LURJTMIESA-N,167.094628656,0.6099000000000001,C[C@H]1C/C(=C\N(C)C)C(=O)C1=O,BRD-A50546699,0.834458617,0.772317219,0.803387918,
17217988,CC[C@@H](CN)c1ccccc1,PLWALTDUYKDGRF-VIFPVBQESA-N,149.12044948,2.1389000000000005,CC[C@@H](CN)c1ccccc1,BRD-A50653341,0.980321092,1.119189007,1.04975505,
96360326,CC[C@@H](C)c1ccc(NC(=O)c2cc3ccccc3o2)cc1,PXXHSLFYUPGYGA-CYBMUJFWSA-N,293.14157884800005,5.198600000000003,CC[C@@H](C)c1ccc(NC(=O)c2cc3ccccc3o2)cc1,BRD-A50785360,0.954313387,1.108287452,1.031300419,
86748844,CC(=O)N(C)CP(=O)(O)CN1CCCC1=O,PHIVNSPZSKVVCW-UHFFFAOYSA-N,248.09259365399998,0.27249999999999996,CC(=O)N(C)CP(=O)(O)CN1CCCC1=O,BRD-A50846969,0.935619467,0.982326,0.958972734,
47585731,Nc1ncnc2c1ncn2[C@H]1CC[C@@H](CO)O1,WVXRAFOPTSTNLL-NKWVEPMBSA-N,235.106924656,0.07839999999999986,Nc1ncnc2c1ncn2[C@H]1CC[C@@H](CO)O1,BRD-A50913845,1.058556014,1.025758145,1.04215708,
83391280,CC1(C)[C@@H](C=C(Br)Br)[C@@H]1C(=O)O[C@@H](C#N)c1cccc(Oc2ccccc2)c1,OWZREIFADZCYQD-CMKODMSKSA-N,502.97316766800003,6.490180000000004,CC1(C)[C@@H](C(=O)O[C@@H](C#N)c2cccc(Oc3ccccc3)c2)[C@@H]1C=C(Br)Br,BRD-A51089325,1.109856693,0.93211181,1.020984251,
60729238,C[C@]12C(=O)N(CCC(=O)O)C(=O)[C@H]1[C@@H]1C=C[C@@H]2C1,ZVAJFORRABLTFP-ISDYYCSASA-N,249.10010796,0.6583000000000001,C[C@]12C(=O)N(CCC(=O)O)C(=O)[C@H]1[C@@H]1C=C[C@@H]2C1,BRD-A51234868,0.823092994,0.983268093,0.903180544,
70768182,C=CCOC(=O)[C@@H]1[C@H](C(=O)OC)N(C)[C@@H](c2ccccc2)[C@]12C(=O)Nc1ccc(I)cc12,IAKIHSYTORQWFG-CMCWBKRRSA-N,546.065169836,3.0548,C=CCOC(=O)[C@@H]1[C@H](C(=O)OC)N(C)[C@@H](c2ccccc2)[C@]12C(=O)Nc1ccc(I)cc12,BRD-A51274624,1.06335688,1.194676052,1.129016466,
69961920,O=C(NCCCn1ccnc1)C(=O)NC[C@H]1OCCN1S(=O)(=O)c1ccc(F)cc1,VYHFLUPKIDICTR-MRXNPFEDSA-N,439.1325680239999,-0.30809999999999893,O=C(NCCCn1ccnc1)C(=O)NC[C@H]1OCCN1S(=O)(=O)c1ccc(F)cc1,BRD-A51486611,0.967536976,1.054723604,1.01113029,
51621244,Nc1ncnc2c1ncn2[C@@H]1O[C@H](COP(=O)(O)OP(=O)(O)OP(=O)(O)OP(=O)(O)OC[C@H]2O[C@@H](n3cnc4c(N)ncnc43)[C@H](O)[C@@H]2O)[C@@H](O)[C@H]1O,YOAHKNVSNCMZGQ-XPWFQUROSA-N,836.0482651959998,-2.4463999999999992,Nc1ncnc2c1ncn2[C@@H]1O[C@H](COP(=O)(O)OP(=O)(O)OP(=O)(O)OP(=O)(O)OC[C@H]2O[C@@H](n3cnc4c(N)ncnc43)[C@H](O)[C@@H]2O)[C@@H](O)[C@H]1O,BRD-A52394261,1.055731139,0.958109679,1.006920409,
42735751,Cc1[nH]c(=O)[nH]c(=O)c1S(=O)(=O)N1CCC(C(=O)N[C@H](C)c2ccccc2)CC1,DXXSCGYNTIYWTQ-GFCCVEGCSA-N,420.146740868,0.6497200000000007,Cc1[nH]c(=O)[nH]c(=O)c1S(=O)(=O)N1CCC(C(=O)N[C@H](C)c2ccccc2)CC1,BRD-A52434324,1.000838255,0.991699663,0.996268959,
58302787,CCO[C@H]1CC(C)(C)NC(=S)N1,NCDREDVLIOGYER-LURJTMIESA-N,188.098334132,0.9954000000000001,CCO[C@H]1CC(C)(C)NC(=S)N1,BRD-A52564965,0.951543537,1.111520403,1.03153197,
97163069,CC(N)(Cc1ccc2c(c1)OCO2)C(=O)O,KUHHQKOJDDCWIB-UHFFFAOYSA-N,223.084457896,0.7597999999999998,CC(N)(Cc1ccc2c(c1)OCO2)C(=O)O,BRD-A52753282,1.113016778,0.929485575,1.021251177,
89437687,COC(=O)[C@@H]1CC(=O)N(C(C)C)C1,VEDZQKXBBVWZHO-SSDOTTSWSA-N,185.10519334,0.4162999999999999,COC(=O)[C@@H]1CC(=O)N(C(C)C)C1,BRD-A52832848,1.022943492,0.93543589,0.979189691,
10087749,CC[C@@H](C)C(=O)O[C@H]1[C@@H]2CC3=C4CC(=O)O[C@@H](c5ccoc5)[C@]4(C)CC[C@@H]3[C@@](C)(C2=O)[C@@H](CC(=O)OC)C1(C)C,OVTKCGJIOHGDAN-WAMPHMLXSA-N,554.287968304,5.752800000000006,CC[C@@H](C)C(=O)O[C@H]1[C@@H]2CC3=C4CC(=O)O[C@@H](c5ccoc5)[C@]4(C)CC[C@@H]3[C@@](C)(C2=O)[C@@H](CC(=O)OC)C1(C)C,BRD-A52877146,1.124589176,1.044329461,1.084459319,
63642475,Cc1ccc(S(=O)(=O)C[C@H](C)N2CCOCC2)c(S(=O)(=O)C[C@@H](C)N2CCOCC2)c1,BUGJLXGPMABGLC-RBUKOAKNSA-N,474.18582880799994,0.9838200000000021,Cc1ccc(S(=O)(=O)C[C@H](C)N2CCOCC2)c(S(=O)(=O)C[C@@H](C)N2CCOCC2)c1,BRD-A53296528,1.015532229,1.172777883,1.094155056,
52471567,COc1ccc([C@@H](CN)C(C)C)cc1OC,SVXBMUBKMIIITD-NSHDSACASA-N,223.157228912,2.402100000000001,COc1ccc([C@@H](CN)C(C)C)cc1OC,BRD-A53379928,1.002447798,0.852622254,0.927535026,
20237966,COC(=O)C1=CC(CCCO)=C[C@@H](c2cccs2)N(Cc2cccc(OC(F)(F)F)c2)C=C1C(=O)OC,TVWONBBEJYIINN-QFIPXVFZSA-N,537.143293212,5.058800000000005,COC(=O)C1=CC(CCCO)=C[C@@H](c2cccs2)N(Cc2cccc(OC(F)(F)F)c2)C=C1C(=O)OC,BRD-A53420733,0.957610469,1.094044237,1.025827353,
91520991,N[C@@H](CO)c1cccc(Br)c1,NWQRKZFQSCBVEY-QMMMGPOBSA-N,214.99457604,1.4411999999999998,N[C@@H](CO)c1cccc(Br)c1,BRD-A53953850,1.083972012,0.987104834,1.035538423,
40677532,C[C@@H]1[C@@H](O)[C@@H](N(C)C)C[C@H]2COC[C@@H]21,GIVAORVDGOGQSN-QUARPLMYSA-N,199.157228912,0.5798999999999999,C[C@H]1[C@H]2COC[C@@H]2C[C@H](N(C)C)[C@@H]1O,BRD-A54107725,0.940246926,1.111804313,1.02602562,
10656316,Cc1nccn1C[C@H](C)C(=O)O,BJAINAMYPIMBFX-LURJTMIESA-N,168.089877624,0.91222,Cc1nccn1C[C@H](C)C(=O)O,BRD-A54472601,1.075856375,0.952145951,1.014001163,
75772676,C[C@@H]1C[C@H](C)CN(S(=O)(=O)N2CCC[C@H](C(=O)NCCN3CCOCC3)C2)C1,HNFPKMGFWCWFKN-KSZLIROESA-N,416.245726632,0.3695000000000044,C[C@H]1C[C@@H](C)CN(S(=O)(=O)N2CCC[C@H](C(=O)NCCN3CCOCC3)C2)C1,BRD-A54482989,1.121261216,1.117159137,1.119210176,
23277980,Cc1ccc(C[C@H]2CCCN2)cc1C,RQVINXPNJAMRFB-CYBMUJFWSA-N,189.151749608,2.5979400000000004,Cc1ccc(C[C@H]2CCCN2)cc1C,BRD-A54902800,0.941941396,0.904856086,0.923398741,
61380231,N[C@@H](Cc1ccccc1F)C(=O)O,NYCRCTMDYITATC-QMMMGPOBSA-N,183.06955678,0.7801000000000002,N[C@@H](Cc1ccccc1F)C(=O)O,BRD-A54914915,1.061737342,0.849941547,0.955839445,
41504597,Cc1ccccc1NC(=O)C[C@H]1NCCNC1=O,PFMRRJWGHWWBNQ-LLVKDONJSA-N,247.132076784,0.41162,Cc1ccccc1NC(=O)C[C@H]1NCCNC1=O,BRD-A55016661,1.015614648,0.892407996,0.954011322,
63423115,Cc1ccccc1OC[C@@H](O)CO,JWDYCNIAQWPBHD-VIFPVBQESA-N,182.094294308,0.7270199999999998,Cc1ccccc1OC[C@@H](O)CO,BRD-A55469827,1.103406628,1.061203041,1.082304835,
15259500,O=c1cccc2n1C[C@H]1CNC[C@H]2C1,ANJTVLIZGCUXLD-RKDXNWHRSA-N,190.110613068,0.5549999999999999,O=c1cccc2n1C[C@H]1CNC[C@H]2C1,BRD-A55579717,0.9926332,1.066965914,1.029799557,
34252721,CCC(=O)N1CCC[C@](C)(C(=O)NS(=O)(=O)c2ccc(S(C)(=O)=O)cc2)C1,RPJPBECVAPAMDR-KRWDZBQOSA-N,416.10757848799994,0.9337000000000002,CCC(=O)N1CCC[C@](C)(C(=O)NS(=O)(=O)c2ccc(S(C)(=O)=O)cc2)C1,BRD-A55974958,1.06461765,0.979075431,1.02184654,
34712632,COc1ccc([C@H]([C@H](Cc2ccccc2)OC(C)=O)N(C/C=C/[C@@H](OC(C)=O)c2ccccc2)[C@@H](Cc2ccccc2)C(OC)OC)cc1,ZOFXLNLVHHLVQX-QYPPMKSWSA-N,665.335252844,7.3035000000000085,COc1ccc([C@H]([C@H](Cc2ccccc2)OC(C)=O)N(C/C=C/[C@@H](OC(C)=O)c2ccccc2)[C@@H](Cc2ccccc2)C(OC)OC)cc1,BRD-A56126459,1.182658094,1.352496496,1.267577295,
84966518,CC(=O)O[C@@H]1[C@H](OC(C)=O)N(C(C)=O)C(=O)N1C(C)=O,YFVKOCQCCWOKII-AOOOYVTPSA-N,286.080100788,-0.4046000000000005,CC(=O)O[C@H]1[C@@H](OC(C)=O)N(C(C)=O)C(=O)N1C(C)=O,BRD-A56145537,0.874273819,1.205495656,1.039884737,
91828853,COC(=O)[C@@H]1[C@@H](c2ccc(OC)cc2)[C@H](C(=O)OC)S(=O)(=O)CS1(=O)=O,SEOMFGCOXRQQMR-CLLJXQQHSA-N,406.0392241559999,-0.3372999999999995,COC(=O)[C@@H]1[C@@H](c2ccc(OC)cc2)[C@H](C(=O)OC)S(=O)(=O)CS1(=O)=O,BRD-A56391917,1.022933105,1.153060792,1.087996949,
62735948,COc1ccc([C@@H]([C@H](Cc2ccccc2)OC(C)=O)N2C[C@@H](NC(=O)C(Cl)(Cl)Cl)[C@@H]3C(=NO[C@H]3c3ccccc3)[C@@H]2Cc2ccccc2)cc1,QHTWVEDUYBWCBN-RYYTWPMCSA-N,733.187704356,7.436300000000007,COc1ccc([C@@H]([C@H](Cc2ccccc2)OC(C)=O)N2C[C@@H](NC(=O)C(Cl)(Cl)Cl)[C@@H]3C(=NO[C@H]3c3ccccc3)[C@@H]2Cc2ccccc2)cc1,BRD-A56405568,1.017063585,0.978920481,0.997992033,
31538107,O=C1NCCC[C@@H]1C(=O)N1CCCCC1,LXSZFPUMFAXCSV-VIFPVBQESA-N,210.136827816,0.5250999999999995,O=C1NCCC[C@@H]1C(=O)N1CCCCC1,BRD-A56559575,1.02577282,0.986743145,1.006257982,
73296066,CC(=O)O[C@@H]1[C@@H](O)C[C@@]2(C)[C@@H](CC[C@@H](C)[C@@]23Cc2c(O)cc4c(c2O3)CN([C@@H](CCC(=O)O)C(=O)O)C4=O)C1(C)C,LJNMHPFLAKKPEX-IBFQIQNRSA-N,573.2573964479998,3.114600000000001,CC(=O)O[C@@H]1[C@@H](O)C[C@@]2(C)[C@@H](CC[C@@H](C)[C@@]23Cc2c(O)cc4c(c2O3)CN([C@@H](CCC(=O)O)C(=O)O)C4=O)C1(C)C,BRD-A56841764,1.111607164,1.181909218,1.146758191,
57206041,Nc1ncnc2c1ncn2[C@H]1CCCO1,UKHMZCMKHPHFOT-ZCFIWIBFSA-N,205.096359972,0.7174999999999998,Nc1ncnc2c1ncn2[C@H]1CCCO1,BRD-A56987319,0.910450422,0.953546783,0.931998603,
87344560,NS(=O)(=O)c1ccc(NC(=O)[C@H]2CCCNC2=O)cc1,KKMGQJDWUOBCSJ-JTQLQIEISA-N,297.07832696,-0.20129999999999998,NS(=O)(=O)c1ccc(NC(=O)[C@H]2CCCNC2=O)cc1,BRD-A57026957,1.051341929,0.853430871,0.9523864,
95217128,CCOCC(=O)N[C@H]1CCSC1=O,BIBPJQAFGORFNT-LURJTMIESA-N,203.061614276,0.17120000000000007,CCOCC(=O)N[C@H]1CCSC1=O,BRD-A57133804,1.099347509,0.932120343,1.015733926,
34479209,C[C@H]1Cc2cc(S(=O)(=O)N(C)CC(=O)N3CCOCC3)ccc2N1C(=O)C1CC1,VFDKKZFWUACTIP-AWEZNQCLSA-N,421.167141964,0.8535000000000004,C[C@H]1Cc2cc(S(=O)(=O)N(C)CC(=O)N3CCOCC3)ccc2N1C(=O)C1CC1,BRD-A57258057,1.203690378,0.996563268,1.100126823,
48045235,CN1C(=O)[C@@H](O)N(c2ccccc2)C1=O,HRUQFAAWUDHYBX-SECBINFHSA-N,206.06914218,0.40339999999999965,CN1C(=O)[C@@H](O)N(c2ccccc2)C1=O,BRD-A57780658,1.052542307,0.936853469,0.994697888,
31479298,CN1CCc2cc3c(cc2[C@@H]1O)OCO3,YOJQZPVUNUQTDF-NSHDSACASA-N,207.089543276,0.8941000000000001,CN1CCc2cc3c(cc2[C@@H]1O)OCO3,BRD-A57900429,1.189131996,1.086557338,1.137844667,
86915838,Cc1nnc(Nc2cccc([C@H]3CCCN(C(=O)CN)C3)n2)s1,DDXHHBLKIBDEJM-NSHDSACASA-N,332.14193026,1.6498199999999998,Cc1nnc(Nc2cccc([C@H]3CCCN(C(=O)CN)C3)n2)s1,BRD-A58026747,0.789936577,0.936470929,0.863203753,
11237489,Cn1cccc1[C@@H](CN)N1CCc2ccccc2C1,RHHWRLQMQJQVOW-MRXNPFEDSA-N,255.17354767199998,2.0831999999999997,Cn1cccc1[C@@H](CN)N1CCc2ccccc2C1,BRD-A58151853,0.855849627,0.99597627,0.925912948,
57177295,CC(=O)N[C@@H]1[C@@H](OCCOc2ccc(Cl)cc2C)O[C@H](CO)[C@H](O)[C@@H]1O,QYUYQCDGWQAVBZ-HMDCTGQHSA-N,389.1241297879999,-0.012480000000000324,CC(=O)N[C@@H]1[C@@H](OCCOc2ccc(Cl)cc2C)O[C@H](CO)[C@H](O)[C@@H]1O,BRD-A58403771,1.108926308,1.288599266,1.198762787,
11131880,C[C@@H]1CC[C@H](C)N1c1cc(C(F)(F)F)cc(C(F)(F)F)c1,BIGIDVKLCANQOW-DTORHVGOSA-N,311.1108688,5.101400000000003,C[C@H]1CC[C@@H](C)N1c1cc(C(F)(F)F)cc(C(F)(F)F)c1,BRD-A58417700,1.006980934,1.091893404,1.049437169,
10701165,C[C@H]1CCCN(S(=O)(=O)CCN)C1,HDGAXXSZOQTDIE-QMMMGPOBSA-N,206.108898816,0.006800000000000916,C[C@H]1CCCN(S(=O)(=O)CCN)C1,BRD-A58575007,1.005663156,1.090071159,1.047867158,
17242553,Cc1cc(C)n([C@@H](CC(=O)O)C(=O)O)n1,HIDNTNUHODANDK-ZETCQYMHSA-N,212.079706864,0.60034,Cc1cc(C)n([C@@H](CC(=O)O)C(=O)O)n1,BRD-A58677218,1.072207016,0.853179358,0.962693187,
28365573,Nc1cnn([C@H]2O[C@@H](COC(=O)c3ccccc3)[C@@H](O)[C@@H]2O)c(=O)n1,JXXIHCTVRGEYLX-RYDUCSDGSA-N,348.10698423199995,-1.3033000000000008,Nc1cnn([C@H]2O[C@@H](COC(=O)c3ccccc3)[C@@H](O)[C@@H]2O)c(=O)n1,BRD-A58684788,1.017063758,1.212490987,1.114777373,
19310668,COc1ccc([C@@H]([C@H](Cc2ccccc2)OC(C)=O)N2C[C@@H](CC(=O)N(C)C)[C@@H]3C(=NO[C@H]3c3ccccc3)[C@@H]2Cc2ccccc2)cc1,VFFWPVQLPLBJMW-JNZWILSTSA-N,659.33592154,6.675800000000009,COc1ccc([C@@H]([C@H](Cc2ccccc2)OC(C)=O)N2C[C@@H](CC(=O)N(C)C)[C@@H]3C(=NO[C@H]3c3ccccc3)[C@@H]2Cc2ccccc2)cc1,BRD-A58707671,1.171690488,1.121172611,1.146431549,
89849145,CC1(C)CC[C@]2(C(=O)O[C@@H]3O[C@H](CO)[C@@H](O[C@H]4OC[C@](O)(CO)[C@H]4O)[C@H](O)[C@H]3O)CC[C@]3(C)C(=CC[C@H]4[C@@]5(C)C[C@@H](O)[C@H](O)[C@@](C)(CO)[C@@H]5[C@H](O)C[C@]43C)[C@@H]2C1,JYLDVPLJOIQPIU-MZSOUJEDSA-N,798.440171412,-0.128999999999996,CC1(C)CC[C@]2(C(=O)O[C@@H]3O[C@H](CO)[C@@H](O[C@H]4OC[C@](O)(CO)[C@H]4O)[C@H](O)[C@H]3O)CC[C@]3(C)C(=CC[C@H]4[C@@]5(C)C[C@@H](O)[C@H](O)[C@@](C)(CO)[C@@H]5[C@H](O)C[C@]43C)[C@@H]2C1,BRD-A58989796,1.120624873,1.167751336,1.144188104,
80897633,C/C(=C\CC[C@@H](C)[C@H]1C[C@@H](O)[C@@]2(C)[C@H]3CC[C@H]4C(C)(C)[C@@H](O[C@@H]5O[C@@H](CO[C@H]6OC[C@@H](O)[C@@H](O)[C@@H]6O)[C@@H](O)[C@@H](O)[C@@H]5O)CC[C@@]45C[C@@]35C[C@@H](O)[C@]12C)C(=O)O[C@H]1O[C@@H](CO)[C@@H](O)[C@@H](O)[C@@H]1O,NZBYUSXAWFZDAY-GJBHWFRTSA-N,944.4980802120001,-1.2787999999999913,C/C(=C\CC[C@@H](C)[C@H]1C[C@@H](O)[C@@]2(C)[C@H]3CC[C@H]4C(C)(C)[C@@H](O[C@@H]5O[C@@H](CO[C@H]6OC[C@@H](O)[C@@H](O)[C@@H]6O)[C@@H](O)[C@@H](O)[C@@H]5O)CC[C@@]45C[C@@]35C[C@@H](O)[C@]12C)C(=O)O[C@H]1O[C@@H](CO)[C@@H](O)[C@@H](O)[C@@H]1O,BRD-A59408307,1.02565252,1.198503296,1.112077908,
32246000,NC[C@@H]1CC(=O)N(c2ccccc2)C1,LVPVQEFVVFAEKA-VIFPVBQESA-N,190.110613068,0.9981999999999998,NC[C@@H]1CC(=O)N(c2ccccc2)C1,BRD-A59803887,0.949670849,0.832814665,0.891242757,
57174476,O=C1c2c(O[C@@H]3O[C@H](CO)[C@@H](O)[C@H](O)[C@H]3O)cc(O)cc2O[C@@]1(O)Cc1ccc(O)cc1,KJIWCKSQHHNTTL-HPCBLLCTSA-N,450.11621152399994,-1.2171000000000005,O=C1c2c(O[C@@H]3O[C@H](CO)[C@@H](O)[C@H](O)[C@H]3O)cc(O)cc2O[C@@]1(O)Cc1ccc(O)cc1,BRD-A60287792,1.070645015,1.035550574,1.053097794,
42569637,C[C@@H]1C[C@H](C)CN(Cc2nc3c(c(=O)n(C)c(=O)n3C)n2CC(N)=O)C1,BEMWZNFVEHCAJZ-PHIMTYICSA-N,362.206638692,-0.6030999999999969,C[C@H]1C[C@@H](C)CN(Cc2nc3c(c(=O)n(C)c(=O)n3C)n2CC(N)=O)C1,BRD-A60354157,1.083264976,1.072765725,1.07801535,
39748464,CCNC(=S)N1CCC[C@H](C(N)=O)C1,OLYOCCJOMHSQSM-ZETCQYMHSA-N,215.109233164,0.07810000000000017,CCNC(=S)N1CCC[C@H](C(N)=O)C1,BRD-A60367741,0.772445006,1.153872605,0.963158806,
49080330,CC(CN)(Cc1ccccc1Cl)C(=O)O,PGWATNGPFRMJLT-UHFFFAOYSA-N,227.071306368,1.9321000000000002,CC(CN)(Cc1ccccc1Cl)C(=O)O,BRD-A60591946,1.062998964,0.965918521,1.014458743,
10626053,COc1ccc([C@H]([C@H](Cc2ccccc2)OC(C)=O)N(C[C@H](/C=C/c2ccccc2)OC(C)=O)[C@@H](Cc2ccccc2)C(OC)OC)cc1,MAQLQSQHDACWOR-IJERZTCISA-N,665.335252844,7.088000000000008,COc1ccc([C@H]([C@H](Cc2ccccc2)OC(C)=O)N(C[C@H](/C=C/c2ccccc2)OC(C)=O)[C@@H](Cc2ccccc2)C(OC)OC)cc1,BRD-A60850491,1.149318506,1.109700188,1.129509347,
60406516,O=C1CNC[C@@H]2c3cccc(F)c3CCN12,WCSROPVMZFUGLC-LLVKDONJSA-N,220.101191256,0.8547000000000002,O=C1CNC[C@@H]2c3cccc(F)c3CCN12,BRD-A60988474,0.986988915,0.934003323,0.960496119,
71706258,CCCCC(=O)N1c2ccccc2[C@H](Nc2ccccc2)C[C@@H]1C,RUALLZSVBKHKMA-QFBILLFUSA-N,322.20451345199996,5.155200000000004,CCCCC(=O)N1c2ccccc2[C@H](Nc2ccccc2)C[C@@H]1C,BRD-A61715312,0.520203303,0.770348278,0.645275791,
74530182,CN(C)/C=N/[C@@H]1N=C(C2CC2)N(C)C(=O)N1,MWXNMRVBGNBSLE-SECBINFHSA-N,223.14331016399998,0.32339999999999997,CN(C)/C=N/[C@@H]1N=C(C2CC2)N(C)C(=O)N1,BRD-A61865718,1.029306389,0.772187356,0.900746872,
84036142,COC(=O)[C@H]1CCc2nc[nH]c2C1,MJLAMGHGLJXZLT-LURJTMIESA-N,180.089877624,0.6876,COC(=O)[C@H]1CCc2nc[nH]c2C1,BRD-A61999038,0.996651754,1.06178377,1.029217762,
80801476,N[C@H]1CCCC[C@@H]1N1C(=O)CSC1=O,LWVRJTJZSHJMHX-BQBZGAKWSA-N,214.077598688,0.9516999999999998,N[C@H]1CCCC[C@@H]1N1C(=O)CSC1=O,BRD-A62355151,1.186248378,0.81028946,0.998268919,
95516541,C[C@@H](O)[C@@H](O)[C@H]1CNc2[nH]c(N)nc(=O)c2N1,FNKQXYHWGSIFBK-ZMIZWQJLSA-N,241.11748934,-1.7002000000000006,C[C@@H](O)[C@@H](O)[C@H]1CNc2[nH]c(N)nc(=O)c2N1,BRD-A62428486,0.886033955,1.032900305,0.95946713,
25018090,Cc1ccc(S(=O)(=O)N2CCO[C@@H]2CNC(=O)C(=O)NCc2ccccn2)cc1,LNTOQIMWZOHTGU-QGZVFWFLSA-N,418.13109080400005,0.16962000000000121,Cc1ccc(S(=O)(=O)N2CCO[C@@H]2CNC(=O)C(=O)NCc2ccccn2)cc1,BRD-A62552418,0.992142798,1.144981262,1.06856203,
66099173,C/C1=C2/N=C(/C=C3\N=C(/C(C)=C4/[C@@H](CCC(N)=O)[C@](C)(CC(N)=O)[C@](C)([C@@H]5N=C1[C@](C)(CCC(=O)NC[C@H](C)OP(=O)(O)O[C@@H]1[C@H](O)[C@H](n6cnc7cc(C)c(C)cc76)O[C@H]1CO)[C@H]5CC(N)=O)N4[Co+]C#N)[C@@](C)(CC(N)=O)[C@@H]3CCC(N)=O)C(C)(C)[C@@H]2CCC(N)=O,RMRCNWBMXRMIRW-YGTVVIKESA-M,1355.5746765780896,3.3542200000000095,C/C1=C2/N=C(/C=C3\N=C(/C(C)=C4/[C@@H](CCC(N)=O)[C@](C)(CC(N)=O)[C@](C)([C@@H]5N=C1[C@](C)(CCC(=O)NC[C@H](C)OP(=O)(O)O[C@H]1[C@H](CO)O[C@@H](n6cnc7cc(C)c(C)cc76)[C@H]1O)[C@H]5CC(N)=O)N4[Co+]C#N)[C@@](C)(CC(N)=O)[C@@H]3CCC(N)=O)C(C)(C)[C@@H]2CCC(N)=O,BRD-A62558788,1.156411452,1.141746951,1.149079202,
89342808,Cc1ccc([C@@H](CN)c2c[nH]c3ccccc23)o1,WWCXHACKCXBIQX-LBPRGKRZSA-N,240.126263132,3.1599200000000005,Cc1ccc([C@@H](CN)c2c[nH]c3ccccc23)o1,BRD-A62699117,0.990879424,0.984836019,0.987857722,
10985185,OCCN1C[C@@H](O)[C@@H](O)[C@@H](O)[C@@H]1CO,IBAQFPQHRJAVAV-FKSUSPILSA-N,207.110672644,-3.262099999999999,OCCN1C[C@@H](O)[C@@H](O)[C@@H](O)[C@@H]1CO,BRD-A63310107,1.053988108,1.04412636,1.049057234,
22174037,COc1ccc([C@@H]([C@H](Cc2ccccc2)OC(C)=O)N2C[C@@H](OC(C)=O)[C@@H]3[C@H]([C@@H]2Cc2ccccc2)N(C)O[C@H]3c2ccccc2)cc1,LERUVXNDGRWPGW-IQRBOPRYSA-N,648.3199371279999,6.372400000000008,COc1ccc([C@@H]([C@H](Cc2ccccc2)OC(C)=O)N2C[C@@H](OC(C)=O)[C@H]3[C@H](c4ccccc4)ON(C)[C@H]3[C@@H]2Cc2ccccc2)cc1,BRD-A63541461,1.141278769,1.225819861,1.183549315,
50695384,C[C@H]1O[C@H](n2cnc3c(N)ncnc32)C[C@H]1O,FFHPXOJTVQDVMO-QYNIQEEDSA-N,235.106924656,0.07680000000000015,C[C@H]1O[C@H](n2cnc3c(N)ncnc32)C[C@H]1O,BRD-A63759745,1.250571701,1.226735016,1.238653358,
87553491,Cc1cc(Nc2cc(C)on2)nc([C@H]2CCN(C(=O)CN)C2)n1,NUWBYDYXNSQFIG-NSHDSACASA-N,316.16477388000004,1.0996399999999993,Cc1cc(Nc2cc(C)on2)nc([C@H]2CCN(C(=O)CN)C2)n1,BRD-A63794659,0.720226606,1.049775867,0.885001236,
85128208,O=C(O)[C@@H]1C(=CCO)O[C@H]2CC(=O)N12,HZZVJAQRINQKSD-BQBZGAKWSA-N,199.048072388,-1.0956,O=C(O)[C@@H]1C(=CCO)O[C@H]2CC(=O)N21,BRD-A64187568,1.067487198,0.934825521,1.00115636,
47475277,CC=CC[C@H](C)[C@H](O)[C@@H]1C(=O)N[C@H](CC)C(=O)N(C)CC(=O)N(C)[C@H](CC(C)C)C(=O)N[C@@H](C(C)C)C(=O)N(C)[C@H](CC(C)C)C(=O)N[C@H](C)C(=O)N[C@H](C)C(=O)N(C)[C@H](CC(C)C)C(=O)N(C)[C@H](CC(C)C)C(=O)N(C)[C@H](C(C)C)C(=O)N1C,PMATZTZNYRCHOR-IBCXGJJWSA-N,1201.8413679919997,3.2690000000000046,CC=CC[C@H](C)[C@H](O)[C@@H]1C(=O)N[C@H](CC)C(=O)N(C)CC(=O)N(C)[C@H](CC(C)C)C(=O)N[C@@H](C(C)C)C(=O)N(C)[C@H](CC(C)C)C(=O)N[C@H](C)C(=O)N[C@H](C)C(=O)N(C)[C@H](CC(C)C)C(=O)N(C)[C@H](CC(C)C)C(=O)N(C)[C@H](C(C)C)C(=O)N1C,BRD-A64290322,0.66439969,0.91958333,0.79199151,
97909553,COC(=O)CC1=C(C(=O)OC)[C@]2(C(=O)Nc3ccccc32)C(C(=O)OC)C(=N)O1,YHARGBCDDYWUNP-PKDNWHCCSA-N,402.10631553599995,0.6633699999999996,COC(=O)CC1=C(C(=O)OC)[C@]2(C(=O)Nc3ccccc32)C(C(=O)OC)C(=N)O1,BRD-A64459572,0.999138573,0.884542587,0.94184058,
16624532,O=C1NC(=O)C(=C[C@@H]2CC=CCC2)C(=O)N1,YQCKBDIUSLPKLF-SSDOTTSWSA-N,220.084792244,0.6351,O=C1NC(=O)C(=C[C@@H]2CC=CCC2)C(=O)N1,BRD-A64602753,0.973677451,0.938394812,0.956036131,
10461115,CC(=O)OCC1=C[C@@H]2OC(=O)C3=CO[C@@H](O[C@H]4O[C@H](CO)[C@@H](O)[C@H](O)[C@H]4O)[C@H]1[C@@H]32,IBIPGYWNOBGEMH-GWNYCGOJSA-N,414.1162115239999,-2.2959999999999976,CC(=O)OCC1=C[C@@H]2OC(=O)C3=CO[C@@H](O[C@H]4O[C@H](CO)[C@@H](O)[C@H](O)[C@H]4O)[C@H]1[C@@H]32,BRD-A64835550,1.226697825,1.010161614,1.118429719,
18575929,C=C(C)C1=NC(C)(C)C[C@H](C)O1,NXCYOVQRBLCDPD-QMMMGPOBSA-N,167.131014164,2.548400000000001,C=C(C)C1=NC(C)(C)C[C@H](C)O1,BRD-A65147844,1.125082877,1.074177257,1.099630067,
84403889,COc1ccc([C@@H]([C@H](Cc2ccccc2)OC(C)=O)N2Cc3c(noc3[C@@H](O)c3ccccc3)[C@@H]2Cc2ccccc2)cc1,SMNKUDDPSGANQF-IZVAWUQISA-N,588.262422252,6.780000000000008,COc1ccc([C@@H]([C@H](Cc2ccccc2)OC(C)=O)N2Cc3c(noc3[C@@H](O)c3ccccc3)[C@@H]2Cc2ccccc2)cc1,BRD-A65221749,1.047436623,1.147209823,1.097323223,
29514493,Nc1nnc(SC[C@@H](O)CO)s1,KJZFTWBCNSFDNN-VKHMYHEASA-N,207.013618528,-0.4344,Nc1nnc(SC[C@@H](O)CO)s1,BRD-A65475036,0.970670327,1.057782519,1.014226423,
22711053,Cc1nc(C2C(=N)N([C@H]3CS(=O)(=O)C[C@@H]3O)CC2=O)sc1C,SGZJIRNCZXTILT-AZXCQMJXSA-N,343.066048024,-0.13659000000000066,Cc1nc(C2C(=N)N([C@H]3CS(=O)(=O)C[C@@H]3O)CC2=O)sc1C,BRD-A65882313,0.951218641,0.881641963,0.916430302,
64793131,OC[C@H]1O[C@H](n2cnc3cncnc32)[C@@H](O)[C@@H]1O,MRWXACSTFXYYMV-ODXREFDESA-N,252.085854864,-1.5622000000000007,OC[C@H]1O[C@H](n2cnc3cncnc32)[C@@H](O)[C@@H]1O,BRD-A65965494,0.595849597,0.860519909,0.728184753,
64222432,N[C@H]1CS(=O)(=O)c2ccccc21,HKQBTGLZBNDHLG-ZETCQYMHSA-N,183.035399528,0.47370000000000007,N[C@H]1CS(=O)(=O)c2ccccc21,BRD-A66320662,1.033939091,1.178432362,1.106185726,
37334322,CC(C)C[C@](O)(C(=O)OCc1ccc(O[C@@H]2O[C@H](CO)[C@@H](O)[C@H](O)[C@H]2O)cc1)[C@@H](O)C(=O)OCc1ccc(O[C@@H]2O[C@H](CO)[C@@H](O)[C@H](O)[C@H]2O)cc1,QABASLXUKXNHMC-XEOJDDJVSA-N,742.268414632,-3.0312999999999954,CC(C)C[C@](O)(C(=O)OCc1ccc(O[C@@H]2O[C@H](CO)[C@@H](O)[C@H](O)[C@H]2O)cc1)[C@@H](O)C(=O)OCc1ccc(O[C@@H]2O[C@H](CO)[C@@H](O)[C@H](O)[C@H]2O)cc1,BRD-A66338081,1.140558428,0.85438073,0.997469579,
85779403,CC/N=C1\S[C@H](C(N)=O)CC(=O)N1CC,MYXRUFRVJSTKTM-LURJTMIESA-N,229.08849772,0.20159999999999978,CC/N=C1\S[C@H](C(N)=O)CC(=O)N1CC,BRD-A66339309,1.064543669,1.037250105,1.050896887,
10464192,NCC[C@H]1COc2ccccc2O1,BIDRHBDWACXXJK-QMMMGPOBSA-N,179.094628656,1.1751999999999998,NCC[C@H]1COc2ccccc2O1,BRD-A66476287,0.913594826,1.000120092,0.956857459,
20150339,COc1cc2c(cc1OC)-c1onc(-c3ccc(OCCO[Si](C(C)C)(C(C)C)C(C)C)cc3)c1CCCN(C[C@@H](C)OC(=O)NCCCCCC(=O)NO)CC2,HANLWGLNCBLRSH-JGCGQSQUSA-N,810.4599062220001,8.567900000000005,COc1cc2c(cc1OC)-c1onc(-c3ccc(OCCO[Si](C(C)C)(C(C)C)C(C)C)cc3)c1CCCN(C[C@@H](C)OC(=O)NCCCCCC(=O)NO)CC2,BRD-A66522543,0.880473021,0.760773899,0.82062346,
86493908,COC(=O)[C@H]1CNCCN1c1ccccc1,BWIFAQQDGNDKJG-LLVKDONJSA-N,220.121177752,0.6377999999999997,COC(=O)[C@H]1CNCCN1c1ccccc1,BRD-A66661696,1.088918798,1.196729491,1.142824144,
13141194,C[C@@H](O)c1ccc2ccccc2c1,AXRKCRWZRKETCK-SECBINFHSA-N,172.088815004,2.8931000000000013,C[C@@H](O)c1ccc2ccccc2c1,BRD-A66746621,0.841539184,0.817439403,0.829489293,
96899679,CN1C=C(C(=O)OCCS(C)(=O)=O)C(C(=O)OCCS(C)(=O)=O)=CC(c2ccc(CO)cc2)=C[C@@H]1C1CC1,YMQBWOJTCMKNAS-XMMPIXPASA-N,567.159673636,1.2722000000000009,CN1C=C(C(=O)OCCS(C)(=O)=O)C(C(=O)OCCS(C)(=O)=O)=CC(c2ccc(CO)cc2)=C[C@@H]1C1CC1,BRD-A66753200,1.087220297,0.932344739,1.009782518,
72708292,N[C@H]1CCc2nc3ccccc3c(=O)n2[C@@H]1c1ccsc1,UKMICIPHIWHQNL-SWLSCSKDSA-N,297.0935831,2.3209,N[C@H]1CCc2nc3ccccc3c(=O)n2[C@@H]1c1ccsc1,BRD-A67172467,1.041620956,1.095870411,1.068745683,
52732646,Cc1nc(S(=O)(=O)N[C@H]2CCS(=O)(=O)C2)cn1C,GLKNVOBMBAXNLP-QMMMGPOBSA-N,293.05039796000005,-0.8060799999999992,Cc1nc(S(=O)(=O)N[C@H]2CCS(=O)(=O)C2)cn1C,BRD-A67687344,0.969237677,1.046709038,1.007973358,
10607267,NNC(=O)CCCC[C@H]1SC[C@H]2NC(=O)N[C@H]21,KOZWHQPRAOJMBN-ZXFLCMHBSA-N,258.115046816,-0.2979,NNC(=O)CCCC[C@H]1SC[C@H]2NC(=O)N[C@H]21,BRD-A67761862,0.820302238,1.135927668,0.978114953,
54714592,COc1ccc([C@H]([C@H](Cc2ccccc2)OC(C)=O)N(C[C@@H](/C=C/c2ccccc2)CC(=O)N(C)C)[C@@H](Cc2ccccc2)C(OC)OC)cc1,HADJSJKCXSNANQ-YGQOZTRCSA-N,692.3825373840001,7.250800000000009,COc1ccc([C@H]([C@H](Cc2ccccc2)OC(C)=O)N(C[C@@H](/C=C/c2ccccc2)CC(=O)N(C)C)[C@@H](Cc2ccccc2)C(OC)OC)cc1,BRD-A67816588,1.264005896,1.282192776,1.273099336,
47129734,CCc1cn([C@H]2C[C@@H](O)[C@@H](CO)O2)c(=O)[nH]c1=O,XACKNLSZYYIACO-IWSPIJDZSA-N,256.10592161200003,-1.2602999999999993,CCc1cn([C@H]2C[C@@H](O)[C@@H](CO)O2)c(=O)[nH]c1=O,BRD-A67842940,1.267633064,1.057467328,1.162550196,
40840147,CN(C[C@@H](O)CN)S(=O)(=O)c1ccccc1,CLYIIXZTFUPDBP-VIFPVBQESA-N,244.088163372,-0.3732999999999991,CN(C[C@@H](O)CN)S(=O)(=O)c1ccccc1,BRD-A67909679,0.866604953,1.12116277,0.993883861,
22967545,N[C@@H](Cc1ccccc1)c1ccc2c(c1)OCCO2,QGVBKZRNJLJGFM-AWEZNQCLSA-N,255.125928784,2.7003000000000013,N[C@@H](Cc1ccccc1)c1ccc2c(c1)OCCO2,BRD-A68227764,1.099507154,0.975263583,1.037385369,
28967773,COc1ccc(/C=C/CN2CCC(C(=O)N[C@@H](c3ccc(F)cc3)c3ccc4ccccc4n3)CC2)cc1,FSGLJBPFKQQGAQ-HKBQPEDESA-N,509.247855484,6.013500000000006,COc1ccc(/C=C/CN2CCC(C(=O)N[C@@H](c3ccc(F)cc3)c3ccc4ccccc4n3)CC2)cc1,BRD-A68425906,0.586451817,0.797925437,0.692188627,
43492561,Cc1o[nH]c(=O)c1CC[C@@H](N)C(=O)O,NZDIZJGEDFARSV-ZCFIWIBFSA-N,200.079706864,-0.37917999999999946,Cc1o[nH]c(=O)c1CC[C@@H](N)C(=O)O,BRD-A68475318,0.99085978,0.965852023,0.978355901,
50731549,CN1C=C(C(=O)OCCS(C)(=O)=O)C(C(=O)OCCS(C)(=O)=O)=CC(CCCO)=C[C@@H]1C1CC1,CKZSTLLFDOWHLI-HXUWFJFHSA-N,519.1596736359999,0.3952000000000018,CN1C=C(C(=O)OCCS(C)(=O)=O)C(C(=O)OCCS(C)(=O)=O)=CC(CCCO)=C[C@@H]1C1CC1,BRD-A68494823,1.213762341,0.952558732,1.083160536,
10995076,CO/N=[N+](\[O-])N1CCC[C@H](C(N)=O)C1,VMRAEEDANWCOOO-LURJTMIESA-N,202.106590308,-0.3774000000000002,CO/N=[N+](\[O-])N1CCC[C@H](C(N)=O)C1,BRD-A68589284,0.910120348,0.996992611,0.953556479,
59002520,C[C@@]1(c2cccs2)CC(c2cccs2)=Nc2ccccc2N1,MBCNBYULGGXJNL-SFHVURJKSA-N,324.07549051200004,5.661400000000003,C[C@@]1(c2cccs2)CC(c2cccs2)=Nc2ccccc2N1,BRD-A68723632,0.94467276,0.871504035,0.908088398,
10475161,CC(=O)N1C(=O)N(C(C)=O)[C@@H](O)[C@H]1O,WNAHKWXAFJUDOZ-OLQVQODUSA-N,202.05897142,-1.5462000000000002,CC(=O)N1C(=O)N(C(C)=O)[C@H](O)[C@@H]1O,BRD-A68889414,1.084395483,0.991411483,1.037903483,
44786130,CCOC(=O)C[C@@H](N)c1ccccc1Cl,CMHQPWVJHDPNEY-SNVBAGLBSA-N,227.071306368,2.293,CCOC(=O)C[C@@H](N)c1ccccc1Cl,BRD-A68928265,1.010924995,0.84637274,0.928648868,
11859743,CC(C)C1=CC2=CC[C@H]3[C@](C)(CO)CCC[C@]3(C)[C@@H]2CC1,GQRUHVMVWNKUFW-FUMNGEBKSA-N,288.245315644,5.113900000000005,CC(C)C1=CC2=CC[C@H]3[C@](C)(CO)CCC[C@]3(C)[C@@H]2CC1,BRD-A69214921,0.856278853,1.079340333,0.967809593,
60569587,O=C(O)[C@H]1C[C@H]2CCCCN2C1,PTTFWJPLXOUJMB-JGVFFNPUSA-N,169.11027872,0.9454000000000002,O=C(O)[C@H]1C[C@H]2CCCCN2C1,BRD-A69607617,0.846533697,1.024904418,0.935719058,
36861284,C[C@H]1C=C(CCCO)C/C(=N/P(=O)(Oc2ccccc2)Oc2ccccc2)N1Cc1cccc(OC(F)(F)F)c1,WSDJYMRDAJKTGC-QFIPXVFZSA-N,574.18444335,7.5429000000000075,C[C@H]1C=C(CCCO)C/C(=N/P(=O)(Oc2ccccc2)Oc2ccccc2)N1Cc1cccc(OC(F)(F)F)c1,BRD-A69612786,1.066977921,1.048369681,1.057673801,
68334123,COC(=O)[C@H]1CCNCCC1=O,RZPJGIJVTHXSDP-LURJTMIESA-N,171.089543276,-0.27190000000000025,COC(=O)[C@H]1CCNCCC1=O,BRD-A69822661,1.123830836,0.975343693,1.049587264,
92938601,COc1ccc2c(c1)OC(C)(C)C[C@@H]2N,ILVYMPMYKKRSPO-JTQLQIEISA-N,207.125928784,2.2561,COc1ccc2c(c1)OC(C)(C)C[C@@H]2N,BRD-A70017037,1.046400694,0.998236965,1.02231883,
72822296,Cc1ncc([N+](=O)[O-])n1C[C@@H](C)O,KPQZUUQMTUIKBP-RXMQYKEDSA-N,185.080041212,0.4805199999999999,Cc1ncc([N+](=O)[O-])n1C[C@@H](C)O,BRD-A70083328,0.905306634,1.096643004,1.000974819,
73795039,CO[C@@H](C)n1cc(Br)c(=O)[nH]c1=O,FNUOGHWMONWYCK-BYPYZUCNSA-N,247.979654248,0.464,CO[C@@H](C)n1cc(Br)c(=O)[nH]c1=O,BRD-A70747987,1.04989462,1.013059132,1.031476876,
14255771,CC(C)(C)[C@H]1CC[C@@]2(CC1)C[C@@H](C[Si](C)(C)C)OO2,NSHQTUBJQSYRLB-OFQRWUPVSA-N,284.217156794,5.020200000000005,CC(C)(C)[C@H]1CC[C@@]2(CC1)C[C@@H](C[Si](C)(C)C)OO2,BRD-A70819898,0.979658115,1.117496931,1.048577523,
10642672,CC(C)Cc1ccc([C@@H](C)c2nc(-c3cccs3)no2)cc1,GPBHENHTDZKFKV-CYBMUJFWSA-N,312.12963426,5.148400000000005,CC(C)Cc1ccc([C@@H](C)c2nc(-c3cccs3)no2)cc1,BRD-A70948657,0.966817965,1.184732643,1.075775304,
82420046,C[C@@H](NCCC(c1ccccc1)c1ccccc1)c1ccccc1,NMKSAYKQLCHXDK-LJQANCHMSA-N,315.1986998,5.5594000000000054,C[C@@H](NCCC(c1ccccc1)c1ccccc1)c1ccccc1,BRD-A71033472,0.506776726,0.979321997,0.743049361,
56584397,C=CCOC(=O)[C@@H]1[C@@H](C(=O)OC)N(C)[C@@H](c2ccccc2)[C@]12C(=O)Nc1ccc(I)cc12,IAKIHSYTORQWFG-AZXNSQLWSA-N,546.065169836,3.0548,C=CCOC(=O)[C@@H]1[C@@H](C(=O)OC)N(C)[C@@H](c2ccccc2)[C@]12C(=O)Nc1ccc(I)cc12,BRD-A71420862,1.125013993,1.133727183,1.129370588,
44881794,O=C(O)[C@H]1NC(=O)[C@@H]1Cc1ccccc1,XAYALKWOQDDTHC-BDAKNGLRSA-N,205.073893212,0.4282999999999997,O=C(O)[C@H]1NC(=O)[C@@H]1Cc1ccccc1,BRD-A71509333,1.139398756,1.026322449,1.082860602,
99580563,Nc1ncnc2c1ncn2[C@H]1O[C@@H](CO)[C@H](O)[C@@H]1O,OIRDTQYFTABQOQ-DEGSGYPDSA-N,267.096753896,-1.9800000000000006,Nc1ncnc2c1ncn2[C@H]1O[C@@H](CO)[C@H](O)[C@@H]1O,BRD-A71731641,0.98652559,1.200339795,1.093432692,
99974662,COCCN1C[C@H](C(=O)O)CC1=O,SQFXUCKQOKOBLC-ZCFIWIBFSA-N,187.084457896,-0.4341000000000006,COCCN1C[C@H](C(=O)O)CC1=O,BRD-A72336417,1.094902818,0.995053523,1.044978171,
62984034,COC(=O)C(CCCN1C(=O)c2ccccc2C1=O)(NC(C)=O)c1nn[nH]n1,LAXFLQUNRXTZBP-UHFFFAOYSA-N,386.1338676760001,-0.21949999999999886,COC(=O)C(CCCN1C(=O)c2ccccc2C1=O)(NC(C)=O)c1nn[nH]n1,BRD-A72352402,1.108150798,0.920698643,1.01442472,
15180583,NC(=S)N[C@H]1C[C@@H]2C=C[C@H]1C2,LBGARRDHDRSGJO-VQVTYTSYSA-N,168.072119384,0.7842000000000002,NC(=S)N[C@H]1C[C@@H]2C=C[C@H]1C2,BRD-A72354188,1.055526201,1.119760349,1.087643275,
10264120,NC1=NC(=O)[C@@H]2N=C(Br)N([C@H]3O[C@H]4COP(=O)(O)O[C@@H]4[C@@H]3O)[C@H]2N1,RCZFDLLBLVKSIW-MSADZILISA-N,424.97359648599996,-2.2062999999999997,NC1=NC(=O)[C@@H]2N=C(Br)N([C@H]3O[C@H]4COP(=O)(O)O[C@@H]4[C@@H]3O)[C@H]2N1,BRD-A72523148,0.821079978,1.051481955,0.936280966,
51947847,CNC(=N)NCCC[C@@H](N)C(=O)O,NTNWOCRCBQPEKQ-RXMQYKEDSA-N,188.127325752,-1.0777299999999994,CNC(=N)NCCC[C@@H](N)C(=O)O,BRD-A72849414,1.022857082,1.060141453,1.041499267,
44042578,COc1ccccc1O[C@@H](C)C(=O)NN,BVYINVRWOSTVLG-ZETCQYMHSA-N,210.100442308,0.4524000000000001,COc1ccccc1O[C@@H](C)C(=O)NN,BRD-A72922182,0.98871286,1.10460664,1.04665975,
46751820,CN(Cc1ccccc1)C[C@H]1C[C@@H](c2ccc(CO)cc2)O[C@H](c2ccc(NC(=O)CCCCCCC(=O)NO)cc2)O1,KQZDCLZYJBJLKB-JSWXEYCZSA-N,589.3151860959999,5.640800000000004,CN(Cc1ccccc1)C[C@H]1C[C@@H](c2ccc(CO)cc2)O[C@H](c2ccc(NC(=O)CCCCCCC(=O)NO)cc2)O1,BRD-A72960880,1.04108387,0.785965255,0.913524563,
64427013,c1ccc([C@@H]2Oc3ccccc3[C@@H]3Oc4ccccc4C[C@@H]23)cc1,SXZDARLYEGHHER-NYVOZVTQSA-N,314.130679816,5.112700000000004,c1ccc([C@@H]2Oc3ccccc3[C@@H]3Oc4ccccc4C[C@@H]23)cc1,BRD-A73099947,1.066151883,1.289734468,1.177943176,
84818064,CC(C)(C(=O)O)c1ccc([C@@H](O)CCCN2CCC(C(O)(c3ccccc3)c3ccccc3)CC2)cc1,RWTNPBWLLIMQHL-LJAQVGFWSA-N,501.287908728,5.510500000000006,CC(C)(C(=O)O)c1ccc([C@@H](O)CCCN2CCC(C(O)(c3ccccc3)c3ccccc3)CC2)cc1,BRD-A73368467,1.021948952,0.839407099,0.930678026,
26513128,Cc1c(-c2ccccc2)n(C[C@@H](O)CN)c2ccccc12,OXSQDSQNXULEHA-HNNXBMFYSA-N,280.15756325999996,2.9363200000000003,Cc1c(-c2ccccc2)n(C[C@@H](O)CN)c2ccccc12,BRD-A73585393,0.814586707,0.714985856,0.764786281,
79659586,CC/N=C1\S[C@@H](CC(=O)NC)C(=O)N1CC,BEQNFKWEVIZVSW-ZETCQYMHSA-N,243.104147784,0.46229999999999993,CC/N=C1\S[C@@H](CC(=O)NC)C(=O)N1CC,BRD-A73617077,0.984274429,1.190160348,1.087217389,
93405209,C=C1C[C@@]23CC[C@@H]4[C@@](C)(CCC[C@@]4(C)C(=O)OC)[C@H]2CC[C@@H]1C3,DWTRNJFPDXIFSY-ZAWDRSOMSA-N,316.240230264,5.128500000000005,C=C1C[C@@]23CC[C@@H]4[C@@](C)(CCC[C@@]4(C)C(=O)OC)[C@H]2CC[C@@H]1C3,BRD-A73812736,0.835561862,1.136915021,0.986238441,
56615178,CC(C)(C)OC(=O)CC[C@]1(C(=O)NC[C@@H](O)CO)COC(c2ccc(OCCCO)cc2)=N1,MGQDBAYQLVZNJR-UZUQRXQVSA-N,466.23151604799995,0.5547000000000013,CC(C)(C)OC(=O)CC[C@]1(C(=O)NC[C@@H](O)CO)COC(c2ccc(OCCCO)cc2)=N1,BRD-A73997442,0.911238555,0.836696811,0.873967683,
30178696,N[C@@H](c1ccccc1)c1cc2ccccc2cn1,AMSZZLOUYWAVNF-INIZCTEOSA-N,234.115698448,3.2829000000000015,N[C@@H](c1ccccc1)c1cc2ccccc2cn1,BRD-A74046878,0.743498862,0.808707508,0.776103185,
70717544,C=C(CC[C@@H](C)[C@H]1CC[C@@]2(C)C3=C(C[C@H](O)[C@]12C)[C@@]1(C)CC[C@@H](OC(=O)CC(=O)O)C(C)(C)[C@@H]1CC3)[C@@H](C)C(=O)O,HMOMGSPWDYKCAH-YOCPHHQVSA-N,572.3713040039999,6.786200000000006,C=C(CC[C@@H](C)[C@H]1CC[C@@]2(C)C3=C(C[C@H](O)[C@]12C)[C@@]1(C)CC[C@@H](OC(=O)CC(=O)O)C(C)(C)[C@@H]1CC3)[C@@H](C)C(=O)O,BRD-A74457435,1.552006492,1.38317373,1.467590111,
11213726,NC(=O)NC(=O)C[C@H]1Nc2ccccc2NC1=O,ANLVFPPLYKNAPK-MRVPVSSYSA-N,248.090940244,0.004199999999999149,NC(=O)NC(=O)C[C@H]1Nc2ccccc2NC1=O,BRD-A74507583,1.016267842,0.999811955,1.008039898,
10708759,CCOC(OCC)P(=O)(O)CCCN,QIIVUOWTHWIXFO-UHFFFAOYSA-N,225.11299474999998,0.9621999999999999,CCOC(OCC)P(=O)(O)CCCN,BRD-A75314250,1.146366903,0.986092968,1.066229935,
68672301,COC(=O)/C=C1\N[C@H]2CCCC[C@@H]2NC1=O,PUHJBOPVEDEGAS-YUMQZZPRSA-N,224.116092372,0.07389999999999969,COC(=O)/C=C1\N[C@H]2CCCC[C@@H]2NC1=O,BRD-A75551823,0.976966845,0.901286173,0.939126509,
53393412,CC(C)(C)C(=O)C[C@@H](Nc1ccccc1)c1ccc(Cl)cc1,ZGQKHAAGRBEZNI-QGZVFWFLSA-N,315.138992004,5.498500000000004,CC(C)(C)C(=O)C[C@@H](Nc1ccccc1)c1ccc(Cl)cc1,BRD-A75576306,0.9963504,1.202887943,1.099619172,
64474819,C[C@@]1(C(=O)O)[C@H]2CC[C@@H](O2)[C@@]1(C)C(=O)O,NMTNUQBORQILRK-ZHYWTAKUSA-N,214.084123548,0.7294,C[C@@]1(C(=O)O)[C@H]2CC[C@@H](O2)[C@@]1(C)C(=O)O,BRD-A75612301,1.082979851,0.977457741,1.030218796,
47326105,C=c1ccc(S(=O)(=O)NC[C@@H](C)O)cc1=C1NN=C2c3ccccc3C(C)=NN21,HOKUZJNZFOAZOQ-CYBMUJFWSA-N,411.1365105320001,-0.17369999999999752,C=c1ccc(S(=O)(=O)NC[C@@H](C)O)cc1=C1NN=C2c3ccccc3C(C)=NN21,BRD-A75727110,1.15869981,1.315426145,1.237062978,
10761833,C[C@H]1C[C@@H]2[C@@H](C[C@@H]1C)N[C@@H]1C(=O)NC(=O)N[C@H]1N2C[C@H](O)[C@H](O)[C@H](O)CO,LXNWHONSMYYPBF-WVFUVSCWSA-N,386.21653467999994,-2.696099999999996,C[C@H]1C[C@H]2N[C@@H]3C(=O)NC(=O)N[C@H]3N(C[C@H](O)[C@H](O)[C@H](O)CO)[C@@H]2C[C@@H]1C,BRD-A75771022,1.092179777,0.813050633,0.952615205,
89425517,CCC[C@@H](CN)c1ccc(F)cc1,IODPHOCWDVDRFU-JTQLQIEISA-N,181.126677732,2.668100000000001,CCC[C@@H](CN)c1ccc(F)cc1,BRD-A76189302,0.949358451,0.817409752,0.883384102,
37797213,CC(C)N1C[C@@H](CO)CC1=O,HJRSONVKDMDDFC-ZETCQYMHSA-N,157.11027872,0.23559999999999987,CC(C)N1C[C@@H](CO)CC1=O,BRD-A76211505,1.165555478,0.880150906,1.022853192,
90611805,c1nc(N2CCN3CCC[C@H]3C2)c2[nH]cnc2n1,ZRBWEAWZCVSDSM-VIFPVBQESA-N,244.14364451199998,0.6372999999999995,c1nc(N2CCN3CCC[C@H]3C2)c2[nH]cnc2n1,BRD-A76281029,1.005253551,0.88241722,0.943835386,
27691005,C[C@@H](NC=C1C(=O)OC(C)(C)OC1=O)C(=O)O,VFZREVWWPWLREX-RXMQYKEDSA-N,243.074287136,-0.23090000000000038,C[C@@H](NC=C1C(=O)OC(C)(C)OC1=O)C(=O)O,BRD-A76584628,0.801879278,1.101953593,0.951916436,
56121019,CC[C@@H](C)NC(=O)Cn1cnc2c1c(=O)n(C)c(=O)n2C,FBRTVNGAUHJHTL-MRVPVSSYSA-N,293.148789468,-0.6515999999999988,CC[C@@H](C)NC(=O)Cn1cnc2c1c(=O)n(C)c(=O)n2C,BRD-A76616187,1.007211488,1.173949142,1.090580315,
22609237,O=C(NCCN1CCOCC1)C(=O)NC[C@H]1COc2ccccc2O1,QHRHPQXJPQHELB-ZDUSSCGKSA-N,349.163770836,-0.6089999999999969,O=C(NCCN1CCOCC1)C(=O)NC[C@H]1COc2ccccc2O1,BRD-A76641194,1.120080695,1.014010942,1.067045819,
36214161,[N-]=[N+]=Nc1ccccc1[C@@H]1OC(c2ccc(OCCCO)cc2)=N[C@]1(CCS(=O)(=O)c1ccccc1)C(=O)NC[C@@H](O)CO,LLPKRRSILSRQAF-JHIRXSEKSA-N,623.204984016,2.979900000000002,[N-]=[N+]=Nc1ccccc1[C@@H]1OC(c2ccc(OCCCO)cc2)=N[C@]1(CCS(=O)(=O)c1ccccc1)C(=O)NC[C@@H](O)CO,BRD-A76839081,0.949895225,0.911732981,0.930814103,
10402576,O=P(/N=C1/CC(CCCO)=C[C@H](c2ccc(CN3CCCC3)cc2)N1Cc1cccc(OC(F)(F)F)c1)(Oc1ccccc1)Oc1ccccc1,TTXUTHXSBFSIOM-DIPNUNPCSA-N,719.2735927020001,9.491499999999998,O=P(/N=C1/CC(CCCO)=C[C@H](c2ccc(CN3CCCC3)cc2)N1Cc1cccc(OC(F)(F)F)c1)(Oc1ccccc1)Oc1ccccc1,BRD-A76868975,1.064485089,0.814891096,0.939688092,
30086059,O=C(NCCCN1CCOCC1)[C@H]1[C@@H]2C=C[C@@]3(CN(Cc4cccs4)C(=O)[C@@H]13)O2,JNSLCAFKRVTPDV-UGNRZPKXSA-N,417.17222734399996,0.8686000000000016,O=C(NCCCN1CCOCC1)[C@H]1[C@@H]2C=C[C@@]3(CN(Cc4cccs4)C(=O)[C@@H]13)O2,BRD-A77238106,1.079497944,1.287939598,1.183718771,
39992623,Cc1ccc(NC(=O)C[C@H]2NCCNC2=O)cc1,ZSGWYFPHRLVZOE-LLVKDONJSA-N,247.132076784,0.41161999999999993,Cc1ccc(NC(=O)C[C@H]2NCCNC2=O)cc1,BRD-A77293514,1.027262959,1.276179457,1.151721208,
10337804,COc1ccc([C@@H]([C@H](Cc2ccccc2)OC(C)=O)N2C[C@@H](CC(=O)N(C)C)[C@@H]3[C@H]([C@@H]2Cc2ccccc2)N(C)O[C@H]3c2ccccc2)cc1,MRWQNWJTGKPDDH-GNFPFWJZSA-N,675.367221668,6.535200000000008,COc1ccc([C@@H]([C@H](Cc2ccccc2)OC(C)=O)N2C[C@@H](CC(=O)N(C)C)[C@H]3[C@H](c4ccccc4)ON(C)[C@H]3[C@@H]2Cc2ccccc2)cc1,BRD-A77311674,1.13490036,1.192311015,1.163605688,
10212566,Cc1cn([C@H]2CC[C@@H](CO)O2)c(=O)[nH]c1=O,XKKCQTLDIPIRQD-JGVFFNPUSA-N,226.095356928,-0.4850800000000001,Cc1cn([C@H]2CC[C@@H](CO)O2)c(=O)[nH]c1=O,BRD-A77483373,0.990734087,1.053698057,1.022216072,
17635540,CS(=O)(=O)CCOC(=O)C1=CC(c2ccc(CO)cc2)=C[C@@H](C2CC2)N(Cc2cc3c(cc2Br)OCO3)C=C1C(=O)OCCS(C)(=O)=O,JENJFHZZFYWCTR-LJAQVGFWSA-N,765.0913150720003,3.333800000000002,CS(=O)(=O)CCOC(=O)C1=CC(c2ccc(CO)cc2)=C[C@@H](C2CC2)N(Cc2cc3c(cc2Br)OCO3)C=C1C(=O)OCCS(C)(=O)=O,BRD-A77647267,1.056078084,0.792276496,0.92417729,
11299998,C[C@H]1O[C@@H](O[C@H]2CC[C@@]3(C)[C@@H](CC[C@@]4(C)[C@@H]3CC=C3[C@H]5C[C@](C)(C(=O)O)CC[C@]5(C(=O)O[C@H]5O[C@@H](CO)[C@@H](O)[C@@H](O)[C@@H]5O)CC[C@@]34C)[C@@]2(C)CO)[C@@H](O)[C@@H](O[C@H]2O[C@@H](CO)[C@@H](O)[C@@H](O)[C@@H]2O)[C@@H]1O,NBRNBNKTLQCEAR-RPJCCFNFSA-N,972.4929948320001,-0.794799999999992,C[C@H]1O[C@@H](O[C@H]2CC[C@@]3(C)[C@@H](CC[C@@]4(C)[C@@H]3CC=C3[C@H]5C[C@](C)(C(=O)O)CC[C@]5(C(=O)O[C@H]5O[C@@H](CO)[C@@H](O)[C@@H](O)[C@@H]5O)CC[C@@]34C)[C@@]2(C)CO)[C@@H](O)[C@@H](O[C@H]2O[C@@H](CO)[C@@H](O)[C@@H](O)[C@@H]2O)[C@@H]1O,BRD-A77735627,1.073571299,0.833136604,0.953353951,
82637644,C[C@@]1(C2CC2)NC(=O)NC1=O,NSJNDFMJXLKSSR-ZETCQYMHSA-N,154.07422756,-0.005499999999999949,C[C@@]1(C2CC2)NC(=O)NC1=O,BRD-A77818649,1.045802779,1.197876649,1.121839714,
57509669,CC1(C)C[C@@](CCN)(Cc2ccccc2)CCO1,PIEDATHHFQLXTM-MRXNPFEDSA-N,247.19361442,3.1533000000000024,CC1(C)C[C@@](CCN)(Cc2ccccc2)CCO1,BRD-A78036890,0.946951893,1.098707639,1.022829766,
45088439,COc1ccc(C[C@@H](N)c2ccc(C)cn2)cc1OC,PYDSGVQSZKYTIN-CYBMUJFWSA-N,272.15247788,2.649720000000001,COc1ccc(C[C@@H](N)c2ccc(C)cn2)cc1OC,BRD-A78289372,1.113338958,1.115902489,1.114620724,
24014956,CC(=O)O[C@@H]1[C@@H]2C[C@@H]([C@H]1OC(C)=O)[C@@H]1C(=O)N(C)C(=O)[C@@H]21,SJPJWFVUEGVUKN-PQTSNVLCSA-N,295.105587264,-0.2695000000000005,CC(=O)O[C@@H]1[C@@H]2C[C@H]([C@@H]3C(=O)N(C)C(=O)[C@H]32)[C@H]1OC(C)=O,BRD-A78667922,1.008486218,1.052732728,1.030609473,
32031985,O=S1(=O)C[C@H](O)[C@@H](N2CCN(CCO)CC2)C1,BTKUCMFXSYXQHF-UWVGGRQHSA-N,264.11437812,-2.2457999999999974,O=S1(=O)C[C@H](O)[C@@H](N2CCN(CCO)CC2)C1,BRD-A78687798,1.012890379,1.026349534,1.019619956,
55357790,COC(CNC(=O)C(=O)NC[C@H]1OCCN1C(=O)c1ccc2c(c1)OCO2)OC,GXRBEHWIEZJOBX-CQSZACIVSA-N,409.14851469599995,-0.9348999999999983,COC(CNC(=O)C(=O)NC[C@H]1OCCN1C(=O)c1ccc2c(c1)OCO2)OC,BRD-A78844797,0.9895407,0.843544623,0.916542662,
54564021,O=C(O)C[C@@H](C(=O)O)[C@H](O)c1ccccc1,PEMSVVZWLJFHRI-PSASIEDQSA-N,224.068473484,0.8955,O=C(O)C[C@@H](C(=O)O)[C@H](O)c1ccccc1,BRD-A78864128,1.067968566,1.081750102,1.074859334,
11454242,COc1ccc(C#Cc2ccc3c(c2)[C@@]2(C(=O)N3C(=O)N[C@@H](C)c3ccccc3)[C@H](c3ccc(OCCO)cc3)N3[C@H](c4ccccc4)[C@H](c4ccccc4)OC(=O)[C@H]3[C@@H]2C(=O)O)cc1,NKBWKJKMLSKZOI-LQXTWHARSA-N,867.3155800200001,7.687000000000009,COc1ccc(C#Cc2ccc3c(c2)[C@@]2(C(=O)N3C(=O)N[C@@H](C)c3ccccc3)[C@H](c3ccc(OCCO)cc3)N3[C@H](c4ccccc4)[C@H](c4ccccc4)OC(=O)[C@H]3[C@@H]2C(=O)O)cc1,BRD-A78882835,1.464402678,1.227983188,1.346192933,
29793428,CC(=O)[C@@H](OC(=O)CS(C)(=O)=O)C(=O)NCc1ccccc1,ZRQFTECPCDKQIG-CYBMUJFWSA-N,327.07765826400004,-0.15179999999999927,CC(=O)[C@@H](OC(=O)CS(C)(=O)=O)C(=O)NCc1ccccc1,BRD-A78886750,1.063177604,0.955851597,1.009514601,
57271979,C[C@@]1(C(=O)O)CCCC[C@@H]1N,OPHAWIHKXMLLCV-POYBYMJQSA-N,157.11027872,0.9785999999999999,C[C@@]1(C(=O)O)CCCC[C@@H]1N,BRD-A78966343,0.830718267,1.009996373,0.92035732,
75309504,CCOC(=O)[C@@H](C)n1ncn2cccc2c1=O,ZAHQZEUBRUBTNH-MRVPVSSYSA-N,235.095691276,0.6201,CCOC(=O)[C@@H](C)n1ncn2cccc2c1=O,BRD-A79060692,1.0642218,1.02377249,1.043997145,
21334830,CN1CCCN(C[C@@]2(O)CCNC2)CC1,NRSSNRKWWDIQDY-LLVKDONJSA-N,213.18411235599999,-0.6516999999999986,CN1CCCN(C[C@@]2(O)CCNC2)CC1,BRD-A79271308,1.072111611,0.98595262,1.029032115,
94504915,CC(C)C[C@H]1NC(=O)N(C)C1=O,DNVRXRZRFLFWAM-ZCFIWIBFSA-N,170.105527688,0.5827,CC(C)C[C@H]1NC(=O)N(C)C1=O,BRD-A80017544,0.930420445,0.849248069,0.889834257,
25356982,CC[C@@H](O)C#CCN1CCN(C)CC1,ABSOBNHEHFGVMZ-LLVKDONJSA-N,196.15756326,0.008099999999999996,CC[C@@H](O)C#CCN1CCN(C)CC1,BRD-A80399353,0.952707292,1.248585885,1.100646589,
10062641,CC[C@@H](Nc1n[nH]c(=O)[nH]c1=O)C(=O)OC,UMSACCDTECHDOP-SCSAIBSYSA-N,228.085854864,-1.178299999999999,CC[C@@H](Nc1n[nH]c(=O)[nH]c1=O)C(=O)OC,BRD-A80519968,1.104733316,1.052866671,1.078799994,
78382869,CC[C@@H](C)c1ccc(NC(=O)c2ccc(N(CC)CC)cc2)cc1,PDIGPZTXGSGNTB-MRXNPFEDSA-N,324.22016351599996,5.298600000000005,CC[C@@H](C)c1ccc(NC(=O)c2ccc(N(CC)CC)cc2)cc1,BRD-A81102973,1.277279849,1.136319711,1.20679978,
84370271,CN([C@@H](Cc1ccc(OS(=O)(=O)c2cccc3cnccc23)cc1)C(=O)N1CCN(c2ccccc2)CC1)S(=O)(=O)c1cccc2cnccc12,RJVLFQBBRSMWHX-DHUJRADRSA-N,721.20287584,5.131300000000006,CN([C@@H](Cc1ccc(OS(=O)(=O)c2cccc3cnccc23)cc1)C(=O)N1CCN(c2ccccc2)CC1)S(=O)(=O)c1cccc2cnccc12,BRD-A81177136,1.169336073,1.029909633,1.099622853,
29022572,CC(=O)OCC(=O)O[C@@H]1[C@H]2[C@@H](OC(=O)c3ccccc3)[C@@H](C)C[C@]2(O)[C@H](OC(C)=O)[C@@]2(C)[C@H](OC(C)=O)[C@]1(OC(C)=O)C[C@H]1C(=O)C(C)(C)C[C@@H]12,GVQACOLUOBLBLO-SNKYJNNMSA-N,714.288756152,2.8943000000000003,CC(=O)OCC(=O)O[C@@H]1[C@H]2[C@@H](OC(=O)c3ccccc3)[C@@H](C)C[C@]2(O)[C@H](OC(C)=O)[C@]2(C)[C@H]3CC(C)(C)C(=O)[C@@H]3C[C@@]1(OC(C)=O)[C@H]2OC(C)=O,BRD-A81252566,1.153577098,1.240211732,1.196894415,
24878558,Cc1ccc(C)c(C(=O)[C@H](N)CC(C)C)c1,HJLKVYIFHABXLU-CYBMUJFWSA-N,219.162314292,2.859540000000001,Cc1ccc(C)c(C(=O)[C@H](N)CC(C)C)c1,BRD-A81600970,0.890008632,0.948914048,0.91946134,
62111879,O=S1(=O)C[C@H](NCc2cccnc2)[C@@H](O)C1,HNCRLYXMUJVCNN-UWVGGRQHSA-N,242.072513308,-0.6709,O=S1(=O)C[C@H](O)[C@@H](NCc2cccnc2)C1,BRD-A81822910,1.130666582,1.028130357,1.07939847,
27780743,COC(=O)CCCCCCC(=O)Nc1ccc([C@H]2O[C@@H](CSc3nc4ccccc4s3)C[C@H](c3ccccc3)O2)cc1,DAVSJEYARFEJJB-KNCOWHAJSA-N,604.206564252,8.086100000000007,COC(=O)CCCCCCC(=O)Nc1ccc([C@H]2O[C@@H](CSc3nc4ccccc4s3)C[C@H](c3ccccc3)O2)cc1,BRD-A82201893,0.997372064,1.223382271,1.110377167,
42751418,O=C(NCCN1CCOCC1)C(=O)NC[C@H]1OCCN1S(=O)(=O)c1ccc(F)cc1,LJILNDNWSWGMOH-MRXNPFEDSA-N,444.14788374,-1.262699999999994,O=C(NCCN1CCOCC1)C(=O)NC[C@H]1OCCN1S(=O)(=O)c1ccc(F)cc1,BRD-A82265247,1.00886135,1.369075487,1.188968418,
95096300,CC[C@H]1Sc2ccccc2NC1=O,LOQBNBMYVUDPHC-MRVPVSSYSA-N,193.056134972,2.5094000000000003,CC[C@H]1Sc2ccccc2NC1=O,BRD-A82451428,0.953986408,0.675192955,0.814589681,
29719203,CN(C)[C@@H](CN)c1cccc(C(F)(F)F)c1,WSFINPCMQGMMKB-JTQLQIEISA-N,232.11873314,2.2668,CN(C)[C@@H](CN)c1cccc(C(F)(F)F)c1,BRD-A82474353,1.150088961,0.965316557,1.057702759,
74954110,O=c1c(O[C@@H]2O[C@H](CO)[C@@H](O)[C@H](O)[C@@H]2O[C@H]2OC[C@](O)(CO)[C@H]2O)c(-c2ccc(O)c(O)c2)oc2cc(O)cc(O)c12,QJWRRPPVKXMSJD-HDEGIHHKSA-N,596.1377348159999,-2.0739999999999994,O=c1c(O[C@@H]2O[C@H](CO)[C@@H](O)[C@H](O)[C@@H]2O[C@H]2OC[C@](O)(CO)[C@H]2O)c(-c2ccc(O)c(O)c2)oc2cc(O)cc(O)c12,BRD-A82620923,1.091828453,1.012243084,1.052035769,
67032741,O=c1[nH]c(=O)n([C@H]2C[C@H](O)[C@@H](CO)O2)cc1Br,WOVKYSAHUYNSMH-RRKCRQDMSA-N,305.98513355200004,-1.0602,O=c1[nH]c(=O)n([C@H]2C[C@H](O)[C@@H](CO)O2)cc1Br,BRD-A82769570,1.132630505,1.082010337,1.107320421,
28475182,O=C(O)[C@H]1CCCC[C@@H]1C(=O)N1CCOCC1,LTXOMALEWAFTIQ-UWVGGRQHSA-N,241.131408088,0.7362,O=C(O)[C@H]1CCCC[C@@H]1C(=O)N1CCOCC1,BRD-A82850781,0.946733366,1.071545447,1.009139406,
25799472,NNC(=O)C1[C@H]2CCCC[C@@H]12,NLGTWUMUVALTKA-MEKDEQNOSA-N,154.110613068,0.4124999999999994,NNC(=O)C1[C@H]2CCCC[C@@H]12,BRD-A83230984,1.095093355,0.679142203,0.887117779,
96174048,C/C1=C/[C@@]23O[C@@]2(C[C@H](C)[C@H]3O[C@H]2O[C@@H](CO)[C@@H](O)[C@@H](O)[C@@H]2O)C(=O)[C@H](C)[C@H](O)[C@@H]2C([C@H](O)[C@@H]1O)C2(C)C,YTROTLCFVCHVRD-KOAGQCHJSA-N,528.2570620999999,-1.7608999999999964,C/C1=C/[C@@]23O[C@@]2(C[C@H](C)[C@H]3O[C@H]2O[C@@H](CO)[C@@H](O)[C@@H](O)[C@@H]2O)C(=O)[C@H](C)[C@H](O)[C@@H]2C([C@H](O)[C@@H]1O)C2(C)C,BRD-A83321703,1.130389934,1.129374722,1.129882328,
10092759,CNC(=O)[C@H]1O[C@H](n2cnc3c(NCc4cccc(I)c4)nc(Cl)nc32)[C@@H](O)[C@@H]1O,IPSYPUKKXMNCNQ-MRHIQRDNSA-N,544.0122787360001,1.061599999999999,CNC(=O)[C@H]1O[C@H](n2cnc3c(NCc4cccc(I)c4)nc(Cl)nc32)[C@@H](O)[C@@H]1O,BRD-A83387524,0.97476395,1.026493802,1.000628876,
18119585,CCOC(=O)[C@H]1CN(C(C)(C)C)C(=O)C1=O,AYSLVAUISXMURP-ZETCQYMHSA-N,227.115758024,0.3754999999999997,CCOC(=O)[C@H]1CN(C(C)(C)C)C(=O)C1=O,BRD-A83591127,0.969595239,0.949218722,0.959406981,
18134479,C[C@@H]1CC[C@]2(C(=O)O[C@@H]3O[C@H](CO)[C@@H](O)[C@H](O)[C@H]3O)CC[C@]3(C)C(=CC[C@H]4[C@@]5(C)C[C@@H](O)[C@H](O)[C@@](C)(CO)[C@@H]5CC[C@]43C)[C@@H]2[C@]1(C)O,WKKBYJLXSKPKSC-SPCRQEADSA-N,666.3979126759999,1.4060999999999992,C[C@@H]1CC[C@]2(C(=O)O[C@@H]3O[C@H](CO)[C@@H](O)[C@H](O)[C@H]3O)CC[C@]3(C)C(=CC[C@H]4[C@@]5(C)C[C@@H](O)[C@H](O)[C@@](C)(CO)[C@@H]5CC[C@]43C)[C@@H]2[C@]1(C)O,BRD-A84068366,0.829710394,1.074039802,0.951875098,
35637466,COCCCN(C[C@]1(O)CC[C@H]2C3=CC=C4C[C@@H](O)CC[C@]4(C)[C@@H]3CC[C@@]21C)C(=O)O[C@H]1C[C@@H](C)CC[C@@H]1C(C)C,HMBARLPOKSGRMI-UKHLAVMCSA-N,571.423673924,6.897200000000009,COCCCN(C[C@]1(O)CC[C@H]2C3=CC=C4C[C@@H](O)CC[C@]4(C)[C@@H]3CC[C@@]21C)C(=O)O[C@H]1C[C@@H](C)CC[C@@H]1C(C)C,BRD-A84126786,0.947357678,1.040853847,0.994105762,
11105851,O=C(NCc1ccncc1)C(=O)NC[C@H]1OCCN1S(=O)(=O)c1ccc(F)cc1,KLWCRZMLLCFZDJ-MRXNPFEDSA-N,422.10601892799997,0.00030000000000041105,O=C(NCc1ccncc1)C(=O)NC[C@H]1OCCN1S(=O)(=O)c1ccc(F)cc1,BRD-A84364138,0.781849112,1.039282589,0.910565851,
40642326,CC[C@@H](C)[C@H]1NC(=O)NC1=O,ZUYPRBNQYTZYIK-RFZPGFLSSA-N,156.089877624,0.24050000000000005,CC[C@@H](C)[C@H]1NC(=O)NC1=O,BRD-A84453803,0.989696072,0.713173969,0.85143502,
19444816,Cc1ccc(NC(=O)C[C@@H](N)C(=O)O)cc1,ZXLWZMFWXVQOSJ-SECBINFHSA-N,222.100442308,0.7355199999999997,Cc1ccc(NC(=O)C[C@@H](N)C(=O)O)cc1,BRD-A84709495,0.775716195,1.021794552,0.898755373,
47080595,C/C(=C\CC[C@@H](C)[C@H]1C[C@@H](O)[C@@]2(C)[C@H]3CC[C@H]4C(C)(C)[C@@H](O[C@@H]5O[C@@H](CO[C@H]6O[C@@H](CO)[C@@H](O)[C@@H](O)[C@@H]6O)[C@@H](O)[C@@H](O)[C@@H]5O)CC[C@@]45C[C@@]35C[C@@H](O)[C@]12C)C(=O)O[C@H]1O[C@@H](CO)[C@@H](O)[C@@H]1O,JRSUCCVJLPKDSY-XMNBOICKSA-N,944.4980802120001,-1.2787999999999913,C/C(=C\CC[C@@H](C)[C@H]1C[C@@H](O)[C@@]2(C)[C@H]3CC[C@H]4C(C)(C)[C@@H](O[C@@H]5O[C@@H](CO[C@H]6O[C@@H](CO)[C@@H](O)[C@@H](O)[C@@H]6O)[C@@H](O)[C@@H](O)[C@@H]5O)CC[C@@]45C[C@@]35C[C@@H](O)[C@]12C)C(=O)O[C@H]1O[C@@H](CO)[C@@H](O)[C@@H]1O,BRD-A84840115,0.979032438,1.055355134,1.017193786,
22049524,C[C@@H]1O[C@@H](O[C@@H]2[C@@H](O)[C@H](OCCc3ccc(O)c(O)c3)O[C@H](CO)[C@H]2OC(=O)/C=C/c2ccc(O)c(O)c2)[C@H](O)[C@H](O)[C@H]1O,FBSKJMQYURKNSU-QJDQKFITSA-N,624.205420452,-1.0159000000000016,C[C@@H]1O[C@@H](O[C@@H]2[C@@H](O)[C@H](OCCc3ccc(O)c(O)c3)O[C@H](CO)[C@H]2OC(=O)/C=C/c2ccc(O)c(O)c2)[C@H](O)[C@H](O)[C@H]1O,BRD-A85134316,1.244830027,1.195912505,1.220371266,
25017774,C/C=C\C1=C(C(=O)O)N2C(=O)[C@H](NC(=O)[C@@H](N)c3ccc(O)cc3)[C@@H]2SC1,WDLWHQDACQUCJR-DCGLDWPTSA-N,389.104541708,0.7067000000000008,C/C=C\C1=C(C(=O)O)N2C(=O)[C@H](NC(=O)[C@@H](N)c3ccc(O)cc3)[C@@H]2SC1,BRD-A85137183,0.966600661,0.833074781,0.899837721,
34125031,CN1C(=O)C[C@H](Nc2ccc(N(C)C)cc2)C1=O,UHDRYMLYHMJQKW-NSHDSACASA-N,247.132076784,0.9217999999999997,CN1C(=O)C[C@H](Nc2ccc(N(C)C)cc2)C1=O,BRD-A85177162,0.866099041,0.845439615,0.855769328,
20128622,CC(=C\C(=O)O)/C=C(\C)C[C@H](C)CCCC[C@H](OC(=O)[C@H](CO)[C@H](O)CCCC[C@H](C)C/C(C)=C/C(C)=C/C(=O)O)[C@@H](CO)C(=O)O,DQBXBQIOPVLJEV-IBICGNJCSA-N,666.397912676,5.688300000000006,CC(=C\C(=O)O)/C=C(\C)C[C@@H](C)CCCC[C@@H](O)[C@@H](CO)C(=O)O[C@@H](CCCC[C@@H](C)C/C(C)=C/C(C)=C/C(=O)O)[C@@H](CO)C(=O)O,BRD-A85212804,1.16573503,1.010975138,1.088355084,
24604067,CN1C(=O)[C@@]23C[C@]4([C@@]56C[C@]78SS[C@](CO)(C(=O)N7[C@@H]5Nc5ccccc56)N(C)C8=O)c5ccccc5N[C@H]4N2C(=O)[C@@]1(CO)SS3,PZPPOCZWRGNKIR-NTYOHXDYSA-N,696.0953166160001,1.3339999999999987,CN1C(=O)[C@@]23C[C@]4([C@@]56C[C@]78SS[C@](CO)(C(=O)N7[C@@H]5Nc5ccccc56)N(C)C8=O)c5ccccc5N[C@H]4N2C(=O)[C@@]1(CO)SS3,BRD-A85860691,0.174580017,0.495079018,0.334829517,
72838825,C[C@@H](O)CN1C[C@H]2C[C@@H](C1)c1cccc(=O)n1C2,HFNGCQUAFFMFBG-UTUOFQBUSA-N,248.15247788,0.6482000000000001,C[C@@H](O)CN1C[C@@H]2C[C@H](C1)Cn1c2cccc1=O,BRD-A85917098,1.051595193,1.181500953,1.116548073,
34309799,C[C@H](O)C1=C[C@]2(CC[C@@H]3C(C(=O)O)=CO[C@@H](O[C@@H]4O[C@H](CO)[C@@H](O)[C@H](O)[C@H]4O)[C@@H]32)OC1=O,FKNFBQNOJHANSV-QILMFYOCSA-N,458.14242627199985,-2.2432999999999987,C[C@H](O)C1=C[C@]2(CC[C@@H]3C(C(=O)O)=CO[C@@H](O[C@@H]4O[C@H](CO)[C@@H](O)[C@H](O)[C@H]4O)[C@@H]32)OC1=O,BRD-A86549646,1.158292216,1.022105432,1.090198824,
18278542,COc1ccc([C@H]([C@@H](O)Cc2ccccc2)N(CC#C[C@@H](O[Si](c2ccccc2)(c2ccccc2)C(C)(C)C)c2ccccc2)[C@@H](Cc2ccccc2)C(OC)OC)cc1,ZUCYDXBLHPIYND-KRDKMEKMSA-N,817.4162505180002,9.193400000000004,COc1ccc([C@H]([C@@H](O)Cc2ccccc2)N(CC#C[C@@H](O[Si](c2ccccc2)(c2ccccc2)C(C)(C)C)c2ccccc2)[C@@H](Cc2ccccc2)C(OC)OC)cc1,BRD-A86670755,1.325573973,1.474078105,1.399826039,
74507630,C[C@@H](NC(=O)COc1ccccc1)C(=O)O,GKMBJDLBNSHJLJ-MRVPVSSYSA-N,223.084457896,0.6546999999999998,C[C@@H](NC(=O)COc1ccccc1)C(=O)O,BRD-A86976880,1.021285515,0.987309277,1.004297396,
73547314,O=C(O)CCN1C(=O)[C@@H]2[C@@H](C1=O)[C@@H]1C=C[C@@H]2C1,OEHPDRUJDIEYEF-XFFJFQIUSA-N,235.084457896,0.2682,O=C(O)CCN1C(=O)[C@H]2[C@@H]3C=C[C@H](C3)[C@@H]2C1=O,BRD-A87064575,0.914042332,0.905518882,0.909780607,
41805689,COC[C@@H](C)NC(=O)C(=O)NC1CC1,YSMUIVFBGDLRAI-ZCFIWIBFSA-N,200.116092372,-0.5838999999999992,COC[C@@H](C)NC(=O)C(=O)NC1CC1,BRD-A87397772,0.926594845,1.103998492,1.015296669,
14933565,CC(C)NC(=O)[C@@H](C)n1ncn2cccc2c1=O,NMZCPGOZSOYWKH-SECBINFHSA-N,248.127325752,0.5815999999999995,CC(C)NC(=O)[C@@H](C)n1ncn2cccc2c1=O,BRD-A87495162,0.966517369,1.116048891,1.04128313,
11140526,O=C(NC[C@@H](O)CO)[C@]1(Cc2ccccc2)N=C(c2ccc(OCCCO)cc2)O[C@@H]1c1ccccc1,UBOHMEQCZVMEAL-PIRIWWGTSA-N,504.22603674399994,2.4168000000000003,O=C(NC[C@@H](O)CO)[C@]1(Cc2ccccc2)N=C(c2ccc(OCCCO)cc2)O[C@@H]1c1ccccc1,BRD-A87658493,0.606995398,0.83000231,0.718498854,
82545024,CC(=O)N(C)[C@H]1C(=O)C(=O)c2ccccc2C1=O,WHSXZOCPNUOMBY-SNVBAGLBSA-N,245.068807832,0.4815999999999996,CC(=O)N(C)[C@H]1C(=O)C(=O)c2ccccc2C1=O,BRD-A87704518,1.008004526,1.080083096,1.044043811,
59922533,c1ccc2c([C@@H]3CCCN3)cccc2c1,FEJHFYHZVJWOOE-AWEZNQCLSA-N,197.12044948,3.2643000000000013,c1ccc2c([C@@H]3CCCN3)cccc2c1,BRD-A88437782,1.014975551,0.873356657,0.944166104,
31700739,Cc1cccc(N2C[C@@H](CN)OC2=O)c1,LXWOHVWKOWVRON-SNVBAGLBSA-N,206.105527688,1.27892,Cc1cccc(N2C[C@@H](CN)OC2=O)c1,BRD-A88490950,0.967921944,0.996984065,0.982453005,
52862054,CO[C@H]1C[C@@H](O[C@@H](O)[C@@H](O)[C@@H](O)[C@@H](O)[C@@H](O)CO)c2c(cc3cc(C)oc(=O)c3c2O)OC1=O,NSIUWPVISVFSGF-CPUKRQBTSA-N,486.1373408919999,-2.0568799999999996,CO[C@H]1C[C@@H](O[C@@H](O)[C@@H](O)[C@@H](O)[C@@H](O)[C@@H](O)CO)c2c(cc3cc(C)oc(=O)c3c2O)OC1=O,BRD-A88708536,0.854078754,1.106386975,0.980232864,
58430184,C[C@@H](N)Cc1ccco1,IDUAQSPIDXGMKI-ZCFIWIBFSA-N,125.084063972,1.1693,C[C@@H](N)Cc1ccco1,BRD-A89010965,0.89758602,0.654948184,0.776267102,
37679690,NNc1ccn([C@H]2O[C@@H](CO)[C@@H](O)[C@@H]2O)c(=O)n1,RSSRMDMJEZIUJX-UCVXFZOQSA-N,258.09641954800003,-2.8596,NNc1ccn([C@H]2O[C@@H](CO)[C@@H](O)[C@@H]2O)c(=O)n1,BRD-A89066160,0.930063744,0.954133233,0.942098488,
38496373,O=C(O)[C@H]1[C@H](C(=O)O)[C@H]2CC[C@@H]1O2,GXEKYRXVRROBEV-JGWLITMVSA-N,186.05282342,-0.050800000000000234,O=C(O)[C@@H]1[C@@H]2CC[C@@H](O2)[C@H]1C(=O)O,BRD-A89735385,0.945859729,1.131791777,1.038825753,
78366132,COc1ccccc1OC[C@@H](O)CO,HSRJKNPTNIJEKV-QMMMGPOBSA-N,198.089208928,0.4272000000000001,COc1ccccc1OC[C@@H](O)CO,BRD-A90515964,1.081708383,0.94134427,1.011526327,
56518728,O=C1O[C@H](c2ccccc2)[C@H](c2ccccc2)N2[C@H]1[C@@H](C(=O)NC[C@@H](O)c1ccccc1)[C@]1(C(=O)Nc3ccc(C#CC4=CCCCC4)cc31)[C@H]2c1ccccc1OCCO,GCRFRIPIRUDQRJ-DCBHKRDTSA-N,813.341400844,7.030400000000007,O=C1O[C@H](c2ccccc2)[C@H](c2ccccc2)N2[C@H]1[C@@H](C(=O)NC[C@@H](O)c1ccccc1)[C@]1(C(=O)Nc3ccc(C#CC4=CCCCC4)cc31)[C@H]2c1ccccc1OCCO,BRD-A90643929,1.090710281,1.125187167,1.107948724,
10703885,COC(=O)[C@@H](Cc1ccccc1)N[C@H](/C=C/C1CC1)[C@@H](O)CCn1cc(-c2ccc(C(=O)NO)cc2)nn1,LAHGZTSXUYSEEY-MZKUHISZSA-N,519.248169156,2.5237999999999996,COC(=O)[C@@H](Cc1ccccc1)N[C@H](/C=C/C1CC1)[C@@H](O)CCn1cc(-c2ccc(C(=O)NO)cc2)nn1,BRD-A90778075,0.972400765,1.056218986,1.014309876,
36442176,COC(=O)[C@@H](NC(=O)c1cccc(NC=O)c1O)[C@@H](C)O,FKDSAXOHMLWBNA-XCBNKYQSSA-N,296.10083623199995,-0.38730000000000003,COC(=O)[C@@H](NC(=O)c1cccc(NC=O)c1O)[C@@H](C)O,BRD-A91885123,1.084020471,0.975107679,1.029564075,
91787266,NC[C@H](c1ccccc1)N1CCOCC1,WSNSRJWLIVDXDI-GFCCVEGCSA-N,206.141913196,1.0186,NC[C@H](c1ccccc1)N1CCOCC1,BRD-A92095922,0.950635898,0.944263391,0.947449644,
39971137,COC(=O)/C=C/c1cn([C@H]2OC[C@@H](CO)[C@@H]2O)c(=O)[nH]c1=O,HYYGRKBNRJFJAJ-QRTLGDNMSA-N,312.095750852,-1.7789999999999992,COC(=O)/C=C/c1cn([C@H]2OC[C@@H](CO)[C@@H]2O)c(=O)[nH]c1=O,BRD-A92184279,1.149832132,0.999868476,1.074850304,
93181196,CCOC(=O)[C@H]1CC(C)=NNC1=O,NLNKCAKEUDJRPA-LURJTMIESA-N,184.084792244,0.061499999999999944,CCOC(=O)[C@H]1CC(C)=NNC1=O,BRD-A92471526,0.95181599,1.003047012,0.977431501,
94098578,COC(=O)[C@H]1CCCC[C@@H]1CN,MMZFVMGKNMIQMM-SFYZADRCSA-N,171.125928784,0.9244999999999999,COC(=O)[C@H]1CCCC[C@@H]1CN,BRD-A92474150,1.039123429,1.10576146,1.072442444,
63229303,[N-]=[N+]=Nc1ccccc1[C@H]1OC(c2ccc(OCCCO)cc2)=N[C@@]1(Cc1ccccc1)C(=O)NC[C@@H](O)CO,JAEHKPFLNDKFQD-HTVKSSQMSA-N,545.227433712,3.358600000000003,[N-]=[N+]=Nc1ccccc1[C@H]1OC(c2ccc(OCCCO)cc2)=N[C@@]1(Cc1ccccc1)C(=O)NC[C@@H](O)CO,BRD-A92606461,0.812426303,0.884285555,0.848355929,
55127957,C[C@H]1O[C@@H](OC[C@H]2O[C@@H](OC[C@]3(C)[C@H]4CC[C@@]5(C)[C@H](CC[C@H]6C7=CC(C)(C)CC[C@]7(C(=O)O)CC[C@@]65C)[C@@]4(C)CC[C@@H]3O)[C@@H](O)[C@@H](O)[C@@H]2O)[C@@H](O)[C@@H](O)[C@@H]1O,HSVVGIRAOUNERG-ZJJKYLFKSA-N,780.4659922360001,2.882000000000002,C[C@H]1O[C@@H](OC[C@H]2O[C@@H](OC[C@@]3(C)[C@@H](O)CC[C@@]4(C)[C@@H]3CC[C@@]3(C)[C@@H]4CC[C@H]4C5=CC(C)(C)CC[C@]5(C(=O)O)CC[C@@]43C)[C@@H](O)[C@@H](O)[C@@H]2O)[C@@H](O)[C@@H](O)[C@@H]1O,BRD-A92924802,1.001643134,0.822866918,0.912255026,
91388812,O=C(NCCCO)C(=O)NC[C@H]1COc2ccccc2O1,ZMHMPOAKPNTQNQ-JTQLQIEISA-N,294.121571676,-0.5587999999999995,O=C(NCCCO)C(=O)NC[C@H]1COc2ccccc2O1,BRD-A93117169,1.128308315,0.754952957,0.941630636,
54805836,CC1(C)C[C@H](n2[nH]c(=O)cc2N)CCO1,LTCSPZSCEJDGMH-SSDOTTSWSA-N,211.132076784,0.8887000000000003,CC1(C)C[C@H](n2[nH]c(=O)cc2N)CCO1,BRD-A93346602,0.766239352,1.013684563,0.889961958,
10625536,NCCN1C(=O)c2[nH]nc(-c3ccccc3)c2[C@H]1c1ccccc1,BAEXLNPIARGAGN-GOSISDBHSA-N,318.148061196,2.5806000000000004,NCCN1C(=O)c2[nH]nc(-c3ccccc3)c2[C@H]1c1ccccc1,BRD-A93446780,1.036981364,0.895185777,0.96608357,
80933886,O=C1[C@@H]2[C@@H](C(=O)N1CCO)[C@@H]1C=C[C@@H]2C1,WUNGPAHZQWNPEL-HXFLIBJXSA-N,207.089543276,-0.2141999999999999,O=C1[C@H]2[C@@H]3C=C[C@H](C3)[C@@H]2C(=O)N1CCO,BRD-A93521365,1.121074846,1.101117661,1.111096254,
12337841,O=C(O)[C@@H](O)Cc1ccc(O)c(O)c1,PAFLSMZLRSPALU-QMMMGPOBSA-N,198.05282341999998,0.08580000000000004,O=C(O)[C@@H](O)Cc1ccc(O)c(O)c1,BRD-A93699261,0.690330601,0.995073511,0.842702056,
47740100,CC1(C)[C@H]2CC[C@@]1(C)c1nn(-c3ccccc3)c(C(F)(F)F)c12,LFQGYZSWLGHVNA-SJCJKPOMSA-N,320.150033268,5.066000000000004,CC1(C)[C@H]2CC[C@@]1(C)c1nn(-c3ccccc3)c(C(F)(F)F)c12,BRD-A93777816,1.041678492,0.832478779,0.937078635,
23543562,COc1ccc([C@@H]([C@H](Cc2ccccc2)OC(C)=O)N2C[C@@H](CC(=O)N(C)C)[C@H]3[C@@H]([C@@H]2Cc2ccccc2)N(C)O[C@@H]3c2ccccc2)cc1,MRWQNWJTGKPDDH-SVKQMODMSA-N,675.367221668,6.535200000000008,COc1ccc([C@@H]([C@H](Cc2ccccc2)OC(C)=O)N2C[C@@H](CC(=O)N(C)C)[C@@H]3[C@@H](c4ccccc4)ON(C)[C@@H]3[C@@H]2Cc2ccccc2)cc1,BRD-A94111700,1.194610795,1.199749607,1.197180201,
44109248,O=C1NC2=C(C(=O)OC2)[C@H](c2ccccc2)N1,UXUKJXSIKFQAFB-JTQLQIEISA-N,230.06914218,0.8513999999999999,O=C1NC2=C(C(=O)OC2)[C@H](c2ccccc2)N1,BRD-A94332126,0.933807259,1.027146829,0.980477044,
10392650,NCCN1CCO[C@H](c2ccccc2)C1,JUHWGRNPJSAOJV-LBPRGKRZSA-N,206.141913196,1.0185999999999995,NCCN1CCO[C@H](c2ccccc2)C1,BRD-A94351892,1.071906305,1.015182594,1.04354445,
11085223,COC(=O)[C@H]1O[C@@H]2C[C@H]3O[C@@H](n4cnc5c(N)ncnc54)[C@H](OC)[C@H]3O[C@@]2(O)[C@@H](O)[C@@H]1O,GZBSICLBZYSADI-DHNWSQMASA-N,453.1495773159999,-2.5393999999999965,COC(=O)[C@H]1O[C@@H]2C[C@H]3O[C@@H](n4cnc5c(N)ncnc54)[C@H](OC)[C@H]3O[C@@]2(O)[C@@H](O)[C@@H]1O,BRD-A94381689,1.031958904,1.114448546,1.073203725,
96057653,NNC(=O)[C@H]1CCCNC1=O,NYCBGDUPPBUSPC-BYPYZUCNSA-N,157.085126592,-1.4975000000000003,NNC(=O)[C@H]1CCCNC1=O,BRD-A94722420,0.932288966,0.693827986,0.813058476,
89156000,C[C@@H](Sc1nc(N)cc(N)n1)C(=O)O,VMMSKDJWIWBHJL-GSVOUGTGSA-N,214.05244656,0.20619999999999977,C[C@@H](Sc1nc(N)cc(N)n1)C(=O)O,BRD-A94898175,0.876940353,0.822473593,0.849706973,
61546255,NC(=O)C(C(N)=O)[C@H]1CCS(=O)(=O)C1,CDFRCKQCUOMKER-BYPYZUCNSA-N,220.051777864,-1.992099999999999,NC(=O)C(C(N)=O)[C@H]1CCS(=O)(=O)C1,BRD-A95252549,1.024596311,1.125435096,1.075015704,
38100956,O=C(O)C[C@H]1Nc2ccccc2NC1=O,UCNFCRXGPQHQBE-MRVPVSSYSA-N,206.06914218,0.8939000000000001,O=C(O)C[C@H]1Nc2ccccc2NC1=O,BRD-A95714134,0.987434619,1.083376116,1.035405367,
87473493,CC(=O)N[C@H]1C(=O)Nc2ccc(F)cc21,JKCMXDGIIXNISD-SECBINFHSA-N,208.064805748,0.9549999999999998,CC(=O)N[C@H]1C(=O)Nc2ccc(F)cc21,BRD-A95937779,1.026951843,1.023758007,1.025354925,
86773498,O=C(NC[C@@H](O)CO)[C@]1(CCS(=O)(=O)c2ccccc2)N=C(c2ccc(OCCCO)cc2)O[C@@H]1c1ccccc1,XFVMNKBBHXQPDR-UCVANPEUSA-N,582.203587048,2.038100000000001,O=C(NC[C@@H](O)CO)[C@]1(CCS(=O)(=O)c2ccccc2)N=C(c2ccc(OCCCO)cc2)O[C@@H]1c1ccccc1,BRD-A95944315,0.91111685,1.064737541,0.987927195,
76740500,CCOC(=O)C[C@@H](N)c1cccc(O)c1,PDADOBFUFCHAHV-SNVBAGLBSA-N,209.10519334,1.3452000000000002,CCOC(=O)C[C@@H](N)c1cccc(O)c1,BRD-A96323802,0.964650069,1.049274169,1.006962119,
43108235,NC(=O)N[C@H]1NC(=O)NC1=O,POJWUDADGALRAB-SFOWXEAESA-N,158.043990052,-2.1798,NC(=O)N[C@H]1NC(=O)NC1=O,BRD-A96407378,0.957728366,1.206646154,1.08218726,
10725847,CCCS(=O)(=O)N1CCC[C@H](C(=O)NC)C1,DLTHBBHVRDKXTI-VIFPVBQESA-N,248.1194635,0.18420000000000042,CCCS(=O)(=O)N1CCC[C@H](C(=O)NC)C1,BRD-A96423935,1.115055299,0.907050448,1.011052874,
32274636,C[C@@H]1O[C@@H](O[C@@H]2[C@@H](O)[C@H](C)O[C@@H](OC[C@H]3O[C@@H](Oc4c(-c5ccc(O)c(O)c5)oc5cc(O)cc(O)c5c4=O)[C@@H](O)[C@@H](O)[C@@H]3O)[C@@H]2O)[C@H](O)[C@H](O)[C@H]1O,MNIDWWPXTZZMMY-RIOGBVDFSA-N,756.21129368,-2.8352999999999997,C[C@@H]1O[C@@H](OC[C@H]2O[C@@H](Oc3c(-c4ccc(O)c(O)c4)oc4cc(O)cc(O)c4c3=O)[C@@H](O)[C@@H](O)[C@@H]2O)[C@H](O)[C@H](O[C@@H]2O[C@@H](C)[C@H](O)[C@@H](O)[C@H]2O)[C@H]1O,BRD-A96776977,1.107277399,1.117200708,1.112239053,
11456894,Cn1c(N)c(S(=O)(=O)N2CCCC[C@@H]2c2cccnc2)c(=O)n(C)c1=O,WUYIEDVGFYUXAX-GFCCVEGCSA-N,379.131425152,-0.02289999999999992,Cn1c(N)c(S(=O)(=O)N2CCCC[C@@H]2c2cccnc2)c(=O)n(C)c1=O,BRD-A97001135,0.973877765,1.059786734,1.01683225,
98096937,CSC1=N[C@@]2(C)CCCC[C@@H]2c2c1ccc1ccccc21,IRVMDJVQMGWFTB-APWZRJJASA-N,295.139470672,5.379300000000005,CSC1=N[C@@]2(C)CCCC[C@@H]2c2c1ccc1ccccc21,BRD-A97068684,0.885166674,0.976737056,0.930951865,
10201613,O=C(Nc1ccc(-c2ccccc2)cc1)[C@H]1C[C@@H]1c1ccccc1,QBAACUCNCZDUJP-RTWAWAEBSA-N,313.146664228,5.095800000000004,O=C(Nc1ccc(-c2ccccc2)cc1)[C@H]1C[C@@H]1c1ccccc1,BRD-A97233004,1.03271756,0.701544611,0.867131086,
66949024,S=C1C=C(N2CCCCC2)C[C@H](c2ccc(Cl)cc2)S1,ZDDQACQWEZCASX-OAHLLOKOSA-N,323.05691925599996,5.215200000000005,S=C1C=C(N2CCCCC2)C[C@H](c2ccc(Cl)cc2)S1,BRD-A97240422,0.559717594,0.724333689,0.642025642,
97727231,COc1ccc([C@H]([C@@H](O)Cc2ccccc2)N(C[C@H](/C=C/c2ccccc2)NC(=O)C(Cl)(Cl)Cl)[C@@H](Cc2ccccc2)C(OC)OC)cc1,PYTOMQGMYFJWAG-BIOLIVNTSA-N,724.2237555160001,7.440500000000009,COc1ccc([C@H]([C@@H](O)Cc2ccccc2)N(C[C@H](/C=C/c2ccccc2)NC(=O)C(Cl)(Cl)Cl)[C@@H](Cc2ccccc2)C(OC)OC)cc1,BRD-A97401209,1.268548736,1.227737227,1.248142982,
87859104,OC[C@@H](O)[C@@H](O)[C@@H](O)[C@@H](O)[C@@H](O)CO,OXQKEKGBFMQTML-DXYLWFGTSA-N,212.089602852,-4.224499999999998,OC[C@H](O)[C@H](O)[C@H](O)[C@H](O)[C@H](O)CO,BRD-A97467910,1.12257863,0.807236766,0.964907698,
46715026,COc1ccc([C@@H]([C@H](Cc2ccccc2)OC(C)=O)N2C[C@H]3[C@H]([C@@H](OC(C)=O)c4ccccc4)ON(C)[C@H]3[C@@H]2Cc2ccccc2)cc1,IKAQVZKGUQDCFY-HIZWRYEASA-N,648.3199371279999,6.372400000000008,COc1ccc([C@@H]([C@H](Cc2ccccc2)OC(C)=O)N2C[C@H]3[C@H]([C@@H](OC(C)=O)c4ccccc4)ON(C)[C@H]3[C@@H]2Cc2ccccc2)cc1,BRD-A97587972,1.311392528,1.292054107,1.301723317,
10708133,CC[C@@H](C)NC=C1C(=O)NC(=O)NC1=O,IALPNQFDEZWYCI-RXMQYKEDSA-N,211.095691276,-0.3756000000000003,CC[C@@H](C)NC=C1C(=O)NC(=O)NC1=O,BRD-A97790207,0.902606308,0.586503484,0.744554896,
62425191,COc1cc(C[C@H]2CO[C@H](c3ccc(O)c(OC)c3)[C@@H]2CO[C@H]2O[C@@H](CO)[C@@H](O)[C@@H](O)[C@@H]2O)ccc1O,PVTQSROCPUXIGT-UGLNFBOYSA-N,522.2101119079998,0.47789999999999916,COc1cc(C[C@H]2CO[C@H](c3ccc(O)c(OC)c3)[C@@H]2CO[C@H]2O[C@@H](CO)[C@@H](O)[C@@H](O)[C@@H]2O)ccc1O,BRD-A97957318,0.911181939,1.072261082,0.99172151,
83315978,Cc1[nH]c(=O)[nH]c(=O)c1S(=O)(=O)N1CCC[C@H](C(=O)NCc2ccc3c(c2)OCO3)C1,KMGHCLOSSHMOFS-ZDUSSCGKSA-N,450.12092004399994,-0.1825799999999993,Cc1[nH]c(=O)[nH]c(=O)c1S(=O)(=O)N1CCC[C@H](C(=O)NCc2ccc3c(c2)OCO3)C1,BRD-A97992685,0.860719724,0.976915525,0.918817624,
91007160,CC(C)[C@H]1CC[C@@H](C)C[C@@H]1NC(=O)c1cccc2ccccc12,LBIVWKPRVGWODT-MDYRTPRTSA-N,309.209264484,5.030400000000005,CC(C)[C@H]1CC[C@@H](C)C[C@@H]1NC(=O)c1cccc2ccccc12,BRD-A98350852,1.008054796,1.409614558,1.208834677,
11167484,NNC(=O)[C@H]1C[C@H]2C[C@@H]1C[C@@H]2C(=O)NN,DZFUOAZLXWWCSP-JWXFUTCRSA-N,212.127325752,-1.3714999999999984,NNC(=O)[C@H]1C[C@H]2C[C@@H]1C[C@@H]2C(=O)NN,BRD-A98638969,1.06645781,0.900739067,0.983598438,
63548307,O=C(O)[C@H]1CCCNC1,XJLSEXAGTJCILF-YFKPBYRVSA-N,129.078978592,0.07060000000000005,O=C(O)[C@H]1CCCNC1,BRD-A98723753,0.96099584,1.007249817,0.984122829,
23959080,C=CCOC1=N[C@@H]2[C@@H](C(=O)N(C)C(=O)N2C)N1C,GGCGDYYYQBUCPU-YUMQZZPRSA-N,252.122240372,-0.2910999999999997,C=CCOC1=N[C@@H]2[C@@H](C(=O)N(C)C(=O)N2C)N1C,BRD-A98735767,0.935672469,1.091109087,1.013390778,
37553234,CN1C(=O)[C@H]2[C@H](C1=O)[C@H]1C=C(c3ccc(CO)cc3)[C@@H]2[C@H](c2cccs2)N1Cc1cccc(OC(F)(F)F)c1,WEYAFYLRJLVKAL-WONSJQCUSA-N,554.14871294,5.008900000000005,CN1C(=O)[C@H]2[C@H](C1=O)[C@@H]1C(c3ccc(CO)cc3)=C[C@H]2N(Cc2cccc(OC(F)(F)F)c2)[C@H]1c1cccs1,BRD-A98935496,1.025160407,0.795331402,0.910245904,
92725723,C=CCNC(=O)C(=O)NC[C@H]1OCCCN1S(=O)(=O)c1ccccc1,TUIKFCGHAGMUKR-CQSZACIVSA-N,367.120191772,-0.15789999999999837,C=CCNC(=O)C(=O)NC[C@H]1OCCCN1S(=O)(=O)c1ccccc1,BRD-A99036257,1.025088728,1.22353854,1.124313634,
90468574,Cc1cccc2c1OCC[C@@H](N)C2=O,GMOGKOBGVYVLOW-SECBINFHSA-N,191.094628656,1.28752,Cc1cccc2c1OCC[C@@H](N)C2=O,BRD-A99100256,0.913987854,1.060188482,0.987088168,
10989964,C=C1CCOC(=O)[C@@H](NC(C)=O)CCCN(O)C(=O)/C=C(\C)CCOC(=O)[C@H](NC(C)=O)CCCN(O)C(=O)/C=C(\C)CCOC(=O)[C@@H](NC(C)=O)CCCN(O)C(=O)C1,FJKAOUZSUYVIOQ-XFCANUNOSA-N,852.41166522,1.1469000000000082,C=C1CCOC(=O)[C@@H](NC(C)=O)CCCN(O)C(=O)/C=C(\C)CCOC(=O)[C@H](NC(C)=O)CCCN(O)C(=O)/C=C(\C)CCOC(=O)[C@@H](NC(C)=O)CCCN(O)C(=O)C1,BRD-A99288259,0.930236781,0.962811809,0.946524295,
52768410,CC(C)c1ccc2c(c1)[C@H](O)[C@H](N)CCO2,IWSPSJWDEPDMDH-YPMHNXCESA-N,221.141578848,1.9531999999999998,CC(C)c1ccc2c(c1)[C@H](O)[C@H](N)CCO2,BRD-A99454881,1.076900092,0.846615658,0.961757875,
21193496,[N-]=[N+]=Nc1ccccc1[C@H]1OC(c2ccc(OCCCO)cc2)=N[C@@]1(CCS(=O)(=O)c1ccccc1)C(=O)NC[C@@H](O)CO,LLPKRRSILSRQAF-UWBJMHDUSA-N,623.204984016,2.979900000000002,[N-]=[N+]=Nc1ccccc1[C@H]1OC(c2ccc(OCCCO)cc2)=N[C@@]1(CCS(=O)(=O)c1ccccc1)C(=O)NC[C@@H](O)CO,BRD-A99531852,0.7694884,0.90424043,0.836864415,
41718524,COc1ccc([C@@H](N)c2ccccc2)cc1,MXDBCXKVTJDKNP-AWEZNQCLSA-N,213.1153641,2.7433000000000014,COc1ccc([C@@H](N)c2ccccc2)cc1,BRD-A99589804,0.75874044,0.973853567,0.866297004,
50843660,CC[C@@]1(C)CC(=O)NC1=O,HAPOVYFOVVWLRS-ZETCQYMHSA-N,141.078978592,0.4491999999999999,CC[C@@]1(C)CC(=O)NC1=O,BRD-A99633051,0.96882789,1.112333023,1.040580457,
53766873,C[C@H]1CCc2[nH]c3ccccc3c2C1,RPHFTDJMHACDKH-VIFPVBQESA-N,185.12044948,3.2927000000000017,C[C@H]1CCc2[nH]c3ccccc3c2C1,BRD-A99888157,0.822188352,1.011116512,0.916652432,
27835371,CCCC[C@H](NC(C)=O)C(=O)N[C@@H](CCC(N)=O)C(=O)N[C@@H](Cc1c[nH]cn1)C(=O)N[C@H](Cc1ccccc1)C(=O)N[C@@H](CCCNC(=N)N)C(=O)N[C@H](Cc1c[nH]c2ccccc12)C(=O)NCC(N)=O,UHKZNDVUBSEJJO-XAYNKGEHSA-N,983.5089686599999,-1.8319300000000052,CCCC[C@H](NC(C)=O)C(=O)N[C@@H](CCC(N)=O)C(=O)N[C@@H](Cc1c[nH]cn1)C(=O)N[C@H](Cc1ccccc1)C(=O)N[C@@H](CCCNC(=N)N)C(=O)N[C@H](Cc1c[nH]c2ccccc12)C(=O)NCC(N)=O,BRD-K00004723,0.845562714,0.958155584,0.901859149,
50518196,C[C@]12C=CC(=O)C=C1CC[C@@H]1[C@@H]2[C@@H](O)C[C@@]2(C)[C@H]1CC[C@]2(O)C(=O)COC(=O)c1ccc(CO[N+](=O)[O-])cc1,MJHYBJOMJPGNMM-KGWLDMEJSA-N,539.2155316359998,3.130600000000002,C[C@]12C[C@H](O)[C@H]3[C@@H](CCC4=CC(=O)C=C[C@@]43C)[C@@H]1CC[C@]2(O)C(=O)COC(=O)c1ccc(CO[N+](=O)[O-])cc1,BRD-K00004749,1.089445799,0.953734154,1.021589977,
77364368,CCCNC(=O)N1C[C@@H](O)COC[C@H]2O[C@H](CC(=O)N3CCN(C)CC3)CC[C@@H]21,GYUSAEBSRFDDBM-VSZNYVQBSA-N,412.268570252,-0.12059999999999693,CCCNC(=O)N1C[C@@H](O)COC[C@H]2O[C@H](CC(=O)N3CCN(C)CC3)CC[C@@H]21,BRD-K00024732,0.949730688,0.982923152,0.96632692,
10065686,O=C(O)CNc1ncccc1O,LGKWYXLKURFWMG-UHFFFAOYSA-N,168.053492116,0.2836999999999999,O=C(O)CNc1ncccc1O,BRD-K00035418,1.047632276,1.277318409,1.162475343,
10604790,CN1CCN(C(=O)C[C@H]2C=C[C@H](NC(=O)c3ccc4c(c3)OCO4)[C@@H](CO)O2)CC1,SYOXFCLNMXZLCQ-JTDSTZFVSA-N,417.1899855839999,-0.0062999999999983625,CN1CCN(C(=O)C[C@H]2C=C[C@H](NC(=O)c3ccc4c(c3)OCO4)[C@@H](CO)O2)CC1,BRD-K00039425,0.896158647,0.905736361,0.900947504,
98163321,NC(=O)c1cc2ccccc2nc1C(N)=O,PROOXZDWKVZIBL-UHFFFAOYSA-N,215.069476528,0.4326,NC(=O)c1cc2ccccc2nc1C(N)=O,BRD-K00053550,1.076052261,0.974266668,1.025159464,
88361695,C[C@H](O)C#Cc1ccc2c(c1)O[C@@H](CN(C)C(=O)C1CCCCC1)[C@H](C)CN([C@H](C)CO)S2(=O)=O,LPOKCFFNFOPMKO-FDGPYGQJSA-N,506.2450579359999,2.226200000000001,C[C@H](O)C#Cc1ccc2c(c1)O[C@@H](CN(C)C(=O)C1CCCCC1)[C@H](C)CN([C@H](C)CO)S2(=O)=O,BRD-K00055412,1.00027807,0.839769876,0.920023973,
10431697,C[C@@H]1CN([C@H](C)CO)S(=O)(=O)c2ccc(C#CCC3CCCC3)cc2O[C@@H]1CN(C)C(=O)c1cnccn1,IVUSNLXISHLOEW-IPVFLDMMSA-N,540.240641252,2.949200000000002,C[C@@H]1CN([C@H](C)CO)S(=O)(=O)c2ccc(C#CCC3CCCC3)cc2O[C@@H]1CN(C)C(=O)c1cnccn1,BRD-K00079408,0.558032261,0.807135946,0.682584103,
24154618,CN1C(=O)c2cc(NC(=O)c3cscn3)ccc2OC[C@H]2O[C@@H](CC(=O)N3CCOCC3)CC[C@H]21,ALYBUATVKYECGX-OZOXKJRCSA-N,500.1729556159999,2.0248999999999997,CN1C(=O)c2cc(NC(=O)c3cscn3)ccc2OC[C@H]2O[C@@H](CC(=O)N3CCOCC3)CC[C@H]21,BRD-K00110956,1.049191991,0.958412551,1.003802271,
14718033,C[C@H](CO)N1C[C@H](C)[C@@H](CN(C)Cc2ccc(F)cc2)Oc2cc(C#CC3CC3)ccc2S1(=O)=O,NSMSKGXQUOLWGD-OUDXUNEISA-N,500.214506756,3.4878000000000027,C[C@H]1CN([C@H](C)CO)S(=O)(=O)c2ccc(C#CC3CC3)cc2O[C@@H]1CN(C)Cc1ccc(F)cc1,BRD-K00146811,1.163147199,1.281938089,1.222542644,
90402722,COc1ccc(CCNC(=O)[C@@]2(Cc3ccccc3I)c3ccccc3C(=O)N(Cc3ccccc3OC)[C@H]2c2ccc(CO)cc2)cc1,PZWPKMYVYHCNJR-HPJJWIKHSA-N,766.190370348,7.037400000000008,COc1ccc(CCNC(=O)[C@@]2(Cc3ccccc3I)c3ccccc3C(=O)N(Cc3ccccc3OC)[C@H]2c2ccc(CO)cc2)cc1,BRD-K00150458,0.955162818,1.264544283,1.109853551,
12675744,CC(=O)N(C)C[C@H]1Oc2ncc(C#C[C@@H](C)O)cc2C(=O)N([C@@H](C)CO)C[C@@H]1C,FHGUGJSHYZRSAF-XTDOFWJNSA-N,403.210721028,0.5122999999999995,CC(=O)N(C)C[C@H]1Oc2ncc(C#C[C@@H](C)O)cc2C(=O)N([C@@H](C)CO)C[C@@H]1C,BRD-K00183292,1.034896476,1.02712281,1.031009643,
83878662,NC1CCN(C(=O)c2cc3ccccc3[nH]2)CC1,FHJCEXVWFHABPH-UHFFFAOYSA-N,243.137162164,1.7311999999999994,NC1CCN(C(=O)c2cc3ccccc3[nH]2)CC1,BRD-K00206010,1.065196306,0.924656967,0.994926637,
43792696,Cc1ccc(S(=O)(=O)N[C@@H]2CC[C@@H](CC(=O)N3CCC(Cc4ccccc4)CC3)O[C@H]2CO)cc1,JJBGMGKMBLIRMW-DMDYGQEQSA-N,500.23449325199994,3.0532200000000014,Cc1ccc(S(=O)(=O)N[C@@H]2CC[C@@H](CC(=O)N3CCC(Cc4ccccc4)CC3)O[C@H]2CO)cc1,BRD-K00218474,0.672951645,0.870062102,0.771506874,
29892949,O=C(NO)c1cccc(C(=O)N/N=C/[C@H](O)[C@@H](O)[C@H](O)[C@H](O)CO[C@H]2O[C@H](CO)[C@H](O)[C@H](O)[C@H]2O)c1,CTWKGVMLOSMVGI-WYQPBDNSSA-N,519.1700379879998,-5.218699999999991,O=C(NO)c1cccc(C(=O)N/N=C/[C@H](O)[C@@H](O)[C@H](O)[C@H](O)CO[C@H]2O[C@H](CO)[C@H](O)[C@H](O)[C@H]2O)c1,BRD-K00222388,0.763158376,0.916126067,0.839642221,
78915637,Cc1ccc(NC(=N)N=C(N)N)c(C)c1,NEOMBHNYODRTQG-UHFFFAOYSA-N,205.13274547999998,0.92351,Cc1ccc(NC(=N)N=C(N)N)c(C)c1,BRD-K00230558,0.909047675,0.758204877,0.833626276,
99735041,CC(C)(C)CC(=O)N1C[C@H]2C[C@@H]1CN2,VFHAHVDEHGECBQ-RKDXNWHRSA-N,196.15756326,0.9953000000000001,CC(C)(C)CC(=O)N1C[C@H]2C[C@@H]1CN2,BRD-K00233125,1.069898906,0.931012426,1.000455666,
71721015,CN1C(=O)c2cc(NC(=O)C3CCOCC3)ccc2OC[C@@H]2O[C@H](CC(=O)NCc3ccc4c(c3)OCO4)CC[C@@H]21,JZWHDUCFLDKMHA-MYIHVTGJSA-N,565.2424150799999,2.8675000000000015,CN1C(=O)c2cc(NC(=O)C3CCOCC3)ccc2OC[C@@H]2O[C@H](CC(=O)NCc3ccc4c(c3)OCO4)CC[C@@H]21,BRD-K00248931,1.014259926,1.037300799,1.025780362,
19497066,O=C(C[C@H]1CC[C@H](NC(=O)Cc2ccccn2)[C@H](CO)O1)NCCCN1CCOCC1,CVHIZSVIEZMNNY-AABGKKOBSA-N,434.252920188,-0.12259999999999716,O=C(C[C@H]1CC[C@H](NC(=O)Cc2ccccn2)[C@H](CO)O1)NCCCN1CCOCC1,BRD-K00251324,1.008835248,1.042455929,1.025645588,
11122215,C[C@@H]1COCCC(=O)N1,ZVNKGZGAANRYQX-RXMQYKEDSA-N,129.078978592,-0.08859999999999996,C[C@@H]1COCCC(=O)N1,BRD-K00262280,1.031334214,1.213125377,1.122229796,
90636312,O=C(C[C@@H]1CC[C@@H](NS(=O)(=O)c2ccc(F)cc2)[C@@H](CO)O1)NCc1ccc(Cl)c(Cl)c1,IBEFNTNFDPOULD-CWFSZBLJSA-N,504.06887641599997,3.025800000000001,O=C(C[C@@H]1CC[C@@H](NS(=O)(=O)c2ccc(F)cc2)[C@@H](CO)O1)NCc1ccc(Cl)c(Cl)c1,BRD-K00262667,0.891721034,1.006521651,0.949121342,
10471946,Cc1cccc(S(=O)(=O)N2C[C@@H](O)COC[C@@H]3O[C@H](CC(=O)N4CCN(C)CC4)CC[C@H]32)c1,RBZOJTJOYAMFNL-KIZRIRGWSA-N,481.22465684,0.4571200000000033,Cc1cccc(S(=O)(=O)N2C[C@@H](O)COC[C@@H]3O[C@H](CC(=O)N4CCN(C)CC4)CC[C@H]32)c1,BRD-K00284235,1.095987697,1.053881315,1.074934506,
76865578,COc1ccc(S(=O)(=O)N[C@H]2CC[C@@H](CC(=O)N3CCC(Cc4ccccc4)CC3)O[C@H]2CO)cc1,JXWMWOXWMMUZLT-RNXOBYDBSA-N,516.2294078719999,2.7534,COc1ccc(S(=O)(=O)N[C@H]2CC[C@@H](CC(=O)N3CCC(Cc4ccccc4)CC3)O[C@H]2CO)cc1,BRD-K00314651,0.89541992,0.795730395,0.845575157,
53475224,CN(CC(=O)O)S(=O)(=O)c1ccc(F)cc1,LWYIAFIJPSFZQQ-UHFFFAOYSA-N,247.03145702,0.5307999999999999,CN(CC(=O)O)S(=O)(=O)c1ccc(F)cc1,BRD-K00331664,0.996635268,0.765527211,0.881081239,
10134654,CN1CCN(C(=O)C[C@@H]2CC[C@@H](NC(=O)c3ccc4c(c3)OCO4)[C@H](CO)O2)CC1,OCHDOPTVTSINTO-FCEWJHQRSA-N,419.2056356479999,0.21770000000000228,CN1CCN(C(=O)C[C@@H]2CC[C@@H](NC(=O)c3ccc4c(c3)OCO4)[C@H](CO)O2)CC1,BRD-K00342680,0.675740104,0.787802097,0.7317711,
43705831,COC(=O)c1cc(=O)n2ccccc2c1C#N,KILHURBVUOOGGM-UHFFFAOYSA-N,228.053492116,0.9577800000000001,COC(=O)c1cc(=O)n2ccccc2c1C#N,BRD-K00346545,0.946227201,1.107930371,1.027078786,
32259782,Cc1ccc(S(=O)(=O)N2C[C@@H](O)COC[C@H]3O[C@H](CC(=O)N[C@H]4CCN(Cc5ccccc5)C4)CC[C@@H]32)cc1,BKAMLTSXUMOSCF-YTFMROOWSA-N,557.255956968,2.0738200000000004,Cc1ccc(S(=O)(=O)N2C[C@@H](O)COC[C@H]3O[C@H](CC(=O)N[C@H]4CCN(Cc5ccccc5)C4)CC[C@@H]32)cc1,BRD-K00348647,1.022377517,1.095950429,1.059163973,
41339723,CO[C@H]1CN(C)C(=O)c2cc(NS(=O)(=O)c3cn(C)cn3)ccc2OC[C@@H](C)N(Cc2cccc(F)c2)C[C@@H]1C,IKMKMJRWNOXTKZ-UNVFRBQDSA-N,573.242118472,3.366200000000001,CO[C@H]1CN(C)C(=O)c2cc(NS(=O)(=O)c3cn(C)cn3)ccc2OC[C@@H](C)N(Cc2cccc(F)c2)C[C@@H]1C,BRD-K00377189,0.789831231,0.871282869,0.83055705,
46913453,COC(=O)c1c(CC[C@@H](CO)NC(=O)N[C@@H](Cc2ccccc2)Cn2cc(C3(O)CCCCC3)nn2)oc(C(C)=O)c1C(=O)OC,FEOVAZANHKAXQF-GOTSBHOMSA-N,639.2904278920001,2.702799999999999,COC(=O)c1c(CC[C@@H](CO)NC(=O)N[C@@H](Cc2ccccc2)Cn2cc(C3(O)CCCCC3)nn2)oc(C(C)=O)c1C(=O)OC,BRD-K00382459,0.646532297,1.034519184,0.840525741,
12715300,C1COC2(CN1)CNC2,UJHBTCNHHDVZIG-UHFFFAOYSA-N,128.094963004,-1.0517999999999994,C1COC2(CN1)CNC2,BRD-K00404816,1.048938032,0.964593115,1.006765574,
96656561,COCC#Cc1ccc2c(c1)O[C@H](CN(C)Cc1ccccc1F)[C@H](C)CN([C@@H](C)CO)S2(=O)=O,JQAMUOLHJPIMRA-OHUGHZGNSA-N,504.209421376,2.724200000000002,COCC#Cc1ccc2c(c1)O[C@H](CN(C)Cc1ccccc1F)[C@H](C)CN([C@@H](C)CO)S2(=O)=O,BRD-K00407648,0.622175101,0.654777412,0.638476257,
23411003,COc1cccc(S(=O)(=O)N2C[C@H](O)COC[C@@H]3O[C@@H](CC(=O)NCCCN4CCOCC4)CC[C@H]32)c1,KOAYSPOFMXWQDS-VSYWRSJOSA-N,541.245786208,0.22180000000000288,COc1cccc(S(=O)(=O)N2C[C@H](O)COC[C@@H]3O[C@@H](CC(=O)NCCCN4CCOCC4)CC[C@H]32)c1,BRD-K00411687,1.013789874,0.935833314,0.974811594,
75876086,C[C@H]1CN([C@@H](C)CO)S(=O)(=O)c2ccc(-c3cccc(C(=O)N(C)C)c3)cc2O[C@H]1CN(C)C(=O)Cc1ccccn1,MRUARBHVCACBGV-VPYPWEPUSA-N,594.251205936,2.9201000000000006,C[C@H]1CN([C@@H](C)CO)S(=O)(=O)c2ccc(-c3cccc(C(=O)N(C)C)c3)cc2O[C@H]1CN(C)C(=O)Cc1ccccn1,BRD-K00442849,0.942846867,0.957298733,0.9500728,
16638129,O=C(NCCO)c1cc2ccccc2c(=O)s1,CUYRWAZJMNJTTR-UHFFFAOYSA-N,249.045964212,0.9836,O=C(NCCO)c1cc2ccccc2c(=O)s1,BRD-K00452861,1.020489057,0.703831062,0.862160059,
23770512,COc1ccc2c(c1)c(-c1ccccc1)nn2-c1ccc(C)cc1,SQSGKCDBDVKVEV-UHFFFAOYSA-N,314.14191319599996,5.009520000000005,COc1ccc2c(c1)c(-c1ccccc1)nn2-c1ccc(C)cc1,BRD-K00455557,1.103383749,0.844338673,0.973861211,
76018010,CO[C@H]1CN(C)C(=O)c2cc(NS(C)(=O)=O)ccc2OC[C@H](C)N(C(=O)C2CCOCC2)C[C@@H]1C,NPOMWXYRXNIYSA-HOIFWPIMSA-N,511.23522152399994,1.8173000000000008,CO[C@H]1CN(C)C(=O)c2cc(NS(C)(=O)=O)ccc2OC[C@H](C)N(C(=O)C2CCOCC2)C[C@@H]1C,BRD-K00498462,1.119740181,0.809221465,0.964480823,
85428386,C[C@@H]1CN([C@@H](C)CO)S(=O)(=O)c2ccc(C#CC(C)(C)O)cc2O[C@H]1CN(C)Cc1ccncc1,WLXWLVBFXATLOI-NMMYMHLASA-N,501.2297422199999,2.1045999999999996,C[C@@H](CO)N1C[C@@H](C)[C@H](CN(C)Cc2ccncc2)Oc2cc(C#CC(C)(C)O)ccc2S1(=O)=O,BRD-K00553665,0.983828437,0.854251641,0.919040039,
34311076,O=C(CN1CCOCC1)N[C@@H]1CC[C@@H](CCNC(=O)Nc2cc(F)ccc2F)O[C@@H]1CO,ULTMRAJJWBMPBO-KVSKMBFKSA-N,456.21842649999996,0.8333000000000017,O=C(CN1CCOCC1)N[C@@H]1CC[C@@H](CCNC(=O)Nc2cc(F)ccc2F)O[C@@H]1CO,BRD-K00557942,1.053465062,1.143480802,1.098472932,
16267574,CN(C)CCCCNC(=O)[C@H]1C[C@H]2C(=O)N[C@@H](CCCCN(C)C)C(=O)N2[C@H]1c1cccc(OCCO)c1,NPWNXGCNHRBBCO-QORCZRPOSA-N,531.3420695399999,1.0042000000000046,CN(C)CCCCNC(=O)[C@H]1C[C@H]2C(=O)N[C@@H](CCCCN(C)C)C(=O)N2[C@H]1c1cccc(OCCO)c1,BRD-K00558473,0.994424195,0.846302644,0.92036342,
53356540,COc1cc2nc(N3CCCN(Cc4ccccc4)CC3)nc(Nc3ccc(F)c(Cl)c3)c2cc1OC,CQVJENLXMFYONH-UHFFFAOYSA-N,521.199381068,5.895400000000006,COc1cc2nc(N3CCCN(Cc4ccccc4)CC3)nc(Nc3ccc(F)c(Cl)c3)c2cc1OC,BRD-K00571681,0.774886952,1.182095911,0.978491432,
84758913,CC(C)CC#Cc1ccc2c(c1)O[C@@H](CN(C)C(=O)C1CCOCC1)[C@H](C)CN([C@@H](C)CO)S2(=O)=O,QPOBIWTVIRBYPL-CZSZKKDXSA-N,520.2607079999999,2.7378000000000013,CC(C)CC#Cc1ccc2c(c1)O[C@@H](CN(C)C(=O)C1CCOCC1)[C@H](C)CN([C@@H](C)CO)S2(=O)=O,BRD-K00586194,0.906925063,0.746063658,0.82649436,
61001682,COc1ccc(S(=O)(=O)N(C)C[C@@H]2Oc3cc(C4=CCCC4)ccc3S(=O)(=O)N([C@@H](C)CO)C[C@H]2C)cc1,UZJLXWXORSFUFR-GOHWNWGWSA-N,564.196393492,3.3518000000000026,COc1ccc(S(=O)(=O)N(C)C[C@@H]2Oc3cc(C4=CCCC4)ccc3S(=O)(=O)N([C@@H](C)CO)C[C@H]2C)cc1,BRD-K00611422,1.064891761,1.15892514,1.111908451,
11647318,COc1cccc(C#Cc2ccc3c(c2)O[C@@H](CN(C)C(=O)CN2CCOCC2)[C@H](C)CN([C@@H](C)CO)S3(=O)=O)c1,LVFBFIQAQUGEAN-IWHLBADBSA-N,585.250871588,1.6542000000000008,COc1cccc(C#Cc2ccc3c(c2)O[C@@H](CN(C)C(=O)CN2CCOCC2)[C@H](C)CN([C@@H](C)CO)S3(=O)=O)c1,BRD-K00672649,0.703766746,0.658737642,0.681252194,
71362151,N=C(N)Nc1nc(CSCC/C(N)=N\S(N)(=O)=O)cs1,XUFQPHANEAPEMJ-UHFFFAOYSA-N,337.04493571999996,-0.36752999999999963,N=C(N)Nc1nc(CSCC/C(N)=N\S(N)(=O)=O)cs1,BRD-K00673382,1.103492478,0.89368488,0.998588679,
67161530,COC(=O)CCCCCCC(=O)N/N=C/[C@H](O)[C@@H](O)[C@H](O)[C@H](O)CO[C@H]1O[C@H](CO)[C@H](O)[C@H](O)[C@H]1O,HXGJPUAOKFIHFA-CMQPVXHYSA-N,526.2373892759998,-4.137899999999993,COC(=O)CCCCCCC(=O)N/N=C/[C@H](O)[C@@H](O)[C@H](O)[C@H](O)CO[C@H]1O[C@H](CO)[C@H](O)[C@H](O)[C@H]1O,BRD-K00703361,1.098599629,1.234468782,1.166534205,
54901881,COc1ccc(C#Cc2cnc3c(c2)C(=O)N([C@H](C)CO)C[C@@H](C)[C@@H](CN(C)C(=O)CN(C)C)O3)cc1,XVRMTERAUXOCST-UMEGOILYSA-N,508.26857025199996,1.7301000000000004,COc1ccc(C#Cc2cnc3c(c2)C(=O)N([C@H](C)CO)C[C@@H](C)[C@@H](CN(C)C(=O)CN(C)C)O3)cc1,BRD-K00758124,0.962930915,0.791024183,0.876977549,
45525890,C[C@@H]1O[C@@H](O[C@@H]2[C@@H](O)[C@H](O)[C@@H](CO)O[C@H]2c2c(O)cc(O)c3c(=O)cc(-c4ccc(O)cc4)oc23)[C@H](O)[C@H](O)[C@H]1O,LYGPBZVKGHHTIE-HUBYJIGHSA-N,578.1635556399999,-1.056500000000001,C[C@@H]1O[C@@H](O[C@H]2[C@H](c3c(O)cc(O)c4c(=O)cc(-c5ccc(O)cc5)oc34)O[C@H](CO)[C@@H](O)[C@@H]2O)[C@H](O)[C@H](O)[C@H]1O,BRD-K00786504,1.041732982,1.129539504,1.085636243,
64807989,CC1CCN(S(=O)(=O)c2c[nH]cn2)CC1,OBDAWSZQROSJMS-UHFFFAOYSA-N,229.08849772,0.8303000000000003,CC1CCN(S(=O)(=O)c2c[nH]cn2)CC1,BRD-K00818265,0.870760897,1.059762888,0.965261892,
96705673,Nc1nc(-c2ccccc2)cc[n+]1[O-],YWRVUPYBXNCILR-UHFFFAOYSA-N,187.074561908,0.9642,Nc1nc(-c2ccccc2)cc[n+]1[O-],BRD-K00827857,1.065528869,1.178356665,1.121942767,
10415951,CCCOc1c(-c2ccc3ccccc3n2)cnc2ccccc12,AESZHLDDLJKDGC-UHFFFAOYSA-N,314.14191319599996,5.238800000000004,CCCOc1c(-c2ccc3ccccc3n2)cnc2ccccc12,BRD-K00849885,1.004431534,0.634622659,0.819527096,
64730755,COc1ccc(S(=O)(=O)N(C)C[C@@H]2Oc3c(NC(=O)Nc4cccc5ccccc45)cccc3C(=O)N([C@@H](C)CO)C[C@H]2C)cc1OC,LUJVIUWRKWSGLC-MODXFSQWSA-N,676.25668524,5.041800000000005,COc1ccc(S(=O)(=O)N(C)C[C@@H]2Oc3c(NC(=O)Nc4cccc5ccccc45)cccc3C(=O)N([C@@H](C)CO)C[C@H]2C)cc1OC,BRD-K00852784,1.03515677,1.146953786,1.091055278,
35144716,O=C(C1=C[C@H](c2coc3ccccc3c2=O)C[C@H](OCCCCO)O1)N1CCN(Cc2ccc3c(c2)OCO3)CC1,MSTKJFAKNBMMHW-PZGXJGMVSA-N,562.231516048,3.369100000000002,O=C(C1=C[C@H](c2coc3ccccc3c2=O)C[C@H](OCCCCO)O1)N1CCN(Cc2ccc3c(c2)OCO3)CC1,BRD-K00883056,1.151489177,1.003786102,1.077637639,
51200481,COc1ccc(S(=O)(=O)N(C)C[C@@H]2Oc3cc(Br)ccc3S(=O)(=O)N([C@H](C)CO)C[C@@H]2C)cc1,ZFSVTLZMVLAXCM-MRUHUIDDSA-N,576.059955368,2.5470000000000006,COc1ccc(S(=O)(=O)N(C)C[C@@H]2Oc3cc(Br)ccc3S(=O)(=O)N([C@H](C)CO)C[C@@H]2C)cc1,BRD-K00885189,0.906809007,0.936146118,0.921477563,
10488526,N[C@H](Cc1ccccc1)C(=O)O,COLNVLDHVKWLRT-MRVPVSSYSA-N,165.078978592,0.641,N[C@H](Cc1ccccc1)C(=O)O,BRD-K00911807,0.924983445,0.985591174,0.95528731,
11535903,CCNC(=O)C[C@H]1CC[C@@H]2[C@H](COC[C@H](O)CN2S(=O)(=O)c2ccc(Oc3ccccc3)cc2)O1,HUTNHOAINLCAPN-ABZSKANCSA-N,504.1930223639999,2.3030999999999997,CCNC(=O)C[C@H]1CC[C@@H]2[C@H](COC[C@H](O)CN2S(=O)(=O)c2ccc(Oc3ccccc3)cc2)O1,BRD-K00940629,0.826365646,1.038825569,0.932595608,
40095964,CC(C)c1cc(=O)n2nc(N)nc2[nH]1,HAXSUPPDUXYPOQ-UHFFFAOYSA-N,193.096359972,0.12319999999999992,CC(C)c1cc(=O)n2nc(N)nc2[nH]1,BRD-K00962935,0.966371117,0.888519949,0.927445533,
88680334,CCCCCCc1nc(-c2ccc(-c3ccc(Cl)c(Cl)c3)o2)cc2c1[Si](C(C)C)(C(C)C)O[C@H]2c1ccccc1,SWXNIMMOLZORNX-XIFFEERXSA-N,591.2127113779999,10.530299999999993,CCCCCCc1nc(-c2ccc(-c3ccc(Cl)c(Cl)c3)o2)cc2c1[Si](C(C)C)(C(C)C)O[C@H]2c1ccccc1,BRD-K00975698,1.030845007,1.014442974,1.02264399,
89400739,CN(CCO)S(=O)(=O)c1cccc(C(=O)O)c1,SEXZFBDGZBTCDM-UHFFFAOYSA-N,259.051443516,-0.0024000000000002353,CN(CCO)S(=O)(=O)c1cccc(C(=O)O)c1,BRD-K00982384,0.892131408,0.912315947,0.902223678,
11456554,O=C(NO)c1cccc(C(=O)N/N=C/[C@H](O)[C@@H](O)[C@H](O[C@@H]2O[C@H](CO)[C@H](O)[C@H](O)[C@H]2O)[C@H](O)CO)c1,UOHVIUKABRDNFW-LETMSSLTSA-N,519.1700379879998,-5.218699999999991,O=C(NO)c1cccc(C(=O)N/N=C/[C@H](O)[C@@H](O)[C@H](O[C@@H]2O[C@H](CO)[C@H](O)[C@H](O)[C@H]2O)[C@H](O)CO)c1,BRD-K01033397,0.950679833,0.917827481,0.934253657,
11059885,CO[C@H]1CN(C)C(=O)c2ccc(NC(=O)C3CC3)cc2OC[C@@H](C)N(C(=O)C2CCOCC2)C[C@@H]1C,ASSVLOKWLPHVBU-RHGYRFJNSA-N,501.283885968,2.7943,CO[C@H]1CN(C)C(=O)c2ccc(NC(=O)C3CC3)cc2OC[C@@H](C)N(C(=O)C2CCOCC2)C[C@@H]1C,BRD-K01038304,0.893901217,1.048495025,0.971198121,
68707831,COc1cccc(S(=O)(=O)N[C@@H]2CC[C@@H](CCn3cc(-c4ccccc4OC)nn3)O[C@H]2CO)c1,MKOAEKBYEUHALQ-UQJUWTFNSA-N,502.18860567999997,2.2394,COc1cccc(S(=O)(=O)N[C@@H]2CC[C@@H](CCn3cc(-c4ccccc4OC)nn3)O[C@H]2CO)c1,BRD-K01045229,0.817932354,0.925464056,0.871698205,
11460270,C[C@@H]1CN([C@@H](C)CO)C(=O)c2cc(C#Cc3cccnc3)cnc2O[C@H]1CN(C)S(C)(=O)=O,MPIWGZXMVJKIHQ-WWMYMODYSA-N,472.178040996,0.9879000000000013,C[C@@H](CO)N1C[C@@H](C)[C@H](CN(C)S(C)(=O)=O)Oc2ncc(C#Cc3cccnc3)cc2C1=O,BRD-K01053421,1.075908377,1.082475047,1.079191712,
89931494,COC(=O)c1ccc([C@H]2C=C(C(=O)N3CCOCCOCCOCCOCC3)O[C@@H](OCCCCO)C2)cc1,FUIAJQYWNZEDSK-AZGAKELHSA-N,551.2730465119998,1.8848000000000011,COC(=O)c1ccc([C@H]2C=C(C(=O)N3CCOCCOCCOCCOCC3)O[C@@H](OCCCCO)C2)cc1,BRD-K01055352,1.130642435,1.227014061,1.178828248,
12690948,CCCN(C)C[C@H]1Oc2cc(C#Cc3ccccc3OC)ccc2S(=O)(=O)N([C@@H](C)CO)C[C@H]1C,GVAWVNKSKWMHFQ-YZIHRLCOSA-N,500.234493252,3.205400000000002,CCCN(C)C[C@H]1Oc2cc(C#Cc3ccccc3OC)ccc2S(=O)(=O)N([C@@H](C)CO)C[C@H]1C,BRD-K01082603,0.929838409,0.99895624,0.964397324,
38581922,CC(=O)NCCCC[C@@H]1NC(=O)[C@@H]2C[C@H](C(=O)NCCCCN(C)C)[C@H](c3cccc(OCCO)c3)N2C1=O,NOAIJDRBKGYKNR-QORCZRPOSA-N,545.321334096,0.5787000000000047,CC(=O)NCCCC[C@@H]1NC(=O)[C@@H]2C[C@H](C(=O)NCCCCN(C)C)[C@H](c3cccc(OCCO)c3)N2C1=O,BRD-K01097066,1.053232397,1.097268935,1.075250666,
32016575,NCc1c[nH]nc1-c1ccccc1,YTYBRZWDGVSNPC-UHFFFAOYSA-N,173.095297352,1.5353999999999999,NCc1c[nH]nc1-c1ccccc1,BRD-K01121711,0.791946056,0.918504715,0.855225385,
39768049,CS(=O)(=O)c1ccc(S(C)(=O)=O)s1,HKESGYJYIYVPAK-UHFFFAOYSA-N,239.958471736,0.5551,CS(=O)(=O)c1ccc(S(C)(=O)=O)s1,BRD-K01163732,1.14376929,1.116656411,1.130212851,
24807903,O=C(O)c1cc(-n2cnnn2)ccc1O,GMGDTZSHJQPPKB-UHFFFAOYSA-N,206.043990052,0.06609999999999983,O=C(O)c1cc(-n2cnnn2)ccc1O,BRD-K01182353,1.001798191,0.941234929,0.97151656,
37708926,Cc1ccc(-c2cnc3c(c2)C(=O)N([C@H](C)CO)C[C@@H](C)[C@@H](CN(C)C(=O)Cc2cccnc2)O3)cc1,AYJZFOXVHHOHQX-IPVFLDMMSA-N,502.258005568,3.3732200000000025,Cc1ccc(-c2cnc3c(c2)C(=O)N([C@H](C)CO)C[C@@H](C)[C@@H](CN(C)C(=O)Cc2cccnc2)O3)cc1,BRD-K01197265,1.02276345,1.259809268,1.141286359,
19949474,COc1ccc(S(=O)(=O)Nc2ccc3c(c2)[C@H]2C[C@H](CC(=O)NCC4CC4)O[C@H](CO)[C@H]2O3)cc1,UYFCGOQSYKFWAJ-VTBBIAPYSA-N,502.1773722999999,2.4067,COc1ccc(S(=O)(=O)Nc2ccc3c(c2)[C@H]2C[C@H](CC(=O)NCC4CC4)O[C@H](CO)[C@H]2O3)cc1,BRD-K01211710,1.046735026,1.032731273,1.03973315,
96044973,CN(C)CCCNC(=O)C[C@H]1C=C[C@H](NS(=O)(=O)c2ccccc2)[C@@H](CO)O1,ISYSKPLJKWXOBQ-BPQIPLTHSA-N,411.182792028,0.10740000000000333,CN(C)CCCNC(=O)C[C@H]1C=C[C@H](NS(=O)(=O)c2ccccc2)[C@@H](CO)O1,BRD-K01222707,0.995132206,1.053794784,1.024463495,
11297172,NCCOc1ccccc1Cc1ccccc1,NKYTYTLACSUEFK-UHFFFAOYSA-N,227.131014164,2.6149000000000004,NCCOc1ccccc1Cc1ccccc1,BRD-K01229041,0.75148443,0.737896119,0.744690274,
95573353,COc1ccc(C#Cc2ccc3c(c2)[C@]2(C(=O)N3)[C@H](c3ccccc3OCCO)N3[C@H](c4ccccc4)[C@H](c4ccccc4)OC(=O)[C@H]3[C@@H]2C(=O)N2CCN(c3ncccn3)CC2)cc1,MMXPBZAPKOHUST-ZVELBVITSA-N,866.3427978120001,5.875900000000006,COc1ccc(C#Cc2ccc3c(c2)[C@]2(C(=O)N3)[C@H](c3ccccc3OCCO)N3[C@H](c4ccccc4)[C@H](c4ccccc4)OC(=O)[C@H]3[C@@H]2C(=O)N2CCN(c3ncccn3)CC2)cc1,BRD-K01229531,0.964832616,1.098351235,1.031591926,
40851613,CC(C)CC#Cc1ccc2c(c1)O[C@H](CN(C)S(=O)(=O)c1cccc(F)c1)[C@@H](C)CN([C@@H](C)CO)S2(=O)=O,ZRGAWVIUTGDVOZ-ISJBWFOZSA-N,566.19205706,3.312600000000002,CC(C)CC#Cc1ccc2c(c1)O[C@H](CN(C)S(=O)(=O)c1cccc(F)c1)[C@@H](C)CN([C@@H](C)CO)S2(=O)=O,BRD-K01234866,1.36676982,1.457008355,1.411889088,
11535366,O=c1[nH]c(=O)n([C@@H]2O[C@H](CO)[C@@H](O)[C@H]2O)cc1Br,AGFIRQJZCNVMCW-UAKXSSHOSA-N,321.98004817200007,-2.0893999999999995,O=c1[nH]c(=O)n([C@@H]2O[C@H](CO)[C@@H](O)[C@H]2O)cc1Br,BRD-K01262142,1.192185003,1.072176854,1.132180929,
14414964,COc1ccc(S(=O)(=O)N[C@H]2CC[C@@H](CCNC(=O)CN3CCOCC3)O[C@@H]2CO)cc1,QMKXNPKBXXPBLD-YSIASYRMSA-N,471.20392139599994,-0.2794999999999963,COc1ccc(S(=O)(=O)N[C@H]2CC[C@@H](CCNC(=O)CN3CCOCC3)O[C@@H]2CO)cc1,BRD-K01273565,1.013535737,0.858815036,0.936175386,
10077979,Brc1ccc2nc(N3CCCN(Cc4ccccc4)CC3)nc(NC3CCN(Cc4ccccc4)CC3)c2c1,BIVIDYQIEQAKML-UHFFFAOYSA-N,584.2263072840001,6.181100000000007,Brc1ccc2nc(N3CCCN(Cc4ccccc4)CC3)nc(NC3CCN(Cc4ccccc4)CC3)c2c1,BRD-K01276430,0.733019676,0.370578393,0.551799034,
11033650,O=C(Nc1ccccc1)c1ccco1,XHVDWCKBZSFUDE-UHFFFAOYSA-N,187.063328528,2.5319000000000003,O=C(Nc1ccccc1)c1ccco1,BRD-K01292099,1.031187153,0.97206598,1.001626566,
37060434,C[C@@H]1CN([C@H](C)CO)S(=O)(=O)c2ccc(C#CCN(C)C)cc2O[C@H]1CN(C)C,YCYACOZPZQWYBB-HLIPFELVSA-N,423.219177536,0.9299000000000017,C[C@@H]1CN([C@H](C)CO)S(=O)(=O)c2ccc(C#CCN(C)C)cc2O[C@H]1CN(C)C,BRD-K01332282,0.787997747,0.886699737,0.837348742,
29529931,O=C1O[C@H](c2ccccc2)[C@H](c2ccccc2)N2[C@H]1[C@@H](C(=O)N1CCCCCCC1)[C@]1(C(=O)Nc3ccc(C#CCCO)cc31)[C@H]2c1ccc(OCCO)cc1,RMPZCSZLEQLCKF-DXYLJOCUSA-N,753.3414008440001,5.855300000000008,O=C1O[C@H](c2ccccc2)[C@H](c2ccccc2)N2[C@H]1[C@@H](C(=O)N1CCCCCCC1)[C@]1(C(=O)Nc3ccc(C#CCCO)cc31)[C@H]2c1ccc(OCCO)cc1,BRD-K01345106,1.118051756,1.053069722,1.085560739,
63545909,C[C@@H]1CN([C@@H](C)CO)S(=O)(=O)c2ccc(C#CC3CCCC3)cc2O[C@H]1CN(C)Cc1cncnc1,GVDJVSBPXRZCOM-SWYRRKHMSA-N,512.2457266319999,2.9189000000000007,C[C@@H](CO)N1C[C@@H](C)[C@H](CN(C)Cc2cncnc2)Oc2cc(C#CC3CCCC3)ccc2S1(=O)=O,BRD-K01355066,0.887889261,1.123581624,1.005735443,
88433765,COCCOC(=O)N1C(=O)[C@@]2(c3cc(C#CC4(O)CCCCCC4)ccc31)[C@H](c1ccccc1OCCO)N1[C@H](c3ccccc3)[C@H](c3ccccc3)OC(=O)[C@H]1[C@@H]2C(=O)N1CCc2cc(OC)c(OC)cc2C1,VQPCISQEAZCHRM-XOPUVOMDSA-N,1003.4255243920002,7.5451000000000095,COCCOC(=O)N1C(=O)[C@@]2(c3cc(C#CC4(O)CCCCCC4)ccc31)[C@H](c1ccccc1OCCO)N1[C@H](c3ccccc3)[C@H](c3ccccc3)OC(=O)[C@H]1[C@@H]2C(=O)N1CCc2cc(OC)c(OC)cc2C1,BRD-K01363262,0.965247759,1.076659184,1.020953471,
71840456,CN(C)CCCNC(=O)C1CCNCC1,IYOJOIMVFKLABR-UHFFFAOYSA-N,213.18411235599999,0.053900000000001,CN(C)CCCNC(=O)C1CCNCC1,BRD-K01386948,1.073363248,0.93247002,1.002916634,
90670434,COCC(=O)N(C)C[C@@H]1Oc2cc(C#CCN(C)C)ccc2S(=O)(=O)N([C@@H](C)CO)C[C@@H]1C,GEMOEUXAAXRSAY-WFXMLNOXSA-N,481.22465684,0.473100000000003,COCC(=O)N(C)C[C@@H]1Oc2cc(C#CCN(C)C)ccc2S(=O)(=O)N([C@@H](C)CO)C[C@@H]1C,BRD-K01444743,1.131791037,0.945239853,1.038515445,
96037309,CC(C)NC(=O)N(C)C[C@H]1Oc2cc(C#Cc3ccc(F)cc3)ccc2S(=O)(=O)N([C@@H](C)CO)C[C@@H]1C,AWPYKVBHDRHJIQ-ZYLNGJIFSA-N,531.220320408,3.0439000000000016,CC(C)NC(=O)N(C)C[C@H]1Oc2cc(C#Cc3ccc(F)cc3)ccc2S(=O)(=O)N([C@@H](C)CO)C[C@@H]1C,BRD-K01456155,0.91211659,1.202095998,1.057106294,
31027175,CNC(=O)C[C@@H]1CC[C@@H]2[C@H](COC[C@@H](O)CN2C(=O)Nc2cccc(OC)c2)O1,ZOHSXZUSSPRGFE-OWLYRPNTSA-N,407.205635648,0.9725,CNC(=O)C[C@@H]1CC[C@@H]2[C@H](COC[C@@H](O)CN2C(=O)Nc2cccc(OC)c2)O1,BRD-K01458621,1.043276883,0.754098988,0.898687936,
10016144,O=C(CN1CCOCC1)NCC[C@H]1CC[C@H](NC(=O)Nc2ccccc2)[C@@H](CO)O1,XHSOCIDTCYSAHN-CEXWTWQISA-N,420.23727012399996,0.5551000000000033,O=C(CN1CCOCC1)NCC[C@H]1CC[C@H](NC(=O)Nc2ccccc2)[C@@H](CO)O1,BRD-K01462007,0.980252624,0.869826428,0.925039526,
19467243,CCCc1ccc2c(c1)CNCCC2,LIKRREWXUPDEBP-UHFFFAOYSA-N,189.151749608,2.674900000000001,CCCc1ccc2c(c1)CNCCC2,BRD-K01465816,1.063814716,1.035375456,1.049595086,
29149287,O=C(C[C@@H]1CC[C@@H](NC(=O)CN2CCOCC2)[C@@H](CO)O1)NCCc1ccccc1,AKINIVRTVCZZOC-XUVXKRRUSA-N,419.242021156,0.09230000000000338,O=C(C[C@@H]1CC[C@@H](NC(=O)CN2CCOCC2)[C@@H](CO)O1)NCCc1ccccc1,BRD-K01589780,1.085446016,1.072752078,1.079099047,
37939888,Nc1nc(Cl)nc(Cl)n1,MCLXKFUCPVGZEN-UHFFFAOYSA-N,163.965651424,0.7605999999999999,Nc1nc(Cl)nc(Cl)n1,BRD-K01595141,1.020072449,1.034217658,1.027145053,
76540343,Cn1c(=O)c2[nH]c(NCCN3CCOCC3)nc2n(C)c1=O,BAASUQZVWLHLKR-UHFFFAOYSA-N,308.15968849999996,-1.2955999999999972,Cn1c(=O)c2[nH]c(NCCN3CCOCC3)nc2n(C)c1=O,BRD-K01629704,0.887196432,1.008484191,0.947840312,
13555098,O=C(C1CCCC1)N1C[C@@H]2CCNC[C@@H]21,NHYGAQHRJACXAR-QWRGUYRKSA-N,208.15756326,0.9968999999999999,O=C(C1CCCC1)N1C[C@@H]2CCNC[C@@H]21,BRD-K01636282,0.978198738,1.074285422,1.02624208,
86532270,CN1CCN(C(=O)C[C@@H]2C=C[C@H](NC(=O)c3ccc4c(c3)OCO4)[C@H](CO)O2)CC1,SYOXFCLNMXZLCQ-BXWFABGCSA-N,417.1899855839999,-0.0062999999999983625,CN1CCN(C(=O)C[C@@H]2C=C[C@H](NC(=O)c3ccc4c(c3)OCO4)[C@H](CO)O2)CC1,BRD-K01651303,0.930558503,0.69310527,0.811831887,
20868473,O=C(O)[C@@H]1CCCN1,ONIBWKKTOPOVIA-BYPYZUCNSA-N,115.063328528,-0.177,O=C(O)[C@@H]1CCCN1,BRD-K01666412,0.983497661,0.874758527,0.929128094,
29025755,COc1ccc(-c2csc(CCN)n2)cc1,BSDHUSABSLTXMT-UHFFFAOYSA-N,234.082684068,2.3199000000000005,COc1ccc(-c2csc(CCN)n2)cc1,BRD-K01676258,1.048705161,0.946139995,0.997422578,
72677950,COCC(=O)Nc1ccc2c(c1)C(=O)N(C)C[C@H](OC)[C@@H](C)CN(Cc1ccccc1F)[C@@H](C)CO2,AXFWPVHCXUAJJS-MHPIHPPYSA-N,501.263899472,3.416800000000002,COCC(=O)Nc1ccc2c(c1)C(=O)N(C)C[C@H](OC)[C@@H](C)CN(Cc1ccccc1F)[C@@H](C)CO2,BRD-K01688891,1.021201043,0.856390195,0.938795619,
81979502,O=C(C[C@@H]1C=C[C@@H](NC(=O)Nc2cc(F)ccc2F)[C@@H](CO)O1)NCCCN1CCOCC1,BZALQHWMPIGLLK-ILZDJORESA-N,468.21842649999996,0.9994000000000005,O=C(C[C@@H]1C=C[C@@H](NC(=O)Nc2cc(F)ccc2F)[C@@H](CO)O1)NCCCN1CCOCC1,BRD-K01699883,0.809058702,1.070133151,0.939595926,
53955073,COCC(=O)N1C[C@H](C)[C@H](OC)CN(C)C(=O)c2cc(NC(=O)Nc3ccccc3)ccc2OC[C@H]1C,HBGRBISSXVZFFG-XLNZFTOWSA-N,512.263484872,3.3096000000000014,COCC(=O)N1C[C@H](C)[C@H](OC)CN(C)C(=O)c2cc(NC(=O)Nc3ccccc3)ccc2OC[C@H]1C,BRD-K01737847,1.178055231,1.241450775,1.209753003,
10714173,CNC(=O)c1ccc(OC(C)=O)cc1,KSPXNEVAHSPDON-UHFFFAOYSA-N,193.073893212,0.9715,CNC(=O)c1ccc(OC(C)=O)cc1,BRD-K01755319,0.950635498,1.123822659,1.037229078,
10139451,NC(=S)c1ccc(-n2cncn2)nc1,ZQBCPTJTJSANLG-UHFFFAOYSA-N,205.042216224,0.29650000000000004,NC(=S)c1ccc(-n2cncn2)nc1,BRD-K01755506,1.130268144,1.001357057,1.0658126,
59266136,C=CCOC(=O)[C@@H]1[C@H]2C(=O)O[C@H](c3ccccc3)[C@H](c3ccccc3)N2[C@H](c2ccc(OCCOC(=O)[C@H]3C[C@H]4C(=O)N[C@@H](CCCC[N+](C)(C)C)C(=O)N4[C@H]3c3cccc(OCCO)c3)cc2)[C@@]12C(=O)Nc1ccc(I)cc12,HTGCIVVTLHAREP-XFAFEJABSA-O,1186.36689694009,6.917800000000009,C=CCOC(=O)[C@@H]1[C@H]2C(=O)O[C@H](c3ccccc3)[C@H](c3ccccc3)N2[C@H](c2ccc(OCCOC(=O)[C@H]3C[C@H]4C(=O)N[C@@H](CCCC[N+](C)(C)C)C(=O)N4[C@H]3c3cccc(OCCO)c3)cc2)[C@@]12C(=O)Nc1ccc(I)cc12,BRD-K01762623,0.912775212,1.263574781,1.088174997,
16552250,C[C@H](O)C#Cc1ccc2c(c1)O[C@H](CN(C)C(=O)Cc1ccccn1)[C@@H](C)CN([C@H](C)CO)S2(=O)=O,NGIDYOSCADMKPS-CMCWBKRRSA-N,515.209006776,1.2836,C[C@H](O)C#Cc1ccc2c(c1)O[C@H](CN(C)C(=O)Cc1ccccn1)[C@@H](C)CN([C@H](C)CO)S2(=O)=O,BRD-K01779413,0.970406388,0.793444097,0.881925243,
42179154,CC1(C)[C@@H](OC(=O)CCC(=O)O)CC[C@@]2(C)[C@H]1CC[C@]1(C)[C@H]2C(=O)C=C2[C@@H]3C[C@@](C)(C(=O)O)CC[C@]3(C)CC[C@]21C,OBZHEBDUNPOCJG-FCRRQNOISA-N,570.35565394,6.828300000000008,CC1(C)[C@@H](OC(=O)CCC(=O)O)CC[C@]2(C)[C@@H]3C(=O)C=C4[C@@H]5C[C@@](C)(C(=O)O)CC[C@]5(C)CC[C@@]4(C)[C@]3(C)CC[C@@H]12,BRD-K01824982,1.080819542,1.199558511,1.140189027,
76781833,Cc1cccc([C@@H](N)c2nccn2C)c1,DZUHZLGWRQAXQE-LLVKDONJSA-N,201.12659748,1.7766199999999999,Cc1cccc([C@@H](N)c2nccn2C)c1,BRD-K01825630,0.987027046,0.736040041,0.861533544,
14225368,CC1(C)S[C@H]2[C@@H](NC(=O)[C@@H](N)c3ccccc3)C(=O)N2[C@@H]1C(=O)O,AVKUERGKIZMTKX-DYNIEEOBSA-N,349.10962708799997,0.3181000000000002,CC1(C)S[C@H]2[C@@H](NC(=O)[C@@H](N)c3ccccc3)C(=O)N2[C@@H]1C(=O)O,BRD-K01825640,1.096974605,1.014041923,1.055508264,
75402666,N[C@@H](Cc1ccc2nonc2c1)C(=O)O,CWZZDZMICHPWEO-LURJTMIESA-N,207.064391148,0.17719999999999997,N[C@@H](Cc1ccc2nonc2c1)C(=O)O,BRD-K01825770,1.009740578,1.135812402,1.07277649,
17552363,COCCN[C@H]1CS(=O)(=O)C[C@@H]1O,MCKNDMCUGIAFNF-BQBZGAKWSA-N,209.07217896,-1.6196999999999981,COCCN[C@H]1CS(=O)(=O)C[C@@H]1O,BRD-K01826135,1.153731848,1.00154692,1.077639384,
88182033,CSc1c(-c2ccc(Cl)cc2)[nH]c2ccccc12,VLRGRBLXZHZIII-UHFFFAOYSA-N,273.037898064,5.210200000000003,CSc1c(-c2ccc(Cl)cc2)[nH]c2ccccc12,BRD-K01826251,0.911988232,0.925907979,0.918948105,
49435992,CCC[C@@H]1C[C@@H](C(=O)N[C@H]([C@H]2O[C@H](SC)[C@H](O)[C@@H](O)[C@H]2O)[C@@H](C)Cl)N(C)C1,KDLRVYVGXIQJDK-WPMZVPFKSA-N,424.17987083599996,0.38950000000000035,CCC[C@@H]1C[C@@H](C(=O)N[C@@H]([C@@H](C)Cl)[C@H]2O[C@H](SC)[C@H](O)[C@@H](O)[C@H]2O)N(C)C1,BRD-K01826526,0.439632632,0.301321549,0.370477091,
62257375,CN1CCC[C@@H](CC2c3ccccc3Sc3ccccc32)C1,MJFJKKXQDNNUJF-HNNXBMFYSA-N,309.155120736,5.015000000000005,CN1CCC[C@@H](CC2c3ccccc3Sc3ccccc32)C1,BRD-K01826531,0.655456073,0.568757446,0.61210676,
71559496,COc1ccc(C[C@@H](N)C(=O)N[C@@H]2[C@@H](O)[C@@H](n3cnc4c(N(C)C)ncnc43)O[C@@H]2CO)cc1,RXWNCPJZOCPEPQ-CEWKBCSRSA-N,471.22301702800013,-0.7936999999999972,COc1ccc(C[C@@H](N)C(=O)N[C@H]2[C@@H](CO)O[C@H](n3cnc4c(N(C)C)ncnc43)[C@@H]2O)cc1,BRD-K01826855,0.352762169,0.110837737,0.231799953,
28459291,O=S1(=O)N[C@H](c2ccccc2)CO1,OLVRLPPNORZBKC-QMMMGPOBSA-N,199.030314148,0.5923000000000003,O=S1(=O)N[C@H](c2ccccc2)CO1,BRD-K01857422,1.059130823,1.0225566,1.040843712,
10674423,CCn1nc(C)cc1C(=O)NN,SPEWPMBDWDUKSU-UHFFFAOYSA-N,168.101111004,-0.18508000000000002,CCn1nc(C)cc1C(=O)NN,BRD-K01882265,1.106709797,1.327365984,1.21703789,
77034785,c1ccc(-c2cc(-c3ccccc3)n(-c3ccccc3)n2)cc1,YQDSXDPQYUXRDP-UHFFFAOYSA-N,296.131348512,5.206300000000004,c1ccc(-c2cc(-c3ccccc3)n(-c3ccccc3)n2)cc1,BRD-K01888201,1.267558109,1.036106046,1.151832077,
12479119,COC(=O)c1cc(=O)[nH]c2c1c(=O)n(C)c(=O)n2C,XYELLQRXGRPSIA-UHFFFAOYSA-N,265.06987045200003,-1.2879,COC(=O)c1cc(=O)[nH]c2c1c(=O)n(C)c(=O)n2C,BRD-K01890082,1.013678723,1.262649771,1.138164247,
53298454,C[C@H](CO)N1C[C@H](C)[C@H](CN(C)C)Oc2cc(C#CCN(C)C)ccc2S1(=O)=O,YCYACOZPZQWYBB-QKLQHJQFSA-N,423.219177536,0.9299000000000017,C[C@H]1CN([C@H](C)CO)S(=O)(=O)c2ccc(C#CCN(C)C)cc2O[C@H]1CN(C)C,BRD-K01959328,1.040674441,1.150064427,1.095369434,
17065812,CCN(CC)S(=O)(=O)c1nnc[nH]1,VLGZTOGABYNHMH-UHFFFAOYSA-N,204.068096624,-0.16480000000000022,CCN(CC)S(=O)(=O)c1nnc[nH]1,BRD-K01968991,1.03687258,0.870811036,0.953841808,
79496382,C[C@H]1CN([C@@H](C)CO)C(=O)Cc2cc(NC(=O)Nc3ccc(C#N)cc3)ccc2O[C@H]1CN(C)S(=O)(=O)c1ccc(Oc2ccccc2)cc1,JMBCUROFRQRRTO-UXVOWUFOSA-N,697.2570195879999,5.464280000000005,C[C@H]1CN([C@@H](C)CO)C(=O)Cc2cc(NC(=O)Nc3ccc(C#N)cc3)ccc2O[C@H]1CN(C)S(=O)(=O)c1ccc(Oc2ccccc2)cc1,BRD-K01982881,0.940901545,0.775246124,0.858073835,
11061214,COc1cccc(S(=O)(=O)N[C@@H]2C=C[C@@H](CC(=O)NC3CCC3)O[C@H]2CO)c1,UPNRBJUYILMSJP-JQHSSLGASA-N,410.151157552,0.7168000000000003,COc1cccc(S(=O)(=O)N[C@@H]2C=C[C@@H](CC(=O)NC3CCC3)O[C@H]2CO)c1,BRD-K01984365,1.05539382,1.014349334,1.034871577,
98506072,CC(=O)O[C@H]1[C@H](Oc2cc(O)cc(O)c2C(=O)c2cc(O)cc(O)c2)O[C@H](CO)[C@@H](OC(=O)c2ccccc2)[C@@H]1O,OPWNONXNQLNHEI-DBXCSHQOSA-N,570.137340892,1.3541999999999994,CC(=O)O[C@H]1[C@H](Oc2cc(O)cc(O)c2C(=O)c2cc(O)cc(O)c2)O[C@H](CO)[C@@H](OC(=O)c2ccccc2)[C@@H]1O,BRD-K02025897,0.859592922,1.05536499,0.957478956,
10796092,Cc1ccc2sc(C(=O)O)cc2c1,OUFWTHMQVXSBCF-UHFFFAOYSA-N,192.024500496,2.9079200000000007,Cc1ccc2sc(C(=O)O)cc2c1,BRD-K02042543,0.865768416,1.229377284,1.04757285,
45071088,COc1ccc(C(=O)Nc2cccc(CN3C(=O)[C@]4(O[C@H](CC(=O)N(CCO)Cc5ccccc5)[C@@H]([Si](C)(C)c5ccc(OC)cc5)[C@@H]4C)c4ccccc43)c2)cc1,FMLHJXMDPUIXHY-MBFMYWTBSA-N,797.349627502,7.1301000000000085,COc1ccc(C(=O)Nc2cccc(CN3C(=O)[C@]4(O[C@H](CC(=O)N(CCO)Cc5ccccc5)[C@@H]([Si](C)(C)c5ccc(OC)cc5)[C@@H]4C)c4ccccc43)c2)cc1,BRD-K02062821,1.163100412,1.090210912,1.126655662,
16905534,CN(C)Cc1cn(CC[C@H]2CC[C@H](N)[C@@H](CO)O2)nn1,RSSFQYFOHBQLRO-FRRDWIJNSA-N,283.20082504000004,-0.4029999999999982,CN(C)Cc1cn(CC[C@H]2CC[C@H](N)[C@@H](CO)O2)nn1,BRD-K02078984,1.11696365,0.848267036,0.982615343,
43436534,O=C(N[C@@H]1CC[C@H](CC(=O)N2CCOCC2)O[C@@H]1CO)c1ccccn1,QWCXAENNPFGWBU-IIAWOOMASA-N,363.1794209,-0.031199999999998562,O=C(N[C@@H]1CC[C@H](CC(=O)N2CCOCC2)O[C@@H]1CO)c1ccccn1,BRD-K02117849,1.045709868,1.071101911,1.05840589,
75507777,O=C(CCCCCNC(=O)OCc1ccc([C@H]2[C@H](C(=O)NCc3ccccc3)c3ccccc3C(=O)N2Cc2ccccc2)cc1)NO,WOMURFQXRASHIC-GPOMZPHUSA-N,648.2947849999999,5.7759000000000045,O=C(CCCCCNC(=O)OCc1ccc([C@H]2[C@H](C(=O)NCc3ccccc3)c3ccccc3C(=O)N2Cc2ccccc2)cc1)NO,BRD-K02118935,0.960921112,0.974726948,0.96782403,
29557267,CC(C)=CCC/C(C)=C/CC1=C(C)C(=O)c2ccccc2C1=O,PTWSIIUEOFZCHW-UHFFFAOYSA-N,308.177630008,5.464900000000005,CC(C)=CCC/C(C)=C/CC1=C(C)C(=O)c2ccccc2C1=O,BRD-K02140298,1.027781151,0.823753063,0.925767107,
95398828,C[C@H]1CN([C@@H](C)CO)C(=O)Cc2cc(NC(=O)Nc3ccc(Cl)c(Cl)c3)ccc2O[C@H]1CN(C)S(=O)(=O)c1ccc(Oc2ccccc2)cc1,MBIBNNDKJPKHRU-DFRLRCAJSA-N,740.1838259160002,6.899400000000007,C[C@H]1CN([C@@H](C)CO)C(=O)Cc2cc(NC(=O)Nc3ccc(Cl)c(Cl)c3)ccc2O[C@H]1CN(C)S(=O)(=O)c1ccc(Oc2ccccc2)cc1,BRD-K02150045,1.079981032,0.91332761,0.996654321,
94166569,CN(C)C(=O)c1cccc(-c2cccc(-c3nc(C(=O)N4CCCCC4)cc4c3[C@@H](CCO)N([S@](=O)C(C)(C)C)C4)c2)c1,KPHKCBNGEDAQEL-WXTZLZKPSA-N,602.292676824,5.444800000000006,CN(C)C(=O)c1cccc(-c2cccc(-c3nc(C(=O)N4CCCCC4)cc4c3[C@@H](CCO)N([S@](=O)C(C)(C)C)C4)c2)c1,BRD-K02159117,1.114359698,1.003644655,1.059002177,
49828873,CC(C)(C)c1ccc(NC(=O)c2ccc(C(C)(C)C)s2)cc1,BIITYWXHBQCCDL-UHFFFAOYSA-N,315.16568542000005,5.595400000000005,CC(C)(C)c1ccc(NC(=O)c2ccc(C(C)(C)C)s2)cc1,BRD-K02189178,1.072378402,1.080939127,1.076658765,
27056276,O=C1C[C@H](c2ccccc2)[C@@H]2CNCCN12,PXDMJFXWHWMAQU-NEPJUHHUSA-N,216.126263132,0.9742999999999999,O=C1C[C@H](c2ccccc2)[C@@H]2CNCCN12,BRD-K02252125,0.950069698,0.933655868,0.941862783,
60275785,CSc1nc(C)nc2ccccc12,XVVUFHKVQZEEJZ-UHFFFAOYSA-N,190.05646932,2.660120000000001,CSc1nc(C)nc2ccccc12,BRD-K02292140,0.722050594,0.974005298,0.848027946,
52010597,CNC(=O)C[C@H]1CC[C@H]2[C@@H](COC[C@@H](O)CN2C(=O)c2ccccn2)O1,MSJWVRQMUZZKKS-LQKXBSAESA-N,363.1794209,-0.032799999999999274,CNC(=O)C[C@H]1CC[C@H]2[C@@H](COC[C@@H](O)CN2C(=O)c2ccccn2)O1,BRD-K02308431,0.927486227,0.888645859,0.908066043,
23301544,CO[C@@H]1CN(C)C(=O)c2ccc(NC(C)=O)cc2OC[C@H](C)N(S(=O)(=O)c2cn(C)cn2)C[C@H]1C,MNMKHUSZJYICID-VWKPWSFCSA-N,507.2151547760001,1.5734000000000004,CO[C@@H]1CN(C)C(=O)c2ccc(NC(C)=O)cc2OC[C@H](C)N(S(=O)(=O)c2cn(C)cn2)C[C@H]1C,BRD-K02309708,1.211747609,0.922505805,1.067126707,
11492708,CO[C@@H]1CN(C)C(=O)c2cc(NC(=O)c3ccccc3)ccc2OC[C@H](C)N(C(=O)CN(C)C)C[C@@H]1C,OXVANDDYVOZFBN-ZYLNGJIFSA-N,510.284220316,2.833100000000001,CO[C@@H]1CN(C)C(=O)c2cc(NC(=O)c3ccccc3)ccc2OC[C@H](C)N(C(=O)CN(C)C)C[C@@H]1C,BRD-K02329600,0.818780147,1.061687994,0.940234071,
90477734,COc1ccccc1S(=O)(=O)N[C@H]1C=C[C@H](CC(=O)N2CCOCC2)O[C@H]1CO,ZYOQPOLYWOJBOK-VYDXJSESSA-N,426.14607217199995,-0.09309999999999857,COc1ccccc1S(=O)(=O)N[C@H]1C=C[C@H](CC(=O)N2CCOCC2)O[C@H]1CO,BRD-K02335631,0.987671189,1.292051423,1.139861306,
40288485,Cc1ccc(C(=O)c2ccc(Oc3ccccc3)cc2)cc1,BVNQMDFHBAVCSF-UHFFFAOYSA-N,288.115029752,5.018320000000004,Cc1ccc(C(=O)c2ccc(Oc3ccccc3)cc2)cc1,BRD-K02342588,1.154273951,0.908150968,1.03121246,
96791978,COc1ncnc2nc[nH]c12,GOILPRCCOREWQE-UHFFFAOYSA-N,150.054160812,0.3614999999999999,COc1ncnc2nc[nH]c12,BRD-K02355299,1.096904241,0.737702198,0.917303219,
10154195,COc1ccc([Si](C)(C)[C@@H]2[C@@H](CC(=O)N3Cc4ccccc4C[C@H]3CO)O[C@]3(C(=O)N(Cc4ccc(N5CCC5=O)cc4)c4ccccc43)[C@H]2C)cc1,URSKOVULNBZBSP-ABYFOEMBSA-N,729.323412754,5.530600000000005,COc1ccc([Si](C)(C)[C@@H]2[C@@H](CC(=O)N3Cc4ccccc4C[C@H]3CO)O[C@]3(C(=O)N(Cc4ccc(N5CCC5=O)cc4)c4ccccc43)[C@H]2C)cc1,BRD-K02369635,0.775714518,0.795031681,0.7853731,
43918909,O=C(C[C@H]1CC[C@H]2[C@@H](COC[C@H](O)CN2S(=O)(=O)c2cccc(Cl)c2)O1)NCCCN1CCOCC1,NSWUNGNCNKXHFP-YXPKMTABSA-N,545.196249172,0.8666000000000014,O=C(C[C@H]1CC[C@H]2[C@@H](COC[C@H](O)CN2S(=O)(=O)c2cccc(Cl)c2)O1)NCCCN1CCOCC1,BRD-K02389416,0.918867418,0.88338528,0.901126349,
11218623,CO[C@@H](CN(C)S(=O)(=O)c1ccc(F)cc1)[C@H](C)CN([C@@H](C)CO)S(=O)(=O)c1cccc(Cl)c1,KNLROJRONDBMAV-JLHGSKIFSA-N,536.1217845799999,2.822400000000001,CO[C@@H](CN(C)S(=O)(=O)c1ccc(F)cc1)[C@H](C)CN([C@@H](C)CO)S(=O)(=O)c1cccc(Cl)c1,BRD-K02442093,0.665871391,0.786707209,0.7262893,
74352008,NC(=O)CCNCc1ccccc1,GGJZFUWYCGSBCO-UHFFFAOYSA-N,178.110613068,0.6515999999999993,NC(=O)CCNCc1ccccc1,BRD-K02467206,0.984171567,0.694790207,0.839480887,
12770817,CCOC(=O)Cc1n[nH]c(=O)[nH]c1=O,KKDVVHQHEPCMRN-UHFFFAOYSA-N,199.059305768,-1.436199999999999,CCOC(=O)Cc1n[nH]c(=O)[nH]c1=O,BRD-K02497608,1.032994744,1.021016525,1.027005634,
11097949,C[C@@H]1CN([C@H](C)CO)S(=O)(=O)c2ccc(C#Cc3ccc(F)cc3)cc2O[C@@H]1CN(C)CC1CC1,ALWQNFKEDKDKSS-XMERXJNXSA-N,500.214506756,3.3359000000000023,C[C@@H]1CN([C@H](C)CO)S(=O)(=O)c2ccc(C#Cc3ccc(F)cc3)cc2O[C@@H]1CN(C)CC1CC1,BRD-K02511053,0.820231718,0.840583117,0.830407417,
44599001,C[C@H](CO)N1C[C@H](C)[C@@H](CN(C)C(=O)Cc2ccncc2)Oc2cc(C#CC3CCCC3)ccc2S1(=O)=O,FICXZKZQFHEYNI-OREGWCPLSA-N,539.245392284,3.093000000000001,C[C@H]1CN([C@H](C)CO)S(=O)(=O)c2ccc(C#CC3CCCC3)cc2O[C@@H]1CN(C)C(=O)Cc1ccncc1,BRD-K02522118,0.763020554,0.865426108,0.814223331,
10761925,COCC#Cc1ccc2c(c1)O[C@H](CN(C)C(=O)CN(C)C)[C@@H](C)CN([C@@H](C)CO)S2(=O)=O,BDPOJTKXDAFUOX-BBTUJRGHSA-N,481.22465684,0.47310000000000213,COCC#Cc1ccc2c(c1)O[C@H](CN(C)C(=O)CN(C)C)[C@@H](C)CN([C@@H](C)CO)S2(=O)=O,BRD-K02542213,0.934624943,1.01091157,0.972768257,
66878034,COC(=O)C(CC#Cc1ccc2c(c1)[C@]1(C(=O)N2)[C@H](C(=O)N2CCc3cc(OC)c(OC)cc3C2)[C@H]2C(=O)O[C@H](c3ccccc3)[C@H](c3ccccc3)N2[C@@H]1c1ccc(OCCO)cc1)C(=O)OC,LJRSYWMHTGFQBW-YALXEUMRSA-N,933.347274072,5.634600000000006,COC(=O)C(CC#Cc1ccc2c(c1)[C@]1(C(=O)N2)[C@H](C(=O)N2CCc3cc(OC)c(OC)cc3C2)[C@H]2C(=O)O[C@H](c3ccccc3)[C@H](c3ccccc3)N2[C@@H]1c1ccc(OCCO)cc1)C(=O)OC,BRD-K02556030,1.570692545,1.358858932,1.464775738,
54392817,O=C(C[C@@H]1CC[C@H](NC(=O)CN2CCOCC2)[C@H](CO)O1)NCCc1ccncc1,ZJAQJJRCHWWGEL-FHWLQOOXSA-N,420.237270124,-0.5126999999999959,O=C(C[C@@H]1CC[C@H](NC(=O)CN2CCOCC2)[C@H](CO)O1)NCCc1ccncc1,BRD-K02610196,1.152963072,1.288494322,1.220728697,
11090784,COc1ccc(CSCCN)cc1Cl,QDTJGXWBKVEEBS-UHFFFAOYSA-N,231.048462748,2.5404999999999998,COc1ccc(CSCCN)cc1Cl,BRD-K02638333,0.866653004,1.00565594,0.936154472,
80918276,COc1cc2ccnc(CCCN)c2cc1OC,VAJQBZDMXPQLQT-UHFFFAOYSA-N,246.136827816,2.1433,COc1cc2ccnc(CCCN)c2cc1OC,BRD-K02669775,0.940547084,1.034410354,0.987478719,
10063342,CCc1cc(=O)oc2cc(C)c3c(-c4ccccc4)coc3c12,FGXGOOOKCYTXTC-UHFFFAOYSA-N,304.109944372,5.077020000000004,CCc1cc(=O)oc2cc(C)c3c(-c4ccccc4)coc3c12,BRD-K02671037,1.456393607,1.31900728,1.387700443,
14261691,Cc1n[nH]c(NCc2ccco2)nc1=O,NLJMIZHKNZJCEC-UHFFFAOYSA-N,206.08037556,0.6784199999999998,Cc1n[nH]c(NCc2ccco2)nc1=O,BRD-K02673932,0.954421096,1.051273773,1.002847435,
64609520,COc1ccccc1C#Cc1ccc2c(c1)O[C@@H](CN(C)C(C)=O)[C@H](C)CN([C@@H](C)CO)S2(=O)=O,SQNKYKDODBLUKW-WYEJZRMESA-N,500.1981077439999,2.341900000000001,COc1ccccc1C#Cc1ccc2c(c1)O[C@@H](CN(C)C(C)=O)[C@H](C)CN([C@@H](C)CO)S2(=O)=O,BRD-K02675970,0.85246546,0.792770204,0.822617832,
89889216,COC(=O)C1CCN(S(=O)(=O)c2c(C)n(C)c(=O)n(C)c2=O)CC1,NXVCCZSXIQJRAU-UHFFFAOYSA-N,359.11510639200003,-1.0338799999999981,COC(=O)C1CCN(S(=O)(=O)c2c(C)n(C)c(=O)n(C)c2=O)CC1,BRD-K02690221,1.01260492,1.215035707,1.113820313,
82191544,CC(C)CC#Cc1ccc2c(c1)O[C@H](CN(C)C(=O)Cc1cccnc1)[C@H](C)CN([C@H](C)CO)S2(=O)=O,HNBFIRYNWWOTHM-XLGIIRLISA-N,527.245392284,2.9489000000000014,CC(C)CC#Cc1ccc2c(c1)O[C@H](CN(C)C(=O)Cc1cccnc1)[C@H](C)CN([C@H](C)CO)S2(=O)=O,BRD-K02715495,0.823911387,1.081493567,0.952702477,
40478310,COc1ccc([N+](=O)[O-])cc1CNCCO,ZMEJPNWTFNLTGG-UHFFFAOYSA-N,226.095356928,0.6852999999999998,COc1ccc([N+](=O)[O-])cc1CNCCO,BRD-K02738022,0.969692328,1.029393734,0.999543031,
97481398,O=C(C[C@@H]1C=C[C@H](NC(=O)c2ccc(F)cc2)[C@H](CO)O1)NCc1ccncn1,LTEMDBJMCLHMAZ-BZSNNMDCSA-N,400.1546833720001,0.7364999999999994,O=C(C[C@@H]1C=C[C@H](NC(=O)c2ccc(F)cc2)[C@H](CO)O1)NCc1ccncn1,BRD-K02749752,0.975643639,0.933818599,0.954731119,
64203919,O=C(C[C@H]1C=C[C@H](NS(=O)(=O)c2ccc(F)cc2)[C@H](CO)O1)N1CCC(Cc2ccccc2)CC1,DIJDXEWYCGKGMN-VJTSUQJLSA-N,502.19377131199997,2.6599000000000013,O=C(C[C@H]1C=C[C@H](NS(=O)(=O)c2ccc(F)cc2)[C@H](CO)O1)N1CCC(Cc2ccccc2)CC1,BRD-K02757264,0.588338758,0.911945194,0.750141976,
67437626,O=S(=O)(NCCN(C/C=C/c1ccc(F)cc1)C/C=C/c1ccc(F)cc1)c1cccc2cnccc12,KXTGCOCVRXQWSH-UHFFFAOYSA-N,519.1792045440001,5.520100000000005,O=S(=O)(NCCN(C/C=C/c1ccc(F)cc1)C/C=C/c1ccc(F)cc1)c1cccc2cnccc12,BRD-K02760756,0.936536402,1.124073594,1.030304998,
43599183,COc1cccc(NC(=O)N[C@@H]2C=C[C@@H](CC(=O)N3CCN(C)CC3)O[C@H]2CO)c1,KHTMSPVEUSRPBY-OTWHNJEPSA-N,418.22162005999996,0.6653000000000013,COc1cccc(NC(=O)N[C@@H]2C=C[C@@H](CC(=O)N3CCN(C)CC3)O[C@H]2CO)c1,BRD-K02766889,1.003493195,0.94523385,0.974363522,
10224233,O=C(CCNc1n[nH]c(=O)[nH]c1=O)N1CCOCC1,VJGWULCSZFVBSK-UHFFFAOYSA-N,269.11240396,-1.8809999999999987,O=C(CCNc1n[nH]c(=O)[nH]c1=O)N1CCOCC1,BRD-K02780135,1.094531861,1.047053527,1.070792694,
10877431,C[C@H]1CN([C@@H](C)CO)C(=O)CCCn2cc(nn2)CO[C@@H]1CN(C)C(=O)c1ccc(N2CCN(C)CC2)cc1,OIASBGFOQSUHIL-AOJNWGRGSA-N,541.337652856,1.3266000000000027,C[C@H]1CN([C@@H](C)CO)C(=O)CCCn2cc(nn2)CO[C@@H]1CN(C)C(=O)c1ccc(N2CCN(C)CC2)cc1,BRD-K02811477,0.759220633,1.010367366,0.884794,
53042645,O=C(O)CNC(=O)C1CCC1,RXVSGQPWSIJBCS-UHFFFAOYSA-N,157.073893212,-0.012700000000000378,O=C(O)CNC(=O)C1CCC1,BRD-K02816384,1.093527137,1.039938068,1.066732602,
52568287,O=C(O)CNC(=O)c1[nH]nc2ccccc12,CGYSXPYGYBUEPY-UHFFFAOYSA-N,219.064391148,0.37729999999999964,O=C(O)CNC(=O)c1[nH]nc2ccccc12,BRD-K02853637,1.088594464,1.263160751,1.175877608,
78284865,CCS(=O)(=O)NCC[C@@H]1CC[C@H](NC(=O)Cc2ccccn2)[C@@H](CO)O1,ATYYOVKYGVPSBZ-HRCADAONSA-N,385.167141964,-0.021799999999998654,CCS(=O)(=O)NCC[C@@H]1CC[C@H](NC(=O)Cc2ccccn2)[C@@H](CO)O1,BRD-K02882086,0.796744151,0.859697573,0.828220862,
89879529,CC(=O)OCN1CCN(COC(C)=O)C1=O,HIOPBSAJJQRHTG-UHFFFAOYSA-N,230.090271548,-0.23480000000000012,CC(=O)OCN1CCN(COC(C)=O)C1=O,BRD-K02917694,1.180672622,1.078639879,1.129656251,
91064911,Cc1cc(O)n(CCCO)c(=O)c1C#N,GZMOOAWIQTUNFT-UHFFFAOYSA-N,208.084792244,0.11639999999999995,Cc1cc(O)n(CCCO)c(=O)c1C#N,BRD-K02955048,1.097161807,0.907626983,1.002394395,
22869145,O=C(C[C@@H]1CC=CCCC(=O)OC[C@@H](Cc2c[nH]c3ccccc23)NC1=O)N[C@H](CO)Cc1ccccc1,MPJBSBONSKLDRX-ZKMPZPQNSA-N,517.25767122,3.204600000000001,O=C(C[C@@H]1CC=CCCC(=O)OC[C@@H](Cc2c[nH]c3ccccc23)NC1=O)N[C@H](CO)Cc1ccccc1,BRD-K02956049,0.873485232,0.936261698,0.904873465,
58855924,NC1=NN(c2ccccc2)C(=O)C1,LPOVZHYARSAVIZ-UHFFFAOYSA-N,175.074561908,0.6955000000000002,NC1=NN(c2ccccc2)C(=O)C1,BRD-K02972509,0.3074029,0.732624571,0.520013735,
73834169,C[C@H](N)[C@H](O)c1ccc(O)c(O)c1,GEFQWZLICWMTKF-CDUCUWFYSA-N,183.089543276,0.4784,C[C@H](N)[C@H](O)c1ccc(O)c(O)c1,BRD-K02976377,0.856347453,0.752720235,0.804533844,
29713773,Cc1sccc1-c1csc(N)n1,DAQOPZCSJYLMDB-UHFFFAOYSA-N,196.012890256,2.76222,Cc1sccc1-c1csc(N)n1,BRD-K02978256,0.877230465,0.992947843,0.935089154,
10392637,CC(C)c1ccc2[nH]c(=O)c(CCN)cc2c1,SLEKJGWRVYHWGK-UHFFFAOYSA-N,230.141913196,2.1527000000000003,CC(C)c1ccc2[nH]c(=O)c(CCN)cc2c1,BRD-K03006118,1.130852227,0.907130265,1.018991246,
79522621,O=C(O)CCCNc1n[nH]c(=O)[nH]c1=O,IEFQSCKFGFPONZ-UHFFFAOYSA-N,214.0702048,-1.2650999999999997,O=C(O)CCCNc1n[nH]c(=O)[nH]c1=O,BRD-K03054585,1.048434658,0.957523481,1.00297907,
33595340,COc1cccc(NC(=O)N2C[C@@H](O)COC[C@@H]3O[C@H](CC(=O)NCCCN4CCOCC4)CC[C@H]32)c1,LIUAUVOSLGXEPU-ONTLXTELSA-N,520.28969962,1.0650000000000013,COc1cccc(NC(=O)N2C[C@@H](O)COC[C@@H]3O[C@H](CC(=O)NCCCN4CCOCC4)CC[C@H]32)c1,BRD-K03057793,1.019756992,1.088673399,1.054215196,
72437978,CCCNC(=O)N1C[C@H](O)COC[C@@H]2O[C@@H](CC(=O)NCc3ccncn3)CC[C@H]21,NMBKWUQOWCQAFA-MLHJIOFPSA-N,421.2325190920001,0.21180000000000176,CCCNC(=O)N1C[C@H](O)COC[C@@H]2O[C@@H](CC(=O)NCc3ccncn3)CC[C@H]21,BRD-K03067767,0.977343673,0.88442721,0.930885442,
92308311,O=C(C[C@H]1C=C[C@H](NS(=O)(=O)c2ccc(F)cc2)[C@@H](CO)O1)NCCN1CCCCC1,ODPBSEVTJBXXEN-YZGWKJHDSA-N,455.18902027999997,0.7807000000000004,O=C(C[C@H]1C=C[C@H](NS(=O)(=O)c2ccc(F)cc2)[C@@H](CO)O1)NCCN1CCCCC1,BRD-K03082695,1.175800395,0.992047264,1.083923829,
39029252,CCOC(=O)CSc1nc(=O)cc(C)[nH]1,UMBRDZWNHCKZMO-UHFFFAOYSA-N,228.056863244,0.73352,CCOC(=O)CSc1nc(=O)cc(C)[nH]1,BRD-K03116727,0.896861092,1.008077301,0.952469196,
28694312,O=C(C[C@@H]1C=C[C@@H](NS(=O)(=O)c2ccccc2)[C@@H](CO)O1)NCc1ccncn1,KCFSZEIQZPXMEW-CGTJXYLNSA-N,418.131090804,0.14590000000000042,O=C(C[C@@H]1C=C[C@@H](NS(=O)(=O)c2ccccc2)[C@@H](CO)O1)NCc1ccncn1,BRD-K03217972,1.053485592,1.242722614,1.148104103,
74229496,Cc1noc(C)c1NC(=O)N[C@H]1C=C[C@@H](CC(=O)N2CCN(C)CC2)O[C@@H]1CO,QKJIXQBKLPFZFO-HRCADAONSA-N,407.21686902799996,0.2615400000000015,Cc1noc(C)c1NC(=O)N[C@H]1C=C[C@@H](CC(=O)N2CCN(C)CC2)O[C@@H]1CO,BRD-K03233804,0.893646358,1.017800605,0.955723481,
20042054,CN1C(=O)/C(=C(/C#N)C(N)=O)c2ccccc21,UUJMDDQDSCOLMD-UHFFFAOYSA-N,227.069476528,0.42547999999999975,CN1C(=O)/C(=C(/C#N)C(N)=O)c2ccccc21,BRD-K03235119,1.066029482,0.764830831,0.915430156,
52029540,O=C(C[C@@H]1C=C[C@@H](NC(=O)C2CCC2)[C@H](CO)O1)NCCCN1CCOCC1,AGYKQGZRDSIEQP-KSZLIROESA-N,395.242021156,-0.18419999999999748,O=C(C[C@@H]1C=C[C@@H](NC(=O)C2CCC2)[C@H](CO)O1)NCCCN1CCOCC1,BRD-K03262163,0.798850293,0.984223362,0.891536828,
17732611,CC(=O)N(C)C[C@@H]1Oc2cc(C#CCN(C)C)ccc2S(=O)(=O)N([C@H](C)CO)C[C@H]1C,WNLUWHCJFYMNFU-LZJOCLMNSA-N,451.214092156,0.8466000000000014,CC(=O)N(C)C[C@@H]1Oc2cc(C#CCN(C)C)ccc2S(=O)(=O)N([C@H](C)CO)C[C@H]1C,BRD-K03326495,1.051996434,0.725750912,0.888873673,
31293599,CO[C@@H]1CN(C)C(=O)c2ccc(NC(=O)C3CC3)cc2OC[C@@H](C)N(C(=O)C2CCOCC2)C[C@@H]1C,ASSVLOKWLPHVBU-HOOSLVGPSA-N,501.283885968,2.7943,CO[C@@H]1CN(C)C(=O)c2ccc(NC(=O)C3CC3)cc2OC[C@@H](C)N(C(=O)C2CCOCC2)C[C@@H]1C,BRD-K03327701,0.953140518,1.041172667,0.997156593,
10441918,O=S(=O)(c1ccccc1)N1CCN(CCO)CC1,WUPAFAQQVCZXOD-UHFFFAOYSA-N,270.103813436,-0.014799999999999924,O=S(=O)(c1ccccc1)N1CCN(CCO)CC1,BRD-K03331866,1.064847016,1.004672142,1.034759579,
99326974,O/N=C/c1ccccc1C(F)(F)F,GBZLIAANNYDSOB-UHFFFAOYSA-N,189.040148472,2.5135000000000005,O/N=C/c1ccccc1C(F)(F)F,BRD-K03352361,0.95223952,0.92603954,0.93913953,
81370839,Cc1nc([N+](=O)[O-])c(N2CCNCC2)[nH]1,XSNZSKAAABDXFA-UHFFFAOYSA-N,211.106924656,0.035919999999999785,Cc1nc([N+](=O)[O-])c(N2CCNCC2)[nH]1,BRD-K03378471,0.964810464,1.231543117,1.098176791,
16695068,C[C@@H]1CN([C@H](C)CO)S(=O)(=O)c2ccc(C#CC3(O)CCCC3)cc2O[C@H]1CN(C)C(=O)Cc1ccccc1,CQIUOUXXUHLNMC-NOTUOJBMSA-N,554.2450579360001,2.812900000000001,C[C@@H]1CN([C@H](C)CO)S(=O)(=O)c2ccc(C#CC3(O)CCCC3)cc2O[C@H]1CN(C)C(=O)Cc1ccccc1,BRD-K03420224,0.923989279,1.060245812,0.992117546,
10944752,C[C@H](CO)N1C[C@H](C)[C@@H](CN(C)C(=O)C2CCCCC2)Oc2cc(Br)ccc2S1(=O)=O,KQLIECALNJASHC-RZQQEMMASA-N,516.1293552559999,3.256400000000002,C[C@H]1CN([C@H](C)CO)S(=O)(=O)c2ccc(Br)cc2O[C@@H]1CN(C)C(=O)C1CCCCC1,BRD-K03428462,0.711584195,0.872702101,0.792143148,
10062601,CC(C)NC(=O)N[C@H]1C=C[C@H](CC(=O)NCCN2CCCC2)O[C@H]1CO,MSSSXTZXXUODGR-PMPSAXMXSA-N,368.24235550399993,-0.01939999999999803,CC(C)NC(=O)N[C@H]1C=C[C@H](CC(=O)NCCN2CCCC2)O[C@H]1CO,BRD-K03441551,0.909568883,0.988872334,0.949220609,
21866117,COCCOC(=O)N1C(=O)[C@@]2(c3cc(C#CC4=CCCCC4)ccc31)[C@H](c1ccc(O)cc1)N1[C@H](c3ccccc3)[C@H](c3ccccc3)OC(=O)[C@H]1[C@@H]2C(=O)N1CCN(c2ncccn2)CC1,JJFRRJJKBSQVON-QQCSAUERSA-N,898.36901256,6.831400000000008,COCCOC(=O)N1C(=O)[C@@]2(c3cc(C#CC4=CCCCC4)ccc31)[C@H](c1ccc(O)cc1)N1[C@H](c3ccccc3)[C@H](c3ccccc3)OC(=O)[C@H]1[C@@H]2C(=O)N1CCN(c2ncccn2)CC1,BRD-K03444538,0.900545298,1.031818973,0.966182136,
44211623,CCC(=O)Nc1ccc2c(c1)OC[C@H](C)N(C(=O)CN1CCOCC1)C[C@@H](C)[C@H](OC)CN(C)C2=O,NQTWUKGAHCTDGB-SELNLUPBSA-N,504.29478499999993,1.6999000000000015,CCC(=O)Nc1ccc2c(c1)OC[C@H](C)N(C(=O)CN1CCOCC1)C[C@@H](C)[C@H](OC)CN(C)C2=O,BRD-K03452462,1.033662615,1.13276502,1.083213817,
83636277,Cn1cnc(S(=O)(=O)N2C[C@@H](O)COC[C@H]3O[C@H](CC(=O)N4CCN(c5ccccc5)CC4)CC[C@@H]32)c1,MPYAHSWRXWDNAD-WZYRSQIMSA-N,533.23080484,0.4570000000000025,Cn1cnc(S(=O)(=O)N2C[C@@H](O)COC[C@H]3O[C@H](CC(=O)N4CCN(c5ccccc5)CC4)CC[C@@H]32)c1,BRD-K03475200,0.805885156,0.803558004,0.80472158,
37377255,C=CCSc1n[nH]c(=O)[nH]c1=O,GQRGHKDRHYUZMY-UHFFFAOYSA-N,185.025897464,-0.26369999999999993,C=CCSc1n[nH]c(=O)[nH]c1=O,BRD-K03522394,0.872153774,1.008148483,0.940151129,
72604586,COC(=O)c1c(CC[C@@H](COC(=O)NCCCCCC(=O)NO)NC(=O)N[C@@H](Cc2ccccc2)Cn2cc(-c3ccccc3)nn2)oc(C(=O)N2CCOCC2)c1C(=O)OC,HUSYHNABYLKMBJ-CONSDPRKSA-N,860.370469104,3.2876000000000047,COC(=O)c1c(CC[C@@H](COC(=O)NCCCCCC(=O)NO)NC(=O)N[C@@H](Cc2ccccc2)Cn2cc(-c3ccccc3)nn2)oc(C(=O)N2CCOCC2)c1C(=O)OC,BRD-K03558590,1.012392404,1.051385101,1.031888753,
28606643,O=C(C[C@H]1CC[C@H]2[C@@H](COC[C@@H](O)CN2C(=O)Nc2ccc(F)cc2)O1)NCCCN1CCOCC1,ZJVBEXBZNPERQO-GSPCLOLRSA-N,508.269713124,1.1955000000000011,O=C(C[C@H]1CC[C@H]2[C@@H](COC[C@@H](O)CN2C(=O)Nc2ccc(F)cc2)O1)NCCCN1CCOCC1,BRD-K03582074,1.084721354,1.168407917,1.126564636,
58184846,COCC#Cc1ccc2c(c1)O[C@@H](CN(C)S(C)(=O)=O)[C@@H](C)CN([C@H](C)CO)S2(=O)=O,FSZZBTJTBAEZDV-FCEWJHQRSA-N,474.14944329999986,0.34450000000000097,COCC#Cc1ccc2c(c1)O[C@@H](CN(C)S(C)(=O)=O)[C@@H](C)CN([C@H](C)CO)S2(=O)=O,BRD-K03612243,1.176942173,0.827680972,1.002311572,
23876246,Cc1[nH]c(SCCC(=O)O)nc(=O)c1C,LHISWFWTGXKZSP-UHFFFAOYSA-N,228.056863244,0.95354,Cc1[nH]c(SCCC(=O)O)nc(=O)c1C,BRD-K03634268,0.835471184,0.959685878,0.897578531,
14966509,CCS(=O)(=O)NCC[C@H]1CC[C@H](NC(=O)C2CCOCC2)[C@@H](CO)O1,UGESBEZYKBPVQM-QLFBSQMISA-N,378.1824576799999,-0.23289999999999828,CCS(=O)(=O)NCC[C@H]1CC[C@H](NC(=O)C2CCOCC2)[C@@H](CO)O1,BRD-K03655973,0.99275294,1.16375068,1.07825181,
10305778,C[C@@H]1CN([C@H](C)CO)S(=O)(=O)c2ccc(-c3ccc(F)cc3)cc2O[C@@H]1CN(C)C(=O)C1CCOCC1,SQOMVNYVTKQJPF-MPCDZSKCSA-N,534.2199860599999,3.146300000000002,C[C@@H]1CN([C@H](C)CO)S(=O)(=O)c2ccc(-c3ccc(F)cc3)cc2O[C@@H]1CN(C)C(=O)C1CCOCC1,BRD-K03678291,0.84617247,0.890259853,0.868216161,
48370626,C=CCOC(=O)[C@H]1[C@@H]2C(=O)O[C@@H](c3ccccc3)[C@@H](c3ccccc3)N2[C@@H](c2ccc(OCCOC(=O)[C@@H]3C[C@@H]4C(=O)N[C@@H](CCCC[N+](C)(C)C)C(=O)N4[C@@H]3c3cccc(OCCO)c3)cc2)[C@]12C(=O)Nc1ccc(I)cc12,HTGCIVVTLHAREP-KVQOJLJASA-O,1186.36689694009,6.917800000000009,C=CCOC(=O)[C@H]1[C@@H]2C(=O)O[C@@H](c3ccccc3)[C@@H](c3ccccc3)N2[C@@H](c2ccc(OCCOC(=O)[C@@H]3C[C@@H]4C(=O)N[C@@H](CCCC[N+](C)(C)C)C(=O)N4[C@@H]3c3cccc(OCCO)c3)cc2)[C@]12C(=O)Nc1ccc(I)cc12,BRD-K03721494,1.551366043,1.735055244,1.643210644,
47198581,C[C@H]1CN([C@@H](C)CO)C(=O)CCCn2nncc2CO[C@@H]1CN(C)C(=O)Nc1cccc2ccccc12,BDQCUWSGKZTQJJ-ZYLNGJIFSA-N,508.279803632,3.119700000000001,C[C@H]1CN([C@@H](C)CO)C(=O)CCCn2nncc2CO[C@@H]1CN(C)C(=O)Nc1cccc2ccccc12,BRD-K03725377,1.092897334,0.743492649,0.918194992,
58645215,O=C(C[C@H]1C=C[C@H](NC(=O)c2ccncc2)[C@@H](CO)O1)NCc1ccncn1,PCRQGAVQTRGFGX-IXDOHACOSA-N,383.1593541520001,-0.007599999999999385,O=C(C[C@H]1C=C[C@H](NC(=O)c2ccncc2)[C@@H](CO)O1)NCc1ccncn1,BRD-K03725660,1.194807649,1.148405982,1.171606816,
10692457,CO[C@H]1CN(C)C(=O)c2ccc(NS(=O)(=O)c3cn(C)cn3)cc2OC[C@H](C)N(CC2CC2)C[C@H]1C,ADDASBZDJGCFMF-STSQHVNTSA-N,519.251540284,2.4368999999999996,CO[C@H]1CN(C)C(=O)c2ccc(NS(=O)(=O)c3cn(C)cn3)cc2OC[C@H](C)N(CC2CC2)C[C@H]1C,BRD-K03728103,1.027436212,0.736324008,0.88188011,
16281368,CCCNC(=O)N1C[C@H](O)COC[C@H]2O[C@@H](CC(=O)N3CCOCC3)CC[C@@H]21,BYWKWVYDDLKMSL-VVLHAWIVSA-N,399.236935776,-0.03579999999999828,CCCNC(=O)N1C[C@H](O)COC[C@H]2O[C@@H](CC(=O)N3CCOCC3)CC[C@@H]21,BRD-K03778156,0.74263459,0.874963893,0.808799241,
27584880,Cn1c(-c2ccccc2)c[nH]c1=S,XGMUOBZHQAVQNX-UHFFFAOYSA-N,190.05646932,2.74969,Cn1c(-c2ccccc2)c[nH]c1=S,BRD-K03782337,1.067263124,0.99620606,1.031734592,
59086895,CC(=O)c1c(O)c(C)c(O)c(Cc2c(O)c3c(c(C(=O)/C=C/c4ccccc4)c2O)OC(C)(C)C=C3)c1O,DEZFNHCVIZBHBI-UHFFFAOYSA-N,516.1784178559999,5.396720000000009,CC(=O)c1c(O)c(C)c(O)c(Cc2c(O)c3c(c(C(=O)/C=C/c4ccccc4)c2O)OC(C)(C)C=C3)c1O,BRD-K03816923,1.079373946,0.904214177,0.991794062,
22861843,CO[C@H]1CN(C)C(=O)c2ccc(NS(=O)(=O)c3ccccc3)cc2OC[C@@H](C)N(C(=O)NC(C)C)C[C@@H]1C,VGEAOMRMXWKHAS-DFIYOIEZSA-N,546.251205936,3.411400000000002,CO[C@H]1CN(C)C(=O)c2ccc(NS(=O)(=O)c3ccccc3)cc2OC[C@@H](C)N(C(=O)NC(C)C)C[C@@H]1C,BRD-K03851221,1.026171383,1.098370507,1.062270945,
96114238,COc1ccccc1CN1C(=O)c2ccccc2[C@](Cc2ccccc2I)(C(=O)NC2CC2)[C@@H]1c1ccc(CO)cc1,NTBSFERFCJITDU-SHUZPENHSA-N,672.148505536,5.948500000000006,COc1ccccc1CN1C(=O)c2ccccc2[C@](Cc2ccccc2I)(C(=O)NC2CC2)[C@@H]1c1ccc(CO)cc1,BRD-K03860263,0.754744483,0.803921574,0.779333028,
10230864,COc1cccc(S(=O)(=O)Nc2ccc3c(c2)[C@@H]2C[C@@H](CC(=O)NC4CCCCC4)O[C@@H](CO)[C@@H]2O3)c1,MPXYHEQTTLDTMZ-WHTZKJIOSA-N,530.2086724279999,3.3294000000000024,COc1cccc(S(=O)(=O)Nc2ccc3c(c2)[C@@H]2C[C@@H](CC(=O)NC4CCCCC4)O[C@@H](CO)[C@@H]2O3)c1,BRD-K03864628,0.957883882,0.775267659,0.866575771,
48796940,NC1CCN(C(=O)c2c[nH]c3ccccc23)CC1,MPGPMSJVDLXQSL-UHFFFAOYSA-N,243.137162164,1.7311999999999992,NC1CCN(C(=O)c2c[nH]c3ccccc23)CC1,BRD-K03866806,0.811631512,0.962915383,0.887273448,
63664893,COc1cccc(NC(=O)N[C@H]2C=C[C@@H](CC(=O)N3CCN(C)CC3)O[C@H]2CO)c1,KHTMSPVEUSRPBY-FHWLQOOXSA-N,418.22162005999996,0.6653000000000013,COc1cccc(NC(=O)N[C@H]2C=C[C@@H](CC(=O)N3CCN(C)CC3)O[C@H]2CO)c1,BRD-K03877317,1.027343601,1.034944058,1.03114383,
19247053,COc1ccc(S(=O)(=O)N[C@H]2C=C[C@H](CC(=O)N3CCC(Cc4ccccc4)CC3)O[C@@H]2CO)cc1,CUGFMOXJBZJTJZ-DMTNHVFBSA-N,514.213757808,2.5294,COc1ccc(S(=O)(=O)N[C@H]2C=C[C@H](CC(=O)N3CCC(Cc4ccccc4)CC3)O[C@@H]2CO)cc1,BRD-K03882574,0.685558543,0.750396476,0.71797751,
19227139,C[C@@H](NC(=O)C[C@@H]1CC[C@@H](NC(=O)CN2CCOCC2)[C@@H](CO)O1)c1ccccc1,VZQKOZAJNGTVKC-GSEOLPGOSA-N,419.24202115599996,0.6108000000000029,C[C@@H](NC(=O)C[C@@H]1CC[C@@H](NC(=O)CN2CCOCC2)[C@@H](CO)O1)c1ccccc1,BRD-K03886176,1.07252191,1.158507115,1.115514513,
24728866,O=C1Nc2ccccc2Oc2cc(Sc3ccccc3)ccc21,GRXVXLNGDXZNPQ-UHFFFAOYSA-N,319.066699656,5.195800000000003,O=C1Nc2ccccc2Oc2cc(Sc3ccccc3)ccc21,BRD-K03919472,1.228486725,1.06344027,1.145963498,
55786987,O=C(C[C@@H]1C=C[C@H](NS(=O)(=O)c2ccc(F)cc2)[C@H](CO)O1)N1CCC(Cc2ccccc2)CC1,DIJDXEWYCGKGMN-HVCNVCAESA-N,502.19377131199997,2.6599000000000013,O=C(C[C@@H]1C=C[C@H](NS(=O)(=O)c2ccc(F)cc2)[C@H](CO)O1)N1CCC(Cc2ccccc2)CC1,BRD-K03938428,0.73533636,0.856006495,0.795671427,
85729998,Cc1c(C(=O)Nc2ccc3ccccc3c2)oc2ccccc12,RYBDFYVJMMPPFU-UHFFFAOYSA-N,301.11027872000005,5.146720000000003,Cc1c(C(=O)Nc2ccc3ccccc3c2)oc2ccccc12,BRD-K03939860,0.932887196,0.986348134,0.959617665,
17607292,Nc1c2c(=O)[nH]c(=O)cc-2[nH]n1-c1ccccc1,VOWVJPAVBOMECY-UHFFFAOYSA-N,242.08037556,0.5408999999999992,Nc1c2c(=O)[nH]c(=O)cc-2[nH]n1-c1ccccc1,BRD-K03946842,0.967384067,1.158306835,1.062845451,
79961676,C[C@@H]1CN([C@H](C)CO)S(=O)(=O)c2ccc(C#CC(C)(C)O)cc2O[C@H]1CN(C)Cc1ccccc1,KWFRNIADRYRKOB-OTPAQWSUSA-N,500.23449325199994,2.709600000000001,C[C@@H]1CN([C@H](C)CO)S(=O)(=O)c2ccc(C#CC(C)(C)O)cc2O[C@H]1CN(C)Cc1ccccc1,BRD-K03960171,0.553771888,0.797891742,0.675831815,
39780598,Cc1ccc(S(=O)(=O)N2C[C@@H](O)COC[C@@H]3O[C@H](CC(=O)N[C@H]4CCN(Cc5ccccc5)C4)CC[C@H]32)cc1,BKAMLTSXUMOSCF-FRINSPPISA-N,557.255956968,2.0738200000000004,Cc1ccc(S(=O)(=O)N2C[C@@H](O)COC[C@@H]3O[C@H](CC(=O)N[C@H]4CCN(Cc5ccccc5)C4)CC[C@H]32)cc1,BRD-K03961736,1.042387937,1.168092459,1.105240198,
31953384,CN(C)S(=O)(=O)c1ccc(CN)cc1,XSKLMWLTOSBDGW-UHFFFAOYSA-N,214.077598688,0.39560000000000006,CN(C)S(=O)(=O)c1ccc(CN)cc1,BRD-K03971916,1.163653528,0.957569797,1.060611662,
10215762,CC(C)NC(=O)N[C@H]1C=C[C@H](CC(=O)NCCCN(C)C)O[C@@H]1CO,LJGUQBBKFZFLJA-QLFBSQMISA-N,356.24235550399993,-0.1634999999999977,CC(C)NC(=O)N[C@H]1C=C[C@H](CC(=O)NCCCN(C)C)O[C@@H]1CO,BRD-K04005364,1.032593684,1.054923869,1.043758776,
84856907,C[C@H](O)C#Cc1ccc2c(c1)O[C@@H](CN(C)C(=O)c1ccncc1)[C@@H](C)CN([C@@H](C)CO)S2(=O)=O,WQUBGFQTQNFVAU-KGYLXKDPSA-N,501.193356712,1.3547,C[C@H](O)C#Cc1ccc2c(c1)O[C@@H](CN(C)C(=O)c1ccncc1)[C@@H](C)CN([C@@H](C)CO)S2(=O)=O,BRD-K04049864,1.031371271,1.026629722,1.029000496,
10887075,CC(C)NC(=O)NCC[C@H]1CC[C@@H](NC(=O)CN(C)C)[C@@H](CO)O1,FRJVFPJDQFXUHI-MGPQQGTHSA-N,344.24235550399993,-0.32959999999999673,CC(C)NC(=O)NCC[C@H]1CC[C@@H](NC(=O)CN(C)C)[C@@H](CO)O1,BRD-K04079085,1.141263239,0.923430435,1.032346837,
10912923,CN1CC2(CNC2)OCCS1(=O)=O,RKBAXDAUJQMWPG-UHFFFAOYSA-N,206.072513308,-1.379799999999999,CN1CC2(CNC2)OCCS1(=O)=O,BRD-K04129546,0.925051011,1.026211397,0.975631204,
71618008,O=C(NO)c1ccc(C(=O)N/N=C/[C@H](O)[C@H](O)[C@@H](O)[C@@H](O)CO)cc1,IWADZTDWQFIKKG-BJDJZHNGSA-N,357.11721456799995,-3.0428999999999995,O=C(NO)c1ccc(C(=O)N/N=C/[C@H](O)[C@H](O)[C@@H](O)[C@@H](O)CO)cc1,BRD-K04130392,1.074790088,1.212455853,1.143622971,
98605079,O=C(N[C@H]1CC[C@@H](CC(=O)N2CCOCC2)O[C@H]1CO)c1ccc2c(c1)OCO2,QGLUNKSPMGXQAS-MPGHIAIKSA-N,406.1740011719999,0.3025000000000005,O=C(N[C@H]1CC[C@@H](CC(=O)N2CCOCC2)O[C@H]1CO)c1ccc2c(c1)OCO2,BRD-K04135474,0.947317032,0.957364821,0.952340926,
10605859,O=C(C[C@H]1CC[C@@H]2[C@H](COC[C@H](O)CN2S(=O)(=O)c2ccc(Cl)cc2)O1)N[C@H]1CCN(Cc2ccccc2)C1,IAYWLRNWEIWCBL-DYEJEPNJSA-N,577.201334552,2.4188,O=C(C[C@H]1CC[C@@H]2[C@H](COC[C@H](O)CN2S(=O)(=O)c2ccc(Cl)cc2)O1)N[C@H]1CCN(Cc2ccccc2)C1,BRD-K04178315,0.988452992,0.802581292,0.895517142,
11298203,NCCNc1ccc([N+](=O)[O-])c(NCCO)c1,NZVISMNKEXWNQN-UHFFFAOYSA-N,240.122240372,0.3695999999999999,NCCNc1ccc([N+](=O)[O-])c(NCCO)c1,BRD-K04203650,0.830155342,1.007953943,0.919054642,
53082575,O=C(C[C@@H]1C=C[C@H](NC(=O)C2CC2)[C@@H](CO)O1)NCCCN1CCOCC1,YHPSXYRZNYZHAH-YESZJQIVSA-N,381.226371092,-0.5742999999999974,O=C(C[C@@H]1C=C[C@H](NC(=O)C2CC2)[C@@H](CO)O1)NCCCN1CCOCC1,BRD-K04232798,0.871834016,0.903223345,0.88752868,
91442770,Cc1ccc(Sc2c(-c3ccccc3)nc3sccn23)cc1,PKJFISPEJIPHKO-UHFFFAOYSA-N,322.05984044800005,5.522420000000004,Cc1ccc(Sc2c(-c3ccccc3)nc3sccn23)cc1,BRD-K04243882,1.097170847,1.255927009,1.176548928,
73733994,C[C@H](CO)N1C[C@H](C)[C@@H](CN(C)C(=O)c2cnccn2)Oc2cc(C#CCC3CCCC3)ccc2S1(=O)=O,IVUSNLXISHLOEW-LZCXECNNSA-N,540.240641252,2.949200000000002,C[C@H]1CN([C@H](C)CO)S(=O)(=O)c2ccc(C#CCC3CCCC3)cc2O[C@@H]1CN(C)C(=O)c1cnccn1,BRD-K04245498,0.840474524,0.772916644,0.806695584,
39492878,C[C@@H]1CN([C@@H](C)CO)S(=O)(=O)c2ccc(-c3ccc(C(=O)N(C)C)cc3)cc2O[C@H]1CN(C)C(=O)C1CCC1,SWUCWXMCDNCWDY-GOHWNWGWSA-N,557.255956968,3.0825000000000014,C[C@@H](CO)N1C[C@@H](C)[C@H](CN(C)C(=O)C2CCC2)Oc2cc(-c3ccc(C(=O)N(C)C)cc3)ccc2S1(=O)=O,BRD-K04284624,0.98442245,1.079796852,1.032109651,
64334131,COC(=O)Cc1c(C)[nH]c(=S)[nH]c1=O,LVLJUGZMVXFFKV-UHFFFAOYSA-N,214.04121318,0.45640999999999976,COC(=O)Cc1c(C)[nH]c(=S)[nH]c1=O,BRD-K04284767,1.024503905,0.920058074,0.97228099,
10132356,O=C(c1cccc2ccccc12)N(C1CCCC1)C1CCCC1,YVWDYYZTMXMPEV-UHFFFAOYSA-N,307.19361442,5.167200000000005,O=C(c1cccc2ccccc12)N(C1CCCC1)C1CCCC1,BRD-K04319307,1.026155875,1.072233197,1.049194536,
25088040,C[C@@]1(C2CC2)Cc2cnnn2CCN1,JYGRYWHMJAISRF-JTQLQIEISA-N,192.13749651199998,0.5925,C[C@@]1(C2CC2)Cc2cnnn2CCN1,BRD-K04369948,0.959694045,0.999035614,0.97936483,
97215933,Cn1cnc(S(=O)(=O)N[C@H]2C=C[C@H](CC(=O)Nc3ccccc3)O[C@H]2CO)c1,RBSFMPJGBWLQPI-PMPSAXMXSA-N,406.13109080399994,0.41169999999999957,Cn1cnc(S(=O)(=O)N[C@H]2C=C[C@H](CC(=O)Nc3ccccc3)O[C@H]2CO)c1,BRD-K04387494,1.052163342,1.049057619,1.05061048,
70025494,O=C1NC(=S)NC(=O)C1=Cc1ccccc1,TXGVDOCEVWJSPR-UHFFFAOYSA-N,232.030648496,0.6009,O=C1NC(=S)NC(=O)C1=Cc1ccccc1,BRD-K04410489,0.883635266,0.890470576,0.887052921,
69300301,COc1oc(C(=O)NC2CCCCC2)c(-c2ccc(Cl)cc2)c1S(=O)(=O)c1ccccc1NC(C)=O,JWFBNDNALXIMHQ-UHFFFAOYSA-N,530.1278352639999,5.462300000000004,COc1oc(C(=O)NC2CCCCC2)c(-c2ccc(Cl)cc2)c1S(=O)(=O)c1ccccc1NC(C)=O,BRD-K04411634,0.871595264,0.925001701,0.898298483,
49726263,O=C(C[C@@H]1C=C[C@@H](NC(=O)C2CC2)[C@@H](CO)O1)NCCCN1CCOCC1,YHPSXYRZNYZHAH-GVDBMIGSSA-N,381.226371092,-0.5742999999999974,O=C(C[C@@H]1C=C[C@@H](NC(=O)C2CC2)[C@@H](CO)O1)NCCCN1CCOCC1,BRD-K04433240,1.02668712,1.042481798,1.034584459,
74934201,COc1cccc(OC)c1C(=O)NN,IAGDFYJEYKQMPQ-UHFFFAOYSA-N,196.084792244,0.3073000000000001,COc1cccc(OC)c1C(=O)NN,BRD-K04441764,0.987332056,1.088183662,1.037757859,
47866182,CN1CCN(C(=O)C[C@H]2C=C[C@@H](NC(=O)Cc3ccccn3)[C@H](CO)O2)CC1,KPQAGDNSAAOMGS-KURKYZTESA-N,388.21105537599993,-0.4110999999999976,CN1CCN(C(=O)C[C@H]2C=C[C@@H](NC(=O)Cc3ccccn3)[C@H](CO)O2)CC1,BRD-K04513994,0.963804567,1.139205061,1.051504814,
72520269,CO[C@@H](CN(C)S(=O)(=O)c1cccc(Cl)c1)[C@@H](C)CN([C@H](C)CO)S(=O)(=O)c1cccc(Cl)c1,WFGAJOALFFTPKS-JKSBSHDWSA-N,552.0922340400001,3.336700000000002,CO[C@@H](CN(C)S(=O)(=O)c1cccc(Cl)c1)[C@@H](C)CN([C@H](C)CO)S(=O)(=O)c1cccc(Cl)c1,BRD-K04521490,0.918066339,0.909347863,0.913707101,
81361624,NNC(=O)c1ccc2c(=O)[nH][nH]c(=O)c2c1,IQHAVBIQMYJJSX-UHFFFAOYSA-N,220.059640116,-1.1801000000000001,NNC(=O)c1ccc2c(=O)[nH][nH]c(=O)c2c1,BRD-K04546572,1.004052341,1.089668911,1.046860626,
10437748,O=C(C[C@@H]1C=C[C@H](NC(=O)c2cnccn2)[C@@H](CO)O1)NCc1ccccc1F,BFDDYBZFCVNWOI-QILLFSRXSA-N,400.154683372,0.7365000000000005,O=C(C[C@@H]1C=C[C@H](NC(=O)c2cnccn2)[C@@H](CO)O1)NCc1ccccc1F,BRD-K04546974,0.958755809,1.134753009,1.046754409,
25545496,CN1CCN(C(=O)C[C@H]2CC[C@H]3[C@@H](COC[C@H](O)CN3Cc3ccc(Oc4ccccc4)cc3)O2)CC1,FCHIDXPGMXGYQM-NNTQFHGGSA-N,509.28897134799996,2.752300000000001,CN1CCN(C(=O)C[C@H]2CC[C@H]3[C@@H](COC[C@H](O)CN3Cc3ccc(Oc4ccccc4)cc3)O2)CC1,BRD-K04557107,1.103753527,1.199936422,1.151844975,
90526582,O=C(C[C@@H]1C=C[C@@H](NC(=O)c2cccnc2)[C@H](CO)O1)NCc1ccncn1,IRXKKCPKACPSJV-BBWFWOEESA-N,383.1593541520001,-0.007599999999999385,O=C(C[C@@H]1C=C[C@@H](NC(=O)c2cccnc2)[C@H](CO)O1)NCc1ccncn1,BRD-K04572153,0.992233003,1.003278406,0.997755704,
36502295,COc1ccc(S(=O)(=O)N[C@@H]2CC[C@H](CC(=O)N3CCN(c4ccccc4)CC3)O[C@H]2CO)cc1,ICWHYEIFENWFHJ-JRFVFWCSSA-N,503.20900677599997,1.6208999999999998,COc1ccc(S(=O)(=O)N[C@@H]2CC[C@H](CC(=O)N3CCN(c4ccccc4)CC3)O[C@H]2CO)cc1,BRD-K04605615,0.921936086,1.082851924,1.002394005,
54929576,CC(C)CC#Cc1ccc2c(c1)O[C@@H](CN(C)C(=O)Cc1cccnc1)[C@H](C)CN([C@H](C)CO)S2(=O)=O,HNBFIRYNWWOTHM-DRLORSAXSA-N,527.245392284,2.9489000000000014,CC(C)CC#Cc1ccc2c(c1)O[C@@H](CN(C)C(=O)Cc1cccnc1)[C@H](C)CN([C@H](C)CO)S2(=O)=O,BRD-K04609311,0.785816758,0.935336106,0.860576432,
67043981,O=C(Nc1cccc(C(F)(F)F)c1)c1ccc2ccccc2c1,QRZYHVJTURZZNN-UHFFFAOYSA-N,315.087098664,5.110900000000003,O=C(Nc1cccc(C(F)(F)F)c1)c1ccc2ccccc2c1,BRD-K04615352,1.118352907,0.848640428,0.983496667,
73676337,CCCNC(=O)N[C@@H]1C=C[C@@H](CC(=O)N2CCN(C)CC2)O[C@@H]1CO,AVCGIXMUPLIHTE-RRFJBIMHSA-N,354.22670543999993,-0.4557999999999975,CCCNC(=O)N[C@@H]1C=C[C@@H](CC(=O)N2CCN(C)CC2)O[C@@H]1CO,BRD-K04628654,1.090857933,0.687054872,0.888956402,
85061004,Cc1cccc(=O)n1CCCCN,QEXOGGCLRXOBDA-UHFFFAOYSA-N,180.126263132,0.8956200000000001,Cc1cccc(=O)n1CCCCN,BRD-K04659753,1.060847142,0.962839333,1.011843238,
10476529,COc1ccc(S(=O)(=O)N(C)C[C@@H]2Oc3c(NC(=O)Nc4cccc5ccccc45)cccc3C(=O)N([C@H](C)CO)C[C@@H]2C)cc1,FXIXTIXYCSOXIT-LWPQGVMLSA-N,646.246120556,5.033200000000005,COc1ccc(S(=O)(=O)N(C)C[C@@H]2Oc3c(NC(=O)Nc4cccc5ccccc45)cccc3C(=O)N([C@H](C)CO)C[C@@H]2C)cc1,BRD-K04695623,1.055611028,0.992783693,1.024197361,
94969617,Nc1ncn(C(=O)c2ccccc2)n1,MXFPYXKIZFIHEF-UHFFFAOYSA-N,188.069810876,0.5488000000000001,Nc1ncn(C(=O)c2ccccc2)n1,BRD-K04761493,1.095166499,1.06376959,1.079468045,
70472775,C[C@H](O)C#Cc1ccc2c(c1)O[C@H](CN(C)C(=O)c1ccccc1)[C@@H](C)CN([C@H](C)CO)S2(=O)=O,PHOIALZYPOILTD-CMCWBKRRSA-N,500.1981077439999,1.9597000000000002,C[C@H](O)C#Cc1ccc2c(c1)O[C@H](CN(C)C(=O)c1ccccc1)[C@@H](C)CN([C@H](C)CO)S2(=O)=O,BRD-K04777441,0.999713544,1.261445709,1.130579627,
10018974,C[C@H]1CN([C@@H](C)CO)C(=O)c2cc(C#Cc3ccc(F)cc3)cnc2O[C@@H]1CN(C)Cc1ccccn1,UZBHBVFSBSKZKT-NOMHHCBYSA-N,502.2380190720001,3.367600000000002,C[C@H]1CN([C@@H](C)CO)C(=O)c2cc(C#Cc3ccc(F)cc3)cnc2O[C@@H]1CN(C)Cc1ccccn1,BRD-K04829094,0.908405769,1.009364404,0.958885087,
18778288,Cc1ccc(C(=N)NO)n1C,JARMDBDCZSRKRJ-UHFFFAOYSA-N,153.090211972,0.6376899999999999,Cc1ccc(C(=N)NO)n1C,BRD-K04829984,0.912952293,1.021187367,0.96706983,
39887942,CS(=O)(=O)SCCN,POKQFZURBRODMI-UHFFFAOYSA-N,155.007470528,-0.36210000000000003,CS(=O)(=O)SCCN,BRD-K04893619,0.803740037,0.919664711,0.861702374,
34519551,O=C(O)c1ccc(O)c(O)c1,YQUVCSBJEUQKSH-UHFFFAOYSA-N,154.026608672,0.7959999999999998,O=C(O)c1ccc(O)c(O)c1,BRD-K04929920,1.179792461,1.204622481,1.192207471,
77199126,CC[C@@H]1CN(C(=O)OC)N1,JJVZJWIXYWSDAH-RXMQYKEDSA-N,144.089877624,0.3516000000000002,CC[C@@H]1CN(C(=O)OC)N1,BRD-K04938170,1.031184387,0.998839887,1.015012137,
12422748,CC(=O)N(C)C[C@@H]1Oc2ncc(C#C[C@H](C)O)cc2C(=O)N([C@H](C)CO)C[C@H]1C,FHGUGJSHYZRSAF-CUYVQJCZSA-N,403.210721028,0.5122999999999995,CC(=O)N(C)C[C@@H]1Oc2ncc(C#C[C@H](C)O)cc2C(=O)N([C@H](C)CO)C[C@H]1C,BRD-K04952233,0.810383151,0.882399481,0.846391316,
11090555,COc1ccc(NC(=O)N2C[C@H](O)COC[C@H]3O[C@@H](CC(=O)NCc4ccccc4OC)CC[C@@H]32)cc1,WAMSJAPZDJSEKA-FEVSWUGISA-N,513.24750046,2.5515,COc1ccc(NC(=O)N2C[C@H](O)COC[C@H]3O[C@@H](CC(=O)NCc4ccccc4OC)CC[C@@H]32)cc1,BRD-K04972048,0.962192251,0.943222331,0.952707291,
18437934,CNc1[nH]cnc(=S)c1N,CSRKVKSYIGUWJE-UHFFFAOYSA-N,156.046967256,0.76309,CNc1[nH]cnc(=S)c1N,BRD-K04991559,0.923717884,0.841981375,0.882849629,
27528707,C=CCC[C@@H](Cc1ccc(F)cc1)C(=O)OC[C@@H](NC(=O)[C@@H](CC=C)CC(=O)N[C@H](CO)Cc1ccccc1)C(C)(C)C,OSYJEGYVZCLGLF-UOPKXQBNSA-N,594.3469008239999,5.326900000000005,C=CCC[C@@H](Cc1ccc(F)cc1)C(=O)OC[C@@H](NC(=O)[C@@H](CC=C)CC(=O)N[C@H](CO)Cc1ccccc1)C(C)(C)C,BRD-K04996049,0.705272152,0.845469247,0.775370699,
92514401,COCCNC(=O)C[C@H]1CC[C@@H]2[C@H](COc3ccc(NC(=O)Nc4cccc(F)c4)cc3C(=O)N2C)O1,LFEIONKODBOYFX-LSWJPFSZSA-N,514.222762932,3.003000000000001,COCCNC(=O)C[C@H]1CC[C@@H]2[C@H](COc3ccc(NC(=O)Nc4cccc(F)c4)cc3C(=O)N2C)O1,BRD-K05003837,0.905383189,0.805065848,0.855224519,
48153974,COc1ccc(S(=O)(=O)N[C@H]2CC[C@@H](CC(=O)N3CCN(c4ccccc4)CC3)O[C@H]2CO)cc1,ICWHYEIFENWFHJ-XWGVYQGASA-N,503.20900677599997,1.6208999999999998,COc1ccc(S(=O)(=O)N[C@H]2CC[C@@H](CC(=O)N3CCN(c4ccccc4)CC3)O[C@H]2CO)cc1,BRD-K05026864,0.936792584,1.009503955,0.973148269,
34703669,COC(=O)c1cc(-c2ccccc2)oc1CN,CQBZEFRJWPAVQT-UHFFFAOYSA-N,231.089543276,2.1919,COC(=O)c1cc(-c2ccccc2)oc1CN,BRD-K05028471,0.995504507,0.782983182,0.889243844,
33590002,O=C(C[C@H]1CC[C@H]2[C@@H](COC[C@H](O)CN2Cc2cc(F)ccc2F)O1)N[C@@H]1CCN(Cc2ccccc2)C1,OHWPIDRULPHQAQ-MVQJAVDMSA-N,529.275213104,2.8548999999999998,O=C(C[C@H]1CC[C@H]2[C@@H](COC[C@H](O)CN2Cc2cc(F)ccc2F)O1)N[C@@H]1CCN(Cc2ccccc2)C1,BRD-K05035411,0.939895954,0.945660755,0.942778354,
79991338,CN(C)CCCNC(=O)C[C@@H]1C=C[C@H](NC(=O)Cc2cccnc2)[C@@H](CO)O1,DTKWTAJBQNGVNM-OKZBNKHCSA-N,390.22670543999993,-0.11719999999999703,CN(C)CCCNC(=O)C[C@@H]1C=C[C@H](NC(=O)Cc2cccnc2)[C@@H](CO)O1,BRD-K05118861,1.094084199,0.992178115,1.043131157,
11015608,O=S(=O)(N1CCOCC1)N1CCCN(S(=O)(=O)N2CCOCC2)CC1,RILHUJZMHXRJAN-UHFFFAOYSA-N,398.129376552,-1.8518999999999948,O=S(=O)(N1CCOCC1)N1CCCN(S(=O)(=O)N2CCOCC2)CC1,BRD-K05130725,0.98387614,1.053469339,1.01867274,
31308585,CN(C)CCC(=O)N1CCNCC1,WHMRWXPMDQJNMB-UHFFFAOYSA-N,185.152812228,-0.6300999999999983,CN(C)CCC(=O)N1CCNCC1,BRD-K05150353,1.280764589,1.146278903,1.213521746,
22692690,O=C(N1CCN(CCO)CC1)C(F)(F)F,GUZIRFKEDLFZFX-UHFFFAOYSA-N,226.092912316,-0.3148000000000004,O=C(N1CCN(CCO)CC1)C(F)(F)F,BRD-K05162593,1.127081677,0.966994394,1.047038035,
66235235,Cn1cnc(CCNC(=O)C[C@@H]2CC[C@H]3[C@@H](COC[C@H](O)CN3C(=O)C3CC3)O2)c1,GUWKGYLKFCPJGV-YDZRNGNQSA-N,420.23727012399996,0.014800000000002589,Cn1cnc(CCNC(=O)C[C@@H]2CC[C@H]3[C@@H](COC[C@H](O)CN3C(=O)C3CC3)O2)c1,BRD-K05165369,0.884213512,1.176201966,1.030207739,
50703640,CCCC1CCC(c2ccc(OC(=O)c3cccnc3)cc2)CC1,PJTPFHGXIFZBKE-UHFFFAOYSA-N,323.18852904000005,5.374700000000004,CCCC1CCC(c2ccc(OC(=O)c3cccnc3)cc2)CC1,BRD-K05215369,1.27025787,1.185563049,1.22791046,
97732354,C[C@H](CO)N1C[C@H](C)[C@@H](CN(C)C(=O)Nc2ccnc(N3CCOCC3)c2)OCc2cnnn2CCCC1=O,RIHXBZGHHXCGPP-MIZPHKNDSA-N,544.31216638,1.1981000000000017,C[C@H]1CN([C@H](C)CO)C(=O)CCCn2nncc2CO[C@@H]1CN(C)C(=O)Nc1ccnc(N2CCOCC2)c1,BRD-K05229696,0.797094597,1.044519015,0.920806806,
56635113,O=C(N/N=C/[C@H](O)[C@@H](O)[C@H](O)[C@H](O)CO[C@H]1O[C@H](CO)[C@H](O)[C@H](O)[C@H]1O)c1ccccn1,IKRBNXNDCAPHGF-PTKALUIOSA-N,461.164558684,-4.942699999999991,O=C(N/N=C/[C@H](O)[C@@H](O)[C@H](O)[C@H](O)CO[C@H]1O[C@H](CO)[C@H](O)[C@H](O)[C@H]1O)c1ccccn1,BRD-K05239279,1.133014629,1.031978915,1.082496772,
17238073,CO[C@H]1CN(C)C(=O)c2ccc(NC(=O)c3ccc(F)cc3)cc2OC[C@H](C)N(C(=O)CN(C)C)C[C@H]1C,HHVMUOOABJCXCA-WYEJZRMESA-N,528.274798504,2.972200000000001,CO[C@H]1CN(C)C(=O)c2ccc(NC(=O)c3ccc(F)cc3)cc2OC[C@H](C)N(C(=O)CN(C)C)C[C@H]1C,BRD-K05280065,1.23421794,1.07060632,1.15241213,
63261433,C[C@@H]1COC(=O)[C@@H](Cc2ccc(F)cc2)CCC=CC[C@@H](CC(=O)N[C@H](CO)Cc2ccccc2)C(=O)N1,HKFDJFYKRXTMJU-XFHZLPGWSA-N,524.268650504,3.4985000000000017,C[C@@H]1COC(=O)[C@@H](Cc2ccc(F)cc2)CCC=CC[C@@H](CC(=O)N[C@H](CO)Cc2ccccc2)C(=O)N1,BRD-K05290364,0.996212511,1.15865631,1.077434411,
66310397,COc1ccc(C(=O)Nc2ccc(CN3C(=O)[C@]4(O[C@H](CC(=O)N5CCC[C@H]5CO)[C@@H]([Si](C)(C)c5ccc(OC)cc5)[C@@H]4C)c4ccccc43)cc2)cc1,HVTOESCBRDLYEM-OOLCUVNKSA-N,747.333977438,6.092300000000006,COc1ccc(C(=O)Nc2ccc(CN3C(=O)[C@]4(O[C@H](CC(=O)N5CCC[C@H]5CO)[C@@H]([Si](C)(C)c5ccc(OC)cc5)[C@@H]4C)c4ccccc43)cc2)cc1,BRD-K05299950,0.980594239,1.039316581,1.00995541,
63950790,Cc1ccc(S(=O)(=O)n2cc([C@H]3CC(=O)N(C(=O)OCc4ccccc4)[C@H]3C(=O)Nc3cccc4cccnc34)c3ccccc32)cc1,MEAGDZBFLRVSRG-BVGRYSDNSA-N,658.18860568,6.394920000000006,Cc1ccc(S(=O)(=O)n2cc([C@H]3CC(=O)N(C(=O)OCc4ccccc4)[C@H]3C(=O)Nc3cccc4cccnc34)c3ccccc32)cc1,BRD-K05305177,1.159698056,1.196514977,1.178106517,
75620153,COC(=O)c1c(N)c(C#N)c2n1CCC2,BTJSZGGQYCELGI-UHFFFAOYSA-N,205.085126592,0.6747800000000002,COC(=O)c1c(N)c(C#N)c2n1CCC2,BRD-K05306708,0.948797957,0.836605613,0.892701785,
64761957,O=C(C[C@@H]1C[C@@H]2c3cc(NS(=O)(=O)c4ccc(F)cc4)ccc3O[C@@H]2[C@H](CO)O1)NC1CCCC1,MPIVLFKNNLWJON-XDCBZQCGSA-N,504.17303586799994,3.0698000000000016,O=C(C[C@@H]1C[C@@H]2c3cc(NS(=O)(=O)c4ccc(F)cc4)ccc3O[C@@H]2[C@H](CO)O1)NC1CCCC1,BRD-K05316656,0.985980428,0.978334048,0.982157238,
31382599,CC(C)(C)[C@H]1COC(=O)[C@@H](NC(=O)OCC2c3ccccc3-c3ccccc32)CC=CC[C@H](CC(=O)N(CCO)Cc2ccccc2)C(=O)N1,YDOGHLZRPJOCGH-HCHQQDLUSA-N,681.3414008439998,5.345200000000006,CC(C)(C)[C@H]1COC(=O)[C@@H](NC(=O)OCC2c3ccccc3-c3ccccc32)CC=CC[C@H](CC(=O)N(CCO)Cc2ccccc2)C(=O)N1,BRD-K05384536,1.139892385,1.181794956,1.160843671,
82556915,O=C(C[C@@H]1CC[C@H](NC(=O)CN2CCOCC2)[C@@H](CO)O1)NCCc1ccccc1,AKINIVRTVCZZOC-SLFFLAALSA-N,419.242021156,0.09230000000000338,O=C(C[C@@H]1CC[C@H](NC(=O)CN2CCOCC2)[C@@H](CO)O1)NCCc1ccccc1,BRD-K05398836,0.678441442,1.119843167,0.899142304,
25623905,O=C(C[C@@H]1C=C[C@@H](NS(=O)(=O)c2ccc(F)cc2)[C@@H](CO)O1)NCc1ccc(Cl)c(Cl)c1,RHNOKFUEOXXRFB-CWFSZBLJSA-N,502.05322635199997,2.801800000000001,O=C(C[C@@H]1C=C[C@@H](NS(=O)(=O)c2ccc(F)cc2)[C@@H](CO)O1)NCc1ccc(Cl)c(Cl)c1,BRD-K05419839,0.864581731,0.79427264,0.829427185,
95709499,COc1cccc(-c2ccc3c(c2)O[C@H](CN(C)C(=O)C2CC2)[C@@H](C)CN([C@H](C)CO)S3(=O)=O)c1,BHTYXYRTADOCRI-HOOSLVGPSA-N,502.2137578079999,2.999200000000002,COc1cccc(-c2ccc3c(c2)O[C@H](CN(C)C(=O)C2CC2)[C@@H](C)CN([C@H](C)CO)S3(=O)=O)c1,BRD-K05421407,0.992344603,1.241679469,1.117012036,
26017896,N=C(NO)C(=O)Nc1ccccc1,DKNZOWPTYQWFMV-UHFFFAOYSA-N,179.069476528,0.5811699999999997,N=C(NO)C(=O)Nc1ccccc1,BRD-K05425335,0.768558736,1.011511352,0.890035044,
23214687,O=C(O)c1cnc(N2CCCC2)nc1,BARCKZNRVNLERF-UHFFFAOYSA-N,193.085126592,0.7749999999999999,O=C(O)c1cnc(N2CCCC2)nc1,BRD-K05446261,1.056130094,0.88802095,0.972075522,
66743403,C1CCN=C(NC2CCCCC2)CC1,KEFFYBUWIADPQB-UHFFFAOYSA-N,194.17829870399999,2.8812000000000015,C1CCN=C(NC2CCCCC2)CC1,BRD-K05452035,0.941391267,1.025795931,0.983593599,
40637506,COCC#Cc1ccc2c(c1)O[C@@H](CN(C)Cc1ccc(F)cc1)[C@@H](C)CN([C@@H](C)CO)S2(=O)=O,ZCWARIVHRGPGGB-RLSLOFABSA-N,504.209421376,2.724200000000002,COCC#Cc1ccc2c(c1)O[C@@H](CN(C)Cc1ccc(F)cc1)[C@@H](C)CN([C@@H](C)CO)S2(=O)=O,BRD-K05466816,0.918282288,0.926436558,0.922359423,
81149194,C[C@H]1CN([C@@H](C)CO)C(=O)c2cc(C#Cc3cccc(F)c3)cnc2O[C@H]1CN(C)C(=O)C1CCOCC1,JCDRBTRVGQSJOJ-DYLHXGEVSA-N,523.248249408,2.725600000000001,C[C@H]1CN([C@@H](C)CO)C(=O)c2cc(C#Cc3cccc(F)c3)cnc2O[C@H]1CN(C)C(=O)C1CCOCC1,BRD-K05556931,0.997339974,0.947689896,0.972514935,
83284357,Cc1ccc(S(=O)(=O)N2C[C@H](O)COC[C@@H]3O[C@H](CC(=O)NCc4ccc(Cl)c(Cl)c4)CC[C@H]32)cc1,GFCPJFACKGWXQD-TWXAQOBRSA-N,556.1201630400001,3.306320000000002,Cc1ccc(S(=O)(=O)N2C[C@H](O)COC[C@@H]3O[C@H](CC(=O)NCc4ccc(Cl)c(Cl)c4)CC[C@H]32)cc1,BRD-K05604919,0.727346882,0.805394225,0.766370553,
36523315,Fc1cccc(CSCc2c(F)cccc2Cl)c1,GEOXBYSOPHTNCO-UHFFFAOYSA-N,284.023805472,5.051600000000003,Fc1cccc(CSCc2c(F)cccc2Cl)c1,BRD-K05620803,0.970620072,0.938358458,0.954489265,
67455583,O=C(C[C@H]1CC[C@@H]2[C@H](COC[C@@H](O)CN2Cc2cc(F)ccc2F)O1)N[C@@H]1CCN(Cc2ccccc2)C1,OHWPIDRULPHQAQ-OCINJLECSA-N,529.275213104,2.8548999999999998,O=C(C[C@H]1CC[C@@H]2[C@H](COC[C@@H](O)CN2Cc2cc(F)ccc2F)O1)N[C@@H]1CCN(Cc2ccccc2)C1,BRD-K05636237,1.071000034,1.151616309,1.111308172,
46707249,O=C(C[C@@H]1CC[C@@H]2[C@H](COC[C@H](O)CN2S(=O)(=O)c2cccc(Cl)c2)O1)N1CCOCC1,KUDWUYQEYCKRCZ-BWPNAZKDSA-N,488.13839994799997,0.8869000000000007,O=C(C[C@@H]1CC[C@@H]2[C@H](COC[C@H](O)CN2S(=O)(=O)c2cccc(Cl)c2)O1)N1CCOCC1,BRD-K05659115,0.972051771,1.13497268,1.053512225,
60679547,Cc1cc(Oc2ccnc3cc(Cl)ccc23)ccc1Cl,LGMZKMQJGYPIFO-UHFFFAOYSA-N,303.021769332,5.6423200000000024,Cc1cc(Oc2ccnc3cc(Cl)ccc23)ccc1Cl,BRD-K05676572,1.047888482,0.928185707,0.988037095,
32340678,CO[C@@H]1CN(C)C(=O)c2ccc(NC(=O)C3CCOCC3)cc2OC[C@H](C)N(Cc2cccnc2)C[C@@H]1C,WKEXGOGKUVDBJI-NOMHHCBYSA-N,524.29987038,3.4529000000000005,CO[C@@H]1CN(C)C(=O)c2ccc(NC(=O)C3CCOCC3)cc2OC[C@H](C)N(Cc2cccnc2)C[C@@H]1C,BRD-K05680785,1.033068032,0.927692044,0.980380038,
65847339,C=CCOC(=O)[C@H]1[C@@H]2C(=O)O[C@@H](c3ccccc3)[C@@H](c3ccccc3)N2[C@@H](c2ccc(OCCOC(=O)[C@@H]3C[C@@H]4C(=O)N[C@@H](Cc5ccccc5)C(=O)N4[C@@H]3c3ccc(O)cc3)cc2)[C@]12C(=O)Nc1ccccc12,RDCHMPUVNQQTAJ-DCBOPVEOSA-N,992.363258484,7.0139000000000085,C=CCOC(=O)[C@H]1[C@@H]2C(=O)O[C@@H](c3ccccc3)[C@@H](c3ccccc3)N2[C@@H](c2ccc(OCCOC(=O)[C@@H]3C[C@@H]4C(=O)N[C@@H](Cc5ccccc5)C(=O)N4[C@@H]3c3ccc(O)cc3)cc2)[C@]12C(=O)Nc1ccccc12,BRD-K05715664,1.368351037,1.280345967,1.324348502,
57887491,COCc1cc(C)[nH]c(=O)c1C#N,KLNRUMOPNATILS-UHFFFAOYSA-N,178.07422756,0.7014,COCc1cc(C)[nH]c(=O)c1C#N,BRD-K05725042,0.888619446,1.008617989,0.948618717,
11520242,CO[C@H](CN(C)S(=O)(=O)c1ccc(Cl)cc1)[C@H](C)CN([C@H](C)CO)S(=O)(=O)c1cccc(Cl)c1,JTCZGLOUSBJUER-DRSNIGMVSA-N,552.0922340400001,3.336700000000002,CO[C@H](CN(C)S(=O)(=O)c1ccc(Cl)cc1)[C@H](C)CN([C@H](C)CO)S(=O)(=O)c1cccc(Cl)c1,BRD-K05733208,0.76751324,0.881641299,0.82457727,
20559672,COc1cccc(S(=O)(=O)N2C[C@H](O)COC[C@H]3O[C@H](CC(=O)N4CCOCC4)CC[C@@H]32)c1,MFNXNIDAQJZFHL-BVPXEZJJSA-N,484.187936984,0.24210000000000087,COc1cccc(S(=O)(=O)N2C[C@H](O)COC[C@H]3O[C@H](CC(=O)N4CCOCC4)CC[C@@H]32)c1,BRD-K05769123,0.959399353,0.82789154,0.893645446,
32017356,C=CC[C@H](CC(=O)NCCO)C(=O)N[C@@H](COC(=O)[C@@H](CC=C)CC(=O)OC(C)(C)C)Cc1c[nH]c2ccccc12,BKYHVMGPCMZHEH-AOHZBQACSA-N,569.310100716,3.353400000000002,C=CC[C@@H](CC(=O)OC(C)(C)C)C(=O)OC[C@@H](Cc1c[nH]c2ccccc12)NC(=O)[C@H](CC=C)CC(=O)NCCO,BRD-K05779307,0.917833462,1.08369204,1.000762751,
21574622,O=C1COC[C@@H](c2ccccc2)N1,GXDVCRCMLDJGAS-VIFPVBQESA-N,177.078978592,0.8740999999999999,O=C1COC[C@@H](c2ccccc2)N1,BRD-K05809478,0.994764801,0.985388638,0.99007672,
62895212,Cc1ccc(S(=O)(=O)N2CCN(CC(=O)N/N=C/c3ccccn3)CC2)cc1,DAKABXDGJPAEFM-UHFFFAOYSA-N,401.15216059600004,0.8466200000000006,Cc1ccc(S(=O)(=O)N2CCN(CC(=O)N/N=C/c3ccccn3)CC2)cc1,BRD-K05829303,0.741315248,0.672068365,0.706691806,
38059773,O=C(/C=C/c1cccc(-c2cn(CC(=O)N3CCC4(CC3)C(=O)NCN4c3ccccc3)nn2)c1)NO,VRFKPGIBTYRBGE-UHFFFAOYSA-N,501.2124523440001,1.4187999999999994,O=C(/C=C/c1cccc(-c2cn(CC(=O)N3CCC4(CC3)C(=O)NCN4c3ccccc3)nn2)c1)NO,BRD-K05856152,0.880822002,0.892183165,0.886502583,
46861047,CCCC(=O)O,FERIUCNNQQJTOY-UHFFFAOYSA-N,88.052429496,0.8711,CCCC(=O)O,BRD-K05878375,1.115420723,1.087436581,1.101428652,
71309201,NC(=O)CSCC(=O)Nc1ccccc1F,IFURFBUWMMMGKW-UHFFFAOYSA-N,242.052526812,0.9826999999999997,NC(=O)CSCC(=O)Nc1ccccc1F,BRD-K05911305,0.995302672,0.978204974,0.986753823,
51110125,Cc1noc(C)c1NC(=O)N(C)C[C@@H]1Oc2cc(C#CCN(C)C)ccc2S(=O)(=O)N([C@@H](C)CO)C[C@@H]1C,VDMKPEMKUHBDOL-BSRJHKFKSA-N,547.246454904,2.13704,Cc1noc(C)c1NC(=O)N(C)C[C@@H]1Oc2cc(C#CCN(C)C)ccc2S(=O)(=O)N([C@@H](C)CO)C[C@@H]1C,BRD-K05959124,1.11626207,1.031161281,1.073711676,
33306596,COC(=O)c1cn(CC(N)=O)c2ccccc12,RKUHJCIANRGDKI-UHFFFAOYSA-N,232.084792244,0.9131999999999998,COC(=O)c1cn(CC(N)=O)c2ccccc12,BRD-K05980889,1.169105885,1.061085304,1.115095594,
29973257,C[C@H]1CN([C@@H](C)CO)S(=O)(=O)c2ccc(-c3cncnc3)cc2O[C@H]1CN(C)C(=O)Cc1ccccc1,LQAOJDLPUWWIJF-RLSLOFABSA-N,524.209341124,2.6133000000000006,C[C@H]1CN([C@@H](C)CO)S(=O)(=O)c2ccc(-c3cncnc3)cc2O[C@H]1CN(C)C(=O)Cc1ccccc1,BRD-K05992469,0.708863274,1.101311691,0.905087483,
21414913,Cc1ccc(-c2nc(Nc3ccccc3F)sc2C)cc1,QAAUIMCGJGUODO-UHFFFAOYSA-N,298.0939977,5.309640000000003,Cc1ccc(-c2nc(Nc3ccccc3F)sc2C)cc1,BRD-K06001926,1.072186224,1.174575679,1.123380952,
10963780,O=C1O[C@@H](c2ccccc2)[C@@H](c2ccccc2)N2[C@@H](c3ccc(O)cc3)[C@]3(C(=O)Nc4ccc(C#CC5(O)CCCCCC5)cc43)[C@@H](C(=O)N3CCCCCCC3)[C@H]12,ORBPNYVGPYOKTH-VBDDDCDZSA-N,777.3777863519999,7.892700000000009,O=C1O[C@@H](c2ccccc2)[C@@H](c2ccccc2)N2[C@@H](c3ccc(O)cc3)[C@]3(C(=O)Nc4ccc(C#CC5(O)CCCCCC5)cc43)[C@@H](C(=O)N3CCCCCCC3)[C@H]12,BRD-K06064549,0.849304888,0.830751486,0.840028187,
25115500,COc1cccc(C#Cc2ccc3c(c2)O[C@@H](CN(C)S(=O)(=O)c2ccccc2F)[C@H](C)CN([C@H](C)CO)S3(=O)=O)c1,CBKYQXKIYIGZKV-XJGOYTCSSA-N,616.171321616,3.323400000000002,COc1cccc(C#Cc2ccc3c(c2)O[C@@H](CN(C)S(=O)(=O)c2ccccc2F)[C@H](C)CN([C@H](C)CO)S3(=O)=O)c1,BRD-K06104977,1.298219607,1.230591133,1.26440537,
79163071,O=C(/C=C/c1cccc(-c2cn(-c3cccc(C(=O)N4CCC5(CC4)C(=O)NCN5c4ccccc4)c3)nn2)c1)NO,NFDAXTRNXAOOSM-UHFFFAOYSA-N,563.2281024080002,3.0216000000000003,O=C(/C=C/c1cccc(-c2cn(-c3cccc(C(=O)N4CCC5(CC4)C(=O)NCN5c4ccccc4)c3)nn2)c1)NO,BRD-K06125728,0.841415611,0.824572486,0.832994049,
15564718,NS(=O)(=O)c1ccc(CCn2ccn(CC(=O)NCCC3=CCCCC3)c(=O)c2=O)cc1,GKRQFKTWSRSZFY-UHFFFAOYSA-N,460.17804099599994,0.9067999999999992,NS(=O)(=O)c1ccc(CCn2ccn(CC(=O)NCCC3=CCCCC3)c(=O)c2=O)cc1,BRD-K06166183,1.176426625,1.174830956,1.17562879,
28220051,O=C(C[C@@H]1C=C[C@H](NC(=O)Cc2ccccn2)[C@@H](CO)O1)NCCc1ccncc1,OPJMBNVAUHUOES-SLFFLAALSA-N,410.19540531200005,0.5688,O=C(C[C@@H]1C=C[C@H](NC(=O)Cc2ccccn2)[C@@H](CO)O1)NCCc1ccncc1,BRD-K06203116,1.096990084,1.201569705,1.149279894,
50159836,C[C@@H]1CN([C@@H](C)CO)S(=O)(=O)c2ccc(C#Cc3cccc(F)c3)cc2O[C@H]1CN(C)C(=O)CN1CCOCC1,KTODVLGNKLCUKS-VHSZZVNMSA-N,573.230885092,1.784700000000001,C[C@@H](CO)N1C[C@@H](C)[C@H](CN(C)C(=O)CN2CCOCC2)Oc2cc(C#Cc3cccc(F)c3)ccc2S1(=O)=O,BRD-K06210436,0.611866654,0.712845793,0.662356223,
93690650,NCC[C@H]1CC[C@@H](NC(=O)C2CCCCC2)[C@@H](CO)O1,LUJHAHFAVUKRFR-MGPQQGTHSA-N,284.209992756,0.9401999999999995,NCC[C@H]1CC[C@@H](NC(=O)C2CCCCC2)[C@@H](CO)O1,BRD-K06227368,1.131303202,1.319014645,1.225158923,
82235377,C=CCNC1=NS(=O)(=O)c2ccccc21,AIRGSBLEBYHRDQ-UHFFFAOYSA-N,222.04629856,0.9111,C=CCNC1=NS(=O)(=O)c2ccccc21,BRD-K06252872,1.055683993,0.896899605,0.976291799,
61599133,CO[C@H]1CN(C)C(=O)c2cc(NC(=O)Nc3ccccc3F)ccc2OC[C@H](C)N(Cc2ccccc2C(=O)O)C[C@H]1C,VBWDVQBFQIMOKU-CGQTXMLISA-N,592.269713124,5.174100000000005,CO[C@H]1CN(C)C(=O)c2cc(NC(=O)Nc3ccccc3F)ccc2OC[C@H](C)N(Cc2ccccc2C(=O)O)C[C@H]1C,BRD-K06260599,1.174117537,0.933101008,1.053609272,
37723201,COc1ccccc1-c1ccc2c(c1)O[C@@H](CN(C)CC1CCOCC1)[C@H](C)CN([C@@H](C)CO)S2(=O)=O,XVNXZMOLFFKQAU-BUEREQSYSA-N,532.2607079999999,3.4892000000000025,COc1ccccc1-c1ccc2c(c1)O[C@@H](CN(C)CC1CCOCC1)[C@H](C)CN([C@@H](C)CO)S2(=O)=O,BRD-K06261202,0.709965004,0.620670925,0.665317965,
10237907,C[C@@H]1CN([C@H](C)CO)S(=O)(=O)c2ccc(C#Cc3ccncc3)cc2O[C@@H]1CN(C)C(=O)C1CCC1,PRSMZMZEKPUCPK-UMEGOILYSA-N,511.214092156,2.5085000000000006,C[C@@H]1CN([C@H](C)CO)S(=O)(=O)c2ccc(C#Cc3ccncc3)cc2O[C@@H]1CN(C)C(=O)C1CCC1,BRD-K06261385,0.963229267,1.107153145,1.035191206,
92414605,Cn1cnc(S(=O)(=O)N2C[C@@H](O)COC[C@@H]3O[C@@H](CC(=O)NC4Cc5ccccc5C4)CC[C@H]32)c1,VADHBDOSNPIBTA-YSFYHYPLSA-N,504.20425574399997,0.39180000000000215,Cn1cnc(S(=O)(=O)N2C[C@@H](O)COC[C@@H]3O[C@@H](CC(=O)NC4Cc5ccccc5C4)CC[C@H]32)c1,BRD-K06272585,1.031729543,0.939364658,0.985547101,
16904845,CCCC(=O)Nc1ccc2c(c1)C(=O)N(C)C[C@H](OC)[C@H](C)CN(Cc1ccc(-c3ccccn3)cc1)[C@H](C)CO2,DKFJGYQTLBOWCX-GQIGMWPISA-N,558.3206058240002,5.493400000000006,CCCC(=O)Nc1ccc2c(c1)C(=O)N(C)C[C@H](OC)[C@H](C)CN(Cc1ccc(-c3ccccn3)cc1)[C@H](C)CO2,BRD-K06305712,1.097739379,0.9455041,1.02162174,
24353025,Cc1ccc(S(=O)(=O)N(C)C[C@@H]2Oc3c(NC(=O)Nc4cccc5ccccc45)cccc3C(=O)N([C@H](C)CO)C[C@H]2C)cc1,VPRUVRPQZVHKTA-GQIGMWPISA-N,630.2512059360001,5.333020000000006,Cc1ccc(S(=O)(=O)N(C)C[C@@H]2Oc3c(NC(=O)Nc4cccc5ccccc45)cccc3C(=O)N([C@H](C)CO)C[C@H]2C)cc1,BRD-K06311439,1.100840585,0.914074393,1.007457489,
35933511,CO[C@H]1CN(C)C(=O)c2ccc(NS(C)(=O)=O)cc2OC[C@@H](C)N(C(=O)C2CCCCC2)C[C@@H]1C,JGDPUHQSCGHVAS-IXFSTUDKSA-N,509.25595696799996,2.971000000000001,CO[C@H]1CN(C)C(=O)c2ccc(NS(C)(=O)=O)cc2OC[C@@H](C)N(C(=O)C2CCCCC2)C[C@@H]1C,BRD-K06356885,1.057716882,1.118948426,1.088332654,
82737591,COCC(=O)N1C[C@H](C)[C@@H](OC)CN(C)C(=O)c2ccc(NC(=O)Nc3cccc(F)c3)cc2OC[C@H]1C,FGZVYTDOFXFLTK-RHGYRFJNSA-N,530.25406306,3.4487000000000014,COCC(=O)N1C[C@H](C)[C@@H](OC)CN(C)C(=O)c2ccc(NC(=O)Nc3cccc(F)c3)cc2OC[C@H]1C,BRD-K06362413,0.91931712,0.833230364,0.876273742,
26161074,Cn1cnc(S(=O)(=O)N[C@@H]2CC[C@H](CC(=O)Nc3ccccc3)O[C@H]2CO)c1,ULZZZJUUNXPIRT-OAGGEKHMSA-N,408.14674086799994,0.6356999999999993,Cn1cnc(S(=O)(=O)N[C@@H]2CC[C@H](CC(=O)Nc3ccccc3)O[C@H]2CO)c1,BRD-K06403930,0.936319463,0.939391562,0.937855513,
84270160,CC(C)(C)c1cc(C(C)(C)C)n(-c2ccc(-n3cccc3)cc2)n1,BPPIIRSWDSMGGD-UHFFFAOYSA-N,321.22049786400004,5.258000000000005,CC(C)(C)c1cc(C(C)(C)C)n(-c2ccc(-n3cccc3)cc2)n1,BRD-K06417305,1.313371813,1.139485704,1.226428759,
18125526,C[C@H](CO)N1C[C@H](C)[C@@H](CN(C)C(=O)c2cnccn2)Oc2ncc(C#CCN(C)C)cc2C1=O,GDMNEEJFLGDCSP-NJNPRVFISA-N,480.24850350400004,0.7770000000000012,C[C@H]1CN([C@H](C)CO)C(=O)c2cc(C#CCN(C)C)cnc2O[C@@H]1CN(C)C(=O)c1cnccn1,BRD-K06449093,1.077292939,1.183552423,1.130422681,
96154233,CO[C@H](CN(C)S(=O)(=O)c1cn(C)cn1)[C@H](C)CN(C(=O)Nc1ccc(C(F)(F)F)cc1)[C@H](C)CO,DUWNSMSZAPHBFZ-GPMSIDNRSA-N,535.207624784,2.6254000000000013,CO[C@H](CN(C)S(=O)(=O)c1cn(C)cn1)[C@H](C)CN(C(=O)Nc1ccc(C(F)(F)F)cc1)[C@H](C)CO,BRD-K06457057,0.976649448,0.958951215,0.967800332,
10571857,COC(=O)[C@@H](N)Cc1ccc(-n2cc(CCC(=O)NO)nn2)cc1,GJPWRGNYVUKFIE-ZDUSSCGKSA-N,333.14370408800005,-0.25189999999999974,COC(=O)[C@@H](N)Cc1ccc(-n2cc(CCC(=O)NO)nn2)cc1,BRD-K06469010,0.473547046,0.572359703,0.522953374,
98987550,CS(=O)(=O)Nc1ccc2c(c1)C(=O)NC2=O,XXBPVDFQGLSIKQ-UHFFFAOYSA-N,240.020477736,-0.05829999999999996,CS(=O)(=O)Nc1ccc2c(c1)C(=O)NC2=O,BRD-K06470694,1.21061534,1.044316931,1.127466136,
76002984,CN(C)C(=O)C[C@@H]1C=C[C@H](NC(=O)C2CCOCC2)[C@H](CO)O1,MCBNDGPNXCMKOC-IHRRRGAJSA-N,326.18417193199997,-0.3079999999999991,CN(C)C(=O)C[C@@H]1C=C[C@H](NC(=O)C2CCOCC2)[C@H](CO)O1,BRD-K06475222,0.996419747,1.076714259,1.036567003,
62765354,CCS(=O)(=O)NCC[C@H]1CC[C@@H](NS(=O)(=O)c2ccccc2C)[C@@H](CO)O1,HATKUJHYXRUFAB-BZUAXINKSA-N,420.13887861599994,0.5112200000000011,CCS(=O)(=O)NCC[C@H]1CC[C@@H](NS(=O)(=O)c2ccccc2C)[C@@H](CO)O1,BRD-K06509758,1.008785165,0.999367001,1.004076083,
90604213,CN(C)CC(=O)N[C@@H]1CC[C@@H](CCn2cc(CN(C)C)nn2)O[C@H]1CO,IJBVCLRPDRPFII-XHSDSOJGSA-N,368.25358888399995,-0.6838999999999957,CN(C)CC(=O)N[C@@H]1CC[C@@H](CCn2cc(CN(C)C)nn2)O[C@H]1CO,BRD-K06535309,1.06704421,1.092840934,1.079942572,
36149270,Cc1ccc(NC(=O)Cc2coc3ccc(C(C)C)cc23)cc1,KIUHMLKRCIUXOR-UHFFFAOYSA-N,307.15722891200005,5.0458200000000035,Cc1ccc(NC(=O)Cc2coc3ccc(C(C)C)cc23)cc1,BRD-K06558064,0.790023602,0.754546278,0.77228494,
90187862,CSC1=NN(C)c2cnn(C)c(=O)c2S1,QPUNCLKBSRHAER-UHFFFAOYSA-N,242.02960294,0.9562,CSC1=NN(C)c2cnn(C)c(=O)c2S1,BRD-K06573941,1.031496228,0.978131479,1.004813854,
33222503,NNC(=O)c1cccc(C(F)(F)F)n1,AYXMXMWRXBJKKW-UHFFFAOYSA-N,205.046296472,0.7038999999999996,NNC(=O)c1cccc(C(F)(F)F)n1,BRD-K06587063,0.992983496,1.07531693,1.034150213,
23442263,C[C@H]1CN([C@@H](C)CO)S(=O)(=O)c2ccc(C#CCN(C)C)cc2O[C@H]1CN(C)C(=O)c1ccccc1F,WNVRYIKWSRZZNA-RLSLOFABSA-N,531.220320408,2.279600000000001,C[C@H]1CN([C@@H](C)CO)S(=O)(=O)c2ccc(C#CCN(C)C)cc2O[C@H]1CN(C)C(=O)c1ccccc1F,BRD-K06591894,1.042098529,1.219212295,1.130655412,
19457793,C[C@@H]1CN([C@H](C)CO)S(=O)(=O)c2ccc(C#CC3CC3)cc2O[C@@H]1CN(C)Cc1ccccc1F,FWIZYDLOGKLZQB-XMERXJNXSA-N,500.214506756,3.4878000000000027,C[C@@H]1CN([C@H](C)CO)S(=O)(=O)c2ccc(C#CC3CC3)cc2O[C@@H]1CN(C)Cc1ccccc1F,BRD-K06608544,0.791866617,0.937907411,0.864887014,
13322776,O=C(O)CNC(=O)CN1C(=O)c2ccccc2C1=O,GGZCEFKSVHSZHT-UHFFFAOYSA-N,262.05897142000003,-0.5166000000000004,O=C(O)CNC(=O)CN1C(=O)c2ccccc2C1=O,BRD-K06623473,0.956248461,0.970518461,0.963383461,
85025764,C[C@@H]1CN([C@@H](C)CO)S(=O)(=O)c2ccc(C#Cc3ccccc3)cc2O[C@H]1CN(C)S(=O)(=O)c1ccccc1F,XBLPLPIFHCOZFP-VHSZZVNMSA-N,586.160756932,3.3148000000000026,C[C@@H](CO)N1C[C@@H](C)[C@H](CN(C)S(=O)(=O)c2ccccc2F)Oc2cc(C#Cc3ccccc3)ccc2S1(=O)=O,BRD-K06637347,0.843228532,1.286321303,1.064774918,
59081837,CS(=O)(=O)c1nnc(N)s1,GXPKJOYKJDOUKX-UHFFFAOYSA-N,178.9823184,-0.4762000000000001,CS(=O)(=O)c1nnc(N)s1,BRD-K06654664,0.912224642,0.989831434,0.951028038,
36159371,NC(=O)C[C@H](N)C(=O)O,DCXYFEDJOCDNAF-REOHCLBHSA-N,132.053492116,-1.7263000000000002,NC(=O)C[C@H](N)C(=O)O,BRD-K06665116,0.982789811,0.928124222,0.955457016,
95622947,CN1CCN(C(=O)C[C@H]2C=C[C@H](NC(=O)c3ccc4c(c3)OCO4)[C@H](CO)O2)CC1,SYOXFCLNMXZLCQ-GJYPPUQNSA-N,417.1899855839999,-0.0062999999999983625,CN1CCN(C(=O)C[C@H]2C=C[C@H](NC(=O)c3ccc4c(c3)OCO4)[C@H](CO)O2)CC1,BRD-K06668251,0.903974933,1.134854389,1.019414661,
34064197,COc1cccc(NC(=O)N[C@H]2C=C[C@H](CC(=O)N3CCN(C)CC3)O[C@@H]2CO)c1,KHTMSPVEUSRPBY-CEXWTWQISA-N,418.22162005999996,0.6653000000000013,COc1cccc(NC(=O)N[C@H]2C=C[C@H](CC(=O)N3CCN(C)CC3)O[C@@H]2CO)c1,BRD-K06670541,1.039940856,0.863900302,0.951920579,
32716232,COC(=O)c1c(CC[C@@H](CO)NC(=O)N[C@@H](Cc2ccccc2)Cn2cc(-c3ccccn3)nn2)oc(C(=O)N2CCOCC2)c1C(=O)OC,DKKOASFCETZLIR-ZEQRLZLVSA-N,689.2809258280001,1.8829,COC(=O)c1c(CC[C@@H](CO)NC(=O)N[C@@H](Cc2ccccc2)Cn2cc(-c3ccccn3)nn2)oc(C(=O)N2CCOCC2)c1C(=O)OC,BRD-K06696687,1.052245034,0.799464106,0.92585457,
71687619,COc1ccc(S(=O)(=O)N2C[C@@H](O)COC[C@H]3O[C@H](CC(=O)N[C@H]4CCN(Cc5ccccc5)C4)CC[C@@H]32)cc1,IXXIZSABFJAVRH-GPBMDOCHSA-N,573.250871588,1.7740000000000016,COc1ccc(S(=O)(=O)N2C[C@@H](O)COC[C@H]3O[C@H](CC(=O)N[C@H]4CCN(Cc5ccccc5)C4)CC[C@@H]32)cc1,BRD-K06714535,0.900665618,0.951252303,0.925958961,
73226138,CO[C@@H]1CN(C)C(=O)c2cc(NC(=O)Nc3ccccc3F)ccc2OC[C@@H](C)N(Cc2ccccc2C(=O)O)C[C@@H]1C,VBWDVQBFQIMOKU-BNJCFXFUSA-N,592.269713124,5.174100000000005,CO[C@@H]1CN(C)C(=O)c2cc(NC(=O)Nc3ccccc3F)ccc2OC[C@@H](C)N(Cc2ccccc2C(=O)O)C[C@@H]1C,BRD-K06759795,1.073865943,1.179233405,1.126549674,
59371962,CC/C(=C\c1ccccc1)C(=O)O,RUETZBUVTWCCIZ-UHFFFAOYSA-N,176.083729624,2.5645999999999995,CC/C(=C\c1ccccc1)C(=O)O,BRD-K06763716,1.048976728,0.98553679,1.017256759,
82105596,O=C(CCCCCC(=O)N/N=C/[C@@H](O)[C@@H](O)[C@H](O)[C@H](O)CO)NO,LQQVYHRRNAFUTI-NRMKKVEVSA-N,351.16416476,-3.019799999999998,O=C(CCCCCC(=O)N/N=C/[C@@H](O)[C@@H](O)[C@H](O)[C@H](O)CO)NO,BRD-K06775031,1.059869367,0.818221025,0.939045196,
60502621,O=C(CCCCCC(=O)N/N=C/[C@H](O)[C@@H](O)[C@@H](O)[C@H](O)CO)NO,LQQVYHRRNAFUTI-ZFWZSOMGSA-N,351.16416476,-3.019799999999998,O=C(CCCCCC(=O)N/N=C/[C@H](O)[C@@H](O)[C@@H](O)[C@H](O)CO)NO,BRD-K06798498,0.988004863,1.053222824,1.020613844,
63196104,CO[C@@H]1CN(C)C(=O)c2ccc(NS(=O)(=O)c3cn(C)cn3)cc2OC[C@H](C)N(CC2CC2)C[C@H]1C,ADDASBZDJGCFMF-IEGUWTFLSA-N,519.251540284,2.4368999999999996,CO[C@@H]1CN(C)C(=O)c2ccc(NS(=O)(=O)c3cn(C)cn3)cc2OC[C@H](C)N(CC2CC2)C[C@H]1C,BRD-K06828208,1.047628143,0.867073776,0.95735096,
10487917,C[C@@H]1COCCS(=O)(=O)N1C,VATDUDQJFZPJFU-ZCFIWIBFSA-N,179.061614276,-0.33329999999999993,C[C@@H]1COCCS(=O)(=O)N1C,BRD-K06860050,1.01129515,0.990538483,1.000916817,
25557021,C=CCOC(=O)[C@H]1[C@@H]2C(=O)O[C@@H](c3ccccc3)[C@@H](c3ccccc3)N2[C@@H](c2ccc(OCCOC(=O)[C@H]3C[C@H]4C(=O)N5CCC[C@H]5C(=O)N4[C@H]3c3cccc(OCCO)c3)cc2)[C@]12C(=O)Nc1ccccc12,USFGJCYBCQZOPT-DXLYQEDASA-N,986.3738231680001,5.942900000000008,C=CCOC(=O)[C@H]1[C@@H]2C(=O)O[C@@H](c3ccccc3)[C@@H](c3ccccc3)N2[C@@H](c2ccc(OCCOC(=O)[C@H]3C[C@H]4C(=O)N5CCC[C@H]5C(=O)N4[C@H]3c3cccc(OCCO)c3)cc2)[C@]12C(=O)Nc1ccccc12,BRD-K06863276,0.925214135,0.974988102,0.950101118,
12499099,COCC(=O)N(C)C[C@H]1Oc2cc(C#C[C@H](C)O)ccc2S(=O)(=O)N([C@H](C)CO)C[C@@H]1C,CJXQIJZYSRPBFC-PFRQMTDMSA-N,468.19302236399994,0.29230000000000206,COCC(=O)N(C)C[C@H]1Oc2cc(C#C[C@H](C)O)ccc2S(=O)(=O)N([C@H](C)CO)C[C@@H]1C,BRD-K06868696,1.016299686,0.98896125,1.002630468,
10949000,COCC(=O)N(C)C[C@@H]1Oc2cc(C#C[C@H](C)O)ccc2S(=O)(=O)N([C@@H](C)CO)C[C@H]1C,CJXQIJZYSRPBFC-YLAKUSLOSA-N,468.19302236399994,0.29230000000000206,COCC(=O)N(C)C[C@@H]1Oc2cc(C#C[C@H](C)O)ccc2S(=O)(=O)N([C@@H](C)CO)C[C@H]1C,BRD-K06928944,0.91635074,1.087105435,1.001728088,
47060300,COCC(=O)N(C)C[C@@H]1Oc2cc(C#CC(C)(C)O)ccc2S(=O)(=O)N([C@H](C)CO)C[C@H]1C,FFFURRCNYDQQLE-HLIPFELVSA-N,482.20867242799994,0.6824000000000014,COCC(=O)N(C)C[C@@H]1Oc2cc(C#CC(C)(C)O)ccc2S(=O)(=O)N([C@H](C)CO)C[C@H]1C,BRD-K06935573,1.129424167,1.031518216,1.080471191,
50469092,C[C@@H]1CN([C@H](C)CO)S(=O)(=O)c2ccc(C#Cc3cccc(F)c3)cc2O[C@H]1CN(C)S(=O)(=O)c1ccccc1F,UCROHGKBLISYAM-GNMOFYLKSA-N,604.15133512,3.4539000000000026,C[C@@H]1CN([C@H](C)CO)S(=O)(=O)c2ccc(C#Cc3cccc(F)c3)cc2O[C@H]1CN(C)S(=O)(=O)c1ccccc1F,BRD-K06985583,1.194671531,1.035432495,1.115052013,
70058926,Oc1ccccc1CNc1ccc(C2CCCCC2)cc1,LQLXMQGMWDRSEW-UHFFFAOYSA-N,281.177964356,5.052000000000004,Oc1ccccc1CNc1ccc(C2CCCCC2)cc1,BRD-K07010955,1.207841706,0.949593674,1.07871769,
89803466,[N-]=[N+]=Nc1ccccc1C[C@]1(C(=O)N2CCCCC2)N=C(c2ccc(OCCCO)cc2)O[C@H]1c1ccccc1,FPKJVLCOHWCJTP-IZEXYCQBSA-N,539.2532545359999,5.901700000000006,[N-]=[N+]=Nc1ccccc1C[C@]1(C(=O)N2CCCCC2)N=C(c2ccc(OCCCO)cc2)O[C@H]1c1ccccc1,BRD-K07017652,1.10379496,1.119287501,1.111541231,
63387596,O=C(COc1ccccc1)Nc1nnc[nH]1,RDQSHWYUPMQDEX-UHFFFAOYSA-N,218.08037556,0.8221999999999996,O=C(COc1ccccc1)Nc1nnc[nH]1,BRD-K07022126,0.901884416,0.983848518,0.942866467,
55501366,CO[C@H]1CN(C)C(=O)c2cc(NS(=O)(=O)c3ccccc3)ccc2OC[C@@H](C)N(C(=O)NC(C)C)C[C@H]1C,WOWAHTGQMAVLEM-FHAGJXEFSA-N,546.251205936,3.411400000000002,CO[C@H]1CN(C)C(=O)c2cc(NS(=O)(=O)c3ccccc3)ccc2OC[C@@H](C)N(C(=O)NC(C)C)C[C@H]1C,BRD-K07038904,0.935810128,0.838921062,0.887365595,
30682718,O=C1CCC(=O)N1Nc1ccccn1,QKYJBKAXOWXLNA-UHFFFAOYSA-N,191.069476528,0.5574999999999999,O=C1CCC(=O)N1Nc1ccccn1,BRD-K07057113,1.075244653,0.83209597,0.953670312,
12802207,O=c1[nH]cc(COCc2ccccc2)c(=O)[nH]1,QDNLNNAXVJQLJO-UHFFFAOYSA-N,232.084792244,0.7799999999999998,O=c1[nH]cc(COCc2ccccc2)c(=O)[nH]1,BRD-K07068626,1.248722729,0.844475495,1.046599112,
58295993,O=C(CSc1nnc[nH]1)C1CC1,JCDULRLLFSAFCF-UHFFFAOYSA-N,183.046632908,0.8758999999999999,O=C(CSc1nnc[nH]1)C1CC1,BRD-K07088182,1.035765035,0.805477551,0.920621293,
38483045,NCCc1cc2nc(-c3ccncc3)ccn2n1,XGQFOKBSQVHGCF-UHFFFAOYSA-N,239.11709541599998,1.2924999999999995,NCCc1cc2nc(-c3ccncc3)ccn2n1,BRD-K07089863,1.125330863,0.862144258,0.993737561,
52849135,O=C(C[C@@H]1CC[C@H]2[C@@H](COC[C@@H](O)CN2C(=O)Nc2ccc3c(c2)OCO3)O1)N1CCN(c2ccccc2)CC1,AKSBFUUFZOTOGB-IPVQETTRSA-N,552.258399492,2.2954,O=C(C[C@@H]1CC[C@H]2[C@@H](COC[C@@H](O)CN2C(=O)Nc2ccc3c(c2)OCO3)O1)N1CCN(c2ccccc2)CC1,BRD-K07089953,0.898032447,1.131453744,1.014743095,
94585049,COc1ccc([Si](C)(C)[C@H]2[C@H](CC(=O)N3Cc4ccccc4C[C@H]3CO)O[C@@]3(C(=O)N(Cc4ccc(N5C(=O)c6cccc7cccc5c67)cc4)c4ccccc43)[C@@H]2C)cc1,PNGHJNOYVJOIGK-XVGPSPBNSA-N,827.339062818,8.239000000000008,COc1ccc([Si](C)(C)[C@H]2[C@H](CC(=O)N3Cc4ccccc4C[C@H]3CO)O[C@@]3(C(=O)N(Cc4ccc(N5C(=O)c6cccc7cccc5c67)cc4)c4ccccc43)[C@@H]2C)cc1,BRD-K07127130,0.928708831,0.900789638,0.914749234,
23897714,CCNc1nc(NCC)nc(C(=O)OCCO)n1,CTPBVGSIQCWYMX-UHFFFAOYSA-N,255.133139404,-0.1157000000000003,CCNc1nc(NCC)nc(C(=O)OCCO)n1,BRD-K07135888,0.864326074,0.888988606,0.87665734,
87439059,O=C(C[C@@H]1CC[C@H](NC(=O)CN2CCOCC2)[C@@H](CO)O1)NC1CCC1,ZPEMOQAGPORCTJ-HRCADAONSA-N,369.226371092,-0.597899999999997,O=C(C[C@@H]1CC[C@H](NC(=O)CN2CCOCC2)[C@@H](CO)O1)NC1CCC1,BRD-K07176490,1.076973668,1.541263117,1.309118392,
78297168,Oc1cc(C2CCCCC2)cc(C2CCCCC2)c1,PEZSSBYAUDZEMO-UHFFFAOYSA-N,258.198365452,5.487600000000004,Oc1cc(C2CCCCC2)cc(C2CCCCC2)c1,BRD-K07179331,1.111120175,1.010220098,1.060670136,
10088144,O=C(C[C@@H]1C=C[C@H](NC(=O)C2CCC2)[C@H](CO)O1)NCCCN1CCOCC1,AGYKQGZRDSIEQP-BZSNNMDCSA-N,395.242021156,-0.18419999999999748,O=C(C[C@@H]1C=C[C@H](NC(=O)C2CCC2)[C@H](CO)O1)NCCCN1CCOCC1,BRD-K07196884,0.808555036,0.999911966,0.904233501,
41666078,O=C(C[C@@H]1CC[C@H]2[C@@H](COC[C@H](O)CN2C(=O)c2ccccc2F)O1)N1CCN(c2ccccc2)CC1,LQUBZWVGVQMBOF-FIKUDORNSA-N,511.248249408,2.314099999999999,O=C(C[C@@H]1CC[C@H]2[C@@H](COC[C@H](O)CN2C(=O)c2ccccc2F)O1)N1CCN(c2ccccc2)CC1,BRD-K07264559,1.101850694,0.944258876,1.023054785,
72876481,C[C@@H]1CN([C@@H](C)CO)S(=O)(=O)c2ccc(Br)cc2O[C@H]1CN(C)S(=O)(=O)c1ccccc1,HIPOFMXLOVDGIW-GUXCAODWSA-N,546.049390684,2.5384,C[C@@H](CO)N1C[C@@H](C)[C@H](CN(C)S(=O)(=O)c2ccccc2)Oc2cc(Br)ccc2S1(=O)=O,BRD-K07264690,0.962491154,0.859563226,0.91102719,
73221899,CCOC(=O)Cn1cc(F)c(=O)[nH]c1=O,KKVVUJGTXDPMGE-UHFFFAOYSA-N,216.054634988,-0.7611999999999999,CCOC(=O)Cn1cc(F)c(=O)[nH]c1=O,BRD-K07294765,1.08875432,0.956177318,1.022465819,
36017923,O=C(CCCCCCC(=O)Nc1ccccc1O)N/N=C/c1ccc(N(c2ccccc2)c2ccccc2)cc1,BNPZCXCZXNRXBW-UHFFFAOYSA-N,534.263090948,7.291400000000007,O=C(CCCCCCC(=O)Nc1ccccc1O)N/N=C/c1ccc(N(c2ccccc2)c2ccccc2)cc1,BRD-K07352000,1.253734881,1.288546082,1.271140481,
10710544,Cc1ccc(S(=O)(=O)N[C@@H]2C=C[C@H](CC(=O)NCCN3CCCCC3)O[C@@H]2CO)cc1,VUOOERVJSWLFKU-HMXCVIKNSA-N,451.214092156,0.9500200000000005,Cc1ccc(S(=O)(=O)N[C@@H]2C=C[C@H](CC(=O)NCCN3CCCCC3)O[C@@H]2CO)cc1,BRD-K07359994,1.123331437,1.080980529,1.102155983,
42007069,CN(C)c1nc(SCCO)nc(N(C)C)n1,FIDNOTHRCJRRBQ-UHFFFAOYSA-N,243.11538116399998,0.08799999999999963,CN(C)c1nc(SCCO)nc(N(C)C)n1,BRD-K07379304,0.997319337,1.024966218,1.011142778,
11097969,O=C1O[C@@H](c2ccccc2)[C@@H](c2ccccc2)N2[C@@H](c3ccc(O)cc3)[C@]3(C(=O)Nc4ccc(C#CCCO)cc43)[C@@H](C(=O)N3CCCCCCC3)[C@H]12,KLCNNLPTBRKSJK-KTDJTCJASA-N,709.3151860959999,6.189800000000007,O=C1O[C@@H](c2ccccc2)[C@@H](c2ccccc2)N2[C@@H](c3ccc(O)cc3)[C@]3(C(=O)Nc4ccc(C#CCCO)cc43)[C@@H](C(=O)N3CCCCCCC3)[C@H]12,BRD-K07416068,1.043110396,0.812544664,0.92782753,
71298548,COCC#Cc1ccc2c(c1)O[C@H](CN(C)C(=O)c1ccccc1F)[C@@H](C)CN([C@@H](C)CO)S2(=O)=O,KBQBGAWQEUXRRY-AXHZCLLHSA-N,518.1886859319999,2.364400000000001,COCC#Cc1ccc2c(c1)O[C@H](CN(C)C(=O)c1ccccc1F)[C@@H](C)CN([C@@H](C)CO)S2(=O)=O,BRD-K07426711,0.982791162,0.984826604,0.983808883,
63465700,COc1ccc(CCNC(=O)[C@@]2(Sc3ccc(C)cc3)CC(=O)N(Cc3cc(C(F)(F)F)cc(C(F)(F)F)c3)[C@@H]2c2ccc(CO)cc2)cc1,WNOMVBQEWYMSHG-VLZNPVHKSA-N,716.2143478880001,7.897120000000008,COc1ccc(CCNC(=O)[C@@]2(Sc3ccc(C)cc3)CC(=O)N(Cc3cc(C(F)(F)F)cc(C(F)(F)F)c3)[C@@H]2c2ccc(CO)cc2)cc1,BRD-K07437985,1.017613288,1.01876493,1.018189109,
44430082,O=C(C[C@H]1CC[C@H](NS(=O)(=O)c2ccc(F)cc2)[C@H](CO)O1)NCc1ccc(Cl)c(Cl)c1,IBEFNTNFDPOULD-XPGWFJOJSA-N,504.06887641599997,3.025800000000001,O=C(C[C@H]1CC[C@H](NS(=O)(=O)c2ccc(F)cc2)[C@H](CO)O1)NCc1ccc(Cl)c(Cl)c1,BRD-K07456098,1.015020994,0.984263048,0.999642021,
72442594,CN1CCN(C(=O)C[C@@H]2CC[C@@H](NC(=O)Cc3ccccn3)[C@@H](CO)O2)CC1,HBUPPCLFCIMQJL-RCCFBDPRSA-N,390.22670543999993,-0.18709999999999694,CN1CCN(C(=O)C[C@@H]2CC[C@@H](NC(=O)Cc3ccccn3)[C@@H](CO)O2)CC1,BRD-K07460436,0.915921466,0.952987011,0.934454239,
67907735,C[C@@H](NC(=O)C[C@H]1C=C[C@H](NC(=O)CN2CCOCC2)[C@@H](CO)O1)c1ccccc1,NQVHKOMHSOOYQX-RSPOEFSDSA-N,417.22637109199997,0.3868000000000023,C[C@@H](NC(=O)C[C@H]1C=C[C@H](NC(=O)CN2CCOCC2)[C@@H](CO)O1)c1ccccc1,BRD-K07482874,1.177363945,1.051095558,1.114229752,
24131729,C#Cc1ccc([C@H]2C=C(C(=O)N3CCN(Cc4ccc5c(c4)OCO5)CC3)O[C@@H](OCC)[C@@H]2CCCO)cc1,MUQKFPQSGBTXLL-KQECVKDNSA-N,532.2573368719999,3.490000000000002,C#Cc1ccc([C@H]2C=C(C(=O)N3CCN(Cc4ccc5c(c4)OCO5)CC3)O[C@@H](OCC)[C@@H]2CCCO)cc1,BRD-K07541106,0.719310334,0.876410134,0.797860234,
75826825,CN1CCN(C(=O)C[C@H]2CC[C@H]3[C@@H](COC[C@H](O)CN3Cc3ccc4c(c3)OCO4)O2)CC1,ATLWFNODZSPTJE-ISHFTEKXSA-N,461.25258583999994,0.6887000000000019,CN1CCN(C(=O)C[C@H]2CC[C@H]3[C@@H](COC[C@H](O)CN3Cc3ccc4c(c3)OCO4)O2)CC1,BRD-K07547644,0.999962575,0.774846955,0.887404765,
61061407,COc1ccc(S(=O)(=O)N2C[C@H](O)COC[C@@H]3O[C@@H](CC(=O)N[C@@H]4CCN(Cc5ccccc5)C4)CC[C@H]32)cc1,IXXIZSABFJAVRH-GGPXUCSVSA-N,573.250871588,1.7740000000000016,COc1ccc(S(=O)(=O)N2C[C@H](O)COC[C@@H]3O[C@@H](CC(=O)N[C@@H]4CCN(Cc5ccccc5)C4)CC[C@H]32)cc1,BRD-K07572455,0.852240315,1.007070739,0.929655527,
97480433,CN(CC(N)=O)S(=O)(=O)c1ccc(F)cc1,RWGQLEVJPKYBNA-UHFFFAOYSA-N,246.047441432,-0.0685,CN(CC(N)=O)S(=O)(=O)c1ccc(F)cc1,BRD-K07594794,0.995353549,1.029394013,1.012373781,
32146326,C=CCOC(=O)[C@H]1[C@@H]2C(=O)O[C@@H](c3ccccc3)[C@@H](c3ccccc3)N2[C@@H](c2ccc(OCCOC(=O)[C@@H]3C[C@@H]4C(=O)N[C@@H](CCCCNC(C)=O)C(=O)N4[C@@H]3c3ccc(O)cc3)cc2)[C@]12C(=O)Nc1ccccc12,VMNIGDQIDBCFIO-MNNCGDCDSA-N,1015.400372264,6.0776000000000066,C=CCOC(=O)[C@H]1[C@@H]2C(=O)O[C@@H](c3ccccc3)[C@@H](c3ccccc3)N2[C@@H](c2ccc(OCCOC(=O)[C@@H]3C[C@@H]4C(=O)N[C@@H](CCCCNC(C)=O)C(=O)N4[C@@H]3c3ccc(O)cc3)cc2)[C@]12C(=O)Nc1ccccc12,BRD-K07641597,1.304622877,1.728222383,1.51642263,
50362768,O=C(C[C@@H]1C=C[C@@H](NC(=O)c2ccc(F)cc2)[C@@H](CO)O1)NCc1ccncn1,LTEMDBJMCLHMAZ-RCCFBDPRSA-N,400.1546833720001,0.7364999999999994,O=C(C[C@@H]1C=C[C@@H](NC(=O)c2ccc(F)cc2)[C@@H](CO)O1)NCc1ccncn1,BRD-K07646871,1.077579682,0.861702375,0.969641029,
67760261,C[C@H]1CN([C@@H](C)CO)S(=O)(=O)c2ccc(-c3cncnc3)cc2O[C@@H]1CN(C)C(=O)C1CCCCC1,JHVMXPAASGDEJW-AXHZCLLHSA-N,516.240641252,2.9509000000000007,C[C@H]1CN([C@@H](C)CO)S(=O)(=O)c2ccc(-c3cncnc3)cc2O[C@@H]1CN(C)C(=O)C1CCCCC1,BRD-K07678613,0.853044171,0.992690857,0.922867514,
56914245,Cc1ccccc1S(=O)(=O)N1C[C@H](O)COC[C@H]2O[C@@H](CC(=O)NCCc3ccccc3)CC[C@@H]21,YVDHEBOEZHLKCS-UARRHKHWSA-N,502.21375780799997,2.04202,Cc1ccccc1S(=O)(=O)N1C[C@H](O)COC[C@H]2O[C@@H](CC(=O)NCCc3ccccc3)CC[C@@H]21,BRD-K07686205,0.990067705,0.97745051,0.983759108,
72042146,O=C1OCCN(c2ccccc2)C1=O,GFYYMNWPWAZLOM-UHFFFAOYSA-N,191.058243148,0.5764,O=C1OCCN(c2ccccc2)C1=O,BRD-K07703467,0.997800334,0.590659471,0.794229903,
91327031,CSc1nc(=O)cc(O)[nH]1,AEXCUJUYEZIWJV-UHFFFAOYSA-N,158.014998432,0.19739999999999996,CSc1nc(=O)cc(O)[nH]1,BRD-K07737811,0.919585804,0.739633147,0.829609476,
79838563,NS(=O)(=O)Cc1ccccc1F,KCCPXPGXYVBAAP-UHFFFAOYSA-N,189.025977716,0.6142000000000002,NS(=O)(=O)Cc1ccccc1F,BRD-K07758594,1.007813212,0.773750572,0.890781892,
11394513,C[C@H]1CN([C@@H](C)CO)S(=O)(=O)c2ccc(C3=CCCC3)cc2O[C@@H]1CN(C)C(=O)C1CCOCC1,FQQUNKZNJWRVJP-AXHZCLLHSA-N,506.2450579359999,2.9075000000000015,C[C@H]1CN([C@@H](C)CO)S(=O)(=O)c2ccc(C3=CCCC3)cc2O[C@@H]1CN(C)C(=O)C1CCOCC1,BRD-K07776146,0.887154749,1.093801035,0.990477892,
80254813,C/C=C/c1ccc2c(c1)O[C@@H](CN(C)S(=O)(=O)c1ccc(C)cc1)[C@@H](C)CN([C@@H](C)CO)S2(=O)=O,VYRUZJSOIRXWEJ-SKPFHBQLSA-N,522.185828808,3.1174200000000023,C/C=C/c1ccc2c(c1)O[C@@H](CN(C)S(=O)(=O)c1ccc(C)cc1)[C@@H](C)CN([C@@H](C)CO)S2(=O)=O,BRD-K07780908,1.06034127,0.997284259,1.028812764,
44660496,CCSC(=O)NC1CCCCC1,PUNUCLJJWUUKFB-UHFFFAOYSA-N,187.103085164,2.7818000000000014,CCSC(=O)NC1CCCCC1,BRD-K07952336,0.91287068,1.115744676,1.014307678,
11368259,CNc1ncnc(Cl)c1N,RIYBSFHJIOZYLD-UHFFFAOYSA-N,158.035923904,0.7539,CNc1ncnc(Cl)c1N,BRD-K07957427,0.982781612,1.077227222,1.030004417,
10396502,COc1cccc(S(=O)(=O)N2C[C@H](O)COC[C@@H]3O[C@@H](CC(=O)N4CCN(C)CC4)CC[C@H]32)c1,QRNOCFVGTMPGIX-GWWHBBDRSA-N,497.21957146000005,0.15730000000000244,COc1cccc(S(=O)(=O)N2C[C@H](O)COC[C@@H]3O[C@@H](CC(=O)N4CCN(C)CC4)CC[C@H]32)c1,BRD-K07968538,1.003879063,0.708243575,0.856061319,
60352755,C[C@H](O)C#Cc1ccc2c(c1)O[C@H](CN(C)C(=O)C1CCCCC1)[C@H](C)CN([C@H](C)CO)S2(=O)=O,LPOKCFFNFOPMKO-MTXNFPGFSA-N,506.2450579359999,2.226200000000001,C[C@H](O)C#Cc1ccc2c(c1)O[C@H](CN(C)C(=O)C1CCCCC1)[C@H](C)CN([C@H](C)CO)S2(=O)=O,BRD-K07969442,0.958829248,1.058523929,1.008676589,
10802016,CN1CCN(C(=O)C[C@@H]2CC[C@@H]3[C@H](COC[C@@H](O)CN3Cc3ccc4c(c3)OCO4)O2)CC1,ATLWFNODZSPTJE-GJPOJAMWSA-N,461.25258583999994,0.6887000000000019,CN1CCN(C(=O)C[C@@H]2CC[C@@H]3[C@H](COC[C@@H](O)CN3Cc3ccc4c(c3)OCO4)O2)CC1,BRD-K07969581,0.91509382,0.996559733,0.955826776,
97669674,COc1ccccc1CNS(C)(=O)=O,UCEUEIAMBYYPNY-UHFFFAOYSA-N,215.061614276,0.7444,COc1ccccc1CNS(C)(=O)=O,BRD-K07991404,0.924322372,0.932792118,0.928557245,
35909244,COc1ccc(NC(=O)Nc2ccc3c(c2)[C@@H]2C[C@H](CC(=O)NCc4ccc(-c5ccccc5)cc4)O[C@@H](CO)[C@@H]2O3)cc1,TZDANBXLWORGOS-WXLSAOMQSA-N,593.2525858399999,5.707100000000006,COc1ccc(NC(=O)Nc2ccc3c(c2)[C@@H]2C[C@H](CC(=O)NCc4ccc(-c5ccccc5)cc4)O[C@@H](CO)[C@@H]2O3)cc1,BRD-K08000110,0.867397772,0.761115687,0.81425673,
51285331,CCCNC(=O)N[C@H]1C=C[C@@H](CC(=O)N2CCN(C)CC2)O[C@@H]1CO,AVCGIXMUPLIHTE-SOUVJXGZSA-N,354.22670543999993,-0.4557999999999975,CCCNC(=O)N[C@H]1C=C[C@@H](CC(=O)N2CCN(C)CC2)O[C@@H]1CO,BRD-K08006576,1.149950523,0.981233147,1.065591835,
34746940,C[C@H](CO)N1C[C@H](C)[C@H](CN(C)C(=O)CN(C)C)Oc2cc(-c3cncnc3)ccc2S1(=O)=O,CXAQLLQGCLXXJQ-FVJLSDCUSA-N,491.22024015600005,0.9322000000000015,C[C@H]1CN([C@H](C)CO)S(=O)(=O)c2ccc(-c3cncnc3)cc2O[C@H]1CN(C)C(=O)CN(C)C,BRD-K08031389,0.997201245,0.966259178,0.981730211,
51436294,C[C@@H]1CN([C@@H](C)CO)S(=O)(=O)c2ccc(C#CCN(C)C)cc2O[C@@H]1CN(C)Cc1ccccn1,TWGOAFFDHARLDT-TYBLODHISA-N,500.2457266319999,1.8952999999999998,C[C@@H](CO)N1C[C@@H](C)[C@@H](CN(C)Cc2ccccn2)Oc2cc(C#CCN(C)C)ccc2S1(=O)=O,BRD-K08034139,1.060886942,0.913589101,0.987238022,
80624082,CN1CCN(C(=O)C[C@H]2CC[C@H]3[C@@H](COC[C@@H](O)CN3Cc3ccc4c(c3)OCO4)O2)CC1,ATLWFNODZSPTJE-FAKFISEUSA-N,461.25258583999994,0.6887000000000019,CN1CCN(C(=O)C[C@H]2CC[C@H]3[C@@H](COC[C@@H](O)CN3Cc3ccc4c(c3)OCO4)O2)CC1,BRD-K08034251,0.974658611,1.115083938,1.044871274,
50518070,S=C1NCN(Cc2cccs2)CN1,VCCOVYJQIXNDPF-UHFFFAOYSA-N,213.039439352,0.9428000000000001,S=C1NCN(Cc2cccs2)CN1,BRD-K08065209,0.819747299,1.018992454,0.919369876,
60011731,O=C(C[C@@H]1CC[C@H]2[C@@H](COC[C@@H](O)CN2Cc2ccccc2F)O1)N[C@@H]1CCN(Cc2ccccc2)C1,SYGGXHBJBPLYDK-HBIHQYLVSA-N,511.284634916,2.7157999999999998,O=C(C[C@@H]1CC[C@H]2[C@@H](COC[C@@H](O)CN2Cc2ccccc2F)O1)N[C@@H]1CCN(Cc2ccccc2)C1,BRD-K08071427,1.124193561,0.9488957,1.036544631,
74837378,CCNC(=O)c1sc(C)nc1N,LZXRJCOVPQKFEG-UHFFFAOYSA-N,185.062282972,0.7834200000000002,CCNC(=O)c1sc(C)nc1N,BRD-K08075971,0.785460605,0.858390411,0.821925508,
11276935,Cc1noc(C)c1NC(=O)N(C)C[C@H]1Oc2ncc(C#CCN(C)C)cc2C(=O)N([C@H](C)CO)C[C@@H]1C,NXVAKOSRKZCTPA-GSHUGGBRSA-N,512.274718252,1.9835399999999999,Cc1noc(C)c1NC(=O)N(C)C[C@H]1Oc2ncc(C#CCN(C)C)cc2C(=O)N([C@H](C)CO)C[C@@H]1C,BRD-K08107656,1.075863212,1.18343626,1.129649736,
39137127,C=CCOC(=O)[C@@H]1[C@H]2C(=O)O[C@H](c3ccccc3)[C@H](c3ccccc3)N2[C@H](c2ccc(OCCOC(=O)[C@H]3C[C@H]4C(=O)N[C@@H](CCCCNC(C)=O)C(=O)N4[C@H]3c3cccc(OCCO)c3)cc2)[C@@]12C(=O)Nc1ccc(I)cc12,UCQYSCJLKWJGAM-ZLBVTVGMSA-N,1185.32323498,6.347700000000007,C=CCOC(=O)[C@@H]1[C@H]2C(=O)O[C@H](c3ccccc3)[C@H](c3ccccc3)N2[C@H](c2ccc(OCCOC(=O)[C@H]3C[C@H]4C(=O)N[C@@H](CCCCNC(C)=O)C(=O)N4[C@H]3c3cccc(OCCO)c3)cc2)[C@@]12C(=O)Nc1ccc(I)cc12,BRD-K08147331,1.139537086,1.162082784,1.150809935,
66704769,COCC(=O)N[C@@H]1C=C[C@H](CC(=O)N2CCCCC2)O[C@H]1CO,BHRCWANBCSKYFS-MCIONIFRSA-N,326.18417193199997,-0.163899999999999,COCC(=O)N[C@@H]1C=C[C@H](CC(=O)N2CCCCC2)O[C@H]1CO,BRD-K08173649,1.020244699,0.83135407,0.925799385,
60554107,CC(C)CC#Cc1ccc2c(c1)O[C@@H](CN(C)C(=O)NC1CCCC1)[C@@H](C)CN([C@H](C)CO)S2(=O)=O,FCPOTZLLZQEMNY-BKSPAHHJSA-N,519.276692412,3.436800000000002,CC(C)CC#Cc1ccc2c(c1)O[C@@H](CN(C)C(=O)NC1CCCC1)[C@@H](C)CN([C@H](C)CO)S2(=O)=O,BRD-K08191611,0.967596998,0.872309925,0.919953462,
11517807,CC1(C)C=C(C(=O)N2CCOCC2)C(C)(C)N1,INVJDRLDYSLZLT-UHFFFAOYSA-N,238.168127944,0.9319999999999997,CC1(C)C=C(C(=O)N2CCOCC2)C(C)(C)N1,BRD-K08237165,1.000738358,0.967587251,0.984162804,
29341677,COCCOC(=O)N1C(=O)[C@@]2(c3cc(C#CCNC(N)=O)ccc31)[C@H](c1ccc(O)cc1)N1[C@H](c3ccccc3)[C@H](c3ccccc3)OC(=O)[C@H]1[C@@H]2C(=O)N1CCc2cc(OC)c(OC)cc2C1,ATERDLHUSJRDPF-ZJIFALOXSA-N,919.3428573880002,5.4626000000000055,COCCOC(=O)N1C(=O)[C@@]2(c3cc(C#CCNC(N)=O)ccc31)[C@H](c1ccc(O)cc1)N1[C@H](c3ccccc3)[C@H](c3ccccc3)OC(=O)[C@H]1[C@@H]2C(=O)N1CCc2cc(OC)c(OC)cc2C1,BRD-K08303627,0.95022649,0.997192727,0.973709608,
91473107,C[C@@H](O)C#Cc1ccc2c(c1)O[C@@H](CN(C)C(=O)Nc1ccccc1)[C@@H](C)CN([C@@H](C)CO)S2(=O)=O,FFUKDJALHXJAMJ-KTIHBUSBSA-N,515.2090067759999,2.3514,C[C@H]1CN([C@@H](C)CO)S(=O)(=O)c2ccc(C#C[C@@H](C)O)cc2O[C@H]1CN(C)C(=O)Nc1ccccc1,BRD-K08317561,0.878526863,0.752580127,0.815553495,
10806088,Clc1ccc(/N=C/c2ccc(Br)o2)cc1Cl,IXQDPTUEBBSYJO-UHFFFAOYSA-N,316.90098127199997,5.099500000000001,Clc1ccc(/N=C/c2ccc(Br)o2)cc1Cl,BRD-K08330708,0.804802341,1.314047533,1.059424937,
96200339,Cn1cnc(S(=O)(=O)N[C@@H]2CC[C@@H](CC(=O)N3CCN(c4ccccc4)CC3)O[C@H]2CO)c1,RVDWTGCIOVVFDR-ZCNNSNEGSA-N,477.204590092,0.3458000000000015,Cn1cnc(S(=O)(=O)N[C@@H]2CC[C@@H](CC(=O)N3CCN(c4ccccc4)CC3)O[C@H]2CO)c1,BRD-K08382205,0.983965741,1.133894065,1.058929903,
23121257,O=C(C1=C[C@H](c2ccc(Br)cc2)C[C@H](OCc2ccc(CO)cc2)O1)N1CCN(Cc2ccccc2)CC1,VXJGPQPIHWCJNM-BHBYDHKZSA-N,576.162369636,5.216500000000005,O=C(C1=C[C@H](c2ccc(Br)cc2)C[C@H](OCc2ccc(CO)cc2)O1)N1CCN(Cc2ccccc2)CC1,BRD-K08388757,1.033872456,0.878675222,0.956273839,
10054992,CC(C)CC#Cc1ccc2c(c1)O[C@H](CN(C)C(=O)Cc1cccnc1)[C@@H](C)CN([C@@H](C)CO)S2(=O)=O,HNBFIRYNWWOTHM-AOJNWGRGSA-N,527.245392284,2.9489000000000014,CC(C)CC#Cc1ccc2c(c1)O[C@H](CN(C)C(=O)Cc1cccnc1)[C@@H](C)CN([C@@H](C)CO)S2(=O)=O,BRD-K08390999,0.765539133,1.069291547,0.91741534,
10460669,Nc1cc(N)nc(SCCC(=O)O)n1,SNSWUZLQZIBOIP-UHFFFAOYSA-N,214.05244656,0.20779999999999993,Nc1cc(N)nc(SCCC(=O)O)n1,BRD-K08419385,1.222217283,1.092997907,1.157607595,
13625465,COc1cccc(S(=O)(=O)N(C)C[C@H]2Oc3cc(C#CCC(C)C)ccc3S(=O)(=O)N([C@H](C)CO)C[C@H]2C)c1,YZGJHQRTJQOLDQ-VHFRWLAGSA-N,578.212043556,3.182100000000002,COc1cccc(S(=O)(=O)N(C)C[C@H]2Oc3cc(C#CCC(C)C)ccc3S(=O)(=O)N([C@H](C)CO)C[C@H]2C)c1,BRD-K08420206,1.206658035,1.405218932,1.305938483,
67195973,CCS(=O)(=O)NCC[C@H]1CC[C@H](NC(=O)Cc2ccccn2)[C@H](CO)O1,ATYYOVKYGVPSBZ-PMPSAXMXSA-N,385.167141964,-0.021799999999998654,CCS(=O)(=O)NCC[C@H]1CC[C@H](NC(=O)Cc2ccccn2)[C@H](CO)O1,BRD-K08431704,1.086261816,1.360120557,1.223191187,
78629707,CSC1=NN1c1cc(C)nc(N)n1,OTHQVUQHPHYRQC-UHFFFAOYSA-N,195.05786628799999,0.8212200000000001,CSC1=NN1c1cc(C)nc(N)n1,BRD-K08432080,1.116811093,1.102694429,1.109752761,
35379290,S=C(NCCCc1cnc[nH]1)NCCCN(Cc1ccc(Cl)c(Cl)c1)c1ccc(Br)cn1,UREJDUPKGMFJRU-UHFFFAOYSA-N,554.04218326,5.367600000000004,S=C(NCCCc1cnc[nH]1)NCCCN(Cc1ccc(Cl)c(Cl)c1)c1ccc(Br)cn1,BRD-K08438429,1.025769488,0.949959955,0.987864722,
56542362,O=C(O)CSC(=S)N1CCOCC1,JCECLSATASZQQB-UHFFFAOYSA-N,221.018035212,0.4213,O=C(O)CSC(=S)N1CCOCC1,BRD-K08439045,0.973520966,0.95214674,0.962833853,
85137450,C=CCC[C@@H](Cc1ccc(F)cc1)C(=O)OC[C@@H](Cc1c[nH]c2ccccc12)NC(=O)[C@H](CC=C)CC(=O)N[C@@H](CO)Cc1ccccc1,NVFBPXDALITKAR-UGCMOBBOSA-N,667.3421497920001,6.004800000000006,C=CCC[C@@H](Cc1ccc(F)cc1)C(=O)OC[C@@H](Cc1c[nH]c2ccccc12)NC(=O)[C@H](CC=C)CC(=O)N[C@@H](CO)Cc1ccccc1,BRD-K08446151,1.191515883,0.827279646,1.009397764,
33214626,C[C@H]1CN([C@@H](C)CO)S(=O)(=O)c2ccc(C#CC3(O)CCCC3)cc2O[C@@H]1CN(C)C(=O)Cc1ccncc1,QKGFYTRNDUTRSH-AOJNWGRGSA-N,555.240306904,2.2078999999999995,C[C@H]1CN([C@@H](C)CO)S(=O)(=O)c2ccc(C#CC3(O)CCCC3)cc2O[C@@H]1CN(C)C(=O)Cc1ccncc1,BRD-K08459332,0.847755183,0.915151826,0.881453504,
97735340,COc1ccc([Si](C)(C)[C@@H]2[C@@H](CC(=O)N3CCC[C@H]3CO)O[C@]3(C(=O)N(Cc4cccc(N5CCCCC5=O)c4)c4ccccc43)[C@H]2C)cc1,STJWTKCNDAFVIP-CPJOFJIBSA-N,695.339062818,5.348300000000005,COc1ccc([Si](C)(C)[C@@H]2[C@@H](CC(=O)N3CCC[C@H]3CO)O[C@]3(C(=O)N(Cc4cccc(N5CCCCC5=O)c4)c4ccccc43)[C@H]2C)cc1,BRD-K08472776,1.155632615,1.074308688,1.114970651,
17097469,C[C@@H]1CN([C@H](C)CO)S(=O)(=O)c2ccc(Br)cc2O[C@H]1CN(C)Cc1cccc(C(=O)O)c1,IIOPXWBDKDXPRR-ZOCZFRKYSA-N,540.092969748,3.047900000000001,C[C@@H]1CN([C@H](C)CO)S(=O)(=O)c2ccc(Br)cc2O[C@H]1CN(C)Cc1cccc(C(=O)O)c1,BRD-K08515196,0.911479267,1.012201377,0.961840322,
56707749,CCCC#Cc1ccc2c(c1)O[C@@H](CN(C)Cc1ccc3c(c1)OCO3)[C@@H](C)CN([C@H](C)CO)S2(=O)=O,ZBCREHINDTUCBX-ISCCLHIJSA-N,528.2294078719999,3.4675000000000025,CCCC#Cc1ccc2c(c1)O[C@@H](CN(C)Cc1ccc3c(c1)OCO3)[C@@H](C)CN([C@H](C)CO)S2(=O)=O,BRD-K08542678,1.029427027,0.900215803,0.964821415,
10249447,COc1ccc([Si](C)(C)[C@@H]2[C@@H](CC(=O)N3CCC[C@H]3CO)O[C@]3(C(=O)N(Cc4cccc(N5C(=O)c6cccc7cccc5c67)c4)c4ccccc43)[C@H]2C)cc1,NPIZRDAEHHNKPL-XFCKRPRWSA-N,765.323412754,7.276500000000009,COc1ccc([Si](C)(C)[C@@H]2[C@@H](CC(=O)N3CCC[C@H]3CO)O[C@]3(C(=O)N(Cc4cccc(N5C(=O)c6cccc7cccc5c67)c4)c4ccccc43)[C@H]2C)cc1,BRD-K08545900,1.064206593,0.940129548,1.002168071,
61275937,CN(C)CCCNC(=O)C[C@H]1CC[C@@H](NS(=O)(=O)c2ccccc2)[C@@H](CO)O1,VWGNZTZPWKEFLR-KBAYOESNSA-N,413.198442092,0.3314000000000031,CN(C)CCCNC(=O)C[C@H]1CC[C@@H](NS(=O)(=O)c2ccccc2)[C@@H](CO)O1,BRD-K08560203,0.930902163,1.185026364,1.057964263,
72166610,Cc1ccc(S(=O)(=O)N(C)C[C@H]2Oc3cc(C#Cc4ccccc4)ccc3S(=O)(=O)N([C@H](C)CO)C[C@@H]2C)cc1,LVFBZVYYLLWVFC-CTVOUCONSA-N,582.185828808,3.4841200000000025,Cc1ccc(S(=O)(=O)N(C)C[C@H]2Oc3cc(C#Cc4ccccc4)ccc3S(=O)(=O)N([C@H](C)CO)C[C@@H]2C)cc1,BRD-K08631162,1.130728907,1.071343006,1.101035957,
45458163,Cn1c(=O)[nH]c(=O)c2[nH]cnc21,GMSNIKWWOQHZGF-UHFFFAOYSA-N,166.049075432,-1.0501000000000005,Cn1c(=O)[nH]c(=O)c2[nH]cnc21,BRD-K08648091,0.837287383,1.016507183,0.926897283,
83749399,NC(=O)c1cccc(N)c1,GSCPDZHWVNUUFI-UHFFFAOYSA-N,136.063662876,0.36770000000000025,NC(=O)c1cccc(N)c1,BRD-K08703257,0.982305812,1.093018978,1.037662395,
10353319,Cc1n[nH]c(=O)nc1NCCCOC(C)C,HOZDCOXVWDCRIE-UHFFFAOYSA-N,226.142975816,0.7003199999999996,Cc1n[nH]c(=O)nc1NCCCOC(C)C,BRD-K08707326,1.016867861,0.7933986,0.90513323,
26423918,O=C(NCC[C@@H]1CC[C@H](NS(=O)(=O)c2cccc(F)c2)[C@H](CO)O1)C1CC1,UXNIMKIHWHNNEY-XIRDDKMYSA-N,400.14682111999997,0.9287999999999994,O=C(NCC[C@@H]1CC[C@H](NS(=O)(=O)c2cccc(F)c2)[C@H](CO)O1)C1CC1,BRD-K08715020,1.022329814,0.963134357,0.992732086,
12079727,COCC(=O)N1C[C@@H](C)[C@H](OC)CN(C)C(=O)c2ccc(NC(=O)Nc3cccc(F)c3)cc2OC[C@@H]1C,FGZVYTDOFXFLTK-NXMSCROESA-N,530.25406306,3.4487000000000014,COCC(=O)N1C[C@@H](C)[C@H](OC)CN(C)C(=O)c2ccc(NC(=O)Nc3cccc(F)c3)cc2OC[C@@H]1C,BRD-K08756773,1.289715552,0.897769958,1.093742755,
38864507,Cc1nn(C)cc1NC(=O)C[C@@H]1CC[C@@H]2[C@@H](COc3ccc(NC(=O)C4CCOCC4)cc3C(=O)N2C)O1,KFDLRFOLOVMTJG-BPUDTRNYSA-N,525.2587338399999,2.5030199999999994,Cc1nn(C)cc1NC(=O)C[C@@H]1CC[C@@H]2[C@@H](COc3ccc(NC(=O)C4CCOCC4)cc3C(=O)N2C)O1,BRD-K08760804,0.98108416,0.841112121,0.91109814,
67493698,Cc1ccc(/C=N/c2ccccc2Sc2c(C)n[nH]c2C)cc1,FYXMQJHUYVZULP-UHFFFAOYSA-N,321.129968608,5.236760000000003,Cc1ccc(/C=N/c2ccccc2Sc2c(C)n[nH]c2C)cc1,BRD-K08797268,1.04037102,0.922744903,0.981557961,
51381867,COCC(=O)N1C[C@H](C)[C@@H](OC)CN(C)C(=O)c2cc(NC(=O)c3ccc(OC)cc3)ccc2OC[C@@H]1C,MHUOTPFWUVWEKV-MHPIHPPYSA-N,527.2631505239999,2.9265000000000017,COCC(=O)N1C[C@H](C)[C@@H](OC)CN(C)C(=O)c2cc(NC(=O)c3ccc(OC)cc3)ccc2OC[C@@H]1C,BRD-K08843347,1.086654681,1.282307441,1.184481061,
10847150,Cn1c(=O)c2c(nc(Sc3nnc(N)s3)n2C)n(C)c1=O,LNJDGMXUMYEFRX-UHFFFAOYSA-N,325.04156459200004,-0.4443999999999999,Cn1c(=O)c2c(nc(Sc3nnc(N)s3)n2C)n(C)c1=O,BRD-K08871288,1.177649383,0.94019916,1.058924271,
10160096,O=C(C[C@H]1CC[C@@H]2[C@H](COC[C@@H](O)CN2S(=O)(=O)c2ccccc2)O1)N1CCOCC1,YFWNIBNJEZCLCG-CUDHKJQZSA-N,454.17737229999994,0.23350000000000137,O=C(C[C@H]1CC[C@@H]2[C@H](COC[C@@H](O)CN2S(=O)(=O)c2ccccc2)O1)N1CCOCC1,BRD-K08887124,1.044321526,0.830043589,0.937182557,
96389129,COc1ccc(S(=O)(=O)N2C[C@H](O)COC[C@H]3O[C@H](CC(=O)N[C@H]4CCN(Cc5ccccc5)C4)CC[C@@H]32)cc1,IXXIZSABFJAVRH-XSKYRTITSA-N,573.250871588,1.7740000000000016,COc1ccc(S(=O)(=O)N2C[C@H](O)COC[C@H]3O[C@H](CC(=O)N[C@H]4CCN(Cc5ccccc5)C4)CC[C@@H]32)cc1,BRD-K08936794,1.068800103,1.104682102,1.086741102,
57759368,COCC(=O)Nc1ccc2c(c1)OC[C@@H](C)N(C(=O)Cc1ccccn1)C[C@@H](C)[C@@H](OC)CN(C)C2=O,PYPDZGGBRRHRLK-IECBHUPTSA-N,512.263484872,2.2418000000000005,COCC(=O)Nc1ccc2c(c1)OC[C@@H](C)N(C(=O)Cc1ccccn1)C[C@@H](C)[C@@H](OC)CN(C)C2=O,BRD-K08941280,1.046876451,0.856602165,0.951739308,
85150850,O=C(C[C@H]1CC[C@H]2[C@@H](COC[C@H](O)CN2C(=O)c2ccncc2)O1)NCc1ccc(-c2ccccc2)cc1,LGPONOAYVPFFDU-ZZXHUEHTSA-N,515.242021156,3.204600000000002,O=C(C[C@H]1CC[C@H]2[C@@H](COC[C@H](O)CN2C(=O)c2ccncc2)O1)NCc1ccc(-c2ccccc2)cc1,BRD-K08948558,0.963974952,1.030253929,0.997114441,
44528555,O=C(CN1CCOCC1)NCC[C@@H]1CC[C@@H](NS(=O)(=O)c2ccc(Cl)cc2)[C@H](CO)O1,GSQYQSMPSCYPFS-UHOSZYNNSA-N,475.1543843599999,0.36530000000000223,O=C(CN1CCOCC1)NCC[C@@H]1CC[C@@H](NS(=O)(=O)c2ccc(Cl)cc2)[C@H](CO)O1,BRD-K09004677,1.106716385,1.391377002,1.249046694,
11210570,NC(=O)CN1CCCCCC1=O,GINVVVBYRCSQIJ-UHFFFAOYSA-N,170.105527688,-0.12570000000000014,NC(=O)CN1CCCCCC1=O,BRD-K09012978,1.005033008,0.639242578,0.822137793,
88899637,C/C(=N\N)c1nnn(-c2nonc2N)c1C,NRAPDWNXPOZINK-UHFFFAOYSA-N,222.09775693999998,-0.7763800000000003,C/C(=N\N)c1nnn(-c2nonc2N)c1C,BRD-K09022147,0.976744477,1.050376178,1.013560327,
55680184,Cc1cc([N+](=O)[O-])cnc1N1CCNCC1,YFLHJNIWMUZYAG-UHFFFAOYSA-N,222.111675688,0.7078199999999997,Cc1cc([N+](=O)[O-])cnc1N1CCNCC1,BRD-K09044665,0.858439914,1.080086322,0.969263118,
92550714,C[C@@H]1CN([C@@H](C)CO)C(=O)c2cc(C#Cc3ccccc3F)cnc2O[C@H]1CN(C)S(=O)(=O)c1ccccc1,PNWJLYFAZGCIPX-BUEREQSYSA-N,551.18902028,3.1613000000000016,C[C@@H](CO)N1C[C@@H](C)[C@H](CN(C)S(=O)(=O)c2ccccc2)Oc2ncc(C#Cc3ccccc3F)cc2C1=O,BRD-K09104913,1.154958625,0.785256456,0.970107541,
53010805,Cc1nn(-c2nc3c(c(=O)n(CC(N)=O)c(=O)n3C)n2C)c(C)c1C,OYGITFIBBXHARI-UHFFFAOYSA-N,345.154937468,-0.9700399999999993,Cc1nn(-c2nc3c(c(=O)n(CC(N)=O)c(=O)n3C)n2C)c(C)c1C,BRD-K09108865,1.476395724,2.057913306,1.767154515,
98565479,C[C@@H]1CN([C@H](C)CO)S(=O)(=O)c2ccc(C#Cc3ccc(F)cc3)cc2O[C@H]1CN(C)S(=O)(=O)c1cn(C)cn1,PFRUQEWIEFRBGN-FHAGJXEFSA-N,590.1669049319999,2.0483000000000002,C[C@@H]1CN([C@H](C)CO)S(=O)(=O)c2ccc(C#Cc3ccc(F)cc3)cc2O[C@H]1CN(C)S(=O)(=O)c1cn(C)cn1,BRD-K09119156,0.80812273,1.047406454,0.927764592,
71415039,COc1ccccc1CNC(=O)C[C@@H]1C[C@@H]2c3cc(NC(=O)Nc4ccc(C(F)(F)F)cc4)ccc3O[C@@H]2[C@@H](CO)O1,SYQUHMCSVCULSJ-REKBPTBZSA-N,585.2086703400001,5.058900000000005,COc1ccccc1CNC(=O)C[C@@H]1C[C@@H]2c3cc(NC(=O)Nc4ccc(C(F)(F)F)cc4)ccc3O[C@@H]2[C@@H](CO)O1,BRD-K09156086,0.844062323,0.811162994,0.827612659,
76601661,COc1ccc(Cc2c(O)[nH]c(N)nc2=O)cc1,WUUAOXNTCQWTOU-UHFFFAOYSA-N,247.095691276,0.6571,COc1ccc(Cc2c(O)[nH]c(N)nc2=O)cc1,BRD-K09164856,1.053636627,0.989064793,1.02135071,
52226514,C=CC1=C(C)C2=N/C1=C\C1=N/C(=C\C3=N/C(=C\C4=N/C(=C\2)C(C)=C4CCC(=O)O)C(CCC(=O)O)=C3C)C(C=C)=C1C,ZZDQDWUZYJIYIF-UHFFFAOYSA-N,560.2423555039999,6.721600000000006,C=CC1=C(C)C2=N/C1=C\C1=N/C(=C\C3=N/C(=C\C4=N/C(=C\2)C(C)=C4CCC(=O)O)C(CCC(=O)O)=C3C)C(C=C)=C1C,BRD-K09208538,1.264430451,0.941062608,1.10274653,
90813301,Cc1ccccc1S(=O)(=O)N1C[C@H](O)COC[C@@H]2O[C@H](CC(=O)N3CCC(Cc4ccccc4)CC3)CC[C@H]21,XDAOMJCUEDECLD-BPXGVECKSA-N,556.260708,3.1644200000000007,Cc1ccccc1S(=O)(=O)N1C[C@H](O)COC[C@@H]2O[C@H](CC(=O)N3CCC(Cc4ccccc4)CC3)CC[C@H]21,BRD-K09246652,0.743213773,0.928984153,0.836098963,
23352845,COc1ccc([C@H]2CC(=O)N3CCNC[C@@H]23)cc1,MNQNXOIYWXQGSO-OLZOCXBDSA-N,246.136827816,0.9828999999999997,COc1ccc([C@H]2CC(=O)N3CCNC[C@@H]23)cc1,BRD-K09256830,0.918649519,0.976829599,0.947739559,
36242972,COCC#Cc1ccc2c(c1)O[C@H](CN(C)S(=O)(=O)c1cccc(OC)c1)[C@H](C)CN([C@@H](C)CO)S2(=O)=O,ZXJISFXGGDRHOY-OHUGHZGNSA-N,566.1756580480001,1.7824000000000004,COCC#Cc1ccc2c(c1)O[C@H](CN(C)S(=O)(=O)c1cccc(OC)c1)[C@H](C)CN([C@@H](C)CO)S2(=O)=O,BRD-K09264110,1.088630287,1.018472783,1.053551535,
70873371,Nc1ncnc2nc(N3CCCCC3)[nH]c12,KZMIJTTXZFMRQO-UHFFFAOYSA-N,218.12799444799998,0.9253999999999996,Nc1ncnc2nc(N3CCCCC3)[nH]c12,BRD-K09275277,1.244459248,0.978864985,1.111662116,
91084991,COc1ccccc1C1(N)CC1,OLNNGMGXTFSLEW-UHFFFAOYSA-N,163.099714036,1.643,COc1ccccc1C1(N)CC1,BRD-K09281778,1.029516141,1.029888371,1.029702256,
17061261,CC(C)(C)C(=O)Nc1c[nH]c(=O)[nH]c1=O,KWARPIRDJMRWSH-UHFFFAOYSA-N,211.095691276,0.047799999999999954,CC(C)(C)C(=O)Nc1c[nH]c(=O)[nH]c1=O,BRD-K09319573,0.917161214,1.037735989,0.977448602,
10011302,C[C@H]1CN([C@@H](C)CO)C(=O)c2cc(-c3cccc(C(=O)N(C)C)c3)cnc2O[C@@H]1CN(C)C(=O)Cc1ccccn1,NKUWSRJFYIGIDK-NOMHHCBYSA-N,559.279469284,2.7666000000000004,C[C@H]1CN([C@@H](C)CO)C(=O)c2cc(-c3cccc(C(=O)N(C)C)c3)cnc2O[C@@H]1CN(C)C(=O)Cc1ccccn1,BRD-K09353174,1.042996368,1.040065892,1.04153113,
87638372,COc1ccc([Si](C)(C)[C@H]2[C@H](CCO)O[C@@]3(C(=O)N(Cc4cccc(N5C(=O)c6cccc7cccc5c67)c4)c4ccccc43)[C@@H]2C)cc1,NNKRJYNWYAYLIP-DBELEVBLSA-N,668.27064891,7.285500000000009,COc1ccc([Si](C)(C)[C@H]2[C@H](CCO)O[C@@]3(C(=O)N(Cc4cccc(N5C(=O)c6cccc7cccc5c67)c4)c4ccccc43)[C@@H]2C)cc1,BRD-K09356677,1.420008339,1.372268143,1.396138241,
73154200,O=C(/C=C/c1ccccc1)C1CC1,OIPDQFASJNLEME-UHFFFAOYSA-N,172.088815004,2.6789000000000014,O=C(/C=C/c1ccccc1)C1CC1,BRD-K09358071,0.92576686,0.581679675,0.753723267,
54414562,COc1cccc(S(=O)(=O)N(C)C[C@@H]2Oc3cc(C#CCN(C)C)ccc3S(=O)(=O)N([C@H](C)CO)C[C@@H]2C)c1,QIXMBBSXTLNJAJ-UZINWLIJSA-N,579.207292524,1.6976000000000007,COc1cccc(S(=O)(=O)N(C)C[C@@H]2Oc3cc(C#CCN(C)C)ccc3S(=O)(=O)N([C@H](C)CO)C[C@@H]2C)c1,BRD-K09375096,0.988254058,1.134912877,1.061583467,
86358047,COCC(=O)Nc1ccc2c(c1)C(=O)N(C)[C@H]1CC[C@@H](CC(=O)NCc3ccc(OC)cc3)O[C@H]1CO2,HTSORKLKEIPCLA-SSPYTLHUSA-N,511.23185039599997,2.3671999999999995,COCC(=O)Nc1ccc2c(c1)C(=O)N(C)[C@H]1CC[C@@H](CC(=O)NCc3ccc(OC)cc3)O[C@H]1CO2,BRD-K09385492,1.073047463,0.889251748,0.981149606,
24958384,O=C(C[C@H]1CC[C@@H]2[C@H](COC[C@H](O)CN2S(=O)(=O)c2ccc(F)cc2)O1)NCCN1CCCCC1,CZAKYJRKVUTNOB-PRTQVNTJSA-N,513.230885092,1.1159000000000008,O=C(C[C@H]1CC[C@@H]2[C@H](COC[C@H](O)CN2S(=O)(=O)c2ccc(F)cc2)O1)NCCN1CCCCC1,BRD-K09391346,0.828143058,0.965463379,0.896803218,
72461143,CC(C)Cn1c(N)cc(=O)n(C)c1=O,LWFXPSLZADQSSL-UHFFFAOYSA-N,197.11642672,-0.21480000000000032,CC(C)Cn1c(N)cc(=O)n(C)c1=O,BRD-K09415565,0.822819287,0.950971208,0.886895248,
14869416,O=C(O)c1cc(Cl)ccc1Cl,QVTQYSFCFOGITD-UHFFFAOYSA-N,189.958834728,2.691600000000001,O=C(O)c1cc(Cl)ccc1Cl,BRD-K09441619,0.818615562,1.015828485,0.917222024,
19168077,O=C(C[C@H]1C[C@H]2c3cc(NC(=O)c4ccc5c(c4)OCO5)ccc3O[C@H]2[C@H](CO)O1)NCc1cccnc1,PHEIPYKARIAFSI-ZPNKKQCCSA-N,517.184900204,2.7635000000000005,O=C(C[C@H]1C[C@H]2c3cc(NC(=O)c4ccc5c(c4)OCO5)ccc3O[C@H]2[C@H](CO)O1)NCc1cccnc1,BRD-K09444102,1.025596199,1.194563969,1.110080084,
24135046,Nc1no[n+]([O-])c1-c1ccccc1,NAIAWBPXNSMQDE-UHFFFAOYSA-N,177.053826464,0.5572,Nc1no[n+]([O-])c1-c1ccccc1,BRD-K09455164,0.893443931,0.939902749,0.91667334,
98303801,CCCNC(=O)N(C)C[C@H]1Oc2cc(C#Cc3cccc(F)c3)ccc2S(=O)(=O)N([C@@H](C)CO)C[C@@H]1C,FEKCRXRPKGMVOW-ZYLNGJIFSA-N,531.220320408,3.0455000000000014,CCCNC(=O)N(C)C[C@H]1Oc2cc(C#Cc3cccc(F)c3)ccc2S(=O)(=O)N([C@@H](C)CO)C[C@@H]1C,BRD-K09491071,0.963504268,0.861259915,0.912382092,
90294600,O=C(c1ccccc1F)N1c2ccccc2Sc2ccccc21,NXZRLNOOPSSWCC-UHFFFAOYSA-N,321.062363224,5.268800000000002,O=C(c1ccccc1F)N1c2ccccc2Sc2ccccc21,BRD-K09496711,1.101118924,0.997406065,1.049262494,
55999511,C=C1C(=O)O[C@@H]2/C=C(\CO[C@@H]3O[C@H](CO)[C@@H](O)[C@H](O)[C@H]3OC(=O)Cc3ccc(O)cc3)CC/C=C(/C=O)C[C@H](O)[C@@H]12,HTXHLEQRUIDRPP-OCJMAYIISA-N,574.205026528,-0.003599999999999992,C=C1C(=O)O[C@@H]2/C=C(\CO[C@@H]3O[C@H](CO)[C@@H](O)[C@H](O)[C@H]3OC(=O)Cc3ccc(O)cc3)CC/C=C(/C=O)C[C@H](O)[C@@H]12,BRD-K09510432,1.137962112,1.093591718,1.115776915,
14051727,O=C(O)Cc1cnc[nH]1,PRJKNHOMHKJCEJ-UHFFFAOYSA-N,126.042927432,0.03680000000000022,O=C(O)Cc1cnc[nH]1,BRD-K09528084,1.059009459,0.902486125,0.980747792,
97734273,O=C(C[C@H]1CC[C@@H]2[C@H](COC[C@@H](O)CN2C(=O)Nc2ccc(Cl)cc2)O1)NC1Cc2ccccc2C1,NCLXJUWBJLBIJP-LIONHTAISA-N,513.203048804,3.1549000000000014,O=C(C[C@H]1CC[C@@H]2[C@H](COC[C@@H](O)CN2C(=O)Nc2ccc(Cl)cc2)O1)NC1Cc2ccccc2C1,BRD-K09541934,1.047803037,0.917693368,0.982748203,
68135354,COC(=O)C[C@H]1CC[C@@H]2[C@H](COC[C@H](O)CN2S(=O)(=O)c2cn(C)cn2)O1,HDTRYUIMSWCRLO-SYQHCUMBSA-N,403.14132114,-0.7187999999999988,COC(=O)C[C@H]1CC[C@@H]2[C@H](COC[C@H](O)CN2S(=O)(=O)c2cn(C)cn2)O1,BRD-K09542523,0.827196417,0.988641682,0.90791905,
46197828,NCCc1c(C(=O)O)[nH]c2ccc(Br)cc12,UVVYWTHMYHGKOD-UHFFFAOYSA-N,282.00038969200006,2.1298000000000004,NCCc1c(C(=O)O)[nH]c2ccc(Br)cc12,BRD-K09544976,0.938102147,0.905841985,0.921972066,
79923596,N#CCCN1CCCC2(CCCC2)C1,BJTPKCKLQOEFNU-UHFFFAOYSA-N,192.16264864,2.556280000000001,N#CCCN1CCCC2(CCCC2)C1,BRD-K09580746,0.84332279,1.053469126,0.948395958,
79958932,O=C(NO)c1ccc(C(=O)N/N=C/[C@H](O)[C@@H](O)[C@@H](O)[C@H](O)C(=O)O)cc1,IQGFOXAWANQSNP-ZDCRXTMVSA-N,371.0964791239999,-2.9505999999999997,O=C(NO)c1ccc(C(=O)N/N=C/[C@H](O)[C@@H](O)[C@@H](O)[C@H](O)C(=O)O)cc1,BRD-K09583376,0.920090853,0.965023805,0.942557329,
44311473,C[C@@H](NC(=O)C[C@@H]1CC[C@@H](NC(=O)CN2CCOCC2)[C@H](CO)O1)c1ccccc1,VZQKOZAJNGTVKC-MDNKFWRPSA-N,419.24202115599996,0.6108000000000029,C[C@@H](NC(=O)C[C@@H]1CC[C@@H](NC(=O)CN2CCOCC2)[C@H](CO)O1)c1ccccc1,BRD-K09587429,1.159796298,0.874659333,1.017227815,
95424973,Cc1ccc(/C=N/N(C)C2=NCCN2)o1,CBJDAYPDFUJNAM-UHFFFAOYSA-N,206.116761068,0.8129200000000001,Cc1ccc(/C=N/N(C)C2=NCCN2)o1,BRD-K09603702,1.047216344,0.947745848,0.997481096,
48590476,O=C(Cc1cccs1)N1c2ccccc2Sc2ccccc21,AEGIWXZBYPSARG-UHFFFAOYSA-N,323.043856036,5.1201000000000025,O=C(Cc1cccs1)N1c2ccccc2Sc2ccccc21,BRD-K09641512,1.033967497,1.034084111,1.034025804,
97633033,COc1ccc(S(=O)(=O)N2C[C@H](O)COC[C@@H]3O[C@H](CC(=O)NCc4ccc(Cl)c(Cl)c4)CC[C@H]32)cc1,VCZWBEHYTKZVKP-DKMQYJSJSA-N,572.1150776600001,3.0065000000000017,COc1ccc(S(=O)(=O)N2C[C@H](O)COC[C@@H]3O[C@H](CC(=O)NCc4ccc(Cl)c(Cl)c4)CC[C@H]32)cc1,BRD-K09645297,0.722070553,0.923268602,0.822669577,
36226417,CN1C(=O)N[C@@H]2c3ccccc3O[C@@]1(COC(=O)NCCCCCC(=O)NO)[C@@H]2COC(=O)c1ccccc1,NVVBIUQYYKNECE-LXHIVTORSA-N,540.222013984,2.7366,CN1C(=O)N[C@@H]2c3ccccc3O[C@@]1(COC(=O)NCCCCCC(=O)NO)[C@@H]2COC(=O)c1ccccc1,BRD-K09645360,1.094597627,0.818243856,0.956420741,
49646226,CC(C)c1ccc(/C=C2\CSc3ccccc3C2=O)cc1,ORIHWEDAJTXQTI-UHFFFAOYSA-N,294.107836196,5.182000000000005,CC(C)c1ccc(/C=C2\CSc3ccccc3C2=O)cc1,BRD-K09650428,0.925613943,1.086171835,1.005892889,
11768346,O=C(C[C@H]1CC[C@H](NS(=O)(=O)c2ccc(F)cc2)[C@H](CO)O1)N1CCC(Cc2ccccc2)CC1,WRYGCQUVRYTJFJ-VJTSUQJLSA-N,504.20942137599997,2.8839000000000015,O=C(C[C@H]1CC[C@H](NS(=O)(=O)c2ccc(F)cc2)[C@H](CO)O1)N1CCC(Cc2ccccc2)CC1,BRD-K09661291,1.00008399,0.89767416,0.948879075,
95813207,CCNc1nc(NCC)nc(OCC#N)n1,IDOJYYZOTPLEDZ-UHFFFAOYSA-N,222.12290906799998,0.6375799999999999,CCNc1nc(NCC)nc(OCC#N)n1,BRD-K09672723,1.195304767,0.954205512,1.074755139,
10731833,CN(C)CC(=O)N[C@H]1CC[C@@H](CCNC(=O)C2CCC2)O[C@H]1CO,JSZSNWADUSCDCO-KKUMJFAQSA-N,341.231456472,-0.12089999999999751,CN(C)CC(=O)N[C@H]1CC[C@@H](CCNC(=O)C2CCC2)O[C@H]1CO,BRD-K09688062,1.118733407,0.811315586,0.965024497,
69111065,COc1ccc(S(=O)(=O)N(C)C[C@H]2Oc3cc(C4=CCCC4)ccc3S(=O)(=O)N([C@H](C)CO)C[C@@H]2C)cc1,UZJLXWXORSFUFR-OUDXUNEISA-N,564.196393492,3.3518000000000026,COc1ccc(S(=O)(=O)N(C)C[C@H]2Oc3cc(C4=CCCC4)ccc3S(=O)(=O)N([C@H](C)CO)C[C@@H]2C)cc1,BRD-K09715359,1.05321432,1.151001925,1.102108122,
58663092,CC(=O)N1CSC[C@H]1C(=O)O,WXTBYSIPOKXCPM-YFKPBYRVSA-N,175.030314148,-0.007600000000000107,CC(=O)N1CSC[C@H]1C(=O)O,BRD-K09736664,0.866174396,1.062379846,0.964277121,
64366397,C[C@@H]1CN([C@@H](C)CO)S(=O)(=O)c2ccc(Br)cc2O[C@H]1CN(C)C(=O)c1cnccn1,NDEAHIKGASTMRW-GLJUWKHASA-N,512.072903,1.7798999999999996,C[C@@H](CO)N1C[C@@H](C)[C@H](CN(C)C(=O)c2cnccn2)Oc2cc(Br)ccc2S1(=O)=O,BRD-K09771863,1.124415289,1.069425711,1.0969205,
94137092,COc1ccccc1-c1ccc2c(c1)O[C@@H](CN(C)C(=O)c1cccnc1)[C@H](C)CN([C@@H](C)CO)S2(=O)=O,ZKVMCHGVVVSISB-GOHWNWGWSA-N,539.209006776,3.2980000000000023,COc1ccccc1-c1ccc2c(c1)O[C@@H](CN(C)C(=O)c1cccnc1)[C@H](C)CN([C@@H](C)CO)S2(=O)=O,BRD-K09779552,0.957365031,0.976462513,0.966913772,
34951405,NC(=O)NCC#Cc1ccc2c(c1)[C@]1(C(=O)N2)[C@H](C(=O)N2CCCCCCC2)[C@H]2C(=O)O[C@H](c3ccccc3)[C@H](c3ccccc3)N2[C@@H]1c1ccc(O)cc1,SKIJNRKNGUHAMG-UEWBMVEHSA-N,737.3213340959999,5.475700000000006,NC(=O)NCC#Cc1ccc2c(c1)[C@]1(C(=O)N2)[C@H](C(=O)N2CCCCCCC2)[C@H]2C(=O)O[C@H](c3ccccc3)[C@H](c3ccccc3)N2[C@@H]1c1ccc(O)cc1,BRD-K09794927,1.150278713,0.94681402,1.048546366,
10388881,FC(F)(F)c1ccc(/C=N/c2cc(Cl)cc(Cl)c2)cc1,QUGNBAJYAOSMCW-UHFFFAOYSA-N,316.99858927599996,5.762800000000002,FC(F)(F)c1ccc(/C=N/c2cc(Cl)cc(Cl)c2)cc1,BRD-K09857326,0.959969888,1.129222486,1.044596187,
48257874,O=C(C[C@@H]1CC[C@H](NC(=O)CN2CCOCC2)[C@H](CO)O1)NCCc1ccccc1,AKINIVRTVCZZOC-UFYCRDLUSA-N,419.242021156,0.09230000000000338,O=C(C[C@@H]1CC[C@H](NC(=O)CN2CCOCC2)[C@H](CO)O1)NCCc1ccccc1,BRD-K09877653,1.192514472,1.175221155,1.183867813,
19954890,COc1ccc(COC[C@]23NC(=S)N[C@H](c4ccccc4O2)[C@H]3COC(=O)NCCCCCC(=O)NO)cc1,MRQDRSYVDABJDD-DBTWGZIYSA-N,558.2148204279999,2.9277000000000006,COc1ccc(COC[C@]23NC(=S)N[C@H](c4ccccc4O2)[C@H]3COC(=O)NCCCCCC(=O)NO)cc1,BRD-K09880540,0.920164349,1.002482645,0.961323497,
97588767,CN(C)C(=O)C[C@@H]1CC[C@@H]2[C@H](COC[C@H](O)CN2S(=O)(=O)c2ccccc2)O1,UTCINOJCUIPVBV-ATLSCFEFSA-N,412.1668076159999,0.46290000000000103,CN(C)C(=O)C[C@@H]1CC[C@@H]2[C@H](COC[C@H](O)CN2S(=O)(=O)c2ccccc2)O1,BRD-K09913625,0.984388009,1.168471303,1.076429656,
11184917,CSc1nc(-c2ccccc2)cc(-c2cccs2)c1C#N,HLLNKDNDZXVPRD-UHFFFAOYSA-N,308.04419038400005,5.070680000000003,CSc1nc(-c2ccccc2)cc(-c2cccs2)c1C#N,BRD-K09926959,1.144822357,1.08305721,1.113939784,
50386377,COc1ccccc1S(=O)(=O)N[C@@H]1C=C[C@@H](CC(=O)N2CCN(C)CC2)O[C@H]1CO,OIFSUGNMWMWWCG-JZXOWHBKSA-N,439.177706648,-0.17789999999999812,COc1ccccc1S(=O)(=O)N[C@@H]1C=C[C@@H](CC(=O)N2CCN(C)CC2)O[C@H]1CO,BRD-K09967646,1.017613286,1.015183042,1.016398164,
26917868,Cc1cnc2c(c1NCCN(C)C)c(=O)n(C)c(=O)n2C,AXBPIKMXGFGJEU-UHFFFAOYSA-N,291.16952491200004,-0.08587999999999951,Cc1cnc2c(c1NCCN(C)C)c(=O)n(C)c(=O)n2C,BRD-K09987798,1.085352539,0.842218322,0.96378543,
99585785,OC[C@H]1O[C@H](C#Cc2ccccc2)C=C[C@@H]1O,UVBDXUUXCFGDNY-HZSPNIEDSA-N,230.094294308,0.7149000000000001,OC[C@H]1O[C@H](C#Cc2ccccc2)C=C[C@@H]1O,BRD-K09994526,1.045873687,0.903425451,0.974649569,
12983873,COC(=O)C1=CO[C@@H](O[C@@H]2O[C@H](CO)[C@@H](O)[C@H](O)[C@H]2O)[C@@H]2[C@@H](C)[C@@H](OC(=O)/C=C/c3ccc(O)cc3)[C@@H](O)[C@H]12,OJZQWQZTFYKVNT-OMAOELFTSA-N,552.1842910839998,-1.2100999999999977,COC(=O)C1=CO[C@@H](O[C@@H]2O[C@H](CO)[C@@H](O)[C@H](O)[C@H]2O)[C@H]2[C@@H]1[C@H](O)[C@H](OC(=O)/C=C/c1ccc(O)cc1)[C@@H]2C,BRD-K10013404,1.079924224,1.089300985,1.084612605,
99404481,C[C@H]1CN([C@@H](C)CO)S(=O)(=O)c2ccc(C#CC3(O)CCCC3)cc2O[C@H]1CN(C)C(=O)c1cccnc1,WKIFXSCDZKRENS-WATLYSKOSA-N,541.22465684,2.279,C[C@H]1CN([C@@H](C)CO)S(=O)(=O)c2ccc(C#CC3(O)CCCC3)cc2O[C@H]1CN(C)C(=O)c1cccnc1,BRD-K10098301,0.856249133,0.774182278,0.815215706,
10337410,C[C@@H]1CN([C@@H](C)CO)C(=O)c2cc(C#CC3(O)CCCC3)cnc2O[C@H]1CN(C)S(=O)(=O)c1ccc(F)cc1,HVHBFNPKBCGIMC-RNHFSVANSA-N,559.215235028,2.4181,C[C@@H](CO)N1C[C@@H](C)[C@H](CN(C)S(=O)(=O)c2ccc(F)cc2)Oc2ncc(C#CC3(O)CCCC3)cc2C1=O,BRD-K10098379,0.834389963,0.880226716,0.85730834,
11050900,C(=N/n1cnnc1)\c1ccccn1,JNYAGRACSHHMGP-UHFFFAOYSA-N,173.070145224,0.5552999999999999,C(=N/n1cnnc1)\c1ccccn1,BRD-K10126354,1.102221063,1.011126447,1.056673755,
90177465,C[C@H](CO)N1C[C@H](C)[C@@H](CN(C)C(=O)Nc2ccc(C(F)(F)F)cc2)Oc2ncc(C3=CCCC3)cc2C1=O,LUFJRQWNKONJSW-HOOSLVGPSA-N,546.245390196,5.051700000000005,C[C@H]1CN([C@H](C)CO)C(=O)c2cc(C3=CCCC3)cnc2O[C@@H]1CN(C)C(=O)Nc1ccc(C(F)(F)F)cc1,BRD-K10133460,0.975699771,0.961163701,0.968431736,
13611305,O=C(C[C@@H]1CC[C@H](NS(=O)(=O)c2ccc(F)cc2)[C@H](CO)O1)NCc1ccc(Cl)c(Cl)c1,IBEFNTNFDPOULD-YSSFQJQWSA-N,504.06887641599997,3.025800000000001,O=C(C[C@@H]1CC[C@H](NS(=O)(=O)c2ccc(F)cc2)[C@H](CO)O1)NCc1ccc(Cl)c(Cl)c1,BRD-K10134498,0.800661027,0.916392011,0.858526519,
10568267,C[C@H](O)C#Cc1cnc2c(c1)C(=O)N([C@@H](C)CO)C[C@@H](C)[C@H](CN(C)C(=O)Nc1ccc(C(F)(F)F)cc1)O2,JSXDBGGCWARADO-YDSTWLSQSA-N,548.224654752,3.216700000000002,C[C@H](O)C#Cc1cnc2c(c1)C(=O)N([C@@H](C)CO)C[C@@H](C)[C@H](CN(C)C(=O)Nc1ccc(C(F)(F)F)cc1)O2,BRD-K10139498,1.065469002,0.918558503,0.992013752,
71359127,O=C(Nn1cnnc1)c1ccccc1,QLANQXWHADSQNX-UHFFFAOYSA-N,188.069810876,0.6619999999999999,O=C(Nn1cnnc1)c1ccccc1,BRD-K10225001,1.04624423,1.01180931,1.02902677,
10732423,O=C(CN1CCOCC1)N[C@@H]1CC[C@@H](CCn2cc(C3CC3)nn2)O[C@@H]1CO,BLQFBUSGGJWCTG-LZLYRXPVSA-N,393.237604472,-0.09749999999999742,O=C(CN1CCOCC1)N[C@@H]1CC[C@@H](CCn2cc(C3CC3)nn2)O[C@@H]1CO,BRD-K10234874,0.948496218,1.101372508,1.024934363,
47030645,O=C(C[C@H]1CC[C@@H](NS(=O)(=O)c2ccc(F)cc2)[C@@H](CO)O1)N1CCC(Cc2ccccc2)CC1,WRYGCQUVRYTJFJ-QLBJFCOMSA-N,504.20942137599997,2.8839000000000015,O=C(C[C@H]1CC[C@@H](NS(=O)(=O)c2ccc(F)cc2)[C@@H](CO)O1)N1CCC(Cc2ccccc2)CC1,BRD-K10255605,1.064133106,1.200853824,1.132493465,
96805831,Brc1ccc(CSc2c[nH]c3ccccc23)cc1,FAKINVGKEGQEQW-UHFFFAOYSA-N,316.987382484,5.222700000000003,Brc1ccc(CSc2c[nH]c3ccccc23)cc1,BRD-K10259261,0.940314429,0.76859626,0.854455345,
43059441,CCOC(=O)CC1=NC(=O)CS1,DMZWRKICECSJQS-UHFFFAOYSA-N,187.030314148,0.6115,CCOC(=O)CC1=NC(=O)CS1,BRD-K10275464,1.096664908,0.988333219,1.042499064,
81931278,O=C(C[C@H]1CC[C@H]2[C@@H](COC[C@H](O)CN2S(=O)(=O)c2ccc(F)cc2)O1)N[C@H]1CCN(Cc2ccccc2)C1,FOUHJPDBUQOMDO-KFKVSSQRSA-N,561.230885092,1.9044999999999999,O=C(C[C@H]1CC[C@H]2[C@@H](COC[C@H](O)CN2S(=O)(=O)c2ccc(F)cc2)O1)N[C@H]1CCN(Cc2ccccc2)C1,BRD-K10285726,1.027119228,1.152470829,1.089795029,
10061713,C[C@H](CO)N1C[C@H](C)[C@@H](CN(C)S(=O)(=O)c2ccccc2F)Oc2cc(-c3ccncc3)ccc2S1(=O)=O,QHDFXKNEEFSYRF-XLNZFTOWSA-N,563.1560059,2.977000000000002,C[C@H]1CN([C@H](C)CO)S(=O)(=O)c2ccc(-c3ccncc3)cc2O[C@@H]1CN(C)S(=O)(=O)c1ccccc1F,BRD-K10301293,0.959348449,0.793346511,0.87634748,
53217827,O=C(C[C@@H]1CC[C@@H]2[C@H](COC[C@@H](O)CN2C(=O)Nc2cccc(F)c2)O1)NCCCN1CCOCC1,RQYBFYGSSBUGKH-GPJHCHHRSA-N,508.269713124,1.1955000000000011,O=C(C[C@@H]1CC[C@@H]2[C@H](COC[C@@H](O)CN2C(=O)Nc2cccc(F)c2)O1)NCCCN1CCOCC1,BRD-K10303270,0.93178137,0.767770159,0.849775764,
11701561,Cc1ccc(Oc2ccc(CN)cc2)cc1,ZNHILEFNCURVGP-UHFFFAOYSA-N,213.1153641,3.2460200000000006,Cc1ccc(Oc2ccc(CN)cc2)cc1,BRD-K10318280,0.59630186,0.750674041,0.673487951,
29452133,c1cc(-c2nnc(Cn3cncn3)[nH]2)ccn1,RBVLQEBVMNFNCU-UHFFFAOYSA-N,227.09194328799998,0.5064999999999997,c1cc(-c2nnc(Cn3cncn3)[nH]2)ccn1,BRD-K10330372,1.132784646,0.938979287,1.035881967,
60885165,O=C(C[C@@H]1CC[C@@H]2[C@H](COC[C@@H](O)CN2C(=O)c2ccc3c(c2)OCO3)O1)NCCN1CCCCC1,XLAZOTPHVHYBLB-JCUDRXCFSA-N,503.26315052399997,1.1570000000000007,O=C(C[C@@H]1CC[C@@H]2[C@H](COC[C@@H](O)CN2C(=O)c2ccc3c(c2)OCO3)O1)NCCN1CCCCC1,BRD-K10332096,1.112177895,0.883925043,0.998051469,
94356797,CN(C)c1nc(Oc2ccc(=O)n(C)n2)nc(N(C)C)n1,YHEKNKGLNOUVHG-UHFFFAOYSA-N,291.14437278400004,-0.11040000000000028,CN(C)c1nc(Oc2ccc(=O)n(C)n2)nc(N(C)C)n1,BRD-K10347181,0.719781134,1.150324306,0.93505272,
17269237,Cc1ccc(/C=N/Nc2cnnc(=O)[nH]2)o1,VKRGPDJCPFGKHB-UHFFFAOYSA-N,219.075624528,0.5123199999999998,Cc1ccc(/C=N/Nc2cnnc(=O)[nH]2)o1,BRD-K10380694,1.088037927,0.963670702,1.025854314,
11404198,Cc1cncc2cccc(S(=O)(=O)N[C@H]3CN[C@H](C(=O)NN)C3)c12,KGBLIRBXSXOYNS-NEPJUHHUSA-N,349.12086046800005,-0.4580799999999994,Cc1cncc2cccc(S(=O)(=O)N[C@H]3CN[C@H](C(=O)NN)C3)c12,BRD-K10387777,1.000751422,0.977778421,0.989264921,
30759489,CN1CCN(C(=O)C[C@H]2CC[C@@H]3[C@H](COC[C@H](O)CN3S(=O)(=O)c3cccc(F)c3)O2)CC1,GZPUSMBBXBUDBD-UKAVVXHISA-N,485.19958496399994,0.28780000000000183,CN1CCN(C(=O)C[C@H]2CC[C@@H]3[C@H](COC[C@H](O)CN3S(=O)(=O)c3cccc(F)c3)O2)CC1,BRD-K10393666,0.933800046,1.165702639,1.049751343,
59695777,O=C1c2ccccc2[C@](Cc2ccccc2I)(C(=O)NCc2ccccc2)[C@H](c2ccc(CO)cc2)N1Cc1ccccc1C(F)(F)F,URHCBOPNVXHCHS-LFGICVIVSA-N,760.140975544,7.996500000000008,O=C1c2ccccc2[C@](Cc2ccccc2I)(C(=O)NCc2ccccc2)[C@H](c2ccc(CO)cc2)N1Cc1ccccc1C(F)(F)F,BRD-K10406985,1.11534075,0.756626503,0.935983627,
12089242,C[C@@H]1CN([C@@H](C)CO)C(=O)c2cc(C#Cc3ccccc3)cnc2O[C@H]1CN(C)S(=O)(=O)c1ccccc1F,WNTGUKOJIPVNQM-SWYRRKHMSA-N,551.18902028,3.1613000000000024,C[C@@H](CO)N1C[C@@H](C)[C@H](CN(C)S(=O)(=O)c2ccccc2F)Oc2ncc(C#Cc3ccccc3)cc2C1=O,BRD-K10418525,1.026067679,1.086761895,1.056414787,
99412779,COC(=O)C[C@H]1CC[C@@H]2[C@H](COC[C@@H](O)CN2S(=O)(=O)c2ccccc2C)O1,AEGOTLNKKIEKGQ-HZMVEIRTSA-N,413.15082320399995,0.8561199999999998,COC(=O)C[C@H]1CC[C@@H]2[C@H](COC[C@@H](O)CN2S(=O)(=O)c2ccccc2C)O1,BRD-K10466780,0.759607561,1.027715198,0.89366138,
59850895,Nc1cccc(C2=NCCN2)c1,HCJAVYDERMMIDO-UHFFFAOYSA-N,161.095297352,0.6185999999999998,Nc1cccc(C2=NCCN2)c1,BRD-K10493225,1.127713147,0.956460972,1.04208706,
92145018,O=C(C[C@H]1C[C@@H]2c3cc(NC(=O)C4CCOCC4)ccc3O[C@@H]2[C@H](CO)O1)NCc1cc(F)ccc1F,UVPONYOZSFJNDG-HUZKPYMCSA-N,516.2071931199999,3.030800000000001,O=C(C[C@H]1C[C@@H]2c3cc(NC(=O)C4CCOCC4)ccc3O[C@@H]2[C@H](CO)O1)NCc1cc(F)ccc1F,BRD-K10501200,1.074969247,0.846196137,0.960582692,
77760177,C[C@@H]1CN([C@H](C)CO)S(=O)(=O)c2ccc(C#CC3CCCCC3)cc2O[C@H]1CN(C)C(=O)Cc1ccncc1,GQWDFIHJYUCZIN-MRJKTFCFSA-N,553.2610423479999,3.483100000000003,C[C@@H]1CN([C@H](C)CO)S(=O)(=O)c2ccc(C#CC3CCCCC3)cc2O[C@H]1CN(C)C(=O)Cc1ccncc1,BRD-K10509795,0.840935293,0.947965946,0.89445062,
10006336,COCC(=O)N(C)C[C@H]1Oc2cc(C#Cc3ccccc3)ccc2S(=O)(=O)N([C@H](C)CO)C[C@H]1C,QYWLPXAUJWIZSG-YOSAUDMPSA-N,500.1981077439999,1.9598000000000002,COCC(=O)N(C)C[C@H]1Oc2cc(C#Cc3ccccc3)ccc2S(=O)(=O)N([C@H](C)CO)C[C@H]1C,BRD-K10529146,0.958442913,0.848156874,0.903299893,
10077320,COCC(=O)Nc1ccc2c(c1)OC[C@H](C)N(Cc1ccccc1OC)C[C@@H](C)[C@H](OC)CN(C)C2=O,QLZPZBLSBLKARK-BVFVYWQFSA-N,513.2838859679999,3.2863000000000024,COCC(=O)Nc1ccc2c(c1)OC[C@H](C)N(Cc1ccccc1OC)C[C@@H](C)[C@H](OC)CN(C)C2=O,BRD-K10532574,0.821876015,0.86473395,0.843304982,
81979032,COc1ccc(Cn2cc[nH]c(=O)c2=O)cc1,YAOUPMMRIJHBGH-UHFFFAOYSA-N,232.084792244,0.5934999999999999,COc1ccc(Cn2cc[nH]c(=O)c2=O)cc1,BRD-K10546457,0.874082427,1.23419589,1.054139158,
57401037,CCc1ccc(Nc2c3c(nc4ccccc24)CCC3)cc1,JBSYNQYOPVZBEN-UHFFFAOYSA-N,288.16264864,5.029500000000003,CCc1ccc(Nc2c3c(nc4ccccc24)CCC3)cc1,BRD-K10558476,0.118762724,0.150718199,0.134740461,
94053011,C(=N/n1cnnc1)\c1ccco1,ULWDENLECZLBSK-UHFFFAOYSA-N,162.054160812,0.7533,C(=N/n1cnnc1)\c1ccco1,BRD-K10571262,0.995915499,0.71902586,0.857470679,
53599049,Cc1c(C)n2c3c(=O)n(C)c(=O)n(C)c3nc2n1CCO,PCNRDEGEIGXQEN-UHFFFAOYSA-N,291.133139404,-0.7044599999999999,Cc1c(C)n2c3c(=O)n(C)c(=O)n(C)c3nc2n1CCO,BRD-K10617880,0.96988854,1.045207102,1.007547821,
52320632,COc1ccc(NC(=O)N[C@@H]2CC[C@H](CCNC(=O)CN3CCOCC3)O[C@@H]2CO)cc1,UKAJTZXDZSPPTQ-VAMGGRTRSA-N,450.24783480799994,0.5637000000000016,COc1ccc(NC(=O)N[C@@H]2CC[C@H](CCNC(=O)CN3CCOCC3)O[C@@H]2CO)cc1,BRD-K10650866,1.05369104,1.048808922,1.051249981,
21500444,COc1cccc(S(=O)(=O)Nc2ccc3c(c2)[C@H]2C[C@H](CC(=O)NCc4cccc(F)c4)O[C@H](CO)[C@H]2O3)c1,GERXZWRQFCUSQI-XILASOBOSA-N,556.167950488,3.336000000000001,COc1cccc(S(=O)(=O)Nc2ccc3c(c2)[C@H]2C[C@H](CC(=O)NCc4cccc(F)c4)O[C@H](CO)[C@H]2O3)c1,BRD-K10698156,0.961946663,1.045593166,1.003769915,
48090149,O=C(C[C@H]1C=C[C@@H](NC(=O)CN2CCOCC2)[C@H](CO)O1)NC1CCC1,SRCKIDNRSVGBQD-OAGGEKHMSA-N,367.210721028,-0.821899999999997,O=C(C[C@H]1C=C[C@@H](NC(=O)CN2CCOCC2)[C@H](CO)O1)NC1CCC1,BRD-K10713086,1.001032286,0.900777949,0.950905118,
96674127,COC(=O)C[C@@H]1CC[C@H]2[C@@H](COC[C@H](O)CN2S(=O)(=O)c2ccccc2C)O1,AEGOTLNKKIEKGQ-LTIDMASMSA-N,413.15082320399995,0.8561199999999998,COC(=O)C[C@@H]1CC[C@H]2[C@@H](COC[C@H](O)CN2S(=O)(=O)c2ccccc2C)O1,BRD-K10770673,1.085690519,0.895936729,0.990813624,
79368901,COCC#Cc1ccc2c(c1)O[C@@H](CN(C)Cc1ccccc1F)[C@H](C)CN([C@H](C)CO)S2(=O)=O,JQAMUOLHJPIMRA-FHAGJXEFSA-N,504.209421376,2.724200000000002,COCC#Cc1ccc2c(c1)O[C@@H](CN(C)Cc1ccccc1F)[C@H](C)CN([C@H](C)CO)S2(=O)=O,BRD-K10843783,0.787658979,1.204641516,0.996150248,
11081504,Cc1cc(C)n(-c2n[nH]c(=S)n2N)n1,ASFSLPHUVSWMJK-UHFFFAOYSA-N,210.06876531999998,0.45703,Cc1cc(C)n(-c2n[nH]c(=S)n2N)n1,BRD-K10859088,0.902611433,0.977517231,0.940064332,
43598431,O=C(C[C@H]1C=C[C@H](NC(=O)CN2CCOCC2)[C@@H](CO)O1)NCCc1ccncc1,VZOOIERTWAZELN-CEXWTWQISA-N,418.22162006,-0.7366999999999957,O=C(C[C@H]1C=C[C@H](NC(=O)CN2CCOCC2)[C@@H](CO)O1)NCCc1ccncc1,BRD-K10864378,1.090523391,0.770573063,0.930548227,
20548221,COC(=O)CNc1nc(OC)nc(N(C)C)n1,ZNMIPVGPQIFKMI-UHFFFAOYSA-N,241.11748934,-0.46889999999999943,COC(=O)CNc1nc(OC)nc(N(C)C)n1,BRD-K10943489,0.891433812,0.887394988,0.8894144,
11332131,Cn1cnc(S(=O)(=O)N2C[C@H](O)COC[C@H]3O[C@@H](CC(=O)NCc4ccc(F)cc4)CC[C@@H]32)c1,QOZSIKXMAMWTSD-ZGXWSNOMSA-N,496.179183868,0.5637000000000008,Cn1cnc(S(=O)(=O)N2C[C@H](O)COC[C@H]3O[C@@H](CC(=O)NCc4ccc(F)cc4)CC[C@@H]32)c1,BRD-K11018258,0.853189452,1.352285081,1.102737267,
51464853,COc1ccc(CCNC(=O)[C@@]2(Cc3ccccc3I)c3ccccc3C(=O)N(Cc3ccccc3)[C@H]2c2ccc(COC(=O)NCCCCCC(=O)NO)cc2)cc1,XIHODZLRKRCRAL-ZUFNAWNRSA-N,908.264597908,7.828500000000007,COc1ccc(CCNC(=O)[C@@]2(Cc3ccccc3I)c3ccccc3C(=O)N(Cc3ccccc3)[C@H]2c2ccc(COC(=O)NCCCCCC(=O)NO)cc2)cc1,BRD-K11034540,1.018519332,1.093187926,1.055853629,
10234488,C=CCOC(=O)[C@@H]1[C@H]2C(=O)O[C@H](c3ccccc3)[C@H](c3ccccc3)N2[C@H](c2ccc(OCCOC(=O)[C@@H]3C[C@@H]4C(=O)NCC(=O)N4[C@@H]3c3cccc(OCCO)c3)cc2)[C@@]12C(=O)Nc1ccccc12,FIMRYOBWDKQKQA-HRJIMTOMSA-N,946.3425230400001,5.068100000000003,C=CCOC(=O)[C@@H]1[C@H]2C(=O)O[C@H](c3ccccc3)[C@H](c3ccccc3)N2[C@H](c2ccc(OCCOC(=O)[C@@H]3C[C@@H]4C(=O)NCC(=O)N4[C@@H]3c3cccc(OCCO)c3)cc2)[C@@]12C(=O)Nc1ccccc12,BRD-K11138025,1.1004932,1.21299232,1.15674276,
22568928,COc1ccc(-c2cnc3c(c2)C(=O)N([C@H](C)CO)C[C@H](C)[C@@H](CN(C)S(=O)(=O)c2ccc(OC)cc2)O3)cc1,DQXOTYCHMPVTOU-ASHZAFPQSA-N,569.2195714599999,3.306600000000002,COc1ccc(-c2cnc3c(c2)C(=O)N([C@H](C)CO)C[C@H](C)[C@@H](CN(C)S(=O)(=O)c2ccc(OC)cc2)O3)cc1,BRD-K11144804,1.047616936,0.932828528,0.990222732,
80373542,O=C(NO)c1ccc(C(=O)N/N=C/[C@H](O)[C@@H](O)[C@H](O)[C@H](O)CO[C@H]2O[C@H](CO)[C@H](O)[C@H](O)[C@H]2O)cc1,WFLPYCABGYPIAY-WYQPBDNSSA-N,519.1700379879998,-5.21869999999999,O=C(NO)c1ccc(C(=O)N/N=C/[C@H](O)[C@@H](O)[C@H](O)[C@H](O)CO[C@H]2O[C@H](CO)[C@H](O)[C@H](O)[C@H]2O)cc1,BRD-K11149232,1.02755595,1.191197751,1.10937685,
34907534,COCCCNC(=O)[C@@]1(Cc2ccccc2CN=[N+]=[N-])N=C(c2ccc(OCCCO)cc2)O[C@H]1c1ccccc1N=[N+]=[N-],FMOSHIVCPVHAAN-IZEXYCQBSA-N,598.2652161879998,5.852200000000006,COCCCNC(=O)[C@@]1(Cc2ccccc2CN=[N+]=[N-])N=C(c2ccc(OCCCO)cc2)O[C@H]1c1ccccc1N=[N+]=[N-],BRD-K11162836,0.967534799,0.857654836,0.912594817,
47702156,O=C(C[C@@H]1C=C[C@H](NC(=O)CN2CCOCC2)[C@H](CO)O1)NCc1cccc(F)c1,YBKWUZNDQMZJNP-FHWLQOOXSA-N,421.201299216,-0.03509999999999791,O=C(C[C@@H]1C=C[C@H](NC(=O)CN2CCOCC2)[C@H](CO)O1)NCc1cccc(F)c1,BRD-K11182882,1.060062674,1.175838425,1.11795055,
28474634,CCCCC(=O)C1CCC(c2ccc(Cl)cc2)CC1,ATCGDYBMVWQISD-UHFFFAOYSA-N,278.143743036,5.373100000000004,CCCCC(=O)C1CCC(c2ccc(Cl)cc2)CC1,BRD-K11187931,0.760481113,0.784292648,0.77238688,
62314521,COCCOC(=O)N1C(=O)[C@@]2(c3cc(C#CC4=CCCCC4)ccc31)[C@H](C(=O)N1CCc3cc(OC)c(OC)cc3C1)[C@H]1C(=O)O[C@H](c3ccccc3)[C@H](c3ccccc3)N1[C@@H]2c1ccc(O)cc1,OOIHEYNDKGXHJH-XRMZZOKZSA-N,927.373094896,8.294700000000008,COCCOC(=O)N1C(=O)[C@@]2(c3cc(C#CC4=CCCCC4)ccc31)[C@H](C(=O)N1CCc3cc(OC)c(OC)cc3C1)[C@H]1C(=O)O[C@H](c3ccccc3)[C@H](c3ccccc3)N1[C@@H]2c1ccc(O)cc1,BRD-K11191624,1.072468544,1.099071533,1.085770039,
62561048,COc1ccc([Si](C)(C)[C@@H]2[C@@H](CC(=O)N3Cc4ccccc4C[C@H]3CO)O[C@]3(C(=O)N(Cc4ccc(N5C(=O)c6cccc7cccc5c67)cc4)c4ccccc43)[C@H]2C)cc1,PNGHJNOYVJOIGK-HFQNUNSXSA-N,827.339062818,8.239000000000008,COc1ccc([Si](C)(C)[C@@H]2[C@@H](CC(=O)N3Cc4ccccc4C[C@H]3CO)O[C@]3(C(=O)N(Cc4ccc(N5C(=O)c6cccc7cccc5c67)cc4)c4ccccc43)[C@H]2C)cc1,BRD-K11200772,0.899474889,1.01602471,0.9577498,
30097070,O=C(C[C@H]1C[C@H]2c3cc(NS(=O)(=O)c4ccc(F)cc4)ccc3O[C@H]2[C@H](CO)O1)NCc1ccccc1F,VXTHGKJYEDSEDF-KRPQKCCHSA-N,544.147963992,3.4665000000000017,O=C(C[C@H]1C[C@H]2c3cc(NS(=O)(=O)c4ccc(F)cc4)ccc3O[C@H]2[C@H](CO)O1)NCc1ccccc1F,BRD-K11207029,1.013687393,1.136396197,1.075041795,
79636490,OCc1cn(-c2ccccc2)nn1,UBFOXHGJGFQOFV-UHFFFAOYSA-N,175.074561908,0.7595999999999998,OCc1cn(-c2ccccc2)nn1,BRD-K11230277,1.152692426,0.880440708,1.016566567,
10603621,C/C=C/c1cnc2c(c1)C(=O)N([C@H](C)CO)C[C@@H](C)[C@H](CN(C)S(=O)(=O)c1ccc(OC)cc1)O2,KZXOHUVNEXQFEB-PNCHPQGNSA-N,503.2090067759999,2.6641000000000012,C/C=C/c1cnc2c(c1)C(=O)N([C@H](C)CO)C[C@@H](C)[C@H](CN(C)S(=O)(=O)c1ccc(OC)cc1)O2,BRD-K11230818,0.966651427,0.735002373,0.8508269,
48233485,C[C@H](CO)N1C[C@H](C)[C@H](CN(C)C)Oc2cc(C#C[C@@H](C)O)ccc2S1(=O)=O,UGXKLSUPAKEXSI-MKSNKDDYSA-N,410.18754305999994,0.7490999999999997,C[C@H]1CN([C@H](C)CO)S(=O)(=O)c2ccc(C#C[C@@H](C)O)cc2O[C@H]1CN(C)C,BRD-K11252066,0.922965535,0.782857623,0.852911579,
99132134,COc1cccc(NC(=O)N[C@@H]2C=C[C@H](CC(=O)N3CCOCC3)O[C@H]2CO)c1,DEUGGSUTAOAWFI-KURKYZTESA-N,405.18998558399994,0.7500999999999998,COc1cccc(NC(=O)N[C@@H]2C=C[C@H](CC(=O)N3CCOCC3)O[C@H]2CO)c1,BRD-K11282060,1.047933423,0.737291193,0.892612308,
40834766,CNC(=O)Cn1c(=O)c2c(OC)c(C)cnc2n(C)c1=O,VLGGTIJOFIDBMB-UHFFFAOYSA-N,292.11715499199994,-0.8417799999999995,CNC(=O)Cn1c(=O)c2c(OC)c(C)cnc2n(C)c1=O,BRD-K11287872,1.128559547,1.220632924,1.174596236,
27506356,C[C@H]1CN([C@@H](C)CO)C(=O)Cc2cc(NC(=O)Nc3cc(Cl)cc(Cl)c3)ccc2O[C@H]1CN(C)S(=O)(=O)c1ccc(Oc2ccccc2)cc1,BQKZDHJKPYOBCH-DFRLRCAJSA-N,740.1838259160002,6.899400000000007,C[C@H]1CN([C@@H](C)CO)C(=O)Cc2cc(NC(=O)Nc3cc(Cl)cc(Cl)c3)ccc2O[C@H]1CN(C)S(=O)(=O)c1ccc(Oc2ccccc2)cc1,BRD-K11297216,0.861256105,0.9746417,0.917948903,
94996696,C=CCOC(=O)[C@H]1[C@@H]2C(=O)O[C@@H](c3ccccc3)[C@@H](c3ccccc3)N2[C@@H](c2ccc(OCCOC(=O)[C@H]3C[C@H]4C(=O)N[C@@H](Cc5ccccc5)C(=O)N4[C@H]3c3cccc(OCCO)c3)cc2)[C@]12C(=O)Nc1ccc(I)cc12,KRLONSSBRAZTJD-KEJXUTEWSA-N,1162.2861212,7.28400000000001,C=CCOC(=O)[C@H]1[C@@H]2C(=O)O[C@@H](c3ccccc3)[C@@H](c3ccccc3)N2[C@@H](c2ccc(OCCOC(=O)[C@H]3C[C@H]4C(=O)N[C@@H](Cc5ccccc5)C(=O)N4[C@H]3c3cccc(OCCO)c3)cc2)[C@]12C(=O)Nc1ccc(I)cc12,BRD-K11307253,1.061609549,1.181656326,1.121632938,
59105526,CC[C@H]1CN(C)N1C(=O)[C@H]1CCCO1,FKEOXGMFKCCVEJ-DTWKUNHWSA-N,198.136827816,0.633,CC[C@H]1CN(C)N1C(=O)[C@H]1CCCO1,BRD-K11348684,0.869732332,1.048234644,0.958983488,
10924893,O=C1NC(=S)NC(=O)C1CN1CCOCC1,QDUVTSJVRKFICR-UHFFFAOYSA-N,243.067762276,-1.534299999999999,O=C1NC(=S)NC(=O)C1CN1CCOCC1,BRD-K11348898,0.952864142,1.061788006,1.007326074,
31372564,CCNc1nc(SCC(N)=O)nc(N2CCOCC2)n1,NUPNULMXWODXKI-UHFFFAOYSA-N,298.121194816,-0.2825999999999991,CCNc1nc(SCC(N)=O)nc(N2CCOCC2)n1,BRD-K11386392,0.961972102,1.065292041,1.013632072,
55412359,N=C(N=C(N)N)NCCc1ccccc1,ICFJFFQQTFMIBG-UHFFFAOYSA-N,205.13274547999998,0.026870000000000838,N=C(N=C(N)N)NCCc1ccccc1,BRD-K11399644,1.077908659,0.864907488,0.971408073,
11360587,O=C(C[C@H]1C=C[C@@H](NC(=O)Cc2ccccn2)[C@H](CO)O1)NCCCN1CCOCC1,JNAWISBSOJGFKT-AQNXPRMDSA-N,432.237270124,-0.3465999999999969,O=C(C[C@H]1C=C[C@@H](NC(=O)Cc2ccccn2)[C@H](CO)O1)NCCCN1CCOCC1,BRD-K11428617,0.959670579,1.132610992,1.046140786,
89423202,Clc1ccc(-c2cc[nH]n2)cc1,HLCXWJKNVWWWOF-UHFFFAOYSA-N,178.029775904,2.7301,Clc1ccc(-c2cc[nH]n2)cc1,BRD-K11428951,1.040914781,0.594908928,0.817911855,
51076866,C[C@H](CO)N1C[C@H](C)[C@@H](CN(C)C(=O)Cc2ccccn2)Oc2cc(C#C[C@@H](C)O)ccc2S1(=O)=O,NGIDYOSCADMKPS-UECWXEIQSA-N,515.2090067759999,1.2835999999999994,C[C@H]1CN([C@H](C)CO)S(=O)(=O)c2ccc(C#C[C@@H](C)O)cc2O[C@@H]1CN(C)C(=O)Cc1ccccn1,BRD-K11521009,0.985214317,0.896586927,0.940900622,
83739606,C[C@@H]1CN([C@@H](C)CO)S(=O)(=O)c2ccc(-c3ccc(F)cc3)cc2O[C@H]1CN(C)C(=O)C1CCOCC1,SQOMVNYVTKQJPF-WYEJZRMESA-N,534.2199860599999,3.146300000000001,C[C@@H](CO)N1C[C@@H](C)[C@H](CN(C)C(=O)C2CCOCC2)Oc2cc(-c3ccc(F)cc3)ccc2S1(=O)=O,BRD-K11583998,0.849266347,0.921656877,0.885461612,
64525259,O=C(C[C@H]1C[C@H]2c3cc(NS(=O)(=O)c4ccc(F)cc4)ccc3O[C@H]2[C@@H](CO)O1)NCC(F)(F)F,DPFZSMGFOOTGQF-JLGOVJKGSA-N,518.113470304,2.6895000000000007,O=C(C[C@H]1C[C@H]2c3cc(NS(=O)(=O)c4ccc(F)cc4)ccc3O[C@H]2[C@@H](CO)O1)NCC(F)(F)F,BRD-K11585276,1.122579319,1.102420969,1.112500144,
11309714,O=C(CCCCCCC(=O)Nc1ccc(C(=O)NCCOCCOCCNC(=O)c2ccc(NC(=O)CCCCCCC(=O)NO)cc2)cc1)NO,KKVYIHNTMYBDRK-UHFFFAOYSA-N,728.374491864,3.4486000000000026,O=C(CCCCCCC(=O)Nc1ccc(C(=O)NCCOCCOCCNC(=O)c2ccc(NC(=O)CCCCCCC(=O)NO)cc2)cc1)NO,BRD-K11601470,0.907124165,0.775361402,0.841242784,
55007883,COc1ccccc1CNC(=O)C[C@H]1CC[C@@H]2[C@H](COC[C@H](O)CN2C(=O)Nc2ccc(F)cc2)O1,ADXBMBRYFBFALA-AZKZNFPZSA-N,501.22751396399997,2.6820000000000004,COc1ccccc1CNC(=O)C[C@H]1CC[C@@H]2[C@H](COC[C@H](O)CN2C(=O)Nc2ccc(F)cc2)O1,BRD-K11604106,0.875079551,1.195213194,1.035146373,
10983649,CC(=O)N(C)CCc1ccc(C)[n+]([O-])c1,LTGFVOPKQATPOA-UHFFFAOYSA-N,208.121177752,0.6492199999999999,CC(=O)N(C)CCc1ccc(C)[n+]([O-])c1,BRD-K11649188,1.229173033,0.866081002,1.047627018,
14608671,COc1cccc(-c2cn(CC[C@H]3CC[C@@H](NC(=O)CN(C)C)[C@H](CO)O3)nn2)c1,KWVYROQUXUCXNL-POAQFYNOSA-N,417.23760447200004,0.9301000000000006,COc1cccc(-c2cn(CC[C@H]3CC[C@@H](NC(=O)CN(C)C)[C@H](CO)O3)nn2)c1,BRD-K11662217,1.051084212,1.196048976,1.123566594,
86989596,Nc1nonc1C(=O)NCc1ccco1,CWDKLVCAUWWROP-UHFFFAOYSA-N,208.059640116,0.17479999999999923,Nc1nonc1C(=O)NCc1ccco1,BRD-K11674985,0.700723638,0.99637404,0.848548839,
48838962,O=C(CN1CCOCC1)N[C@H]1CC[C@H](CCNS(=O)(=O)c2ccccc2F)O[C@H]1CO,OCKURQXTXDTUJZ-NJAFHUGGSA-N,459.1839348999999,-0.14899999999999775,O=C(CN1CCOCC1)N[C@H]1CC[C@H](CCNS(=O)(=O)c2ccccc2F)O[C@H]1CO,BRD-K11687039,1.017450701,1.275389144,1.146419923,
11082128,C[C@@H]1CCCCO[C@@H](CN(C)Cc2ccc3c(c2)OCO3)[C@H](C)CN([C@H](C)CO)C(=O)c2cc(NS(=O)(=O)c3cccs3)ccc2O1,BXTVDZFZASASBZ-XIZCIETRSA-N,687.2648074,5.205100000000006,C[C@@H]1CCCCO[C@@H](CN(C)Cc2ccc3c(c2)OCO3)[C@H](C)CN([C@H](C)CO)C(=O)c2cc(NS(=O)(=O)c3cccs3)ccc2O1,BRD-K11715228,0.974741125,0.688460741,0.831600933,
54778523,COc1ccccc1CNC(=O)C[C@@H]1C[C@H]2c3cc(NS(=O)(=O)c4ccc(F)cc4)ccc3O[C@H]2[C@H](CO)O1,CRNISVWSFUFTQR-YFRXONQNSA-N,556.167950488,3.3360000000000016,COc1ccccc1CNC(=O)C[C@@H]1C[C@H]2c3cc(NS(=O)(=O)c4ccc(F)cc4)ccc3O[C@H]2[C@H](CO)O1,BRD-K11724909,0.900814184,0.936907863,0.918861023,
21095553,COc1ccccc1NC(=O)N(C)C[C@H]1Oc2ncc(Br)cc2C(=O)N([C@H](C)CO)C[C@@H]1C,VHCWNMHMOJODGV-BXTJHSDWSA-N,520.132132128,3.2367000000000017,COc1ccccc1NC(=O)N(C)C[C@H]1Oc2ncc(Br)cc2C(=O)N([C@H](C)CO)C[C@@H]1C,BRD-K11763666,1.011235665,0.959599375,0.98541752,
50180070,O=C(CN1CCOCC1)N[C@H]1CC[C@H](CCNC(=O)C2CCCCC2)O[C@@H]1CO,IBHKVODCZBMBQZ-CEXWTWQISA-N,411.27332128399996,0.4299000000000029,O=C(CN1CCOCC1)N[C@H]1CC[C@H](CCNC(=O)C2CCCCC2)O[C@@H]1CO,BRD-K11794153,1.008464454,1.061011418,1.034737936,
97241581,NCC[C@H]1CC[C@@H](NC(=O)Cc2ccncc2)[C@@H](CO)O1,GLKCOTROISWSTI-MGPQQGTHSA-N,293.173941596,-0.002399999999999458,NCC[C@H]1CC[C@@H](NC(=O)Cc2ccncc2)[C@@H](CO)O1,BRD-K11836564,0.952974647,0.880404339,0.916689493,
13392129,C[C@@H]1CN([C@@H](C)CO)S(=O)(=O)c2ccc(C#CCN(C)C)cc2O[C@H]1CN(C)Cc1ccc(F)cc1,PUVHXTGJDAXKBG-SWYRRKHMSA-N,517.2410558519999,2.639400000000001,C[C@@H](CO)N1C[C@@H](C)[C@H](CN(C)Cc2ccc(F)cc2)Oc2cc(C#CCN(C)C)ccc2S1(=O)=O,BRD-K11848840,0.560348314,0.574498298,0.567423306,
49791961,O=c1occ(CO)c(O)c1CN1CCCCC1,HVJJEWRXCUORIP-UHFFFAOYSA-N,239.115758024,0.8236,O=c1occ(CO)c(O)c1CN1CCCCC1,BRD-K11851643,1.044738531,0.96913582,1.006937176,
41045121,C[C@H]1CN([C@@H](C)CO)S(=O)(=O)c2ccc(/C=C/c3ccccc3)cc2O[C@H]1CN(C)C(=O)CN1CCOCC1,BANHLTBDTXCVOB-WCYRKSIYSA-N,557.255956968,2.416200000000001,C[C@H]1CN([C@@H](C)CO)S(=O)(=O)c2ccc(/C=C/c3ccccc3)cc2O[C@H]1CN(C)C(=O)CN1CCOCC1,BRD-K11873306,0.967882676,0.816337892,0.892110284,
10873485,O=C(O)CCNC(=O)c1cccc([N+](=O)[O-])c1,HJXNWCCCIXFBND-UHFFFAOYSA-N,238.05897142,0.7992999999999999,O=C(O)CCNC(=O)c1cccc([N+](=O)[O-])c1,BRD-K11898811,1.126419149,1.202799002,1.164609075,
63459109,Cc1cc(=O)[nH]c(=S)[nH]1,HWGBHCRJGXAGEU-UHFFFAOYSA-N,142.020083812,0.74091,Cc1cc(=O)[nH]c(=S)[nH]1,BRD-K11900042,1.185627893,1.126382669,1.156005281,
77369098,Nc1ccc(-n2cccc2)cc1Cl,VAXOFHLUZHADSD-UHFFFAOYSA-N,192.045425968,2.712900000000001,Nc1ccc(-n2cccc2)cc1Cl,BRD-K11900476,0.9933277,0.902363188,0.947845444,
94814774,Cc1cccc(S(=O)(=O)N2C[C@@H](O)COC[C@H]3O[C@@H](CC(=O)N4CCN(C)CC4)CC[C@@H]32)c1,RBZOJTJOYAMFNL-KRXUUXHPSA-N,481.22465684,0.4571200000000033,Cc1cccc(S(=O)(=O)N2C[C@@H](O)COC[C@H]3O[C@@H](CC(=O)N4CCN(C)CC4)CC[C@@H]32)c1,BRD-K11940387,1.160205951,0.793672193,0.976939072,
81963928,C[C@H](CO)N1C[C@H](C)[C@H](CN(C)C(=O)C2CCCCC2)Oc2cc(-c3cncnc3)ccc2S1(=O)=O,JHVMXPAASGDEJW-GLDPYIMESA-N,516.240641252,2.9509000000000007,C[C@H]1CN([C@H](C)CO)S(=O)(=O)c2ccc(-c3cncnc3)cc2O[C@H]1CN(C)C(=O)C1CCCCC1,BRD-K11968295,0.955489048,0.996320203,0.975904626,
31797317,CCC(=O)NO,RSIPQHOWTCNEBI-UHFFFAOYSA-N,89.047678464,-0.09819999999999995,CCC(=O)NO,BRD-K11984358,0.982542972,0.845730673,0.914136822,
10290044,C[C@H]1CN([C@@H](C)CO)C(=O)CCCn2nncc2CO[C@@H]1CN(C)C(=O)Oc1cccc2ccccc12,WIMCLPXWPPGBKL-ZYLNGJIFSA-N,509.26381921999996,3.0866000000000007,C[C@H]1CN([C@@H](C)CO)C(=O)CCCn2nncc2CO[C@@H]1CN(C)C(=O)Oc1cccc2ccccc12,BRD-K11992628,1.003606748,0.971608684,0.987607716,
55376283,COCC#Cc1cnc2c(c1)C(=O)N([C@H](C)CO)C[C@H](C)[C@H](CN(C)S(=O)(=O)c1ccccc1)O2,UQZSZBSQRCHQML-YYDVJCTNSA-N,501.19335671199997,1.6202999999999996,COCC#Cc1cnc2c(c1)C(=O)N([C@H](C)CO)C[C@H](C)[C@H](CN(C)S(=O)(=O)c1ccccc1)O2,BRD-K11997722,1.026393947,1.111294674,1.06884431,
83530996,O=[N+]([O-])c1ccc(/C=C/CN(C/C=C/c2ccc([N+](=O)[O-])cc2)CCNS(=O)(=O)c2cccc3cnccc23)cc1,ZFWXDAQJKSDSHP-UHFFFAOYSA-N,573.1682045839999,5.0583000000000045,O=[N+]([O-])c1ccc(/C=C/CN(C/C=C/c2ccc([N+](=O)[O-])cc2)CCNS(=O)(=O)c2cccc3cnccc23)cc1,BRD-K12072424,0.955981082,0.728305353,0.842143218,
91264003,COc1cc(C)nc(SCC(N)=O)n1,JSAKXVRQXAMYQQ-UHFFFAOYSA-N,213.057197592,0.37102,COc1cc(C)nc(SCC(N)=O)n1,BRD-K12080982,0.965418741,0.7786726,0.872045671,
42903551,Cc1ccc2c(c1)c1nc3ccccc3nc1n2Cc1ccccc1,LVXPELXVRFOFKQ-UHFFFAOYSA-N,323.14224754400004,5.094420000000004,Cc1ccc2c(c1)c1nc3ccccc3nc1n2Cc1ccccc1,BRD-K12104350,1.178276459,0.870648852,1.024462656,
11374335,Cc1ccc(S(=O)(=O)N2C[C@H](O)COC[C@@H]3O[C@@H](CC(=O)N[C@H]4CCN(Cc5ccccc5)C4)CC[C@H]32)cc1,BKAMLTSXUMOSCF-VALUDDIPSA-N,557.255956968,2.0738200000000004,Cc1ccc(S(=O)(=O)N2C[C@H](O)COC[C@@H]3O[C@@H](CC(=O)N[C@H]4CCN(Cc5ccccc5)C4)CC[C@H]32)cc1,BRD-K12117129,0.956944522,0.963314812,0.960129667,
29793762,C[C@H]1CN([C@@H](C)CO)C(=O)c2cc(-c3cccc(C(=O)N(C)C)c3)cnc2O[C@H]1CN(C)S(=O)(=O)c1cccc(F)c1,QVNQHTMXBCFPJC-OSOCVKALSA-N,598.2261340599999,3.130300000000002,C[C@H]1CN([C@@H](C)CO)C(=O)c2cc(-c3cccc(C(=O)N(C)C)c3)cnc2O[C@H]1CN(C)S(=O)(=O)c1cccc(F)c1,BRD-K12128009,1.125462016,1.171178715,1.148320365,
73961568,Nc1ccc(OCC(=O)N2CCOCC2)cc1,WGXAEWROXXXTPJ-UHFFFAOYSA-N,236.116092372,0.5063999999999997,Nc1ccc(OCC(=O)N2CCOCC2)cc1,BRD-K12135689,1.180315147,0.857135495,1.018725321,
57252300,CN(C)/C=C/C(=S)c1cccs1,MBSHHNIEQIPWMI-UHFFFAOYSA-N,197.033291352,2.541400000000001,CN(C)/C=C/C(=S)c1cccs1,BRD-K12151048,1.045753143,0.914435021,0.980094082,
45922451,Cc1cc(C(=O)O)c(=O)[nH]c1C,RRZTUQQCXRBPRG-UHFFFAOYSA-N,167.058243148,0.68994,Cc1cc(C(=O)O)c(=O)[nH]c1C,BRD-K12160138,1.232874459,0.972637364,1.102755911,
19282152,O=C(C[C@H]1C=C[C@H](NC(=O)c2cccnc2)[C@H](CO)O1)NCc1ccncn1,IRXKKCPKACPSJV-IKGGRYGDSA-N,383.1593541520001,-0.007599999999999385,O=C(C[C@H]1C=C[C@H](NC(=O)c2cccnc2)[C@H](CO)O1)NCc1ccncn1,BRD-K12168662,0.949517612,0.868384212,0.908950912,
10490129,CC(C)(C)c1ccc(CSCc2nc3ccccc3[nH]2)cc1,NTPDQNCVTCRXMF-UHFFFAOYSA-N,310.150369704,5.2938000000000045,CC(C)(C)c1ccc(CSCc2nc3ccccc3[nH]2)cc1,BRD-K12172087,1.019145807,0.955119154,0.98713248,
10643509,O=C(C[C@H]1C=C[C@H](NC(=O)CN2CCOCC2)[C@H](CO)O1)NCc1cccc(F)c1,YBKWUZNDQMZJNP-QYZOEREBSA-N,421.201299216,-0.03509999999999791,O=C(C[C@H]1C=C[C@H](NC(=O)CN2CCOCC2)[C@H](CO)O1)NCc1cccc(F)c1,BRD-K12188384,1.028177258,1.068732466,1.048454862,
22417989,CCn1c2c(c3cc(C4CCCCC4)ccc31)CCC/C2=N\O,KGZXNPMIZLNMAR-UHFFFAOYSA-N,310.20451345199996,5.223500000000005,CCn1c2c(c3cc(C4CCCCC4)ccc31)CCC/C2=N\O,BRD-K12197770,1.321927491,1.104647205,1.213287348,
34686585,COC(=O)CCCCCCC(=O)N/N=C/[C@H](O)[C@H](O)[C@@H](O)[C@H](C)O,ORUZXJQMFCLFHG-GVARAGBVSA-N,348.1896512359999,-0.934499999999999,COC(=O)CCCCCCC(=O)N/N=C/[C@H](O)[C@H](O)[C@@H](O)[C@H](C)O,BRD-K12218932,0.999634077,1.238816125,1.119225101,
37177646,Cc1cc(C)n(C(N)=S)n1,UUYLYTKDJRJZFC-UHFFFAOYSA-N,155.051718288,0.59164,Cc1cc(C)n(C(N)=S)n1,BRD-K12255190,0.904156001,1.026251005,0.965203503,
63851775,COC(=O)c1cn(-c2cccc(N)c2)nn1,ODJXAOSGBXOSSI-UHFFFAOYSA-N,218.08037556,0.6360999999999998,COC(=O)c1cn(-c2cccc(N)c2)nn1,BRD-K12266212,1.109956971,1.066748341,1.088352656,
82081941,O=C(C[C@@H]1CC[C@@H]2[C@H](COC[C@@H](O)CN2C(=O)Nc2cccc(Cl)c2)O1)NCc1ccccc1F,QSKFIJGPRYPTIO-RLBLXZPPSA-N,505.177976928,3.3268000000000013,O=C(C[C@@H]1CC[C@@H]2[C@H](COC[C@@H](O)CN2C(=O)Nc2cccc(Cl)c2)O1)NCc1ccccc1F,BRD-K12277308,1.027498049,0.988089004,1.007793526,
85427130,Cc1ccccc1S(=O)(=O)N1C[C@H](O)COC[C@H]2O[C@H](CC(=O)N3CCN(C)CC3)CC[C@@H]21,AEYAMMVRWLJFNH-XSDIEEQYSA-N,481.22465684,0.4571200000000024,Cc1ccccc1S(=O)(=O)N1C[C@H](O)COC[C@H]2O[C@H](CC(=O)N3CCN(C)CC3)CC[C@@H]21,BRD-K12279187,1.102225764,0.82579918,0.964012472,
23121902,CN(C)CCCNC(=O)C[C@H]1CC[C@@H](NS(=O)(=O)c2ccccc2)[C@H](CO)O1,VWGNZTZPWKEFLR-NXHRZFHOSA-N,413.198442092,0.3314000000000031,CN(C)CCCNC(=O)C[C@H]1CC[C@@H](NS(=O)(=O)c2ccccc2)[C@H](CO)O1,BRD-K12294206,0.936142841,1.127348443,1.031745642,
35479771,NCC[C@H]1CC[C@H](NC(=O)C2CCCCC2)[C@H](CO)O1,LUJHAHFAVUKRFR-RDBSUJKOSA-N,284.209992756,0.9401999999999995,NCC[C@H]1CC[C@H](NC(=O)C2CCCCC2)[C@H](CO)O1,BRD-K12294813,0.948532692,0.766444722,0.857488707,
12274373,COCC#Cc1ccc2c(c1)O[C@H](CN(C)C(=O)c1ccccc1F)[C@H](C)CN([C@@H](C)CO)S2(=O)=O,KBQBGAWQEUXRRY-YDIMBITNSA-N,518.1886859319999,2.364400000000001,COCC#Cc1ccc2c(c1)O[C@H](CN(C)C(=O)c1ccccc1F)[C@H](C)CN([C@@H](C)CO)S2(=O)=O,BRD-K12342216,1.093147091,1.022588478,1.057867784,
92075373,C=C1C=[N+]([O-])N(c2ccc(C(=O)O)cc2)N1,DSCYICBDOOQLGW-UHFFFAOYSA-N,219.064391148,0.7191999999999998,C=C1C=[N+]([O-])N(c2ccc(C(=O)O)cc2)N1,BRD-K12347712,1.035859058,0.888324456,0.962091757,
15952704,Nc1cnn(-c2ccccc2)c(=O)c1N,XNWURESDBWUGQA-UHFFFAOYSA-N,202.08546094,0.39690000000000014,Nc1cnn(-c2ccccc2)c(=O)c1N,BRD-K12382136,1.067501113,0.640182476,0.853841795,
11297745,CC(C)CC#Cc1ccc2c(c1)O[C@@H](CN(C)S(=O)(=O)c1cccc(F)c1)[C@H](C)CN([C@@H](C)CO)S2(=O)=O,ZRGAWVIUTGDVOZ-SWYRRKHMSA-N,566.19205706,3.312600000000002,CC(C)CC#Cc1ccc2c(c1)O[C@@H](CN(C)S(=O)(=O)c1cccc(F)c1)[C@H](C)CN([C@@H](C)CO)S2(=O)=O,BRD-K12460825,1.28038791,1.330316748,1.305352329,
17249686,CO[C@@H]1CN(C)C(=O)c2ccc(NC(=O)C3CC3)cc2OC[C@H](C)N(C(=O)C2CCOCC2)C[C@H]1C,ASSVLOKWLPHVBU-NXMSCROESA-N,501.283885968,2.7943,CO[C@@H]1CN(C)C(=O)c2ccc(NC(=O)C3CC3)cc2OC[C@H](C)N(C(=O)C2CCOCC2)C[C@H]1C,BRD-K12466594,1.153990796,1.163272366,1.158631581,
75263475,C[C@H](CO)N1C[C@H](C)[C@@H](CN(C)C(=O)Cc2ccncc2)Oc2cc(C#CC3(O)CCCC3)ccc2S1(=O)=O,QKGFYTRNDUTRSH-VVZHRXSXSA-N,555.240306904,2.2078999999999995,C[C@H]1CN([C@H](C)CO)S(=O)(=O)c2ccc(C#CC3(O)CCCC3)cc2O[C@@H]1CN(C)C(=O)Cc1ccncc1,BRD-K12469269,0.972536817,0.968818195,0.970677506,
98047145,O=C1NCC2(CNC2)O1,JOSUSMBJSISVHN-UHFFFAOYSA-N,128.058577496,-0.9318,O=C1NCC2(CNC2)O1,BRD-K12479538,0.941210434,1.006454743,0.973832589,
85540536,O=C(C1=C[C@H](c2ccc(C(F)(F)F)cc2)C[C@H](OCc2ccc(CO)cc2)O1)N1CCN(Cc2ccccc2)CC1,CUADRWDCEMJIGI-BHBYDHKZSA-N,566.2392421960001,5.472800000000006,O=C(C1=C[C@H](c2ccc(C(F)(F)F)cc2)C[C@H](OCc2ccc(CO)cc2)O1)N1CCN(Cc2ccccc2)CC1,BRD-K12491879,0.849667749,1.025760964,0.937714356,
21774335,COc1ccccc1C#Cc1cnc2c(c1)C(=O)N([C@H](C)CO)C[C@@H](C)[C@@H](CN(C)C(=O)CC1CC1)O2,RLLHPTHGWLDQLP-XMERXJNXSA-N,505.25767121999996,2.9686000000000012,COc1ccccc1C#Cc1cnc2c(c1)C(=O)N([C@H](C)CO)C[C@@H](C)[C@@H](CN(C)C(=O)CC1CC1)O2,BRD-K12497786,0.804190801,0.77463129,0.789411045,
11210127,C[C@@H]1CN([C@@H](C)CO)S(=O)(=O)c2ccc(C#CCC3CCCC3)cc2O[C@H]1CN(C)C(=O)c1cnccn1,IVUSNLXISHLOEW-SWYRRKHMSA-N,540.2406412519999,2.9492000000000003,C[C@@H](CO)N1C[C@@H](C)[C@H](CN(C)C(=O)c2cnccn2)Oc2cc(C#CCC3CCCC3)ccc2S1(=O)=O,BRD-K12513087,0.585589931,0.755249195,0.670419563,
60476280,C(=C/c1ccncc1)\c1ccncc1,MGFJDEHFNMWYBD-UHFFFAOYSA-N,182.08439832,2.647000000000001,C(=C/c1ccncc1)\c1ccncc1,BRD-K12520625,1.032718499,0.727791404,0.880254951,
25329524,O=C(NCC[C@H]1CC[C@H](NS(=O)(=O)c2cccc(F)c2)[C@H](CO)O1)C1CC1,UXNIMKIHWHNNEY-PVAVHDDUSA-N,400.14682111999997,0.9287999999999994,O=C(NCC[C@H]1CC[C@H](NS(=O)(=O)c2cccc(F)c2)[C@H](CO)O1)C1CC1,BRD-K12524155,1.104956141,1.093076573,1.099016357,
10123924,COc1ccccc1S(=O)(=O)N[C@H]1C=C[C@@H](CC(=O)N2CCN(C)CC2)O[C@H]1CO,OIFSUGNMWMWWCG-BQFCYCMXSA-N,439.177706648,-0.17789999999999812,COc1ccccc1S(=O)(=O)N[C@H]1C=C[C@@H](CC(=O)N2CCN(C)CC2)O[C@H]1CO,BRD-K12534020,0.875298407,1.123948941,0.999623674,
41740533,O=C(C[C@H]1C=C[C@H](NC(=O)CN2CCOCC2)[C@H](CO)O1)NCCc1ccccc1,FVKHACKHNWQLTD-AABGKKOBSA-N,417.226371092,-0.13169999999999638,O=C(C[C@H]1C=C[C@H](NC(=O)CN2CCOCC2)[C@H](CO)O1)NCCc1ccccc1,BRD-K12547353,1.084725368,0.813220558,0.948972963,
10726263,O=C(N/N=C/[C@H](O)[C@@H](O)[C@H](O[C@@H]1O[C@H](CO)[C@H](O)[C@H](O)[C@H]1O)[C@H](O)CO)c1ccccn1,WQANAEQINWOJIN-DXGVBJAQSA-N,461.164558684,-4.942699999999991,O=C(N/N=C/[C@H](O)[C@@H](O)[C@H](O[C@@H]1O[C@H](CO)[C@H](O)[C@H](O)[C@H]1O)[C@H](O)CO)c1ccccn1,BRD-K12568021,1.019953032,0.997636375,1.008794703,
41695710,Cc1ccc(CN2CCN(CCO)CC2)o1,XLWQHDMTTMOXGN-UHFFFAOYSA-N,224.15247788,0.6979199999999999,Cc1ccc(CN2CCN(CCO)CC2)o1,BRD-K12623386,1.046513306,0.886868072,0.966690689,
68441763,Cc1nccc2c1[nH]c1ccccc12,PSFDQSOCUJVVGF-UHFFFAOYSA-N,182.08439832,3.0245200000000008,Cc1nccc2c1[nH]c1ccccc12,BRD-K12630395,0.55065142,0.512423875,0.531537647,
30388100,NNC(=O)c1cccc(Cn2cccn2)c1,PSAGHLCDYDAZJV-UHFFFAOYSA-N,216.101111004,0.5348999999999988,NNC(=O)c1cccc(Cn2cccn2)c1,BRD-K12638018,1.16864216,1.045515904,1.107079032,
21373723,NCCCCCNC(=O)[C@H]1C[C@H]2C(=O)NCC(=O)N2[C@H]1c1cccc(OCCO)c1,NTSDWNFNSJHUNM-LNLFQRSKSA-N,418.2216200599999,-0.30909999999999743,NCCCCCNC(=O)[C@H]1C[C@H]2C(=O)NCC(=O)N2[C@H]1c1cccc(OCCO)c1,BRD-K12640401,1.080587378,1.076278747,1.078433062,
33844484,CCCC#Cc1ccc2c(c1)O[C@@H](CN(C)Cc1ccc3c(c1)OCO3)[C@H](C)CN([C@@H](C)CO)S2(=O)=O,ZBCREHINDTUCBX-BUEREQSYSA-N,528.2294078719999,3.4675000000000025,CCCC#Cc1ccc2c(c1)O[C@@H](CN(C)Cc1ccc3c(c1)OCO3)[C@H](C)CN([C@@H](C)CO)S2(=O)=O,BRD-K12645374,1.146303969,1.143421229,1.144862599,
77774731,CN(C)Cc1cn(CC[C@@H]2CC[C@H](NS(=O)(=O)c3ccccc3)[C@@H](CO)O2)nn1,QPXYBLAGGYOKBH-YTQUADARSA-N,423.194025408,0.6168000000000005,CN(C)Cc1cn(CC[C@@H]2CC[C@H](NS(=O)(=O)c3ccccc3)[C@@H](CO)O2)nn1,BRD-K12646520,0.994337393,1.120688866,1.05751313,
70674728,O=C(C[C@@H]1CC[C@@H]2[C@H](COC[C@@H](O)CN2C(=O)Nc2ccc3c(c2)OCO3)O1)N1CCN(c2ccccc2)CC1,AKSBFUUFZOTOGB-LUFNOOMBSA-N,552.258399492,2.2954,O=C(C[C@@H]1CC[C@@H]2[C@H](COC[C@@H](O)CN2C(=O)Nc2ccc3c(c2)OCO3)O1)N1CCN(c2ccccc2)CC1,BRD-K12661422,1.012015138,1.192009971,1.102012555,
10189283,NNC(=O)CCCCC(=O)NO,YVMNNEQBFHFUCV-UHFFFAOYSA-N,175.095691276,-0.9578999999999998,NNC(=O)CCCCC(=O)NO,BRD-K12661689,1.047611824,0.957704315,1.00265807,
25248957,NNC(=O)Cc1nc2ccccc2[nH]1,AAQMWDANTBEUPJ-UHFFFAOYSA-N,190.08546094,0.09529999999999955,NNC(=O)Cc1nc2ccccc2[nH]1,BRD-K12683082,0.859879522,0.578779746,0.719329634,
85562834,C[C@H]1CN([C@@H](C)CO)C(=O)c2cc(C#Cc3ccccc3F)cnc2O[C@@H]1CN(C)C(=O)Cc1cccnc1,RNOCUFYUPTYINE-NOMHHCBYSA-N,530.2329336920001,2.936700000000002,C[C@H]1CN([C@@H](C)CO)C(=O)c2cc(C#Cc3ccccc3F)cnc2O[C@@H]1CN(C)C(=O)Cc1cccnc1,BRD-K12708589,0.916071303,0.876817057,0.89644418,
34976145,O=C(CN1CCOCC1)N[C@@H]1CC[C@@H](CCNC(=O)C2CCC2)O[C@H]1CO,CARWJPWJJJMDHW-BBWFWOEESA-N,383.24202115599996,-0.3502999999999962,O=C(CN1CCOCC1)N[C@@H]1CC[C@@H](CCNC(=O)C2CCC2)O[C@H]1CO,BRD-K12718908,1.015622171,0.943155274,0.979388722,
50394995,CCNC(=S)NCC1CC1,IWNFOYILYFRZCM-UHFFFAOYSA-N,158.087769448,0.8804,CCNC(=S)NCC1CC1,BRD-K12737073,1.108520219,1.092189848,1.100355033,
85652433,COCC#Cc1ccc2c(c1)O[C@H](CN(C)Cc1ccc(F)cc1)[C@H](C)CN([C@H](C)CO)S2(=O)=O,ZCWARIVHRGPGGB-UMEGOILYSA-N,504.209421376,2.724200000000002,COCC#Cc1ccc2c(c1)O[C@H](CN(C)Cc1ccc(F)cc1)[C@H](C)CN([C@H](C)CO)S2(=O)=O,BRD-K12755106,0.602283178,0.828587969,0.715435573,
13933685,CO[C@@H](CN(C)C(=O)Nc1ccc(C(F)(F)F)cc1)[C@@H](C)CN(Cc1ccccc1Cl)[C@@H](C)CO,NINYSMYJRLQSCV-BSRJHKFKSA-N,515.216254256,5.3566000000000065,CO[C@@H](CN(C)C(=O)Nc1ccc(C(F)(F)F)cc1)[C@@H](C)CN(Cc1ccccc1Cl)[C@@H](C)CO,BRD-K12767001,0.624159551,0.570930024,0.597544788,
77471714,C[C@@H]1CN([C@H](C)CO)S(=O)(=O)c2ccc(-c3cccc(F)c3)cc2O[C@H]1CN(C)S(C)(=O)=O,DKOVWVASQXGVPX-ZOCZFRKYSA-N,500.14510686799997,2.1527000000000003,C[C@@H]1CN([C@H](C)CO)S(=O)(=O)c2ccc(-c3cccc(F)c3)cc2O[C@H]1CN(C)S(C)(=O)=O,BRD-K12847669,1.123789827,0.962493644,1.043141735,
11013780,O=C(CCCCCC(=O)N/N=C/[C@@H](O)[C@H](O)[C@H](O)CO)NO,BZWUZVJIJFJFRH-LNLATYFQSA-N,321.15360007600003,-2.380699999999998,O=C(CCCCCC(=O)N/N=C/[C@@H](O)[C@H](O)[C@H](O)CO)NO,BRD-K12848249,0.887759054,0.983971571,0.935865312,
18492843,CC(C)C[C@H](N)C(=O)O,ROHFNLRQFUQHCH-YFKPBYRVSA-N,131.094628656,0.44439999999999996,CC(C)C[C@H](N)C(=O)O,BRD-K12853841,0.779289515,0.920146517,0.849718016,
10558177,COc1ccc2[nH]c(=O)[nH]c(=O)c2c1,KAYIYDVQBAPJIU-UHFFFAOYSA-N,192.053492116,0.2250000000000001,COc1ccc2[nH]c(=O)[nH]c(=O)c2c1,BRD-K12861366,1.044527948,0.638466586,0.841497267,
61209939,O=C(Cc1ccncc1)Nc1ccc2c(c1)[C@@H]1C[C@@H](CC(=O)N3CCc4ccccc4C3)O[C@@H](CO)[C@@H]1O2,ZUSAVEKAEPAMKG-BKVCSMAQSA-N,513.2263710919999,3.2322000000000015,O=C(Cc1ccncc1)Nc1ccc2c(c1)[C@@H]1C[C@@H](CC(=O)N3CCc4ccccc4C3)O[C@@H](CO)[C@@H]1O2,BRD-K12868556,1.022114541,0.915786883,0.968950712,
36778977,O=C(C[C@H]1C=C[C@H](NC(=O)CN2CCOCC2)[C@H](CO)O1)NC1CCC1,SRCKIDNRSVGBQD-PMPSAXMXSA-N,367.210721028,-0.821899999999997,O=C(C[C@H]1C=C[C@H](NC(=O)CN2CCOCC2)[C@H](CO)O1)NC1CCC1,BRD-K12897602,0.903323693,1.198111969,1.050717831,
31375191,Cc1ccc2c(CCN)c(C)n(C)c2c1,MBFNFXHZJGOOJO-UHFFFAOYSA-N,202.146998576,2.2963400000000007,Cc1ccc2c(CCN)c(C)n(C)c2c1,BRD-K12931872,0.969051282,1.02522784,0.997139561,
48065834,Cc1cc([N+](=O)[O-])nn1CC(=O)N1CCOCC1,CTTLAGYEYKFRPY-UHFFFAOYSA-N,254.101504928,-0.04148000000000018,Cc1cc([N+](=O)[O-])nn1CC(=O)N1CCOCC1,BRD-K12946114,1.002089486,0.946883373,0.97448643,
11321421,CN(C)CCCNC(=O)C[C@H]1CC[C@H](NS(=O)(=O)c2ccccc2)[C@H](CO)O1,VWGNZTZPWKEFLR-NJAFHUGGSA-N,413.198442092,0.3314000000000031,CN(C)CCCNC(=O)C[C@H]1CC[C@H](NS(=O)(=O)c2ccccc2)[C@H](CO)O1,BRD-K12960161,1.045256788,0.983890906,1.014573847,
75131608,NC(=O)Nc1nc2ccccc2[nH]c1=O,QWVNKKUDJNBDRJ-UHFFFAOYSA-N,204.064725496,0.41370000000000007,NC(=O)Nc1nc2ccccc2[nH]c1=O,BRD-K12961310,0.881192121,0.977359873,0.929275997,
62282607,N#CC(c1ccccc1)c1ccccc1,NEBPTMCRLHKPOB-UHFFFAOYSA-N,193.089149352,3.342080000000002,N#CC(c1ccccc1)c1ccccc1,BRD-K12971880,0.718349502,0.632697583,0.675523542,
66417087,O=C(CN1CCOCC1)N[C@@H]1CC[C@H](CCNC(=O)C2CCCCC2)O[C@@H]1CO,IBHKVODCZBMBQZ-GUDVDZBRSA-N,411.27332128399996,0.4299000000000029,O=C(CN1CCOCC1)N[C@@H]1CC[C@H](CCNC(=O)C2CCCCC2)O[C@@H]1CO,BRD-K12971972,0.991522962,1.091416953,1.041469958,
10198635,O=C(Nc1ccccc1)Nc1ccc(Nc2ccccc2)cc1,OTWRTYVZRQVRKX-UHFFFAOYSA-N,303.137162164,5.074200000000003,O=C(Nc1ccccc1)Nc1ccc(Nc2ccccc2)cc1,BRD-K13052650,1.140997249,1.344162248,1.242579748,
49370779,COC(=O)c1c2oc(c1C(=O)OC)C(=O)N[C@@H](Cc1ccccc1)Cn1cc(nn1)CNC(=O)[C@@H](Cc1ccccc1)NC(=O)N[C@@H](CO)CCc1oc(c(C(=O)OC)c1C(=O)OC)C(=O)N[C@@H](Cc1ccccc1)Cn1cc(nn1)CNC(=O)[C@@H](Cc1ccccc1)NC(=O)N[C@@H](CO)CC2,CSYMMZOZURJAQL-CWQQAHPSSA-N,1402.5618516559998,2.6388000000000114,COC(=O)c1c2oc(c1C(=O)OC)C(=O)N[C@@H](Cc1ccccc1)Cn1cc(nn1)CNC(=O)[C@@H](Cc1ccccc1)NC(=O)N[C@@H](CO)CCc1oc(c(C(=O)OC)c1C(=O)OC)C(=O)N[C@@H](Cc1ccccc1)Cn1cc(nn1)CNC(=O)[C@@H](Cc1ccccc1)NC(=O)N[C@@H](CO)CC2,BRD-K13077094,0.776917888,1.072173245,0.924545566,
71346880,O=CN1CCN(C(=O)c2ccccc2)CC1,JBDXTNLTELFZEP-UHFFFAOYSA-N,218.105527688,0.6007999999999996,O=CN1CCN(C(=O)c2ccccc2)CC1,BRD-K13079064,1.05598977,1.112875117,1.084432444,
81780348,COC(=O)C1=CO[C@@H](O[C@@H]2O[C@H](CO)[C@@H](O)[C@H](O)[C@H]2O)/C(=C\CO)[C@@H]1CC(=O)OCCc1ccc(O)cc1,AHTRGGWSBFOEEG-JSTGBQKGSA-N,540.1842910839999,-1.3673999999999977,COC(=O)C1=CO[C@@H](O[C@@H]2O[C@H](CO)[C@@H](O)[C@H](O)[C@H]2O)/C(=C\CO)[C@@H]1CC(=O)OCCc1ccc(O)cc1,BRD-K13136251,0.742558347,0.858816115,0.800687231,
47622321,O=C(N/N=C/[C@H](O)[C@@H](O)[C@H](O)CO)c1ccccc1O,ZLFSQPGPNXCPPK-HBNTYKKESA-N,284.100836232,-1.8171999999999997,O=C(N/N=C/[C@H](O)[C@@H](O)[C@H](O)CO)c1ccccc1O,BRD-K13154818,0.931532285,0.801922754,0.866727519,
91356594,O=C(C[C@H]1C=C[C@@H](NC(=O)Nc2ccc3c(c2)OCO3)[C@H](CO)O1)NCCCN1CCOCC1,NKCHGUWBEWYPSZ-OPYAIIAOSA-N,476.22709936399997,0.44990000000000063,O=C(C[C@H]1C=C[C@@H](NC(=O)Nc2ccc3c(c2)OCO3)[C@H](CO)O1)NCCCN1CCOCC1,BRD-K13162802,1.205937803,0.930917146,1.068427474,
11227517,COc1ccc(NC(=O)Nc2ccc3c(c2)[C@@H]2C[C@@H](CC(=O)NCc4ccccn4)O[C@@H](CO)[C@@H]2O3)cc1,FWDZHOQSJMEDFJ-NTYBTQPHSA-N,518.21653468,3.435100000000001,COc1ccc(NC(=O)Nc2ccc3c(c2)[C@@H]2C[C@@H](CC(=O)NCc4ccccn4)O[C@@H](CO)[C@@H]2O3)cc1,BRD-K13185593,0.933922787,0.900306693,0.91711474,
10515430,CC(C)[Si](C#C[Si](C(C)C)(C(C)C)C(C)C)(O[C@H](C)c1cn([C@H](CO)Cc2ccccc2)nn1)C(C)C,QLKLIUJNSLECDA-PXJZQJOASA-N,541.3519809320001,7.6579000000000095,CC(C)[Si](C#C[Si](C(C)C)(C(C)C)C(C)C)(O[C@H](C)c1cn([C@H](CO)Cc2ccccc2)nn1)C(C)C,BRD-K13226714,0.950215161,0.838739408,0.894477285,
10304870,NCC[C@H]1CC[C@@H](NC(=O)C2CCCC2)[C@@H](CO)O1,PPUDITRYCHNXLX-JHJVBQTASA-N,270.194342692,0.5500999999999996,NCC[C@H]1CC[C@@H](NC(=O)C2CCCC2)[C@@H](CO)O1,BRD-K13233518,1.173674695,0.968218754,1.070946725,
19672769,O=C(C[C@@H]1CC[C@H]2[C@@H](COC[C@H](O)CN2C(=O)C2CC2)O1)NCc1ccncc1,NUQLFHMRZBUOFG-YDZRNGNQSA-N,403.210721028,0.6338000000000008,O=C(C[C@@H]1CC[C@H]2[C@@H](COC[C@H](O)CN2C(=O)C2CC2)O1)NCc1ccncc1,BRD-K13274470,0.78419737,0.925875494,0.855036432,
38459675,O=C(CN1CCOCC1)N[C@H]1CC[C@H](CCNC(=O)C2CCC2)O[C@@H]1CO,CARWJPWJJJMDHW-IXDOHACOSA-N,383.24202115599996,-0.3502999999999962,O=C(CN1CCOCC1)N[C@H]1CC[C@H](CCNC(=O)C2CCC2)O[C@@H]1CO,BRD-K13275849,1.174316666,1.177238997,1.175777831,
93416995,COc1ccc([Si](C)(C)[C@H]2[C@H](CCn3cc(CCO)nn3)O[C@@]3(C(=O)N(C)c4ccccc43)[C@@H]2C)cc1,KAQTYLMTUSTTOD-IXPOFHIQSA-N,520.250582162,3.1042000000000005,COc1ccc([Si](C)(C)[C@H]2[C@H](CCn3cc(CCO)nn3)O[C@@]3(C(=O)N(C)c4ccccc43)[C@@H]2C)cc1,BRD-K13294755,0.833579208,0.86922015,0.851399679,
10215596,O=C(CN1CCOCC1)N[C@@H]1CC[C@H](CCNC(=O)C2CCC2)O[C@@H]1CO,CARWJPWJJJMDHW-BRWVUGGUSA-N,383.24202115599996,-0.3502999999999962,O=C(CN1CCOCC1)N[C@@H]1CC[C@H](CCNC(=O)C2CCC2)O[C@@H]1CO,BRD-K13299591,1.088189921,0.916144285,1.002167103,
27697380,C[C@@H]1CCCCO[C@@H](CN(C)Cc2ccc3c(c2)OCO3)[C@@H](C)CN([C@H](C)CO)C(=O)c2cc(NS(=O)(=O)c3cccs3)ccc2O1,BXTVDZFZASASBZ-BSFYYBBGSA-N,687.2648074,5.205100000000005,C[C@H]1CN([C@H](C)CO)C(=O)c2cc(NS(=O)(=O)c3cccs3)ccc2O[C@H](C)CCCCO[C@H]1CN(C)Cc1ccc2c(c1)OCO2,BRD-K13318275,1.003563639,1.10887108,1.056217359,
76790897,C[C@@H]1CN([C@H](C)CO)S(=O)(=O)c2ccc(C#CC(C)(C)O)cc2O[C@H]1CN(C)C(=O)CN(C)C,QRXMTQJSRFMEAJ-OPYAIIAOSA-N,495.24030690399997,0.5976000000000021,C[C@@H]1CN([C@H](C)CO)S(=O)(=O)c2ccc(C#CC(C)(C)O)cc2O[C@H]1CN(C)C(=O)CN(C)C,BRD-K13355247,0.867391137,0.603863268,0.735627203,
84299221,CC(=O)/N=c1\sc(S(N)(=O)=O)nn1C,FLOSMHQXBMRNHR-UHFFFAOYSA-N,236.003782116,-1.4237999999999997,CC(=O)/N=c1\sc(S(N)(=O)=O)nn1C,BRD-K13356952,0.81847993,0.987888735,0.903184332,
10036918,CCc1nnc(SCC(=O)O)n1N,UDDXUXLPHVIUHQ-UHFFFAOYSA-N,202.05244656,-0.2689999999999998,CCc1nnc(SCC(=O)O)n1N,BRD-K13394555,1.260319035,1.016757596,1.138538315,
72679220,O=C(NCCO)c1nc(NCCO)c2ccccc2n1,UQFZCMAEBJKJSB-UHFFFAOYSA-N,276.122240372,-0.24390000000000045,O=C(NCCO)c1nc(NCCO)c2ccccc2n1,BRD-K13399537,1.243444969,0.822710116,1.033077543,
88783075,CO[C@@H](CN(C)C(=O)C1CCOCC1)[C@@H](C)CN(C(=O)Nc1ccc(C(F)(F)F)cc1)[C@H](C)CO,NYUANTAUILYKHE-FVJLSDCUSA-N,503.260705912,3.456200000000003,CO[C@@H](CN(C)C(=O)C1CCOCC1)[C@@H](C)CN(C(=O)Nc1ccc(C(F)(F)F)cc1)[C@H](C)CO,BRD-K13400061,0.966623316,0.876823466,0.921723391,
81947423,O=c1[nH]c(=O)n(Cc2ccccc2)c2nc[nH]c12,YWCSDTAKJJLSPO-UHFFFAOYSA-N,242.08037556,0.46119999999999967,O=c1[nH]c(=O)n(Cc2ccccc2)c2nc[nH]c12,BRD-K13415436,0.922236777,0.859184135,0.890710456,
32899007,O=C(C[C@H]1CC[C@H]2[C@@H](COC[C@@H](O)CN2S(=O)(=O)c2ccccc2Cl)O1)NCc1ccccc1Cl,DXOUIULIVBUQRY-GKJHBJHPSA-N,542.1045129759999,2.9979000000000005,O=C(C[C@H]1CC[C@H]2[C@@H](COC[C@@H](O)CN2S(=O)(=O)c2ccccc2Cl)O1)NCc1ccccc1Cl,BRD-K13449112,0.869902324,0.841825486,0.855863905,
40344135,OC[C@H]1NC[C@H](O)[C@@H](O)[C@@H]1O,LXBIFEVIBLOUGU-JGWLITMVSA-N,163.084457896,-2.9667999999999988,OC[C@H]1NC[C@H](O)[C@@H](O)[C@@H]1O,BRD-K13465475,1.09410095,0.928141158,1.011121054,
18002934,C[C@H](CO)N1C[C@H](C)[C@H](CN(C)C(=O)C2CCCCC2)Oc2cc(C#Cc3ccncc3)ccc2S1(=O)=O,IWQNNKDPHUKXGW-XXAUWVGASA-N,539.245392284,3.288700000000002,C[C@H]1CN([C@H](C)CO)S(=O)(=O)c2ccc(C#Cc3ccncc3)cc2O[C@H]1CN(C)C(=O)C1CCCCC1,BRD-K13493657,0.656951269,1.129800219,0.893375744,
89663434,CO[C@H]1C[C@@H]2CC[C@@H](C)[C@@](O)(O2)C(=O)C(=O)N2CCCC[C@H]2C(=O)O[C@H]([C@H](C)C[C@@H]2CC[C@@H](OCCO)[C@H](OC)C2)CC(=O)[C@H](C)/C=C(\C)[C@@H](O)[C@@H](OC)C(=O)[C@H](C)C[C@H](C)/C=C/C=C/C=C/1C,HKVAMNSJSFKALM-DHGBBOBXSA-N,957.581356336,6.197200000000008,CO[C@H]1C[C@@H]2CC[C@@H](C)[C@@](O)(O2)C(=O)C(=O)N2CCCC[C@H]2C(=O)O[C@H]([C@H](C)C[C@@H]2CC[C@@H](OCCO)[C@H](OC)C2)CC(=O)[C@H](C)/C=C(\C)[C@@H](O)[C@@H](OC)C(=O)[C@H](C)C[C@H](C)/C=C/C=C/C=C/1C,BRD-K13514097,1.138764631,0.621382115,0.880073373,
81347409,C/C=C/C[C@@H](C)[C@@H](O)[C@H]1C(=O)N[C@@H](CC)C(=O)N(C)CC(=O)N(C)[C@@H](CC(C)C)C(=O)N[C@@H](C(C)C)C(=O)N(C)[C@@H](CC(C)C)C(=O)N[C@@H](C)C(=O)N[C@H](C)C(=O)N(C)[C@@H](CC(C)C)C(=O)N(C)[C@@H](CC(C)C)C(=O)N(C)[C@@H](C(C)C)C(=O)N1C,PMATZTZNYRCHOR-HHPJSCBPSA-N,1201.8413679919997,3.2690000000000046,C/C=C/C[C@@H](C)[C@@H](O)[C@H]1C(=O)N[C@@H](CC)C(=O)N(C)CC(=O)N(C)[C@@H](CC(C)C)C(=O)N[C@@H](C(C)C)C(=O)N(C)[C@@H](CC(C)C)C(=O)N[C@@H](C)C(=O)N[C@H](C)C(=O)N(C)[C@@H](CC(C)C)C(=O)N(C)[C@@H](CC(C)C)C(=O)N(C)[C@@H](C(C)C)C(=O)N1C,BRD-K13533483,1.037515704,0.954524946,0.996020325,
79211690,O=C(CN1CCOCC1)N[C@@H]1CC[C@@H](CCNS(=O)(=O)c2ccccc2F)O[C@H]1CO,OCKURQXTXDTUJZ-JQHSSLGASA-N,459.1839348999999,-0.14899999999999775,O=C(CN1CCOCC1)N[C@@H]1CC[C@@H](CCNS(=O)(=O)c2ccccc2F)O[C@H]1CO,BRD-K13534347,1.198123336,1.355583402,1.276853369,
65522874,COCC(=O)Nc1ccc2c(c1)C(=O)N(C)C[C@@H](OC)[C@@H](C)CN(Cc1ccccc1OC)[C@@H](C)CO2,PWYLLXJABFYBFY-CUVVAGTFSA-N,513.2838859679999,3.2863000000000016,COCC(=O)Nc1ccc2c(c1)C(=O)N(C)C[C@@H](OC)[C@@H](C)CN(Cc1ccccc1OC)[C@@H](C)CO2,BRD-K13543055,1.02655444,0.806510897,0.916532669,
78702269,O=C(O)[C@H]1O[C@@H](Oc2c(-c3ccc(O)cc3)oc3cc(O)cc(O)c3c2=O)[C@H](O)[C@@H](O)[C@@H]1O,FNTJVYCFNVUBOL-ZUGPOPFOSA-N,462.07982601599986,-0.1521999999999999,O=C(O)[C@H]1O[C@@H](Oc2c(-c3ccc(O)cc3)oc3cc(O)cc(O)c3c2=O)[C@H](O)[C@@H](O)[C@@H]1O,BRD-K13548766,0.937343749,1.213352309,1.075348029,
98898033,NCC[C@@H]1CC[C@@H](NC(=O)C2CCCCC2)[C@@H](CO)O1,LUJHAHFAVUKRFR-BFHYXJOUSA-N,284.209992756,0.9401999999999995,NCC[C@@H]1CC[C@@H](NC(=O)C2CCCCC2)[C@@H](CO)O1,BRD-K13558552,1.025807876,0.992890403,1.00934914,
49461775,NCC[C@H]1CC[C@@H](NC(=O)Nc2ccc(F)cc2)[C@H](CO)O1,PNFPPQXPTKVRON-MCIONIFRSA-N,311.16451978399994,1.2044999999999997,NCC[C@H]1CC[C@@H](NC(=O)Nc2ccc(F)cc2)[C@H](CO)O1,BRD-K13564884,1.052480985,1.148208017,1.100344501,
74906105,CC(C)CC(=O)N[C@H](C(=O)N[C@H](C(=O)N[C@@H](CC(C)C)[C@@H](O)CC(=O)N[C@@H](C)C(=O)N[C@@H](CC(C)C)[C@@H](O)CC(=O)O)C(C)C)C(C)C,FAXGPCHRFPCXOO-LXTPJMTPSA-N,685.462578596,1.467200000000006,CC(C)CC(=O)N[C@H](C(=O)N[C@H](C(=O)N[C@@H](CC(C)C)[C@@H](O)CC(=O)N[C@@H](C)C(=O)N[C@@H](CC(C)C)[C@@H](O)CC(=O)O)C(C)C)C(C)C,BRD-K13571841,0.904403673,0.928535324,0.916469498,
77380350,CCCC(=O)c1c(O)[nH]c(=O)[nH]c1=O,CIXSOKRTNZAVCC-UHFFFAOYSA-N,198.0640568,-0.24840000000000007,CCCC(=O)c1c(O)[nH]c(=O)[nH]c1=O,BRD-K13605630,0.902597859,0.949026109,0.925811984,
91328923,COC(=O)Cc1c(C)[nH]c2ncnn2c1=O,LBNHIJDKQAZILS-UHFFFAOYSA-N,222.07529018,-0.5584800000000003,COC(=O)Cc1c(C)[nH]c2ncnn2c1=O,BRD-K13638100,1.02388694,1.077057688,1.050472314,
21369732,C[C@H](CO)N1C[C@H](C)[C@@H](CN(C)C(=O)C2CCOCC2)Oc2cc(-c3ccc(C(=O)N(C)C)cc3)ccc2S1(=O)=O,YMZNCYZMDNWHRY-FYQCMVGJSA-N,587.2665216519999,2.7090000000000014,C[C@H]1CN([C@H](C)CO)S(=O)(=O)c2ccc(-c3ccc(C(=O)N(C)C)cc3)cc2O[C@@H]1CN(C)C(=O)C1CCOCC1,BRD-K13645265,1.043927767,1.068533469,1.056230618,
83087204,CO[C@@H]1[C@H](N(C)C(=O)c2ccccc2)C[C@H]2O[C@]1(C)n1c3ccccc3c3c4c(c5c6ccccc6n2c5c31)C(=O)NC4,BMGQWWVMWDBQGC-IIFHNQTCSA-N,570.22670544,5.906800000000007,CO[C@@H]1[C@H](N(C)C(=O)c2ccccc2)C[C@H]2O[C@]1(C)n1c3ccccc3c3c4c(c5c6ccccc6n2c5c31)C(=O)NC4,BRD-K13646352,0.850336965,1.164823617,1.007580291,
92250723,C[C@@H]1CN([C@H](C)CO)S(=O)(=O)c2ccc(C#CC(C)(C)O)cc2O[C@@H]1CN(C)Cc1ccc(F)cc1,DFIFSWMEHHNDQD-UMEGOILYSA-N,518.22507144,2.848700000000001,C[C@@H]1CN([C@H](C)CO)S(=O)(=O)c2ccc(C#CC(C)(C)O)cc2O[C@@H]1CN(C)Cc1ccc(F)cc1,BRD-K13653700,0.841447081,0.761474561,0.801460821,
70569467,COc1ccc(C#Cc2ccc3c(c2)[C@]2(C(=O)N3)[C@H](C(=O)N3CCc4cc(OC)c(OC)cc4C3)[C@H]3C(=O)O[C@H](c4ccccc4)[C@H](c4ccccc4)N3[C@@H]2c2ccccc2OCCO)cc1,WOWIUVPMWBOFFG-FAPFDUBTSA-N,895.346880148,7.339200000000009,COc1ccc(C#Cc2ccc3c(c2)[C@]2(C(=O)N3)[C@H](C(=O)N3CCc4cc(OC)c(OC)cc4C3)[C@H]3C(=O)O[C@H](c4ccccc4)[C@H](c4ccccc4)N3[C@@H]2c2ccccc2OCCO)cc1,BRD-K13675703,1.255550917,1.189194422,1.222372669,
27902650,COc1cccc(S(=O)(=O)N[C@H]2CC[C@@H](CCn3cc(-c4ccccc4OC)nn3)O[C@H]2CO)c1,MKOAEKBYEUHALQ-JBUDQFAYSA-N,502.18860567999997,2.2394,COc1cccc(S(=O)(=O)N[C@H]2CC[C@@H](CCn3cc(-c4ccccc4OC)nn3)O[C@H]2CO)c1,BRD-K13697445,0.950469531,0.987925347,0.969197439,
43978153,O=C(C[C@H]1C[C@@H]2c3cc(NS(=O)(=O)c4ccc(F)cc4)ccc3O[C@@H]2[C@H](CO)O1)NCc1cccc(F)c1,IOAZXSSJEHBWSP-BQLGRQSHSA-N,544.147963992,3.4665000000000017,O=C(C[C@H]1C[C@@H]2c3cc(NS(=O)(=O)c4ccc(F)cc4)ccc3O[C@@H]2[C@H](CO)O1)NCc1cccc(F)c1,BRD-K13761649,0.906862315,1.094395768,1.000629041,
69187384,COc1ccc(C#Cc2ccc3c(c2)O[C@H](CN(C)S(=O)(=O)c2ccccc2F)[C@H](C)CN([C@H](C)CO)S3(=O)=O)cc1,YGCNTAWRLGQTMN-DQCZWYHMSA-N,616.171321616,3.323400000000002,COc1ccc(C#Cc2ccc3c(c2)O[C@H](CN(C)S(=O)(=O)c2ccccc2F)[C@H](C)CN([C@H](C)CO)S3(=O)=O)cc1,BRD-K13781734,1.094364316,1.136377012,1.115370664,
87103232,COc1cccc(-c2ccc3c(c2)O[C@@H](CN(C)C(=O)C2CC2)[C@H](C)CN([C@H](C)CO)S3(=O)=O)c1,BHTYXYRTADOCRI-GGUMNFRJSA-N,502.2137578079999,2.999200000000002,COc1cccc(-c2ccc3c(c2)O[C@@H](CN(C)C(=O)C2CC2)[C@H](C)CN([C@H](C)CO)S3(=O)=O)c1,BRD-K13794232,0.924425732,0.779528719,0.851977226,
11286052,CCOc1nn(CC)cc1C(=O)O,VJIMLYCXLYWHPN-UHFFFAOYSA-N,184.084792244,0.9999,CCOc1nn(CC)cc1C(=O)O,BRD-K13816375,1.088215696,1.151384775,1.119800236,
34937720,COc1ccc(NC(=O)Cn2c(=O)c3c(OC)ccnc3n(C)c2=O)c(OC)c1,YOJSGDFSMUVSLR-UHFFFAOYSA-N,400.13828436,0.7596999999999998,COc1ccc(NC(=O)Cn2c(=O)c3c(OC)ccnc3n(C)c2=O)c(OC)c1,BRD-K13832913,0.877003518,0.814866317,0.845934918,
34016944,C/C(=N\N)c1ccc2ccccc2c1,ZWEVPZOYKOGJPF-UHFFFAOYSA-N,184.100048384,2.522500000000001,C/C(=N\N)c1ccc2ccccc2c1,BRD-K13859375,0.983760292,0.889798073,0.936779182,
99873357,CN1CCN(C(=O)C[C@@H]2CC[C@@H]3[C@H](COC[C@H](O)CN3Cc3ccc4c(c3)OCO4)O2)CC1,ATLWFNODZSPTJE-AWWSKVOZSA-N,461.25258583999994,0.6887000000000019,CN1CCN(C(=O)C[C@@H]2CC[C@@H]3[C@H](COC[C@H](O)CN3Cc3ccc4c(c3)OCO4)O2)CC1,BRD-K13920394,1.023102952,0.944178769,0.983640861,
93961106,O=C(Cc1ccncc1)NCC[C@@H]1CC[C@H](NC(=O)C2CCOCC2)[C@H](CO)O1,ZJCOWQMANCQCMD-FHWLQOOXSA-N,405.2263710919999,0.5817000000000005,O=C(Cc1ccncc1)NCC[C@@H]1CC[C@H](NC(=O)C2CCOCC2)[C@H](CO)O1,BRD-K13949560,1.064827739,1.08483711,1.074832424,
25951338,CN(C)CC(=O)N[C@@H]1CC[C@@H](CCn2cc(CN(C)C)nn2)O[C@@H]1CO,IJBVCLRPDRPFII-ARFHVFGLSA-N,368.25358888399995,-0.6838999999999957,CN(C)CC(=O)N[C@@H]1CC[C@@H](CCn2cc(CN(C)C)nn2)O[C@@H]1CO,BRD-K13952703,1.068023932,0.967034225,1.017529078,
91000894,Cc1noc(C)c1CN1CCNCC1,LJPFGGDQLGMPPG-UHFFFAOYSA-N,195.137162164,0.6966399999999999,Cc1noc(C)c1CN1CCNCC1,BRD-K13972916,1.179383076,0.928076628,1.053729852,
23678003,C[C@H](CO)N1C[C@H](C)[C@H](CN(C)C(=O)NC2CCCCC2)Oc2cc(-c3cccnc3)ccc2S1(=O)=O,AETIMQSMVRGFDE-DFIYOIEZSA-N,530.256291316,3.4913000000000016,C[C@H]1CN([C@H](C)CO)S(=O)(=O)c2ccc(-c3cccnc3)cc2O[C@H]1CN(C)C(=O)NC1CCCCC1,BRD-K13997646,0.730326547,1.193730472,0.96202851,
11324578,CC(=O)NCCCC[C@@H]1NC(=O)[C@H]2C[C@@H](C(=O)O)[C@@H](c3ccc(O)cc3)N2C1=O,GRJFBYPTXGMIGM-YYIAUSFCSA-N,403.17433552,0.5398000000000005,CC(=O)NCCCC[C@@H]1NC(=O)[C@H]2C[C@@H](C(=O)O)[C@@H](c3ccc(O)cc3)N2C1=O,BRD-K14051379,1.559947801,1.907599722,1.733773761,
89142907,CC(C)NC(=O)N[C@H]1C=C[C@@H](CC(=O)NCCN2CCCC2)O[C@H]1CO,MSSSXTZXXUODGR-JYJNAYRXSA-N,368.24235550399993,-0.01939999999999803,CC(C)NC(=O)N[C@H]1C=C[C@@H](CC(=O)NCCN2CCCC2)O[C@H]1CO,BRD-K14055238,0.950569216,0.755133526,0.852851371,
61387518,O=C(C[C@H]1C=C[C@H](NS(=O)(=O)c2ccccc2)[C@@H](CO)O1)NCc1ccncn1,KCFSZEIQZPXMEW-BPQIPLTHSA-N,418.131090804,0.14590000000000042,O=C(C[C@H]1C=C[C@H](NS(=O)(=O)c2ccccc2)[C@@H](CO)O1)NCc1ccncn1,BRD-K14058742,1.034722697,1.083344816,1.059033756,
27430947,CCOCc1c[nH]c(=O)[nH]c1=O,JYXYRLZNHMIQAN-UHFFFAOYSA-N,170.06914218,-0.40030000000000004,CCOCc1c[nH]c(=O)[nH]c1=O,BRD-K14139590,0.949853655,0.910917839,0.930385747,
67051908,O=C(N[C@H]1CC[C@@H](CC(=O)N2CCOCC2)O[C@H]1CO)c1ccccn1,QWCXAENNPFGWBU-DZKIICNBSA-N,363.1794209,-0.031199999999998562,O=C(N[C@H]1CC[C@@H](CC(=O)N2CCOCC2)O[C@H]1CO)c1ccccn1,BRD-K14159335,0.946073843,1.082185832,1.014129838,
50148206,O=C(C[C@H]1C=C[C@H](NC(=O)CN2CCOCC2)[C@@H](CO)O1)NCc1cccc(F)c1,YBKWUZNDQMZJNP-CEXWTWQISA-N,421.201299216,-0.03509999999999791,O=C(C[C@H]1C=C[C@H](NC(=O)CN2CCOCC2)[C@@H](CO)O1)NCc1cccc(F)c1,BRD-K14166322,0.868313689,0.90524247,0.88677808,
79329990,COCC(=O)Nc1ccc2c(c1)C(=O)N(C)C[C@H](OC)[C@H](C)CN(C(=O)Cc1cccnc1)[C@H](C)CO2,JHQFRDYLQMIJCM-IECBHUPTSA-N,512.263484872,2.2418000000000005,COCC(=O)Nc1ccc2c(c1)C(=O)N(C)C[C@H](OC)[C@H](C)CN(C(=O)Cc1cccnc1)[C@H](C)CO2,BRD-K14209633,1.036975698,0.913063981,0.975019839,
82810334,C[C@@H]1COC(=O)[C@H](Cc2ccc(F)cc2)CC=CC[C@@H](CC(=O)N[C@@H](CO)Cc2ccccc2)C(=O)N1,GGQZATUPSKWRKH-IQMDFIRISA-N,510.25300044,3.1084000000000014,C[C@@H]1COC(=O)[C@H](Cc2ccc(F)cc2)CC=CC[C@@H](CC(=O)N[C@@H](CO)Cc2ccccc2)C(=O)N1,BRD-K14211658,0.821128429,0.734738511,0.77793347,
35036222,C=CCNC(=O)[C@H]1[C@@H]2C(=O)O[C@@H](c3ccccc3)[C@@H](c3ccccc3)N2[C@@H](c2ccccc2OCCO)[C@]12C(=O)Nc1ccc(C#CC3=CCCCC3)cc12,ONYAGWDLLKVPAC-BCKOHZDJSA-N,733.3151860959999,6.482800000000007,C=CCNC(=O)[C@H]1[C@@H]2C(=O)O[C@@H](c3ccccc3)[C@@H](c3ccccc3)N2[C@@H](c2ccccc2OCCO)[C@]12C(=O)Nc1ccc(C#CC3=CCCCC3)cc12,BRD-K14237880,1.22623058,1.221995463,1.224113022,
91619921,COc1c(C)cnc2c1c(=O)n(CC#N)c(=O)n2C,YYPKPSBKEUTDSB-UHFFFAOYSA-N,260.090940244,-0.06420000000000026,COc1c(C)cnc2c1c(=O)n(CC#N)c(=O)n2C,BRD-K14240676,0.93111114,0.861116702,0.896113921,
68265204,CS(=O)(=O)c1ccccc1CC(=O)O,HHYARTYRXSPXKG-UHFFFAOYSA-N,214.0299798,0.7172000000000001,CS(=O)(=O)c1ccccc1CC(=O)O,BRD-K14249891,1.016922755,1.006890956,1.011906856,
41242841,CC(C)(C)OC(=O)CC[C@]1(C(=O)NCc2ccccc2)N=C(c2ccc(OCCCO)cc2)O[C@H]1c1ccccc1,MFSVQYXMGBUCJB-ZQAZVOLISA-N,558.2729869359999,5.143000000000006,CC(C)(C)OC(=O)CC[C@]1(C(=O)NCc2ccccc2)N=C(c2ccc(OCCCO)cc2)O[C@H]1c1ccccc1,BRD-K14292250,0.884923297,0.906553326,0.895738311,
14130913,C[C@H](CO)N1C[C@H](C)[C@@H](CN(C)C(=O)C2CCOCC2)Oc2cc(-c3ccc(F)cc3)ccc2S1(=O)=O,SQOMVNYVTKQJPF-OSWQYVSFSA-N,534.2199860599999,3.146300000000002,C[C@H]1CN([C@H](C)CO)S(=O)(=O)c2ccc(-c3ccc(F)cc3)cc2O[C@@H]1CN(C)C(=O)C1CCOCC1,BRD-K14336651,0.910595636,0.994297112,0.952446374,
95960158,CC(C)Cn1cnc2ccccc21,VZDLNMJLPUIVIN-UHFFFAOYSA-N,174.115698448,2.6923000000000012,CC(C)Cn1cnc2ccccc21,BRD-K14343847,0.792926051,0.902326812,0.847626431,
62625315,Cc1ncc(CO)c(CO)c1O,LXNHXLLTXMVWPM-UHFFFAOYSA-N,169.073893212,0.08021999999999985,Cc1ncc(CO)c(CO)c1O,BRD-K14349461,0.871415532,0.954784558,0.913100045,
46317825,COCC(=O)N1C[C@H](C)[C@H](OC)CN(C)C(=O)c2ccc(NC(=O)c3ccc(OC)cc3)cc2OC[C@@H]1C,YQOYUVQVCGNRJC-XHNVNVPESA-N,527.2631505239999,2.9265000000000017,COCC(=O)N1C[C@H](C)[C@H](OC)CN(C)C(=O)c2ccc(NC(=O)c3ccc(OC)cc3)cc2OC[C@@H]1C,BRD-K14378954,1.0027505,0.971114229,0.986932365,
65406938,NC1=NCCN1CC(=O)O,AMHZIUVRYRVYBA-UHFFFAOYSA-N,143.069476528,-1.2987000000000002,NC1=NCCN1CC(=O)O,BRD-K14379200,0.938018514,1.051412613,0.994715564,
40092703,O=C(C[C@@H]1CC[C@@H]2[C@H](COC[C@H](O)CN2S(=O)(=O)c2ccccc2)O1)NCCN1CCCCC1,BTHNBOLPOQRYCE-SKWRMQMOSA-N,495.240306904,0.9768000000000019,O=C(C[C@@H]1CC[C@@H]2[C@H](COC[C@H](O)CN2S(=O)(=O)c2ccccc2)O1)NCCN1CCCCC1,BRD-K14395166,0.97397971,0.994290656,0.984135183,
29717402,O=C(C[C@@H]1CC[C@@H]2[C@H](COC[C@H](O)CN2C(=O)Nc2ccc3c(c2)OCO3)O1)N1CCN(c2ccccc2)CC1,AKSBFUUFZOTOGB-MZLPPYGWSA-N,552.258399492,2.2954,O=C(C[C@@H]1CC[C@@H]2[C@H](COC[C@H](O)CN2C(=O)Nc2ccc3c(c2)OCO3)O1)N1CCN(c2ccccc2)CC1,BRD-K14407073,0.984058636,1.168581916,1.076320276,
24450943,COc1ccc2cc(CCN)c(=O)[nH]c2c1,FHCZFNMEQQBLRI-UHFFFAOYSA-N,218.105527688,1.0378999999999998,COc1ccc2cc(CCN)c(=O)[nH]c2c1,BRD-K14430739,0.97984536,0.892106336,0.935975848,
10135214,CCc1c(C)[nH]c(=S)c(C#N)c1C,IMLGWNWCXQYTLB-UHFFFAOYSA-N,192.072119384,2.795110000000001,CCc1c(C)[nH]c(=S)c(C#N)c1C,BRD-K14444135,1.058805562,1.144685131,1.101745346,
17967263,CCN(CC)CCNC(=O)C(=O)NC1CC1,SNADQRYGOVIPAC-UHFFFAOYSA-N,227.163376912,-0.276999999999999,CCN(CC)CCNC(=O)C(=O)NC1CC1,BRD-K14449520,0.92387751,1.095336113,1.009606812,
84793623,NC(=O)Nc1ccc(C(=O)O)cc1,HOVRQUHNZHBKKJ-UHFFFAOYSA-N,180.053492116,0.8754000000000003,NC(=O)Nc1ccc(C(=O)O)cc1,BRD-K14498367,1.327988133,1.132741631,1.230364882,
33074805,NNC(=O)CNC(=O)c1ccccc1,GFEYJORMLBEOOP-UHFFFAOYSA-N,193.085126592,-0.5936999999999999,NNC(=O)CNC(=O)c1ccccc1,BRD-K14516409,1.09757886,1.033939694,1.065759277,
32994937,CC(=O)NCCCC[C@@H]1NC(=O)[C@@H]2C[C@H](C(=O)NCCCCCNC(=O)CS)[C@H](c3cccc(OCCO)c3)N2C1=O,QYTPVRASYMSUHC-IGRGDXOOSA-N,605.2883197159999,0.4532000000000051,CC(=O)NCCCC[C@@H]1NC(=O)[C@@H]2C[C@H](C(=O)NCCCCCNC(=O)CS)[C@H](c3cccc(OCCO)c3)N2C1=O,BRD-K14540993,0.77344263,0.947483273,0.860462952,
85246370,CC(C)NC(=O)N(C)C[C@@H]1Oc2cc(C#Cc3ccc(F)cc3)ccc2S(=O)(=O)N([C@@H](C)CO)C[C@H]1C,AWPYKVBHDRHJIQ-RNHFSVANSA-N,531.220320408,3.0439000000000016,CC(C)NC(=O)N(C)C[C@@H]1Oc2cc(C#Cc3ccc(F)cc3)ccc2S(=O)(=O)N([C@@H](C)CO)C[C@H]1C,BRD-K14576091,0.84966084,0.795837203,0.822749021,
73287890,C[C@H](NC(=O)C[C@H]1CC[C@@H](NC(=O)CN2CCOCC2)[C@@H](CO)O1)c1ccccc1,VZQKOZAJNGTVKC-MTFMMBMASA-N,419.24202115599996,0.6108000000000029,C[C@H](NC(=O)C[C@H]1CC[C@@H](NC(=O)CN2CCOCC2)[C@@H](CO)O1)c1ccccc1,BRD-K14599588,1.054839106,1.248523151,1.151681128,
68874899,Cc1ccc(S[C@]2(C(=O)NC3CC3)CC(=O)N(Cc3cc(C(F)(F)F)cc(C(F)(F)F)c3)[C@@H]2c2ccc(CO)cc2)cc1,WCAVMSUPKPENJU-XRKRLSELSA-N,622.172483076,6.808220000000007,Cc1ccc(S[C@]2(C(=O)NC3CC3)CC(=O)N(Cc3cc(C(F)(F)F)cc(C(F)(F)F)c3)[C@@H]2c2ccc(CO)cc2)cc1,BRD-K14663960,1.06333242,0.820871892,0.942102156,
22767364,Nc1nnnn1/N=C\C=C\c1ccccc1,HDMYUEYNNGDXBK-UHFFFAOYSA-N,214.09669431999998,0.8025999999999998,Nc1nnnn1/N=C\C=C\c1ccccc1,BRD-K14690185,0.926409108,1.099430358,1.012919733,
88632801,Cc1oc2ccccc2c1-c1csc(-c2ccccc2)n1,INXQLMWKSWGXFA-UHFFFAOYSA-N,291.07178503600005,5.5317200000000035,Cc1oc2ccccc2c1-c1csc(-c2ccccc2)n1,BRD-K14696743,1.07478251,1.06536507,1.07007379,
63259704,C=CC[C@@H](CC(=O)N[C@H](CO)Cc1ccccc1)C(=O)N[C@@H](C)COC(=O)[C@H](CC=C)CC(=O)OC(C)(C)C,QPYAOGUGPMZJMK-CGBRIMPHSA-N,544.3148517479999,3.260600000000001,C=CC[C@@H](CC(=O)N[C@H](CO)Cc1ccccc1)C(=O)N[C@@H](C)COC(=O)[C@H](CC=C)CC(=O)OC(C)(C)C,BRD-K14726216,0.820095423,0.856998218,0.838546821,
60084369,C=CCOC(=O)[C@@H]1[C@H]2C(=O)O[C@H](c3ccccc3)[C@H](c3ccccc3)N2[C@H](c2ccc(OCCOC(=O)[C@H]3C[C@H]4C(=O)N[C@@H](CCCCN(C)C)C(=O)N4[C@H]3c3cccc(OCCO)c3)cc2)[C@@]12C(=O)Nc1ccc(I)cc12,YDPOGVLKARNLNR-ZLBVTVGMSA-N,1171.343970424,6.773200000000008,C=CCOC(=O)[C@@H]1[C@H]2C(=O)O[C@H](c3ccccc3)[C@H](c3ccccc3)N2[C@H](c2ccc(OCCOC(=O)[C@H]3C[C@H]4C(=O)N[C@@H](CCCCN(C)C)C(=O)N4[C@H]3c3cccc(OCCO)c3)cc2)[C@@]12C(=O)Nc1ccc(I)cc12,BRD-K14728368,1.102238208,1.424244383,1.263241295,
49620395,NNC(=O)c1ccccn1,BAQLNPIEFOYKNB-UHFFFAOYSA-N,137.058911844,-0.3149000000000006,NNC(=O)c1ccccn1,BRD-K14743592,0.992852991,1.020578768,1.006715879,
12196193,O=C(C[C@H]1C=C[C@H](NC(=O)CN2CCOCC2)[C@@H](CO)O1)NCCc1ccccc1,FVKHACKHNWQLTD-HSALFYBXSA-N,417.226371092,-0.13169999999999638,O=C(C[C@H]1C=C[C@H](NC(=O)CN2CCOCC2)[C@@H](CO)O1)NCCc1ccccc1,BRD-K14753949,1.097971699,1.049176236,1.073573967,
10766102,CC(C)CC#Cc1ccc2c(c1)O[C@@H](CN(C)C(=O)c1cnccn1)[C@H](C)CN([C@H](C)CO)S2(=O)=O,ALBVOUUIQWHTKA-REHUZNOOSA-N,514.2249911880001,2.4150000000000005,CC(C)CC#Cc1ccc2c(c1)O[C@@H](CN(C)C(=O)c1cnccn1)[C@H](C)CN([C@H](C)CO)S2(=O)=O,BRD-K14844214,0.923256726,0.90918066,0.916218693,
63376867,O=C(C[C@@H]1CC[C@H]2[C@@H](COC[C@@H](O)CN2C(=O)Nc2ccc(F)cc2)O1)NCCCN1CCOCC1,ZJVBEXBZNPERQO-CWBXHPNXSA-N,508.269713124,1.1955000000000011,O=C(C[C@@H]1CC[C@H]2[C@@H](COC[C@@H](O)CN2C(=O)Nc2ccc(F)cc2)O1)NCCCN1CCOCC1,BRD-K14868140,0.985778328,1.042618741,1.014198534,
12439004,NCCOc1cccc(Cl)c1,SKLZUIZCCAYHOB-UHFFFAOYSA-N,171.04509162,1.6775,NCCOc1cccc(Cl)c1,BRD-K14878717,1.021578779,0.946033122,0.98380595,
45845010,Cn1cnc(S(=O)(=O)N[C@H]2CC[C@@H](CC(=O)N3CCN(c4ccccc4)CC3)O[C@@H]2CO)c1,RVDWTGCIOVVFDR-SLFFLAALSA-N,477.204590092,0.3458000000000015,Cn1cnc(S(=O)(=O)N[C@H]2CC[C@@H](CC(=O)N3CCN(c4ccccc4)CC3)O[C@@H]2CO)c1,BRD-K14896981,1.029179778,0.891299681,0.960239729,
61332480,CC(C)(C)OC(=O)CC[C@]1(C(=O)NCCN2CCOCC2)COC(c2ccc(OCCCO)cc2)=N1,JJFDWUXIJAUNOE-AREMUKBSSA-N,505.27880058799997,1.5337000000000023,CC(C)(C)OC(=O)CC[C@]1(C(=O)NCCN2CCOCC2)COC(c2ccc(OCCCO)cc2)=N1,BRD-K14964087,1.011161906,1.10180852,1.056485213,
30476748,C[C@H]1CN([C@@H](C)CO)S(=O)(=O)c2ccc(Br)cc2O[C@H]1CN(C)C(=O)c1cccc(F)c1,DAXQIAKNPNQJOC-AVYPCKFXSA-N,528.072983252,3.1290000000000022,C[C@H]1CN([C@@H](C)CO)S(=O)(=O)c2ccc(Br)cc2O[C@H]1CN(C)C(=O)c1cccc(F)c1,BRD-K14969673,1.034621191,1.076139394,1.055380292,
15349468,CC[C@@]1(C)N[C@H](C(=O)O)CS1,HKDAFCRJEPXVCP-FSPLSTOPSA-N,175.066699656,0.9021999999999998,CC[C@@]1(C)N[C@H](C(=O)O)CS1,BRD-K14973256,0.813019573,1.169834956,0.991427265,
55674035,Cc1[nH]c2ncnn2c(=O)c1CCC(=O)O,MMSLJBLQCQNPAU-UHFFFAOYSA-N,222.07529018,-0.2567800000000005,Cc1[nH]c2ncnn2c(=O)c1CCC(=O)O,BRD-K14987690,1.16799939,1.119053987,1.143526689,
78468950,CCC1(C)CC(=O)NC(=O)C1,ORRZGUBHBVWWOP-UHFFFAOYSA-N,155.094628656,0.8392999999999999,CCC1(C)CC(=O)NC(=O)C1,BRD-K14993104,0.90747491,1.068188945,0.987831928,
44475899,CN(C)CCCCNC(=O)[C@@H]1C[C@@H]2C(=O)N[C@@H](CCCCN(C)C)C(=O)N2[C@@H]1c1cccc(OCCO)c1,NPWNXGCNHRBBCO-ZFFYZDHPSA-N,531.3420695399999,1.0042000000000046,CN(C)CCCCNC(=O)[C@@H]1C[C@@H]2C(=O)N[C@@H](CCCCN(C)C)C(=O)N2[C@@H]1c1cccc(OCCO)c1,BRD-K15013987,0.955990192,0.996810947,0.97640057,
11030289,NC[C@H]1CC[C@H](C(=O)O)CC1,GYDJEQRTZSCIOI-LJGSYFOKSA-N,157.11027872,0.8361000000000001,NC[C@H]1CC[C@H](C(=O)O)CC1,BRD-K15014948,0.924005217,0.935595487,0.929800352,
32768763,COc1cc2c(cc1OC)CN(C(=O)[C@@H]1[C@H]3C(=O)O[C@H](c4ccccc4)[C@H](c4ccccc4)N3[C@H](c3ccc(OCCO)cc3)[C@@]13C(=O)Nc1ccc(C#CC4(O)CCCCCC4)cc13)CC2,LDNQUNAQQKPQRA-ICNSUHQASA-N,901.39383034,7.36760000000001,COc1cc2c(cc1OC)CN(C(=O)[C@@H]1[C@H]3C(=O)O[C@H](c4ccccc4)[C@H](c4ccccc4)N3[C@H](c3ccc(OCCO)cc3)[C@@]13C(=O)Nc1ccc(C#CC4(O)CCCCCC4)cc13)CC2,BRD-K15017171,1.106096186,1.247976004,1.177036095,
10181903,COc1ccc(C#Cc2ccc3c(c2)[C@]2(C(=O)N3)[C@H](C(=O)N3CCc4cc(OC)c(OC)cc4C3)[C@H]3C(=O)O[C@H](c4ccccc4)[C@H](c4ccccc4)N3[C@@H]2c2ccc(O)cc2)cc1,ZABISKKNPZPGLG-GILOIQBOSA-N,851.3206653999999,7.673700000000009,COc1ccc(C#Cc2ccc3c(c2)[C@]2(C(=O)N3)[C@H](C(=O)N3CCc4cc(OC)c(OC)cc4C3)[C@H]3C(=O)O[C@H](c4ccccc4)[C@H](c4ccccc4)N3[C@@H]2c2ccc(O)cc2)cc1,BRD-K15017393,0.774389498,0.951227137,0.862808318,
57604340,NC(=S)CS(=O)(=O)c1ccccn1,SXZDKXKPNUSOTB-UHFFFAOYSA-N,216.002719496,0.14139999999999997,NC(=S)CS(=O)(=O)c1ccccn1,BRD-K15020650,0.885598867,1.148572066,1.017085466,
61057767,Cc1ccc2nc(SCc3c(C)c(C)cc(C)c3C)[nH]c2c1,BCFOIEIEJAGGLV-UHFFFAOYSA-N,310.150369704,5.397300000000005,Cc1ccc2nc(SCc3c(C)c(C)cc(C)c3C)[nH]c2c1,BRD-K15034545,1.184410889,1.045966928,1.115188909,
24108685,CN(C)CC(=O)N[C@@H]1CC[C@H](CCNC(=O)C2CCC2)O[C@@H]1CO,JSZSNWADUSCDCO-RBSFLKMASA-N,341.231456472,-0.12089999999999751,CN(C)CC(=O)N[C@@H]1CC[C@H](CCNC(=O)C2CCC2)O[C@@H]1CO,BRD-K15047429,1.124990231,1.125277216,1.125133723,
37785937,CN(C)C(=O)C[C@H]1CC[C@H](NC(=O)C2CC2)[C@H](CO)O1,WVBHSZLYNUFQEQ-WOPDTQHZSA-N,284.173607248,-0.10059999999999863,CN(C)C(=O)C[C@H]1CC[C@H](NC(=O)C2CC2)[C@H](CO)O1,BRD-K15048276,1.12252277,1.32673409,1.22462843,
49068346,COc1ccc(COC[C@]23NC(=O)N[C@H](c4ccccc4O2)[C@H]3COC(=O)NCCCCCC(=O)NO)cc1,WRGVPPSUZSNSMR-DBTWGZIYSA-N,542.2376640479999,2.7627999999999995,COc1ccc(COC[C@]23NC(=O)N[C@H](c4ccccc4O2)[C@H]3COC(=O)NCCCCCC(=O)NO)cc1,BRD-K15049086,1.114920088,1.127524503,1.121222296,
11086745,Cc1noc(C)c1S(=O)(=O)N(C)C[C@@H]1OCc2cn(nn2)CCCC(=O)N([C@H](C)CO)C[C@H]1C,VEWOEMHTGDJGFP-CLCXKQKWSA-N,498.226053808,0.7281400000000009,Cc1noc(C)c1S(=O)(=O)N(C)C[C@@H]1OCc2cn(nn2)CCCC(=O)N([C@H](C)CO)C[C@H]1C,BRD-K15090836,0.838649486,1.062971392,0.950810439,
53166366,CC(C)[Si](C#C[Si](C(C)C)(C(C)C)C(C)C)(O[C@H](C)c1cn(Cc2cccc(Cl)c2)nn1)C(C)C,GFLVRCRHQIMZHZ-RUZDIDTESA-N,531.2867938320001,8.583500000000004,CC(C)[Si](C#C[Si](C(C)C)(C(C)C)C(C)C)(O[C@H](C)c1cn(Cc2cccc(Cl)c2)nn1)C(C)C,BRD-K15117152,0.674315975,0.846637263,0.760476619,
93807655,CC(C)CNC(=O)C(=O)NCc1ccccn1,WWKYWJBGUPJALD-UHFFFAOYSA-N,235.132076784,0.46999999999999964,CC(C)CNC(=O)C(=O)NCc1ccccn1,BRD-K15164132,1.073789284,0.93882337,1.006306327,
10800275,O[C@H]1[C@H]2[C@H](O)CCCN2C[C@H]1O,FXUAIOOAOAVCGD-WCTZXXKLSA-N,173.10519334,-1.4528999999999999,O[C@@H]1[C@H](O)CN2CCC[C@@H](O)[C@H]12,BRD-K15170068,1.032853355,1.233803944,1.13332865,
46989106,COc1ccc(S(=O)(=O)N[C@@H]2C=C[C@H](CC(=O)N3CCN(c4ccccc4)CC3)O[C@H]2CO)cc1,UERFKHYZZPVGCP-JRFVFWCSSA-N,501.19335671199997,1.3968999999999998,COc1ccc(S(=O)(=O)N[C@@H]2C=C[C@H](CC(=O)N3CCN(c4ccccc4)CC3)O[C@H]2CO)cc1,BRD-K15177088,0.975032978,0.988156001,0.98159449,
10948879,COCC(=O)Nc1ccc2c(c1)C(=O)N(C)[C@@H]1CC[C@H](CC(=O)N3CCc4ccccc4C3)O[C@H]1CO2,HUCZTLCWVGQLCW-PFATUAPWSA-N,507.236935776,2.6271000000000004,COCC(=O)Nc1ccc2c(c1)C(=O)N(C)[C@@H]1CC[C@H](CC(=O)N3CCc4ccccc4C3)O[C@H]1CO2,BRD-K15185037,0.933422807,0.853515327,0.893469067,
72004308,COCC#Cc1ccc2c(c1)O[C@H](CN(C)C(=O)C1CCCCC1)[C@@H](C)CN([C@H](C)CO)S2(=O)=O,AUDUVEZVXXCJER-DCLXLUIPSA-N,506.2450579359999,2.491800000000002,COCC#Cc1ccc2c(c1)O[C@H](CN(C)C(=O)C1CCCCC1)[C@@H](C)CN([C@H](C)CO)S2(=O)=O,BRD-K15186539,0.988173765,1.061643025,1.024908395,
27208895,C[C@@H]1CN([C@H](C)CO)S(=O)(=O)c2ccc(-c3ccccc3F)cc2O[C@@H]1CN(C)S(C)(=O)=O,YAOMAPAOVIXHCK-WHSLLNHNSA-N,500.14510686799997,2.1527000000000003,C[C@@H]1CN([C@H](C)CO)S(=O)(=O)c2ccc(-c3ccccc3F)cc2O[C@@H]1CN(C)S(C)(=O)=O,BRD-K15217198,0.969180826,0.996469017,0.982824921,
10348079,COC(=O)c1c2oc(c1C(=O)OC)C(=O)N[C@@H](Cc1ccccc1)Cn1cc(nn1)[C@@H](Cc1ccccc1)NC(=O)N[C@H](CO)CC2,XNGLKQMZVCAXIE-KMDXXIMOSA-N,644.2594621120002,2.3757,COC(=O)c1c2oc(c1C(=O)OC)C(=O)N[C@@H](Cc1ccccc1)Cn1cc(nn1)[C@@H](Cc1ccccc1)NC(=O)N[C@H](CO)CC2,BRD-K15225066,1.115188329,1.345326231,1.23025728,
98025858,COCC(=O)N(C)C[C@H]1Oc2cc(C#CC(C)(C)O)ccc2S(=O)(=O)N([C@H](C)CO)C[C@@H]1C,FFFURRCNYDQQLE-SQGPQFPESA-N,482.20867242799994,0.6824000000000014,COCC(=O)N(C)C[C@H]1Oc2cc(C#CC(C)(C)O)ccc2S(=O)(=O)N([C@H](C)CO)C[C@@H]1C,BRD-K15245194,1.158510027,1.007630457,1.083070242,
30688481,CN(C)Cc1cn(CC[C@@H]2CC[C@H](N)[C@H](CO)O2)nn1,RSSFQYFOHBQLRO-AVGNSLFASA-N,283.20082504000004,-0.4029999999999982,CN(C)Cc1cn(CC[C@@H]2CC[C@H](N)[C@H](CO)O2)nn1,BRD-K15259298,0.997489188,1.018817551,1.008153369,
68015048,C[C@H](O)C#Cc1ccc2c(c1)O[C@@H](CN(C)C(=O)C1CCCCC1)[C@@H](C)CN([C@H](C)CO)S2(=O)=O,LPOKCFFNFOPMKO-VKDGWMQASA-N,506.2450579359999,2.226200000000001,C[C@H](O)C#Cc1ccc2c(c1)O[C@@H](CN(C)C(=O)C1CCCCC1)[C@@H](C)CN([C@H](C)CO)S2(=O)=O,BRD-K15273161,1.066225728,1.258785064,1.162505396,
79918454,O=S(=O)(NCCCCN(C/C=C/c1ccccc1)C/C=C/c1ccccc1)c1cccc2cnccc12,KSLYFUJKTIMIHL-UHFFFAOYSA-N,511.22934829600007,6.022100000000006,O=S(=O)(NCCCCN(C/C=C/c1ccccc1)C/C=C/c1ccccc1)c1cccc2cnccc12,BRD-K15282686,0.845744004,0.875438939,0.860591472,
11497054,CN1C(=O)/C(=C\NCc2ccccc2)C(=O)c2c1n(C)c(=O)n(C)c2=O,YFOVFGQYRJWYPL-UHFFFAOYSA-N,354.13280505599994,-0.08320000000000016,CN1C(=O)/C(=C\NCc2ccccc2)C(=O)c2c1n(C)c(=O)n(C)c2=O,BRD-K15301067,1.002913157,0.9976285,1.000270828,
81203266,NNC(=O)c1nc(-c2ccccc2)no1,CUZXTYBNQLZUTH-UHFFFAOYSA-N,204.064725496,0.34009999999999974,NNC(=O)c1nc(-c2ccccc2)no1,BRD-K15312901,0.825890284,0.861508957,0.843699621,
21185110,COc1oc(C(=O)NC2CCCCC2)c(-c2ccc(Cl)cc2)c1S(=O)(=O)c1ccc(Br)cc1,XJUYJHFVPLAGTN-UHFFFAOYSA-N,551.016883616,6.266400000000004,COc1oc(C(=O)NC2CCCCC2)c(-c2ccc(Cl)cc2)c1S(=O)(=O)c1ccc(Br)cc1,BRD-K15356886,1.066725932,1.157065014,1.111895473,
36083082,COc1ccc(NC(=O)N(C)C[C@H]2Oc3ncc(C#C[C@@H](C)O)cc3C(=O)N([C@@H](C)CO)C[C@@H]2C)cc1,KYMGWFOXQLRQNH-YBJWPOLQSA-N,510.24783480799994,2.2064999999999992,COc1ccc(NC(=O)N(C)C[C@H]2Oc3ncc(C#C[C@@H](C)O)cc3C(=O)N([C@@H](C)CO)C[C@@H]2C)cc1,BRD-K15365356,1.144920075,1.106139359,1.125529717,
38039784,O=C(C[C@@H]1CC[C@H]2[C@@H](COC[C@@H](O)CN2Cc2cccc(C(F)(F)F)c2)O1)NCCc1ccncc1,QCHQNBIYSRQADD-NEWJYFPISA-N,507.234491164,2.958700000000001,O=C(C[C@@H]1CC[C@H]2[C@@H](COC[C@@H](O)CN2Cc2cccc(C(F)(F)F)c2)O1)NCCc1ccncc1,BRD-K15392449,1.006135053,0.768781005,0.887458029,
74265296,Clc1cc(Cl)cc(Oc2nc(-c3ccccc3)ns2)c1,RTEKOTHIKGIUDD-UHFFFAOYSA-N,321.973439236,5.3042000000000025,Clc1cc(Cl)cc(Oc2nc(-c3ccccc3)ns2)c1,BRD-K15408069,1.210058429,1.157653072,1.18385575,
90557578,CCn1nnc(NC(=O)Cc2ccccc2)n1,RKUCDQRULQFUJG-UHFFFAOYSA-N,231.112010036,0.8741999999999999,CCn1nnc(NC(=O)Cc2ccccc2)n1,BRD-K15434743,0.873775068,1.092543618,0.983159343,
10193237,O=C(C[C@H]1C[C@@H]2c3cc(NS(=O)(=O)c4ccc(F)cc4)ccc3O[C@@H]2[C@@H](CO)O1)N1CCOCC1,VXHQKWZINWSVBF-QSOCRCLWSA-N,506.1523004239999,1.8698,O=C(C[C@H]1C[C@@H]2c3cc(NS(=O)(=O)c4ccc(F)cc4)ccc3O[C@@H]2[C@@H](CO)O1)N1CCOCC1,BRD-K15493313,0.90518507,0.995304546,0.950244808,
47377723,COC(=O)[C@H](Cc1ccccc1)N1CC2=C[C@H](C3CC3)n3c(=O)n(C)c(=O)n3[C@@H]2[C@H]1[C@H](O)Cc1ccccc1,LGYSETUXAKZWLG-JGWHWLOXSA-N,530.252920188,1.8528000000000011,COC(=O)[C@H](Cc1ccccc1)N1CC2=C[C@H](C3CC3)n3c(=O)n(C)c(=O)n3[C@@H]2[C@H]1[C@H](O)Cc1ccccc1,BRD-K15499818,1.291051706,0.900585512,1.095818609,
56447669,c1ccc(-n2ncc3c2ncn2nnnc32)cc1,NIVWUWZWXFYQDN-UHFFFAOYSA-N,237.07629322399998,0.8581999999999999,c1ccc(-n2ncc3c2ncn2nnnc32)cc1,BRD-K15552027,1.105687375,0.907587449,1.006637412,
64407781,C1=C(c2ccccc2)CC(c2ccccc2)=NN=C1c1ccccc1,NCJIYZKOKVSKDJ-UHFFFAOYSA-N,322.146998576,5.367300000000005,C1=C(c2ccccc2)CC(c2ccccc2)=NN=C1c1ccccc1,BRD-K15562824,0.953294305,1.170444947,1.061869626,
20344817,Nc1ncnc(NCCN2CCOCC2)c1[N+](=O)[O-],ZIPRAEGTJNKELY-UHFFFAOYSA-N,268.128388372,-0.2888999999999997,Nc1ncnc(NCCN2CCOCC2)c1[N+](=O)[O-],BRD-K15597370,0.978640114,0.964450722,0.971545418,
11061873,O=C(C[C@H]1C=C[C@@H](NC(=O)C2CC2)[C@@H](CO)O1)NCCCN1CCOCC1,YHPSXYRZNYZHAH-BRWVUGGUSA-N,381.226371092,-0.5742999999999974,O=C(C[C@H]1C=C[C@@H](NC(=O)C2CC2)[C@@H](CO)O1)NCCCN1CCOCC1,BRD-K15614422,1.148066339,1.231943541,1.19000494,
81108429,NC(=O)c1cc(S(=O)(=O)N2CCOCC2)ccc1F,NXZUQVUIUJAOCC-UHFFFAOYSA-N,288.058006116,-0.05449999999999977,NC(=O)c1cc(S(=O)(=O)N2CCOCC2)ccc1F,BRD-K15628180,1.076840191,0.909077527,0.992958859,
18776829,CO[C@@H]1CN(C)C(=O)c2ccc(NC(=O)C3CCOCC3)cc2OC[C@H](C)N(Cc2cccnc2)C[C@H]1C,WKEXGOGKUVDBJI-PBDKAQRYSA-N,524.29987038,3.4529000000000005,CO[C@@H]1CN(C)C(=O)c2ccc(NC(=O)C3CCOCC3)cc2OC[C@H](C)N(Cc2cccnc2)C[C@H]1C,BRD-K15640630,1.101946874,1.362537898,1.232242386,
11508752,C[C@@H]1CN([C@@H](C)CO)S(=O)(=O)c2ccc(-c3ccc(C(=O)N(C)C)cc3)cc2O[C@@H]1CN(C)C(=O)C1CCOCC1,YMZNCYZMDNWHRY-PBDKAQRYSA-N,587.266521652,2.7090000000000005,C[C@@H](CO)N1C[C@@H](C)[C@@H](CN(C)C(=O)C2CCOCC2)Oc2cc(-c3ccc(C(=O)N(C)C)cc3)ccc2S1(=O)=O,BRD-K15650036,0.858995086,0.852512218,0.855753652,
15311051,Cc1cc(N2C(=O)CCC2=O)no1,SGOMWSIPGKOLIG-UHFFFAOYSA-N,180.053492116,0.63642,Cc1cc(N2C(=O)CCC2=O)no1,BRD-K15658108,1.024597428,0.641700801,0.833149114,
67589968,CO[C@@H]1CN(C)C(=O)c2ccc(NC(=O)Nc3ccc(Cl)cc3)cc2OC[C@H](C)N(C(=O)Nc2c(C)noc2C)C[C@H]1C,YVANROYHCNRIDZ-FIAZIHOUSA-N,612.2463105840001,5.626940000000005,CO[C@@H]1CN(C)C(=O)c2ccc(NC(=O)Nc3ccc(Cl)cc3)cc2OC[C@H](C)N(C(=O)Nc2c(C)noc2C)C[C@H]1C,BRD-K15671588,1.032002136,1.06439506,1.048198598,
68304023,CCCCCCC#C[Si](O[C@H](c1ccccc1)c1cn([C@H](CO)Cc2ccccc2)nn1)(C(C)C)C(C)C,LWBZZRNZHOYJMS-XDFJSJKPSA-N,531.32810421,7.438700000000009,CCCCCCC#C[Si](O[C@H](c1ccccc1)c1cn([C@H](CO)Cc2ccccc2)nn1)(C(C)C)C(C)C,BRD-K15674040,0.949286224,0.865370829,0.907328526,
64936494,CC(C)OC(=O)c1nnc(N)[nH]1,AJAVMVQLHPWYBA-UHFFFAOYSA-N,170.08037556,-0.04790000000000011,CC(C)OC(=O)c1nnc(N)[nH]1,BRD-K15682499,1.108860203,0.777201876,0.943031039,
43556721,Cc1ccc(S(=O)(=O)N(C)C[C@H]2Oc3cc(Br)ccc3S(=O)(=O)N([C@H](C)CO)C[C@H]2C)cc1,MKFDRGBJPDLEFY-CBGDNZLLSA-N,560.065040748,2.846820000000002,Cc1ccc(S(=O)(=O)N(C)C[C@H]2Oc3cc(Br)ccc3S(=O)(=O)N([C@H](C)CO)C[C@H]2C)cc1,BRD-K15714104,0.717544539,1.131751895,0.924648217,
99424164,COc1ccc(Cc2nn[nH]n2)cc1,IWWXWEYVLHRYML-UHFFFAOYSA-N,190.08546094,0.7990999999999999,COc1ccc(Cc2nn[nH]n2)cc1,BRD-K15736833,0.935513958,1.017734214,0.976624086,
10312638,C=CC[C@H](CC(=O)NCCO)C(=O)N[C@H](COC(=O)[C@H](CC=C)CC(=O)OC(C)(C)C)Cc1c[nH]c2ccccc12,BKYHVMGPCMZHEH-AKFKNWHVSA-N,569.310100716,3.3534000000000015,C=CC[C@H](CC(=O)NCCO)C(=O)N[C@H](COC(=O)[C@H](CC=C)CC(=O)OC(C)(C)C)Cc1c[nH]c2ccccc12,BRD-K15786293,0.844045941,0.881602933,0.862824437,
48749742,CO[C@H](CN(C)C(=O)Nc1ccc(C(F)(F)F)cc1)[C@H](C)CN(Cc1ccccc1Cl)[C@H](C)CO,NINYSMYJRLQSCV-PMAPCBKXSA-N,515.216254256,5.3566000000000065,CO[C@H](CN(C)C(=O)Nc1ccc(C(F)(F)F)cc1)[C@H](C)CN(Cc1ccccc1Cl)[C@H](C)CO,BRD-K15811513,0.559093648,0.682585697,0.620839673,
74857234,C[C@@H]1CN([C@@H](C)CO)S(=O)(=O)c2ccc(C#C[C@@H](C)O)cc2O[C@H]1CN(C)C,UGXKLSUPAKEXSI-OLMMMNRUSA-N,410.1875430599999,0.7491000000000005,C[C@@H](CO)N1C[C@@H](C)[C@H](CN(C)C)Oc2cc(C#C[C@@H](C)O)ccc2S1(=O)=O,BRD-K15814307,1.027236567,1.031873007,1.029554787,
81337544,CC(=O)NCc1nnnn1C1CCCCC1,OLTAUKVBOHBHQD-UHFFFAOYSA-N,223.14331016399998,0.8143999999999991,CC(=O)NCc1nnnn1C1CCCCC1,BRD-K15886007,1.097367484,1.165960112,1.131663798,
11059675,COc1ccc(S(=O)(=O)N(C)C[C@H]2Oc3cc(C#CC4CC4)ccc3S(=O)(=O)N([C@@H](C)CO)C[C@H]2C)cc1,MAUOQBUIPNHOQE-BVFVYWQFSA-N,562.180743428,2.5460000000000003,COc1ccc(S(=O)(=O)N(C)C[C@H]2Oc3cc(C#CC4CC4)ccc3S(=O)(=O)N([C@@H](C)CO)C[C@H]2C)cc1,BRD-K15908328,1.001958621,1.170558051,1.086258336,
10572698,C[C@@H]1CN([C@@H](C)CO)C(=O)CCCn2cc(nn2)CO[C@H]1CN(C)C(=O)Nc1ccc(N2CCN(C)CC2)cc1,AFGWKCDRVGDDFW-UFPGJGBJSA-N,556.3485518880001,1.7183000000000017,C[C@@H](CO)N1C[C@@H](C)[C@H](CN(C)C(=O)Nc2ccc(N3CCN(C)CC3)cc2)OCc2cn(nn2)CCCC1=O,BRD-K15912359,1.226443112,0.866570084,1.046506598,
54965227,O=C(C[C@H]1CC[C@H](NC(=O)CN2CCOCC2)[C@H](CO)O1)NCCc1ccncc1,ZJAQJJRCHWWGEL-QYZOEREBSA-N,420.237270124,-0.5126999999999959,O=C(C[C@H]1CC[C@H](NC(=O)CN2CCOCC2)[C@H](CO)O1)NCCc1ccncc1,BRD-K15940471,1.039568424,1.141695071,1.090631747,
29885103,COc1cccc(NC(=O)N2C[C@@H](O)COC[C@@H]3O[C@@H](CC(=O)NC4Cc5ccccc5C4)CC[C@H]32)c1,JPUCZRDSSKLGDD-RCOXAODPSA-N,509.25258584,2.5100999999999996,COc1cccc(NC(=O)N2C[C@@H](O)COC[C@@H]3O[C@@H](CC(=O)NC4Cc5ccccc5C4)CC[C@H]32)c1,BRD-K15974138,1.107250323,1.103062424,1.105156373,
92219025,CCOC(=O)c1c[nH]c(CC(C)=O)nc1=O,JRVKVWVDTMITTQ-UHFFFAOYSA-N,224.079706864,0.07810000000000006,CCOC(=O)c1c[nH]c(CC(C)=O)nc1=O,BRD-K16096274,1.123190791,0.898928552,1.011059671,
99569792,COC(=O)c1c2oc(c1C(=O)OC)C(=O)N[C@@H](Cc1ccccc1)Cn1cc(nn1)CNC(=O)[C@H](Cc1ccccc1)NC(=O)N[C@@H](CO)CC2,HQIFAJJKKCZQDD-USZFVNFHSA-N,701.2809258280001,1.3194000000000012,COC(=O)c1c2oc(c1C(=O)OC)C(=O)N[C@@H](Cc1ccccc1)Cn1cc(nn1)CNC(=O)[C@H](Cc1ccccc1)NC(=O)N[C@@H](CO)CC2,BRD-K16116293,1.154907849,0.992668365,1.073788107,
34892515,CCOC(=O)Cn1cccc2oc(=O)nc1-2,MPVBEIOMUFDSEO-UHFFFAOYSA-N,222.0640568,0.5042000000000001,CCOC(=O)Cn1cccc2oc(=O)nc1-2,BRD-K16171927,1.089683894,0.850495178,0.970089536,
85700942,CN1CCN(C(=O)C[C@H]2C[C@@H]3c4cc(NS(=O)(=O)c5ccc(F)cc5)ccc4O[C@@H]3[C@@H](CO)O2)CC1,ZMRFIBIYPCNTDV-VTBBIAPYSA-N,519.1839348999999,1.785,CN1CCN(C(=O)C[C@H]2C[C@@H]3c4cc(NS(=O)(=O)c5ccc(F)cc5)ccc4O[C@@H]3[C@@H](CO)O2)CC1,BRD-K16301820,1.058157773,1.037201254,1.047679513,
51785369,C=CC[C@H](CC(=O)NCCO)C(=O)NC[C@H](OC(=O)[C@H](CC=C)CC(=O)OC(C)(C)C)c1ccccc1,XKDCCACTKXLOID-ZLNRFVROSA-N,516.2835516199999,3.0021000000000013,C=CC[C@H](CC(=O)NCCO)C(=O)NC[C@H](OC(=O)[C@H](CC=C)CC(=O)OC(C)(C)C)c1ccccc1,BRD-K16317334,0.686105074,0.843119225,0.76461215,
10343370,Cc1ccccc1NCC(=O)NN,DRDPZHCDTYCNSA-UHFFFAOYSA-N,179.105862036,0.3968200000000002,Cc1ccccc1NCC(=O)NN,BRD-K16320791,0.875623725,1.024416775,0.95002025,
69331083,CN(C)S(=O)(=O)c1ccc(C#N)cc1,GQEHYPHMHNSIDB-UHFFFAOYSA-N,210.04629856,0.8085800000000003,CN(C)S(=O)(=O)c1ccc(C#N)cc1,BRD-K16333452,0.848279178,1.01716688,0.932723029,
65780785,O=C(NC1CC1)[C@@H]1c2ccccc2C(=O)N(Cc2cc(C(F)(F)F)cc(C(F)(F)F)c2)[C@H]1c1ccc(CO)cc1,BFWUIMYZJPDPDR-RPBOFIJWSA-N,562.169111948,5.976000000000005,O=C(NC1CC1)[C@@H]1c2ccccc2C(=O)N(Cc2cc(C(F)(F)F)cc(C(F)(F)F)c2)[C@H]1c1ccc(CO)cc1,BRD-K16368909,0.630604528,1.088716874,0.859660701,
15791509,C=CCOC(=O)[C@H]1[C@@H]2C(=O)O[C@@H](c3ccccc3)[C@@H](c3ccccc3)N2[C@@H](c2ccc(OCCOC(=O)[C@H]3C[C@H]4C(=O)N[C@@H](CCCCNC(C)=O)C(=O)N4[C@H]3c3cccc(OCCO)c3)cc2)[C@]12C(=O)Nc1ccc(I)cc12,UCQYSCJLKWJGAM-DITCLLQCSA-N,1185.32323498,6.347700000000007,C=CCOC(=O)[C@H]1[C@@H]2C(=O)O[C@@H](c3ccccc3)[C@@H](c3ccccc3)N2[C@@H](c2ccc(OCCOC(=O)[C@H]3C[C@H]4C(=O)N[C@@H](CCCCNC(C)=O)C(=O)N4[C@H]3c3cccc(OCCO)c3)cc2)[C@]12C(=O)Nc1ccc(I)cc12,BRD-K16405308,1.164456046,1.515213504,1.339834775,
90274909,CO[C@@H]1CN(C)C(=O)c2cc(NS(=O)(=O)CC(F)(F)F)ccc2OC[C@H](C)N(Cc2cccnc2)C[C@H]1C,VBAUAYUAGSDNTR-IEGUWTFLSA-N,558.2123758160001,3.3918000000000026,CO[C@@H]1CN(C)C(=O)c2cc(NS(=O)(=O)CC(F)(F)F)ccc2OC[C@H](C)N(Cc2cccnc2)C[C@H]1C,BRD-K16420341,1.095972756,0.912264054,1.004118405,
90823112,COc1ccccc1CNC(=O)C[C@@H]1CC[C@H]2[C@@H](COC[C@@H](O)CN2C(=O)Nc2ccc(Cl)cc2)O1,HVUATDLDOVDXQF-GRSYGWAWSA-N,517.197963424,3.1963000000000017,COc1ccccc1CNC(=O)C[C@@H]1CC[C@H]2[C@@H](COC[C@@H](O)CN2C(=O)Nc2ccc(Cl)cc2)O1,BRD-K16423570,0.947728897,0.929692037,0.938710467,
32896892,CN(C)CC(=O)N[C@H]1CC[C@@H](CCNS(=O)(=O)c2ccccc2)O[C@@H]1CO,DAWHJAGZAOMMID-BHYGNILZSA-N,399.182792028,-0.05869999999999792,CN(C)CC(=O)N[C@H]1CC[C@@H](CCNS(=O)(=O)c2ccccc2)O[C@@H]1CO,BRD-K16537936,1.086723526,0.879548304,0.983135915,
88340738,O=C(C[C@@H]1CC[C@H]2[C@@H](COC[C@H](O)CN2C(=O)c2ccc3c(c2)OCO3)O1)NCCN1CCCCC1,XLAZOTPHVHYBLB-MDAIXWLXSA-N,503.26315052399997,1.1570000000000007,O=C(C[C@@H]1CC[C@H]2[C@@H](COC[C@H](O)CN2C(=O)c2ccc3c(c2)OCO3)O1)NCCN1CCCCC1,BRD-K16564547,0.635210097,0.941781433,0.788495765,
34057805,COc1cccc(NC(=O)N2C[C@H](O)COC[C@H]3O[C@H](CC(=O)NCCCN4CCOCC4)CC[C@@H]32)c1,LIUAUVOSLGXEPU-TWDDROGUSA-N,520.28969962,1.0650000000000013,COc1cccc(NC(=O)N2C[C@H](O)COC[C@H]3O[C@H](CC(=O)NCCCN4CCOCC4)CC[C@@H]32)c1,BRD-K16570384,1.249655663,1.021864623,1.135760143,
70848994,COCC#Cc1ccc2c(c1)O[C@@H](CN(C)S(C)(=O)=O)[C@@H](C)CN([C@@H](C)CO)S2(=O)=O,FSZZBTJTBAEZDV-BXWFABGCSA-N,474.14944329999986,0.34450000000000097,COCC#Cc1ccc2c(c1)O[C@@H](CN(C)S(C)(=O)=O)[C@@H](C)CN([C@@H](C)CO)S2(=O)=O,BRD-K16572776,0.962869914,1.072508257,1.017689085,
32837876,O=C(C[C@@H]1C=C[C@@H](NC(=O)CN2CCOCC2)[C@H](CO)O1)NCc1cccc(F)c1,YBKWUZNDQMZJNP-OTWHNJEPSA-N,421.201299216,-0.03509999999999791,O=C(C[C@@H]1C=C[C@@H](NC(=O)CN2CCOCC2)[C@H](CO)O1)NCc1cccc(F)c1,BRD-K16573415,0.994147428,1.181154514,1.087650971,
96635947,Cc1ccc(S[C@]2(C(=O)O)CC(=O)N(Cc3ccccc3C(F)(F)F)[C@@H]2c2ccc(CO)cc2)cc1,ITPWRHCBMXQQPI-AOYPEHQESA-N,515.137813908,5.595420000000006,Cc1ccc(S[C@]2(C(=O)O)CC(=O)N(Cc3ccccc3C(F)(F)F)[C@@H]2c2ccc(CO)cc2)cc1,BRD-K16575751,0.849312063,0.915912541,0.882612302,
35764534,Cc1ccc2nc(-c3ccncc3)cc(-c3ccccc3)c2c1,PPVBXIWNUGYMPA-UHFFFAOYSA-N,296.131348512,5.2722200000000035,Cc1ccc2nc(-c3ccncc3)cc(-c3ccccc3)c2c1,BRD-K16609427,1.040009886,0.82141636,0.930713123,
42449050,C[C@@H]1CN([C@@H](C)CO)C(=O)c2cccc(NC(=O)Nc3cccc4ccccc34)c2O[C@H]1CN(C)S(=O)(=O)c1ccc2ncsc2c1,SYOJCJGVIZYQRI-DGIFUFQNSA-N,673.20287584,5.634300000000006,C[C@@H](CO)N1C[C@@H](C)[C@H](CN(C)S(=O)(=O)c2ccc3ncsc3c2)Oc2c(NC(=O)Nc3cccc4ccccc34)cccc2C1=O,BRD-K16612454,1.005746397,1.010135124,1.00794076,
92026475,O=C(C[C@@H]1CC[C@@H]2[C@H](COC[C@H](O)CN2S(=O)(=O)c2ccccc2F)O1)NCc1ccccc1Cl,GTJHAWDXWRPWPT-OSZJIOELSA-N,526.134063516,2.4836,O=C(C[C@@H]1CC[C@@H]2[C@H](COC[C@H](O)CN2S(=O)(=O)c2ccccc2F)O1)NCc1ccccc1Cl,BRD-K16631165,0.985186491,0.997085408,0.99113595,
26400561,CO[C@H](CN(C)S(=O)(=O)c1cccc(Cl)c1)[C@H](C)CN([C@H](C)CO)S(=O)(=O)c1ccc(Cl)cc1,ZQAIRSWGSLNDJM-DRSNIGMVSA-N,552.0922340400001,3.336700000000002,CO[C@H](CN(C)S(=O)(=O)c1cccc(Cl)c1)[C@H](C)CN([C@H](C)CO)S(=O)(=O)c1ccc(Cl)cc1,BRD-K16636143,0.717186516,1.084397569,0.900792042,
48169402,C[C@@H]1CN([C@@H](C)CO)S(=O)(=O)c2ccc(C#CC(C)(C)O)cc2O[C@H]1CN(C)C(=O)CN(C)C,QRXMTQJSRFMEAJ-LQWHRVPQSA-N,495.2403069039999,0.5976000000000012,C[C@@H](CO)N1C[C@@H](C)[C@H](CN(C)C(=O)CN(C)C)Oc2cc(C#CC(C)(C)O)ccc2S1(=O)=O,BRD-K16644532,0.909761863,1.139423345,1.024592604,
10082124,CC(C)CC#Cc1ccc2c(c1)O[C@@H](CN(C)Cc1cncnc1)[C@@H](C)CN([C@@H](C)CO)S2(=O)=O,UHTUMFNMNNCNNN-WATLYSKOSA-N,500.245726632,2.7748000000000013,CC(C)CC#Cc1ccc2c(c1)O[C@@H](CN(C)Cc1cncnc1)[C@@H](C)CN([C@@H](C)CO)S2(=O)=O,BRD-K16651478,0.781741014,0.847381131,0.814561073,
90271035,OCCC12CC3CC(CC(C3)C1)C2,ZBIDZPHRNBZTLT-UHFFFAOYSA-N,180.15141526,2.5852000000000004,OCCC12CC3CC(CC(C3)C1)C2,BRD-K16659099,0.928056161,0.944087239,0.9360717,
10404299,COc1cccc(NC(=O)N2C[C@H](O)COC[C@@H]3O[C@@H](CC(=O)NCc4ccccc4F)CC[C@H]32)c1,XBRBVMDUTPVCPX-VSYWRSJOSA-N,501.22751396399997,2.6820000000000004,COc1cccc(NC(=O)N2C[C@H](O)COC[C@@H]3O[C@@H](CC(=O)NCc4ccccc4F)CC[C@H]32)c1,BRD-K16665088,0.879474213,0.861186506,0.870330359,
34083109,COc1ccccc1CNC(=O)C[C@H]1C[C@@H]2c3cc(NC(=O)NC4CCCC4)ccc3O[C@@H]2[C@@H](CO)O1,DFSRPXMSRAMRJF-GKYRZQBGSA-N,509.25258583999994,3.4602000000000026,COc1ccccc1CNC(=O)C[C@H]1C[C@@H]2c3cc(NC(=O)NC4CCCC4)ccc3O[C@@H]2[C@@H](CO)O1,BRD-K16705729,1.080688549,0.821594841,0.951141695,
11470763,C[C@H](NC(=O)C[C@@H]1CC[C@H](NC(=O)CN2CCOCC2)[C@H](CO)O1)c1ccccc1,VZQKOZAJNGTVKC-LEAZDLGRSA-N,419.24202115599996,0.6108000000000029,C[C@H](NC(=O)C[C@@H]1CC[C@H](NC(=O)CN2CCOCC2)[C@H](CO)O1)c1ccccc1,BRD-K16717067,1.031985476,0.9978333,1.014909388,
29665433,Cc1c(/C=N/c2ccc(C(C)C)cc2)sc2ccccc12,XVKHOFNHVMJEND-UHFFFAOYSA-N,293.123820608,6.083720000000004,Cc1c(/C=N/c2ccc(C(C)C)cc2)sc2ccccc12,BRD-K16724320,0.939537595,1.060971998,1.000254797,
81084125,CC(C)NC(=O)N(C)C[C@H]1Oc2cc(C#Cc3cccc(F)c3)ccc2S(=O)(=O)N([C@H](C)CO)C[C@@H]1C,GCLSKYJYFXHQJH-WZOHSFFVSA-N,531.220320408,3.0439000000000016,CC(C)NC(=O)N(C)C[C@H]1Oc2cc(C#Cc3cccc(F)c3)ccc2S(=O)(=O)N([C@H](C)CO)C[C@@H]1C,BRD-K16769551,0.844278991,0.960924898,0.902601945,
15883551,Cc1ccc(S(=O)(=O)N2C[C@@H](O)COC[C@H]3O[C@H](CC(=O)NCc4ccc5c(c4)OCO5)CC[C@@H]32)cc1,HNAQDDNENYJUKU-QIRSKFFZSA-N,532.187936984,1.7282199999999992,Cc1ccc(S(=O)(=O)N2C[C@@H](O)COC[C@H]3O[C@H](CC(=O)NCc4ccc5c(c4)OCO5)CC[C@@H]32)cc1,BRD-K16782389,0.733833042,0.964548676,0.849190859,
10757661,O=C(CN1CCOCC1)N[C@@H]1CC[C@@H](CCn2cc(C3CC3)nn2)O[C@H]1CO,BLQFBUSGGJWCTG-JZXOWHBKSA-N,393.237604472,-0.09749999999999742,O=C(CN1CCOCC1)N[C@@H]1CC[C@@H](CCn2cc(C3CC3)nn2)O[C@H]1CO,BRD-K16786967,1.070323723,1.017422185,1.043872954,
61361671,O=C1NCC(=O)N2[C@@H]1C[C@@H](C(=O)O)[C@H]2c1ccc(O)cc1,XXCHHAWXLBRHHY-CKYFFXLPSA-N,290.090271548,-0.13520000000000038,O=C(O)[C@@H]1C[C@@H]2C(=O)NCC(=O)N2[C@@H]1c1ccc(O)cc1,BRD-K16794892,0.929916647,0.988907485,0.959412066,
58289560,CN(CCO)S(=O)(=O)c1ccc2c(c1)C(=NO)c1cc(S(=O)(=O)N(C)CCO)ccc1-2,ANRLXXGZJFTJHC-UHFFFAOYSA-N,469.097742076,0.11920000000000025,CN(CCO)S(=O)(=O)c1ccc2c(c1)C(=NO)c1cc(S(=O)(=O)N(C)CCO)ccc1-2,BRD-K16854767,1.070002336,0.982830953,1.026416644,
63465783,Cc1ccc(S[C@]2(C(=O)NCCCN(C)C)CC(=O)N(Cc3ccccc3C(F)(F)F)[C@@H]2c2ccc(CO)cc2)cc1,QVSBFUYPXXMWEC-BVRKHOPBSA-N,599.242947672,5.578720000000006,Cc1ccc(S[C@]2(C(=O)NCCCN(C)C)CC(=O)N(Cc3ccccc3C(F)(F)F)[C@@H]2c2ccc(CO)cc2)cc1,BRD-K16888512,1.157147174,0.872015865,1.01458152,
84599637,Cn1cnc(S(=O)(=O)N2C[C@H](O)COC[C@@H]3O[C@@H](CC(=O)NC4CCCC4)CC[C@H]32)c1,QENUMWMCMHNVCJ-MLHJIOFPSA-N,456.20425574399997,0.1670000000000016,Cn1cnc(S(=O)(=O)N2C[C@H](O)COC[C@@H]3O[C@@H](CC(=O)NC4CCCC4)CC[C@H]32)c1,BRD-K16891057,1.0212548,1.003746264,1.012500532,
94354238,COc1ccc(COCC23Oc4ccccc4[C@H]([C@H]2COC(=O)NCCCCCC(=O)NO)n2c(c4c(c(C(C)=O)c2=O)C(=O)N(C)C4=O)N3C)cc1,MJVZUFYGVSUHNN-QETUSLJPSA-N,731.2802571320001,3.0382000000000016,COc1ccc(COCC23Oc4ccccc4[C@H]([C@H]2COC(=O)NCCCCCC(=O)NO)n2c(c4c(c(C(C)=O)c2=O)C(=O)N(C)C4=O)N3C)cc1,BRD-K16897640,0.784304404,1.173618653,0.978961529,
74034153,COC(=O)c1c2oc(c1C(=O)OC)C(=O)N[C@H](Cc1ccccc1)Cn1cc(nn1)[C@@H](Cc1ccccc1)NC(=O)N[C@@H](CO)CC2,XNGLKQMZVCAXIE-WXFUMESZSA-N,644.2594621120002,2.3757,COC(=O)c1c2oc(c1C(=O)OC)C(=O)N[C@H](Cc1ccccc1)Cn1cc(nn1)[C@@H](Cc1ccccc1)NC(=O)N[C@@H](CO)CC2,BRD-K16918622,1.120056168,1.100440959,1.110248563,
89299943,COc1ccccc1-c1cnc2c(c1)C(=O)N([C@@H](C)CO)C[C@H](C)[C@H](CN(C)C(=O)c1ccncc1)O2,NLFSWGHGYXLIAA-MHPIHPPYSA-N,504.23727012399996,3.1445000000000016,COc1ccccc1-c1cnc2c(c1)C(=O)N([C@@H](C)CO)C[C@H](C)[C@H](CN(C)C(=O)c1ccncc1)O2,BRD-K16927069,1.01014528,0.972784796,0.991465038,
71079542,O=C(CN1CCOCC1)NCC[C@@H]1CC[C@@H](NC(=O)c2ccc3c(c2)OCO3)[C@@H](CO)O1,NAHOTKSUDDAWEB-SQGPQFPESA-N,449.2162003319999,-0.10789999999999761,O=C(CN1CCOCC1)NCC[C@@H]1CC[C@@H](NC(=O)c2ccc3c(c2)OCO3)[C@@H](CO)O1,BRD-K16943897,0.977276471,0.916699497,0.946987984,
57060421,O=C(C[C@H]1CC[C@H]2[C@@H](COC[C@H](O)CN2C(=O)Nc2ccc3c(c2)OCO3)O1)N1CCN(c2ccccc2)CC1,AKSBFUUFZOTOGB-CHQSNSNVSA-N,552.258399492,2.2954,O=C(C[C@H]1CC[C@H]2[C@@H](COC[C@H](O)CN2C(=O)Nc2ccc3c(c2)OCO3)O1)N1CCN(c2ccccc2)CC1,BRD-K16944703,1.077607868,0.923238239,1.000423054,
90409514,O=C(C[C@@H]1CC[C@H]2[C@@H](COC[C@H](O)CN2Cc2ccccc2F)O1)N[C@H]1CCN(Cc2ccccc2)C1,SYGGXHBJBPLYDK-YTFMROOWSA-N,511.284634916,2.7157999999999998,O=C(C[C@@H]1CC[C@H]2[C@@H](COC[C@H](O)CN2Cc2ccccc2F)O1)N[C@H]1CCN(Cc2ccccc2)C1,BRD-K16969291,1.002625372,0.913737922,0.958181647,
10352045,Cc1ccccc1OCC(=O)NCC(=O)O,SBWREBQZWYMHJS-UHFFFAOYSA-N,223.084457896,0.5746200000000001,Cc1ccccc1OCC(=O)NCC(=O)O,BRD-K16972835,0.899521347,1.094865337,0.997193342,
10888247,C[C@H]1CN([C@@H](C)CO)S(=O)(=O)c2ccc(C3=CCCCC3)cc2O[C@@H]1CN(C)C(=O)C1CCOCC1,QGQQAQHDJARTFG-ZYLNGJIFSA-N,520.2607079999999,3.2976000000000028,C[C@H]1CN([C@@H](C)CO)S(=O)(=O)c2ccc(C3=CCCCC3)cc2O[C@@H]1CN(C)C(=O)C1CCOCC1,BRD-K16991828,0.93193442,0.94876589,0.940350155,
34100106,Cc1ccc(S[C@]2(C(=O)NCc3ccccc3)CC(=O)N(Cc3ccccc3C(F)(F)F)[C@@H]2c2ccc(CO)cc2)cc1,VMPSDYYLPYXKIG-ZQWAWDFXSA-N,604.200748512,6.827220000000008,Cc1ccc(S[C@]2(C(=O)NCc3ccccc3)CC(=O)N(Cc3ccccc3C(F)(F)F)[C@@H]2c2ccc(CO)cc2)cc1,BRD-K16993761,0.991454241,1.253355076,1.122404658,
10510048,COc1cccc(S(=O)(=O)N(C)C[C@@H]2Oc3cc(C#CCC(C)C)ccc3S(=O)(=O)N([C@H](C)CO)C[C@@H]2C)c1,YZGJHQRTJQOLDQ-XXAUWVGASA-N,578.212043556,3.182100000000002,COc1cccc(S(=O)(=O)N(C)C[C@@H]2Oc3cc(C#CCC(C)C)ccc3S(=O)(=O)N([C@H](C)CO)C[C@@H]2C)c1,BRD-K17075055,1.347956716,1.303497533,1.325727125,
42063898,CN(C)C(=O)C[C@@H]1CC[C@@H]2[C@H](COC[C@@H](O)CN2S(=O)(=O)c2ccccc2)O1,UTCINOJCUIPVBV-ONIAQPFYSA-N,412.1668076159999,0.46290000000000103,CN(C)C(=O)C[C@@H]1CC[C@@H]2[C@H](COC[C@@H](O)CN2S(=O)(=O)c2ccccc2)O1,BRD-K17086379,1.072304852,1.050509242,1.061407047,
10713215,Cn1cnc(S(=O)(=O)N2C[C@H](O)COC[C@H]3O[C@@H](CC(=O)NC4CCCC4)CC[C@@H]32)c1,QENUMWMCMHNVCJ-XWTMOSNGSA-N,456.20425574399997,0.1670000000000016,Cn1cnc(S(=O)(=O)N2C[C@H](O)COC[C@H]3O[C@@H](CC(=O)NC4CCCC4)CC[C@@H]32)c1,BRD-K17113070,1.091519164,0.91691442,1.004216792,
73240712,C[C@@H]1CN([C@H](C)CO)S(=O)(=O)c2ccc(C#Cc3ccncc3)cc2O[C@@H]1CN(C)S(=O)(=O)c1ccc(F)cc1,YKPSJTGOQQELHG-LGVUCKNBSA-N,587.1560059,2.7098000000000013,C[C@@H]1CN([C@H](C)CO)S(=O)(=O)c2ccc(C#Cc3ccncc3)cc2O[C@@H]1CN(C)S(=O)(=O)c1ccc(F)cc1,BRD-K17157840,1.013288093,0.807986485,0.910637289,
29890454,O=C(C[C@@H]1CC[C@@H]2[C@H](COC[C@H](O)CN2S(=O)(=O)c2cccc(Cl)c2)O1)NCCCN1CCOCC1,NSWUNGNCNKXHFP-SKWRMQMOSA-N,545.196249172,0.8666000000000014,O=C(C[C@@H]1CC[C@@H]2[C@H](COC[C@H](O)CN2S(=O)(=O)c2cccc(Cl)c2)O1)NCCCN1CCOCC1,BRD-K17206220,0.867439057,0.874506191,0.870972624,
54171611,C(=N/c1ccc2ccccc2c1)\Nc1ccc2ccccc2c1,MITZONZIVMJISG-UHFFFAOYSA-N,296.131348512,5.7649000000000035,C(=N/c1ccc2ccccc2c1)\Nc1ccc2ccccc2c1,BRD-K17223897,0.23243534,0.309166987,0.270801163,
72093232,Cn1cnc(CCNC(=O)C[C@H]2CC[C@@H]3[C@H](COC[C@@H](O)CN3C(=O)C3CC3)O2)c1,GUWKGYLKFCPJGV-MANSERQUSA-N,420.23727012399996,0.014800000000002589,Cn1cnc(CCNC(=O)C[C@H]2CC[C@@H]3[C@H](COC[C@@H](O)CN3C(=O)C3CC3)O2)c1,BRD-K17237409,0.962504942,0.751849134,0.857177038,
98529723,NCCN1CCN(c2ccc(F)cc2)CC1,ARMGEGHYHDTIII-UHFFFAOYSA-N,223.14847579599999,0.9063999999999992,NCCN1CCN(c2ccc(F)cc2)CC1,BRD-K17241119,1.035993897,1.014148926,1.025071411,
34516483,COCC#Cc1ccc2c(c1)O[C@H](CN(C)S(=O)(=O)c1cccc(OC)c1)[C@H](C)CN([C@H](C)CO)S2(=O)=O,ZXJISFXGGDRHOY-UMEGOILYSA-N,566.1756580480001,1.7824000000000004,COCC#Cc1ccc2c(c1)O[C@H](CN(C)S(=O)(=O)c1cccc(OC)c1)[C@H](C)CN([C@H](C)CO)S2(=O)=O,BRD-K17263452,0.853583877,0.926946878,0.890265377,
38743651,COCCCNC(=O)[C@]1(Cc2ccccc2N=[N+]=[N-])N=C(c2ccc(OCCCO)cc2)O[C@@H]1c1ccccc1,CHYRVWRDWOURNT-POURPWNDSA-N,543.2481691559999,5.041900000000005,COCCCNC(=O)[C@]1(Cc2ccccc2N=[N+]=[N-])N=C(c2ccc(OCCCO)cc2)O[C@@H]1c1ccccc1,BRD-K17308976,0.654354038,0.840108485,0.747231262,
50951529,CC(C)CC#Cc1ccc2c(c1)O[C@@H](CN(C)C(=O)NC1CCCC1)[C@@H](C)CN([C@@H](C)CO)S2(=O)=O,FCPOTZLLZQEMNY-WATLYSKOSA-N,519.276692412,3.436800000000002,CC(C)CC#Cc1ccc2c(c1)O[C@@H](CN(C)C(=O)NC1CCCC1)[C@@H](C)CN([C@@H](C)CO)S2(=O)=O,BRD-K17323099,0.906696711,1.115677149,1.01118693,
83841790,O=C(C[C@@H]1CC[C@@H]2[C@H](COC[C@H](O)CN2S(=O)(=O)c2ccccc2Cl)O1)NCc1ccccc1Cl,DXOUIULIVBUQRY-OSZJIOELSA-N,542.1045129759999,2.9979000000000005,O=C(C[C@@H]1CC[C@@H]2[C@H](COC[C@H](O)CN2S(=O)(=O)c2ccccc2Cl)O1)NCc1ccccc1Cl,BRD-K17332013,0.930017907,0.950585994,0.940301951,
57788626,O=C(C[C@@H]1CC[C@@H]2[C@H](COC[C@H](O)CN2C(=O)c2ccncc2)O1)NC1CCC1,CTCPSWIUXSZTMR-HCXYKTFWSA-N,403.210721028,0.8898999999999995,O=C(C[C@@H]1CC[C@@H]2[C@H](COC[C@H](O)CN2C(=O)c2ccncc2)O1)NC1CCC1,BRD-K17344836,1.092808787,1.030554041,1.061681414,
10947854,C[C@@H]1CN([C@@H](C)CO)C(=O)CCCn2cc(nn2)CO[C@H]1CN(C)C(=O)c1ccc(N2CCN(C)CC2)cc1,OIASBGFOQSUHIL-UFPGJGBJSA-N,541.337652856,1.3266000000000018,C[C@@H](CO)N1C[C@@H](C)[C@H](CN(C)C(=O)c2ccc(N3CCN(C)CC3)cc2)OCc2cn(nn2)CCCC1=O,BRD-K17360472,1.104229141,1.165115583,1.134672362,
10946959,COc1cc2c(cc1OC)CN(C(=O)[C@H]1[C@@H]3C(=O)O[C@@H](c4ccccc4)[C@@H](c4ccccc4)N3[C@@H](c3ccccc3OCCO)[C@]13C(=O)Nc1ccc(C#CC4(O)CCCCCC4)cc13)CC2,NPHYJLDMGDCBES-SYYAGSLLSA-N,901.39383034,7.36760000000001,COc1cc2c(cc1OC)CN(C(=O)[C@H]1[C@@H]3C(=O)O[C@@H](c4ccccc4)[C@@H](c4ccccc4)N3[C@@H](c3ccccc3OCCO)[C@]13C(=O)Nc1ccc(C#CC4(O)CCCCCC4)cc13)CC2,BRD-K17450570,1.135055952,1.17354612,1.154301036,
10416424,CSc1sc(C)cc1/C=N/O,KCCLPFMBYNECMY-UHFFFAOYSA-N,187.012555908,2.58652,CSc1sc(C)cc1/C=N/O,BRD-K17559947,0.944258253,1.077887591,1.011072922,
27063732,C=CCC[C@H](Cc1ccc(F)cc1)C(=O)OC[C@@H]1CCCN1C(=O)[C@H](CC=C)CC(=O)N(CCO)Cc1ccccc1,XMADNOJCCWDQTP-XQKNLLDYSA-N,578.3156006959999,5.088300000000006,C=CCC[C@H](Cc1ccc(F)cc1)C(=O)OC[C@@H]1CCCN1C(=O)[C@H](CC=C)CC(=O)N(CCO)Cc1ccccc1,BRD-K17582644,0.828871369,1.141168016,0.985019693,
37363280,C[C@@H]1CN([C@@H](C)CO)S(=O)(=O)c2ccc(C#CC3(O)CCCC3)cc2O[C@@H]1CN(C)C(=O)c1cccnc1,WKIFXSCDZKRENS-TYBLODHISA-N,541.2246568399999,2.278999999999999,C[C@@H](CO)N1C[C@@H](C)[C@@H](CN(C)C(=O)c2cccnc2)Oc2cc(C#CC3(O)CCCC3)ccc2S1(=O)=O,BRD-K17619044,1.058332529,1.042343055,1.050337792,
27298161,Fc1ccc(-c2n[nH]c(=S)o2)cc1,XKMWJXQWLNRDRC-UHFFFAOYSA-N,196.010662,2.53829,Fc1ccc(-c2n[nH]c(=S)o2)cc1,BRD-K17647364,1.077341718,1.171427302,1.12438451,
86630702,Cc1cccc(NC(=O)Nc2ccc3c(c2)C(=O)N(C)[C@@H]2CC[C@@H](CC(=O)NCc4ccccc4Cl)O[C@H]2CO3)c1,SECMWWJMRQEFAV-AQHOXQCLSA-N,576.213947836,5.379520000000005,Cc1cccc(NC(=O)Nc2ccc3c(c2)C(=O)N(C)[C@@H]2CC[C@@H](CC(=O)NCc4ccccc4Cl)O[C@H]2CO3)c1,BRD-K17654006,1.077753488,1.055258733,1.06650611,
27922349,C[C@H](NC(=O)C[C@H]1C[C@H]2c3cc(NC(=O)Nc4ccc(C(F)(F)F)cc4)ccc3O[C@H]2[C@H](CO)O1)c1ccccc1,HZCFRKFPOJNJBV-ZTXNXLIXSA-N,569.21375572,5.611300000000005,C[C@H](NC(=O)C[C@H]1C[C@H]2c3cc(NC(=O)Nc4ccc(C(F)(F)F)cc4)ccc3O[C@H]2[C@H](CO)O1)c1ccccc1,BRD-K17686770,0.774260717,0.734560434,0.754410576,
87339453,O=C(C[C@@H]1CC=CC[C@H](NC(=O)OCC2c3ccccc3-c3ccccc32)C(=O)OC[C@H](Cc2ccccc2)NC1=O)N[C@H](CO)Cc1ccccc1,QEHNZZOMPYGTJH-AUUMHAPGSA-N,715.32575078,5.240500000000005,O=C(C[C@@H]1CC=CC[C@H](NC(=O)OCC2c3ccccc3-c3ccccc32)C(=O)OC[C@H](Cc2ccccc2)NC1=O)N[C@H](CO)Cc1ccccc1,BRD-K17743063,0.716841252,1.071881775,0.894361514,
11271912,COc1ccc2oc(C(C)=O)cc2c1,DZOXPAYEAYNYMA-UHFFFAOYSA-N,190.06299418,2.644000000000001,COc1ccc2oc(C(C)=O)cc2c1,BRD-K17789011,0.743712359,1.016767609,0.880239984,
51253475,CN(C)CC(=O)N[C@@H]1CC[C@H](CCNC(=O)C2CCC2)O[C@H]1CO,JSZSNWADUSCDCO-KFWWJZLASA-N,341.231456472,-0.12089999999999751,CN(C)CC(=O)N[C@@H]1CC[C@H](CCNC(=O)C2CCC2)O[C@H]1CO,BRD-K17799075,1.01312683,1.070819604,1.041973217,
86581092,COCC#Cc1ccc2c(c1)O[C@H](CN(C)S(C)(=O)=O)[C@H](C)CN([C@H](C)CO)S2(=O)=O,FSZZBTJTBAEZDV-GPMSIDNRSA-N,474.14944329999986,0.34450000000000097,COCC#Cc1ccc2c(c1)O[C@H](CN(C)S(C)(=O)=O)[C@H](C)CN([C@H](C)CO)S2(=O)=O,BRD-K17838099,1.109230086,0.916433489,1.012831788,
53072163,O=C(C[C@H]1CC[C@@H](NC(=O)Cc2ccccn2)[C@@H](CO)O1)NCCCN1CCOCC1,CVHIZSVIEZMNNY-VAMGGRTRSA-N,434.252920188,-0.12259999999999716,O=C(C[C@H]1CC[C@@H](NC(=O)Cc2ccccn2)[C@@H](CO)O1)NCCCN1CCOCC1,BRD-K17858515,1.090258522,0.924186413,1.007222468,
33715535,CC(C)CC#Cc1cnc2c(c1)C(=O)N([C@@H](C)CO)C[C@@H](C)[C@H](CN(C)C(=O)CN1CCOCC1)O2,GTVZJZCAICGADH-DPLHUUCSSA-N,500.29987037999996,1.4899000000000011,CC(C)CC#Cc1cnc2c(c1)C(=O)N([C@@H](C)CO)C[C@@H](C)[C@H](CN(C)C(=O)CN1CCOCC1)O2,BRD-K17878514,1.151677868,0.946320967,1.048999417,
93555227,COCc1cn(CC[C@H]2CC[C@@H](NC(=O)CCN3CCCCC3)[C@H](CO)O2)nn1,CYRTZVXHJYKGTM-QRVBRYPASA-N,409.2689046,0.7153000000000016,COCc1cn(CC[C@H]2CC[C@@H](NC(=O)CCN3CCCCC3)[C@H](CO)O2)nn1,BRD-K17882933,1.002608453,0.99316204,0.997885247,
81426653,CO[C@H]1CN(C)C(=O)c2cc(NC(=O)C3CCOCC3)ccc2OC[C@@H](C)N(Cc2cccnc2)C[C@H]1C,WKDBULKSLWTRKP-GNMOFYLKSA-N,524.29987038,3.4529000000000014,CO[C@H]1CN(C)C(=O)c2cc(NC(=O)C3CCOCC3)ccc2OC[C@@H](C)N(Cc2cccnc2)C[C@H]1C,BRD-K17891672,1.064988978,1.173355278,1.119172128,
10374289,CC(=O)N[C@@H](Cc1ccccc1)C(=O)NN,MOHZWNYYBDQVIW-JTQLQIEISA-N,221.11642672,-0.2762999999999999,CC(=O)N[C@@H](Cc1ccccc1)C(=O)NN,BRD-K17909399,1.011942208,1.142906775,1.077424492,
79969701,C[C@H]1CN([C@@H](C)CO)S(=O)(=O)c2ccc(C#Cc3ccc(F)cc3)cc2O[C@H]1CN(C)S(=O)(=O)c1cn(C)cn1,PFRUQEWIEFRBGN-RLSLOFABSA-N,590.1669049319999,2.0483000000000002,C[C@H]1CN([C@@H](C)CO)S(=O)(=O)c2ccc(C#Cc3ccc(F)cc3)cc2O[C@H]1CN(C)S(=O)(=O)c1cn(C)cn1,BRD-K17944013,0.949604554,1.101890956,1.025747755,
10512315,c1cc2c(cc1-c1nn[nH]n1)OCO2,RGZDBHMVHIGDEC-UHFFFAOYSA-N,190.049075432,0.5953999999999996,c1cc2c(cc1-c1nn[nH]n1)OCO2,BRD-K17944858,1.112089066,0.807039569,0.959564317,
70613491,O=C(C[C@@H]1CC[C@H]2[C@@H](COC[C@@H](O)CN2C(=O)C2CC2)O1)NCc1ccncc1,NUQLFHMRZBUOFG-CADBVGFASA-N,403.210721028,0.6338000000000008,O=C(C[C@@H]1CC[C@H]2[C@@H](COC[C@@H](O)CN2C(=O)C2CC2)O1)NCc1ccncc1,BRD-K17969806,1.215622623,0.997314118,1.10646837,
64887187,CO[C@H]1CN(C)C(=O)c2cc(NS(=O)(=O)c3cn(C)cn3)ccc2OC[C@@H](C)N(CCC(F)(F)F)C[C@H]1C,QGILEVYYFFUMMM-LZJOCLMNSA-N,561.2232748480001,2.9793000000000003,CO[C@H]1CN(C)C(=O)c2cc(NS(=O)(=O)c3cn(C)cn3)ccc2OC[C@@H](C)N(CCC(F)(F)F)C[C@H]1C,BRD-K17997527,0.991256632,0.971019227,0.98113793,
19904638,O=C(C[C@@H]1CC[C@@H]2[C@H](COC[C@@H](O)CN2S(=O)(=O)c2ccccc2)O1)N1CCOCC1,YFWNIBNJEZCLCG-XEYPJELSSA-N,454.17737229999994,0.23350000000000137,O=C(C[C@@H]1CC[C@@H]2[C@H](COC[C@@H](O)CN2S(=O)(=O)c2ccccc2)O1)N1CCOCC1,BRD-K18022616,0.999045689,1.052936164,1.025990926,
75869685,O=C(C[C@@H]1C=C[C@H](NS(=O)(=O)c2ccc(F)cc2)[C@H](CO)O1)NCCN1CCCCC1,ODPBSEVTJBXXEN-IHPCNDPISA-N,455.18902027999997,0.7807000000000004,O=C(C[C@@H]1C=C[C@H](NS(=O)(=O)c2ccc(F)cc2)[C@H](CO)O1)NCCN1CCCCC1,BRD-K18030253,0.884673934,1.004695483,0.944684709,
42773485,O=C(C[C@H]1C=C[C@@H](NS(=O)(=O)c2ccc(F)cc2)[C@H](CO)O1)NCCN1CCCCC1,ODPBSEVTJBXXEN-RLLQIKCJSA-N,455.18902027999997,0.7807000000000004,O=C(C[C@H]1C=C[C@@H](NS(=O)(=O)c2ccc(F)cc2)[C@H](CO)O1)NCCN1CCCCC1,BRD-K18090156,1.003146452,0.944842924,0.973994688,
85123708,O=C(O[C@@H]1Cc2c(O)cc(O)cc2O[C@@H]1c1cc(O)c(O)c(O)c1-c1c([C@H]2Oc3cc(O)cc(O)c3C[C@H]2O)cc(O)c(O)c1O)c1cc(O)c(O)c(O)c1,CTVAVEOYQKVFFY-DUSGSIEYSA-N,762.1432141200002,3.46530000000001,O=C(O[C@@H]1Cc2c(O)cc(O)cc2O[C@@H]1c1cc(O)c(O)c(O)c1-c1c([C@H]2Oc3cc(O)cc(O)c3C[C@H]2O)cc(O)c(O)c1O)c1cc(O)c(O)c(O)c1,BRD-K18102428,0.822831074,0.837551514,0.830191294,
83600666,CN1CCN(C(=O)C[C@@H]2CC[C@@H]3[C@H](COC[C@H](O)CN3C(=O)C3CC3)O2)CC1,QJPWKQWEWCVYAD-XDNAFOTISA-N,395.24202115599996,-0.3035999999999963,CN1CCN(C(=O)C[C@@H]2CC[C@@H]3[C@H](COC[C@H](O)CN3C(=O)C3CC3)O2)CC1,BRD-K18111267,1.05587025,0.919980016,0.987925133,
45816397,O=C(CN1CCOCC1)NCC[C@H]1CC[C@@H](NC(=O)Nc2ccccc2)[C@H](CO)O1,XHSOCIDTCYSAHN-QRVBRYPASA-N,420.23727012399996,0.5551000000000033,O=C(CN1CCOCC1)NCC[C@H]1CC[C@@H](NC(=O)Nc2ccccc2)[C@H](CO)O1,BRD-K18123369,0.811439627,0.983373961,0.897406794,
10557784,c1coc(CNc2nc[n+]3c4c2ncn4CC3)c1,CMRZPCFQWWXGHV-UHFFFAOYSA-O,242.10363642408998,0.9375,c1coc(CNc2nc[n+]3c4c2ncn4CC3)c1,BRD-K18130324,0.981167444,1.053808536,1.01748799,
94151934,CO[C@H]1CN(C)C(=O)c2cc(NC(=O)c3ccc(F)cc3)ccc2OC[C@@H](C)N(C(=O)CN(C)C)C[C@@H]1C,JWVSYBUNCRQTID-CEYNDMKZSA-N,528.274798504,2.9722000000000017,CO[C@H]1CN(C)C(=O)c2cc(NC(=O)c3ccc(F)cc3)ccc2OC[C@@H](C)N(C(=O)CN(C)C)C[C@@H]1C,BRD-K18179332,1.006212093,1.031123973,1.018668033,
77801920,CC(C)C[C@@H]1NC(=O)[C@H]2C[C@@H](C(=O)NCCCCCCNC(=O)CS)[C@@H](c3ccc(O)cc3)N2C1=O,TYHUNUBDCQKJAE-ADYITMSISA-N,518.256291316,1.9174999999999989,CC(C)C[C@@H]1NC(=O)[C@H]2C[C@@H](C(=O)NCCCCCCNC(=O)CS)[C@@H](c3ccc(O)cc3)N2C1=O,BRD-K18220547,0.936707959,1.129320375,1.033014167,
26424545,O=C(C[C@H]1CC[C@H]2[C@@H](COC[C@@H](O)CN2C(=O)c2ccccc2F)O1)N1CCN(c2ccccc2)CC1,LQUBZWVGVQMBOF-MRGHISEYSA-N,511.248249408,2.314099999999999,O=C(C[C@H]1CC[C@H]2[C@@H](COC[C@@H](O)CN2C(=O)c2ccccc2F)O1)N1CCN(c2ccccc2)CC1,BRD-K18245465,0.891901724,0.971548347,0.931725035,
89524345,C=CC[C@@H](CC(=O)NCCO)C(=O)NC[C@H](OC(=O)[C@@H](CC=C)CC(=O)OC(C)(C)C)c1ccccc1,XKDCCACTKXLOID-VABKMULXSA-N,516.2835516199999,3.0021000000000013,C=CC[C@@H](CC(=O)NCCO)C(=O)NC[C@H](OC(=O)[C@@H](CC=C)CC(=O)OC(C)(C)C)c1ccccc1,BRD-K18336512,0.736863444,0.748261912,0.742562678,
63292914,CCOc1ccc(/C=C/C(=O)Sc2ccc(Cl)cc2)cc1,SLPQOTDLSRIWMG-UHFFFAOYSA-N,318.04812840000005,5.070800000000004,CCOc1ccc(/C=C/C(=O)Sc2ccc(Cl)cc2)cc1,BRD-K18341751,1.385351898,1.55814483,1.471748364,
98514698,COC(=O)CCn1cc(F)c(N)nc1=O,XEHYZCIJESBTCO-UHFFFAOYSA-N,215.0706194,-0.47230000000000033,COC(=O)CCn1cc(F)c(N)nc1=O,BRD-K18346355,0.943961608,1.198847837,1.071404722,
11472349,COc1ccc(S(=O)(=O)N(C)C[C@@H]2Oc3cc(C#CC4CC4)ccc3S(=O)(=O)N([C@H](C)CO)C[C@H]2C)cc1,MAUOQBUIPNHOQE-KYTVRQNUSA-N,562.180743428,2.5460000000000003,COc1ccc(S(=O)(=O)N(C)C[C@@H]2Oc3cc(C#CC4CC4)ccc3S(=O)(=O)N([C@H](C)CO)C[C@H]2C)cc1,BRD-K18357464,1.14641506,1.075953463,1.111184261,
25525746,C[C@@H]1CN([C@H](C)CO)C(=O)c2cc(C#CC3(O)CCCC3)cnc2O[C@@H]1CN(C)C(=O)Cc1ccccc1,BKBCBPZEPKYUAP-XLGIIRLISA-N,519.273321284,2.6594000000000007,C[C@@H]1CN([C@H](C)CO)C(=O)c2cc(C#CC3(O)CCCC3)cnc2O[C@@H]1CN(C)C(=O)Cc1ccccc1,BRD-K18359391,0.963568968,1.042236995,1.002902981,
10432421,O=C(NCC(F)(F)F)[C@@H]1c2ccccc2C(=O)N(Cc2cc(C(F)(F)F)cc(C(F)(F)F)c2)[C@H]1c1ccc(CO)cc1,XXCWMYDYOJHJQD-PKTZIBPZSA-N,604.140846512,6.375900000000005,O=C(NCC(F)(F)F)[C@@H]1c2ccccc2C(=O)N(Cc2cc(C(F)(F)F)cc(C(F)(F)F)c2)[C@H]1c1ccc(CO)cc1,BRD-K18365442,1.017607714,0.952709919,0.985158817,
32840969,C(=N/c1cc(-c2ccccc2)nn1-c1ccccc1)\c1ccccc1,GSKGVYBLHSNQOJ-UHFFFAOYSA-N,323.14224754400004,5.289900000000003,C(=N/c1cc(-c2ccccc2)nn1-c1ccccc1)\c1ccccc1,BRD-K18365952,1.143908062,0.995873492,1.069890777,
11230740,O=C(O)COCC(=O)Nc1cnccn1,WTPOIIGOUAFHPX-UHFFFAOYSA-N,211.05930576799997,-0.4837000000000007,O=C(O)COCC(=O)Nc1cnccn1,BRD-K18420974,0.995561934,1.180175375,1.087868655,
92434648,COc1ccc(-c2ccc3c(c2)O[C@H](CN(C)CC2CCOCC2)[C@@H](C)CN([C@@H](C)CO)S3(=O)=O)cc1,QTNBYNGHMARMRP-NOMHHCBYSA-N,532.2607079999999,3.489200000000002,COc1ccc(-c2ccc3c(c2)O[C@H](CN(C)CC2CCOCC2)[C@@H](C)CN([C@@H](C)CO)S3(=O)=O)cc1,BRD-K18509242,0.763612768,1.036832768,0.900222768,
86836450,COc1ccc(-c2cn(CCNC(=O)[C@H](Cc3ccccc3)NS(=O)(=O)c3ccc(C)cc3)nn2)cc1OC,SLIAYTWPOFZURT-DEOSSOPVSA-N,549.204590092,2.976720000000001,COc1ccc(-c2cn(CCNC(=O)[C@H](Cc3ccccc3)NS(=O)(=O)c3ccc(C)cc3)nn2)cc1OC,BRD-K18510532,0.94643759,1.06922596,1.007831775,
63892520,CNc1nc(OC)cc(OC)n1,WFTYQAAQDFQSGL-UHFFFAOYSA-N,169.085126592,0.5354999999999999,CNc1nc(OC)cc(OC)n1,BRD-K18526509,1.166540765,1.188825265,1.177683015,
10368294,O=C(NCc1csnn1)c1csnn1,YVSWXSBRWPISCI-UHFFFAOYSA-N,226.99355178,0.31960000000000005,O=C(NCc1csnn1)c1csnn1,BRD-K18547292,0.793768197,1.031811892,0.912790045,
44577876,O=C(C[C@H]1CC[C@H]2[C@@H](COC[C@@H](O)CN2S(=O)(=O)c2ccc(F)cc2)O1)N[C@H]1CCN(Cc2ccccc2)C1,FOUHJPDBUQOMDO-JEDUSWOHSA-N,561.230885092,1.9044999999999999,O=C(C[C@H]1CC[C@H]2[C@@H](COC[C@@H](O)CN2S(=O)(=O)c2ccc(F)cc2)O1)N[C@H]1CCN(Cc2ccccc2)C1,BRD-K18558478,1.172101655,1.106493298,1.139297476,
11218227,C[C@@H]1CN([C@@H](C)CO)S(=O)(=O)c2ccc(C#CC3CC3)cc2O[C@@H]1CN(C)Cc1ccc(F)cc1,NSMSKGXQUOLWGD-BVFVYWQFSA-N,500.214506756,3.4878000000000027,C[C@@H](CO)N1C[C@@H](C)[C@@H](CN(C)Cc2ccc(F)cc2)Oc2cc(C#CC3CC3)ccc2S1(=O)=O,BRD-K18612339,1.129842718,1.12539362,1.127618169,
50187960,C=CCOC(=O)[C@@H]1[C@H]2C(=O)O[C@H](c3ccccc3)[C@H](c3ccccc3)N2[C@H](c2ccc(OCCOC(=O)[C@H]3C[C@H]4C(=O)N5CCC[C@H]5C(=O)N4[C@H]3c3ccc(O)cc3)cc2)[C@@]12C(=O)Nc1ccccc12,SZLCGBMHLAKHRV-DFLMRMHJSA-N,942.34760842,6.277400000000008,C=CCOC(=O)[C@@H]1[C@H]2C(=O)O[C@H](c3ccccc3)[C@H](c3ccccc3)N2[C@H](c2ccc(OCCOC(=O)[C@H]3C[C@H]4C(=O)N5CCC[C@H]5C(=O)N4[C@H]3c3ccc(O)cc3)cc2)[C@@]12C(=O)Nc1ccccc12,BRD-K18626002,0.884898693,1.001763585,0.943331139,
62035291,Nc1nc(=O)c2nc(CNc3ccc(C(=O)N[C@@H](CCC(=O)O)C(=O)O)cc3)cnc2[nH]1,OVBPIULPVIDEAO-LBPRGKRZSA-N,441.139681328,-0.04479999999999945,Nc1nc(=O)c2nc(CNc3ccc(C(=O)N[C@@H](CCC(=O)O)C(=O)O)cc3)cnc2[nH]1,BRD-K18673820,0.995881205,0.996257261,0.996069233,
26800155,N=C(N)/N=C(\N)Nc1ccc(Cl)cc1,HTYFFCPFVMJTKM-UHFFFAOYSA-N,211.06247299999998,0.9600700000000006,N=C(N)/N=C(\N)Nc1ccc(Cl)cc1,BRD-K18824214,0.823343972,0.762086978,0.792715475,
57545983,O=C(C[C@@H]1C=C[C@H](NS(=O)(=O)c2ccc(F)cc2)[C@@H](CO)O1)NCc1ccc(Cl)c(Cl)c1,RHNOKFUEOXXRFB-RYGJVYDSSA-N,502.05322635199997,2.801800000000001,O=C(C[C@@H]1C=C[C@H](NS(=O)(=O)c2ccc(F)cc2)[C@@H](CO)O1)NCc1ccc(Cl)c(Cl)c1,BRD-K18841673,0.851391178,0.864572398,0.857981788,
27384413,CN(C)Cc1cn(CC[C@H]2CC[C@@H](NC(=O)Cc3cccnc3)[C@@H](CO)O2)nn1,NKPFHNDONDWVBL-GUDVDZBRSA-N,402.23793882,0.3922000000000004,CN(C)Cc1cn(CC[C@H]2CC[C@@H](NC(=O)Cc3cccnc3)[C@@H](CO)O2)nn1,BRD-K18844601,0.988524707,0.898331877,0.943428292,
78439250,C=CCC[C@H](Cc1ccc(F)cc1)C(=O)OC[C@H]1CCCN1C(=O)[C@H](CC=C)CC(=O)N(CCO)Cc1ccccc1,XMADNOJCCWDQTP-QPWMFTQFSA-N,578.3156006959999,5.088300000000006,C=CCC[C@H](Cc1ccc(F)cc1)C(=O)OC[C@H]1CCCN1C(=O)[C@H](CC=C)CC(=O)N(CCO)Cc1ccccc1,BRD-K18860280,0.815560659,1.420062676,1.117811668,
10240687,NCCc1ccc([N+](=O)[O-])cc1,IOXOZOPLBFXYLM-UHFFFAOYSA-N,166.07422756,1.0959999999999999,NCCc1ccc([N+](=O)[O-])cc1,BRD-K18865855,1.085134698,0.887078783,0.986106741,
87638015,Clc1ccc(Sc2ccc(-c3ccccn3)s2)cc1,KXPJDFMBJGFGOU-UHFFFAOYSA-N,302.99431899999996,5.614700000000004,Clc1ccc(Sc2ccc(-c3ccccn3)s2)cc1,BRD-K18871802,1.009950935,0.915047872,0.962499403,
94133027,COc1cccc(S(=O)(=O)Nc2ccc3c(c2)OC[C@H](C)N(C(=O)Cc2cccnc2)C[C@H](C)[C@H](OC)CN(C)C3=O)c1,CTXMNAKEZUVJQX-IHMCZWCLSA-N,610.246120556,3.466300000000002,COc1cccc(S(=O)(=O)Nc2ccc3c(c2)OC[C@H](C)N(C(=O)Cc2cccnc2)C[C@H](C)[C@H](OC)CN(C)C3=O)c1,BRD-K18930370,0.985587171,1.052621964,1.019104568,
32400763,Cc1[nH]c(=O)n(C(C)(C)C)c(=O)c1C,WZQFWTOYCMPGPF-UHFFFAOYSA-N,196.121177752,0.9084399999999999,Cc1[nH]c(=O)n(C(C)(C)C)c(=O)c1C,BRD-K18937438,1.07165302,0.913227913,0.992440466,
18834181,COc1oc(C(=O)NC2CCCCC2)c(-c2ccc(Cl)cc2)c1S(=O)(=O)/C=C/c1ccccc1,MIHHFNODQGQILM-UHFFFAOYSA-N,499.12202161199997,6.115700000000006,COc1oc(C(=O)NC2CCCCC2)c(-c2ccc(Cl)cc2)c1S(=O)(=O)/C=C/c1ccccc1,BRD-K18952026,0.838207758,0.981511111,0.909859434,
41785329,O=C(Cc1ccccn1)NCC[C@@H]1CC[C@H](NC(=O)CN2CCOCC2)[C@@H](CO)O1,RLKWOXOHJMZSAQ-GBESFXJTSA-N,420.2372701239999,-0.5126999999999968,O=C(Cc1ccccn1)NCC[C@@H]1CC[C@H](NC(=O)CN2CCOCC2)[C@@H](CO)O1,BRD-K18986854,1.20273927,1.240978413,1.221858841,
93139208,CN1CCN(C(=O)C[C@H]2CC[C@H]3[C@@H](COC[C@H](O)CN3C(=O)C3CCOCC3)O2)CC1,WPKFVPGKBNHCGU-YSTOQKLRSA-N,439.26823590399994,-0.28699999999999504,CN1CCN(C(=O)C[C@H]2CC[C@H]3[C@@H](COC[C@H](O)CN3C(=O)C3CCOCC3)O2)CC1,BRD-K18993153,1.080674308,1.163706501,1.122190405,
63325256,CC(C)(C)OC(=O)C[C@H]1CC=CC[C@@H](CC(=O)N[C@@H](CO)Cc2ccccc2)C(=O)N[C@@H](C(C)(C)C)COC1=O,CFKXLZMHZOCZAV-ZYQDXHPFSA-N,558.330501812,3.484600000000002,CC(C)(C)OC(=O)C[C@H]1CC=CC[C@@H](CC(=O)N[C@@H](CO)Cc2ccccc2)C(=O)N[C@@H](C(C)(C)C)COC1=O,BRD-K19008694,0.835097201,0.883748567,0.859422884,
11150030,COc1ccc([Si](C)(C)[C@H]2[C@H](CC(=O)N3CCC[C@H]3CO)O[C@@]3(C(=O)N(Cc4cccc(N5C(=O)COc6ccccc65)c4)c4ccccc43)[C@@H]2C)cc1,PFIVBTGQNUWQDH-XTSQBJAKSA-N,745.3183273739999,5.888500000000006,COc1ccc([Si](C)(C)[C@H]2[C@H](CC(=O)N3CCC[C@H]3CO)O[C@@]3(C(=O)N(Cc4cccc(N5C(=O)COc6ccccc65)c4)c4ccccc43)[C@@H]2C)cc1,BRD-K19013033,0.963791023,1.172189729,1.067990376,
12458314,c1cn2c3c(n1)CCCc3c1cc(C3CCCCC3)ccc12,UZKYKWKKBBAXMD-UHFFFAOYSA-N,290.178298704,5.023900000000004,c1cn2c3c(n1)CCCc3c1cc(C3CCCCC3)ccc12,BRD-K19038259,1.218593039,1.069751594,1.144172316,
33352371,C=CCNc1nc(C)nc(OC)n1,CHYIHEFDRMNERM-UHFFFAOYSA-N,180.101111004,0.7865199999999999,C=CCNc1nc(C)nc(OC)n1,BRD-K19041016,0.985780918,1.107489766,1.046635342,
54662017,COCC(=O)Nc1ccc2c(c1)C(=O)N(C)C[C@@H](OC)[C@H](C)CN(Cc1ccccc1OC)[C@@H](C)CO2,PWYLLXJABFYBFY-BVFVYWQFSA-N,513.2838859679999,3.2863000000000016,COCC(=O)Nc1ccc2c(c1)C(=O)N(C)C[C@@H](OC)[C@H](C)CN(Cc1ccccc1OC)[C@@H](C)CO2,BRD-K19045069,1.019620175,0.995921765,1.00777097,
52080360,COc1ccccc1C#Cc1ccc2c(c1)O[C@@H](CN(C)Cc1ccncc1)[C@@H](C)CN([C@H](C)CO)S2(=O)=O,SKMQGQQMIDBVBZ-CTWZREHQSA-N,549.2297422199999,3.390600000000003,COc1ccccc1C#Cc1ccc2c(c1)O[C@@H](CN(C)Cc1ccncc1)[C@@H](C)CN([C@H](C)CO)S2(=O)=O,BRD-K19086343,0.979092698,1.161636939,1.070364819,
89822791,Cn1c2c(c(=S)[nH]c1=O)CCC2,DCIZSXCAKGKDLN-UHFFFAOYSA-N,182.05138394,0.9315899999999999,Cn1c2c(c(=S)[nH]c1=O)CCC2,BRD-K19102311,1.036134179,1.102826037,1.069480108,
79780178,CC(C)(C)[S@@](=O)N1Cc2cc(C(=O)N3CCCCC3)nc(-c3cccc(-c4cccc(C#N)c4)c3)c2[C@H]1CCO,QJZRVXNBJYVZFW-VAJZRNNVSA-N,556.2508120120001,5.614680000000007,CC(C)(C)[S@@](=O)N1Cc2cc(C(=O)N3CCCCC3)nc(-c3cccc(-c4cccc(C#N)c4)c3)c2[C@H]1CCO,BRD-K19106401,1.129345601,0.951153689,1.040249645,
60765550,COc1ccccc1C#Cc1cnc2c(c1)C(=O)N([C@@H](C)CO)C[C@H](C)[C@H](CN(C)C(=O)c1ccc3c(c1)OCO3)O2,MIOBFWIJYZOKSQ-WURXVLGASA-N,571.231850396,3.211000000000002,COc1ccccc1C#Cc1cnc2c(c1)C(=O)N([C@@H](C)CO)C[C@H](C)[C@H](CN(C)C(=O)c1ccc3c(c1)OCO3)O2,BRD-K19147816,0.854230484,0.847368173,0.850799329,
74484114,COc1ccc(NC(=O)N[C@H]2CC[C@H](CCNC(=O)CN3CCOCC3)O[C@@H]2CO)cc1,UKAJTZXDZSPPTQ-HSALFYBXSA-N,450.24783480799994,0.5637000000000016,COc1ccc(NC(=O)N[C@H]2CC[C@H](CCNC(=O)CN3CCOCC3)O[C@@H]2CO)cc1,BRD-K19187703,0.907855435,1.010756482,0.959305958,
83547214,CCOC(=O)CNc1nnc(N)[nH]1,KURNQFGVCVIXJI-UHFFFAOYSA-N,185.091274592,-0.6380999999999999,CCOC(=O)CNc1nnc(N)[nH]1,BRD-K19248680,1.100262294,1.246436018,1.173349156,
43307273,O=C(CN1CCOCC1)N[C@@H]1CC[C@H](CCn2cc(C3CCCC3)nn2)O[C@@H]1CO,OZJMNVHGPSQGCB-QWFCFKBJSA-N,421.2689046,0.6827000000000021,O=C(CN1CCOCC1)N[C@@H]1CC[C@H](CCn2cc(C3CCCC3)nn2)O[C@@H]1CO,BRD-K19249965,1.048805182,0.931615275,0.990210229,
10842279,O=C(C[C@H]1C=C[C@@H](NC(=O)c2cccnc2)[C@@H](CO)O1)NCCN1CCCCC1,VGDFEWNPUKUXSQ-GUDVDZBRSA-N,402.22670544000005,0.4881000000000013,O=C(C[C@H]1C=C[C@@H](NC(=O)c2cccnc2)[C@@H](CO)O1)NCCN1CCCCC1,BRD-K19251038,1.074949335,0.950320685,1.01263501,
98115626,C[C@H](CO)N1C[C@H](C)[C@H](CN(C)C(=O)C2CCOCC2)Oc2cc(-c3ccc(C(=O)N(C)C)cc3)ccc2S1(=O)=O,YMZNCYZMDNWHRY-ISCCLHIJSA-N,587.2665216519999,2.7090000000000014,C[C@H]1CN([C@H](C)CO)S(=O)(=O)c2ccc(-c3ccc(C(=O)N(C)C)cc3)cc2O[C@H]1CN(C)C(=O)C1CCOCC1,BRD-K19277394,0.897384105,1.18748219,1.042433148,
48205177,Cc1ccc(C(=O)Oc2ccc(/C=N/c3cccs3)cc2)cc1,WIDLHTQWNGNLRN-UHFFFAOYSA-N,321.08234972,5.026320000000004,Cc1ccc(C(=O)Oc2ccc(/C=N/c3cccs3)cc2)cc1,BRD-K19288948,0.942100022,0.902333466,0.922216744,
39308883,O=C(O)c1cn2cccc(O)c2n1,DKBGVMMVMVMZNL-UHFFFAOYSA-N,178.037842052,0.7380999999999998,O=C(O)c1cn2cccc(O)c2n1,BRD-K19301771,1.052786192,1.108215445,1.080500818,
64688007,COCC(=O)N1C[C@H](C)[C@@H](OC)CN(C)C(=O)c2cc(NC(=O)c3ccc(OC)cc3)ccc2OC[C@H]1C,MHUOTPFWUVWEKV-CEYNDMKZSA-N,527.2631505239999,2.9265000000000017,COCC(=O)N1C[C@H](C)[C@@H](OC)CN(C)C(=O)c2cc(NC(=O)c3ccc(OC)cc3)ccc2OC[C@H]1C,BRD-K19333904,1.022334332,1.071826722,1.047080527,
11340746,C[C@@H]1CN([C@@H](C)CO)S(=O)(=O)c2ccc(C#Cc3cccnc3)cc2O[C@H]1CN(C)CC1CCOCC1,APFHCAXEKYZOLY-VHSZZVNMSA-N,527.245392284,2.6083999999999996,C[C@@H](CO)N1C[C@@H](C)[C@H](CN(C)CC2CCOCC2)Oc2cc(C#Cc3cccnc3)ccc2S1(=O)=O,BRD-K19360576,0.822716844,0.737718494,0.780217669,
85485274,COCC(=O)N(C)C[C@H]1Oc2cc(C#Cc3cccnc3)ccc2S(=O)(=O)N([C@H](C)CO)C[C@H]1C,UDDMVFRUSJXUEW-DNVFCKCGSA-N,501.193356712,1.3548,COCC(=O)N(C)C[C@H]1Oc2cc(C#Cc3cccnc3)ccc2S(=O)(=O)N([C@H](C)CO)C[C@H]1C,BRD-K19396909,0.915597515,1.045575777,0.980586646,
58879324,CO[C@@H]1CN(C)C(=O)c2ccc(NC(C)=O)cc2OC[C@@H](C)N(S(=O)(=O)c2cn(C)cn2)C[C@@H]1C,MNMKHUSZJYICID-GCKMJXCFSA-N,507.2151547760001,1.5734000000000004,CO[C@@H]1CN(C)C(=O)c2ccc(NC(C)=O)cc2OC[C@@H](C)N(S(=O)(=O)c2cn(C)cn2)C[C@@H]1C,BRD-K19437554,0.88229952,1.242628812,1.062464166,
69081666,CS(=O)(=O)CS(=O)(=O)C1=C(N2CCOCC2)C2CCN1CC2,BZZUGEBLQNJGNX-UHFFFAOYSA-N,350.097013804,-0.36979999999999835,CS(=O)(=O)CS(=O)(=O)C1=C(N2CCOCC2)C2CCN1CC2,BRD-K19442443,0.9438308,1.09069357,1.017262185,
25949487,Cn1c(=O)c2c(nc(NCCN)n2C)n(C)c1=O,MHGGVPWQGQUVBI-UHFFFAOYSA-N,252.133473752,-1.6586999999999985,Cn1c(=O)c2c(nc(NCCN)n2C)n(C)c1=O,BRD-K19450426,0.790960316,1.100979568,0.945969942,
51987391,COc1cccc(NC(=O)N2C[C@@H](O)COC[C@H]3O[C@H](CC(=O)NC4Cc5ccccc5C4)CC[C@@H]32)c1,JPUCZRDSSKLGDD-HMNRDNJPSA-N,509.25258584,2.5100999999999996,COc1cccc(NC(=O)N2C[C@@H](O)COC[C@H]3O[C@H](CC(=O)NC4Cc5ccccc5C4)CC[C@@H]32)c1,BRD-K19477398,1.039025422,1.143745564,1.091385493,
95239406,COc1ccc(C(=O)Nc2ccc(CN3C(=O)[C@@]4(O[C@@H](CC(=O)N5CCC[C@H]5CO)[C@H]([Si](C)(C)c5ccc(OC)cc5)[C@H]4C)c4ccccc43)cc2)cc1,HVTOESCBRDLYEM-NBGGGQHNSA-N,747.333977438,6.092300000000006,COc1ccc(C(=O)Nc2ccc(CN3C(=O)[C@@]4(O[C@@H](CC(=O)N5CCC[C@H]5CO)[C@H]([Si](C)(C)c5ccc(OC)cc5)[C@H]4C)c4ccccc43)cc2)cc1,BRD-K19483680,0.859562935,1.086327777,0.972945356,
39606372,CO[C@@H]1CN(C)C(=O)c2ccc(NC(=O)Nc3cccc(Cl)c3)cc2OC[C@H](C)N(C(=O)Nc2c(C)noc2C)C[C@@H]1C,IDWFPZNGKXDPFI-QSAFDGGLSA-N,612.2463105840001,5.626940000000005,CO[C@@H]1CN(C)C(=O)c2ccc(NC(=O)Nc3cccc(Cl)c3)cc2OC[C@H](C)N(C(=O)Nc2c(C)noc2C)C[C@@H]1C,BRD-K19535756,1.082941198,1.048817914,1.065879556,
51966855,CCCC(=O)Nc1ccc2c(c1)C(=O)N(C)C[C@@H](OC)[C@@H](C)CN(Cc1ccc(-c3ccccn3)cc1)[C@@H](C)CO2,DKFJGYQTLBOWCX-ISTJGCCRSA-N,558.3206058240002,5.493400000000006,CCCC(=O)Nc1ccc2c(c1)C(=O)N(C)C[C@@H](OC)[C@@H](C)CN(Cc1ccc(-c3ccccn3)cc1)[C@@H](C)CO2,BRD-K19545472,1.085745799,1.088588449,1.087167124,
60464427,CO[C@H]1CN(C)C(=O)c2cc(NS(C)(=O)=O)ccc2OC[C@@H](C)N(C(=O)c2ccc3c(c2)OCO3)C[C@@H]1C,KGIGCCVRGGCDCI-SRGWNRLKSA-N,547.1988360159999,2.4332000000000003,CO[C@H]1CN(C)C(=O)c2cc(NS(C)(=O)=O)ccc2OC[C@@H](C)N(C(=O)c2ccc3c(c2)OCO3)C[C@@H]1C,BRD-K19552049,0.839259669,0.895171772,0.86721572,
84062238,COc1cc2nc(N3CCCN(Cc4ccccc4)CC3)nc(NC3CCN(Cc4ccccc4)CC3)c2cc1OC,RBYQHUHTUBZTJB-UHFFFAOYSA-N,566.3369245840001,5.435800000000006,COc1cc2nc(N3CCCN(Cc4ccccc4)CC3)nc(NC3CCN(Cc4ccccc4)CC3)c2cc1OC,BRD-K19575000,0.887401954,0.975469426,0.93143569,
65355776,CC(C)NC(=O)N[C@@H]1C=C[C@@H](CC(=O)NCCN2CCCC2)O[C@@H]1CO,MSSSXTZXXUODGR-ARFHVFGLSA-N,368.24235550399993,-0.01939999999999803,CC(C)NC(=O)N[C@@H]1C=C[C@@H](CC(=O)NCCN2CCCC2)O[C@@H]1CO,BRD-K19582697,1.12656288,1.032731838,1.079647359,
94746031,C=CCNC(=O)[C@@H]1[C@H]2C(=O)O[C@H](c3ccccc3)[C@H](c3ccccc3)N2[C@H](c2ccccc2OCCO)[C@@]12C(=O)Nc1ccc(C#CC3=CCCCC3)cc12,ONYAGWDLLKVPAC-DXYLJOCUSA-N,733.3151860959999,6.482800000000007,C=CCNC(=O)[C@@H]1[C@H]2C(=O)O[C@H](c3ccccc3)[C@H](c3ccccc3)N2[C@H](c2ccccc2OCCO)[C@@]12C(=O)Nc1ccc(C#CC3=CCCCC3)cc12,BRD-K19584723,1.0237999,1.208285862,1.116042881,
91451244,COc1ccccc1-c1ccc2c(c1)O[C@H](CN(C)C(=O)c1ccncc1)[C@@H](C)CN([C@H](C)CO)S2(=O)=O,VVAWGODPWUSRRN-OUDXUNEISA-N,539.209006776,3.2980000000000023,COc1ccccc1-c1ccc2c(c1)O[C@H](CN(C)C(=O)c1ccncc1)[C@@H](C)CN([C@H](C)CO)S2(=O)=O,BRD-K19587607,1.122081577,1.146621913,1.134351745,
15753345,CC1(C)C(=O)NCCN1C(=O)Cc1ccccc1,OFELQSOFXDYULH-UHFFFAOYSA-N,246.136827816,0.9660999999999995,CC1(C)C(=O)NCCN1C(=O)Cc1ccccc1,BRD-K19590321,0.993988473,1.012634422,1.003311447,
20406055,COc1nn(C)cc1C(=O)NC1=NCCS1,RQEXAXQQJCUZSN-UHFFFAOYSA-N,240.068096624,0.26130000000000014,COc1nn(C)cc1C(=O)NC1=NCCS1,BRD-K19632423,0.926458571,0.689969527,0.808214049,
18320349,C[C@H]1CN([C@@H](C)CO)C(=O)CCCn2cc(nn2)CO[C@@H]1CN(C)C(=O)Nc1ccc(N2CCCCC2)cc1,HFDOIJULVRDPRU-AOJNWGRGSA-N,541.337652856,2.956800000000001,C[C@H]1CN([C@@H](C)CO)C(=O)CCCn2cc(nn2)CO[C@@H]1CN(C)C(=O)Nc1ccc(N2CCCCC2)cc1,BRD-K19712135,1.066630176,1.178803952,1.122717064,
10989220,Nn1c(Cn2ccnc2)nnc1Cn1ccnc1,MHLOVJAHALILDE-UHFFFAOYSA-N,244.11849238399998,-0.5185000000000004,Nn1c(Cn2ccnc2)nnc1Cn1ccnc1,BRD-K19714795,1.046415797,1.144891486,1.095653641,
53828532,C[C@@H](NC(=O)C[C@@H]1C=C[C@@H](NC(=O)CN2CCOCC2)[C@@H](CO)O1)c1ccccc1,NQVHKOMHSOOYQX-GSEOLPGOSA-N,417.22637109199997,0.3868000000000023,C[C@@H](NC(=O)C[C@@H]1C=C[C@@H](NC(=O)CN2CCOCC2)[C@@H](CO)O1)c1ccccc1,BRD-K19800225,1.016672536,1.107319361,1.061995949,
86605088,C[C@H](CO)N1C[C@H](C)[C@@H](CN(C)C(=O)Nc2ccccc2C(F)(F)F)OCc2cnnn2CCCC1=O,MTUQQJRKJJVDPI-CSODHUTKSA-N,526.251538196,2.9853000000000014,C[C@H]1CN([C@H](C)CO)C(=O)CCCn2nncc2CO[C@@H]1CN(C)C(=O)Nc1ccccc1C(F)(F)F,BRD-K19845538,1.025785035,1.181717105,1.10375107,
65932853,C[C@H](CO)N1C[C@H](C)[C@H](CN(C)C(=O)C2CC2)Oc2cc(-c3ccc(C(=O)N(C)C)cc3)ccc2S1(=O)=O,ZMLGMNOUDYNWCA-CEYNDMKZSA-N,543.2403069039999,2.692400000000001,C[C@H]1CN([C@H](C)CO)S(=O)(=O)c2ccc(-c3ccc(C(=O)N(C)C)cc3)cc2O[C@H]1CN(C)C(=O)C1CC1,BRD-K19956132,0.984748974,0.960207023,0.972477998,
83303282,CN(C)c1ccc(NC(=O)CN)cc1,CQGRHQSXWPFMRQ-UHFFFAOYSA-N,193.1215121,0.6497999999999997,CN(C)c1ccc(NC(=O)CN)cc1,BRD-K19968504,1.150742516,0.960113535,1.055428026,
63200372,O=C(CN1C(=O)CSC1=O)N1CCCC1,QFTUDIIKLDYHHA-UHFFFAOYSA-N,228.056863244,0.3042,O=C(CN1C(=O)CSC1=O)N1CCCC1,BRD-K19990343,0.926592155,0.999566724,0.963079439,
30170276,Cc1nccn1CCc1nc(N)nc(N)n1,DRQWQDPSMJHCCM-UHFFFAOYSA-N,219.12324341599998,-0.2163799999999999,Cc1nccn1CCc1nc(N)nc(N)n1,BRD-K19993445,0.980205605,1.096373083,1.038289344,
96743214,CN(C)C(=O)C[C@@H]1CC[C@@H](NC(=O)C2CC2)[C@@H](CO)O1,WVBHSZLYNUFQEQ-QJPTWQEYSA-N,284.173607248,-0.10059999999999863,CN(C)C(=O)C[C@@H]1CC[C@@H](NC(=O)C2CC2)[C@@H](CO)O1,BRD-K20005730,1.01480896,1.096326434,1.055567697,
19282419,O=C(C[C@@H]1CC[C@H]2NC[C@H](O)COC[C@@H]2O1)NCCN1CCCC1,WKHWBVOQABFDNM-JONQDZQNSA-N,341.23145647200005,-0.5145999999999971,O=C(C[C@@H]1CC[C@H]2NC[C@H](O)COC[C@@H]2O1)NCCN1CCCC1,BRD-K20016490,1.18512554,0.800224812,0.992675176,
56352090,C[C@@H]1CN([C@@H](C)CO)S(=O)(=O)c2ccc(-c3ccc(C(=O)N(C)C)cc3)cc2O[C@H]1CN(C)C(=O)C1CCOCC1,YMZNCYZMDNWHRY-BUEREQSYSA-N,587.266521652,2.7090000000000005,C[C@@H](CO)N1C[C@@H](C)[C@H](CN(C)C(=O)C2CCOCC2)Oc2cc(-c3ccc(C(=O)N(C)C)cc3)ccc2S1(=O)=O,BRD-K20064720,0.894159942,1.075967407,0.985063675,
66064386,O=C(CN1CCOCC1)NCC[C@H]1CC[C@H](NS(=O)(=O)c2ccc(Cl)cc2)[C@H](CO)O1,GSQYQSMPSCYPFS-NEWSRXKRSA-N,475.1543843599999,0.36530000000000223,O=C(CN1CCOCC1)NCC[C@H]1CC[C@H](NS(=O)(=O)c2ccc(Cl)cc2)[C@H](CO)O1,BRD-K20100534,0.973169652,1.209874592,1.091522122,
17225868,CCCNC(=O)N1C[C@@H](O)COC[C@H]2O[C@H](CC(=O)NCc3ccncn3)CC[C@@H]21,NMBKWUQOWCQAFA-VSZNYVQBSA-N,421.2325190920001,0.21180000000000176,CCCNC(=O)N1C[C@@H](O)COC[C@H]2O[C@H](CC(=O)NCc3ccncn3)CC[C@@H]21,BRD-K20100749,0.85069045,0.867931527,0.859310988,
13489951,CN1CCN(C(=O)C[C@@H]2C=C[C@@H](NS(=O)(=O)c3cccc(F)c3)[C@@H](CO)O2)CC1,BAJOMULNWMTCGT-CGTJXYLNSA-N,427.15772015199997,-0.047399999999998554,CN1CCN(C(=O)C[C@@H]2C=C[C@@H](NS(=O)(=O)c3cccc(F)c3)[C@@H](CO)O2)CC1,BRD-K20121890,1.085912223,0.881224835,0.983568529,
78596561,O=C(C[C@H]1CC[C@H]2[C@@H](COC[C@H](O)CN2S(=O)(=O)c2ccc(F)cc2)O1)N[C@@H]1CCN(Cc2ccccc2)C1,FOUHJPDBUQOMDO-PSWRQUHNSA-N,561.230885092,1.9044999999999999,O=C(C[C@H]1CC[C@H]2[C@@H](COC[C@H](O)CN2S(=O)(=O)c2ccc(F)cc2)O1)N[C@@H]1CCN(Cc2ccccc2)C1,BRD-K20122970,1.080871099,1.072540634,1.076705867,
41663372,FC(F)(F)c1ccc(CSc2c[nH]c3ccccc23)cc1,AZUJEODLTXUIDP-UHFFFAOYSA-N,307.064255044,5.479000000000003,FC(F)(F)c1ccc(CSc2c[nH]c3ccccc23)cc1,BRD-K20123242,0.934277173,0.689382334,0.811829753,
11264471,CC(C)(C)NC(=O)C[n+]1cccc(/C=N/O)c1,GPZJVJJUBGTEGK-UHFFFAOYSA-O,236.13935323609,0.6968999999999997,CC(C)(C)NC(=O)C[n+]1cccc(/C=N/O)c1,BRD-K20147222,0.975822094,0.914535677,0.945178885,
41416903,CCCCC/C=C\C/C=C\C/C=C\CCCCCCC(=O)O,HOBAELRKJCKHQD-UHFFFAOYSA-N,306.255880328,6.440700000000006,CCCCC/C=C\C/C=C\C/C=C\CCCCCCC(=O)O,BRD-K20152659,1.217717749,1.303963396,1.260840573,
35640369,CC(C)c1c(C(=O)c2ccccc2)c(-c2ccccc2)c(-c2ccc(F)cc2)n1CC[C@@H](O)C[C@@H](O)CC(=O)O,RHYZIJMRTYNJHW-KAYWLYCHSA-N,543.2421014079999,6.29230000000001,CC(C)c1c(C(=O)c2ccccc2)c(-c2ccccc2)c(-c2ccc(F)cc2)n1CC[C@@H](O)C[C@@H](O)CC(=O)O,BRD-K20183413,0.886438516,0.810696775,0.848567645,
62772926,COc1ccc(S(=O)(=O)N(C)C[C@H]2Oc3c(NC(=O)Nc4cccc5ccccc45)cccc3C(=O)N([C@@H](C)CO)C[C@@H]2C)cc1,FXIXTIXYCSOXIT-WDCWYOMISA-N,646.246120556,5.033200000000005,COc1ccc(S(=O)(=O)N(C)C[C@H]2Oc3c(NC(=O)Nc4cccc5ccccc45)cccc3C(=O)N([C@@H](C)CO)C[C@@H]2C)cc1,BRD-K20197062,0.862680934,1.001565418,0.932123176,
35676598,O=C(C[C@H]1CC[C@H]2[C@@H](COC[C@@H](O)CN2C(=O)c2ccncc2)O1)NCc1ccc(-c2ccccc2)cc1,LGPONOAYVPFFDU-ZVBOOHQUSA-N,515.242021156,3.204600000000002,O=C(C[C@H]1CC[C@H]2[C@@H](COC[C@@H](O)CN2C(=O)c2ccncc2)O1)NCc1ccc(-c2ccccc2)cc1,BRD-K20210615,0.899817023,1.073944196,0.98688061,
92131235,COCC#Cc1ccc2c(c1)O[C@H](CN(C)S(C)(=O)=O)[C@@H](C)CN([C@@H](C)CO)S2(=O)=O,FSZZBTJTBAEZDV-TXPKVOOTSA-N,474.14944329999986,0.34450000000000097,COCC#Cc1ccc2c(c1)O[C@H](CN(C)S(C)(=O)=O)[C@@H](C)CN([C@@H](C)CO)S2(=O)=O,BRD-K20222934,1.013084374,0.956796096,0.984940235,
84772460,CO[C@H]1CN(C)C(=O)c2ccc(NS(=O)(=O)CC(F)(F)F)cc2OC[C@H](C)N(C(=O)NC(C)C)C[C@H]1C,ABILOXDCVBWWFF-GUXCAODWSA-N,552.2229404999999,2.914600000000001,CO[C@H]1CN(C)C(=O)c2ccc(NS(=O)(=O)CC(F)(F)F)cc2OC[C@H](C)N(C(=O)NC(C)C)C[C@H]1C,BRD-K20248119,0.850276809,0.994964555,0.922620682,
60724294,C[C@H]1ON(c2ccc(C(=O)OC(C)(C)C)cc2)[C@@H](c2ccc(O)cc2)[C@@H]1C(=O)N1C(=O)OC[C@@H]1c1ccccc1,WWNANAWMZQEVPQ-LBHSSTRISA-N,544.2209513639999,5.565200000000007,C[C@H]1ON(c2ccc(C(=O)OC(C)(C)C)cc2)[C@@H](c2ccc(O)cc2)[C@@H]1C(=O)N1C(=O)OC[C@@H]1c1ccccc1,BRD-K20275585,0.889938366,1.460472421,1.175205393,
11844558,CCS(=O)(=O)Nc1ccc2c(c1)C(=O)N(C)C[C@H](OC)[C@H](C)CN(Cc1nccs1)[C@@H](C)CO2,NVAZGCBIIWIDIP-WWMYMODYSA-N,510.197062188,2.9109000000000016,CCS(=O)(=O)Nc1ccc2c(c1)C(=O)N(C)C[C@H](OC)[C@H](C)CN(Cc1nccs1)[C@@H](C)CO2,BRD-K20288742,0.926421391,1.119106611,1.022764001,
47871355,C[C@H](CO)N1C[C@H](C)[C@@H](CN(C)S(=O)(=O)c2ccccc2F)Oc2ncc(C#Cc3cccnc3)cc2C1=O,QUERDMQYNZTGQF-WZOHSFFVSA-N,552.184269248,2.556300000000001,C[C@H]1CN([C@H](C)CO)C(=O)c2cc(C#Cc3cccnc3)cnc2O[C@@H]1CN(C)S(=O)(=O)c1ccccc1F,BRD-K20300606,0.770718242,0.96136095,0.866039596,
35179081,Cn1ncc2c(N3CCCC3)ncnc21,HPDYXKVJNIGBGC-UHFFFAOYSA-N,203.11709541599998,0.9634999999999999,Cn1ncc2c(N3CCCC3)ncnc21,BRD-K20308026,1.03721978,0.893397747,0.965308764,
70713384,C[C@@H]1CN([C@@H](C)CO)C(=O)c2cc(C#CCN(C)C)cnc2O[C@H]1CN(C)Cc1ccc2c(c1)OCO2,BVQTVABWCISGQV-GOHWNWGWSA-N,508.26857025199996,2.0755,C[C@@H](CO)N1C[C@@H](C)[C@H](CN(C)Cc2ccc3c(c2)OCO3)Oc2ncc(C#CCN(C)C)cc2C1=O,BRD-K20330624,1.193001897,1.046640644,1.11982127,
56442063,CC(C)(C)c1n[nH]c(C(C)(C)C)c1Cc1c(F)cccc1Cl,NNXGDPWRSUBNGO-UHFFFAOYSA-N,322.161204668,5.388000000000005,CC(C)(C)c1n[nH]c(C(C)(C)C)c1Cc1c(F)cccc1Cl,BRD-K20366492,0.844050435,0.866455152,0.855252793,
52606736,N[C@H](C(=O)O)[C@H](O)c1ccc(O)c(O)c1,QXWYKJLNLSIPIN-JGVFFNPUSA-N,213.063722452,-0.4569000000000002,N[C@H](C(=O)O)[C@H](O)c1ccc(O)c(O)c1,BRD-K20372197,0.860703226,0.920841549,0.890772388,
64842923,CCNc1cc(=N)n(CC)c2n[nH]c(N)c12,LFYUPPHVJUVPJQ-UHFFFAOYSA-N,220.14364451199998,0.8777699999999995,CCNc1cc(=N)n(CC)c2n[nH]c(N)c12,BRD-K20394680,0.975510987,1.124647077,1.050079032,
21698287,O=C(C[C@@H]1C=C[C@@H](NC(=O)CN2CCOCC2)[C@@H](CO)O1)NCCc1ccncc1,VZOOIERTWAZELN-IPMKNSEASA-N,418.22162006,-0.7366999999999957,O=C(C[C@@H]1C=C[C@@H](NC(=O)CN2CCOCC2)[C@@H](CO)O1)NCCc1ccncc1,BRD-K20411179,1.052196351,1.056687721,1.054442036,
97024478,CC(=O)NCCCC[C@@H]1NC(=O)[C@@H]2C[C@H](C(=O)NCCCCN(C)C)[C@H](c3ccc(O)cc3)N2C1=O,BOWWRRTVKUXGBI-MLCQCVOFSA-N,501.295119348,0.9132000000000022,CC(=O)NCCCC[C@@H]1NC(=O)[C@@H]2C[C@H](C(=O)NCCCCN(C)C)[C@H](c3ccc(O)cc3)N2C1=O,BRD-K20493618,0.965704389,1.058110832,1.01190761,
10518023,COc1ccc(OCC(=O)NCC(=O)O)cc1,NECADMAQROWQLL-UHFFFAOYSA-N,239.079372516,0.27479999999999966,COc1ccc(OCC(=O)NCC(=O)O)cc1,BRD-K20499395,1.06800606,1.000767423,1.034386742,
44262796,N#CCCn1c(CC(N)=O)nc2ccccc21,NJGMJVAMHGTSLQ-UHFFFAOYSA-N,228.101111004,0.9777799999999998,N#CCCn1c(CC(N)=O)nc2ccccc21,BRD-K20513201,0.96097629,1.151208311,1.0560923,
75624355,N#Cc1ncoc1N1CCC(C(N)=O)CC1,LNLJBFHPSVXPBI-UHFFFAOYSA-N,220.096025624,0.2479800000000002,N#Cc1ncoc1N1CCC(C(N)=O)CC1,BRD-K20532498,1.167547003,0.880628082,1.024087543,
84740898,COc1ccc(NC(=O)N2C[C@@H](O)COC[C@@H]3O[C@H](CC(=O)NC4Cc5ccccc5C4)CC[C@H]32)cc1,JIGKNUVVEZYRKT-DSYNPFFXSA-N,509.25258584,2.5101000000000004,COc1ccc(NC(=O)N2C[C@@H](O)COC[C@@H]3O[C@H](CC(=O)NC4Cc5ccccc5C4)CC[C@H]32)cc1,BRD-K20539983,0.774367479,1.02303512,0.8987013,
10305397,CO[C@H]1CN(C)C(=O)c2cc(NS(=O)(=O)CC(F)(F)F)ccc2OC[C@H](C)N(C(=O)c2ccc3c(c2)OCO3)C[C@H]1C,BXISBIXFZYFBIP-KCYKTTMJSA-N,615.186220644,3.365700000000002,CO[C@H]1CN(C)C(=O)c2cc(NS(=O)(=O)CC(F)(F)F)ccc2OC[C@H](C)N(C(=O)c2ccc3c(c2)OCO3)C[C@H]1C,BRD-K20543338,1.093571128,0.942391743,1.017981435,
10049325,Cc1cccc(S(=O)(=O)N2C[C@@H](O)COC[C@H]3O[C@@H](CC(=O)NCCCN4CCOCC4)CC[C@@H]32)c1,XKUVGAVISPKRJG-CJTFWIGWSA-N,525.250871588,0.521620000000004,Cc1cccc(S(=O)(=O)N2C[C@@H](O)COC[C@H]3O[C@@H](CC(=O)NCCCN4CCOCC4)CC[C@@H]32)c1,BRD-K20546543,0.976960578,1.046941835,1.011951206,
47593716,CCS(=O)(=O)NCC[C@@H]1CC[C@@H](NS(=O)(=O)c2ccccc2C)[C@@H](CO)O1,HATKUJHYXRUFAB-ARFHVFGLSA-N,420.13887861599994,0.5112200000000011,CCS(=O)(=O)NCC[C@@H]1CC[C@@H](NS(=O)(=O)c2ccccc2C)[C@@H](CO)O1,BRD-K20556550,0.963719813,0.887824299,0.925772056,
74874533,Cn1cnc(S(=O)(=O)N[C@@H]2C=C[C@@H](CC(=O)Nc3ccccc3)O[C@@H]2CO)c1,RBSFMPJGBWLQPI-ARFHVFGLSA-N,406.13109080399994,0.41169999999999957,Cn1cnc(S(=O)(=O)N[C@@H]2C=C[C@@H](CC(=O)Nc3ccccc3)O[C@@H]2CO)c1,BRD-K20582665,0.886401499,1.167665335,1.027033417,
96716089,COC(=O)c1cn(C[C@@H](Cc2ccccc2)NC(=O)N[C@H](CO)CCc2oc(C(C)=O)c(C(=O)OC)c2C(=O)OC)nn1,UDNBPHPGTVLXIQ-RBUKOAKNSA-N,599.2227422559998,1.3377,COC(=O)c1cn(C[C@@H](Cc2ccccc2)NC(=O)N[C@H](CO)CCc2oc(C(C)=O)c(C(=O)OC)c2C(=O)OC)nn1,BRD-K20601657,0.95827579,0.715797065,0.837036428,
56435706,COc1ccc([Si](C)(C)[C@H]2[C@H](CC(=O)N(CCO)Cc3ccccc3)O[C@@]3(C(=O)N(Cc4cccc(N5CCCCC5=O)c4)c4ccccc43)[C@@H]2C)cc1,FGHNHLWVAFSWCM-JFZTYIJKSA-N,745.354712882,6.386100000000006,COc1ccc([Si](C)(C)[C@H]2[C@H](CC(=O)N(CCO)Cc3ccccc3)O[C@@]3(C(=O)N(Cc4cccc(N5CCCCC5=O)c4)c4ccccc43)[C@@H]2C)cc1,BRD-K20602842,1.122555862,1.159159231,1.140857547,
72481944,O=C(C[C@@H]1C[C@@H]2c3cc(NC(=O)NC4CCCC4)ccc3O[C@@H]2[C@@H](CO)O1)NCc1ccc(-c2ccccc2)cc1,NAKHVXPSURNCOS-OVIZOQQBSA-N,555.273321284,5.118600000000004,O=C(C[C@@H]1C[C@@H]2c3cc(NC(=O)NC4CCCC4)ccc3O[C@@H]2[C@@H](CO)O1)NCc1ccc(-c2ccccc2)cc1,BRD-K20611038,0.750965596,1.169486337,0.960225966,
93904952,Oc1ccc(/C=N/c2ccccc2)cc1,KAFOXNBOSQXQDL-UHFFFAOYSA-N,197.084063972,3.142800000000001,Oc1ccc(/C=N/c2ccccc2)cc1,BRD-K20643289,1.182326413,1.023479729,1.102903071,
86159865,NC[C@H]1CC[C@H](C(=O)N2CCC(c3ccncc3)CC2)CC1,FDMQQUGWFCMFPT-CZIWCDLHSA-N,301.215412484,2.5527000000000006,NC[C@H]1CC[C@H](C(=O)N2CCC(c3ccncc3)CC2)CC1,BRD-K20675792,1.167904399,0.989755009,1.078829704,
92230690,COCC#Cc1ccc2c(c1)O[C@@H](CN(C)S(=O)(=O)c1ccc(C)cc1)[C@@H](C)CN([C@@H](C)CO)S2(=O)=O,UHTWELFHWWILSH-WATLYSKOSA-N,550.180743428,2.082220000000001,COCC#Cc1ccc2c(c1)O[C@@H](CN(C)S(=O)(=O)c1ccc(C)cc1)[C@@H](C)CN([C@@H](C)CO)S2(=O)=O,BRD-K20676340,0.978255896,1.064014845,1.02113537,
11081717,COc1ccc(S(=O)(=O)N2C[C@@H](O)COC[C@@H]3O[C@H](CC(=O)NCCCN4CCOCC4)CC[C@H]32)cc1,RNEHOFFPJDJCHV-MHHVOYGZSA-N,541.245786208,0.22180000000000377,COc1ccc(S(=O)(=O)N2C[C@@H](O)COC[C@@H]3O[C@H](CC(=O)NCCCN4CCOCC4)CC[C@H]32)cc1,BRD-K20690905,1.036838877,1.16985624,1.103347558,
91321100,CC(=O)NCCCC[C@@H]1NC(=O)[C@@H]2C[C@H](C(=O)NCc3ccc(F)cc3)[C@H](c3ccc(O)cc3)N2C1=O,YOUIBHGWJRPNHW-ZJZGAYNASA-N,510.227848312,1.9107,CC(=O)NCCCC[C@@H]1NC(=O)[C@@H]2C[C@H](C(=O)NCc3ccc(F)cc3)[C@H](c3ccc(O)cc3)N2C1=O,BRD-K20693723,1.077338535,0.947522257,1.012430396,
39825930,CO[C@@H]1CN(C)C(=O)c2cc(NS(=O)(=O)CC(F)(F)F)ccc2OC[C@H](C)N(Cc2ccccn2)C[C@H]1C,YFTKZPWGCAXANX-IEGUWTFLSA-N,558.2123758160001,3.3918000000000026,CO[C@@H]1CN(C)C(=O)c2cc(NS(=O)(=O)CC(F)(F)F)ccc2OC[C@H](C)N(Cc2ccccn2)C[C@H]1C,BRD-K20717623,1.034227029,1.185325058,1.109776043,
33189752,O=C1c2ccccc2[C@](Cc2ccccc2I)(C(=O)NCC(F)(F)F)[C@H](c2ccc(CO)cc2)N1C1CCCCC1,FGABCRSMNTXUNM-IZEXYCQBSA-N,676.140975544,6.472300000000007,O=C1c2ccccc2[C@](Cc2ccccc2I)(C(=O)NCC(F)(F)F)[C@H](c2ccc(CO)cc2)N1C1CCCCC1,BRD-K20724930,1.036692626,1.205718734,1.12120568,
10129026,C[C@@H]1CN([C@H](C)CO)C(=O)c2cc(NS(=O)(=O)c3cccs3)ccc2O[C@@H](C)CCCCO[C@@H]1CN(C)Cc1ccc2c(c1)OCO2,BXTVDZFZASASBZ-JUFAILDFSA-N,687.2648074,5.205100000000006,C[C@H]1CCCCO[C@H](CN(C)Cc2ccc3c(c2)OCO3)[C@H](C)CN([C@H](C)CO)C(=O)c2cc(NS(=O)(=O)c3cccs3)ccc2O1,BRD-K20725266,0.925600883,1.174969189,1.050285036,
53155613,O=C(C[C@@H]1CC[C@H](NC(=O)Cc2ccccn2)[C@@H](CO)O1)NCCCN1CCOCC1,CVHIZSVIEZMNNY-SLFFLAALSA-N,434.252920188,-0.12259999999999716,O=C(C[C@@H]1CC[C@H](NC(=O)Cc2ccccn2)[C@@H](CO)O1)NCCCN1CCOCC1,BRD-K20748994,0.84484223,1.093185339,0.969013784,
31677045,CN(C)CCCCNC(=O)[C@H]1C[C@H]2C(=O)NCC(=O)N2[C@H]1c1cccc(OCCO)c1,CRTIZSIDIVTDAL-BJLQDIEVSA-N,432.23727012399996,-0.09629999999999689,CN(C)CCCCNC(=O)[C@H]1C[C@H]2C(=O)NCC(=O)N2[C@H]1c1cccc(OCCO)c1,BRD-K20749113,0.949332557,0.825945873,0.887639215,
76711101,COC(=O)Nc1c(C)cc(C)cc1C,FJBYKALZQYDXDA-UHFFFAOYSA-N,193.11027872,2.790160000000001,COC(=O)Nc1c(C)cc(C)cc1C,BRD-K20768304,1.084499727,0.979678081,1.032088904,
62822408,COC(=O)c1c2oc(c1C(=O)OC)C(=O)N(C)Cc1cn(nn1)C[C@H](Cc1ccccc1)NC(=O)N[C@H](CO)CC2,HVKXAATXYLSBGE-ROUUACIJSA-N,568.228161984,0.9341000000000008,COC(=O)c1c2oc(c1C(=O)OC)C(=O)N(C)Cc1cn(nn1)C[C@H](Cc1ccccc1)NC(=O)N[C@H](CO)CC2,BRD-K20799313,1.180123757,1.104427294,1.142275525,
69687584,COc1ccccc1C#Cc1ccc2c(c1)O[C@H](CN(C)Cc1cccnc1)[C@@H](C)CN([C@H](C)CO)S2(=O)=O,AWBBMFXXCINDIY-QFWOEDSFSA-N,549.2297422199999,3.3906000000000023,COc1ccccc1C#Cc1ccc2c(c1)O[C@H](CN(C)Cc1cccnc1)[C@@H](C)CN([C@H](C)CO)S2(=O)=O,BRD-K20806007,0.908066329,1.135158109,1.021612219,
72933266,O=C(C[C@@H]1CC[C@H]2[C@@H](COC[C@@H](O)CN2S(=O)(=O)c2ccc(Cl)cc2)O1)N[C@H]1CCN(Cc2ccccc2)C1,IAYWLRNWEIWCBL-VHFKECKOSA-N,577.201334552,2.4188,O=C(C[C@@H]1CC[C@H]2[C@@H](COC[C@@H](O)CN2S(=O)(=O)c2ccc(Cl)cc2)O1)N[C@H]1CCN(Cc2ccccc2)C1,BRD-K20817462,1.031357673,0.877510589,0.954434131,
11395468,CC(C)CC#Cc1ccc2c(c1)O[C@H](CN(C)C(=O)c1cnccn1)[C@H](C)CN([C@@H](C)CO)S2(=O)=O,ALBVOUUIQWHTKA-JXALWOEJSA-N,514.2249911880001,2.4150000000000005,CC(C)CC#Cc1ccc2c(c1)O[C@H](CN(C)C(=O)c1cnccn1)[C@H](C)CN([C@@H](C)CO)S2(=O)=O,BRD-K20875709,0.848033576,0.962300574,0.905167075,
80472730,CCCNC(=O)Nc1ccc2c(c1)C(=O)N(C)C[C@@H](OC)[C@@H](C)CN(Cc1ccc(-c3ccccn3)cc1)[C@@H](C)CO2,DHPIXDXHWYRYQT-ISTJGCCRSA-N,573.331504856,5.286300000000005,CCCNC(=O)Nc1ccc2c(c1)C(=O)N(C)C[C@@H](OC)[C@@H](C)CN(Cc1ccc(-c3ccccn3)cc1)[C@@H](C)CO2,BRD-K20877010,1.016572705,1.343496908,1.180034807,
10481943,CC(C)NC(=O)NCC[C@@H]1CC[C@H](NC(=O)CN(C)C)[C@@H](CO)O1,FRJVFPJDQFXUHI-MELADBBJSA-N,344.24235550399993,-0.32959999999999673,CC(C)NC(=O)NCC[C@@H]1CC[C@H](NC(=O)CN(C)C)[C@@H](CO)O1,BRD-K20887536,1.070296777,1.139444896,1.104870837,
11117807,CC(=NNC(=O)c1nnn(-c2nonc2N)c1CN1CCC(C)CC1)c1cccc(Br)c1,ZTZSRUNFBHZABL-UHFFFAOYSA-N,501.12363310800004,2.3809000000000005,CC(=NNC(=O)c1nnn(-c2nonc2N)c1CN1CCC(C)CC1)c1cccc(Br)c1,BRD-K20888365,1.295781938,1.24481125,1.270296594,
52321578,CN(C)CCCCNC(=O)[C@H]1C[C@H]2C(=O)N[C@@H](CCCC[N+](C)(C)C)C(=O)N2[C@H]1c1cccc(OCCO)c1,SXKQTOGFJWGWNP-CQJMVLFOSA-O,546.3649960560899,1.1488000000000056,CN(C)CCCCNC(=O)[C@H]1C[C@H]2C(=O)N[C@@H](CCCC[N+](C)(C)C)C(=O)N2[C@H]1c1cccc(OCCO)c1,BRD-K20925873,1.097197492,1.286889868,1.19204368,
69431574,C=CCN(C#N)c1nc(N(C)C)nc(N(C)C)n1,KTLOLZKIYLNVLF-UHFFFAOYSA-N,247.15454354399998,0.4770799999999997,C=CCN(C#N)c1nc(N(C)C)nc(N(C)C)n1,BRD-K20940862,0.758873086,0.934969175,0.84692113,
62910791,C=CC[C@@H](CC(=O)NCCO)C(=O)N[C@@H](COC(=O)[C@@H](CC=C)CC(=O)OC(C)(C)C)Cc1ccccc1,DIGUARGBERRSOO-KMDXXIMOSA-N,530.299201684,2.8721000000000014,C=CC[C@@H](CC(=O)NCCO)C(=O)N[C@@H](COC(=O)[C@@H](CC=C)CC(=O)OC(C)(C)C)Cc1ccccc1,BRD-K20951262,0.943122637,1.097437271,1.020279954,
49847919,C#Cc1ccc(C(=O)NO)s1,KPBJLFAWHZIGBH-UHFFFAOYSA-N,167.0040994,0.8484,C#Cc1ccc(C(=O)NO)s1,BRD-K20971343,1.075786081,0.665461771,0.870623926,
10737125,O=C(C[C@@H]1CC[C@@H]2[C@H](COC[C@H](O)CN2C(=O)Nc2cc(Cl)cc(Cl)c2)O1)N1CCOCC1,IDLNHXHJUITYBI-WCIQWLHISA-N,501.143341008,2.3835000000000006,O=C(C[C@@H]1CC[C@@H]2[C@H](COC[C@H](O)CN2C(=O)Nc2cc(Cl)cc(Cl)c2)O1)N1CCOCC1,BRD-K20978396,0.896698663,0.987146482,0.941922572,
19956129,COCCCNC(=O)[C@]1(Cc2ccccc2N=[N+]=[N-])N=C(c2ccc(OCCCO)cc2)O[C@@H]1c1ccccc1N=[N+]=[N-],IFHQCBJCMIZRKS-POURPWNDSA-N,584.2495661239999,5.983700000000006,COCCCNC(=O)[C@]1(Cc2ccccc2N=[N+]=[N-])N=C(c2ccc(OCCCO)cc2)O[C@@H]1c1ccccc1N=[N+]=[N-],BRD-K20997461,1.127878366,0.89428528,1.011081823,
62380368,C[C@@H](O)C#Cc1ccc2c(c1)O[C@@H](CN(C)C(=O)c1ccncc1)[C@@H](C)CN([C@@H](C)CO)S2(=O)=O,WQUBGFQTQNFVAU-XWQURZDVSA-N,501.19335671199997,1.3546999999999993,C[C@H]1CN([C@@H](C)CO)S(=O)(=O)c2ccc(C#C[C@@H](C)O)cc2O[C@H]1CN(C)C(=O)c1ccncc1,BRD-K20998338,0.956329336,1.053039871,1.004684604,
52558542,NS(=O)(=O)c1ncn(Cc2ccccc2)n1,BVWNJHNVBZSASY-UHFFFAOYSA-N,238.05244656,-0.026200000000000445,NS(=O)(=O)c1ncn(Cc2ccccc2)n1,BRD-K21012065,0.940893094,0.668600506,0.8047468,
97147533,[N-]=[N+]=NCc1ccccc1C[C@]1(C(=O)N2CCCCC2)N=C(c2ccc(OCCCO)cc2)O[C@H]1c1ccccc1N=[N+]=[N-],IHJVWGUJXZAXTF-NYDCQLBNSA-N,594.2703015679999,6.712000000000007,[N-]=[N+]=NCc1ccccc1C[C@]1(C(=O)N2CCCCC2)N=C(c2ccc(OCCCO)cc2)O[C@H]1c1ccccc1N=[N+]=[N-],BRD-K21026196,1.094884743,1.193173701,1.144029222,
11291478,O=C(Nc1ccc2c(c1)[C@@H]1C[C@H](CC(=O)N3CCc4ccccc4C3)O[C@H](CO)[C@@H]1O2)C1CCOCC1,AJGJMULVCJFZBU-UQCMEGJUSA-N,506.2416868079999,3.0211000000000015,O=C(Nc1ccc2c(c1)[C@@H]1C[C@H](CC(=O)N3CCc4ccccc4C3)O[C@H](CO)[C@@H]1O2)C1CCOCC1,BRD-K21047238,0.993876533,1.07071732,1.032296927,
61090395,COc1ccc(-c2ccccn2)cc1,QUMXRZNAUFKBAS-UHFFFAOYSA-N,185.084063972,2.757200000000001,COc1ccc(-c2ccccn2)cc1,BRD-K21050651,0.898279584,0.880486643,0.889383113,
60345184,CC(=O)Nc1c(C)[nH]c2ncnn2c1=O,RQJMNIFPWFFLSI-UHFFFAOYSA-N,207.075624528,-0.31558000000000036,CC(=O)Nc1c(C)[nH]c2ncnn2c1=O,BRD-K21065268,0.905197038,1.043392867,0.974294953,
44995141,CN(C)CC(=O)N[C@H]1CC[C@H](CC(=O)NCCN2CCCCC2)O[C@@H]1CO,MOCCGPTZIRQRMD-IXDOHACOSA-N,384.27365563199993,-0.4350999999999969,CN(C)CC(=O)N[C@H]1CC[C@H](CC(=O)NCCN2CCCCC2)O[C@@H]1CO,BRD-K21087850,1.06064327,1.080438271,1.070540771,
52561347,C[C@@H]1CN([C@@H](C)CO)S(=O)(=O)c2ccc(C#Cc3ccncc3)cc2O[C@H]1CN(C)C(=O)c1ccncc1,YNHDBOHQSNMXEZ-SWYRRKHMSA-N,534.19369106,2.4171999999999993,C[C@@H](CO)N1C[C@@H](C)[C@H](CN(C)C(=O)c2ccncc2)Oc2cc(C#Cc3ccncc3)ccc2S1(=O)=O,BRD-K21110715,1.071885511,1.081520338,1.076702924,
65489491,Oc1ccc2ccccc2c1,JWAZRIHNYRIHIV-UHFFFAOYSA-N,144.057514876,2.5454,Oc1ccc2ccccc2c1,BRD-K21164796,0.700407725,0.525873597,0.613140661,
37320799,Cc1cccc(NC(=O)C(C)C)c1,OFKDADAPWXHGJJ-UHFFFAOYSA-N,177.1153641,2.5895200000000003,Cc1cccc(NC(=O)C(C)C)c1,BRD-K21244760,0.917048491,0.812141531,0.864595011,
38209926,CN(CC(=O)Nc1ccc(F)cc1F)S(=O)(=O)c1ccc2c(c1)c(=O)n(C)c(=O)n2C,NPHLVFRZCZWLSF-UHFFFAOYSA-N,452.096597116,0.7745999999999997,CN(CC(=O)Nc1ccc(F)cc1F)S(=O)(=O)c1ccc2c(c1)c(=O)n(C)c(=O)n2C,BRD-K21268714,0.854958236,1.001691923,0.928325079,
73582873,C[C@@H]1CN([C@H](C)CO)C(=O)CCCn2cc(nn2)CO[C@H]1CN(C)C(=O)Nc1cccc2ccccc12,XVJRXGRWNAMAGP-FHAGJXEFSA-N,508.279803632,3.119700000000001,C[C@@H]1CN([C@H](C)CO)C(=O)CCCn2cc(nn2)CO[C@H]1CN(C)C(=O)Nc1cccc2ccccc12,BRD-K21285405,1.104893174,0.942097486,1.02349533,
87714498,O=C(C[C@@H]1CC=CCCC(=O)OC[C@H](Cc2c[nH]c3ccccc23)NC1=O)N[C@H](CO)Cc1ccccc1,MPJBSBONSKLDRX-HVCNVCAESA-N,517.25767122,3.204600000000001,O=C(C[C@@H]1CC=CCCC(=O)OC[C@H](Cc2c[nH]c3ccccc23)NC1=O)N[C@H](CO)Cc1ccccc1,BRD-K21307471,0.907047816,0.834326292,0.870687054,
20586360,NCC1(c2c(F)cc(F)cc2F)CC1,JMQWGXHFAAFFSY-UHFFFAOYSA-N,201.07653398,2.0942000000000003,NCC1(c2c(F)cc(F)cc2F)CC1,BRD-K21337657,0.898451209,1.102830522,1.000640866,
57126777,CC(=O)O,QTBSBXVTEAMEQO-UHFFFAOYSA-N,60.021129368000004,0.09089999999999993,CC(=O)O,BRD-K21345115,1.109825944,1.045622346,1.077724145,
98500397,CN(C)C(=O)C[C@H]1C=C[C@@H](NC(=O)C2CCOCC2)[C@H](CO)O1,MCBNDGPNXCMKOC-MCIONIFRSA-N,326.18417193199997,-0.3079999999999991,CN(C)C(=O)C[C@H]1C=C[C@@H](NC(=O)C2CCOCC2)[C@H](CO)O1,BRD-K21357089,1.141859205,0.703665217,0.922762211,
92631658,CN(c1ccc(N)cc1[N+](=O)[O-])S(C)(=O)=O,SLFRUQUHIZYNRC-UHFFFAOYSA-N,245.047026832,0.5728000000000002,CN(c1ccc(N)cc1[N+](=O)[O-])S(C)(=O)=O,BRD-K21359764,0.921496259,1.080520114,1.001008187,
71721405,Cc1ccc(Nc2nc3ccccc3s2)cc1Cl,KOKNHIGKSUUWCU-UHFFFAOYSA-N,274.03314703200004,5.0017200000000015,Cc1ccc(Nc2nc3ccccc3s2)cc1Cl,BRD-K21370122,0.967449487,1.039617267,1.003533377,
56374342,CCc1ccc(NC(=N)N=C(N)N)cc1,WPKBSPYSDWCUOQ-UHFFFAOYSA-N,205.13274547999998,0.8690699999999999,CCc1ccc(NC(=N)N=C(N)N)cc1,BRD-K21396456,1.066091523,0.907764173,0.986927848,
22858846,NCCc1nc2ccccc2[nH]1,GJEPMYMUORZPMP-UHFFFAOYSA-N,161.095297352,1.0640999999999998,NCCc1nc2ccccc2[nH]1,BRD-K21424905,0.829186005,0.992709853,0.910947929,
84617941,NCc1cn(Cc2ccc(Cl)c(Cl)c2)cn1,ZBLVBDSSUPKSMR-UHFFFAOYSA-N,255.03300271199998,2.6969000000000003,NCc1cn(Cc2ccc(Cl)c(Cl)c2)cn1,BRD-K21448397,0.956871915,0.883520211,0.920196063,
15459492,C/C=C/c1ccc2c(c1)O[C@@H](CN(C)S(=O)(=O)c1ccccc1OC)[C@@H](C)CN([C@@H](C)CO)S2(=O)=O,GLSIKXYYTOWPFM-YDHSSHFGSA-N,538.1807434279999,2.817600000000002,C/C=C/c1ccc2c(c1)O[C@@H](CN(C)S(=O)(=O)c1ccccc1OC)[C@@H](C)CN([C@@H](C)CO)S2(=O)=O,BRD-K21491412,1.085204965,1.078893897,1.082049431,
42627207,O=C1N[C@@H](Cc2c[nH]c3ccccc23)COC(=O)[C@H](Cc2ccc(F)cc2)CCC=CC[C@@H]1CC(=O)N(CCO)Cc1ccccc1,DEUZULKBRNPPLN-ROCBYOHGSA-N,639.310849664,5.503900000000005,O=C1OC[C@H](Cc2c[nH]c3ccccc23)NC(=O)[C@@H](CC(=O)N(CCO)Cc2ccccc2)CC=CCC[C@H]1Cc1ccc(F)cc1,BRD-K21500716,1.050397992,1.178554434,1.114476213,
11450268,O=c1[nH]nc(N2CCOCC2)c(=O)[nH]1,UTKHPCKCRAFBOP-UHFFFAOYSA-N,198.07529018,-1.705199999999999,O=c1[nH]nc(N2CCOCC2)c(=O)[nH]1,BRD-K21544318,0.934080066,0.855018615,0.89454934,
95240932,CN(C)CCCNC(=O)C[C@@H]1C=C[C@@H](NC(=O)Cc2cccnc2)[C@H](CO)O1,DTKWTAJBQNGVNM-KSZLIROESA-N,390.22670543999993,-0.11719999999999703,CN(C)CCCNC(=O)C[C@@H]1C=C[C@@H](NC(=O)Cc2cccnc2)[C@H](CO)O1,BRD-K21546432,1.03182435,0.868781824,0.950303087,
43963475,CO[C@@H](CN(C)C(=O)c1ccc2c(c1)OCO2)[C@H](C)CN([C@@H](C)CO)S(=O)(=O)c1ccc(F)cc1,QPCRGZWITIZHEP-DGGJZMOXSA-N,510.183600552,2.3491999999999997,CO[C@@H](CN(C)C(=O)c1ccc2c(c1)OCO2)[C@H](C)CN([C@@H](C)CO)S(=O)(=O)c1ccc(F)cc1,BRD-K21547311,1.186255914,1.056635175,1.121445544,
10249111,O=C(Nc1cc(C(F)(F)F)ccc1-n1cnc2ccccc21)c1ccc(S(=O)(=O)N2CCCC2)cc1,WGUCIEXOAIXLNY-UHFFFAOYSA-N,514.1286461919999,5.081100000000005,O=C(Nc1cc(C(F)(F)F)ccc1-n1cnc2ccccc21)c1ccc(S(=O)(=O)N2CCCC2)cc1,BRD-K21552893,1.069661459,0.882624491,0.976142975,
90062245,Cn1nnnc1-c1ccc(N)cc1,SKVMRLXRFMCIFD-UHFFFAOYSA-N,175.08579528799999,0.45929999999999993,Cn1nnnc1-c1ccc(N)cc1,BRD-K21578692,0.819126593,1.005573574,0.912350084,
10586617,O=C(NCC(F)(F)F)[C@@H]1c2ccccc2C(=O)N(Cc2cc(F)cc(C(F)(F)F)c2)[C@H]1c1ccc(CO)cc1,VHSLJUQMENMQFH-PKTZIBPZSA-N,554.1440400719999,5.496200000000005,O=C(NCC(F)(F)F)[C@@H]1c2ccccc2C(=O)N(Cc2cc(F)cc(C(F)(F)F)c2)[C@H]1c1ccc(CO)cc1,BRD-K21581910,1.033248338,1.305211889,1.169230114,
57280246,CN(C)Cc1c(C(=O)N/N=C/c2ccncc2)nnn1-c1nonc1N,ZTZBDBDECOTLLJ-UHFFFAOYSA-N,356.14576975200004,-0.5469999999999995,CN(C)Cc1c(C(=O)N/N=C/c2ccncc2)nnn1-c1nonc1N,BRD-K21602323,1.072651826,0.973127849,1.022889837,
39477975,O=C(C[C@H]1C[C@H]2c3cc(NC(=O)Nc4ccc(C(F)(F)F)cc4)ccc3O[C@H]2[C@@H](CO)O1)NCc1ccc(Cl)cc1,QUFPSNAFNYGAMM-WWUYVNTOSA-N,589.159133304,5.703700000000006,O=C(C[C@H]1C[C@H]2c3cc(NC(=O)Nc4ccc(C(F)(F)F)cc4)ccc3O[C@H]2[C@@H](CO)O1)NCc1ccc(Cl)cc1,BRD-K21629388,0.871031392,0.68283694,0.776934166,
38369157,COc1ccc(S(=O)(=O)N2C[C@H](O)COC[C@H]3O[C@@H](CC(=O)NCc4ccc(Cl)c(Cl)c4)CC[C@@H]32)cc1,VCZWBEHYTKZVKP-PZVOEZMOSA-N,572.1150776600001,3.0065000000000017,COc1ccc(S(=O)(=O)N2C[C@H](O)COC[C@H]3O[C@@H](CC(=O)NCc4ccc(Cl)c(Cl)c4)CC[C@@H]32)cc1,BRD-K21635943,0.956437431,0.906792836,0.931615134,
35131412,COCC#Cc1ccc2c(c1)O[C@H](CN(C)C(=O)CN(C)C)[C@H](C)CN([C@H](C)CO)S2(=O)=O,BDPOJTKXDAFUOX-DBXWQHBBSA-N,481.22465684,0.47310000000000213,COCC#Cc1ccc2c(c1)O[C@H](CN(C)C(=O)CN(C)C)[C@H](C)CN([C@H](C)CO)S2(=O)=O,BRD-K21640549,0.949593802,0.894484644,0.922039223,
54783541,Cc1ccc(S(=O)(=O)N2C[C@H](O)COC[C@@H]3O[C@H](CC(=O)NCCN4CCCCC4)CC[C@H]32)cc1,CJCJNCYNKILKDJ-ZQRMPTRQSA-N,509.2559569680001,1.2852200000000014,Cc1ccc(S(=O)(=O)N2C[C@H](O)COC[C@@H]3O[C@H](CC(=O)NCCN4CCCCC4)CC[C@H]32)cc1,BRD-K21657265,0.952711294,0.881054912,0.916883103,
38434686,O=C(C[C@@H]1CC[C@H]2[C@@H](COC[C@@H](O)CN2S(=O)(=O)c2ccc(Cl)cc2)O1)NCCN1CCCCC1,QDBHDTVABPFXGM-BAMDZGJYSA-N,529.201334552,1.6302000000000003,O=C(C[C@@H]1CC[C@H]2[C@@H](COC[C@@H](O)CN2S(=O)(=O)c2ccc(Cl)cc2)O1)NCCN1CCCCC1,BRD-K21719874,0.859119568,0.941397401,0.900258484,
83179996,CCNC(=O)C[C@@H]1CC[C@@H](NC(=O)C2CCOCC2)[C@H](CO)O1,KKMDXYRRDMKCFC-MJBXVCDLSA-N,328.19982199599997,-0.03609999999999908,CCNC(=O)C[C@@H]1CC[C@@H](NC(=O)C2CCOCC2)[C@H](CO)O1,BRD-K21730971,0.823311073,1.332595554,1.077953313,
10185981,C[C@H]1CN([C@@H](C)CO)C(=O)CCCn2nncc2CO[C@H]1CN(C)S(=O)(=O)c1ccc(Cl)cc1,XRXVGTRBMNTJPS-FIKGOQFSSA-N,513.181267804,1.7766999999999993,C[C@H]1CN([C@@H](C)CO)C(=O)CCCn2nncc2CO[C@H]1CN(C)S(=O)(=O)c1ccc(Cl)cc1,BRD-K21771449,0.904501318,1.051992222,0.97824677,
52207250,Cc1cc(=O)n2nc(S(C)(=O)=O)nc2[nH]1,MSIGCTXGGJXOQS-UHFFFAOYSA-N,228.031711116,-0.8704799999999999,Cc1cc(=O)n2nc(S(C)(=O)=O)nc2[nH]1,BRD-K21798442,0.98525955,0.985396553,0.985328051,
28432156,CCNC(=O)C[C@H]1CC[C@H]2[C@@H](COC[C@H](O)CN2C(=O)Nc2c(C)noc2C)O1,POIMGXBASHJMJR-LVQVYYBASA-N,410.21653468,0.9588400000000002,CCNC(=O)C[C@H]1CC[C@H]2[C@@H](COC[C@H](O)CN2C(=O)Nc2c(C)noc2C)O1,BRD-K21830858,1.08646223,1.088745782,1.087604006,
84055294,COc1ccccc1CN1C(=O)c2ccccc2[C@](Cc2ccccc2I)(C(=O)NCC(C)C)[C@@H]1c1ccc(CO)cc1,SKOZLRXYMPDENO-JUKUECOXSA-N,688.179805664,6.442100000000007,COc1ccccc1CN1C(=O)c2ccccc2[C@](Cc2ccccc2I)(C(=O)NCC(C)C)[C@@H]1c1ccc(CO)cc1,BRD-K21835390,1.052910735,1.01470948,1.033810108,
55524720,C[C@@H](NC(=O)C[C@@H]1C=C[C@@H](NC(=O)CN2CCOCC2)[C@H](CO)O1)c1ccccc1,NQVHKOMHSOOYQX-MDNKFWRPSA-N,417.22637109199997,0.3868000000000023,C[C@@H](NC(=O)C[C@@H]1C=C[C@@H](NC(=O)CN2CCOCC2)[C@H](CO)O1)c1ccccc1,BRD-K21864149,1.28234057,0.846292628,1.064316599,
10328716,COc1ccc(NC(=O)N(C)C[C@@H]2Oc3cc(C#CCN(C)C)ccc3S(=O)(=O)N([C@@H](C)CO)C[C@@H]2C)cc1,BTAXIRVUQPPFKV-WOVHNISZSA-N,558.251205936,2.5408,COc1ccc(NC(=O)N(C)C[C@@H]2Oc3cc(C#CCN(C)C)ccc3S(=O)(=O)N([C@@H](C)CO)C[C@@H]2C)cc1,BRD-K21879553,0.86850866,1.087895982,0.978202321,
30292045,Cc1occc1C(=O)NNC(=O)C1CC1,QLUDLBXMWNRQCF-UHFFFAOYSA-N,208.084792244,0.7590199999999998,Cc1occc1C(=O)NNC(=O)C1CC1,BRD-K21885970,0.919496414,0.854505703,0.887001058,
12986013,NC(=O)CCN1CCn2c1nc1ccccc12,XXEHNSDMSQKPKA-UHFFFAOYSA-N,230.116761068,0.7316999999999996,NC(=O)CCN1CCn2c1nc1ccccc12,BRD-K21936935,1.137577079,1.146580766,1.142078922,
82234735,C[C@H](NC(=O)C[C@H]1CC[C@@H](NC(=O)CN2CCOCC2)[C@H](CO)O1)c1ccccc1,VZQKOZAJNGTVKC-NBYUQASBSA-N,419.24202115599996,0.6108000000000029,C[C@H](NC(=O)C[C@H]1CC[C@@H](NC(=O)CN2CCOCC2)[C@H](CO)O1)c1ccccc1,BRD-K21997380,0.792025936,0.83721779,0.814621863,
28763982,COc1cccc(S(=O)(=O)Nc2ccc3c(c2)[C@H]2C[C@H](CC(=O)NCc4ccccc4F)O[C@H](CO)[C@H]2O3)c1,UQAGOAYYXRCKNS-GUSOMZPTSA-N,556.167950488,3.336000000000001,COc1cccc(S(=O)(=O)Nc2ccc3c(c2)[C@H]2C[C@H](CC(=O)NCc4ccccc4F)O[C@H](CO)[C@H]2O3)c1,BRD-K22002407,0.789494541,0.716419857,0.752957199,
11281325,CO[C@@H](CN(C)S(=O)(=O)c1ccc(C)cc1)[C@H](C)CN([C@H](C)CO)S(=O)(=O)c1cccc(Cl)c1,FYUSSFRUYFLLAK-PWHSHALESA-N,532.1468564559999,2.9917200000000017,CO[C@@H](CN(C)S(=O)(=O)c1ccc(C)cc1)[C@H](C)CN([C@H](C)CO)S(=O)(=O)c1cccc(Cl)c1,BRD-K22010555,0.777944198,0.946485976,0.862215087,
11099447,Cc1cc(-c2ccc3ccccc3n2)nc2ccc3ccccc3c12,WSKHVYBKXPFYQZ-UHFFFAOYSA-N,320.131348512,5.9116200000000045,Cc1cc(-c2ccc3ccccc3n2)nc2ccc3ccccc3c12,BRD-K22103928,0.881972062,0.937838711,0.909905387,
86970951,CC1(COc2ccc3c(c2)ncn3-c2ccc3cccc(N4CCC(N)CC4)c3n2)COC1,DYNHJHQFHQTFTP-UHFFFAOYSA-N,443.23212516800004,3.916500000000001,CC1(COc2ccc3c(c2)ncn3-c2ccc3cccc(N4CCC(N)CC4)c3n2)COC1,BRD-K22127577,0.284201222,0.304843732,0.294522477,
31099694,COc1ccc(S(=O)(=O)N[C@@H]2C=C[C@H](CC(=O)N3CCN(c4ccccc4)CC3)O[C@@H]2CO)cc1,UERFKHYZZPVGCP-GMKZXUHWSA-N,501.19335671199997,1.3968999999999998,COc1ccc(S(=O)(=O)N[C@@H]2C=C[C@H](CC(=O)N3CCN(c4ccccc4)CC3)O[C@@H]2CO)cc1,BRD-K22170062,1.015587425,0.945099572,0.980343499,
39478579,Cn1nnnc1SCC(=O)NC(C)(C)C,OPQGBSFHUFPWHW-UHFFFAOYSA-N,229.09973109999999,0.21689999999999943,Cn1nnnc1SCC(=O)NC(C)(C)C,BRD-K22194940,0.873656317,1.036630832,0.955143574,
10587384,C[C@@H]1CN([C@H](C)CO)S(=O)(=O)c2ccc(C#CCN(C)C)cc2O[C@@H]1CN(C)C(=O)c1ccccc1F,WNVRYIKWSRZZNA-UMEGOILYSA-N,531.220320408,2.279600000000001,C[C@@H]1CN([C@H](C)CO)S(=O)(=O)c2ccc(C#CCN(C)C)cc2O[C@@H]1CN(C)C(=O)c1ccccc1F,BRD-K22226933,1.010760472,1.203739982,1.107250227,
11305930,COC(=O)c1ccc(Cn2cc(C(=O)NO)nn2)o1,BLDJETPIMQUNFQ-UHFFFAOYSA-N,266.06511942000003,-0.17500000000000038,COC(=O)c1ccc(Cn2cc(C(=O)NO)nn2)o1,BRD-K22238217,1.142715054,1.302997637,1.222856345,
10961115,CC(=O)NCCCC[C@@H]1NC(=O)[C@@H]2C[C@H](C(=O)NCCCCCCNC(=O)CS)[C@H](c3ccc(O)cc3)N2C1=O,LBJJEBLPFKSTNK-LCXINAFSSA-N,575.2777550320001,1.177800000000002,CC(=O)NCCCC[C@@H]1NC(=O)[C@@H]2C[C@H](C(=O)NCCCCCCNC(=O)CS)[C@H](c3ccc(O)cc3)N2C1=O,BRD-K22248154,1.036953135,0.760203762,0.898578448,
19372251,O=C(CN1CCOCC1)NCC[C@@H]1CC[C@@H](NC(=O)Nc2ccccc2)[C@@H](CO)O1,XHSOCIDTCYSAHN-IPMKNSEASA-N,420.23727012399996,0.5551000000000033,O=C(CN1CCOCC1)NCC[C@@H]1CC[C@@H](NC(=O)Nc2ccccc2)[C@@H](CO)O1,BRD-K22253910,0.962466253,0.975845764,0.969156008,
99271204,C[C@H](CO)N1C[C@H](C)[C@H](CN(C)C(=O)c2ccccn2)Oc2cc(C#Cc3ccccc3)ccc2S1(=O)=O,OLHFYSBAVZSGEZ-XXAUWVGASA-N,533.1984420919999,3.0222000000000016,C[C@H]1CN([C@H](C)CO)S(=O)(=O)c2ccc(C#Cc3ccccc3)cc2O[C@H]1CN(C)C(=O)c1ccccn1,BRD-K22284763,0.850284557,0.923742141,0.887013349,
10379791,C/C(Cc1ncn(-c2cc(C)on2)n1)=N\O,NDJRAXWITOWVST-UHFFFAOYSA-N,221.091274592,0.9563199999999998,C/C(Cc1ncn(-c2cc(C)on2)n1)=N\O,BRD-K22299207,0.848925487,1.001347357,0.925136422,
73823304,Cn1cnc(S(=O)(=O)N[C@H]2CC[C@H](CC(=O)N3CCN(c4ccccc4)CC3)O[C@@H]2CO)c1,RVDWTGCIOVVFDR-HSALFYBXSA-N,477.204590092,0.3458000000000015,Cn1cnc(S(=O)(=O)N[C@H]2CC[C@H](CC(=O)N3CCN(c4ccccc4)CC3)O[C@@H]2CO)c1,BRD-K22304715,1.135119098,0.922268086,1.028693592,
40003244,CC(C)NC(=O)N[C@H]1C=C[C@H](CC(=O)O)O[C@H]1CO,YHTHTGTWYCQHDQ-UTLUCORTSA-N,272.13722174000003,-0.14679999999999938,CC(C)NC(=O)N[C@H]1C=C[C@H](CC(=O)O)O[C@H]1CO,BRD-K22308901,1.021593892,1.100002314,1.060798103,
13003199,COC[C@H]1CNN1C(=O)c1cc(C)oc1C,LRQVAGDVUXCTKH-SECBINFHSA-N,224.116092372,0.8718399999999995,COC[C@H]1CNN1C(=O)c1cc(C)oc1C,BRD-K22320520,0.767756616,1.012810831,0.890283723,
63559762,Cc1cc(-c2ccccc2)nc(SCc2ccccc2)c1C#N,KDKGFTOVSZSDHN-UHFFFAOYSA-N,316.103419512,5.221000000000004,Cc1cc(-c2ccccc2)nc(SCc2ccccc2)c1C#N,BRD-K22320780,1.080177929,1.121875739,1.101026834,
95044222,O=C1c2ccccc2[C@](Cc2ccccc2I)(C(=O)O)[C@H](c2ccc(CO)cc2)N1C1CCCCC1,FADHHNCFPQISOD-FIBWVYCGSA-N,595.12195644,5.878400000000005,O=C1c2ccccc2[C@](Cc2ccccc2I)(C(=O)O)[C@H](c2ccc(CO)cc2)N1C1CCCCC1,BRD-K22352910,0.966200434,0.97215656,0.969178497,
54525440,CN(C)S(=O)(=O)Nc1cccc(N)c1,VGFFBNNZWLMHDF-UHFFFAOYSA-N,215.072847656,0.4870999999999998,CN(C)S(=O)(=O)Nc1cccc(N)c1,BRD-K22371574,0.68657839,0.608357721,0.647468056,
95494681,CN(C)CCCNC(=O)C[C@H]1C=C[C@H](NC(=O)Cc2cccnc2)[C@@H](CO)O1,DTKWTAJBQNGVNM-FGTMMUONSA-N,390.22670543999993,-0.11719999999999703,CN(C)CCCNC(=O)C[C@H]1C=C[C@H](NC(=O)Cc2cccnc2)[C@@H](CO)O1,BRD-K22383829,0.918462873,1.077425956,0.997944414,
52574138,Cc1ccc(O)c(C(C)(C)C)c1,IKEHOXWJQXIQAG-UHFFFAOYSA-N,164.120115132,2.998120000000001,Cc1ccc(O)c(C(C)(C)C)c1,BRD-K22403246,1.069191233,0.942186245,1.005688739,
87036758,COCC#Cc1cnc2c(c1)C(=O)N([C@H](C)CO)C[C@H](C)[C@@H](CN(C)C(=O)CCN1CCCCC1)O2,HLQAAMKAYUCJSQ-YZUZCNPQSA-N,500.29987038,1.6340000000000008,COCC#Cc1cnc2c(c1)C(=O)N([C@H](C)CO)C[C@H](C)[C@@H](CN(C)C(=O)CCN1CCCCC1)O2,BRD-K22407339,1.012906569,1.234006368,1.123456469,
87058512,O=C(NO)c1cn(-c2cccc(C(=O)N3CCC4(CC3)C(=O)NCN4c3ccccc3)c2)nn1,IDZQZHLYWZUYCA-UHFFFAOYSA-N,461.1811522160001,0.9550000000000001,O=C(NO)c1cn(-c2cccc(C(=O)N3CCC4(CC3)C(=O)NCN4c3ccccc3)c2)nn1,BRD-K22442616,0.122205124,0.138847938,0.130526531,
47412658,O=C1CCC(=O)N1c1nccs1,XQXZZGNYEPJXMO-UHFFFAOYSA-N,182.014998432,0.7964999999999999,O=C1CCC(=O)N1c1nccs1,BRD-K22478376,1.08976134,0.846242114,0.968001727,
39924932,O=C(C[C@H]1CC[C@H]2[C@@H](COC[C@@H](O)CN2S(=O)(=O)c2ccc(F)cc2)O1)N[C@@H]1CCN(Cc2ccccc2)C1,FOUHJPDBUQOMDO-XCYZDHOTSA-N,561.230885092,1.9044999999999999,O=C(C[C@H]1CC[C@H]2[C@@H](COC[C@@H](O)CN2S(=O)(=O)c2ccc(F)cc2)O1)N[C@@H]1CCN(Cc2ccccc2)C1,BRD-K22485874,0.994348444,1.028145326,1.011246885,
62603494,Cn1c(=O)c2c(nc(SCCNS(=O)(=O)c3ccccc3)n2C)n(C)c1=O,PDEPRFHBWGFMLV-UHFFFAOYSA-N,409.08784608800005,0.04129999999999989,Cn1c(=O)c2c(nc(SCCNS(=O)(=O)c3ccccc3)n2C)n(C)c1=O,BRD-K22524219,0.976975397,0.964647168,0.970811282,
80528739,COc1cccc(S(=O)(=O)N[C@H]2CC[C@@H](CC(=O)NC3CCC3)O[C@@H]2CO)c1,GRMRXMHUYFRXRQ-RYQLBKOJSA-N,412.16680761599997,0.9408000000000001,COc1cccc(S(=O)(=O)N[C@H]2CC[C@@H](CC(=O)NC3CCC3)O[C@@H]2CO)c1,BRD-K22526415,0.965440606,0.793019479,0.879230043,
38088910,COCCNC(=O)C[C@H]1CC[C@@H]2[C@H](COC[C@@H](O)CN2C(=O)Nc2ccc3c(c2)OCO3)O1,VRGVSGBQMQXRTJ-XLSPSMHOSA-N,465.21111495199995,0.7092000000000013,COCCNC(=O)C[C@H]1CC[C@@H]2[C@H](COC[C@@H](O)CN2C(=O)Nc2ccc3c(c2)OCO3)O1,BRD-K22556008,0.926827538,1.180464568,1.053646053,
74158342,C[C@@H]1CN([C@@H](C)CO)S(=O)(=O)c2ccc(-c3cccnc3)cc2O[C@H]1CN(C)C(=O)NC1CCCCC1,AETIMQSMVRGFDE-RNHFSVANSA-N,530.256291316,3.4913000000000016,C[C@@H](CO)N1C[C@@H](C)[C@H](CN(C)C(=O)NC2CCCCC2)Oc2cc(-c3cccnc3)ccc2S1(=O)=O,BRD-K22655781,0.990826498,0.862913815,0.926870156,
30319434,Nc1nc(=O)c2ncn(COC(CO)CO)c2[nH]1,IRSCQMHQWWYFCW-UHFFFAOYSA-N,255.096753896,-1.970899999999999,Nc1nc(=O)c2ncn(COC(CO)CO)c2[nH]1,BRD-K22662435,0.9228568,1.012398029,0.967627414,
19092991,COc1ccccc1S(=O)(=O)N[C@@H]1C=C[C@H](CC(=O)N2CCN(C)CC2)O[C@@H]1CO,OIFSUGNMWMWWCG-JFIYKMOQSA-N,439.177706648,-0.17789999999999812,COc1ccccc1S(=O)(=O)N[C@@H]1C=C[C@H](CC(=O)N2CCN(C)CC2)O[C@@H]1CO,BRD-K22715720,1.345510114,1.131298571,1.238404343,
97794169,Cc1ccc(NC(=O)c2cc(=O)[nH]c(=O)[nH]2)cc1,RLWXZXBKSWDKQF-UHFFFAOYSA-N,245.080041212,0.6239199999999998,Cc1ccc(NC(=O)c2cc(=O)[nH]c(=O)[nH]2)cc1,BRD-K22749567,1.190909698,1.147825146,1.169367422,
99661931,C[C@H](CO)N1C[C@H](C)[C@H](CN(C)S(C)(=O)=O)Oc2cc(C#CCN(C)C)ccc2S1(=O)=O,KFACFKMRGIWWEP-QKLQHJQFSA-N,487.18107777599994,0.2597000000000025,C[C@H]1CN([C@H](C)CO)S(=O)(=O)c2ccc(C#CCN(C)C)cc2O[C@H]1CN(C)S(C)(=O)=O,BRD-K22751249,0.984802879,0.812116139,0.898459509,
29335567,COc1ccc2c3c(ccc2c1)-c1[nH]c2ccccc2c1CC3,RTPNLSUMOYYIBH-UHFFFAOYSA-N,299.131014164,5.0953000000000035,COc1ccc2c3c(ccc2c1)-c1[nH]c2ccccc2c1CC3,BRD-K22752064,1.06914473,0.871947701,0.970546216,
41991780,COCC#Cc1ccc2c(c1)O[C@H](CN(C)Cc1ccc(F)cc1)[C@H](C)CN([C@@H](C)CO)S2(=O)=O,ZCWARIVHRGPGGB-OHUGHZGNSA-N,504.209421376,2.724200000000002,COCC#Cc1ccc2c(c1)O[C@H](CN(C)Cc1ccc(F)cc1)[C@H](C)CN([C@@H](C)CO)S2(=O)=O,BRD-K22783097,0.930506713,0.959171809,0.944839261,
79636810,CN(C)CCCCNC(=O)[C@H]1C[C@H]2C(=O)N[C@@H](CCCC[N+](C)(C)C)C(=O)N2[C@H]1c1ccc(O)cc1,BVMBJINFZZCLIS-ZJZGAYNASA-O,502.33878130808995,1.4833000000000038,CN(C)CCCCNC(=O)[C@H]1C[C@H]2C(=O)N[C@@H](CCCC[N+](C)(C)C)C(=O)N2[C@H]1c1ccc(O)cc1,BRD-K22953090,0.963860627,1.042422667,1.003141647,
10001973,NCC[C@@H]1CC[C@H](NC(=O)C2CC2)[C@H](CO)O1,QPFUQHRKAPXHIZ-DCAQKATOSA-N,242.163042564,-0.23009999999999947,NCC[C@@H]1CC[C@H](NC(=O)C2CC2)[C@H](CO)O1,BRD-K22968140,1.029819575,0.871051467,0.950435521,
22656700,O=c1[nH]/c(=C/c2ccco2)c(=O)[nH]/c1=C\c1ccco1,PWTFNCDCTPQGDG-UHFFFAOYSA-N,270.0640568,-0.09319999999999995,O=c1[nH]/c(=C/c2ccco2)c(=O)[nH]/c1=C\c1ccco1,BRD-K22983809,0.896899857,0.750342652,0.823621255,
10541847,O=C(C[C@H]1C=C[C@H](NC(=O)c2cccc(F)c2)[C@H](CO)O1)NCCN1CCCC1,NACLGKNIFVCEKZ-QYZOEREBSA-N,405.206384596,0.8421000000000003,O=C(C[C@H]1C=C[C@H](NC(=O)c2cccc(F)c2)[C@H](CO)O1)NCCN1CCCC1,BRD-K22986903,1.125562302,1.076783971,1.101173136,
24425884,C[C@H]1CN([C@@H](C)CO)S(=O)(=O)c2ccc(C#CC3(O)CCCC3)cc2O[C@@H]1CN(C)C(=O)Cc1cccnc1,HMRZABQVDOPAHA-AOJNWGRGSA-N,555.240306904,2.2078999999999995,C[C@H]1CN([C@@H](C)CO)S(=O)(=O)c2ccc(C#CC3(O)CCCC3)cc2O[C@@H]1CN(C)C(=O)Cc1cccnc1,BRD-K22999390,1.21872356,1.012060742,1.115392151,
19002059,CO[C@H]1CN(C)C(=O)c2ccc(NC(=O)c3ccccc3)cc2OC[C@H](C)N(C(=O)CN(C)C)C[C@H]1C,HPEVNYUVWQLRIG-RNHFSVANSA-N,510.284220316,2.833100000000001,CO[C@H]1CN(C)C(=O)c2ccc(NC(=O)c3ccccc3)cc2OC[C@H](C)N(C(=O)CN(C)C)C[C@H]1C,BRD-K23001027,1.030852574,1.127820427,1.079336501,
23050358,CCCOc1ccc(=O)n(C)n1,QFROKPGQRBJJFO-UHFFFAOYSA-N,168.089877624,0.5690999999999999,CCCOc1ccc(=O)n(C)n1,BRD-K23019743,1.123497208,1.159591695,1.141544451,
94962534,CO[C@H]1CN(C)C(=O)c2ccc(NS(=O)(=O)CC(F)(F)F)cc2OC[C@@H](C)N(Cc2nccs2)C[C@@H]1C,QRICJNQKSXKMBF-YRNRMSPPSA-N,564.1687967519999,3.4533000000000023,CO[C@H]1CN(C)C(=O)c2ccc(NS(=O)(=O)CC(F)(F)F)cc2OC[C@@H](C)N(Cc2nccs2)C[C@@H]1C,BRD-K23042691,1.182032178,0.796871456,0.989451817,
