id,smiles,inchikey,mwt,clogp,SMILES,Klebsiella pneumoniae: predicted MIC (µM),Klebsiella pneumoniae: predicted MIC (µg / mL),Klebsiella pneumoniae: log10(variance),Klebsiella pneumoniae: Tanimoto nearest neighbor to training data,pmic
29079421,Cc1cc(O)c(C(=O)NC(C(=O)NC2C(=O)N3C(C(=O)O)=C(CSc4nnnn4C)CSC23)c2ccc(O)cc2)cn1,PWAUCHMQEXVFJR-UHFFFAOYSA-N,612.1209371080001,0.3267200000000013,Cc1cc(O)c(C(=O)NC(C(=O)NC2C(=O)N3C(C(=O)O)=C(CSc4nnnn4C)CSC23)c2ccc(O)cc2)cn1,316.8973693847656,193.9795287251992,-2.2809388637542725,0.36283186078071594,
10647039,CON=C1CN(c2nc3c(cc2F)c(=O)c(C(=O)O)cn3C2CC2)CC1CN.CS(=O)(=O)O,JIYMVSQRGZEYAX-UHFFFAOYSA-N,485.1380473279999,0.47000000000000114,CON=C1CN(c2nc3c(cc2F)c(=O)c(C(=O)O)cn3C2CC2)CC1CN.CS(=O)(=O)O,15.244513511657715,7.395693633176858,-2.6039764881134033,0.41025641560554504,
87493465,CCC(C)CCCCC(=O)NC(CCN)C(=O)NC(C(=O)NC(CCN)C(=O)NC1CCNC(=O)C(C(C)O)NC(=O)C(CCN)NC(=O)C(CCN)NC(=O)C(CC(C)C)NC(=O)C(Cc2ccccc2)NC(=O)C(CCN)NC1=O)C(C)O.O=S(=O)(O)O,HFMDLUQUEXNBOP-UHFFFAOYSA-N,1300.7173067399995,-5.897600000000003,CCC(C)CCCCC(=O)NC(CCN)C(=O)NC(C(=O)NC(CCN)C(=O)NC1CCNC(=O)C(C(C)O)NC(=O)C(CCN)NC(=O)C(CCN)NC(=O)C(CC(C)C)NC(=O)C(Cc2ccccc2)NC(=O)C(CCN)NC1=O)C(C)O.O=S(=O)(O)O,98.9461669921875,128.70099447830333,-3.0276083946228027,0.4488188922405243,
10202577,Cl.N=C(N)n1cccn1,RBZRMBCLZMEYEH-UHFFFAOYSA-N,146.035923904,0.04647000000000007,Cl.N=C(N)n1cccn1,204.9983673095703,29.93712694375962,-2.406975507736206,0.1666666716337204,
96854074,Cl.Cl.N=C(NCCCCCCNC(=N)NC(=N)Nc1ccc(Cl)cc1)NC(=N)Nc1ccc(Cl)cc1,WJLVQTJZDCGNJN-UHFFFAOYSA-N,576.1565517440001,5.018880000000002,Cl.Cl.N=C(NCCCCCCNC(=N)NC(=N)Nc1ccc(Cl)cc1)NC(=N)Nc1ccc(Cl)cc1,136.48692321777344,78.63783187987265,-3.2563412189483643,0.3478260934352875,
10739038,CCOC(=O)c1c(C)cc(O)c(C=O)c1O,HUXJGSHUVDWZAM-UHFFFAOYSA-N,224.068473484,1.3954199999999999,CCOC(=O)c1c(C)cc(O)c(C=O)c1O,480.1977233886719,107.59717181178937,-3.0816526412963867,0.26530611515045166,
30143097,CON=C(C(=O)NC1C(=O)N2C(C(=O)[O-])=C(COC(C)=O)CSC12)c1csc(N)n1.[Na+],AZZMGZXNTDTSME-UHFFFAOYSA-M,477.0388841320001,-4.953199999999996,CON=C(C(=O)NC1C(=O)N2C(C(=O)[O-])=C(COC(C)=O)CSC12)c1csc(N)n1.[Na+],0.5262312293052673,0.251032767308737,-2.2331295013427734,0.5813953280448914,
10764059,O=C(NC(CO)C(O)c1ccc([N+](=O)[O-])cc1)C(Cl)Cl,WIIZWVCIJKGZOK-UHFFFAOYSA-N,322.01232684400003,0.9089999999999998,O=C(NC(CO)C(O)c1ccc([N+](=O)[O-])cc1)C(Cl)Cl,45.16265106201172,14.542930556453062,-3.31919264793396,1.0,
84613517,COc1c(N2CCNC(C)C2)c(F)cc2c(=O)c(C(=O)O)cn(C3CC3)c12,XUBOMFCQGDBHNK-UHFFFAOYSA-N,375.15943440399997,1.9804,COc1c(N2CCNC(C)C2)c(F)cc2c(=O)c(C(=O)O)cn(C3CC3)c12,6.5048627853393555,2.440360737061253,-3.1054975986480713,1.0,
10829486,Cc1nnc(SCC2=C(C(=O)[O-])N3C(=O)C(NC(=O)Cn4cnnn4)C3SC2)s1.[Na+],FLKYBGKDCCEQQM-UHFFFAOYSA-M,476.0119581760002,-4.966779999999997,Cc1nnc(SCC2=C(C(=O)[O-])N3C(=O)C(NC(=O)Cn4cnnn4)C3SC2)s1.[Na+],77.59197235107422,36.93470584639719,-2.031252861022949,0.29591837525367737,
39011149,O=C1C=C2C(=CCOC2O)O1,ZRWPUFFVAOMMNM-UHFFFAOYSA-N,154.026608672,-0.2979000000000001,O=C1C=C2C(=CCOC2O)O1,1121.121826171875,172.68258324548407,-2.3674023151397705,0.1599999964237213,
57585884,CC(=O)OCC1=C(C(=O)[O-])N2C(=O)C(NC(=O)Cc3cccs3)C2SC1.[Na+],VUFGUVLLDPOSBC-UHFFFAOYSA-M,418.02692248000005,-3.738399999999995,CC(=O)OCC1=C(C(=O)[O-])N2C(=O)C(NC(=O)Cc3cccs3)C2SC1.[Na+],7.94268274307251,3.320255357246967,-2.7074012756347656,0.4625000059604645,
66612692,CCC1OC(=O)C(C)C(OC2CC(C)(OC)C(O)C(C)O2)C(C)C(OC2OC(C)CC(N(C)C)C2O)C(C)(O)CC(C)CN(C)C(C)C(O)C1(C)O,MQTOSJVFKKJCRP-UHFFFAOYSA-N,748.5085257439999,1.9007000000000054,CCC1OC(=O)C(C)C(OC2CC(C)(OC)C(O)C(C)O2)C(C)C(OC2OC(C)CC(N(C)C)C2O)C(C)(O)CC(C)CN(C)C(C)C(O)C1(C)O,403.8100280761719,302.2552459406052,-2.8723185062408447,0.26446279883384705,
43925741,CN1CCN(c2c(F)cc3c(=O)c(C(=O)O)cn4c3c2SCC4)CC1,NJCJBUHJQLFDSW-UHFFFAOYSA-N,363.105290656,1.6963,CN1CCN(c2c(F)cc3c(=O)c(C(=O)O)cn4c3c2SCC4)CC1,141.8361053466797,51.50144077684745,-2.8222572803497314,0.546875,
10449735,CON=C(C(=O)NC1C(=O)N2C(C(=O)O)=C(C[N+]3(C)CCCC3)CSC12)c1csc(N)n1.[Cl-],MMRINLZOZVAPDZ-UHFFFAOYSA-N,516.1016375800001,-2.941199999999996,CON=C(C(=O)NC1C(=O)N2C(C(=O)O)=C(C[N+]3(C)CCCC3)CSC12)c1csc(N)n1.[Cl-],1.1369560956954956,0.5867849331264062,-2.4433560371398926,0.6829268336296082,
94790366,Cc1oc(=O)oc1CN1CCN(c2cc3c(cc2F)c(=O)c(C(=O)O)c2n3C(C)S2)CC1,PWNMXPDKBYZCOO-UHFFFAOYSA-N,461.10568458,2.639820000000001,Cc1oc(=O)oc1CN1CCN(c2cc3c(cc2F)c(=O)c(C(=O)O)c2n3C(C)S2)CC1,48.032928466796875,22.1482562668704,-1.8999592065811157,0.41025641560554504,
67656018,CNC1C(O)C(OC2C(N)CC(N)C(OC3OC(C(C)O)C(O)C(O)C3N)C2O)OCC1(C)O,BRZYSWJRSDMWLG-UHFFFAOYSA-N,496.2744434799999,-5.612999999999998,CNC1C(O)C(OC2C(N)CC(N)C(OC3OC(C(C)O)C(O)C(O)C3N)C2O)OCC1(C)O,18.447227478027344,9.154887698308292,-2.570176601409912,0.3086419701576233,
52044757,Cl.NC1CCN(c2c(F)cc3c(=O)c(C(=O)O)cn(C4CC4)c3c2Cl)C1,BMACYHMTJHBPOX-UHFFFAOYSA-N,401.070925016,2.7863000000000016,Cl.NC1CCN(c2c(F)cc3c(=O)c(C(=O)O)cn(C4CC4)c3c2Cl)C1,43.22628402709961,17.336806819414925,-2.2763102054595947,0.6029411554336548,
10967893,Cc1scc2c1N(C(=O)CN1CCN(C)CC1)c1ccccc1NC2=O.Cl,XZVKOMOTDZLLDN-UHFFFAOYSA-N,406.123024656,2.9561200000000007,Cc1scc2c1N(C(=O)CN1CCN(C)CC1)c1ccccc1NC2=O.Cl,740.2152709960938,300.6184771473854,-2.6311872005462646,0.22727273404598236,
80015098,O=C([O-])C1=C(CSc2nnnn2CS(=O)(=O)[O-])CSC2C(NC(=O)C(O)c3ccccc3)C(=O)N12.[Na+].[Na+],NAXFZVGOZUWLEP-UHFFFAOYSA-L,585.9987130320001,-8.586600000000008,O=C([O-])C1=C(CSc2nnnn2CS(=O)(=O)[O-])CSC2C(NC(=O)C(O)c3ccccc3)C(=O)N12.[Na+].[Na+],16.278650283813477,9.539268308318048,-3.422396659851074,0.30630630254745483,
84632098,COc1cc(Cc2cnc(N)nc2N)cc(OC)c1OC,IEDVJHCEMCRBQM-UHFFFAOYSA-N,290.13789043599996,1.2575999999999998,COc1cc(Cc2cnc(N)nc2N)cc(OC)c1OC,6.423308849334717,1.8636453169945404,-2.80572772026062,1.0,
44861161,CN(C)CCC=C1c2ccccc2COc2ccc(CC(=O)O)cc21.Cl,HVRLZEKDTUEKQH-UHFFFAOYSA-N,373.14447130799994,4.011300000000004,CN(C)CCC=C1c2ccccc2COc2ccc(CC(=O)O)cc21.Cl,28.081329345703125,10.478392864611934,-3.010364294052124,0.2266666740179062,
36685547,CN1CCN(c2c(F)cc3c(=O)c(C(=O)O)cn(CCF)c3c2F)CC1,XBJBPGROQZJDOJ-UHFFFAOYSA-N,369.130026096,1.6991999999999998,CN1CCN(c2c(F)cc3c(=O)c(C(=O)O)cn(CCF)c3c2F)CC1,58.311500549316406,21.52452538943812,-2.552497148513794,0.5789473652839661,
95413871,CC1(C)SC2C(N3C(=O)C(c4ccccc4)NC3(C)C)C(=O)N2C1C(=O)[O-].[K+],QRSPJBLLJXVPDD-UHFFFAOYSA-M,427.09680886399997,-2.9195999999999955,CC1(C)SC2C(N3C(=O)C(c4ccccc4)NC3(C)C)C(=O)N2C1C(=O)[O-].[K+],126.7568130493164,54.13743208620651,-2.2802987098693848,0.2957746386528015,
17206037,NCC1OC(OC2C(N)CC(N)C(OC3OC(CO)C(O)C(N)C3O)C2O)C(N)CC1O,NLVFBUXFDBBNBW-UHFFFAOYSA-N,467.25912776399997,-6.295799999999999,NCC1OC(OC2C(N)CC(N)C(OC3OC(CO)C(O)C(N)C3O)C2O)C(N)CC1O,211.60968017578125,98.87655982130764,-1.7582411766052246,0.3181818127632141,
71564820,Oc1cc(Cl)ccc1Oc1ccc(Cl)cc1Cl,XEFQLINVKFYRCS-UHFFFAOYSA-N,287.951162504,5.144700000000002,Oc1cc(Cl)ccc1Oc1ccc(Cl)cc1Cl,41.15614700317383,11.850961352053346,-3.1602048873901367,1.0,
74564994,CON=C(C(=O)NC1C(=O)N2C(C(=O)O)=C(CSC(=O)c3ccco3)CSC12)c1csc(N)n1.Cl,KEQFDTJEEQKVLM-UHFFFAOYSA-N,559.005688596,1.4027999999999996,CON=C(C(=O)NC1C(=O)N2C(C(=O)O)=C(CSC(=O)c3ccco3)CSC12)c1csc(N)n1.Cl,0.611515462398529,0.3418406335987127,-2.0422024726867676,0.4455445408821106,
25772369,CC1COc2c(N3CCN(C)CC3)c(F)cc3c(=O)c(C(=O)O)cn1c23,GSDSWSVVBLHKDQ-UHFFFAOYSA-N,361.14378433999997,1.5439999999999998,CC1COc2c(N3CCN(C)CC3)c(F)cc3c(=O)c(C(=O)O)cn1c23,7.2558722496032715,2.620413161563949,-1.9736698865890503,1.0,
11221274,COC1(NC(=O)C2SC(=C(C(N)=O)C(=O)O)S2)C(=O)N2C(C(=O)O)=C(CSc3nnnn3C)CSC21,SRZNHPXWXCNNDU-UHFFFAOYSA-N,575.0021445040002,-1.3974999999999984,COC1(NC(=O)C2SC(=C(C(N)=O)C(=O)O)S2)C(=O)N2C(C(=O)O)=C(CSc3nnnn3C)CSC21,736.7482299804688,423.63180561791853,-2.661592483520508,0.2970297038555145,
59047210,Cc1cn(C2CC(N=[N+]=[N-])C(CO)O2)c(=O)[nH]c1=O,HBOMLICNUCNMMY-UHFFFAOYSA-N,267.096753896,-0.19628000000000012,Cc1cn(C2CC(N=[N+]=[N-])C(CO)O2)c(=O)[nH]c1=O,118.87973022460938,31.75239144800359,-2.353661060333252,0.6140350699424744,
46829311,CC(N)O.Cc1cc(CC(C)CC(C)(C)C)n(O)c(=O)c1,JUAUJJPBJGQPET-UHFFFAOYSA-N,298.22564282,2.2922200000000004,CC(N)O.Cc1cc(CC(C)CC(C)(C)C)n(O)c(=O)c1,533.8281860351562,159.20123999967237,-2.732849359512329,0.39024388790130615,
78269705,CCN1CCN(c2cc3c(cc2F)c(=O)c(C(=O)O)cn3C2CC2)CC1,SPFYMRJSYKOXGV-UHFFFAOYSA-N,359.16451978400005,2.3156,CCN1CCN(c2cc3c(cc2F)c(=O)c(C(=O)O)cn3C2CC2)CC1,1.4127984046936035,0.5074270652563518,-2.207610845565796,1.0,
95241970,NCc1ccccc1CC(=O)NC1C(=O)N2C(C(=O)O)=C(CSc3nnnn3CC(=O)O)CSC12,SLAYUXIURFNXPG-UHFFFAOYSA-N,519.099473392,-0.7101999999999984,NCc1ccccc1CC(=O)NC1C(=O)N2C(C(=O)O)=C(CSc3nnnn3CC(=O)O)CSC12,565.770751953125,293.6912959341002,-2.3967642784118652,0.29629629850387573,
48411103,CC1CCc2cc(F)cc3c(=O)c(C(=O)O)cn1c23,DPSPPJIUMHPXMA-UHFFFAOYSA-N,261.080121464,2.346,CC1CCc2cc(F)cc3c(=O)c(C(=O)O)cn1c23,2.9987921714782715,0.7829250058954538,-2.109590768814087,0.4838709533214569,
10408082,CCn1cc(C(=O)O)c(=O)c2cc(F)c(N3CCN(C)CC3)cc21.CS(=O)(=O)O,HQQSBEDKMRHYME-UHFFFAOYSA-N,429.13698470799994,1.1145000000000003,CCn1cc(C(=O)O)c(=O)c2cc(F)c(N3CCN(C)CC3)cc21.CS(=O)(=O)O,4.2364420890808105,1.8180139616169613,-2.2282702922821045,0.8999999761581421,
37644530,CCn1cc(C(=O)O)c(=O)c2cc(F)c(N3CCNCC3)cc21,OGJPXUAPXNRGGI-UHFFFAOYSA-N,319.133219656,1.2683,CCn1cc(C(=O)O)c(=O)c2cc(F)c(N3CCNCC3)cc21,7.892192840576172,2.5186610492673167,-2.469256639480591,1.0,
70553699,Cl.O=C(O)c1cn(-c2ccc(F)cc2)c2cc(N3CCNCC3)c(F)cc2c1=O,KNWODGJQLCISLC-UHFFFAOYSA-N,421.100475556,2.7985000000000007,Cl.O=C(O)c1cn(-c2ccc(F)cc2)c2cc(N3CCNCC3)c(F)cc2c1=O,1.8073010444641113,0.7610553410621042,-1.8987739086151123,0.6379310488700867,
11472215,O=C(Cn1cnnn1)NC1C(=O)N2C(C(=O)O)=C(CSc3nncs3)CSC12,DZMVCVMFETWNIU-UHFFFAOYSA-N,440.0143638640001,-0.9444999999999995,O=C(Cn1cnnn1)NC1C(=O)N2C(C(=O)O)=C(CSc3nncs3)CSC12,71.94566345214844,31.657127015192124,-2.897003412246704,0.31182795763015747,
68769304,O=C1OCCN1N=Cc1ccc([N+](=O)[O-])o1,PLHJDBGFXBMTGZ-UHFFFAOYSA-N,225.038570324,0.9739,O=C1OCCN1N=Cc1ccc([N+](=O)[O-])o1,62.888553619384766,14.152350558410852,-2.6351306438446045,0.3799999952316284,
10523146,COC1(NC(=O)CSCC#N)C(=O)N2C(C(=O)[O-])=C(CSc3nnnn3C)CSC21.[Na+],BITQGIOJQWZUPL-UHFFFAOYSA-M,493.0272738920001,-5.059019999999996,COC1(NC(=O)CSCC#N)C(=O)N2C(C(=O)[O-])=C(CSc3nnnn3C)CSC21.[Na+],510.166748046875,251.52612901308427,-2.183906078338623,0.25,
75771018,COc1c(N2CC3CCCNC3C2)c(F)cc2c(=O)c(C(=O)O)cn(C3CC3)c12.Cl,IDIIJJHBXUESQI-UHFFFAOYSA-N,437.15176218,2.7923000000000004,COc1c(N2CC3CCCNC3C2)c(F)cc2c(=O)c(C(=O)O)cn(C3CC3)c12.Cl,92.54814147949219,40.457585479308754,-2.5137763023376465,0.8333333134651184,
25505258,CCN1CCN(C(=O)NC(C(=O)NC2C(=O)N3C(C(=O)O)=C(CSc4nnnn4C)CSC23)c2ccc(O)cc2)C(=O)C1=O,GCFBRXLSHGKWDP-UHFFFAOYSA-N,645.1424008240001,-1.1119999999999965,CCN1CCN(C(=O)NC(C(=O)NC2C(=O)N3C(C(=O)O)=C(CSc4nnnn4C)CSC23)c2ccc(O)cc2)C(=O)C1=O,21.03595733642578,13.571188500321512,-1.9160832166671753,0.3391304314136505,
63210426,Nc1c2ccccc2nc2ccccc12,XJGFWWJLMVZSIG-UHFFFAOYSA-N,194.08439832,2.970200000000001,Nc1c2ccccc2nc2ccccc12,182.26171875,35.37415632113943,-2.7706029415130615,0.3529411852359772,
46666388,O=C1CN(N=Cc2ccc([N+](=O)[O-])o2)C(=O)N1,NXFQHRVNIOXGAQ-UHFFFAOYSA-N,238.033819292,0.07349999999999995,O=C1CN(N=Cc2ccc([N+](=O)[O-])o2)C(=O)N1,152.77027893066406,36.36449342218361,-2.5037271976470947,0.3799999952316284,
10630271,CC1CCC2(C)C(C=O)=CCCC2C1(C)CC1OC(O)C(=O)C12CO2,TYEWCIUNKYTNGK-UHFFFAOYSA-N,348.1936739959999,2.4096,CC1CCC2(C)C(C=O)=CCCC2C1(C)CC1OC(O)C(=O)C12CO2,966.5970458984375,336.56298863933824,-2.1016557216644287,0.1764705926179886,
70019855,CS(=O)(=O)c1ccc(C(O)C(CF)NC(=O)C(Cl)Cl)cc1,AYIRNRDRBQJXIF-UHFFFAOYSA-N,357.000462508,1.3815,CS(=O)(=O)c1ccc(C(O)C(CF)NC(=O)C(Cl)Cl)cc1,67.21430969238281,23.995539817567696,-2.3280627727508545,0.4897959232330322,
94206297,Cn1nnnc1SCC1=C(C(=O)[O-])N2C(=O)C(NC(=O)C(O)c3ccccc3)C2SC1.[Na+],OJMNTWPPFNMOCJ-UHFFFAOYSA-M,484.059953924,-4.556299999999994,Cn1nnnc1SCC1=C(C(=O)[O-])N2C(=O)C(NC(=O)C(O)c3ccccc3)C2SC1.[Na+],29.737030029296875,14.394504996313058,-2.266925096511841,0.3333333432674408,
91316465,Cc1cc(C(C)(C)CC(C)(C)C)ccc1OCCOCC[N+](C)(C)Cc1ccccc1.[Cl-],QWZLBLDNRUUYQI-UHFFFAOYSA-M,461.306057328,3.384820000000002,Cc1cc(C(C)(C)CC(C)(C)C)ccc1OCCOCC[N+](C)(C)Cc1ccccc1.[Cl-],80.61439514160156,37.187908924133616,-1.7479807138442993,0.20000000298023224,
87321960,CON=C(C(=O)NC1C(=O)N2C(C(=O)[O-])=C(COC(N)=O)CSC12)c1ccco1.[Na+],URDOHUPGIOGTKV-UHFFFAOYSA-M,446.0508287200001,-4.866699999999996,CON=C(C(=O)NC1C(=O)N2C(C(=O)[O-])=C(COC(N)=O)CSC12)c1ccco1.[Na+],4.400197505950928,1.9627119118896401,-2.2301623821258545,0.37755101919174194,
40403588,CCN1CCN(C(=O)NC(C(=O)NC2C(=O)N3C2SC(C)(C)C3C(=O)[O-])c2ccccc2)C(=O)C1=O.[Na+],WCMIIGXFCMNQDS-UHFFFAOYSA-M,539.1450634519999,-4.570999999999993,CCN1CCN(C(=O)NC(C(=O)NC2C(=O)N3C2SC(C)(C)C3C(=O)[O-])c2ccccc2)C(=O)C1=O.[Na+],110.37792205810547,59.50971211307267,-2.136763572692871,0.3047619163990021,
11349651,NCCC(O)C(=O)NC1CC(N)C(OC2OC(CN)C(O)C(O)C2O)C(O)C1OC1OC(CO)C(O)C(N)C1O.O,DTSOZYYWEZJFSS-UHFFFAOYSA-N,603.2963011199998,-9.248900000000015,NCCC(O)C(=O)NC1CC(N)C(OC2OC(CN)C(O)C(O)C2O)C(O)C1OC1OC(CO)C(O)C(N)C1O.O,209.447509765625,126.35890389295929,-2.701051712036133,0.36781609058380127,
58267808,CC(NCCCc1cccc(C(F)(F)F)c1)c1cccc2ccccc12.Cl,QANQWUQOEJZMLL-UHFFFAOYSA-N,393.147112076,6.563800000000006,CC(NCCCc1cccc(C(F)(F)F)c1)c1cccc2ccccc12.Cl,66.16069030761719,26.01088568653115,-2.9392287731170654,0.3636363744735718,
10566613,CCC1OC(OC(c2c[nH]cn2)C(NC(=O)c2nc(C(CC(N)=O)NCC(N)C(N)=O)nc(N)c2C)C(=O)NC(C)C(O)C(C)C(=O)NC(C(=O)NCCc2nc(-c3nc(C(=O)NCCCCNC(=N)N)cs3)cs2)C(C)O)C(OC2OC(CO)C(O)C(OC(N)=O)C2O)C(C)C1C.O=S(=O)(O)O.O=S(=O)(O)O,MYFKIPTTYRRUOH-UHFFFAOYSA-N,1614.5530971279984,-6.045810000000018,CCC1OC(OC(c2c[nH]cn2)C(NC(=O)c2nc(C(CC(N)=O)NCC(N)C(N)=O)nc(N)c2C)C(=O)NC(C)C(O)C(C)C(=O)NC(C(=O)NCCc2nc(-c3nc(C(=O)NCCCCNC(=N)N)cs3)cs2)C(C)O)C(OC2OC(CO)C(O)C(OC(N)=O)C2O)C(C)C1C.O=S(=O)(O)O.O=S(=O)(O)O,334.4726867675781,540.0239111704977,-1.759464979171753,0.17277486622333527,
55282237,CC(C)(C)CC(C)(C)c1ccc(OCCOCC[N+](C)(C)Cc2ccccc2)cc1.[Cl-],UREZNYTWGJKWBI-UHFFFAOYSA-M,447.29040726399995,3.0764000000000014,CC(C)(C)CC(C)(C)c1ccc(OCCOCC[N+](C)(C)Cc2ccccc2)cc1.[Cl-],106.366455078125,47.576695224407175,-2.2020530700683594,0.2753623127937317,
37720163,NC(=O)NN=Cc1ccc([N+](=O)[O-])o1,IAIWVQXQOWNYOU-UHFFFAOYSA-N,198.038904672,0.19000000000000006,NC(=O)NN=Cc1ccc([N+](=O)[O-])o1,109.64738464355469,21.714448179235777,-2.472383737564087,0.47727271914482117,
59783003,CN1CCN(c2c(F)cc3c(=O)c(C(=O)O)cn4c3c2OCN4C)CC1,BPFYOAJNDMUVBL-UHFFFAOYSA-N,362.139033308,0.5083000000000002,CN1CCN(c2c(F)cc3c(=O)c(C(=O)O)cn4c3c2OCN4C)CC1,21.722736358642578,7.866651231389658,-2.281646251678467,0.6666666865348816,
32780990,CCC(C)C1NC(=O)C(CCN)NC(=O)C(NC(=O)C(CCN)NC(=O)C(NC(=O)C(CCN)NC(=O)CCCCC(C)C)C(C)O)CCNC(=O)C(C(C)O)NC(=O)C(CCN)NC(=O)C(CCN)NC(=O)C(C(C)CC)NC1=O.O=S(=O)(O)O.O=S(=O)(O)O,GQOWKFKFLXZQFI-UHFFFAOYSA-N,1350.684686283999,-7.137099999999984,CCC(C)C1NC(=O)C(CCN)NC(=O)C(NC(=O)C(CCN)NC(=O)C(NC(=O)C(CCN)NC(=O)CCCCC(C)C)C(C)O)CCNC(=O)C(C(C)O)NC(=O)C(CCN)NC(=O)C(CCN)NC(=O)C(C(C)CC)NC1=O.O=S(=O)(O)O.O=S(=O)(O)O,140.16468811035156,189.31829794943894,-2.5660805702209473,0.34166666865348816,
55625421,O=[N+]([O-])C(Br)(CO)CO,LVDKZNITIUWNER-UHFFFAOYSA-N,198.948019772,-0.6611,O=[N+]([O-])C(Br)(CO)CO,905.5248413085938,180.15237574028384,-2.4936165809631348,0.23076923191547394,
38068870,CC1COc2c(C3(N)CC3)c(F)cc3c(=O)c(C(=O)O)cn1c23.CS(=O)(=O)O,UDHGFPATQWQARM-UHFFFAOYSA-N,414.0897001679999,1.2440000000000004,CC1COc2c(C3(N)CC3)c(F)cc3c(=O)c(C(=O)O)cn1c23.CS(=O)(=O)O,3.828967809677124,1.5855360821274826,-1.550686001777649,0.5820895433425903,
80961675,CN1CCN(c2cc3c(cc2F)c(=O)c(C(=O)O)cn3-c2ccc(F)cc2)CC1.Cl,JFMGBGLSDVIOHL-UHFFFAOYSA-N,435.11612562,3.140700000000002,CN1CCN(c2cc3c(cc2F)c(=O)c(C(=O)O)cn3-c2ccc(F)cc2)CC1.Cl,1.770090103149414,0.770194737144609,-2.1856842041015625,0.6491228342056274,
16517632,CCn1cc(C(=O)O)c(=O)c2cc(F)c(N3CCNC(C)C3)c(F)c21.Cl,KXEBLAPZMOQCKO-UHFFFAOYSA-N,387.11612562,2.2177000000000002,CCn1cc(C(=O)O)c(=O)c2cc(F)c(N3CCNC(C)C3)c(F)c21.Cl,18.540205001831055,7.177212495795296,-2.840994119644165,0.9807692170143127,
59856225,O=C(O)c1cn(C2CC2)c2cc(N3CCNCC3)c(F)cc2c1=O,MYSWGUAQZAJSOK-UHFFFAOYSA-N,331.13321965599994,1.5833,O=C(O)c1cn(C2CC2)c2cc(N3CCNCC3)c(F)cc2c1=O,0.9616298079490662,0.31842756856391013,-3.0476043224334717,1.0,
61552043,CNC1C(O)C(NC)C2OC3(O)C(=O)CC(C)OC3OC2C1O.Cl.Cl,FOGDPGQSHLLYIK-UHFFFAOYSA-N,404.11170653199997,-2.081999999999998,CNC1C(O)C(NC)C2OC3(O)C(=O)CC(C)OC3OC2C1O.Cl.Cl,315.7734069824219,127.6077386589958,-1.922398328781128,0.18918919563293457,
67991251,CCn1cc(C(=O)[O-])c(=O)c2cc3c(cc21)OCO3.[K+],IZMZWLYILJCPDW-UHFFFAOYSA-M,299.01960410000004,-2.882399999999998,CCn1cc(C(=O)[O-])c(=O)c2cc3c(cc21)OCO3.[K+],112.35987854003906,33.59780725326852,-2.851763963699341,0.4166666567325592,
21711426,COC1(NC(=O)C(C(=O)[O-])c2ccc(O)cc2)C(=O)N2C(C(=O)[O-])=C(CSc3nnnn3C)COC21.[Na+].[Na+],GRIXGZQULWMCLU-UHFFFAOYSA-L,564.0651357160002,-9.78910000000001,COC1(NC(=O)C(C(=O)[O-])c2ccc(O)cc2)C(=O)N2C(C(=O)[O-])=C(CSc3nnnn3C)COC21.[Na+].[Na+],222.3206787109375,125.40334219575495,-1.4620825052261353,0.22018349170684814,
51738467,NCC1OC(OC2C(N)CC(N)C(OC3OC(CO)C(O)C(N)C3O)C2O)C(N)C(O)C1O.O=S(=O)(O)O,YGTPKDKJVZOVCO-UHFFFAOYSA-N,581.2214219279998,-7.977800000000013,NCC1OC(OC2C(N)CC(N)C(OC3OC(CO)C(O)C(N)C3O)C2O)C(N)C(O)C1O.O=S(=O)(O)O,45.98394775390625,26.726855534031742,-1.9516830444335938,0.30000001192092896,
10033206,CC1CCc2c(N3CCC(O)CC3)c(F)cc3c(=O)c(C(=O)O)cn1c23,JYJTVFIEFKZWCJ-UHFFFAOYSA-N,360.148535372,2.3071,CC1CCc2c(N3CCC(O)CC3)c(F)cc3c(=O)c(C(=O)O)cn1c23,18.842079162597656,6.78594773433607,-2.5785529613494873,0.5538461804389954,
78757810,CC[Hg]Sc1ccccc1C(=O)[O-].[Na+],RTKIYNMVFMVABJ-UHFFFAOYSA-L,405.992737808,-1.4181000000000001,CC[Hg]Sc1ccccc1C(=O)[O-].[Na+],162.12396240234375,65.82115169879555,-3.4412460327148438,0.25,
74098449,Nc1nc(C(=CCC(=O)O)C(=O)NC2C(=O)N3C(C(=O)O)=CCSC23)cs1,UNJFKXSSGBWRBZ-UHFFFAOYSA-N,410.035476168,-0.0481999999999998,Nc1nc(C(=CCC(=O)O)C(=O)NC2C(=O)N3C(C(=O)O)=CCSC23)cs1,39.89704513549805,16.359203129969533,-2.9473929405212402,0.39080458879470825,
29898355,CC1CN(c2c(F)c(F)c3c(=O)c(C(=O)O)cn(C4CC4)c3c2F)CC(C)N1,QIPQASLPWJVQMH-UHFFFAOYSA-N,395.14567616000005,2.6385000000000005,CC1CN(c2c(F)c(F)c3c(=O)c(C(=O)O)cn(C4CC4)c3c2F)CC(C)N1,17.821338653564453,7.042025401053812,-2.712843418121338,0.5074626803398132,
64078198,COc1cc2c(cc1OC)C(=O)C(CC1CCN(Cc3ccccc3)CC1)C2.Cl,XWAIAVWHZJNZQQ-UHFFFAOYSA-N,415.1914215,4.782900000000006,COc1cc2c(cc1OC)C(=O)C(CC1CCN(Cc3ccccc3)CC1)C2.Cl,40.42125701904297,16.782559841105076,-2.853848695755005,0.29629629850387573,
32352002,CCn1cc(C(=O)O)c(=O)c2cc(F)c(N3CCNCC3)nc21,IDYZIJYBMGIQMJ-UHFFFAOYSA-N,320.12846862400005,0.6633000000000002,CCn1cc(C(=O)O)c(=O)c2cc(F)c(N3CCNCC3)nc21,97.53190612792969,31.222740113255586,-1.7990834712982178,0.6491228342056274,
28711108,NC(C(=O)NC1C(=O)N2C(C(=O)O)=C(Cl)CSC12)c1ccccc1,QYIYFLOTGYLRGG-UHFFFAOYSA-N,367.039354608,0.6213000000000004,NC(C(=O)NC1C(=O)N2C(C(=O)O)=C(Cl)CSC12)c1ccccc1,61.85498046875,22.7032122636812,-2.560506820678711,0.5932203531265259,
32261682,CN(C)CCOC(c1ccccc1)c1ccccc1.Cn1c(=O)c2[nH]c(Cl)nc2n(C)c1=O,NFLLKCVHYJRNRH-UHFFFAOYSA-N,469.18806743600004,2.967900000000001,CN(C)CCOC(c1ccccc1)c1ccccc1.Cn1c(=O)c2[nH]c(Cl)nc2n(C)c1=O,2378.43359375,1115.9327132809256,-3.1147069931030273,0.2531645596027374,
26267298,CON=C(C(=O)NC1C(=O)N2C(C(=O)OCOC(=O)C(C)(C)C)=C(C=Cc3scnc3C)CSC12)c1csc(N)n1,AFZFFLVORLEPPO-UHFFFAOYSA-N,620.118160236,2.2981199999999986,CON=C(C(=O)NC1C(=O)N2C(C(=O)OCOC(=O)C(C)(C)C)=C(C=Cc3scnc3C)CSC12)c1csc(N)n1,2.7674365043640137,1.7161375932290561,-2.3323564529418945,0.40186914801597595,
44266203,Cl.O=C1CC2(CCCC2)CC(=O)N1CCCCN1CCN(c2ncccn2)CC1,RICLFGYGYQXUFH-UHFFFAOYSA-N,421.22445294400006,2.5100000000000007,Cl.O=C1CC2(CCCC2)CC(=O)N1CCCCN1CCN(c2ncccn2)CC1,320.7834777832031,135.1218400217445,-3.273200273513794,0.21917808055877686,
65925565,CON=C(C(=O)NC1C(=O)N2C(C(=O)[O-])=C(CSc3nc(=O)c([O-])nn3C)CSC12)c1csc(N)n1.O.O.O.[Na+].[Na+],XMCDZRXQAGFWAK-UHFFFAOYSA-L,652.0416404640004,-11.631800000000005,CON=C(C(=O)NC1C(=O)N2C(C(=O)[O-])=C(CSc3nc(=O)c([O-])nn3C)CSC12)c1csc(N)n1.O.O.O.[Na+].[Na+],46.68634796142578,30.441442659420588,-1.9445174932479858,0.5102040767669678,
42468464,CC1CN(c2c(F)c(N)c3c(=O)c(C(=O)O)cn(C4CC4)c3c2F)CC(C)N1,DZZWHBIBMUVIIW-UHFFFAOYSA-N,392.165997004,2.0816,CC1CN(c2c(F)c(N)c3c(=O)c(C(=O)O)cn(C4CC4)c3c2F)CC(C)N1,42.977500915527344,16.854315874398086,-3.536762237548828,0.47887325286865234,
55244835,COP(=S)(OC)Oc1cc(Cl)c(Cl)cc1Cl,JHJOOSLFWRRSGU-UHFFFAOYSA-N,319.899734786,4.542900000000002,COP(=S)(OC)Oc1cc(Cl)c(Cl)cc1Cl,316.5506591796875,101.26447603649768,-1.9091418981552124,0.23076923191547394,
27926044,CC1C(NC(=O)C(=NOC(C)(C)C(=O)O)c2csc(N)n2)C(=O)N1S(=O)(=O)O,WZPBZJONDBGPKJ-UHFFFAOYSA-N,435.051854504,-1.1724999999999979,CC1C(NC(=O)C(=NOC(C)(C)C(=O)O)c2csc(N)n2)C(=O)N1S(=O)(=O)O,4.966120719909668,2.1605200207839683,-2.7508811950683594,0.4883720874786377,
39907434,CCC1OC(=O)C(C)C(=O)C(C)C(OC2OC(C)CC(N(C)C)C2O)C(C)(OC)CC(C)C(=O)C(C)C2N(CCCCn3cnc(-c4cccnc4)c3)C(=O)OC12C,LJVAJPDWBABPEJ-UHFFFAOYSA-N,811.4731432799999,4.929200000000005,CCC1OC(=O)C(C)C(=O)C(C)C(OC2OC(C)CC(N(C)C)C2O)C(C)(OC)CC(C)C(=O)C(C)C2N(CCCCn3cnc(-c4cccnc4)c3)C(=O)OC12C,1135.462158203125,921.39705200975,-2.262720823287964,0.21014492213726044,
10641984,COC1C=COC2(C)Oc3c(C)c(O)c4c(O)c(c5c(nc6cc(C)ccn65)c4c3C2=O)NC(=O)C(C)=CC=CC(C)C(O)C(C)C(O)C(C)C(OC(C)=O)C1C,NZCRJKRKKOLAOJ-UHFFFAOYSA-N,785.3523594520001,6.157840000000009,COC1C=COC2(C)Oc3c(C)c(O)c4c(O)c(c5c(nc6cc(C)ccn65)c4c3C2=O)NC(=O)C(C)=CC=CC(C)C(O)C(C)C(O)C(C)C(OC(C)=O)C1C,639.1163330078125,501.93153095206617,-3.0137381553649902,0.20183485746383667,
37058953,Nc1ncn(C2OC(CO)C(O)C2O)c(=O)n1,NMUSYJAQQFHJEW-UHFFFAOYSA-N,244.080769484,-3.1679999999999997,Nc1ncn(C2OC(CO)C(O)C2O)c(=O)n1,16.56645965576172,4.04355408219466,-3.5195889472961426,0.5416666865348816,
11439548,C=CC1=C(C(=O)O)N2C(=O)C(NC(=O)C(=NO)c3csc(N)n3)C2SC1,RTXOFQZKPXMALH-UHFFFAOYSA-N,395.0358105160001,-0.17179999999999884,C=CC1=C(C(=O)O)N2C(=O)C(NC(=O)C(=NO)c3csc(N)n3)C2SC1,21.01728057861328,8.302578032614255,-2.6457483768463135,0.7575757503509521,
89463693,CCn1cc(C(=O)O)c(=O)c2cnc(N3CCNCC3)nc21,JOHZPMXAZQZXHR-UHFFFAOYSA-N,303.133139404,-0.08079999999999998,CCn1cc(C(=O)O)c(=O)c2cnc(N3CCNCC3)nc21,198.8387451171875,60.27461618638173,-2.7820096015930176,0.5333333611488342,
10732636,COc1ccc(Cc2cnc(N)nc2N)cc1OC,LDBTVAXGKYIFHO-UHFFFAOYSA-N,260.127325752,1.2489999999999999,COc1ccc(Cc2cnc(N)nc2N)cc1OC,14.97944164276123,3.896562097727724,-2.847350835800171,0.7250000238418579,
26242502,COC12C(COC(N)=O)C3=C(C(=O)C(C)=C(N)C3=O)N1CC1NC12,NWIBSHFKIJFRCO-UHFFFAOYSA-N,334.127719676,-1.6511999999999971,COC12C(COC(N)=O)C3=C(C(=O)C(C)=C(N)C3=O)N1CC1NC12,1108.9150390625,370.51927052342296,-2.099236488342285,0.2222222238779068,
55714748,[O-][n+]1ccccc1S[Zn]Sc1cccc[n+]1[O-],OTPSWLRZXRHDNX-UHFFFAOYSA-L,315.931861696,1.7502999999999997,[O-][n+]1ccccc1S[Zn]Sc1cccc[n+]1[O-],757.7990112304688,239.41285813405594,-1.6161593198776245,0.13461539149284363,
68523571,CC(C)(ON=C(C(=O)NC1C(=O)N2C(C(=O)[O-])=C(C[n+]3ccccc3)CSC12)c1csc(N)n1)C(=O)O,ORFOPKXBNMVMKC-UHFFFAOYSA-N,546.0991390440001,-1.2991999999999946,CC(C)(ON=C(C(=O)NC1C(=O)N2C(C(=O)[O-])=C(C[n+]3ccccc3)CSC12)c1csc(N)n1)C(=O)O,0.9168009161949158,0.5006641971119276,-2.928319215774536,0.8024691343307495,
37378412,CCOC(=O)OC(C)OC(=O)C1N2C(=O)C(NC(=O)C(N)c3ccccc3)C2SC1(C)C.Cl,IWVTXAGTHUECPN-UHFFFAOYSA-N,501.133648916,1.717600000000001,CCOC(=O)OC(C)OC(=O)C1N2C(=O)C(NC(=O)C(N)c3ccccc3)C2SC1(C)C.Cl,877.8092651367188,439.8997407345457,-3.4074113368988037,0.3291139304637909,
56170587,COc1ccc2c(c1OC)C(=O)OC2C1c2c(cc3c(c2OC)OCO3)CCN1C.Cl,MFLVZFXCSKVCSH-UHFFFAOYSA-N,449.12412978799995,3.3036000000000016,COc1ccc2c(c1OC)C(=O)OC2C1c2c(cc3c(c2OC)OCO3)CCN1C.Cl,61.999534606933594,27.845486452047528,-1.857372760772705,0.27848100662231445,
83467402,O=C([O-])CCC(=O)OCC(NC(=O)C(Cl)Cl)C(O)c1ccc([N+](=O)[O-])cc1.[Na+],RPLOPBHEZLFENN-UHFFFAOYSA-M,444.01031508,-3.0059999999999967,O=C([O-])CCC(=O)OCC(NC(=O)C(Cl)Cl)C(O)c1ccc([N+](=O)[O-])cc1.[Na+],46.8549919128418,20.80409952380366,-2.509772777557373,0.6274510025978088,
97053046,CC(O)C1C(=O)N2C(C(=O)O)=C(SC3CNC(C(=O)N(C)C)C3)C(C)C12,DMJNNHOOLUXYBV-UHFFFAOYSA-N,383.15149190000005,-0.3079999999999994,CC(O)C1C(=O)N2C(C(=O)O)=C(SC3CNC(C(=O)N(C)C)C3)C(C)C12,3.1456592082977295,1.2052639808434589,-3.0209264755249023,0.5454545617103577,
36517038,CN(C)C1C(O)=C(C(N)=O)C(=O)C2(O)C(O)=C3C(=O)c4c(O)cccc4C(C)(O)C3CC12.Cl,XMEVHPAGJVLHIG-UHFFFAOYSA-N,480.12994344,0.20740000000000103,CN(C)C1C(O)=C(C(N)=O)C(=O)C2(O)C(O)=C3C(=O)c4c(O)cccc4C(C)(O)C3CC12.Cl,242.18455505371094,116.28005408712612,-3.3445582389831543,0.591549277305603,
10269265,CCCCCCCCCCCCCCCC[N+](C)(C)C.[Br-],LZZYPRNAOMGNLH-UHFFFAOYSA-M,363.250062444,3.177900000000001,CCCCCCCCCCCCCCCC[N+](C)(C)C.[Br-],1754.343505859375,637.2653894373328,-1.7405107021331787,0.4193548262119293,
11323874,O=c1[nH]c(=O)n(C2CC(O)C(CO)O2)cc1F,ODKNJVUHOIMIIZ-UHFFFAOYSA-N,246.065199672,-1.6836,O=c1[nH]c(=O)n(C2CC(O)C(CO)O2)cc1F,27.740774154663086,6.8260392597560315,-3.1750495433807373,0.3492063581943512,
16794485,CCC(C)C1NC(=O)C(CCNCS(=O)(=O)[O-])NC(=O)C(NC(=O)C(CCNCS(=O)(=O)[O-])NC(=O)C(NC(=O)C(CCNCS(=O)(=O)[O-])NC(=O)CCCCC(C)C)C(C)O)CCNC(=O)C(C(C)O)NC(=O)C(CCNCS(=O)(=O)[O-])NC(=O)C(CCNCS(=O)(=O)[O-])NC(=O)C(C(C)CC)NC1=O.[Na+].[Na+].[Na+].[Na+].[Na+],LYQBWQQPMNCRCJ-UHFFFAOYSA-I,1734.521973055999,-25.143500000000042,CCC(C)C1NC(=O)C(CCNCS(=O)(=O)[O-])NC(=O)C(NC(=O)C(CCNCS(=O)(=O)[O-])NC(=O)C(NC(=O)C(CCNCS(=O)(=O)[O-])NC(=O)CCCCC(C)C)C(C)O)CCNC(=O)C(C(C)O)NC(=O)C(CCNCS(=O)(=O)[O-])NC(=O)C(CCNCS(=O)(=O)[O-])NC(=O)C(C(C)CC)NC1=O.[Na+].[Na+].[Na+].[Na+].[Na+],267.9047546386719,464.68669022362866,-2.0657684803009033,0.2671755850315094,
46309097,Cc1cc(C2CCCCC2)n(O)c(=O)c1.NCCO,MBRHNTMUYWQHMR-UHFFFAOYSA-N,268.178692628,1.3791199999999995,Cc1cc(C2CCCCC2)n(O)c(=O)c1.NCCO,76.72986602783203,20.577316579503506,-2.089035987854004,0.8055555820465088,
54985976,CCn1nc(C(=O)O)c(=O)c2cc3c(cc21)OCO3,VDUWPHTZYNWKRN-UHFFFAOYSA-N,262.05897142000003,0.8432999999999997,CCn1nc(C(=O)O)c(=O)c2cc3c(cc21)OCO3,420.797607421875,110.27379048872346,-2.3642184734344482,0.29230770468711853,
61122767,O=[N+]([O-])c1ccc(O)c2ncccc12,RJIWZDNTCBHXAL-UHFFFAOYSA-N,190.037842052,1.8485999999999996,O=[N+]([O-])c1ccc(O)c2ncccc12,94.62773132324219,17.982849711692598,-3.621471405029297,0.6666666865348816,
98104745,CCCCCCCCCCCCC[N+](C)(C)Cc1ccccc1.O.[Cl-],YDYYFACRFOILLS-UHFFFAOYSA-M,371.295492644,2.753300000000001,CCCCCCCCCCCCC[N+](C)(C)Cc1ccccc1.O.[Cl-],181.14581298828125,67.25861984605143,-1.7875806093215942,0.27272728085517883,
52778656,C=C1c2cccc(O)c2C(=O)C2=C(O)C3(O)C(=O)C(C(N)=O)=C(O)C(N(C)C)C3C(O)C12.Cl,VZQARNDJLLWXGL-UHFFFAOYSA-N,478.11429337600003,-0.016099999999999226,C=C1c2cccc(O)c2C(=O)C2=C(O)C3(O)C(=O)C(C(N)=O)=C(O)C(N(C)C)C3C(O)C12.Cl,110.1295166015625,52.65449777666214,-2.6115903854370117,0.534246563911438,
46729776,Oc1c(Cl)cc(Cl)c(Cl)c1Cc1c(O)c(Cl)cc(Cl)c1Cl,ACGUYXCXAPNIKK-UHFFFAOYSA-N,403.849895512,6.609000000000001,Oc1c(Cl)cc(Cl)c(Cl)c1Cc1c(O)c(Cl)cc(Cl)c1Cl,458.7625427246094,185.27121043241607,-1.8103148937225342,0.3142857253551483,
57193273,CC(=O)O[Hg]c1ccccc1,XEBWQGVWTUSTLN-UHFFFAOYSA-M,338.023072496,0.8725,CC(=O)O[Hg]c1ccccc1,153.66795349121094,51.943309794018006,-2.8571507930755615,0.30000001192092896,
52418878,CN(C)C1C(O)=C(C(N)=O)C(=O)C2(O)C(O)=C3C(=O)c4c(O)ccc(Cl)c4C(O)C3CC12.Cl,GVSJQNRGSCOSNJ-UHFFFAOYSA-N,500.07532102399995,0.6867000000000003,CN(C)C1C(O)=C(C(N)=O)C(=O)C2(O)C(O)=C3C(=O)c4c(O)ccc(Cl)c4C(O)C3CC12.Cl,108.50482177734375,54.260584864649985,-3.2619268894195557,0.5263158082962036,
92347575,CC(=O)Oc1ccc(Cl)c2cccnc12,JSJOTZXJKCXWQC-UHFFFAOYSA-N,221.024356176,2.8135000000000003,CC(=O)Oc1ccc(Cl)c2cccnc12,43.542144775390625,9.6238749370734,-2.7226884365081787,0.4390243887901306,
59964348,CN(C)C1C(O)=C(C(N)=O)C(=O)C2(O)C(O)=C3C(=O)c4c(O)cccc4C(C)(O)C3C(O)C12.Cl,UBDNTYUBJLXUNN-UHFFFAOYSA-N,496.12485805999995,-0.8217999999999985,CN(C)C1C(O)=C(C(N)=O)C(=O)C2(O)C(O)=C3C(=O)c4c(O)cccc4C(C)(O)C3C(O)C12.Cl,101.16902923583984,50.1924693529873,-2.313404083251953,0.6231883764266968,
11486953,CN(C)C1C(O)=C(C(N)=O)C(=O)C2(O)C(O)=C3C(=O)c4c(O)ccc(Cl)c4C(C)(O)C3CC12.Cl,CBHYYLPALVVVEY-UHFFFAOYSA-N,514.090971088,0.8608000000000005,CN(C)C1C(O)=C(C(N)=O)C(=O)C2(O)C(O)=C3C(=O)c4c(O)ccc(Cl)c4C(C)(O)C3CC12.Cl,180.75778198242188,92.92594054555084,-2.6239256858825684,0.6111111044883728,
23655703,CC1c2cccc(O)c2C(=O)C2=C(O)C3(O)C(=O)C(C(N)=O)=C(O)C(N(C)C)C3C(O)C21.Cl,RUYHIJHUVHIMIR-UHFFFAOYSA-N,480.12994344000003,0.07420000000000038,CC1c2cccc(O)c2C(=O)C2=C(O)C3(O)C(=O)C(C(N)=O)=C(O)C(N(C)C)C3C(O)C21.Cl,135.7440185546875,65.17476880951966,-1.9314179420471191,0.6617646813392639,
37902388,CN(C)c1ccc(O)c2c1CC1CC3C(N(C)C)C(O)=C(C(N)=O)C(=O)C3(O)C(O)=C1C2=O.Cl,GLMUAFMGXXHGLU-UHFFFAOYSA-N,493.1615779159999,0.6084,CN(C)c1ccc(O)c2c1CC1CC3C(N(C)C)C(O)=C(C(N)=O)C(=O)C3(O)C(O)=C1C2=O.Cl,137.10076904296875,67.61283259414805,-2.7260758876800537,0.7424242496490479,
72717720,CNC1C(OC2C(OC3C(O)C(O)C(NC(=N)N)C(O)C3NC(=N)N)OC(C)C2(O)CO)OC(CO)C(O)C1O.O=S(=O)(O)O,GSPKOIJAMLDYCY-UHFFFAOYSA-N,681.248699296,-8.601160000000016,CNC1C(OC2C(OC3C(O)C(O)C(NC(=N)N)C(O)C3NC(=N)N)OC(C)C2(O)CO)OC(CO)C(O)C1O.O=S(=O)(O)O,6.121382236480713,4.170183605284952,-1.9471421241760254,0.20253165066242218,
68571504,COC1(NC(=O)Cc2cccs2)C(=O)N2C(C(=O)[O-])=C(COC(N)=O)CSC21.[Na+],GNWUOVJNSFPWDD-UHFFFAOYSA-M,449.032736132,-4.232099999999998,COC1(NC(=O)Cc2cccs2)C(=O)N2C(C(=O)[O-])=C(COC(N)=O)CSC21.[Na+],190.63311767578125,85.60051064144508,-2.6322011947631836,0.6399999856948853,
45211830,CCCCCCCCCCCCCCCC[n+]1ccccc1.[Cl-],YMKDRGPMQRFJGP-UHFFFAOYSA-M,339.269277896,3.4594000000000014,CCCCCCCCCCCCCCCC[n+]1ccccc1.[Cl-],267.3505859375,90.70383966987143,-1.5025278329849243,0.21739129722118378,
15213390,COC1C=COC2(C)Oc3c(C)c(O)c4c(O)c(c(C=NN5CCN(C6CCCC6)CC5)c(O)c4c3C2=O)NC(=O)C(C)=CC=CC(C)C(O)C(C)C(O)C(C)C(OC(C)=O)C1C,WDZCUPBHRAEYDL-UHFFFAOYSA-N,876.4520734880002,5.6482200000000065,COC1C=COC2(C)Oc3c(C)c(O)c4c(O)c(c(C=NN5CCN(C6CCCC6)CC5)c(O)c4c3C2=O)NC(=O)C(C)=CC=CC(C)C(O)C(C)C(O)C(C)C(OC(C)=O)C1C,812.0046997070312,711.683190202481,-1.8172885179519653,0.15671642124652863,
45895501,CCC=C(C(=O)NC1C(=O)N2C(C(=O)OCOC(=O)C(C)(C)C)=C(COC(N)=O)CSC12)c1csc(N)n1.Cl,ALPFRUJYOAKQQR-UHFFFAOYSA-N,603.1224326,1.7797999999999998,CCC=C(C(=O)NC1C(=O)N2C(C(=O)OCOC(=O)C(C)(C)C)=C(COC(N)=O)CSC12)c1csc(N)n1.Cl,14.689305305480957,8.859449283922636,-2.4353630542755127,0.34951457381248474,
57286400,COC1C=COC2(C)Oc3c(C)c(O)c4c(O)c(c(C=NN5CCN(C)CC5)c(O)c4c3C2=O)NC(=O)C(C)=CC=CC(C)C(O)C(C)C(O)C(C)C(OC(C)=O)C1C,JQXXHWHPUNPDRT-UHFFFAOYSA-N,822.4051232960003,4.335420000000004,COC1C=COC2(C)Oc3c(C)c(O)c4c(O)c(c(C=NN5CCN(C)CC5)c(O)c4c3C2=O)NC(=O)C(C)=CC=CC(C)C(O)C(C)C(O)C(C)C(OC(C)=O)C1C,1799.731689453125,1480.1085964739084,-1.7874208688735962,0.16393442451953888,
14848323,Cc1ccc(S(=O)(=O)O)cc1.NC1CCN(c2nc3c(cc2F)c(=O)c(C(=O)O)cn3-c2ccc(F)cc2F)C1.O,SSULTCPIIYRGFQ-UHFFFAOYSA-N,594.1396048,2.4556200000000006,Cc1ccc(S(=O)(=O)O)cc1.NC1CCN(c2nc3c(cc2F)c(=O)c(C(=O)O)cn3-c2ccc(F)cc2F)C1.O,67.53446197509766,40.12489833578427,-2.18479061126709,0.3295454680919647,
11449807,CCCCCCCCCCCCCCCC[N+](C)(C)Cc1ccccc1.[Cl-],SXPWTBGAZSPLHA-UHFFFAOYSA-M,395.331878152,4.748300000000004,CCCCCCCCCCCCCCCC[N+](C)(C)Cc1ccccc1.[Cl-],171.73788452148438,67.89346434928999,-1.7709736824035645,0.27906978130340576,
19214834,O=S(=O)(O)O.Oc1cccc2cccnc12,MRUMAIRJPMUAPZ-UHFFFAOYSA-N,243.020143388,1.2875999999999999,O=S(=O)(O)O.Oc1cccc2cccnc12,46.04750442504883,11.19047126564366,-2.7377922534942627,0.44999998807907104,
59373950,Oc1c(Cl)cc(Cl)c2cccnc12,WDFKMLRRRCGAKS-UHFFFAOYSA-N,212.97481914,3.2472000000000003,Oc1c(Cl)cc(Cl)c2cccnc12,43.03511047363281,9.165394469921782,-3.3512163162231445,1.0,
62875211,Oc1c(Cl)cc(Cl)cc1Sc1cc(Cl)cc(Cl)c1O,JFIOVJDNOJYLKP-UHFFFAOYSA-N,353.88426115199997,5.862600000000001,Oc1c(Cl)cc(Cl)cc1Sc1cc(Cl)cc(Cl)c1O,106.294189453125,37.61583909629078,-2.838860034942627,0.29411765933036804,
10022076,CC1CC(C)C(=O)C(C(O)CC2CC(=O)NC(=O)C2)C1,YPHMISFOHDHNIV-UHFFFAOYSA-N,281.162708216,1.0415,CC1CC(C)C(=O)C(C(O)CC2CC(=O)NC(=O)C2)C1,615.6806640625,173.10643472583936,-2.263040542602539,0.1780821979045868,
18624770,CNC1CCC(c2ccc(Cl)c(Cl)c2)c2ccccc21.Cl,BLFQGGGGFNSJKA-UHFFFAOYSA-N,341.05048261599995,5.601400000000004,CNC1CCC(c2ccc(Cl)c(Cl)c2)c2ccccc21.Cl,272.1004943847656,92.80000964611725,-3.4231643676757812,0.22580644488334656,
10093576,CC1(C)SC2C(NC(=O)C(NC(=O)N3CCNC3=O)c3ccccc3)C(=O)N2C1C(=O)[O-].[Na+],UVOCNBWUHNCKJM-UHFFFAOYSA-M,483.11884870399996,-4.236499999999997,CC1(C)SC2C(NC(=O)C(NC(=O)N3CCNC3=O)c3ccccc3)C(=O)N2C1C(=O)[O-].[Na+],207.6565399169922,100.32279211886552,-1.6950165033340454,0.3137255012989044,
18128779,CC(O)C(=O)O.CCOc1ccc2nc3cc(N)ccc3c(N)c2c1,IYLLULUTZPKQBW-UHFFFAOYSA-N,343.15320615200005,2.4029,CC(O)C(=O)O.CCOc1ccc2nc3cc(N)ccc3c(N)c2c1,21.856977462768555,7.500291622131831,-2.7664124965667725,0.26229506731033325,
84032448,O=C(O)C=CC(=O)O.OCCOCCN1CCN(C2=Nc3ccccc3Sc3ccccc32)CC1,VRHJBWUIWQOFLF-UHFFFAOYSA-N,499.177706648,2.567800000000002,O=C(O)C=CC(=O)O.OCCOCCN1CCN(C2=Nc3ccccc3Sc3ccccc32)CC1,611.5816650390625,305.28794202717074,-2.6024534702301025,0.21052631735801697,
91340804,CC(C(=O)O)c1ccc2c(c1)Cc1cccnc1O2,TVQZAMVBTVNYLA-UHFFFAOYSA-N,255.089543276,2.9662000000000006,CC(C(=O)O)c1ccc2c(c1)Cc1cccnc1O2,33.907691955566406,8.649496939876219,-2.458984375,0.24561403691768646,
79764923,Cl.OC(c1cc(C(F)(F)F)nc2c(C(F)(F)F)cccc12)C1CCCCN1,WESWYMRNZNDGBX-UHFFFAOYSA-N,414.09336016400005,4.869700000000003,Cl.OC(c1cc(C(F)(F)F)nc2c(C(F)(F)F)cccc12)C1CCCCN1,797.2283325195312,330.12693592870863,-3.1479384899139404,0.22857142984867096,
27749501,CC(O)C1C(=O)N2C(C(=O)[O-])=C(SC3Cn4cnc[n+]4C3)C(C)C12,MRMBZHPJVKCOMA-UHFFFAOYSA-N,350.104876056,-1.8949999999999971,CC(O)C1C(=O)N2C(C(=O)[O-])=C(SC3Cn4cnc[n+]4C3)C(C)C12,3.7193210124969482,1.3021524129630244,-2.148768663406372,0.2926829159259796,
35887016,O=C(O)CN(CCN(CC(=O)O)CC(=O)O)CCN(CC(=O)O)CC(=O)O,QPCDCPDFJACHGM-UHFFFAOYSA-N,393.13834393599996,-2.6845999999999934,O=C(O)CN(CCN(CC(=O)O)CC(=O)O)CCN(CC(=O)O)CC(=O)O,2303.78173828125,905.7049411271494,-2.1584112644195557,0.23076923191547394,
31098624,CC1(C)C(C(=O)O)N2C(=O)CC2S1(=O)=O,FKENQMMABCRJMK-UHFFFAOYSA-N,233.035793452,-0.794999999999999,CC1(C)C(C(=O)O)N2C(=O)CC2S1(=O)=O,580.0836791992188,135.18025789498247,-1.9164750576019287,0.21311475336551666,
65341452,Cn1nnnc1SCC1=C(C(=O)[O-])N2C(=O)C(NC(=O)C(OC=O)c3ccccc3)C2SC1.[Na+],ICZOIXFFVKYXOM-UHFFFAOYSA-M,512.0548685439999,-4.375599999999993,Cn1nnnc1SCC1=C(C(=O)[O-])N2C(=O)C(NC(=O)C(OC=O)c3ccccc3)C2SC1.[Na+],64.55577087402344,33.056097165425676,-1.9532177448272705,0.315315306186676,
52096759,CS(=O)(=O)c1ccc(C(O)C(CO)NC(=O)C(Cl)Cl)cc1,OTVAEFIXJLOWRX-UHFFFAOYSA-N,355.00479894,0.40430000000000005,CS(=O)(=O)c1ccc(C(O)C(CO)NC(=O)C(Cl)Cl)cc1,79.5185317993164,28.22946126097765,-4.079152584075928,0.6363636255264282,
77536611,Oc1c(Br)cc(Br)c2cccnc12,ZDASUJMDVPTNTF-UHFFFAOYSA-N,300.87378798000003,3.4654000000000007,Oc1c(Br)cc(Br)c2cccnc12,76.58232879638672,23.041614962762253,-3.3492319583892822,0.529411792755127,
96287578,CCCCC(CC)CN1CN(CC(CC)CCCC)CC(C)(N)C1,DTOUUUZOYKYHEP-UHFFFAOYSA-N,339.36134844000003,4.711700000000004,CCCCC(CC)CN1CN(CC(CC)CCCC)CC(C)(N)C1,388.68408203125,131.9043481270348,-2.998399019241333,0.2708333432674408,
82781728,COC1C(O)CC(=O)OC(C)CC=CC=CC(O)C(C)CC(CC=O)C1OC1OC(C)C(OC2CC(C)(O)C(OC(=O)CC(C)C)C(C)O2)C(N(C)C)C1O,IEMDOFXTVAPVLX-UHFFFAOYSA-N,785.456155824,2.4426000000000045,COC1C(O)CC(=O)OC(C)CC=CC=CC(O)C(C)CC(CC=O)C1OC1OC(C)C(OC2CC(C)(O)C(OC(=O)CC(C)C)C(C)O2)C(N(C)C)C1O,3.9733505249023438,3.1208925266192407,-3.247802734375,0.19708029925823212,
63912587,CN(C)N=Nc1[nH]cnc1C(N)=O,FDKXTQMXEQVLRF-UHFFFAOYSA-N,182.09160894,0.0688999999999999,CN(C)N=Nc1[nH]cnc1C(N)=O,195.11166381835938,35.52819648374728,-2.2669036388397217,0.21739129722118378,
14503643,CCC1OC(=O)C(C)C(OC2CC(C)(OC)C(O)C(C)O2)C(C)C(OC2OC(C)CC(N(C)C)C2O)C(C)(O)CC(C)C(=O)C(C)C(O)C1(C)O,ULGZDMOVFRHVEP-UHFFFAOYSA-N,733.4612412040001,1.785600000000004,CCC1OC(=O)C(C)C(OC2CC(C)(OC)C(O)C(C)O2)C(C)C(OC2OC(C)CC(N(C)C)C2O)C(C)(O)CC(C)C(=O)C(C)C(O)C1(C)O,896.5430908203125,657.5796043387796,-2.1033308506011963,0.2869565188884735,
31384946,Oc1ccc(Cl)cc1Cc1cc(Cl)ccc1O,MDNWOSOZYLHTCG-UHFFFAOYSA-N,268.00578492,3.9954000000000023,Oc1ccc(Cl)cc1Cc1cc(Cl)ccc1O,213.13662719726562,57.1218493547436,-2.644038200378418,0.375,
88557186,CCN(CC)C(=S)SSC(=S)N(CC)CC,AUZONCFQVSMFAP-UHFFFAOYSA-N,296.05093264,3.6212000000000026,CCN(CC)C(=S)SSC(=S)N(CC)CC,41.746700286865234,12.359150075126323,-2.668935537338257,1.0,
77595738,Oc1ccc(Cl)c2cccnc12,CTQMJYWDVABFRZ-UHFFFAOYSA-N,179.013791492,2.5938000000000008,Oc1ccc(Cl)c2cccnc12,87.62083435058594,15.68533868841546,-2.760936737060547,0.59375,
34856987,CCC1OC(=O)C(C)C(OC2CC(C)(OC)C(O)C(C)O2)C(C)C(OC2OC(C)CC(N(C)C)C2O)C(C)(O)CC(C)C2NC(COCCOC)OC(C2C)C1(C)O,WLOHNSSYAXHWNR-UHFFFAOYSA-N,834.545305176,2.201700000000009,CCC1OC(=O)C(C)C(OC2CC(C)(OC)C(O)C(C)O2)C(C)C(OC2OC(C)CC(N(C)C)C2O)C(C)(O)CC(C)C2NC(COCCOC)OC(C2C)C1(C)O,185.6280517578125,154.9150230828721,-1.7530622482299805,0.2538461685180664,
62621066,CCCCCCCCNC(C)C(O)c1ccc(SC(C)C)cc1,BFCDFTHTSVTWOG-UHFFFAOYSA-N,337.24393574000004,5.559100000000006,CCCCCCCCNC(C)C(O)c1ccc(SC(C)C)cc1,17.02992057800293,5.74323744609065,-2.5079433917999268,0.2586206793785095,
30636982,COC1OC2OC3(C)CCC4C(C)CCC(C1C)C24OO3,SXYIRMFQILZOAM-UHFFFAOYSA-N,298.178023932,2.8408000000000015,COC1OC2OC3(C)CCC4C(C)CCC(C1C)C24OO3,1482.8607177734375,442.15650418489577,-1.7086279392242432,0.14102564752101898,
56240604,CCCCCCNC(=O)n1cc(F)c(=O)[nH]c1=O,AOCCBINRVIKJHY-UHFFFAOYSA-N,257.117569592,0.8136999999999999,CCCCCCNC(=O)n1cc(F)c(=O)[nH]c1=O,42.99576950073242,11.05496776442886,-2.8941757678985596,1.0,
19174112,Oc1c(I)cc(Cl)c2cccnc12,QCDFBFJGMNKBDO-UHFFFAOYSA-N,304.9104394600001,3.1984000000000004,Oc1c(I)cc(Cl)c2cccnc12,7.985519886016846,2.4348684663605984,-4.212629318237305,0.71875,
60630685,Cc1cc(O)cc(C)c1Cl,OSDLLIBGSJNGJE-UHFFFAOYSA-N,156.034192588,2.662440000000001,Cc1cc(O)cc(C)c1Cl,666.4223022460938,103.98466667203725,-2.484333038330078,0.2631579041481018,
75038017,CCCCCCc1ccc(O)cc1O,WFJIVOKAWHGMBH-UHFFFAOYSA-N,194.130679816,3.2206000000000023,CCCCCCc1ccc(O)cc1O,149.69979858398438,29.06132533366415,-2.156710147857666,0.32608696818351746,
15968459,O=c1[nH]cc(F)c(=O)[nH]1,GHASVSINZRGABV-UHFFFAOYSA-N,130.017855556,-0.7977000000000001,O=c1[nH]cc(F)c(=O)[nH]1,69.34640502929688,9.016270942174007,-2.410851001739502,1.0,
79040337,Nc1ccc2cc3ccc(N)cc3nc2c1.O=S(=O)(O)O,WSFHCKWLECYVBS-UHFFFAOYSA-N,307.06267689599997,1.8996000000000002,Nc1ccc2cc3ccc(N)cc3nc2c1.O=S(=O)(O)O,405.2370910644531,124.43318215290783,-2.8631319999694824,0.21153846383094788,
52174387,CN(C)C(=S)SSC(=S)N(C)C,KUAZQDVKQLNFPE-UHFFFAOYSA-N,239.988332384,2.0608,CN(C)C(=S)SSC(=S)N(C)C,574.9568481445312,137.9829318603415,-3.1668059825897217,0.44999998807907104,
14785360,C1CCC(C(CC2CCCCN2)C2CCCCC2)CC1.O=C(O)C=CC(=O)O,JDZOTSLZMQDFLG-UHFFFAOYSA-N,393.28790872799993,5.007200000000004,C1CCC(C(CC2CCCCN2)C2CCCCC2)CC1.O=C(O)C=CC(=O)O,447.6324768066406,176.04844649558157,-1.980229377746582,0.20370370149612427,
59038974,CC(=O)Oc1ccccc1C(=O)Nc1ncc([N+](=O)[O-])s1,YQNQNVDNTFHQSW-UHFFFAOYSA-N,307.026291388,2.2289000000000003,CC(=O)Oc1ccccc1C(=O)Nc1ncc([N+](=O)[O-])s1,75.9686279296875,23.324366918595477,-2.5830814838409424,1.0,
81695424,CC(=CC(=O)OCCCCCCCCC(=O)O)CC1OCC(CC2OC2C(C)C(C)O)C(O)C1O,MINDHVHHQZYEEK-UHFFFAOYSA-N,500.29853298799986,2.5925000000000016,CC(=CC(=O)OCCCCCCCCC(=O)O)CC1OCC(CC2OC2C(C)C(C)O)C(O)C1O,24.52970314025879,12.272174406242257,-1.8523657321929932,0.17045454680919647,
12700973,Cc1ccc2c(Br)cc(Br)c(OC(=O)c3ccccc3)c2n1,IJTPLVAAROHGGB-UHFFFAOYSA-N,418.915652792,5.287420000000003,Cc1ccc2c(Br)cc(Br)c(OC(=O)c3ccccc3)c2n1,83.18991088867188,34.84955634999198,-3.9870779514312744,0.24193547666072845,
47323652,COc1ccccc1OCCNCC(O)COc1cccc2[nH]c3ccccc3c12.O=P(O)(O)O,XCPXNPBILMXKNX-UHFFFAOYSA-N,504.16615251799993,2.8094000000000015,COc1ccccc1OCCNCC(O)COc1cccc2[nH]c3ccccc3c12.O=P(O)(O)O,104.38678741455078,52.628287088053554,-3.269458055496216,0.23076923191547394,
36222229,O=C(Nc1ccccc1)c1ccccc1O,WKEDVNSFRWHDNR-UHFFFAOYSA-N,213.078978592,2.644500000000001,O=C(Nc1ccccc1)c1ccccc1O,195.63839721679688,41.686427972657526,-4.086449146270752,0.43589743971824646,
11024152,CCC1OC(=O)C(C)C(OC2CC(C)(OC)C(O)C(C)O2)C(C)C(OC2OC(C)CC(N(C)C)C2O)C(C)(OC)CC(C)C(=O)C(C)C(O)C1(C)O,AGOYDEPGAOXOCK-UHFFFAOYSA-N,747.476891268,2.439700000000004,CCC1OC(=O)C(C)C(OC2CC(C)(OC)C(O)C(C)O2)C(C)C(OC2OC(C)CC(N(C)C)C2O)C(C)(OC)CC(C)C(=O)C(C)C(O)C1(C)O,1198.2685546875,895.6780377664732,-2.058279275894165,0.29203540086746216,
11192176,Nc1nc(F)nc2c1ncn2C1OC(COP(=O)(O)O)C(O)C1O,GIUYCYHIANZCFB-UHFFFAOYSA-N,365.0536626059999,-1.7239000000000007,Nc1nc(F)nc2c1ncn2C1OC(COP(=O)(O)O)C(O)C1O,11.010732650756836,4.019508567719735,-2.536959171295166,0.3380281627178192,
10365440,Cc1nc2ccccc2n1Cc1ccc(Cl)cc1,WNAQOLSMVPFGTE-UHFFFAOYSA-N,256.076726096,4.046420000000003,Cc1nc2ccccc2n1Cc1ccc(Cl)cc1,162.5704803466797,41.63051539017666,-2.331418037414551,0.47727271914482117,
21926702,COCC1=C(C(=O)OC(C)OC(=O)OC(C)C)N2C(=O)C(NC(=O)C(=NOC)c3csc(N)n3)C2SC1,LTINZAODLRIQIX-UHFFFAOYSA-N,557.125019444,0.8270000000000015,COCC1=C(C(=O)OC(C)OC(=O)OC(C)C)N2C(=O)C(NC(=O)C(=NOC)c3csc(N)n3)C2SC1,12.525635719299316,6.978345072719427,-2.19022798538208,0.4639175236225128,
95314802,CCCCCCCCCCCCCCCC(=O)OCC(NC(=O)C(Cl)Cl)C(O)c1ccc([N+](=O)[O-])cc1,PXKHGMGELZGJQE-UHFFFAOYSA-N,560.241992424,6.941200000000008,CCCCCCCCCCCCCCCC(=O)OCC(NC(=O)C(Cl)Cl)C(O)c1ccc([N+](=O)[O-])cc1,10.062371253967285,5.637362990792794,-3.7240660190582275,0.6037735939025879,
11341486,O=C(Nc1cc(Cl)cc(Cl)c1O)c1c(O)c(Cl)cc(Cl)c1Cl,JYWIYHUXVMAGLG-UHFFFAOYSA-N,398.879031452,5.6171000000000015,O=C(Nc1cc(Cl)cc(Cl)c1O)c1c(O)c(Cl)cc(Cl)c1Cl,73.95711517333984,29.49993959254561,-1.7075334787368774,0.25999999046325684,
91049916,CC1CCC2C(C)C(=O)OC3OC4(C)CCC1C32OO4,BLUAFEHZUWYNDE-UHFFFAOYSA-N,282.146723804,2.3949000000000007,CC1CCC2C(C)C(=O)OC3OC4(C)CCC1C32OO4,1415.5863037109375,399.4030515767354,-1.9117358922958374,0.1527777761220932,
79278148,COC(=O)NN=Cc1c[n+]([O-])c2ccccc2[n+]1[O-],OVGGLBAWFMIPPY-UHFFFAOYSA-N,262.0702048,-0.2034999999999998,COC(=O)NN=Cc1c[n+]([O-])c2ccccc2[n+]1[O-],695.15673828125,182.17987264337634,-3.611604928970337,0.2777777910232544,
68580200,O=C1OC(CN2CCOCC2)CN1N=Cc1ccc([N+](=O)[O-])o1,YVQVOQKFMFRVGR-UHFFFAOYSA-N,324.10698423199995,0.6747000000000003,O=C1OC(CN2CCOCC2)CN1N=Cc1ccc([N+](=O)[O-])o1,47.920677185058594,15.531425160253898,-2.396949529647827,0.3333333432674408,
11199120,IC(I)I,OKJPEAGHQZHRQV-UHFFFAOYSA-N,393.721244032,2.575,IC(I)I,16526.595703125,6506.87121306963,-3.135296583175659,0.0714285746216774,
83888275,CC1(C)SC2C(NC(=O)Cc3ccccc3)C(=O)N2C1C(=O)[O-].[K+],IYNDLOXRXUOGIU-UHFFFAOYSA-M,372.05460970400003,-3.4698999999999973,CC1(C)SC2C(NC(=O)Cc3ccccc3)C(=O)N2C1C(=O)[O-].[K+],283.9579162597656,105.64785623032952,-2.6843836307525635,0.3188405930995941,
58673161,O=S(=O)([O-])c1cc(I)c(O)c2ncccc12.[Na+],NWAPYWBKEFRREH-UHFFFAOYSA-M,372.88817092000005,-1.5469,O=S(=O)([O-])c1cc(I)c(O)c2ncccc12.[Na+],2.08858585357666,0.7788089643060546,-2.2890148162841797,0.6052631735801697,
32859566,CCCCCCc1ccc(O)cc1O.Nc1c2ccccc2nc2ccccc12,YZODJQFXMFEJRM-UHFFFAOYSA-N,388.21507813600005,6.1908000000000065,CCCCCCc1ccc(O)cc1O.Nc1c2ccccc2nc2ccccc12,8.228919982910156,3.1945906145628453,-2.8629252910614014,0.3333333432674408,
45326390,CC1(C)SC2C(NC(=O)COc3ccccc3)C(=O)N2C1C(=O)[O-].[K+],HCTVWSOKIJULET-UHFFFAOYSA-M,388.04952432399995,-3.633599999999997,CC1(C)SC2C(NC(=O)COc3ccccc3)C(=O)N2C1C(=O)[O-].[K+],199.20028686523438,77.29957101216556,-2.4089465141296387,0.3055555522441864,
20961843,S=C=NCc1ccccc1,MDKCFLQDBWCQCV-UHFFFAOYSA-N,149.029920224,2.2894000000000005,S=C=NCc1ccccc1,263.5282287597656,39.27359076671389,-2.217735528945923,0.2571428716182709,
68645750,O=c1[nH]cnc2c1ncn2C1CCC(CO)O1,BXZVVICBKDXVGW-UHFFFAOYSA-N,236.090940244,-0.21050000000000008,O=c1[nH]cnc2c1ncn2C1CCC(CO)O1,55.106258392333984,13.010088708977861,-2.8601529598236084,0.375,
11452115,Cl.N=C(NN=Cc1ccc(Cl)cc1)NN=Cc1ccc(Cl)cc1,LTWIBTYLSRDGHP-UHFFFAOYSA-N,369.03147848799995,3.897170000000002,Cl.N=C(NN=Cc1ccc(Cl)cc1)NN=Cc1ccc(Cl)cc1,194.90609741210938,71.92648648210033,-2.1991679668426514,0.23404255509376526,
39419742,CCC1OC(=O)C(C)C(OC2CC(C)(OC)C(O)C(C)O2)C(C)C(OC2OC(C)CC(N(C)C)C2O)C(C)(O)CC(C)C(=NOCOCCOC)C(C)C(O)C1(C)O,RXZBMPWDPOLZGW-UHFFFAOYSA-N,836.524569732,2.2096000000000076,CCC1OC(=O)C(C)C(OC2CC(C)(OC)C(O)C(C)O2)C(C)C(OC2OC(C)CC(N(C)C)C2O)C(C)(O)CC(C)C(=NOCOCCOC)C(C)C(O)C1(C)O,1174.1177978515625,982.1783904490937,-2.221724510192871,0.25581395626068115,
38958089,Cc1cc(N)c2ccccc2[n+]1CCCCCCCCCC[n+]1c(C)cc(N)c2ccccc21.[Cl-].[Cl-],LTNZEXKYNRNOGT-UHFFFAOYSA-N,526.2630026400001,0.17824000000000445,Cc1cc(N)c2ccccc2[n+]1CCCCCCCCCC[n+]1c(C)cc(N)c2ccccc21.[Cl-].[Cl-],631.524169921875,332.3478244725094,-2.1166605949401855,0.20000000298023224,
55071380,NC(=O)c1cc[n+](CC2=C(C(=O)[O-])N3C(=O)C(NC(=O)Cc4cccs4)C3SC2)cc1,FMZXNVLFJHCSAF-UHFFFAOYSA-N,458.07186167599997,-1.218899999999995,NC(=O)c1cc[n+](CC2=C(C(=O)[O-])N3C(=O)C(NC(=O)Cc4cccs4)C3SC2)cc1,7.084946155548096,3.2454144719332336,-4.073014736175537,0.375,
10141589,CC1CCC2C(C)C(O)OC3OC4(C)CCC1C32OO4,BJDCWCLMFKKGEE-UHFFFAOYSA-N,284.162373868,2.1867,CC1CCC2C(C)C(O)OC3OC4(C)CCC1C32OO4,1512.1138916015625,429.6858496904208,-2.6704986095428467,0.1599999964237213,
67742109,C[n+]1cc2c3c(ccc2c2ccc4cc5c(cc4c21)OCO5)OCO3.[Cl-],GIZKAXHWLRYMLE-UHFFFAOYSA-M,367.0611356079999,0.4320999999999995,C[n+]1cc2c3c(ccc2c2ccc4cc5c(cc4c21)OCO5)OCO3.[Cl-],354.5286865234375,130.13370551893078,-1.7193710803985596,0.23880596458911896,
86898894,CCC(=C(c1ccccc1)c1ccc(OCCN(C)C)cc1)c1ccccc1.O=C(O)CC(O)(CC(=O)O)C(=O)O,FQZYTYWMLGAPFJ-UHFFFAOYSA-N,563.2519171439999,4.747600000000002,CCC(=C(c1ccccc1)c1ccc(OCCN(C)C)cc1)c1ccccc1.O=C(O)CC(O)(CC(=O)O)C(=O)O,296.1053771972656,166.78190889406298,-2.5255343914031982,0.2602739632129669,
48994249,CS(=O)(=O)O.CSc1ccc2c(c1)C(N1CCN(C)CC1)Cc1ccccc1S2,CZMDZGZYKOGLJY-UHFFFAOYSA-N,452.126205756,3.908300000000003,CS(=O)(=O)O.CSc1ccc2c(c1)C(N1CCN(C)CC1)Cc1ccccc1S2,25.999652862548828,11.75512411001749,-2.50701642036438,0.8541666865348816,
68502508,Cc1cc(C(C#N)c2ccc(Cl)cc2)c(Cl)cc1NC(=O)c1cc(I)cc(I)c1O,JMPFSEBWVLAJKM-UHFFFAOYSA-N,661.852179048,7.124400000000003,Cc1cc(C(C#N)c2ccc(Cl)cc2)c(Cl)cc1NC(=O)c1cc(I)cc(I)c1O,17.875032424926758,11.830629210303261,-2.8764634132385254,0.296875,
18458323,NC(=O)c1ncn(C2OC(CO)C(O)C2O)n1,IWUCXVSUMQZMFG-UHFFFAOYSA-N,244.080769484,-3.0114999999999994,NC(=O)c1ncn(C2OC(CO)C(O)C2O)n1,225.67486572265625,55.08289534433143,-2.4028208255767822,0.42307692766189575,
68677718,O=C(OCC1OC(OC(=O)c2cc(O)c(O)c(OC(=O)c3cc(O)c(O)c(O)c3)c2)C(OC(=O)c2cc(O)c(O)c(OC(=O)c3cc(O)c(O)c(O)c3)c2)C(OC(=O)c2cc(O)c(O)c(OC(=O)c3cc(O)c(O)c(O)c3)c2)C1OC(=O)c1cc(O)c(O)c(OC(=O)c2cc(O)c(O)c(O)c2)c1)c1cc(O)c(O)c(OC(=O)c2cc(O)c(O)c(O)c2)c1,LRBQNJMCXXYXIU-UHFFFAOYSA-N,1700.172974183999,4.838100000000016,O=C(OCC1OC(OC(=O)c2cc(O)c(O)c(OC(=O)c3cc(O)c(O)c(O)c3)c2)C(OC(=O)c2cc(O)c(O)c(OC(=O)c3cc(O)c(O)c(O)c3)c2)C(OC(=O)c2cc(O)c(O)c(OC(=O)c3cc(O)c(O)c(O)c3)c2)C1OC(=O)c1cc(O)c(O)c(OC(=O)c2cc(O)c(O)c(O)c2)c1)c1cc(O)c(O)c(OC(=O)c2cc(O)c(O)c(O)c2)c1,9.6138277053833,16.34517020782864,-2.2912373542785645,0.18840579688549042,
87117912,O.O.O.O=C([O-])C1O[Sb]2OC(=O)C(O2)C(C(=O)[O-])O[Sb]2OC(=O)C1O2.[K+].[K+],WBTCZEPSIIFINA-UHFFFAOYSA-J,665.73701438,-14.342099999999999,O.O.O.O=C([O-])C1O[Sb]2OC(=O)C(O2)C(C(=O)[O-])O[Sb]2OC(=O)C1O2.[K+].[K+],713.3645629882812,474.91318004314525,-2.037532091140747,0.14516128599643707,
47022595,C[n+]1c2cc(N)ccc2cc2ccc(N)cc21.[Cl-],KKAJSJJFBSOMGS-UHFFFAOYSA-N,259.087625128,-1.0140999999999993,C[n+]1c2cc(N)ccc2cc2ccc(N)cc21.[Cl-],2079.788330078125,538.8474493532665,-4.500482559204102,0.2222222238779068,
73074534,O=C(O)C(S)C(S)C(=O)O,ACTRVOBWPAIOHC-UHFFFAOYSA-N,181.970750672,-0.2476000000000001,O=C(O)C(S)C(S)C(=O)O,1192.456298828125,216.99217981562603,-2.7288930416107178,0.18918919563293457,
25850402,CCC1OC(=O)C(C)C(OC2CC(C)(OC)C(O)C(C)O2)C(C)C(OC2OC(C)CC(N(C)C)C2O)C(C)(O)CC(C)C(=O)C(C)C(O)C1(C)O.CCCCCCCCCCCCCCCCCC(=O)O,YAVZHCFFUATPRK-UHFFFAOYSA-N,1017.7327715960001,8.118100000000009,CCC1OC(=O)C(C)C(OC2CC(C)(OC)C(O)C(C)O2)C(C)C(OC2OC(C)CC(N(C)C)C2O)C(C)(O)CC(C)C(=O)C(C)C(O)C1(C)O.CCCCCCCCCCCCCCCCCC(=O)O,767.6260986328125,781.2382451609744,-1.6293221712112427,0.2698412835597992,
71264959,CCCCCCCCC=CCCCCCCCC(=O)[O-].[NH3+]CCO,KGWDUNBJIMUFAP-UHFFFAOYSA-N,343.308644172,2.9944,CCCCCCCCC=CCCCCCCCC(=O)[O-].[NH3+]CCO,211.4642791748047,72.59751726614395,-2.578056573867798,0.25999999046325684,
10331935,CCC(=C(CC)c1ccc(O)cc1)c1ccc(O)cc1,RGLYKWWBQGJZGM-UHFFFAOYSA-N,268.14632988,4.828600000000005,CCC(=C(CC)c1ccc(O)cc1)c1ccc(O)cc1,706.6925659179688,189.49702071735024,-1.9506406784057617,0.3333333432674408,
94639639,CN(N=O)C(=O)NC1C(O)OC(CO)C(O)C1O,ZSJLQEPLLKMAKR-UHFFFAOYSA-N,265.09099982000004,-2.8909,CN(N=O)C(=O)NC1C(O)OC(CO)C(O)C1O,69.9460678100586,18.542072448821067,-2.621746301651001,0.2631579041481018,
73998383,CN(C)C(CCOc1cccc2ccccc12)c1ccccc1.Cl,IHWDIQRWYNMKFM-UHFFFAOYSA-N,341.154642068,5.3334000000000055,CN(C)C(CCOc1cccc2ccccc12)c1ccccc1.Cl,96.08930969238281,32.78131448168849,-2.1106996536254883,0.3400000035762787,
94576117,CCCCCc1c2c(cc(O)c1C(=O)O)OC(=O)c1c(cc(OC)cc1C(=O)CCCC)O2,JHEWMLHQNRHTQX-UHFFFAOYSA-N,456.17841785599995,5.529500000000004,CCCCCc1c2c(cc(O)c1C(=O)O)OC(=O)c1c(cc(OC)cc1C(=O)CCCC)O2,257.423583984375,117.43108130310793,-2.3069345951080322,0.24657534062862396,
64292186,COc1c2ccccc2nc2occc12,WIONIXOBNMDJFJ-UHFFFAOYSA-N,199.063328528,2.989600000000001,COc1c2ccccc2nc2occc12,100.19474792480469,19.945099394085297,-2.1596944332122803,0.2857142984867096,
37688398,O=c1[nH]c2cc(Cl)ccc2o1,TZFWDZFKRBELIQ-UHFFFAOYSA-N,168.993056048,1.7745,O=c1[nH]c2cc(Cl)ccc2o1,287.11285400390625,48.520079958389154,-2.4617977142333984,0.25641027092933655,
58373987,CC(=O)NCC1CN(c2ccc(N3CCOCC3)c(F)c2)C(=O)O1,TYZROVQLWOKYKF-UHFFFAOYSA-N,337.1437843399999,1.1235999999999997,CC(=O)NCC1CN(c2ccc(N3CCOCC3)c(F)c2)C(=O)O1,56.28175354003906,18.975044412689734,-2.652954339981079,0.8363636136054993,
46026658,COC1C(OC(N)=O)C(O)C(Oc2ccc3c([O-])c(NC(=O)c4ccc(O)c(CC=C(C)C)c4)c(=O)oc3c2C)OC1(C)C.[Na+],WWPRGAYLRGSOSU-UHFFFAOYSA-M,634.21385422,-0.0008799999999988817,COC1C(OC(N)=O)C(O)C(Oc2ccc3c([O-])c(NC(=O)c4ccc(O)c(CC=C(C)C)c4)c(=O)oc3c2C)OC1(C)C.[Na+],3.243354558944702,2.0569804308697885,-1.6370840072631836,0.20202019810676575,
23508780,CCOC(=O)CCC(=O)OC1C(OC2C(C)C(OC3CC(C)(OC)C(O)C(C)O3)C(C)C(=O)OC(CC)C(C)(O)C(O)C(C)C(=O)C(C)CC2(C)O)OC(C)CC1N(C)C,NSYZCCDSJNWWJL-UHFFFAOYSA-N,861.5085853200001,2.6798000000000073,CCOC(=O)CCC(=O)OC1C(OC2C(C)C(OC3CC(C)(OC)C(O)C(C)O3)C(C)C(=O)OC(CC)C(C)(O)C(O)C(C)C(=O)C(C)CC2(C)O)OC(C)CC1N(C)C,1313.7027587890625,1131.7662594808548,-2.3374695777893066,0.261904776096344,
90105920,CN(C)CCCN1c2ccccc2Sc2ccc(C(F)(F)F)cc21.Cl,FTNWXGFYRHWUKG-UHFFFAOYSA-N,388.09878197999996,5.681600000000005,CN(C)CCCN1c2ccccc2Sc2ccc(C(F)(F)F)cc21.Cl,261.3774108886719,101.44024832588232,-2.180755853652954,0.296875,
88234565,CCC(c1ccc(O)cc1)C(CC)c1ccc(O)cc1,PBBGSZCBWVPOOL-UHFFFAOYSA-N,270.161979944,4.785200000000004,CCC(c1ccc(O)cc1)C(CC)c1ccc(O)cc1,251.5821533203125,67.96793059841826,-2.2011935710906982,0.2926829159259796,
94548560,Oc1cc2c(cc1O)C1c3ccc(O)c(O)c3OCC1(O)C2,WZUVPPKBWHMQCE-UHFFFAOYSA-N,302.079038168,1.3204999999999993,Oc1cc2c(cc1O)C1c3ccc(O)c(O)c3OCC1(O)C2,260.9901123046875,78.83964231242207,-3.054553985595703,0.190476194024086,
12499591,COc1ccc(CC(N)C(=O)NC2C(CO)OC(n3cnc4c(N(C)C)ncnc43)C2O)cc1.Cl.Cl,MKSVFGKWZLUTTO-UHFFFAOYSA-N,543.1763724520001,0.04990000000000083,COc1ccc(CC(N)C(=O)NC2C(CO)OC(n3cnc4c(N(C)C)ncnc43)C2O)cc1.Cl.Cl,85.1441421508789,46.24828905337363,-2.5904433727264404,0.2808988690376282,
30098447,O=C(O)c1cc(-c2ccc(F)cc2F)ccc1O,HUPFGZXOMWLGNK-UHFFFAOYSA-N,250.044150556,3.035600000000001,O=C(O)c1cc(-c2ccc(F)cc2F)ccc1O,51.329463958740234,12.834632154442849,-3.648454427719116,0.3333333432674408,
13574492,C=CC(C)(O)CCC1C(=C)CC(OC(C)=O)C2C(C)(C)CCCC12C,WCNCDVQMEQJFGH-UHFFFAOYSA-N,348.26644501199996,5.044000000000005,C=CC(C)(O)CCC1C(=C)CC(OC(C)=O)C2C(C)(C)CCCC12C,1480.8668212890625,515.7362124261813,-1.9350217580795288,0.1764705926179886,
66213636,CN(C)CCOc1ccc(C(=C(CCCl)c2ccccc2)c2ccccc2)cc1.O=C(O)CC(O)(CC(=O)O)C(=O)O,IWEQQRMGNVVKQW-UHFFFAOYSA-N,597.2129447919999,4.9665000000000035,CN(C)CCOc1ccc(C(=C(CCCl)c2ccccc2)c2ccccc2)cc1.O=C(O)CC(O)(CC(=O)O)C(=O)O,789.98876953125,471.7915114307133,-2.4080288410186768,0.25,
11149411,CC(=O)OC12COC1CC(O)C1(C)C(=O)C(O)C3=C(C)C(OC(=O)C(O)C(NC(=O)OC(C)(C)C)c4ccccc4)CC(O)(C(OC(=O)c4ccccc4)C21)C3(C)C.O.O.O,XCDIRYDKECHIPE-UHFFFAOYSA-N,861.3782994280002,0.7855000000000025,CC(=O)OC12COC1CC(O)C1(C)C(=O)C(O)C3=C(C)C(OC(=O)C(O)C(NC(=O)OC(C)(C)C)c4ccccc4)CC(O)(C(OC(=O)c4ccccc4)C21)C3(C)C.O.O.O,535.9058837890625,461.6177107430604,-2.4461188316345215,0.19298245012760162,
55723416,CN(C)CCC=C1c2ccccc2Sc2ccc(Cl)cc21.Cl,YWKRLOSRDGPEJR-UHFFFAOYSA-N,351.061525968,5.609800000000004,CN(C)CCC=C1c2ccccc2Sc2ccc(Cl)cc21.Cl,256.2227783203125,89.94996172107884,-3.2388274669647217,0.21875,
47764434,CCC(C(=O)[O-])C1CCC(C)C(C(C)C(O)C(C)C(=O)C(CC)C2OC3(C=CC(O)C4(CCC(C)(C5CCC(O)(CC)C(C)O5)O4)O3)C(C)CC2C)O1.[Na+],YPZYGIQXBGHDBH-UHFFFAOYSA-M,772.4737573080001,1.8573000000000057,CCC(C(=O)[O-])C1CCC(C)C(C(C)C(O)C(C)C(=O)C(CC)C2OC3(C=CC(O)C4(CCC(C)(C5CCC(O)(CC)C(C)O5)O4)O3)C(C)CC2C)O1.[Na+],650.880615234375,502.7882095111523,-1.9884275197982788,0.14399999380111694,
45826839,Nc1nnc(-c2cccc(Cl)c2Cl)c(N)n1,PYZRQGJRPPTADH-UHFFFAOYSA-N,255.00785058399998,2.0098,Nc1nnc(-c2cccc(Cl)c2Cl)c(N)n1,74.5985336303711,19.023210395429416,-2.677957534790039,0.21153846383094788,
96706685,CC1(C)CCC2(C(=O)O)CCC3(C)C(=CCC4C5(C)CCC(O)C(C)(CO)C5CCC43C)C2C1,PGOYMURMZNDHNS-UHFFFAOYSA-N,472.35526001599993,6.206000000000008,CC1(C)CCC2(C(=O)O)CCC3(C)C(=CCC4C5(C)CCC(O)C(C)(CO)C5CCC43C)C2C1,122.47191619873047,57.85025263821725,-2.42720890045166,0.2750000059604645,
13946057,Oc1c(Cl)c(Cl)c(Cl)c(Cl)c1Cl,IZUPBVBPLAPZRR-UHFFFAOYSA-N,263.847003052,4.6592,Oc1c(Cl)c(Cl)c(Cl)c(Cl)c1Cl,988.2034301757812,260.73452289349035,-2.15800404548645,0.20000000298023224,
48778541,Clc1ccc(C(Cn2ccnc2)OCc2c(Cl)cccc2Cl)c(Cl)c1.O=[N+]([O-])O,NNGQLSIGRSTLLU-UHFFFAOYSA-N,476.98166667999993,6.107100000000003,Clc1ccc(C(Cn2ccnc2)OCc2c(Cl)cccc2Cl)c(Cl)c1.O=[N+]([O-])O,97.08360290527344,46.30710011414242,-3.4791018962860107,0.6491228342056274,
51908620,CC=C(C)C(=O)OC1C(OC(C)=O)C2(CO)C(O)CC3(C)C(=CCC4C5(C)CCC(OC6OC(C(=O)O)C(OC7OC(CO)C(O)C(O)C7O)C(O)C6OC6OC(CO)C(O)C(O)C6O)C(C)(CO)C5CCC43C)C2CC1(C)C,AXNVHPCVMSNXNP-UHFFFAOYSA-N,1130.5509036320002,-1.3210999999999875,CC=C(C)C(=O)OC1C(OC(C)=O)C2(CO)C(O)CC3(C)C(=CCC4C5(C)CCC(OC6OC(C(=O)O)C(OC7OC(CO)C(O)C(O)C7O)C(O)C6OC6OC(CO)C(O)C(O)C6O)C(C)(CO)C5CCC43C)C2CC1(C)C,57.46598434448242,64.96822174170651,-1.6212842464447021,0.16393442451953888,
64266560,CC(C)(O)c1ccccc1CCC(SCC1(CC(=O)[O-])CC1)c1cccc(C=Cc2ccc3ccc(Cl)cc3n2)c1.[Na+],LBFBRXGCXUHRJY-UHFFFAOYSA-M,607.19238694,4.617300000000005,CC(C)(O)c1ccccc1CCC(SCC1(CC(=O)[O-])CC1)c1cccc(C=Cc2ccc3ccc(Cl)cc3n2)c1.[Na+],3.7010669708251953,2.247259744789343,-1.4313400983810425,0.20000000298023224,
92189223,CCC(C)C(=O)OC1CC2(C)C(c3ccoc3)OC(=O)CC23OC2(C)OC34C(OC(C)=O)C3(O)C(OC(=O)C5(C)OC5C)C5(C)CC3(O)C(C)(C5CC(=O)OC)C14O2,HPSILLNWMJOWNM-UHFFFAOYSA-N,816.3204502039999,2.708500000000001,CCC(C)C(=O)OC1CC2(C)C(c3ccoc3)OC(=O)CC23OC2(C)OC34C(OC(C)=O)C3(O)C(OC(=O)C5(C)OC5C)C5(C)CC3(O)C(C)(C5CC(=O)OC)C14O2,62.621971130371094,51.11959756340955,-1.660125970840454,0.15646257996559143,
28775777,COc1cc(O)cc(O)c1C(=O)c1ccccc1,CIKBLPYUSUJOHB-UHFFFAOYSA-N,244.073558864,2.3373999999999997,COc1cc(O)cc(O)c1C(=O)c1ccccc1,263.5710754394531,64.33073237463597,-2.0408129692077637,0.30612245202064514,
43448275,CCCCC(CC)CCC(CC(C)C)OS(=O)(=O)[O-].[Na+],FVEFRICMTUKAML-UHFFFAOYSA-M,316.168424688,0.8785000000000007,CCCCC(CC)CCC(CC(C)C)OS(=O)(=O)[O-].[Na+],157.4154815673828,49.76980886151515,-2.0911436080932617,0.25,
11569209,Nc1nc2cc(Cl)ccc2o1,YGCODSQDUUUKIV-UHFFFAOYSA-N,168.00904046,2.0633999999999997,Nc1nc2cc(Cl)ccc2o1,81.24010467529297,13.64907169288588,-2.0444676876068115,0.25641027092933655,
72262359,Cc1cc(O)ccc1Cl,CFKMVGJGLGKFKI-UHFFFAOYSA-N,142.018542524,2.3540200000000002,Cc1cc(O)ccc1Cl,207.19969177246094,29.426198372386374,-3.280069351196289,0.2750000059604645,
68422175,CC1=CC(=O)C2=C(C)CCC3C(C)C(=O)OC3C12,BJPSSVHNEGMBDQ-UHFFFAOYSA-N,246.125594436,2.419600000000001,CC1=CC(=O)C2=C(C)CCC3C(C)C(=O)OC3C12,394.0719909667969,96.99120431826103,-2.646651029586792,0.16883116960525513,
30776478,CCC(C)C(N)C1=NC(C(=O)NC(CC(C)C)C(=O)NC(CCC(=O)O)C(=O)NC(C(=O)NCCCCC2NC(=O)C(CC(N)=O)NC(=O)C(CC(=O)O)NC(=O)C(Cc3c[nH]cn3)NC(=O)C(Cc3ccccc3)NC(=O)C(C(C)CC)NC(=O)C(CCCN)NC2=O)C(C)CC)CS1,VRKHYMXTJQCIND-UHFFFAOYSA-N,1421.7489412159996,-1.6776000000000149,CCC(C)C(N)C1=NC(C(=O)NC(CC(C)C)C(=O)NC(CCC(=O)O)C(=O)NC(C(=O)NCCCCC2NC(=O)C(CC(N)=O)NC(=O)C(CC(=O)O)NC(=O)C(Cc3c[nH]cn3)NC(=O)C(Cc3ccccc3)NC(=O)C(C(C)CC)NC(=O)C(CCCN)NC2=O)C(C)CC)CS1,1733.3284912109375,2464.3579051262277,-2.1605889797210693,0.29931971430778503,
72766875,Cc1c2oc3c(C)ccc(C(=O)OC(C)C4NC(=O)C(C(C)C)N(C)C(=O)CN(C)C(=O)C5CCCN5C(=O)C(C(C)C)NC4=O)c3nc-2c(C(=O)OC(C)C2NC(=O)C(C(C)C)N(C)C(=O)CN(C)C(=O)C3CCCN3C(=O)C(C(C)C)NC2=O)c(N)c1=O,QKRYGAZNLBVXHK-UHFFFAOYSA-N,1254.6284746719996,0.725640000000003,Cc1c2oc3c(C)ccc(C(=O)OC(C)C4NC(=O)C(C(C)C)N(C)C(=O)CN(C)C(=O)C5CCCN5C(=O)C(C(C)C)NC4=O)c3nc-2c(C(=O)OC(C)C2NC(=O)C(C(C)C)N(C)C(=O)CN(C)C(=O)C3CCCN3C(=O)C(C(C)C)NC2=O)c(N)c1=O,335.7842712402344,421.28452688996873,-1.6275863647460938,0.5086206793785095,
10374767,CC1=CC2C(C(C)C)CCC(C)(O)C2CC1,LHYHMMRYTDARSZ-UHFFFAOYSA-N,222.198365452,3.7759000000000027,CC1=CC2C(C(C)C)CCC(C)(O)C2CC1,806.2098999023438,179.1385268433334,-1.8668993711471558,0.21666666865348816,
62726267,C=C(c1ccc(C(=O)O)cc1)c1cc2c(cc1C)C(C)(C)CCC2(C)C,NAVMQTYZDKMPEU-UHFFFAOYSA-N,348.208930136,6.103720000000005,C=C(c1ccc(C(=O)O)cc1)c1cc2c(cc1C)C(C)(C)CCC2(C)C,402.47528076171875,140.145482354153,-4.936629295349121,0.22033898532390594,
43375785,CC1=CC(=O)c2c(O)cccc2C1=O,VCMMXZQDRFWYSE-UHFFFAOYSA-N,188.047344116,1.7175,CC1=CC(=O)c2c(O)cccc2C1=O,364.0973815917969,68.46754654944078,-3.5002360343933105,0.27272728085517883,
22938689,CCOc1ccc(Cc2nccc3cc(OCC)c(OCC)cc23)cc1OCC.Cl,UPUDVKWQBVIKBG-UHFFFAOYSA-N,431.18633611999996,5.842200000000006,CCOc1ccc(Cc2nccc3cc(OCC)c(OCC)cc23)cc1OCC.Cl,1010.4630126953125,435.69783847191013,-2.323435068130493,0.23529411852359772,
12791325,CN(C)CCN(Cc1ccccc1)c1ccccn1.O=C(O)CC(O)(CC(=O)O)C(=O)O,GGRBYIUPUOYRLQ-UHFFFAOYSA-N,447.20055026799986,1.4013000000000007,CN(C)CCN(Cc1ccccc1)c1ccccn1.O=C(O)CC(O)(CC(=O)O)C(=O)O,232.56967163085938,104.00528203696167,-2.823942184448242,0.2857142984867096,
65489491,Oc1ccc2ccccc2c1,JWAZRIHNYRIHIV-UHFFFAOYSA-N,144.057514876,2.5454,Oc1ccc2ccccc2c1,1525.280029296875,219.72806328720782,-1.8653618097305298,0.3529411852359772,
27950404,CCOC(=O)C1=C(C)NC(C)=C(C(=O)OC)C1c1cccc([N+](=O)[O-])c1,PVHUJELLJLJGLN-UHFFFAOYSA-N,360.13213635999995,2.5657000000000005,CCOC(=O)C1=C(C)NC(C)=C(C(=O)OC)C1c1cccc([N+](=O)[O-])c1,1690.4398193359375,608.7817038689122,-1.9898030757904053,0.3709677457809448,
19836146,CN(C)CCCN1c2ccccc2Sc2ccc(Cl)cc21.Cl,FBSMERQALIEGJT-UHFFFAOYSA-N,354.072425,5.316200000000005,CN(C)CCCN1c2ccccc2Sc2ccc(Cl)cc21.Cl,392.35693359375,138.92277043659837,-2.362056255340576,0.25806450843811035,
38292925,CCC(C)C1OC2(C=CC1C)CC1CC(CC=C(C)C(OC3CC(OC)C(OC4CC(OC)C(O)C(C)O4)C(C)O3)C(C)C=CC=C3COC4C(O)C(C)=CC(C(=O)O1)C34O)O2,RRZXIRBKKLTSOM-UHFFFAOYSA-N,872.4922069840001,5.377400000000007,CCC(C)C1OC2(C=CC1C)CC1CC(CC=C(C)C(OC3CC(OC)C(OC4CC(OC)C(O)C(C)O4)C(C)O3)C(C)C=CC=C3COC4C(O)C(C)=CC(C(=O)O1)C34O)O2,1110.9111328125,969.2613043665269,-1.8710850477218628,0.18881118297576904,
11434808,COc1cc(O)c2c(=O)c(OC)c(-c3ccc(OC)c(OC)c3)oc2c1,HHGPYJLEJGNWJA-UHFFFAOYSA-N,358.105252916,3.200000000000001,COc1cc(O)c2c(=O)c(OC)c(-c3ccc(OC)c(OC)c3)oc2c1,35.81856155395508,12.826815172434815,-2.930276870727539,0.2957746386528015,
79900953,C=C(C)C1CC=C(C(=O)O)CC1,CDSMSBUVCWHORP-UHFFFAOYSA-N,166.099379688,2.3736000000000006,C=C(C)C1CC=C(C(=O)O)CC1,1078.3118896484375,179.10694104975138,-2.2490170001983643,0.2830188572406769,
10834643,CCCCCC(=O)Cc1cc(O)cc(O)c1C(=O)Oc1cc(CC(=O)CCCCC)c(C(=O)O)c(OC)c1,DGXLEDCXMIJNPJ-UHFFFAOYSA-N,528.2359327319999,5.407600000000005,CCCCCC(=O)Cc1cc(O)cc(O)c1C(=O)Oc1cc(CC(=O)CCCCC)c(C(=O)O)c(OC)c1,12.016887664794922,6.3477519231835755,-1.997143268585205,0.20000000298023224,
12686380,COc1ccccc1-c1cc(=O)c2c(OC)cccc2o1,QNKIRTADURZGPG-UHFFFAOYSA-N,282.089208928,3.4772000000000025,COc1ccccc1-c1cc(=O)c2c(OC)cccc2o1,219.98745727539062,62.056086317280354,-2.2997019290924072,0.22058823704719543,
56824688,CC(C)(C)CC(C)(C)c1ccc(O)c(Cc2ccc(Cl)cc2Cl)c1,HQVZOORKDNCGCK-UHFFFAOYSA-N,364.13607081199996,7.003600000000006,CC(C)(C)CC(C)(C)c1ccc(O)c(Cc2ccc(Cl)cc2Cl)c1,40.86598587036133,14.880780132409715,-2.064040184020996,0.2978723347187042,
24783948,CCC(=O)Oc1ccc2c(c1)CCC1C2CCC2(C)C1CC(OC(=O)CC)C2OC(=O)CC,ONMZMZJEZHMWQL-UHFFFAOYSA-N,456.2511888719999,5.111600000000005,CCC(=O)Oc1ccc2c(c1)CCC1C2CCC2(C)C1CC(OC(=O)CC)C2OC(=O)CC,31.039501190185547,14.161809054867783,-3.6523473262786865,0.18518517911434174,
61137124,NCC1OC(OC2C(N)CC(N)C(O)C2OC2OC(CO)C(O)C2O)C(N)C(O)C1O.O=S(=O)(O)O,RTCDDYYZMGGHOE-UHFFFAOYSA-N,552.1948728319999,-7.305100000000005,NCC1OC(OC2C(N)CC(N)C(O)C2OC2OC(CO)C(O)C2O)C(N)C(O)C1O.O=S(=O)(O)O,25.428466796875,14.041468824646225,-2.306989908218384,0.2638888955116272,
85397927,O=C(O)CC[N+](=O)[O-],WBLZUCOIBUDNBV-UHFFFAOYSA-N,119.02185764000001,-0.26219999999999977,O=C(O)CC[N+](=O)[O-],612.0850830078125,72.8515061105014,-3.0408201217651367,0.24242424964904785,
28517032,CCc1nc(N)nc(N)c1-c1ccc(Cl)cc1,WKSAUQYGYAYLPV-UHFFFAOYSA-N,248.08287409599998,2.5238000000000005,CCc1nc(N)nc(N)c1-c1ccc(Cl)cc1,452.7304382324219,112.31466310245497,-1.610381007194519,0.3913043439388275,
55046452,CC1=CC(=O)c2ccccc2C1=O,MJVAVZPDRWSRRC-UHFFFAOYSA-N,172.052429496,2.0119000000000002,CC1=CC(=O)c2ccccc2C1=O,1085.496826171875,186.76237927962694,-3.018435478210449,0.2380952388048172,
82472383,CNC(C)C1CCC(N)C(OC2C(N)CC(N)C(OC3OCC(C)(O)C(NC)C3O)C2O)O1.O=S(=O)(O)O,NWQISSNHRDDWRM-UHFFFAOYSA-N,575.2836282599999,-3.980299999999999,CNC(C)C1CCC(N)C(OC2C(N)CC(N)C(OC3OCC(C)(O)C(NC)C3O)C2O)O1.O=S(=O)(O)O,42.7143440246582,24.572864060820752,-2.283602237701416,0.33734938502311707,
28884141,CN(C)CCOC(C)(c1ccccc1)c1ccccn1.O=C(O)CCC(=O)O,KBAUFVUYFNWQFM-UHFFFAOYSA-N,388.1998219959999,2.8591000000000006,CN(C)CCOC(C)(c1ccccc1)c1ccccn1.O=C(O)CCC(=O)O,608.1876220703125,236.09832422146047,-2.7435996532440186,0.30000001192092896,
10043589,O=C1C=CC(=O)c2c(O)cccc21,KQPYUDDGWXQXHS-UHFFFAOYSA-N,174.031694052,1.3274,O=C1C=CC(=O)c2c(O)cccc21,133.7903594970703,23.283762807370262,-2.5538277626037598,0.2750000059604645,
99349341,Clc1ccc2c(c1)C(N1CCNCC1)=Nc1ccccc1O2,QWGDMFLQWFTERH-UHFFFAOYSA-N,313.09818981199993,3.4292000000000025,Clc1ccc2c(c1)C(N1CCNCC1)=Nc1ccccc1O2,149.0962371826172,46.68176148444327,-2.6913092136383057,0.2222222238779068,
65172071,COc1cc2c(cc1OC)C1C(=O)c3ccc4oc(C(C)C)cc4c3OC1CO2,DJDRQIXLFYUYAA-UHFFFAOYSA-N,394.14163842399995,4.693300000000004,COc1cc2c(cc1OC)C1C(=O)c3ccc4oc(C(C)C)cc4c3OC1CO2,21.507366180419922,8.476949061374425,-4.110004425048828,0.22891566157341003,
32439929,CCOc1nc2cccc(C(=O)OC(C)OC(=O)OC3CCCCC3)c2n1Cc1ccc(-c2ccccc2-c2nnn[nH]2)cc1,GHOSNRCGJFBJIB-UHFFFAOYSA-N,610.253982808,6.319100000000007,CCOc1nc2cccc(C(=O)OC(C)OC(=O)OC3CCCCC3)c2n1Cc1ccc(-c2ccccc2-c2nnn[nH]2)cc1,3.012927293777466,1.8386508536581487,-1.9309513568878174,0.2075471729040146,
93691195,COc1cc(C=Cc2ccc(O)cc2)cc(OC)c1,VLEUZFDZJKSGMX-UHFFFAOYSA-N,256.10994437200003,3.5798000000000023,COc1cc(C=Cc2ccc(O)cc2)cc(OC)c1,236.9203338623047,60.677651755290825,-2.4425389766693115,0.26865673065185547,
31903153,CC(C)=CCC1=C(O)C(=O)c2ccccc2C1=O,CIEYTVIYYGTCCI-UHFFFAOYSA-N,242.094294308,3.234000000000001,CC(C)=CCC1=C(O)C(=O)c2ccccc2C1=O,91.8395767211914,22.233836924234538,-2.2843587398529053,0.23076923191547394,
91504517,COc1cc(C)c(C=CC=CC=CC=CC(=O)O)c(C)c1C,CVIWFCMUUNYSFR-UHFFFAOYSA-N,298.15689456399997,4.386860000000004,COc1cc(C)c(C=CC=CC=CC=CC(=O)O)c(C)c1C,849.4059448242188,253.25623859081708,-1.7968631982803345,0.31481480598449707,
71045503,C=CCOC(Cn1ccnc1)c1ccc(Cl)cc1Cl.O=S(=O)(O)O,XVTXMTOYQVRHSK-UHFFFAOYSA-N,394.0156979719998,3.4810000000000016,C=CCOC(Cn1ccnc1)c1ccc(Cl)cc1Cl.O=S(=O)(O)O,59.21345520019531,23.331031103147772,-3.3459949493408203,0.6363636255264282,
85922843,CC(=O)OCC1=C(C(=O)[O-])N2C(=O)C(NC(=O)CSc3ccncc3)C2SC1.[Na+],VGEOUKPOQQEQSX-UHFFFAOYSA-M,445.037821512,-3.8552999999999953,CC(=O)OCC1=C(C(=O)[O-])N2C(=O)C(NC(=O)CSc3ccncc3)C2SC1.[Na+],6.579399585723877,2.928081653513824,-2.232538938522339,0.29032257199287415,
10076020,CC(C)c1nc(CN(C)C(=O)NC(C(=O)NC(Cc2ccccc2)CC(O)C(Cc2ccccc2)NC(=O)OCc2cncs2)C(C)C)cs1,NCDNCNXCDXHOMX-UHFFFAOYSA-N,720.3127606359999,5.905200000000005,CC(C)c1nc(CN(C)C(=O)NC(C(=O)NC(Cc2ccccc2)CC(O)C(Cc2ccccc2)NC(=O)OCc2cncs2)C(C)C)cs1,15.815254211425781,11.391929485593208,-1.304418683052063,0.2247191071510315,
11207832,CCN1CCCC1CNC(=O)c1cc(S(=O)(=O)CC)c(N)cc1OC,NTJOBXMMWNYJFB-UHFFFAOYSA-N,369.172227344,1.2851000000000006,CCN1CCCC1CNC(=O)c1cc(S(=O)(=O)CC)c(N)cc1OC,23.04928970336914,8.509157491964729,-2.352182149887085,0.2142857164144516,
10980756,CC1(C)C(=O)C=CC2(C)C1CC(O)C1(C)C2CCC2(C)C(c3ccoc3)OC(=O)C3OC321,HCEYJYMNIQHPPK-UHFFFAOYSA-N,440.2198887439999,3.989900000000003,CC1(C)C(=O)C=CC2(C)C1CC(O)C1(C)C2CCC2(C)C(c3ccoc3)OC(=O)C3OC321,93.86962890625,41.32327982387769,-1.2054463624954224,0.15217390656471252,
74544990,COc1ccccc1N1CCN(CC(O)COc2cccc3ccccc23)CC1,HRRBJVNMSRJFHQ-UHFFFAOYSA-N,392.209992756,3.410300000000002,COc1ccccc1N1CCN(CC(O)COc2cccc3ccccc23)CC1,100.27283477783203,39.32800761481679,-3.205085515975952,0.31081080436706543,
15398558,COc1ccccc1OCCNCC(O)COc1cccc2[nH]c3ccccc3c12,OGHNVEJMJSYVRP-UHFFFAOYSA-N,406.189257312,3.738000000000002,COc1ccccc1OCCNCC(O)COc1cccc2[nH]c3ccccc3c12,170.12623596191406,69.10345287258477,-3.082690715789795,0.2222222238779068,
73470920,C#CCCCCCCCCCCCC(O)CC(O)CO,OHLQBKZXSJYBMK-UHFFFAOYSA-N,284.235144884,3.0149000000000012,C#CCCCCCCCCCCCC(O)CC(O)CO,1139.1346435546875,323.7821009952858,-2.447077989578247,0.16326530277729034,
96282588,O=C(OC1Cc2c(O)cc(O)cc2OC1c1cc(O)c(O)c(O)c1)c1cc(O)c(O)c(O)c1,WMBWREPUVVBILR-UHFFFAOYSA-N,458.0849113959999,2.233199999999999,O=C(OC1Cc2c(O)cc(O)cc2OC1c1cc(O)c(O)c(O)c1)c1cc(O)c(O)c(O)c1,220.55677795410156,101.03372651687819,-2.9805426597595215,0.1875,
10955155,O=[N+]([O-])c1ccc(O)c([N+](=O)[O-])c1,UFBJCMHMOXMLKC-UHFFFAOYSA-N,184.012021228,1.2086,O=[N+]([O-])c1ccc(O)c([N+](=O)[O-])c1,277.1351013183594,50.99619062940861,-3.703216552734375,0.4000000059604645,
19970211,COc1ccc(C=CC(=O)c2ccc(O)cc2O)cc1,ADRQFDIWPRFKSP-UHFFFAOYSA-N,270.089208928,3.0025000000000013,COc1ccc(C=CC(=O)c2ccc(O)cc2O)cc1,356.1006774902344,96.1789505396394,-3.5682079792022705,0.27272728085517883,
38629194,CNc1ccccc1C(=O)O,WVMBPWMAQDVZCM-UHFFFAOYSA-N,151.063328528,1.4264999999999999,CNc1ccccc1C(=O)O,164.8299102783203,24.899754815582057,-2.1763527393341064,0.42500001192092896,
78658655,CC(C)C(=O)Oc1ccc(CO)cc1C(CCN(C(C)C)C(C)C)c1ccccc1.O=C(O)C=CC(=O)O,MWHXMIASLKXGBU-UHFFFAOYSA-N,527.2883026519999,5.092900000000004,CC(C)C(=O)Oc1ccc(CO)cc1C(CCN(C(C)C)C(C)C)c1ccccc1.O=C(O)C=CC(=O)O,30.72562026977539,16.201259397830572,-2.673905372619629,0.21794871985912323,
79399535,CCN(CC)C(C)CN1c2ccccc2Sc2ccccc21.Cl,VXPCQISYVPFYRK-UHFFFAOYSA-N,348.14269748,5.441400000000005,CCN(CC)C(C)CN1c2ccccc2Sc2ccccc21.Cl,70.74871826171875,24.63064903786149,-2.0919435024261475,0.290909081697464,
35352352,COc1c2ccoc2c(OC)c2oc(=O)ccc12,DFMAXQKDIGCMTL-UHFFFAOYSA-N,246.05282342,2.556400000000001,COc1c2ccoc2c(OC)c2oc(=O)ccc12,678.9016723632812,167.04567330954515,-2.7364587783813477,0.27272728085517883,
11097952,Nc1nc(N)c2nc(-c3ccccc3)c(N)nc2n1,FNYLWPVRPXGIIP-UHFFFAOYSA-N,253.10759335199998,0.8334000000000001,Nc1nc(N)c2nc(-c3ccccc3)c(N)nc2n1,81.90843963623047,20.73164676428725,-1.9677021503448486,0.3137255012989044,
10650272,COc1c(O)cc2oc3cc(O)c(CC=C(C)C)c(O)c3c(=O)c2c1CC=C(C)C,GNRIZKKCNOBBMO-UHFFFAOYSA-N,410.17293855199995,5.089000000000003,COc1c(O)cc2oc3cc(O)c(CC=C(C)C)c(O)c3c(=O)c2c1CC=C(C)C,233.85121154785156,95.91943769549559,-3.8733904361724854,0.19480518996715546,
41869868,N#Cc1c(Cl)c(Cl)c(Cl)c(C#N)c1Cl,CRQQGFGUEAVUIL-UHFFFAOYSA-N,263.88155872,4.04356,N#Cc1c(Cl)c(Cl)c(Cl)c(C#N)c1Cl,7925.982421875,2091.520609964491,-2.147099256515503,0.21212121844291687,
11243605,Cc1cn(C2C=CC(CO)O2)c(=O)[nH]c1=O,XNKLLVCARDGLGL-UHFFFAOYSA-N,224.079706864,-0.7090799999999999,Cc1cn(C2C=CC(CO)O2)c(=O)[nH]c1=O,127.26219177246094,28.51687422655746,-2.6560745239257812,0.4727272689342499,
91756397,N#CC(c1ccc(Cl)cc1)c1c(Cl)cc(-n2ncc(=O)[nH]c2=O)cc1Cl,ZSZFUDFOPOMEET-UHFFFAOYSA-N,405.979108568,3.536480000000002,N#CC(c1ccc(Cl)cc1)c1c(Cl)cc(-n2ncc(=O)[nH]c2=O)cc1Cl,237.32281494140625,96.3481078049459,-3.0077505111694336,0.1975308656692505,
21240306,CCCC1CC(C(=O)NC(C(C)Cl)C2OC(SC)C(O)C(O)C2O)N(C)C1.Cl,AUODDLQVRAJAJM-UHFFFAOYSA-N,460.15654854799993,0.8112999999999992,CCCC1CC(C(=O)NC(C(C)Cl)C2OC(SC)C(O)C(O)C2O)N(C)C1.Cl,35.4909782409668,16.33140617537905,-3.3089609146118164,0.2238806039094925,
13856050,Cc1ccc(-c2cc(C(F)(F)F)nn2-c2ccc(S(N)(=O)=O)cc2)cc1,RZEKVGVHFLEQIL-UHFFFAOYSA-N,381.07588234799994,3.5139200000000006,Cc1ccc(-c2cc(C(F)(F)F)nn2-c2ccc(S(N)(=O)=O)cc2)cc1,503.4479675292969,191.8518717192218,-2.977665901184082,0.4029850661754608,
45531154,COc1cc(OC)c2c(c1)OC(c1ccccc1)CC2=O,IAFBOKYTDSDNHV-UHFFFAOYSA-N,284.104858992,3.410300000000002,COc1cc(OC)c2c(c1)OC(c1ccccc1)CC2=O,78.64962768554688,22.344740672148887,-2.532299518585205,0.2537313401699066,
32873346,O=C(OCc1ccccc1)c1cccnc1,KVYGGMBOZFWZBQ-UHFFFAOYSA-N,213.078978592,2.4386,O=C(OCc1ccccc1)c1cccnc1,169.18370056152344,36.04949026247015,-2.8823134899139404,0.31111112236976624,
23573091,CC(Cc1cccc(C(F)(F)F)c1)NCCOC(=O)c1ccccc1.Cl,NLOALSPYZIIXEO-UHFFFAOYSA-N,387.121291252,4.504800000000004,CC(Cc1cccc(C(F)(F)F)c1)NCCOC(=O)c1ccccc1.Cl,24.225542068481445,9.378223224895649,-2.5431017875671387,0.2985074520111084,
98292921,COC(C)(C)CCCC(C)CC=CC(C)=CC(=O)OC(C)C,NFGXHKASABOEEW-UHFFFAOYSA-N,310.25079494799996,5.062000000000006,COC(C)(C)CCCC(C)CC=CC(C)=CC(=O)OC(C)C,861.779541015625,267.36779684224484,-2.7496728897094727,0.20338982343673706,
11432592,C=C1C(CO)C(O)CC1n1cnc2c(=O)[nH]c(N)nc21.O,YXPVEXCTPGULBZ-UHFFFAOYSA-N,295.128054024,-1.6524999999999994,C=C1C(CO)C(O)CC1n1cnc2c(=O)[nH]c(N)nc21.O,187.57296752929688,55.35804591470649,-2.6675758361816406,0.5079365372657776,
60187623,C#CC1(O)CCC2C3CCc4cc(O)ccc4C3CCC21C,BFPYWIDHMRZLRN-UHFFFAOYSA-N,296.177630008,3.6126000000000023,C#CC1(O)CCC2C3CCc4cc(O)ccc4C3CCC21C,113.14604949951172,33.51132945636861,-3.948894739151001,0.18292683362960815,
81523399,COC1C(O)CC(=O)OC(C)CC=CC=CC(OC2CCC(N(C)C)C(C)O2)C(C)CC(CC=O)C1OC1OC(C)C(OC2CC(C)(O)C(O)C(C)O2)C(N(C)C)C1O,ACTOXUHEUCPTEW-UHFFFAOYSA-N,842.5140050480001,2.3251000000000075,COC1C(O)CC(=O)OC(C)CC=CC=CC(OC2CCC(N(C)C)C(C)O2)C(C)CC(CC=O)C1OC1OC(C)C(OC2CC(C)(O)C(O)C(C)O2)C(N(C)C)C1O,33.76173400878906,28.4447354194047,-2.8786587715148926,0.20895522832870483,
25010663,CSc1nc2cc(Cl)c(Oc3cccc(Cl)c3Cl)cc2[nH]1,NQPDXQQQCQDHHW-UHFFFAOYSA-N,357.9501169480001,6.037300000000002,CSc1nc2cc(Cl)c(Oc3cccc(Cl)c3Cl)cc2[nH]1,8.605985641479492,3.080513326796136,-2.168647527694702,0.25,
31610000,CN(C)CCC=C1c2ccccc2C=Cc2ccccc21.Cl,VXEAYBOGHINOKW-UHFFFAOYSA-N,311.144077384,4.9756000000000045,CN(C)CCC=C1c2ccccc2C=Cc2ccccc21.Cl,566.4501342773438,176.2475996660852,-4.246763706207275,0.20000000298023224,
30718252,O=C(O)Cc1ccc(-c2ccccc2)cc1,QRZAKQDHEVVFRX-UHFFFAOYSA-N,212.083729624,2.9807000000000015,O=C(O)Cc1ccc(-c2ccccc2)cc1,183.50303649902344,38.9180105270417,-3.458221673965454,0.32608696818351746,
82978149,COc1c(-c2coc3cc4c(cc3c2=O)CC(O)C(C)(C)O4)ccc2c1C=CC(C)(C)O2,KJTDZAHLWHEULN-UHFFFAOYSA-N,434.17293855199995,4.727200000000005,COc1c(-c2coc3cc4c(cc3c2=O)CC(O)C(C)(C)O4)ccc2c1C=CC(C)(C)O2,58.76094436645508,25.51241205588609,-1.8452975749969482,0.21176470816135406,
44152324,CC(CCC(=O)O)C1CCC2C3CCC4CC(O)CCC4(C)C3CCC12C,SMEROWZSTRWXGI-UHFFFAOYSA-N,376.29774513999996,5.507100000000006,CC(CCC(=O)O)C1CCC2C3CCC4CC(O)CCC4(C)C3CCC12C,81.04766845703125,30.498055113526092,-2.230583429336548,0.25,
43738261,S=c1[nH]cnc2nc[nH]c12,GLVAUDGFNGKCSF-UHFFFAOYSA-N,152.015667128,1.0154899999999998,S=c1[nH]cnc2nc[nH]c12,2981.126953125,453.1780133005932,-2.7331249713897705,0.1315789520740509,
10417842,O=C(C=Cc1ccccc1)c1ccc(O)cc1,UAHGNXFYLAJDIN-UHFFFAOYSA-N,224.083729624,3.2883000000000013,O=C(C=Cc1ccccc1)c1ccc(O)cc1,67.96366882324219,15.22955369777273,-2.5861265659332275,0.3333333432674408,
95337471,Cc1ccccc1C(=O)Nc1ccc(C(=O)N2CCCC(O)c3cc(Cl)ccc32)c(C)c1,GYHCTFXIZSNGJT-UHFFFAOYSA-N,448.15537034,5.683140000000005,Cc1ccccc1C(=O)Nc1ccc(C(=O)N2CCCC(O)c3cc(Cl)ccc32)c(C)c1,82.1008529663086,36.793938326618765,-3.6517930030822754,0.3378378450870514,
10920823,CNCC(O)c1ccc(O)cc1,YRCWQPVGYLYSOX-UHFFFAOYSA-N,167.094628656,0.645,CNCC(O)c1ccc(O)cc1,219.5997772216797,36.693944263596954,-2.3731298446655273,0.28205129504203796,
90134625,O=c1c(O)c(-c2ccc(O)c(O)c2)oc2cc(O)ccc12,XHEFDIBZLJXQHF-UHFFFAOYSA-N,286.04773804,2.282400000000001,O=c1c(O)c(-c2ccc(O)c(O)c2)oc2cc(O)ccc12,77.27425384521484,22.104125981496374,-3.915860891342163,0.23636363446712494,
19523323,Cc1ccnc(NS(=O)(=O)c2ccc(N)cc2)n1,QPPBRPIAZZHUNT-UHFFFAOYSA-N,264.068096624,1.16802,Cc1ccnc(NS(=O)(=O)c2ccc(N)cc2)n1,58.75274658203125,15.514725646555513,-2.058595895767212,0.3877550959587097,
14319164,CCCCCCCCCCCC(CC1OC(=O)C1CCCCCC)OC(=O)C(CC(C)C)NC=O,AHLBNYSZXLDEJQ-UHFFFAOYSA-N,495.39237379599996,6.881900000000007,CCCCCCCCCCCC(CC1OC(=O)C1CCCCCC)OC(=O)C(CC(C)C)NC=O,157.9346923828125,78.2396363177806,-2.474824905395508,0.2142857164144516,
51404832,C=C(C)C1CCC2(C)CCC3(C)C(CCC4C5(C)CCC(OC(C)=O)C(C)(C)C5CCC43C)C12,ODSSDTBFHAYYMD-UHFFFAOYSA-N,468.3967309039999,8.595600000000006,C=C(C)C1CCC2(C)CCC3(C)C(CCC4C5(C)CCC(OC(C)=O)C(C)(C)C5CCC43C)C12,114.63905334472656,53.69656033327505,-3.287052869796753,0.30263158679008484,
94325157,Cc1nc(-c2ccc(OCC(C)C)c(C#N)c2)sc1C(=O)O,BQSJTQLCZDPROO-UHFFFAOYSA-N,316.08816337199994,3.723200000000002,Cc1nc(-c2ccc(OCC(C)C)c(C#N)c2)sc1C(=O)O,50.53517150878906,15.973569773986027,-2.8228116035461426,0.380952388048172,
65120478,N=C(N)NOCCC(N)C(=O)O,FSBIGDSBMBYOPN-UHFFFAOYSA-N,176.090940244,-1.7969299999999988,N=C(N)NOCCC(N)C(=O)O,345.7535400390625,60.88406255751852,-3.1381845474243164,0.2666666805744171,
23173986,CCC(Cc1c(I)cc(I)c(N)c1I)C(=O)O,OIRFJRBSRORBCM-UHFFFAOYSA-N,570.8002226240001,3.7359000000000018,CCC(Cc1c(I)cc(I)c(N)c1I)C(=O)O,113.40779876708984,64.7331964093069,-2.9817564487457275,0.22641509771347046,
11146605,c1ccc2c(c1)[nH]c1cnccc12,AIFRHYZBTHREPW-UHFFFAOYSA-N,168.068748256,2.7161,c1ccc2c(c1)[nH]c1cnccc12,1047.201416015625,176.00182763543413,-2.2933907508850098,0.260869562625885,
61892884,CCC(=O)OCC(=O)C1(OC(=O)CC)C(C)CC2C3CCC4=CC(=O)C=CC4(C)C3(F)C(O)CC21C,CIWBQSYVNNPZIQ-UHFFFAOYSA-N,504.252331744,3.8175000000000026,CCC(=O)OCC(=O)C1(OC(=O)CC)C(C)CC2C3CCC4=CC(=O)C=CC4(C)C3(F)C(O)CC21C,122.70201110839844,61.87277464002826,-1.8285388946533203,0.17307692766189575,
10214292,N=C1NC(=O)N2CC12,BIXBBIPTYBJTRY-UHFFFAOYSA-N,111.04326178,-0.62893,N=C1NC(=O)N2CC12,1118.4495849609375,124.19628825026491,-2.5372724533081055,0.22499999403953552,
38428954,CC(=O)Oc1ccc(C=Cc2cc(OC(C)=O)cc(OC(C)=O)c2)cc1,PDAYUJSOJIMKIS-UHFFFAOYSA-N,354.11033829599995,3.632900000000002,CC(=O)Oc1ccc(C=Cc2cc(OC(C)=O)cc(OC(C)=O)c2)cc1,252.9501495361328,89.57226733001444,-2.483032703399658,0.2549019753932953,
44999372,CN(Cc1cc(Br)cc(Br)c1N)C1CCCCC1.Cl,UCDKONUHZNTQPY-UHFFFAOYSA-N,409.9760005520001,4.980100000000004,CN(Cc1cc(Br)cc(Br)c1N)C1CCCCC1.Cl,95.14895629882812,39.00878936649423,-2.95918607711792,0.19298245012760162,
10030844,COc1ccc(-c2cc(=O)c3c(OC)c(OC)c(OC)c(OC)c3o2)cc1OC,MRIAQLRQZPPODS-UHFFFAOYSA-N,402.13146766399996,3.5116000000000023,COc1ccc(-c2cc(=O)c3c(OC)c(OC)c(OC)c(OC)c3o2)cc1OC,199.87098693847656,80.37441404008884,-3.0327394008636475,0.25999999046325684,
41580020,O=C(O)CCCCCCCCCCCCC1C=CCC1,XMVQWNRDPAAMJB-UHFFFAOYSA-N,280.240230264,5.718400000000007,O=C(O)CCCCCCCCCCCCC1C=CCC1,263.5508117675781,73.85754191318662,-2.4539785385131836,0.20930232107639313,
65693119,O=C(O)CCc1nc2ccccc2[nH]1,XYWJNTOURDMTPI-UHFFFAOYSA-N,190.07422756,1.5800999999999998,O=C(O)CCc1nc2ccccc2[nH]1,243.03656005859375,46.194985130435775,-2.6303069591522217,0.41860464215278625,
10213451,Cc1ccc(-c2nc3ccc(C)cn3c2CC(=O)N(C)C)cc1,ZAFYATHCZYHLPB-UHFFFAOYSA-N,307.168462292,3.2488400000000013,Cc1ccc(-c2nc3ccc(C)cn3c2CC(=O)N(C)C)cc1,353.9411926269531,108.7195748104045,-2.6940836906433105,0.25,
11676769,COc1cc(NC(C)CCCN)c2ncccc2c1.O=P(O)(O)O.O=P(O)(O)O,GJOHLWZHWQUKAU-UHFFFAOYSA-N,455.12225270399983,0.9255000000000004,COc1cc(NC(C)CCCN)c2ncccc2c1.O=P(O)(O)O.O=P(O)(O)O,14.7860689163208,6.729469159987839,-2.3192267417907715,0.8775510191917419,
42247465,CC(CN1c2ccccc2Sc2ccccc21)N(C)C.Cl,XXPDBLUZJRXNNZ-UHFFFAOYSA-N,320.111397352,4.6612000000000045,CC(CN1c2ccccc2Sc2ccccc21)N(C)C.Cl,44.823570251464844,14.348535087397849,-1.9723783731460571,0.30188679695129395,
55165394,O=C([O-])CCCc1ccccc1.[Na+],VPZRWNZGLKXFOE-UHFFFAOYSA-M,186.065673872,-2.236799999999998,O=C([O-])CCCc1ccccc1.[Na+],210.53091430664062,39.17257506614645,-3.0708811283111572,0.4054054021835327,
70785955,CNC(=O)Oc1ccc2c(c1)C1(C)CCN(C)C1N2C.O=S(=O)(O)O,LLIODTIILSCNOH-UHFFFAOYSA-N,373.130756456,1.1211000000000004,CNC(=O)Oc1ccc2c(c1)C1(C)CCN(C)C1N2C.O=S(=O)(O)O,912.5452880859375,340.4987268101374,-3.4426698684692383,0.22727273404598236,
10693564,COc1ccc2c(c1)OCC(Cc1ccc(OC)c(O)c1)C2=O,NGCXNVIQHUCZIT-UHFFFAOYSA-N,314.115423676,2.8434000000000017,COc1ccc2c(c1)OCC(Cc1ccc(OC)c(O)c1)C2=O,57.614768981933594,18.097687821511897,-2.2866578102111816,0.2698412835597992,
85525712,O=c1oc2c(O)c(O)cc3c(=O)oc4c(O)c(O)cc1c4c23,AFSDNFLWKVMVRB-UHFFFAOYSA-N,302.006267152,1.3127999999999997,O=c1oc2c(O)c(O)cc3c(=O)oc4c(O)c(O)cc1c4c23,653.4093017578125,197.33370429027954,-2.0403928756713867,0.2666666805744171,
58646702,CCCOc1ccc(C(=O)OCCN(CC)CC)cc1N.Cl,BFUUJUGQJUTPAF-UHFFFAOYSA-N,330.17102040400005,2.978000000000001,CCCOc1ccc(C(=O)OCCN(CC)CC)cc1N.Cl,110.0226821899414,36.32630018353273,-2.0687525272369385,0.3055555522441864,
12460091,CC(=O)C1C(=O)C=C(C)OC1=O,PGRHXDWITVMQBC-UHFFFAOYSA-N,168.042258736,0.22130000000000005,CC(=O)C1C(=O)C=C(C)OC1=O,693.8485717773438,116.59588763251593,-2.886765956878662,0.18421052396297455,
49130007,CC(=O)O.Cc1c(-c2ccc(O)cc2)n(Cc2ccc(OCCN3CCCCCC3)cc2)c2ccc(O)cc12,OMZAMQFQZMUNTP-UHFFFAOYSA-N,530.278072316,6.421920000000007,CC(=O)O.Cc1c(-c2ccc(O)cc2)n(Cc2ccc(OCCN3CCCCCC3)cc2)c2ccc(O)cc12,159.97344970703125,84.8304166412998,-2.4503889083862305,0.24390244483947754,
90741016,O=c1n(Cl)c(=O)n(Cl)c(=O)n1Cl,YRIZYWQGELRKNT-UHFFFAOYSA-N,230.9005239,-0.8226,O=c1n(Cl)c(=O)n(Cl)c(=O)n1Cl,4457.765625,1029.3004076661236,-2.5443947315216064,0.1538461595773697,
73886776,COc1c(O)cccc1O,QFYYAIBEHOEZKC-UHFFFAOYSA-N,140.047344116,1.1063999999999996,COc1c(O)cccc1O,442.8427429199219,62.01895124240551,-4.24847412109375,0.28205129504203796,
70810924,CCOc1cc(CC(=O)NC(CC(C)C)c2ccccc2N2CCCCC2)ccc1C(=O)O,FAEKWTJYAYMJKF-UHFFFAOYSA-N,452.267507632,5.219900000000005,CCOc1cc(CC(=O)NC(CC(C)C)c2ccccc2N2CCCCC2)ccc1C(=O)O,288.7439270019531,130.58950343359092,-2.302529811859131,0.2705882489681244,
78589373,CC(C)CCCC(C)C1CCC2C3CC(=O)C4CC(O)CCC4(C)C3CCC12C,JQMQKOQOLPGBBE-UHFFFAOYSA-N,402.349780712,6.647600000000009,CC(C)CCCC(C)C1CCC2C3CC(=O)C4CC(O)CCC4(C)C3CCC12C,233.77716064453125,94.0601912393544,-2.6971359252929688,0.1875,
82780550,CN1CCN(CCCN2c3ccccc3Sc3ccc(Cl)cc32)CC1.O=S(=O)(O)CCS(=O)(=O)O,SWOUGRBFXFILIB-UHFFFAOYSA-N,563.0985263599999,3.342200000000001,CN1CCN(CCCN2c3ccccc3Sc3ccc(Cl)cc32)CC1.O=S(=O)(O)CCS(=O)(=O)O,51.774349212646484,29.15405966098104,-2.0463173389434814,0.28169015049934387,
98996125,Cl.Fc1ccc(C2CCNCC2COc2ccc3c(c2)OCO3)cc1,GELRVIPPMNMYGS-UHFFFAOYSA-N,365.11939943199997,3.748300000000002,Cl.Fc1ccc(C2CCNCC2COc2ccc3c(c2)OCO3)cc1,86.98130798339844,31.758564194951365,-2.463217258453369,0.2142857164144516,
89954262,COc1ccc2cc1Oc1ccc(cc1)CC1c3c(cc4c(c3Oc3cc5c(cc3OC)CCN(C)C5C2)OCO4)CCN1C,YVPXVXANRNDGTA-UHFFFAOYSA-N,606.2729869359999,6.873900000000009,COc1ccc2cc1Oc1ccc(cc1)CC1c3c(cc4c(c3Oc3cc5c(cc3OC)CCN(C)C5C2)OCO4)CCN1C,192.24432373046875,116.55253877954844,-2.733438730239868,0.20454545319080353,
11479197,COC1CC(OC2C(C)=CCC3CC(CC4(CCC(C)C(C5CCCCC5)O4)O3)OC(=O)C3C=C(C)C(=NO)C4OCC(=CC=CC2C)C34O)OC(C)C1O,AFJYYKSVHJGXSN-UHFFFAOYSA-N,769.4401118359999,6.069800000000008,COC1CC(OC2C(C)=CCC3CC(CC4(CCC(C)C(C5CCCCC5)O4)O3)OC(=O)C3C=C(C)C(=NO)C4OCC(=CC=CC2C)C34O)OC(C)C1O,5822.21923828125,4479.8491245681735,-3.6911492347717285,0.1773049682378769,
54397532,COc1cc(C=CC(=O)O)ccc1O,KSEBMYQBYZTDHS-UHFFFAOYSA-N,194.0579088,1.4986,COc1cc(C=CC(=O)O)ccc1O,125.10997772216797,24.27857925876818,-2.9379827976226807,0.3137255012989044,
37727657,CCC(c1cccc(O)c1)C(C)CN(C)C.Cl,ZELFLGGRLLOERW-UHFFFAOYSA-N,257.154642068,3.505300000000003,CCC(c1cccc(O)c1)C(C)CN(C)C.Cl,200.3236846923828,51.514165772020036,-2.4034061431884766,0.23076923191547394,
52933413,CC(C)NCC(O)c1cc(O)cc(O)c1,LMOINURANNBYCM-UHFFFAOYSA-N,211.120843404,1.1291999999999998,CC(C)NCC(O)c1cc(O)cc(O)c1,390.9046325683594,82.5281162720492,-2.584986925125122,0.21666666865348816,
22185018,C#CCCCCCCCCCCCC(O)CC(O)COC(C)=O,JAKAZHIACKJNNB-UHFFFAOYSA-N,326.24570956799994,3.585700000000002,C#CCCCCCCCCCCCC(O)CC(O)COC(C)=O,1113.47802734375,363.2674023617733,-2.6550002098083496,0.1818181872367859,
57648397,COC(=O)C1=C(C)NC(C)=C(C(=O)OCC(C)C)C1c1ccccc1[N+](=O)[O-],VKQFCGNPDRICFG-UHFFFAOYSA-N,388.16343648799995,3.201800000000002,COC(=O)C1=C(C)NC(C)=C(C(=O)OCC(C)C)C1c1ccccc1[N+](=O)[O-],458.663818359375,178.0365250376273,-2.2655038833618164,0.3205128312110901,
56190090,CCCCCC1C(=O)OC(C)C(NC(=O)c2cccc(NC=O)c2O)C(=O)OC(C)C1OC(=O)CC(C)C,ZVYMCLIDNNTNCL-UHFFFAOYSA-N,534.2577307959999,3.090300000000001,CCCCCC1C(=O)OC(C)C(NC(=O)c2cccc(NC=O)c2O)C(=O)OC(C)C1OC(=O)CC(C)C,2.0352625846862793,1.0873548646060873,-2.3353912830352783,0.208695650100708,
17112874,CN1C(=O)C(O)N=C(c2ccccc2)c2cc(Cl)ccc21,SEQDDYPDSLOBDC-UHFFFAOYSA-N,300.066555336,2.4722,CN1C(=O)C(O)N=C(c2ccccc2)c2cc(Cl)ccc21,67.66643524169922,20.30443368770919,-2.3210031986236572,0.30666667222976685,
59719187,COc1cc2c(=O)c(-c3ccc4c(c3)OCO4)coc2c2c1OC(C)(C)C=C2,SQBVRNCDBATODN-UHFFFAOYSA-N,378.110338296,4.3815000000000035,COc1cc2c(=O)c(-c3ccc4c(c3)OCO4)coc2c2c1OC(C)(C)C=C2,99.55401611328125,37.64240311698659,-1.8599222898483276,0.375,
97962227,COc1cccc(C(=O)c2ccccc2)c1,VMFJVWPCRCAWBS-UHFFFAOYSA-N,212.083729624,2.9262000000000015,COc1cccc(C(=O)c2ccccc2)c1,716.0797729492188,151.8688686519892,-2.669398784637451,0.3863636255264282,
68663062,Clc1ccc(C(c2ccccc2Cl)C(Cl)Cl)cc1,JWBOIMRXGHLCPP-UHFFFAOYSA-N,317.95366104,5.929000000000002,Clc1ccc(C(c2ccccc2Cl)C(Cl)Cl)cc1,339.6639709472656,107.99739724900067,-2.2576396465301514,0.1964285671710968,
90308719,O=C(OCC(O)CO)c1ccccc1Nc1ccnc2cc(Cl)ccc12,GWOFUCIGLDBNKM-UHFFFAOYSA-N,372.087684704,3.141800000000001,O=C(OCC(O)CO)c1ccccc1Nc1ccnc2cc(Cl)ccc12,336.930419921875,125.36766136319144,-2.3589391708374023,0.3571428656578064,
15769992,Cl.NC(Cc1ccc(O)cc1)C(=O)O,JJWFIVDAMOFNPS-UHFFFAOYSA-N,217.050570924,0.7684000000000001,Cl.NC(Cc1ccc(O)cc1)C(=O)O,63.392757415771484,13.75943439653539,-3.4040627479553223,0.529411792755127,
45588709,CC1(C)OC2COC3(COS(N)(=O)=O)OC(C)(C)OC3C2O1,KJADKKWYZYXHBB-UHFFFAOYSA-N,339.098787632,-0.3953999999999982,CC1(C)OC2COC3(COS(N)(=O)=O)OC(C)(C)OC3C2O1,29.23212432861328,9.912577763098719,-2.0498430728912354,0.12820513546466827,
74350411,COc1ccc2c(=O)ccoc2c1,ZIPLCYUNFCYCCT-UHFFFAOYSA-N,176.047344116,1.8016,COc1ccc2c(=O)ccoc2c1,1896.2607421875,333.8316667419771,-2.1920320987701416,0.2786885201931,
15926351,O=c1c(-c2ccc(O)cc2)coc2c(C3OC(CO)C(O)C(O)C3O)c(O)ccc12,HKEAFJYKMMKDOR-UHFFFAOYSA-N,416.11073221999993,0.3860999999999998,O=c1c(-c2ccc(O)cc2)coc2c(C3OC(CO)C(O)C(O)C3O)c(O)ccc12,27.929122924804688,11.621608026123122,-1.935727596282959,0.2537313401699066,
52306803,CCOC(=O)C(CCc1ccccc1)NC(C)C(=O)N1Cc2cc(OC)c(OC)cc2CC1C(=O)O.Cl,JXRAXHBVZQZSIC-UHFFFAOYSA-N,534.2132791399999,3.0061000000000013,CCOC(=O)C(CCc1ccccc1)NC(C)C(=O)N1Cc2cc(OC)c(OC)cc2CC1C(=O)O.Cl,693.1423950195312,370.28588194364664,-1.6166203022003174,0.260869562625885,
17416214,CCCCC(CC)COC(=O)c1ccccc1O,FMRHJJZUHUTGKE-UHFFFAOYSA-N,250.156894564,3.7654000000000036,CCCCC(CC)COC(=O)c1ccccc1O,34.248966217041016,8.567615157621686,-2.1783692836761475,0.2800000011920929,
19172416,COc1ccc(-c2coc3cc(OC)cc(OC)c3c2=O)cc1,PVVORTURQPBPEQ-UHFFFAOYSA-N,312.099773612,3.485800000000002,COc1ccc(-c2coc3cc(OC)cc(OC)c3c2=O)cc1,569.4126586914062,177.71355874415875,-2.4930970668792725,0.2647058963775635,
16465674,CC1=CC2C(CC1=O)C2(C)C,CTZWGIMYGKDLPH-UHFFFAOYSA-N,150.104465068,2.1776999999999997,CC1=CC2C(CC1=O)C2(C)C,1097.5302734375,164.7441904388993,-1.2883777618408203,0.18965516984462738,
17738712,CCOC(=O)N1CCC(=C2c3ccc(Cl)cc3CCc3cccnc32)CC1,JCCNYMKQOSZNPW-UHFFFAOYSA-N,382.144805656,4.887800000000005,CCOC(=O)N1CCC(=C2c3ccc(Cl)cc3CCc3cccnc32)CC1,10.970248222351074,4.192223255346002,-1.97281813621521,0.4067796468734741,
90035406,O=C(O)c1ccc2c(c1)OCO2,VDVJGIYXDVPQLP-UHFFFAOYSA-N,166.026608672,1.1134999999999997,O=C(O)c1ccc2c(c1)OCO2,206.67291259765625,34.31320183294166,-2.424757957458496,0.41999998688697815,
19526066,CCCC(C)C1(CC)C(=O)N=C([S-])NC1=O.[Na+],AWLILQARPMWUHA-UHFFFAOYSA-M,264.090843064,-1.617699999999997,CCCC(C)C1(CC)C(=O)N=C([S-])NC1=O.[Na+],592.3449096679688,156.43285877132652,-1.4276751279830933,0.1492537260055542,
11452537,CC(O)(CC(=O)O)CC(=O)O,NPOAOTPXWNWTSH-UHFFFAOYSA-N,162.05282342,-0.3132,CC(O)(CC(=O)O)CC(=O)O,803.247314453125,130.1684981480282,-2.6961095333099365,0.20512820780277252,
10226532,Nc1ccc(S(=O)(=O)Nc2ccnn2-c2ccccc2)cc1,QWCJHSGMANYXCW-UHFFFAOYSA-N,314.08374668799996,2.2553,Nc1ccc(S(=O)(=O)Nc2ccnn2-c2ccccc2)cc1,8.070898056030273,2.5349379590775403,-2.5214474201202393,0.3333333432674408,
11453769,COc1ccc(C(C)C(=O)c2ccc(O)cc2O)cc1,CCOJFDRSZSSKOG-UHFFFAOYSA-N,272.104858992,3.092800000000002,COc1ccc(C(C)C(=O)c2ccc(O)cc2O)cc1,628.787109375,171.09602526722722,-1.9800360202789307,0.29230770468711853,
46927055,CCCCOc1ccc(CC(=O)NO)cc1,MXJWRABVEGLYDG-UHFFFAOYSA-N,223.120843404,1.9134,CCCCOc1ccc(CC(=O)NO)cc1,81.96088409423828,18.287182170401632,-2.279092788696289,0.36734694242477417,
31475358,CCC(C)C(C(=O)OCC[N+](C)(CC)CC)c1ccccc1.[Br-],CEJGGHKJHDHLAZ-UHFFFAOYSA-M,385.161641364,0.8499000000000017,CCC(C)C(C(=O)OCC[N+](C)(CC)CC)c1ccccc1.[Br-],138.95883178710938,53.52160975880866,-3.3567256927490234,0.29411765933036804,
18994356,CCCCCCCCCCCCCCCC(=O)OCC=C(C)C=CC=C(C)C=CC1=C(C)CCCC1(C)C,VYGQUTWHTHXGQB-UHFFFAOYSA-N,524.45933116,11.542499999999986,CCCCCCCCCCCCCCCC(=O)OCC=C(C)C=CC=C(C)C=CC1=C(C)CCCC1(C)C,6.081535816192627,3.1895182749676843,-1.7784167528152466,0.18840579688549042,
60006572,Nc1nc2ncc(=O)[nH]c2c(=O)[nH]1,VURKRJGMSKJIQX-UHFFFAOYSA-N,179.0443244,-1.4114000000000007,Nc1nc2ncc(=O)[nH]c2c(=O)[nH]1,613.5182495117188,109.84695844189663,-1.8876956701278687,0.2542372941970825,
45089598,CC(CCC(=O)O)C1CCC2C3CCC4CC(O)CCC4(C)C3CC(O)C12C,KXGVEGMKQFWNSR-UHFFFAOYSA-N,392.29265975999994,4.477900000000005,CC(CCC(=O)O)C1CCC2C3CCC4CC(O)CCC4(C)C3CC(O)C12C,141.13394165039062,55.365812298634914,-2.1160728931427,0.23749999701976776,
21987690,CC(=O)NC(Cc1ccccc1)C(=O)O,CBQJSKKFNMDLON-UHFFFAOYSA-N,207.089543276,0.8183999999999998,CC(=O)NC(Cc1ccccc1)C(=O)O,114.88602447509766,23.79169405344286,-2.871464252471924,0.5789473652839661,
29828597,CC(C)c1cccc(C(C)C)c1O,OLBCVFGFOZPWHH-UHFFFAOYSA-N,178.135765196,3.6390000000000025,CC(C)c1cccc(C(C)C)c1O,900.314697265625,160.37824598566564,-3.257737636566162,0.2631579041481018,
58679613,CCCCOCCOCCOCc1cc2c(cc1CCC)OCO2,FIPWRIJSWJWJAI-UHFFFAOYSA-N,338.2093240599999,3.7177000000000024,CCCCOCCOCCOCc1cc2c(cc1CCC)OCO2,102.89012145996094,34.79840010460895,-1.9433451890945435,0.24137930572032928,
58751177,CCN(CC)CCOc1ccc(C(=C(Cl)c2ccccc2)c2ccccc2)cc1.O=C(O)CC(O)(CC(=O)O)C(=O)O,PYTMYKVIJXPNBD-UHFFFAOYSA-N,597.2129447919999,5.314100000000005,CCN(CC)CCOc1ccc(C(=C(Cl)c2ccccc2)c2ccccc2)cc1.O=C(O)CC(O)(CC(=O)O)C(=O)O,1397.419677734375,834.5571288236866,-2.2431843280792236,0.29487180709838867,
65314068,COc1ccc(-n2nc(CCC(=O)N(C)O)cc2-c2ccc(Cl)cc2)cc1,XYKWNRUXCOIMFZ-UHFFFAOYSA-N,385.11931918,3.9815000000000023,COc1ccc(-n2nc(CCC(=O)N(C)O)cc2-c2ccc(Cl)cc2)cc1,120.54595947265625,46.424578415881754,-3.4178712368011475,0.4354838728904724,
56270100,Nc1nc(S)c2nc[nH]c2n1,WYWHKKSPHMUBEB-UHFFFAOYSA-N,167.02656616,0.2237999999999999,Nc1nc(S)c2nc[nH]c2n1,444.458251953125,74.2363346694729,-2.4844350814819336,0.18000000715255737,
89425968,COc1ccc(C(C)=O)c(O)c1,UILPJVPSNHJFIK-UHFFFAOYSA-N,166.06299418,1.6034,COc1ccc(C(C)=O)c(O)c1,443.6223449707031,73.6692558412079,-2.7130143642425537,0.3488371968269348,
36336219,CC(C)c1cc2c(c(O)c1O)C1(C(=O)O)CCCC(C)(C)C1CC2,QRYRORQUOLYVBU-UHFFFAOYSA-N,332.198759376,4.316100000000004,CC(C)c1cc2c(c(O)c1O)C1(C(=O)O)CCCC(C)(C)C1CC2,25.057580947875977,8.324097714710316,-3.227782726287842,0.18987341225147247,
92828422,O=C([O-])c1ccccc1-c1c2cc(I)c(=O)c(I)c-2oc2c(I)c([O-])c(I)cc12.[Na+].[Na+],IINNWAYUJNWZRM-UHFFFAOYSA-L,879.6189538520001,-1.5716999999999999,O=C([O-])c1ccccc1-c1c2cc(I)c(=O)c(I)c-2oc2c(I)c([O-])c(I)cc12.[Na+].[Na+],1.756792426109314,1.545307912712556,-2.348667860031128,0.19402985274791718,
87925522,COC1C(C(=O)O)OC(C)C(O)C1O.COC1OC(C(=O)O)C(O)C(O)C1O,IJOSDFFZUBPEOH-UHFFFAOYSA-N,414.1373408919999,-3.8798999999999952,COC1C(C(=O)O)OC(C)C(O)C1O.COC1OC(C(=O)O)C(O)C(O)C1O,187.07049560546875,77.47288101585963,-2.551097869873047,0.1803278625011444,
38020515,C[N+](C)(C)CCCCCC[N+](C)(C)C.[Br-].[Br-],FAPSXSAPXXJTOU-UHFFFAOYSA-L,360.07757316,-4.032799999999993,C[N+](C)(C)CCCCCC[N+](C)(C)C.[Br-].[Br-],4114.47412109375,1481.5299195380603,-1.9417824745178223,0.29032257199287415,
78651257,CC12CCC3C(CCC4CC(=O)CCC43C)C1CCC2=O,RAJWOBJTTGJROA-UHFFFAOYSA-N,288.208930136,4.167300000000004,CC12CCC3C(CCC4CC(=O)CCC43C)C1CCC2=O,615.8855590820312,177.50371710724335,-2.080214500427246,0.1805555522441864,
94569870,CC(C)(C)NCC(O)COc1ccccc1C1CCCC1.O=S(=O)(O)O,KTXVDQNRHZQBOR-UHFFFAOYSA-N,389.1872087119999,2.8192000000000004,CC(C)(C)NCC(O)COc1ccccc1C1CCCC1.O=S(=O)(O)O,3.212263345718384,1.2501718037181724,-2.1944997310638428,0.26923078298568726,
68151575,CC(=O)c1c(O)cc(O)cc1O,XLEYFDVVXLMULC-UHFFFAOYSA-N,168.042258736,1.006,CC(=O)c1c(O)cc(O)cc1O,1073.75390625,180.43603958547493,-3.5121569633483887,0.2195121943950653,
52802900,CCCCCCCCCCCCCCCC(=O)OC1C(SC)OC(C(NC(=O)C2CC(CCC)CN2C)C(C)Cl)C(O)C1O.Cl,GTNDZRUWKHDICY-UHFFFAOYSA-N,698.3862141280001,6.8435000000000095,CCCCCCCCCCCCCCCC(=O)OC1C(SC)OC(C(NC(=O)C2CC(CCC)CN2C)C(C)Cl)C(O)C1O.Cl,3.1722233295440674,2.2154371299463076,-2.154069423675537,0.23749999701976776,
10465153,CN1CCCCC1c1ccc(-c2cccnc2)nc1.Cl,PFWHFUPRJSEODI-UHFFFAOYSA-N,289.13457531999995,3.722200000000003,CN1CCCCC1c1ccc(-c2cccnc2)nc1.Cl,633.7929077148438,183.25143438927228,-2.424808979034424,0.2278480976819992,
29716617,CC(C)NCC(O)c1ccc2ccccc2c1.Cl,QONLGXRPRAIDGI-UHFFFAOYSA-N,265.12334194,3.2930000000000024,CC(C)NCC(O)c1ccc2ccccc2c1.Cl,784.0045776367188,207.85791144373314,-2.2405190467834473,0.2537313401699066,
24491790,CC(O)C(=O)[O-].[Na+],NGSFWBMYFKHRBD-UHFFFAOYSA-M,112.01363830000001,-4.878899999999999,CC(O)C(=O)[O-].[Na+],1811.0831298828125,202.86601822646693,-2.3553202152252197,0.26923078298568726,
22196896,CCC1OC(=O)CC(O)C(C)C(OC2OC(C)C(O)C(N(C)C)C2O)C(CCN2CC(C)CC(C)C2)CC(C)C(=O)C=CC(C)=CC1COC1OC(C)C(O)C(OC)C1OC,JTSDBFGMPLKDCD-UHFFFAOYSA-N,868.5660406200002,3.341400000000009,CCC1OC(=O)CC(O)C(C)C(OC2OC(C)C(O)C(N(C)C)C2O)C(CCN2CC(C)CC(C)C2)CC(C)C(=O)C=CC(C)=CC1COC1OC(C)C(O)C(OC)C1OC,272.4101867675781,236.60623506736502,-1.430512547492981,0.18382352590560913,
24782238,CC12CCC3C(CCC45OC4C(O)=C(C#N)CC35C)C1CCC2O,KVJXBPDAXMEYOA-UHFFFAOYSA-N,329.199093724,3.466880000000002,CC12CCC3C(CCC45OC4C(O)=C(C#N)CC35C)C1CCC2O,582.5221557617188,191.76576512301114,-2.1341991424560547,0.18518517911434174,
15309132,CC(=O)OC1CCC2(C)C(=CCC3C2CCC2(C)C(C(C)CCCC(C)C)CCC32)C1,XUGISPSHIFXEHZ-UHFFFAOYSA-N,428.365430776,7.95950000000001,CC(=O)OC1CCC2(C)C(=CCC3C2CCC2(C)C(C(C)CCCC(C)C)CCC32)C1,671.590576171875,287.68618238175617,-2.528064250946045,0.1756756752729416,
89154595,CCCCC1C(=O)N(c2ccccc2)N(c2ccc(O)cc2)C1=O,HFHZKZSRXITVMK-UHFFFAOYSA-N,324.14739249999997,3.493400000000002,CCCCC1C(=O)N(c2ccccc2)N(c2ccc(O)cc2)C1=O,8.268696784973145,2.6802763307510524,-3.381115198135376,0.3050847351551056,
89765251,CC(=O)Nc1ccc(S(=O)(=O)Nc2onc(C)c2C)cc1,UTVCPAPWORAKEV-UHFFFAOYSA-N,309.07832696,2.0506399999999996,CC(=O)Nc1ccc(S(=O)(=O)Nc2onc(C)c2C)cc1,89.19054412841797,27.566863717723386,-2.797555685043335,0.38181817531585693,
41980728,CC(C)C(=O)Nc1ccc([N+](=O)[O-])c(C(F)(F)F)c1,MKXKFYHWDHIYRV-UHFFFAOYSA-N,276.07217687200006,3.2081000000000017,CC(C)C(=O)Nc1ccc([N+](=O)[O-])c(C(F)(F)F)c1,192.47569274902344,53.13718313015509,-2.7033324241638184,0.3571428656578064,
81286572,N=C(N)NS(=O)(=O)c1ccc(N)cc1,BRBKOPJOKNSWSG-UHFFFAOYSA-N,214.05244656,-0.5594299999999999,N=C(N)NS(=O)(=O)c1ccc(N)cc1,99.153564453125,21.224062826682694,-2.4154391288757324,0.25,
85541138,COC(=O)c1c(C)cc(OC(=O)c2c(C)cc(O)c(C=O)c2O)c(C)c1O,YLOYKYXNDHOHHT-UHFFFAOYSA-N,374.10016753599996,2.546960000000001,COC(=O)c1c(C)cc(OC(=O)c2c(C)cc(O)c(C=O)c2O)c(C)c1O,419.3353271484375,156.87341926172888,-1.952056646347046,0.2786885201931,
50732540,Cl.NCCCC(N)(C(=O)O)C(F)F.O,FJPAMFNRCFEGSD-UHFFFAOYSA-N,236.07392646,-0.6304000000000001,Cl.NCCCC(N)(C(=O)O)C(F)F.O,417.3957214355469,98.53625140593115,-4.29826545715332,0.2291666716337204,
90215328,CC12CCC3C(CC=C4CC(O)CCC43C)C1CCC2=O,FMGSKLZLMKYGDP-UHFFFAOYSA-N,288.208930136,3.8792000000000026,CC12CCC3C(CC=C4CC(O)CCC43C)C1CCC2=O,2594.972900390625,747.8943485111923,-2.31860089302063,0.203125,
74796649,Cl.N=C(N)NCCCC(N)C(=O)O,KWTQSFXGGICVPE-UHFFFAOYSA-N,210.0883534,-0.9166299999999994,Cl.N=C(N)NCCCC(N)C(=O)O,323.4593811035156,67.95504996995587,-2.7283661365509033,0.34545454382896423,
44260845,COC(=O)Nc1nc2ccc(S(=O)c3ccccc3)cc2[nH]1,BEZZFPOZAYTVHN-UHFFFAOYSA-N,315.06776227600005,2.9079000000000006,COC(=O)Nc1nc2ccc(S(=O)c3ccccc3)cc2[nH]1,229.5130615234375,72.31216749604246,-3.7258284091949463,0.6222222447395325,
39097698,CC(=O)OC1CC23CC24CCC(OC2OCC(O)C(O)C2O)C(C)(C)C4CCC3C2(C)CC3OC4(CC(C)C3C12C)OC(O)C1(C)OC41,NEWMWGLPJQHSSQ-UHFFFAOYSA-N,676.3822626120001,3.028600000000001,CC(=O)OC1CC23CC24CCC(OC2OCC(O)C(O)C2O)C(C)(C)C4CCC3C2(C)CC3OC4(CC(C)C3C12C)OC(O)C1(C)OC41,5.425054550170898,3.669410691595881,-1.7909302711486816,0.15238095819950104,
15858853,Cc1cc(O)cc(O)c1C(=O)O,AMKYESDOVDKZKV-UHFFFAOYSA-N,168.042258736,1.1044199999999997,Cc1cc(O)cc(O)c1C(=O)O,322.31817626953125,54.16307272935997,-2.0483736991882324,0.25581395626068115,
81856970,CC1=C2C(=COC(C)C2C)C(O)=C(C(=O)O)C1=O,CQIUKKVOEOPUDV-UHFFFAOYSA-N,250.084123548,1.721,CC1=C2C(=COC(C)C2C)C(O)=C(C(=O)O)C1=O,125.06568145751953,31.276942048733545,-3.266423225402832,0.21052631735801697,
48445008,NC(CC(=O)N1CCn2c(nnc2C(F)(F)F)C1)Cc1cc(F)c(F)cc1F.O.O=P(O)(O)O,GQPYTJVDPQTBQC-UHFFFAOYSA-N,523.1055393099999,0.2631999999999995,NC(CC(=O)N1CCn2c(nnc2C(F)(F)F)C1)Cc1cc(F)c(F)cc1F.O.O=P(O)(O)O,259.5936279296875,135.79486885529525,-2.4374396800994873,0.20000000298023224,
24046777,COc1cc(C2c3cc4c(cc3C(O)C3COC(=O)C23)OCO4)cc(OC)c1OC,YJGVMLPVUAXIQN-UHFFFAOYSA-N,414.1314676639999,2.4092000000000002,COc1cc(C2c3cc4c(cc3C(O)C3COC(=O)C23)OCO4)cc(OC)c1OC,23.207035064697266,9.61076342976259,-2.663606643676758,0.28169015049934387,
84234915,NCC1(CC(=O)O)CCCCC1,UGJMXCAKCUNAIE-UHFFFAOYSA-N,171.125928784,1.3702999999999994,NCC1(CC(=O)O)CCCCC1,1060.678955078125,181.50967198218035,-3.2731289863586426,0.2222222238779068,
43283249,CCCCC(=O)OC1CCC2C3CCc4cc(O)ccc4C3CCC12C,RSEPBGGWRJCQGY-UHFFFAOYSA-N,356.23514488399996,5.350300000000006,CCCCC(=O)OC1CCC2C3CCc4cc(O)ccc4C3CCC12C,6.106191635131836,2.175239947701836,-2.4917800426483154,0.19117647409439087,
49099702,CCCC1CC(C(=O)NC(C(C)O)C2OC(SC)C(O)C(O)C2O)N(C)C1.Cl,POUMFISTNHIPTI-UHFFFAOYSA-N,442.19043551999994,-0.435199999999998,CCCC1CC(C(=O)NC(C(C)O)C2OC(SC)C(O)C(O)C2O)N(C)C1.Cl,207.2593994140625,91.64812509406886,-3.2635576725006104,0.23076923191547394,
39949682,CC1(C)CCCC2(C)C1CCC1(C)OC(=O)CC12,IMKJGXCIJJXALX-UHFFFAOYSA-N,250.193280072,3.934600000000003,CC1(C)CCCC2(C)C1CCC1(C)OC(=O)CC12,1503.714111328125,376.2191591228548,-1.896073579788208,0.17391304671764374,
43229521,CNCCCC12CCC(c3ccccc31)c1ccccc12.Cl,NZDMFGKECODQRY-UHFFFAOYSA-N,313.159727448,4.633200000000005,CNCCCC12CCC(c3ccccc31)c1ccccc12.Cl,133.50193786621094,41.807428646716566,-1.9133175611495972,0.1690140813589096,
41346247,CCC(C)C1OC2(CCC1C)CC1CC(CC=C(C)C(OC3CC(OC)C(OC4CC(OC)C(O)C(C)O4)C(C)O3)C(C)C=CC=C3COC4C(O)C(C)=CC(C(=O)O1)C34O)O2,AZSNMRSAGSSBNP-UHFFFAOYSA-N,874.5078570480001,5.601400000000008,CCC(C)C1OC2(CCC1C)CC1CC(CC=C(C)C(OC3CC(OC)C(OC4CC(OC)C(O)C(C)O4)C(C)O3)C(C)C=CC=C3COC4C(O)C(C)=CC(C(=O)O1)C34O)O2,767.5763549804688,671.2515374687667,-1.6475573778152466,0.18493150174617767,
10917543,COP(=O)(OC)C(O)C(Cl)(Cl)Cl,NFACJZMKEDPNKN-UHFFFAOYSA-N,255.92257840599999,2.1609000000000003,COP(=O)(OC)C(O)C(Cl)(Cl)Cl,514.5402221679688,131.68246877112688,-1.5547959804534912,0.1702127605676651,
52695011,Cc1nc2ccccn2c(=O)c1CCN1CCC(C(=O)c2ccc(F)cc2)CC1,HXCNRYXBZNHDNE-UHFFFAOYSA-N,393.18525522799996,3.2794200000000027,Cc1nc2ccccn2c(=O)c1CCN1CCC(C(=O)c2ccc(F)cc2)CC1,652.1907958984375,256.4318079174157,-2.2945828437805176,0.2702702581882477,
12096187,COc1cc(NS(=O)(=O)c2ccc(N)cc2)ncn1,WMPXPUYPYQKQCX-UHFFFAOYSA-N,280.063011244,0.8682000000000001,COc1cc(NS(=O)(=O)c2ccc(N)cc2)ncn1,120.91022491455078,33.86248234748066,-1.9830008745193481,0.3684210479259491,
33677831,N#Cc1nn(-c2c(Cl)cc(C(F)(F)F)cc2Cl)c(N)c1S(=O)C(F)(F)F,ZOCSXAVNDGMNBV-UHFFFAOYSA-N,435.938706428,4.279179999999999,N#Cc1nn(-c2c(Cl)cc(C(F)(F)F)cc2Cl)c(N)c1S(=O)C(F)(F)F,1032.32421875,450.0301261105255,-3.0356533527374268,0.18918919563293457,
76885418,CN(C)CCCN1c2ccccc2CCc2ccc(Cl)cc21.Cl,WIMWMKZEIBHDTH-UHFFFAOYSA-N,350.131654128,4.950200000000005,CN(C)CCCN1c2ccccc2CCc2ccc(Cl)cc21.Cl,203.07569885253906,71.1032331906874,-3.0340211391448975,0.30158731341362,
32629727,Cl.N#Cc1ccc2[nH]cc(CCCCN3CCN(c4ccc5oc(C(N)=O)cc5c4)CC3)c2c1,RPZBRGFNBNQSOP-UHFFFAOYSA-N,477.19315281599995,4.451380000000002,Cl.N#Cc1ccc2[nH]cc(CCCCN3CCN(c4ccc5oc(C(N)=O)cc5c4)CC3)c2c1,3.1779160499572754,1.5164798343718549,-1.7469137907028198,0.2409638613462448,
23341536,COc1cc2c(cc1OC)Cc1cc(OC)c(OC)cc1Cc1cc(OC)c(OC)cc1C2,YECHEDVCXXVLIY-UHFFFAOYSA-N,450.20423867999995,4.824000000000004,COc1cc2c(cc1OC)Cc1cc(OC)c(OC)cc1Cc1cc(OC)c(OC)cc1C2,834.7390747070312,375.8030760651499,-2.2431461811065674,0.3030303120613098,
95131252,COC(=O)CC1C2(C)CC34OC5(C)OC6(C7C(=C(O)C(C)C)C(=O)OC(c8ccoc8)C7(C)C(OC(C)=O)C(OC(C)=O)C6(O5)C13C)C(OC(C)=O)C4(O)C2OC(=O)C(C)C,KVAGRMDUXLYLAZ-UHFFFAOYSA-N,858.3310148880001,3.665600000000003,COC(=O)CC1C2(C)CC34OC5(C)OC6(C7C(=C(O)C(C)C)C(=O)OC(c8ccoc8)C7(C)C(OC(C)=O)C(OC(C)=O)C6(O5)C13C)C(OC(C)=O)C4(O)C2OC(=O)C(C)C,1.1613123416900635,0.9967903952491108,-1.7163434028625488,0.16535432636737823,
96649355,Cc1cc(OC(=O)c2c(C)cc(O)cc2O)cc(O)c1C(=O)O,HEMSJKZDHNSSEW-UHFFFAOYSA-N,318.073952788,2.337640000000001,Cc1cc(OC(=O)c2c(C)cc(O)cc2O)cc(O)c1C(=O)O,177.79074096679688,56.550605378863395,-1.7742557525634766,0.22807016968727112,
55108940,CC(=O)NS(=O)(=O)c1ccc(NC(=O)c2ccccc2C(=O)O)cc1,SNWQKAWITMVCQW-UHFFFAOYSA-N,362.0572571679999,1.4619000000000002,CC(=O)NS(=O)(=O)c1ccc(NC(=O)c2ccccc2C(=O)O)cc1,172.26016235351562,62.36804293688235,-2.1118452548980713,0.3076923191547394,
88001241,CC1CC2C3CCC4=CC(=O)C=CC4(C)C3(Cl)C(O)CC2(C)C1(OC(=O)c1ccco1)C(=O)CCl,WOFMFGQZHJDGCX-UHFFFAOYSA-N,520.1419440399999,4.869200000000005,CC1CC2C3CCC4=CC(=O)C=CC4(C)C3(Cl)C(O)CC2(C)C1(OC(=O)c1ccco1)C(=O)CCl,133.2921905517578,69.33086308730951,-1.8914872407913208,0.20202019810676575,
54934725,NNCCc1ccccc1.O=S(=O)(O)O,RXBKMJIPNDOHFR-UHFFFAOYSA-N,234.067427928,0.0395999999999993,NNCCc1ccccc1.O=S(=O)(O)O,284.1217956542969,66.50366161028363,-2.727926731109619,0.3947368562221527,
91899664,Cc1ccc(C(=CCN2CCCC2)c2ccccn2)cc1.Cl,WYUYEJNGHIOFOC-UHFFFAOYSA-N,314.154976416,4.339320000000004,Cc1ccc(C(=CCN2CCCC2)c2ccccn2)cc1.Cl,211.59353637695312,66.4731631043832,-3.828792095184326,0.23333333432674408,
39253644,CN(C(=O)CN(CCO)CC(=O)N(C)C(C)(C)Cc1ccccc1)C(C)(C)Cc1ccccc1,FTLDJPRFCGDUFH-UHFFFAOYSA-N,467.314792172,3.2401000000000018,CN(C(=O)CN(CCO)CC(=O)N(C)C(C)(C)Cc1ccccc1)C(C)(C)Cc1ccccc1,199.6103515625,93.28087040147567,-2.397030830383301,0.33898305892944336,
55173679,Nc1ccccc1C(=O)CC(N)C(=O)O,YGPSJZOEDVAXAB-UHFFFAOYSA-N,208.084792244,0.2535000000000001,Nc1ccccc1C(=O)CC(N)C(=O)O,311.1287841796875,64.74117069927749,-2.7798120975494385,0.3499999940395355,
41768657,COc1cccc(-c2cc(=O)c3cc(OC)ccc3o2)c1,LLLIKVGWTVPYAL-UHFFFAOYSA-N,282.089208928,3.4772000000000025,COc1cccc(-c2cc(=O)c3cc(OC)ccc3o2)c1,367.974609375,103.80166639692825,-3.274897813796997,0.3333333432674408,
41734225,O=C1c2c(O)cccc2C(C2OC(CO)C(O)C(O)C2O)c2cc(CO)cc(O)c21,AFHJQYHRLPMKHU-UHFFFAOYSA-N,418.12638228399993,-0.8912000000000002,O=C1c2c(O)cccc2C(C2OC(CO)C(O)C(O)C2O)c2cc(CO)cc(O)c21,11.623136520385742,4.859940098828753,-1.5409713983535767,0.2750000059604645,
77763700,CCC=CCC1=C(C)CCC1=O,XMLSXPIVAXONDL-UHFFFAOYSA-N,164.120115132,3.022100000000002,CCC=CCC1=C(C)CCC1=O,631.46875,103.63671792635029,-4.163603782653809,0.1702127605676651,
28780488,CC(=O)OC1(C(C)=O)CCC2C3CC(C)C4=CC(=O)CCC4(C)C3CCC21C,PSGAAPLEWMOORI-UHFFFAOYSA-N,386.245709568,4.655200000000004,CC(=O)OC1(C(C)=O)CCC2C3CC(C)C4=CC(=O)CCC4(C)C3CCC21C,620.1100463867188,239.51486347869053,-1.9195032119750977,0.21590909361839294,
48281131,CCC(C=CC(C)C1CCC2C3CCC4=CC(=O)CCC4(C)C3CCC12C)C(C)C,MKGZDUKUQPPHFM-UHFFFAOYSA-N,410.354866092,8.00900000000001,CCC(C=CC(C)C1CCC2C3CCC4=CC(=O)CCC4(C)C3CCC12C)C(C)C,783.25732421875,321.4134467641379,-1.8442474603652954,0.15625,
52639893,CCCCCNC(=N)NN=Cc1c[nH]c2ccc(OC)cc12.O=C(O)C=CC(=O)O,CPDDZSSEAVLMRY-UHFFFAOYSA-N,417.2012189639999,2.52637,CCCCCNC(=N)NN=Cc1c[nH]c2ccc(OC)cc12.O=C(O)C=CC(=O)O,1.1668990850448608,0.4868317296253171,-3.7590858936309814,0.3194444477558136,
64797667,COC(=O)Nc1nc2ccc(Sc3ccccc3)cc2[nH]1,HDDSHPAODJUKPD-UHFFFAOYSA-N,299.0728476560001,3.892400000000001,COC(=O)Nc1nc2ccc(Sc3ccccc3)cc2[nH]1,93.3468017578125,27.917494605638854,-2.3189187049865723,0.6363636255264282,
10664991,O=C1C(CCC(O)c2ccc(F)cc2)C(c2ccc(O)cc2)N1c1ccc(F)cc1,OLNTVTPDXPETLC-UHFFFAOYSA-N,409.148949972,4.888300000000004,O=C1C(CCC(O)c2ccc(F)cc2)C(c2ccc(O)cc2)N1c1ccc(F)cc1,109.88975524902344,44.961277119266796,-1.2525280714035034,0.5636363625526428,
30259637,CCNC(=O)C=Cc1cccc(Br)c1,LDCXGZCEMNMWIL-UHFFFAOYSA-N,253.010226104,2.5984000000000007,CCNC(=O)C=Cc1cccc(Br)c1,252.52723693847656,63.89197331522234,-2.976940631866455,0.27272728085517883,
49680616,O=C(Nc1ccc([N+](=O)[O-])cc1Cl)c1cc(Cl)ccc1O,RJMUSRYZPJIFPJ-UHFFFAOYSA-N,325.986112096,3.859500000000001,O=C(Nc1ccc([N+](=O)[O-])cc1Cl)c1cc(Cl)ccc1O,6.18416690826416,2.015952479616451,-2.0809667110443115,0.4791666567325592,
81265237,Cl.NCCc1c[nH]c2ccc(O)cc12,MDIGAZPGKJFIAH-UHFFFAOYSA-N,212.071640716,1.7965,Cl.NCCc1c[nH]c2ccc(O)cc12,130.8336639404297,27.746111163182718,-1.878687858581543,0.5,
90946848,CCCCCCCCC(=O)O,FBUKVWPVBMHYJY-UHFFFAOYSA-N,158.130679816,2.821600000000001,CCCCCCCCC(=O)O,157.14764404296875,24.849864085607766,-1.9471608400344849,0.3513513505458832,
96349140,CC(Cc1ccc(O)c(O)c1)(NN)C(=O)O,TZFNLOMSOLWIDK-UHFFFAOYSA-N,226.095356928,-0.05310000000000015,CC(Cc1ccc(O)c(O)c1)(NN)C(=O)O,68.7428970336914,15.542450757487885,-2.434627056121826,0.25925925374031067,
94660609,CCN(CCCc1ccccc1)CCCc1ccccc1.O=C(O)CC(O)(CC(=O)O)C(=O)O,RYHCACJBKCOBTJ-UHFFFAOYSA-N,473.24135245999986,3.3254,CCN(CCCc1ccccc1)CCCc1ccccc1.O=C(O)CC(O)(CC(=O)O)C(=O)O,243.29620361328125,115.13782557462802,-3.9621665477752686,0.3333333432674408,
53585599,CCCCOc1ccc(C(=O)CCN2CCCCC2)cc1.Cl,KNZADIMHVBBPOA-UHFFFAOYSA-N,325.180856816,4.3460000000000045,CCCCOc1ccc(C(=O)CCN2CCCCC2)cc1.Cl,82.10282897949219,26.698267867540707,-2.6674015522003174,0.26923078298568726,
89802333,CON=C(C(=O)NC1C(=O)N2C(C(=O)OC(C)OC(C)=O)=C(COC(N)=O)CSC12)c1ccco1,KEJCWVGMRLCZQQ-UHFFFAOYSA-N,510.1056639039999,-0.16829999999999856,CON=C(C(=O)NC1C(=O)N2C(C(=O)OC(C)OC(C)=O)=C(COC(N)=O)CSC12)c1ccco1,13.823539733886719,7.051466023674525,-3.0834124088287354,0.33000001311302185,
36229602,O=C1c2c(O)cccc2Cc2cccc(O)c21,NUZWLKWWNNJHPT-UHFFFAOYSA-N,226.06299418,2.233000000000001,O=C1c2c(O)cccc2Cc2cccc(O)c21,101.87762451171875,23.030760338511936,-2.2279422283172607,0.2750000059604645,
83579799,OCC(O)C(O)CO,UNXHWFMMPAWVPI-UHFFFAOYSA-N,122.0579088,-2.3071999999999995,OCC(O)C(O)CO,4927.1630859375,601.3992272422257,-2.3363771438598633,0.2380952388048172,
91127680,CCCCCCCCCCCCCCCC(=O)OCC(O)C1OC(=O)C(O)=C1O,QAQJMLQRFWZOBN-UHFFFAOYSA-N,414.26175355599986,4.624800000000002,CCCCCCCCCCCCCCCC(=O)OCC(O)C1OC(=O)C(O)=C1O,22.814403533935547,9.451135098259474,-1.935484528541565,0.25925925374031067,
82564264,CCC1(C2=NCCN2)Cc2ccccc2O1.Cl,DWOIUCRHVWIHAH-UHFFFAOYSA-N,252.102940844,2.193800000000001,CCC1(C2=NCCN2)Cc2ccccc2O1.Cl,475.5621032714844,119.89060286530643,-2.8588509559631348,0.16455696523189545,
10662880,CC1(C)C(C=C(Cl)Cl)C1C(=O)OC(C#N)c1cccc(Oc2ccccc2)c1,KAATUXNTWXVJKI-UHFFFAOYSA-N,415.074198828,6.177980000000004,CC1(C)C(C=C(Cl)Cl)C1C(=O)OC(C#N)c1cccc(Oc2ccccc2)c1,51.909423828125,21.54626272974523,-2.487276077270508,0.28787878155708313,
56510495,CC=Cc1ccc2c(c1)OCO2,VHVOLFRBFDOUSH-UHFFFAOYSA-N,162.06807956,2.4484000000000004,CC=Cc1ccc2c(c1)OCO2,1077.1185302734375,174.56652934150327,-2.435603141784668,0.4651162922382355,
23358883,CCCCNc1ccc(C(=O)OCCN(C)C)cc1.Cl,PPWHTZKZQNXVAE-UHFFFAOYSA-N,300.16045572,3.0388000000000024,CCCCNc1ccc(C(=O)OCCN(C)C)cc1.Cl,69.12442779541016,20.74842053565667,-2.2680342197418213,0.27941176295280457,
74855011,Clc1ccc(CCC(Cn2ccnc2)Sc2c(Cl)cccc2Cl)cc1,SWLMUYACZKCSHZ-UHFFFAOYSA-N,410.017802584,6.637000000000003,Clc1ccc(CCC(Cn2ccnc2)Sc2c(Cl)cccc2Cl)cc1,116.75699615478516,47.87244470243079,-2.5878372192382812,0.4406779706478119,
32570092,CCN(CC)CCOC(=O)C(c1ccccc1)C1CCCCC1.Cl,WIELVDXKOYPANK-UHFFFAOYSA-N,353.212156944,4.6573000000000055,CCN(CC)CCOC(=O)C(c1ccccc1)C1CCCCC1.Cl,260.1091613769531,91.87371616238944,-2.884521961212158,0.2777777910232544,
10011876,CC(C)=CCc1c2c(c3occ(-c4ccc(O)cc4)c(=O)c3c1O)C=CC(C)(C)O2,DCTLJGWMHPGCOS-UHFFFAOYSA-N,404.1623738679999,5.564100000000006,CC(C)=CCc1c2c(c3occ(-c4ccc(O)cc4)c(=O)c3c1O)C=CC(C)(C)O2,29.34303092956543,11.85934920560499,-1.5949329137802124,0.1756756752729416,
56689407,CCN(CC)Cc1ccc(Nc2ccnc3cc(Cl)ccc23)cc1O.Cl.Cl,DHTLLULITDNQFA-UHFFFAOYSA-N,427.0984954279999,6.0228000000000055,CCN(CC)Cc1ccc(Nc2ccnc3cc(Cl)ccc23)cc1O.Cl.Cl,85.57554626464844,36.54918898979666,-3.0937540531158447,0.4838709533214569,
11430059,CC(=O)O.N=C(N)NN=Cc1c(Cl)cccc1Cl,MCSPBPXATWBACD-UHFFFAOYSA-N,290.033730984,1.90127,CC(=O)O.N=C(N)NN=Cc1c(Cl)cccc1Cl,35.76570510864258,10.373260504967572,-2.5075533390045166,0.26923078298568726,
23530061,CC(C)=CCCC(C)=CCO,GLZPCOQZEFWAFX-UHFFFAOYSA-N,154.135765196,2.6714000000000016,CC(C)=CCCC(C)=CCO,697.3599243164062,107.48810481655732,-3.189863681793213,0.3658536672592163,
85860394,Cn1c(=O)c2c(ncn2C)n(C)c1=O,RYYVLZVUVIJVGH-UHFFFAOYSA-N,194.08037556,-1.0293,Cn1c(=O)c2c(ncn2C)n(C)c1=O,15279.0869140625,2965.3709561094465,-2.954155921936035,0.22058823704719543,
22319108,COC1=CC(=O)c2ccccc2C1=O,OBGBGHKYJAOXRR-UHFFFAOYSA-N,188.047344116,1.5958999999999999,COC1=CC(=O)c2ccccc2C1=O,656.0435791015625,123.36725455743098,-2.9666213989257812,0.21739129722118378,
55772950,C=CCCCCCCCCC(=O)[O-].C=CCCCCCCCCC(=O)[O-].[Zn+2],YMCOHQVWOBMDCZ-UHFFFAOYSA-L,430.20615189599994,4.083700000000003,C=CCCCCCCCCC(=O)[O-].C=CCCCCCCCCC(=O)[O-].[Zn+2],2061.767822265625,886.9851984582311,-1.8691160678863525,0.1702127605676651,
33896906,COc1cc2occc2c2oc(=O)ccc12,AJSPSRWWZBBIOR-UHFFFAOYSA-N,216.042258736,2.5478000000000005,COc1cc2occc2c2oc(=O)ccc12,446.1060791015625,96.37776434686039,-3.0608348846435547,0.28260868787765503,
86712352,CN(C)CCCN1c2ccccc2Sc2ccccc21.Cl,JIVSXRLRGOICGA-UHFFFAOYSA-N,320.111397352,4.662800000000004,CN(C)CCCN1c2ccccc2Sc2ccccc21.Cl,612.123779296875,195.94778185788093,-2.951765775680542,0.30188679695129395,
89017904,CC(C)=CCCC(C)=CCOc1ccc2ccc(=O)oc2c1,RSDDHGSKLOSQFK-UHFFFAOYSA-N,298.15689456399997,4.864500000000005,CC(C)=CCCC(C)=CCOc1ccc2ccc(=O)oc2c1,192.9528350830078,57.5302200249951,-2.8946943283081055,0.2539682686328888,
18642798,c1ccc2c(c1)Nc1ccccc1S2,WJFKNYWRSNBZNX-UHFFFAOYSA-N,199.045570288,3.894800000000001,c1ccc2c(c1)Nc1ccccc1S2,1504.690185546875,299.5019130517399,-2.182100772857666,0.21739129722118378,
94762631,COc1cc2c(cc1OC)-c1cc3ccc(OC)c(OC)c3c[n+]1CC2.[Cl-],RLQYRXCUPVKSAW-UHFFFAOYSA-M,387.123735864,0.3887999999999998,COc1cc2c(cc1OC)-c1cc3ccc(OC)c(OC)c3c[n+]1CC2.[Cl-],353.0847473144531,136.68749633279907,-1.9684981107711792,0.40229883790016174,
63874452,O=C(O)c1ccccc1Nc1cccc(C(F)(F)F)c1,LPEPZBJOKDYZAD-UHFFFAOYSA-N,281.06636322,4.1472000000000016,O=C(O)c1ccccc1Nc1cccc(C(F)(F)F)c1,133.0563507080078,37.39766650665076,-1.8661619424819946,0.3799999952316284,
93386384,C#CC1(O)CCC2C3CCc4cc(OC)ccc4C3CCC21C,IMSSROKUHAOUJS-UHFFFAOYSA-N,310.193280072,3.915600000000003,C#CC1(O)CCC2C3CCc4cc(OC)ccc4C3CCC21C,118.314208984375,36.70027182442896,-3.7114899158477783,0.2195121943950653,
83611884,CCC1(CC)C(=O)NC(=O)NC1=O,FTOAOBMCPZCFFF-UHFFFAOYSA-N,184.084792244,0.15879999999999994,CCC1(CC)C(=O)NC(=O)NC1=O,1544.1016845703125,284.2456214809411,-2.443368911743164,0.15555556118488312,
73725653,CC(C)(C)c1ccc(C(O)CCCN2CCC(C(O)(c3ccccc3)c3ccccc3)CC2)cc1,GUGOEEXESWIERI-UHFFFAOYSA-N,471.31372955200004,6.445800000000008,CC(C)(C)c1ccc(C(O)CCCN2CCC(C(O)(c3ccccc3)c3ccccc3)CC2)cc1,279.35321044921875,131.66299920908796,-2.493614435195923,0.2535211145877838,
50424568,CN(C)C(=O)Oc1cccc([N+](C)(C)C)c1.COS(=O)(=O)[O-],OSZNNLWOYWAHSS-UHFFFAOYSA-M,334.1198574239999,1.0367000000000002,CN(C)C(=O)Oc1cccc([N+](C)(C)C)c1.COS(=O)(=O)[O-],13.61257266998291,4.548230961648487,-2.400545597076416,0.2222222238779068,
63359444,O=C([O-])C(O)C(O)C(O)C(O)CO.[Na+],UPMFZISCCZSDND-UHFFFAOYSA-M,218.04024697199998,-7.823799999999997,O=C([O-])C(O)C(O)C(O)C(O)CO.[Na+],738.4229736328125,161.00593107566658,-3.0437769889831543,0.32258063554763794,
96226411,CC(=O)Nc1ccc(OC(C)=O)cc1,UJAOSPFULOFZRR-UHFFFAOYSA-N,193.073893212,1.5702999999999998,CC(=O)Nc1ccc(OC(C)=O)cc1,297.7955322265625,57.49654315638126,-2.8035194873809814,0.30612245202064514,
67730660,O.O=C(O)C1C(O)CCC2CN3CCc4c([nH]c5ccccc45)C3CC21,UXXCUDYYOMDFPX-UHFFFAOYSA-N,358.189257312,1.7339999999999989,O.O=C(O)C1C(O)CCC2CN3CCc4c([nH]c5ccccc45)C3CC21,358.1783447265625,128.29563622223765,-2.1216845512390137,0.26249998807907104,
47453898,N#Cc1ccc(C(c2ccc(C#N)cc2)n2cncn2)cc1,HPJKCIUCZWXJDR-UHFFFAOYSA-N,285.101445352,2.65916,N#Cc1ccc(C(c2ccc(C#N)cc2)n2cncn2)cc1,408.82098388671875,116.555454212012,-4.119955062866211,0.28169015049934387,
28243836,COc1cc2c(c3ccccc13)OC(C)(C)C=C2,BFGQXXNDFKWDMA-UHFFFAOYSA-N,240.115029752,4.032600000000003,COc1cc2c(c3ccccc13)OC(C)(C)C=C2,574.8980712890625,138.04166577450414,-2.4743242263793945,0.23076923191547394,
51820926,O=C1C=C(O)C(=O)c2ccccc21,CSFWPUWCSPOLJW-UHFFFAOYSA-N,174.031694052,1.5075,O=C1C=C(O)C(=O)c2ccccc21,340.7270202636719,59.2972972678782,-3.491654872894287,0.2368421107530594,
83968990,O=C(O)c1cccc(C(=O)O)n1,WJJMNDUMQPNECX-UHFFFAOYSA-N,167.02185764,0.4779999999999999,O=C(O)c1cccc(C(=O)O)n1,614.8035278320312,102.68562148824867,-2.3953380584716797,0.3235294222831726,
10403326,CON=C1CC2(CC3CC(CC=C(C)CC(C)C=CC=C4COC5C(O)C(C)=CC(C(=O)O3)C45O)O2)OC(C(C)=CC(C)C)C1C,YZBLFMPOMVTDJY-UHFFFAOYSA-N,639.3771176559998,5.7289000000000065,CON=C1CC2(CC3CC(CC=C(C)CC(C)C=CC=C4COC5C(O)C(C)=CC(C(=O)O3)C45O)O2)OC(C(C)=CC(C)C)C1C,586.2596435546875,374.8410135940594,-1.4900126457214355,0.1666666716337204,
35200973,N#CCCN.O=C(O)C=CC(=O)O,NYPGBHKJFKQTIY-UHFFFAOYSA-N,186.0640568,-0.42942000000000063,N#CCCN.O=C(O)C=CC(=O)O,555.8323974609375,103.4204286431179,-1.8037606477737427,0.17391304671764374,
61091489,COC1C(=O)C2(C)C(OC)CC3OCC3(OC(C)=O)C2C(OC(=O)c2ccccc2)C2(O)CC(OC(=O)C(O)C(NC(=O)OC(C)(C)C)c3ccccc3)C(C)=C1C2(C)C,BMQGVNUXMIRLCK-UHFFFAOYSA-N,835.377905504,4.5678000000000045,COC1C(=O)C2(C)C(OC)CC3OCC3(OC(C)=O)C2C(OC(=O)c2ccccc2)C2(O)CC(OC(=O)C(O)C(NC(=O)OC(C)(C)C)c3ccccc3)C(C)=C1C2(C)C,1365.6712646484375,1140.8516110258304,-1.6353223323822021,0.1953125,
46486992,O=C(CCCCCCCC(=O)NCCO)NCCO,PAHZPHDAJQIETD-UHFFFAOYSA-N,274.189257312,-0.06589999999999929,O=C(CCCCCCCC(=O)NCCO)NCCO,2959.491943359375,811.4609047692231,-2.4821226596832275,0.3414634168148041,
77241344,CC1OC(OC2C(O)C(O)C(O)C(O)C2O)C(N)CC1NC(=N)C(=O)O.Cl,ZDRBJJNXJOSCLR-UHFFFAOYSA-N,415.135757092,-3.906229999999994,CC1OC(OC2C(O)C(O)C(O)C(O)C2O)C(N)CC1NC(=N)C(=O)O.Cl,175.08279418945312,72.6831256967554,-2.309330463409424,0.23529411852359772,
10053671,CS(=O)(=O)OCCCCOS(C)(=O)=O,COVZYZSDYWQREU-UHFFFAOYSA-N,246.023180168,-0.2809999999999997,CS(=O)(=O)OCCCCOS(C)(=O)=O,750.871337890625,184.7317452944389,-1.5456657409667969,0.1944444477558136,
80153232,COc1ccc2c(c1)OC1c3ccc(OC)cc3OCC21,VPGIGLKLCFOWDN-UHFFFAOYSA-N,284.104858992,3.3135000000000012,COc1ccc2c(c1)OC1c3ccc(OC)cc3OCC21,150.76834106445312,42.83401787215896,-1.6657723188400269,0.2647058963775635,
56455037,[N-]=[N+]=CC(=O)OCC(N)C(=O)O,MZZGOOYMKKIOOX-UHFFFAOYSA-N,173.043655704,-1.7578999999999994,[N-]=[N+]=CC(=O)OCC(N)C(=O)O,855.9203491210938,148.11159057658122,-1.8951680660247803,0.20512820780277252,
43096510,CC(=O)OCC(=O)C12OC3(CCCC3)OC1CC1C3CCC4=CC(=O)C=CC4(C)C3(F)C(O)CC12C,ILKJAFIWWBXGDU-UHFFFAOYSA-N,502.23668168,3.5238000000000023,CC(=O)OCC(=O)C12OC3(CCCC3)OC1CC1C3CCC4=CC(=O)C=CC4(C)C3(F)C(O)CC12C,157.92991638183594,79.31819504611842,-1.7355213165283203,0.1551724076271057,
79392509,CCC(C)C(=O)OC1CC(O)C=C2C=CC(C)C(CCC(O)CC(O)CC(=O)[O-])C21.[Na+],VWBQYTRBTXKKOG-UHFFFAOYSA-M,446.2280477399999,-1.8902999999999948,CCC(C)C(=O)OC1CC(O)C=C2C=CC(C)C(CCC(O)CC(O)CC(=O)[O-])C21.[Na+],211.052001953125,94.17732216482727,-2.078057050704956,0.19587628543376923,
17548010,CC(C)CCCC(C)C1CCC2C3CCC4CC(=O)CCC4(C)C3CCC12C,PESKGJQREUXSRR-UHFFFAOYSA-N,386.354866092,7.676800000000009,CC(C)CCCC(C)C1CCC2C3CCC4CC(=O)CCC4(C)C3CCC12C,201.78414916992188,77.96028779386205,-1.3657552003860474,0.17073170840740204,
29464365,O=C(Oc1cccc2cccnc12)c1ccccc1,BHKPHCKISVSDGV-UHFFFAOYSA-N,249.078978592,3.4540000000000015,O=C(Oc1cccc2cccnc12)c1ccccc1,16.747976303100586,4.171568686308239,-2.8428499698638916,0.3913043439388275,
97582241,C[Si](C)(C)O[Si](C)(C)O[Si](C)(C)C,CXQXSVUQTKDNFP-UHFFFAOYSA-N,236.10840959799998,3.391200000000002,C[Si](C)(C)O[Si](C)(C)O[Si](C)(C)C,13139.6357421875,3102.3783428676047,-2.7629919052124023,0.09302325546741486,
10392769,Cc1noc(NS(=O)(=O)c2ccc(N)cc2)c1C,NHUHCSRWZMLRLA-UHFFFAOYSA-N,267.067762276,1.67444,Cc1noc(NS(=O)(=O)c2ccc(N)cc2)c1C,48.96702575683594,13.077514105618782,-4.313742160797119,0.36538460850715637,
67208642,O=c1c(O)c(-c2ccc(O)c(O)c2)oc2c(OC3OC(CO)C(O)C(O)C3O)c(O)cc(O)c12,SJRXVLUZMMDCNG-UHFFFAOYSA-N,480.09039069999983,-0.8333000000000006,O=c1c(O)c(-c2ccc(O)c(O)c2)oc2c(OC3OC(CO)C(O)C(O)C3O)c(O)cc(O)c12,9.906497955322266,4.756014391569517,-2.337958812713623,0.25,
57611862,CC1(C(=O)O)CCC2(C)CCC3(C)C(=CC(=O)C4C5(C)CCC(O)C(C)(C)C5CCC43C)C2C1,MPDGHEJMBKOTSU-UHFFFAOYSA-N,470.33960995199993,6.412600000000009,CC1(C(=O)O)CCC2(C)CCC3(C)C(=CC(=O)C4C5(C)CCC(O)C(C)(C)C5CCC43C)C2C1,22.56443977355957,10.612949486494117,-2.075239419937134,0.23170731961727142,
79958157,COc1ccc(Cl)cc1C(=O)NCCc1ccc(S(=O)(=O)NC(=O)NC2CCCCC2)cc1,ZNNLBTZKUZBEKO-UHFFFAOYSA-N,493.14381967599996,3.641700000000003,COc1ccc(Cl)cc1C(=O)NCCc1ccc(S(=O)(=O)NC(=O)NC2CCCCC2)cc1,2.7619481086730957,1.3620376630217528,-1.8824151754379272,0.260869562625885,
78532215,O=C(O)C=CC=Cc1ccccc1,FEIQOMCWGDNMHM-UHFFFAOYSA-N,174.06807956,2.3406000000000002,O=C(O)C=CC=Cc1ccccc1,254.60467529296875,44.31854550570933,-2.3264670372009277,0.5128205418586731,
11066991,Nc1nc(N)nc(NC2CC2)n1,LVQDKIWDGQRHTE-UHFFFAOYSA-N,166.09669431999998,-0.3897000000000006,Nc1nc(N)nc(NC2CC2)n1,317.35540771484375,52.711686878448475,-2.3688454627990723,0.3404255211353302,
43274569,COc1cc2nc(N3CCN(C(=O)C4CCCO4)CC3)nc(N)c2cc1OC.Cl,IWSWDOUXSCRCKW-UHFFFAOYSA-N,423.167331992,1.4785999999999997,COc1cc2nc(N3CCN(C(=O)C4CCCO4)CC3)nc(N)c2cc1OC.Cl,288.4090270996094,122.04527741034964,-3.042695999145508,0.23255814611911774,
58050167,CC1CCC2C(C)C(OC(=O)CCC(=O)O)OC3OC4(C)CCC1C32OO4,FIHJKUPKCHIPAT-UHFFFAOYSA-N,384.17841785599995,2.6024000000000003,CC1CCC2C(C)C(OC(=O)CCC(=O)O)OC3OC4(C)CCC1C32OO4,766.48486328125,294.46693952129544,-2.352409601211548,0.15841583907604218,
35506847,CC(C)NCC(O)c1ccc(O)c(O)c1.Cl,IROWCYIEJAOFOW-UHFFFAOYSA-N,247.097521116,1.5510000000000004,CC(C)NCC(O)c1ccc(O)c(O)c1.Cl,662.343505859375,163.66343748253016,-2.2111027240753174,0.2222222238779068,
65404722,CN(C)CCS,DENMGZODXQRYAR-UHFFFAOYSA-N,105.06122035199999,0.47779999999999995,CN(C)CCS,5063.28369140625,531.954787654125,-2.327317953109741,0.20000000298023224,
54429586,CC(C)CC(NC(=O)C(C)NC(=O)CNC(=O)C(NC=O)C(C)C)C(=O)NC(C)C(=O)NC(C(=O)NC(C(=O)NC(C(=O)NC(Cc1c[nH]c2ccccc12)C(=O)NC(CC(C)C)C(=O)NC(Cc1c[nH]c2ccccc12)C(=O)NC(CC(C)C)C(=O)NC(Cc1c[nH]c2ccccc12)C(=O)NC(CC(C)C)C(=O)NC(Cc1c[nH]c2ccccc12)C(=O)NCCO)C(C)C)C(C)C)C(C)C,ZWCXYZRRTRDGQE-UHFFFAOYSA-N,1881.0705330199994,4.372299999999978,CC(C)CC(NC(=O)C(C)NC(=O)CNC(=O)C(NC=O)C(C)C)C(=O)NC(C)C(=O)NC(C(=O)NC(C(=O)NC(C(=O)NC(Cc1c[nH]c2ccccc12)C(=O)NC(CC(C)C)C(=O)NC(Cc1c[nH]c2ccccc12)C(=O)NC(CC(C)C)C(=O)NC(Cc1c[nH]c2ccccc12)C(=O)NC(CC(C)C)C(=O)NC(Cc1c[nH]c2ccccc12)C(=O)NCCO)C(C)C)C(C)C)C(C)C,742.27392578125,1396.2696110101122,-1.9771429300308228,0.3658536672592163,
10390940,COc1c(O)cc(O)cc1O,ASTPOGDWGNJVEW-UHFFFAOYSA-N,156.042258736,0.8119999999999996,COc1c(O)cc(O)cc1O,985.4486083984375,153.77162523460518,-2.1815714836120605,0.2631579041481018,
67109982,Cc1cc(O)c2c(c1)Cc1cccc(O)c1C2=O,ZZBWSNKBZKPGAK-UHFFFAOYSA-N,240.078644244,2.541420000000001,Cc1cc(O)c2c(c1)Cc1cccc(O)c1C2=O,71.15310668945312,17.082340815360503,-2.55954647064209,0.3695652186870575,
46275263,Cc1cccc(C)c1OCC(C)N.Cl,NFEIBWMZVIVJLQ-UHFFFAOYSA-N,215.107691876,2.45124,Cc1cccc(C)c1OCC(C)N.Cl,687.6558227539062,147.92005335025894,-3.927672863006592,0.2083333283662796,
10587219,CCC1(c2ccccc2)C(=O)NCNC1=O,DQMZLTXERSFNPB-UHFFFAOYSA-N,218.105527688,0.5378999999999999,CCC1(c2ccccc2)C(=O)NCNC1=O,187.64073181152344,40.925479683505785,-3.018206834793091,0.24137930572032928,
56750920,CC1(C)CCC2(C)CCC3(C)C(=CCC4C5(C)CCC(OC(=O)c6ccccc6)C(C)(C)C5CCC43C)C2C1,FJFGMZSGRVIUSZ-UHFFFAOYSA-N,530.412380968,10.033599999999996,CC1(C)CCC2(C)CCC3(C)C(=CCC4C5(C)CCC(OC(=O)c6ccccc6)C(C)(C)C5CCC43C)C2C1,34.56804656982422,18.335319206789777,-2.0414340496063232,0.20454545319080353,
10109685,N=C(N)c1ccc(OCCCCCOc2ccc(C(=N)N)cc2)cc1.O=S(=O)(O)CCO.O=S(=O)(O)CCO,YBVNFKZSMZGRAD-UHFFFAOYSA-N,592.1872853519999,0.615840000000003,N=C(N)c1ccc(OCCCCCOc2ccc(C(=N)N)cc2)cc1.O=S(=O)(O)CCO.O=S(=O)(O)CCO,100.27458953857422,59.38133880408418,-2.86104416847229,0.25,
55592621,COc1ccc2c(c1)[nH]c1c(C)nccc12,BXNJHAXVSOCGBA-UHFFFAOYSA-N,212.094963004,3.033120000000001,COc1ccc2c(c1)[nH]c1c(C)nccc12,386.76434326171875,82.03076998557343,-3.302726984024048,0.26923078298568726,
50084175,O=C1OC(c2ccc(O)cc2)(c2ccc(O)cc2)c2ccccc21,KJFMBFZCATUALV-UHFFFAOYSA-N,318.089208928,3.560100000000002,O=C1OC(c2ccc(O)cc2)(c2ccc(O)cc2)c2ccccc21,83.74931335449219,26.639753875971294,-2.1390225887298584,0.23999999463558197,
66475999,COc1ccc(C=CC(=O)c2cc(O)ccc2O)cc1,FUQGIYDZGLORRC-UHFFFAOYSA-N,270.089208928,3.0025000000000013,COc1ccc(C=CC(=O)c2cc(O)ccc2O)cc1,276.6824035644531,74.7289323401465,-3.616408109664917,0.2830188572406769,
71593568,CC(C)N=c1cc2n(-c3ccc(Cl)cc3)c3ccccc3nc-2cc1Nc1ccc(Cl)cc1,WDQPAMHFFCXSNU-UHFFFAOYSA-N,472.12215206400003,7.489800000000005,CC(C)N=c1cc2n(-c3ccc(Cl)cc3)c3ccccc3nc-2cc1Nc1ccc(Cl)cc1,61.11751937866211,28.854934454249438,-2.508054256439209,1.0,
16581508,CC(C)=CC1C(C(=O)OCc2cccc(Oc3ccccc3)c2)C1(C)C,SBNFWQZLDJGRLK-UHFFFAOYSA-N,350.18819469199997,5.760500000000005,CC(C)=CC1C(C(=O)OCc2cccc(Oc3ccccc3)c2)C1(C)C,30.17926597595215,10.568422637939117,-2.578388214111328,0.35483869910240173,
10074441,CC(=O)CCc1ccc(OC(C)=O)cc1,UMIKWXDGXDJQJK-UHFFFAOYSA-N,206.094294308,2.1334999999999997,CC(=O)CCc1ccc(OC(C)=O)cc1,110.23876190185547,22.719579593866996,-3.551698923110962,0.31707316637039185,
10057324,C=CC(C)(O)CCC=C(C)CCC=C(C)C,FQTLCLSUCSAZDY-UHFFFAOYSA-N,222.198365452,4.396300000000004,C=CC(C)(O)CCC=C(C)CCC=C(C)C,2393.22607421875,531.7709379532835,-2.3066208362579346,0.30000001192092896,
15689947,CSCCC(NC(=O)C(Cc1c[nH]c2ccccc12)NC(=O)CCNC(=O)OC(C)(C)C)C(=O)NC(CC(=O)O)C(=O)NC(Cc1ccccc1)C(N)=O,NEYNJQRKHLUJRU-UHFFFAOYSA-N,767.331247148,1.5202000000000044,CSCCC(NC(=O)C(Cc1c[nH]c2ccccc12)NC(=O)CCNC(=O)OC(C)(C)C)C(=O)NC(CC(=O)O)C(=O)NC(Cc1ccccc1)C(N)=O,301.046875,231.0026764220564,-1.943670630455017,0.38372093439102173,
47331323,CN(CC=Cc1ccccc1)Cc1cccc2ccccc12.Cl,OLUNPKFOFGZHRT-UHFFFAOYSA-N,323.14407738399996,5.406800000000005,CN(CC=Cc1ccccc1)Cc1cccc2ccccc12.Cl,53.87101745605469,17.408101273662098,-2.781958818435669,0.6086956262588501,
22007979,O=C(O)C(O)C(O)C(OC1OC(CO)C(O)C(O)C1O)C(O)CO,JYTUSYBCFIZPBE-UHFFFAOYSA-N,358.1111261439999,-5.668899999999993,O=C(O)C(O)C(O)C(OC1OC(CO)C(O)C(O)C1O)C(O)CO,381.3174133300781,136.55401667322525,-2.4697227478027344,0.23333333432674408,
10236515,Cc1cc(=O)oc2cc(O)ccc12,HSHNITRMYYLLCV-UHFFFAOYSA-N,176.047344116,1.8070199999999998,Cc1cc(=O)oc2cc(O)ccc12,111.29548645019531,19.593274371432333,-3.4377057552337646,0.2926829159259796,
18292812,Cc1nccc2c1[nH]c1cc(O)ccc12,SATMZMMKDDTOSQ-UHFFFAOYSA-N,198.07931294,2.7301200000000003,Cc1nccc2c1[nH]c1cc(O)ccc12,377.29010009765625,74.73336375918178,-2.810865640640259,0.27659574151039124,
10174781,CC(=O)O[PbH2]OC(C)=O,NJJJCKUBWUKYFT-UHFFFAOYSA-L,328.0189108359999,-0.8886000000000001,CC(=O)O[PbH2]OC(C)=O,3165.944580078125,1038.4896916730709,-3.5851335525512695,0.16326530277729034,
11048863,Cc1nnc(NS(=O)(=O)c2ccc(N)cc2)s1,VACCAVUAMIDAGB-UHFFFAOYSA-N,270.02451756,1.2295199999999997,Cc1nnc(NS(=O)(=O)c2ccc(N)cc2)s1,144.61131286621094,39.048600280121704,-3.2453222274780273,0.3137255012989044,
84043398,COc1ccc2c(=O)cc(-c3ccccc3)oc2c1OC,KJRQQECDVUXBCO-UHFFFAOYSA-N,282.089208928,3.4772000000000025,COc1ccc2c(=O)cc(-c3ccccc3)oc2c1OC,242.71376037597656,68.46693377011196,-3.3485469818115234,0.2545454502105713,
59895375,CCC=CCC=CCC=CCC=CCC=CCCCC(=O)OCC,SSQPWTVBQMWLSZ-UHFFFAOYSA-N,330.255880328,6.471200000000007,CCC=CCC=CCC=CCC=CCC=CCCCC(=O)OCC,469.48223876953125,155.04927148049632,-1.4696835279464722,0.2888889014720917,
30298757,C=CCc1ccc(OC)cc1,ZFMSMUAANRJZFM-UHFFFAOYSA-N,148.088815004,2.4237,C=CCc1ccc(OC)cc1,979.7077026367188,145.08375499341886,-4.2191057205200195,0.2954545319080353,
40282268,O=c1c(O)cccc2cc(O)c(O)c(O)c12,WDGFFVCWBZVLCE-UHFFFAOYSA-N,220.037173356,1.0223999999999998,O=c1c(O)cccc2cc(O)c(O)c(O)c12,86.19792175292969,18.9667466975649,-2.780794858932495,0.31707316637039185,
84485234,CC(C)c1ccc2oc3nc(N)c(C(=O)O)cc3c(=O)c2c1,SGRYPYWGNKJSDL-UHFFFAOYSA-N,298.095356928,2.745,CC(C)c1ccc2oc3nc(N)c(C(=O)O)cc3c(=O)c2c1,23.498615264892578,7.004828100259935,-2.5287554264068604,0.24561403691768646,
35916771,CC(C)(C)NCC(O)c1ccc(O)c(CO)c1,NDAUXUAQIAJITI-UHFFFAOYSA-N,239.152143532,1.3059999999999998,CC(C)(C)NCC(O)c1ccc(O)c(CO)c1,338.07452392578125,80.8512426229825,-2.4232337474823,0.25531914830207825,
10609248,Nc1ccn(C2OC(CO)C(O)C2O)c(=O)n1,UHDGCWIWMRVCDJ-UHFFFAOYSA-N,243.085520516,-2.563,Nc1ccn(C2OC(CO)C(O)C2O)c(=O)n1,36.14861297607422,8.787204031750267,-2.195376396179199,0.6086956262588501,
10762499,C=CCc1ccccc1OCC(O)CNC(C)C.Cl,RRCPAXJDDNWJBI-UHFFFAOYSA-N,285.14955668799996,2.5746000000000007,C=CCc1ccccc1OCC(O)CNC(C)C.Cl,273.3785705566406,77.95377262745912,-2.9225194454193115,0.2631579041481018,
50676104,COC(=O)c1c(C)cc(OC)cc1O,PFVPJOAAHSOENR-UHFFFAOYSA-N,196.073558864,1.4958199999999997,COC(=O)c1c(C)cc(OC)cc1O,2327.073486328125,456.2775506579412,-2.8839540481567383,0.3469387888908386,
51846784,CCC(CCC(C)C1CCC2C3CCC4CC(O)CCC4(C)C3CCC12C)C(C)C,LGJMUZUPVCAVPU-UHFFFAOYSA-N,416.401816284,8.10470000000001,CCC(CCC(C)C1CCC2C3CCC4CC(O)CCC4(C)C3CCC12C)C(C)C,313.7437744140625,130.64347572681046,-2.8805313110351562,0.2631579041481018,
24937372,O=C(C=Cc1ccc(O)cc1)c1ccccc1O,FGPJTMCJNPRZGF-UHFFFAOYSA-N,240.078644244,2.9939000000000013,O=C(C=Cc1ccc(O)cc1)c1ccccc1O,189.18832397460938,45.42007810103435,-3.684159755706787,0.26530611515045166,
34114001,CC(C)(C)c1ccc(C(=O)CCCN2CCC(OC(c3ccccc3)c3ccccc3)CC2)cc1,MJJALKDDGIKVBE-UHFFFAOYSA-N,469.29807948800004,7.217600000000008,CC(C)(C)c1ccc(C(=O)CCCN2CCC(OC(c3ccccc3)c3ccccc3)CC2)cc1,244.88853454589844,114.9257164335098,-2.639927387237549,0.30434781312942505,
70741954,CC(=O)C1CCC2C3CCC4=CC(=O)CCC4(C)C3CCC12C,RJKFOVLPORLFTN-UHFFFAOYSA-N,314.2245802,4.723500000000005,CC(=O)C1CCC2C3CCC4=CC(=O)CCC4(C)C3CCC12C,4497.7578125,1413.3059418055898,-2.2594330310821533,0.190476194024086,
56806418,O=C(Nc1ccccc1)Nc1ccccc1,GWEHVDNNLFDJLR-UHFFFAOYSA-N,212.094963004,3.3306000000000013,O=C(Nc1ccccc1)Nc1ccccc1,582.1634521484375,123.4739360479733,-1.8621118068695068,0.38461539149284363,
31874702,COc1ccc(-c2coc3cc(OC)ccc3c2=O)c(O)c1,ZQOPJNNVXTYJMC-UHFFFAOYSA-N,298.084123548,3.182800000000002,COc1ccc(-c2coc3cc(OC)ccc3c2=O)c(O)c1,358.4155578613281,106.83799219267061,-3.1708602905273438,0.3333333432674408,
11037192,CC1=CC(=O)[N-]S(=O)(=O)O1.[K+],WBZFUFAFFUEMEI-UHFFFAOYSA-M,200.949810288,-2.9304999999999994,CC1=CC(=O)[N-]S(=O)(=O)O1.[K+],8010.345703125,1609.6774003242524,-1.1029996871948242,0.1621621549129486,
11535236,O=P1(NCCCl)OCCCN1CCCl,HOMGKSMUEGBAAB-UHFFFAOYSA-N,260.02481971,1.884,O=P1(NCCCl)OCCCN1CCCl,678.62451171875,176.45921606247575,-2.289045572280884,0.14864864945411682,
97549743,COc1c2occc2cc2ccc(=O)oc12,QXKHYNVANLEOEG-UHFFFAOYSA-N,216.042258736,2.5478000000000005,COc1c2occc2cc2ccc(=O)oc12,658.8964233398438,142.3494636391043,-2.415100574493408,0.21276596188545227,
33167139,CCC(CO)NC(=O)C1C=C2c3cccc4c3c(cn4C)CC2N(C)C1.O=C(O)C=CC(=O)O,LWYXFDXUMVEZKS-UHFFFAOYSA-N,469.22128571199994,1.6468999999999996,CCC(CO)NC(=O)C1C=C2c3cccc4c3c(cn4C)CC2N(C)C1.O=C(O)C=CC(=O)O,91.41844177246094,42.89548035245674,-2.1105854511260986,0.20779220759868622,
25210794,Cl.NCCCC(=O)O,QPGLUEKHBNOAHG-UHFFFAOYSA-N,139.04000624,0.23169999999999996,Cl.NCCCC(=O)O,245.0633544921875,34.07361173007735,-2.1215896606445312,0.28947368264198303,
87589561,CC(S)C(=O)NCC(=O)O,YTGJWQPHMWSCST-UHFFFAOYSA-N,163.030314148,-0.49450000000000044,CC(S)C(=O)NCC(=O)O,1152.836181640625,187.9472289953139,-2.2395706176757812,0.25581395626068115,
85286348,CCOc1ccc(Cc2cc(C3OC(CO)C(O)C(O)C3O)ccc2Cl)cc1,JVHXJTBJCFBINQ-UHFFFAOYSA-N,408.1339662,1.8443999999999996,CCOc1ccc(Cc2cc(C3OC(CO)C(O)C(O)C3O)ccc2Cl)cc1,20.823348999023438,8.498715736781413,-2.5675721168518066,0.23880596458911896,
42456340,COC1CC(OC2C(C)OC(OC3C(C)=CCC4CC(CC5(C=CC(C)C(C6CCCCC6)O5)O4)OC(=O)C4C=C(C)C(O)C5OCC(=CC=CC3C)C45O)CC2OC)OC(C)C1O,QLFZZSKTJWDQOS-UHFFFAOYSA-N,898.5078570480001,5.911600000000009,COC1CC(OC2C(C)OC(OC3C(C)=CCC4CC(CC5(C=CC(C)C(C6CCCCC6)O5)O4)OC(=O)C4C=C(C)C(O)C5OCC(=CC=CC3C)C45O)CC2OC)OC(C)C1O,1460.57568359375,1312.3387420892639,-2.2227344512939453,0.19117647409439087,
94645383,COc1ccc(CC(=O)c2ccc(O)cc2O)cc1,XHBZOAYMBBUURD-UHFFFAOYSA-N,258.089208928,2.5318000000000005,COc1ccc(CC(=O)c2ccc(O)cc2O)cc1,84.94058990478516,21.92224966978698,-3.211665153503418,0.296875,
26136560,CCCc1nc2c(C)cc(-c3nc4ccccc4n3C)cc2n1Cc1ccc(-c2ccccc2C(=O)O)cc1,RMMXLENWKUUMAY-UHFFFAOYSA-N,514.2368762,7.2644200000000065,CCCc1nc2c(C)cc(-c3nc4ccccc4n3C)cc2n1Cc1ccc(-c2ccccc2C(=O)O)cc1,0.9210495352745056,0.4736376499731756,-2.363050699234009,0.3194444477558136,
32940980,CNCCC(Oc1cccc2ccccc12)c1cccs1.Cl,BFFSMCNJSOPUAY-UHFFFAOYSA-N,333.09541294,5.052700000000004,CNCCC(Oc1cccc2ccccc12)c1cccs1.Cl,37.350189208984375,12.44117660861063,-3.062978744506836,0.24137930572032928,
74747668,COc1ccc(C=CC(=O)Nc2ccccc2C(=O)O)cc1OC,NZHGWWWHIYHZNX-UHFFFAOYSA-N,327.110672644,3.0539000000000014,COc1ccc(C=CC(=O)Nc2ccccc2C(=O)O)cc1OC,42.3743782043457,13.861110704134708,-2.3007118701934814,0.38181817531585693,
93182779,CN(C)CCCN1c2ccccc2CCc2ccccc21.Cl,XZZXIYZZBJDEEP-UHFFFAOYSA-N,316.17062648,4.296800000000005,CN(C)CCCN1c2ccccc2CCc2ccccc21.Cl,493.8672180175781,156.1463078693143,-2.618234157562256,0.2678571343421936,
45607535,CC1(O)CCOC(=O)C1,JYVXNLLUYHCIIH-UHFFFAOYSA-N,130.06299418,0.07440000000000002,CC1(O)CCOC(=O)C1,3252.94970703125,423.0883798057401,-1.7947696447372437,0.15625,
43774312,CC1(C)C2CCC1(C)C(O)C2,DTGKSKDOIYIVQL-UHFFFAOYSA-N,154.135765196,2.1935000000000002,CC1(C)C2CCC1(C)C(O)C2,6100.7666015625,940.3463372337555,-2.6012120246887207,0.18333333730697632,
89554941,COC1=C(CC=C(C)C)C(=O)c2ccccc2C1=O,NHTTYMNGELRKMP-UHFFFAOYSA-N,256.10994437200003,3.322400000000002,COC1=C(CC=C(C)C)C(=O)c2ccccc2C1=O,273.7632141113281,70.11348037698617,-2.3120949268341064,0.2708333432674408,
10402815,Cl.N=C(N)NN,UBDZFAGVPPMTIT-UHFFFAOYSA-N,110.03592390399999,-1.2350300000000005,Cl.N=C(N)NN,681.8869018554688,75.03205629308701,-2.383140802383423,0.20000000298023224,
62915912,COc1cc(C=CC(=O)N2CCCCCCC2)cc(OC)c1OC,MDGVCMGGLSOVIQ-UHFFFAOYSA-N,333.194008344,3.5183000000000026,COc1cc(C=CC(=O)N2CCCCCCC2)cc(OC)c1OC,145.67984008789062,48.5396469939701,-2.498283863067627,0.29411765933036804,
69842031,CC(C)=CC1C(C(=O)O)C1(C)C,XLOPRKKSAJMMEW-UHFFFAOYSA-N,168.115029752,2.3094,CC(C)=CC1C(C(=O)O)C1(C)C,608.1285400390625,102.23554888432321,-2.484797716140747,0.18333333730697632,
10379936,COc1cc2c(cc1OC)C(=O)OC2,UKFAWRZYFYOXEG-UHFFFAOYSA-N,194.0579088,1.3741999999999999,COc1cc2c(cc1OC)C(=O)OC2,215.28665161132812,41.778078491523246,-2.4108550548553467,0.3396226465702057,
54286052,CCOc1cc(C=O)ccc1O,CBOQJANXLMLOSS-UHFFFAOYSA-N,166.06299418,1.6034,CCOc1cc(C=O)ccc1O,243.968017578125,40.51406069075365,-2.571129322052002,0.31147539615631104,
83013774,Cl.Nc1c2c(nc3ccccc13)CCCC2,ZUFVXZVXEJHHBN-UHFFFAOYSA-N,234.09237616,3.1176000000000013,Cl.Nc1c2c(nc3ccccc13)CCCC2,65.8302001953125,15.410348154245114,-2.489929437637329,0.3076923191547394,
37666302,COc1cc(OC)c(OC)cc1C=O,IAJBQAYHSQIQRE-UHFFFAOYSA-N,196.073558864,1.5249,COc1cc(OC)c(OC)cc1C=O,683.6474609375,134.04518927192566,-1.947871446609497,0.4054054021835327,
10270804,O=C([O-])c1ccccc1-c1c2cc(Br)c(=O)cc-2oc2c([Hg]O)c([O-])c(Br)cc12.[Na+].[Na+],SQFDQLBYJKFDDO-UHFFFAOYSA-K,749.8189437360002,-3.8499999999999996,O=C([O-])c1ccccc1-c1c2cc(Br)c(=O)cc-2oc2c([Hg]O)c([O-])c(Br)cc12.[Na+].[Na+],65.16500091552734,48.86195568575885,-1.55360746383667,0.21621622145175934,
61296708,O=C(O)C1C(=CCO)OC2CC(=O)N21.[LiH],TZEKKJSZIPSHNY-UHFFFAOYSA-N,207.07190197,-1.7441000000000002,O=C(O)C1C(=CCO)OC2CC(=O)N21.[LiH],440.9449768066406,91.30731353037496,-2.9831702709198,0.19117647409439087,
13530126,C=CC1CN2CCC1CC2C(OC(=O)OCC)c1ccnc2ccc(OC)cc12,NSBRKSWSLRQPJW-UHFFFAOYSA-N,396.204907376,4.3540000000000045,C=CC1CN2CCC1CC2C(OC(=O)OCC)c1ccnc2ccc(OC)cc12,196.04241943359375,77.67296825560351,-2.9236643314361572,0.24731183052062988,
51536456,CC(=O)NC(CC(C)C)C(=O)O,WXNXCEHXYPACJF-UHFFFAOYSA-N,173.10519334,0.6218000000000001,CC(=O)NC(CC(C)C)C(=O)O,456.9512939453125,79.10064146629408,-1.8326138257980347,0.3414634168148041,
84512392,COC(=O)C1=C(C)NC(C)=C(C(=O)OC)C1c1ccccc1[N+](=O)[O-],HYIMSNHJOBLJNT-UHFFFAOYSA-N,346.11648629599995,2.1756,COC(=O)C1=C(C)NC(C)=C(C(=O)OC)C1c1ccccc1[N+](=O)[O-],1021.0309448242188,353.39562849841786,-3.8720643520355225,0.3333333432674408,
10363549,CC12C=CC(=O)C=C1CCC1C2C(O)CC2(C)C1CCC2(O)C(=O)COC(=O)CCC(=O)O,APGDTXUMTIZLCJ-UHFFFAOYSA-N,460.20971798399984,1.9732999999999998,CC12C=CC(=O)C=C1CCC1C2C(O)CC2(C)C1CCC2(O)C(=O)COC(=O)CCC(=O)O,944.2374267578125,434.54723263646247,-2.453413724899292,0.1782178282737732,
64382489,CCCCCCCCCCOc1cc2c(O)c(C(=O)OCC)cnc2cc1OCC,JHAYEQICABJSTP-UHFFFAOYSA-N,417.25152322,6.035300000000007,CCCCCCCCCCOc1cc2c(O)c(C(=O)OCC)cnc2cc1OCC,357.0447692871094,148.97748090589644,-3.080545425415039,0.2405063360929489,
64967769,CC1CCC2(OC1)OC1CC3C4CCC5CC(O)CCC5(C)C4CC(=O)C3(C)C1C2C,QOLRLLFJMZLYQJ-UHFFFAOYSA-N,430.30830982399993,4.972800000000005,CC1CCC2(OC1)OC1CC3C4CCC5CC(O)CCC5(C)C4CC(=O)C3(C)C1C2C,29.50702476501465,12.697117717320904,-2.307072639465332,0.3164556920528412,
10991506,CC(C)(Oc1ccc(C(=O)c2ccc(Cl)cc2)cc1)C(=O)O,MQOBSOSZFYZQOK-UHFFFAOYSA-N,318.06588664,3.8130000000000033,CC(C)(Oc1ccc(C(=O)c2ccc(Cl)cc2)cc1)C(=O)O,158.628173828125,50.454208176410845,-2.015268325805664,0.3333333432674408,
93617863,CC(=O)OCC(=O)C1(O)C(C)CC2C3CCC4=CC(=O)C=CC4(C)C3(F)C(O)CC21C,AKUJBENLRBOFTD-UHFFFAOYSA-N,434.210466932,2.466500000000001,CC(=O)OCC(=O)C1(O)C(C)CC2C3CCC4=CC(=O)C=CC4(C)C3(F)C(O)CC21C,60.60805130004883,26.316650435999534,-1.4681259393692017,0.17171716690063477,
59571496,CN(CCCl)CCCl,HAWPXGHAZFHHAD-UHFFFAOYSA-N,155.026854712,1.3958,CN(CCCl)CCCl,5525.40576171875,856.586221248432,-1.824144959449768,0.12244898080825806,
23558735,OC1(c2ccc(Cl)c(C(F)(F)F)c2)CCN(CCCC(c2ccc(F)cc2)c2ccc(F)cc2)CC1,MDLAAYDRRZXJIF-UHFFFAOYSA-N,523.170133264,7.532700000000006,OC1(c2ccc(Cl)c(C(F)(F)F)c2)CCN(CCCC(c2ccc(F)cc2)c2ccc(F)cc2)CC1,781.507080078125,408.8611604870956,-2.0653305053710938,0.20779220759868622,
89120587,OCCN1CCN(CCCN2c3ccccc3Sc3ccc(Cl)cc32)CC1,RGCVKNLCSQQDEP-UHFFFAOYSA-N,403.14851113199995,3.942700000000003,OCCN1CCN(CCCN2c3ccccc3Sc3ccc(Cl)cc32)CC1,426.2446594238281,171.83989453818748,-2.479630947113037,0.25333333015441895,
57304637,CC(C)(O)C1CCC(C)(C2C(O)CC3(C)C4CC(OC5OC(CO)C(O)C(O)C5O)C5C(C)(C)C(OC6OCC(O)C(O)C6O)CCC56CC46CCC23C)O1,QMNWISYXSJWHRY-UHFFFAOYSA-N,784.460906856,0.7241000000000044,CC(C)(O)C1CCC(C)(C2C(O)CC3(C)C4CC(OC5OC(CO)C(O)C(O)C5O)C5C(C)(C)C(OC6OCC(O)C(O)C6O)CCC56CC46CCC23C)O1,80.29585266113281,62.988957909660655,-2.6633028984069824,0.1428571492433548,
42352587,NC(CO)(CO)CO.O=C(c1ccccc1)c1ccc2n1CCC2C(=O)O,BWHLPLXXIDYSNW-UHFFFAOYSA-N,376.16343648799995,-0.048200000000000076,NC(CO)(CO)CO.O=C(c1ccccc1)c1ccc2n1CCC2C(=O)O,123.42082977294922,46.42640525528007,-2.4867019653320312,0.23333333432674408,
63334115,CN1C(=O)OC(C)(C)C1=O,IRYJRGCIQBGHIV-UHFFFAOYSA-N,143.058243148,0.37359999999999993,CN1C(=O)OC(C)(C)C1=O,1278.7763671875,182.9394891452548,-1.994910478591919,0.14705882966518402,
69338722,CC[n+]1c(-c2ccccc2)c2cc(N)ccc2c2ccc(N)cc21.[Br-],ZMMJGEGLRURXTF-UHFFFAOYSA-N,393.08405974,1.1358,CC[n+]1c(-c2ccccc2)c2cc(N)ccc2c2ccc(N)cc21.[Br-],17.96343231201172,7.061138689203538,-2.5486981868743896,0.23333333432674408,
21585789,C=C(C)C1CCC2(CO)CCC3(C)C(CCC4C5(C)CCC(O)C(C)(C)C5CCC43C)C12,FVWJYYTZTCVBKE-UHFFFAOYSA-N,442.38108084,6.997200000000009,C=C(C)C1CCC2(CO)CCC3(C)C(CCC4C5(C)CCC(O)C(C)(C)C5CCC43C)C12,455.79180908203125,201.63366965915623,-1.6044563055038452,0.31081080436706543,
47165045,CC(C)(C)NC(=O)C1CN(Cc2cccnc2)CCN1CC(O)CC(Cc1ccccc1)C(=O)NC1c2ccccc2CC1O,CBVCZFGXHXORBI-UHFFFAOYSA-N,613.362804984,2.8669000000000016,CC(C)(C)NC(=O)C1CN(Cc2cccnc2)CCN1CC(O)CC(Cc1ccccc1)C(=O)NC1c2ccccc2CC1O,86.05343627929688,52.781973837565495,-1.9041130542755127,0.5283018946647644,
56861037,CN1CCCC(n2nc(Cc3ccc(Cl)cc3)c3ccccc3c2=O)CC1.Cl,YEJAJYAHJQIWNU-UHFFFAOYSA-N,417.13746777999995,4.719300000000006,CN1CCCC(n2nc(Cc3ccc(Cl)cc3)c3ccccc3c2=O)CC1.Cl,112.2330093383789,46.816591700623974,-2.692094087600708,0.24418604373931885,
87539212,OCCSCCO,YODZTKMDCQEPHD-UHFFFAOYSA-N,122.04015056,-0.2958,OCCSCCO,26345.1640625,3215.1677011927104,-2.439549684524536,0.1304347813129425,
10206925,NCC1OC(OC2C(CO)OC(OC3C(O)C(N)CC(N)C3OC3OC(CO)C(O)C(O)C3N)C2O)C(N)C(O)C1O.O=S(=O)(O)O,LJRDOKAZOAKLDU-UHFFFAOYSA-N,713.263680664,-9.514500000000016,NCC1OC(OC2C(CO)OC(OC3C(O)C(N)CC(N)C3OC3OC(CO)C(O)C(O)C3N)C2O)C(N)C(O)C1O.O=S(=O)(O)O,27.571578979492188,19.665806234112942,-2.0921311378479004,0.2567567527294159,
60595347,C#CC1(OC(C)=O)CCC2C3CCC4=CC(=NO)CCC4C3CCC21CC,KIQQMECNKUGGKA-UHFFFAOYSA-N,369.230393852,4.714500000000005,C#CC1(OC(C)=O)CCC2C3CCC4=CC(=NO)CCC4C3CCC21CC,542.5950317382812,200.3425762144874,-2.581615447998047,0.17204301059246063,
32565959,CC(CCC(=O)NCC(=O)O)C1CCC2C3C(O)CC4CC(O)CCC4(C)C3CC(O)C12C,RFDAIACWWDREDC-UHFFFAOYSA-N,465.30903809599994,2.564899999999999,CC(CCC(=O)NCC(=O)O)C1CCC2C3C(O)CC4CC(O)CCC4(C)C3CC(O)C12C,1477.057373046875,687.2881290461746,-1.762212872505188,0.17582418024539948,
10224343,O=C(O)c1ccc[n+]([O-])c1,FJCFFCXMEXZEIM-UHFFFAOYSA-N,139.02694302,0.01819999999999994,O=C(O)c1ccc[n+]([O-])c1,175.5667266845703,24.408506168795434,-2.880204677581787,0.2702702581882477,
77906261,COc1c(-c2ccccc2)oc2c(ccc3ccoc32)c1=O,JANBLZHPNGBWAO-UHFFFAOYSA-N,292.07355886399995,4.214800000000003,COc1c(-c2ccccc2)oc2c(ccc3ccoc32)c1=O,245.47634887695312,71.69715121642925,-3.33034086227417,0.24561403691768646,
95661578,COC(=O)NC(C(=O)NC(Cc1ccccc1)C(O)CN(Cc1ccc(-c2ccccn2)cc1)NC(=O)C(NC(=O)OC)C(C)(C)C)C(C)(C)C.O=S(=O)(O)O,DQSGVVGOPRWTKI-UHFFFAOYSA-N,802.3571275480003,3.5588000000000024,COC(=O)NC(C(=O)NC(Cc1ccccc1)C(O)CN(Cc1ccc(-c2ccccn2)cc1)NC(=O)C(NC(=O)OC)C(C)(C)C)C(C)(C)C.O=S(=O)(O)O,99.74154663085938,80.02834219100919,-1.595948576927185,0.26923078298568726,
57586398,CC(C)=CCCC(C)=CCCC(C)=CCO,CRDAMVZIKSXKFV-UHFFFAOYSA-N,222.198365452,4.397900000000004,CC(C)=CCCC(C)=CCCC(C)=CCO,746.4288940429688,165.85528304320755,-4.1007256507873535,0.3571428656578064,
10238506,O=C(c1cccnc1)N1CCOCC1,QLPQPTXSAXQCMR-UHFFFAOYSA-N,192.089877624,0.5539999999999999,O=C(c1cccnc1)N1CCOCC1,448.96563720703125,86.24175462906439,-2.033445358276367,0.30000001192092896,
56310019,O=C(C=Cc1ccccc1)c1ccc(O)cc1O,JUMSUVHHUVPSOY-UHFFFAOYSA-N,240.078644244,2.9939000000000013,O=C(C=Cc1ccccc1)c1ccc(O)cc1O,200.32611083984375,48.09401849271894,-2.697324275970459,0.27659574151039124,
43120955,CCOC(=O)c1c(C)cc(OC)cc1O,PJOOIAZRUIIQMU-UHFFFAOYSA-N,210.089208928,1.88592,CCOC(=O)c1c(C)cc(OC)cc1O,1556.3951416015625,326.98180564564,-1.6222988367080688,0.2545454502105713,
60546287,CC(C)NCC(O)COc1cccc2[nH]ccc12,JZQKKSLKJUAGIC-UHFFFAOYSA-N,248.15247788,1.9055999999999995,CC(C)NCC(O)COc1cccc2[nH]ccc12,93.0765151977539,23.097168988086132,-3.4075264930725098,0.2542372941970825,
11199741,CCCc1ncc(C[n+]2ccccc2C)c(N)n1.[Cl-],LCTXBFGHZLGBNU-UHFFFAOYSA-M,278.129824288,-1.3404799999999972,CCCc1ncc(C[n+]2ccccc2C)c(N)n1.[Cl-],34.079341888427734,9.478481702835671,-2.1381752490997314,0.2542372941970825,
80060569,NC(CSCSCC(N)C(=O)O)C(=O)O,JMQMNWIBUCGUDO-UHFFFAOYSA-N,254.039498928,-0.7658999999999989,NC(CSCSCC(N)C(=O)O)C(=O)O,5434.0322265625,1380.4587571277607,-2.403433084487915,0.25806450843811035,
87171484,Clc1ccc(C(Cn2ccnc2)OCc2ccsc2Cl)c(Cl)c1,QXHHHPZILQDDPS-UHFFFAOYSA-N,385.981417076,5.8629000000000016,Clc1ccc(C(Cn2ccnc2)OCc2ccsc2Cl)c(Cl)c1,18.230716705322266,7.036717505882401,-2.7004480361938477,0.7647058963775635,
45265514,Cl.O=C1CN2Cc3c(ccc(Cl)c3Cl)N=C2N1,TVWRQCIPWUCNMI-UHFFFAOYSA-N,290.97329491600004,2.3481000000000005,Cl.O=C1CN2Cc3c(ccc(Cl)c3Cl)N=C2N1,93.02808380126953,27.06869012723699,-2.541487455368042,0.18518517911434174,
77947939,CC(C)=CCCC(C)C1CCC2(C)C3=C(CCC12C)C1(C)CCC(O)C(C)(C)C1CC3,CAHGCLMLTWQZNJ-UHFFFAOYSA-N,426.38616621999995,8.479100000000006,CC(C)=CCCC(C)C1CCC2(C)C3=C(CCC12C)C1(C)CCC(O)C(C)(C)C1CC3,7.763091087341309,3.3100746133914543,-1.9523924589157104,0.1621621549129486,
34013605,COc1cc(O)c2c(=O)cc(C)oc2c1CC=C(C)C,KVNRDSLYCOJCRD-UHFFFAOYSA-N,274.120509056,3.324320000000002,COc1cc(O)c2c(=O)cc(C)oc2c1CC=C(C)C,488.94097900390625,134.02875143535366,-3.2475314140319824,0.19736842811107635,
63904758,CCCCOC(=O)CCCCCCC(=O)OCCCC,LBXQUCHUHCBNTC-UHFFFAOYSA-N,286.21440944,4.013600000000004,CCCCOC(=O)CCCCCCC(=O)OCCCC,180.61216735839844,51.69380747947693,-1.8927406072616577,0.4000000059604645,
68232779,COc1ccc2c(c1)c(CC(=O)O)c(C)n2C(=O)c1ccc(Cl)cc1,CGIGDMFJXJATDK-UHFFFAOYSA-N,357.07678567199997,3.9273200000000026,COc1ccc2c(c1)c(CC(=O)O)c(C)n2C(=O)c1ccc(Cl)cc1,203.43008422851562,72.64016135150624,-2.6409912109375,0.26229506731033325,
34706605,O=c1[nH]c(=O)n(C2CC(O)C(CO)O2)cc1C=CBr,ODZBBRURCPAEIQ-UHFFFAOYSA-N,332.00078361600004,-0.45710000000000006,O=c1[nH]c(=O)n(C2CC(O)C(CO)O2)cc1C=CBr,38.55998229980469,12.80194380545695,-2.937192678451538,0.3235294222831726,
24945041,OCC(O)C1OC2OC(C(Cl)(Cl)Cl)OC2C1O,OJYGBLRPYBAHRT-UHFFFAOYSA-N,307.962121112,-0.46290000000000026,OCC(O)C1OC2OC(C(Cl)(Cl)Cl)OC2C1O,226.3733367919922,69.71441079565827,-3.615675449371338,0.15094339847564697,
86478974,CCCCc1oc2ccccc2c1C(=O)c1cc(I)c(OCCN(CC)CC)c(I)c1.Cl,ITPDYQOUSLNIHG-UHFFFAOYSA-N,681.0003675000002,7.358000000000007,CCCCc1oc2ccccc2c1C(=O)c1cc(I)c(OCCN(CC)CC)c(I)c1.Cl,49.96019744873047,34.02291184877918,-2.099454879760742,0.9814814925193787,
84238546,Cl.Clc1ccc(Cn2c(CN3CCCC3)nc3ccccc32)cc1,DNFMJYXRIMLMBZ-UHFFFAOYSA-N,361.11125303200004,4.755600000000004,Cl.Clc1ccc(Cn2c(CN3CCCC3)nc3ccccc32)cc1,26.51225471496582,9.573873273299917,-3.0518510341644287,0.38461539149284363,
71749475,C=C1CCC(=O)C(C)CCC2C1CC2(C)C,GWBJPNAWYMBRLQ-UHFFFAOYSA-N,220.182715388,3.9841000000000033,C=C1CCC(=O)C(C)CCC2C1CC2(C)C,1247.6435546875,274.70955347678665,-2.1092007160186768,0.17105263471603394,
81740774,CN(CCOc1ccc(CC2SC(=O)NC2=O)cc1)c1ccccn1.O=C(O)C=CC(=O)O,SUFUKZSWUHZXAV-UHFFFAOYSA-N,473.12567107599995,2.2027,CN(CCOc1ccc(CC2SC(=O)NC2=O)cc1)c1ccccn1.O=C(O)C=CC(=O)O,46.27507400512695,21.89392439934921,-2.086916446685791,0.25,
90826761,COc1ccc2c3c([nH]c2c1)C(C)=NCC3,RERZNCLIYCABFS-UHFFFAOYSA-N,214.110613068,2.5416000000000007,COc1ccc2c3c([nH]c2c1)C(C)=NCC3,233.39129638671875,49.97155429429089,-2.201256275177002,0.26229506731033325,
43660401,CCN(C)C(=O)Oc1cccc(C(C)N(C)C)c1.O=C(O)C(O)C(O)C(=O)O,GWHQHAUAXRMMOT-UHFFFAOYSA-N,400.1845658559999,0.6371000000000009,CCN(C)C(=O)Oc1cccc(C(C)N(C)C)c1.O=C(O)C(O)C(O)C(=O)O,33.93122863769531,13.578754251791787,-3.8624870777130127,0.2461538463830948,
30169757,CC#CCN1C(N2CCCC(N)C2)=NC2C1C(=O)N(Cc1nc(C)c3ccccc3n1)C(=O)N2C,BTGFGXRESYKOCS-UHFFFAOYSA-N,474.24917220000003,1.1449200000000028,CC#CCN1C(N2CCCC(N)C2)=NC2C1C(=O)N(Cc1nc(C)c3ccccc3n1)C(=O)N2C,341.7537841796875,162.07644766045686,-2.0129873752593994,0.22680412232875824,
65325923,CC1CCC2(C(=O)OC3OC(COC4OC(CO)C(OC5OC(C)C(O)C(O)C5O)C(O)C4O)C(O)C(O)C3O)CCC3(C)C(=CCC4C5(C)CC(O)C(O)C(C)(CO)C5CCC43C)C2C1C,WYQVAPGDARQUBT-UHFFFAOYSA-N,958.5137302759999,-1.0327999999999866,CC1CCC2(C(=O)OC3OC(COC4OC(CO)C(OC5OC(C)C(O)C(O)C5O)C(O)C4O)C(O)C(O)C3O)CCC3(C)C(=CCC4C5(C)CC(O)C(O)C(C)(CO)C5CCC43C)C2C1C,104.8628158569336,100.51244953698901,-1.6958469152450562,0.16058394312858582,
25665903,CCC(C)C(N)C(=O)O,AGPKZVBTJJNPAG-UHFFFAOYSA-N,131.094628656,0.44439999999999996,CCC(C)C(N)C(=O)O,129.98928833007812,17.040898514317345,-2.1400773525238037,0.3076923191547394,
18076135,CC(=O)Nc1ncc([N+](=O)[O-])s1,UJRRDDHEMZLWFI-UHFFFAOYSA-N,187.00516202,1.0096999999999998,CC(=O)Nc1ncc([N+](=O)[O-])s1,249.1525421142578,46.59281132742964,-2.3034448623657227,0.5744680762290955,
57673020,Cc1cc(O)c2c(c1)C(=O)c1cc(O)cc(O)c1C2=O,RHMXXJGYXNZAPX-UHFFFAOYSA-N,270.05282342,1.8872199999999997,Cc1cc(O)c2c(c1)C(=O)c1cc(O)cc(O)c1C2=O,123.71611785888672,33.40988641526896,-2.3595826625823975,0.5675675868988037,
35888936,NS(=O)(=O)c1ccc(C(=O)O)cc1,UCAGLBKTLXCODC-UHFFFAOYSA-N,201.009578704,0.03219999999999995,NS(=O)(=O)c1ccc(C(=O)O)cc1,1038.6466064453125,208.77791122467906,-2.740891695022583,0.4642857015132904,
79427797,CC1CCC2(OC1)OC1CC3C4CCC5CC(O)CCC5(C)C4CCC3(C)C1C2C,GMBQZIIUCVWOCD-UHFFFAOYSA-N,416.32904526799996,5.793800000000006,CC1CCC2(OC1)OC1CC3C4CCC5CC(O)CCC5(C)C4CCC3(C)C1C2C,137.82644653320312,57.38115130968023,-3.704545259475708,0.3378378450870514,
26093532,C[N+]1(C)C2CCC1CC(OC(=O)C(O)c1ccccc1)C2.[Br-],FUFVKLQESJNNAN-UHFFFAOYSA-M,369.093955728,-0.9629999999999976,C[N+]1(C)C2CCC1CC(OC(=O)C(O)c1ccccc1)C2.[Br-],59.47493362426758,21.951838617039872,-3.270664691925049,0.24193547666072845,
30389512,COc1cc(OC)c2c(c1Cl)OC1(C2=O)C(O)=CC(=O)CC1C,KUTVEHNZHKAAAO-UHFFFAOYSA-N,338.05571588,2.7219000000000007,COc1cc(OC)c2c(c1Cl)OC1(C2=O)C(O)=CC(=O)CC1C,358.7226257324219,121.26823452791976,-2.136622428894043,0.21621622145175934,
11390489,C=CC1(C)CC(=O)C2(O)C(C)(O1)C(O)C(O)C1C(C)(C)CCC(O)C12C,WPDITXOBNLYZHH-UHFFFAOYSA-N,368.219888744,0.9490999999999989,C=CC1(C)CC(=O)C2(O)C(C)(O1)C(O)C(O)C1C(C)(C)CCC(O)C12C,95.22285461425781,35.062948383257705,-2.669410228729248,0.1808510571718216,
12051696,CS(=O)(=O)Nc1ccc([N+](=O)[O-])cc1Oc1ccccc1,HYWYRSMBCFDLJT-UHFFFAOYSA-N,308.046692484,2.7586000000000013,CS(=O)(=O)Nc1ccc([N+](=O)[O-])cc1Oc1ccccc1,25.97422981262207,8.001275900325021,-2.5592777729034424,0.3392857015132904,
10529890,CC(=O)OC1CCC2(C)C(CCC3(C)C2C2OC2C24OC(=O)C5(CCC(C)C(C)C52)CCC34C)C1(C)C,YAMVHWVYHOZWMH-UHFFFAOYSA-N,512.350174636,6.322200000000008,CC(=O)OC1CCC2(C)C(CCC3(C)C2C2OC2C24OC(=O)C5(CCC(C)C(C)C52)CCC34C)C1(C)C,12.653704643249512,6.483127829568927,-2.4398059844970703,0.18478260934352875,
48452209,NC(=O)c1cc([N+](=O)[O-])cc([N+](=O)[O-])c1,UUKWKUSGGZNXGA-UHFFFAOYSA-N,211.02292026,0.6018999999999999,NC(=O)c1cc([N+](=O)[O-])cc([N+](=O)[O-])c1,123.55477905273438,26.072890715437257,-2.8114776611328125,0.47058823704719543,
66464175,CC(C)(O)C1C2OC(=O)C1C1(O)CC3OC34C(=O)OC2C14C,RYEFFICCPKWYML-UHFFFAOYSA-N,310.105252916,-0.8672,CC(C)(O)C1C2OC(=O)C1C1(O)CC3OC34C(=O)OC2C14C,322.390380859375,99.9749495589941,-3.355231523513794,0.17171716690063477,
33658934,COc1ccc(O)c(C(C)(C)C)c1,MRBKEAMVRSLQPH-UHFFFAOYSA-N,180.115029752,2.6983000000000006,COc1ccc(O)c(C(C)(C)C)c1,520.515625,93.75268651028603,-2.3944993019104004,0.3571428656578064,
89294589,CCOc1ccccc1C(N)=O,SBNKFTQSBPKMBZ-UHFFFAOYSA-N,165.078978592,1.1842,CCOc1ccccc1C(N)=O,95.60626983642578,15.782586207943586,-2.078317642211914,0.3684210479259491,
41992184,CC(=O)OC1CCC2(C)C(CCC3C4CC=C(C(C)=O)C4(C)CCC32)C1,YFMSIVMSEGIVCP-UHFFFAOYSA-N,358.25079494799996,5.086100000000005,CC(=O)OC1CCC2(C)C(CCC3C4CC=C(C(C)=O)C4(C)CCC32)C1,445.22674560546875,159.50284024302064,-1.85330331325531,0.18518517911434174,
11322636,CC(=O)Oc1ccc(O)cc1,HBMCQTHGYMTCOF-UHFFFAOYSA-N,152.047344116,1.3175,CC(=O)Oc1ccc(O)cc1,151.1464080810547,22.981410501412075,-2.381429672241211,0.2857142984867096,
85153581,CNCc1ccccc1.Cl,CBSOFSBFHDQRLV-UHFFFAOYSA-N,157.065827064,1.8277999999999999,CNCc1ccccc1.Cl,620.0623779296875,97.39061538853966,-2.252527952194214,0.4000000059604645,
80531788,CC(C)NCC(O)c1ccc(NS(C)(=O)=O)cc1.Cl,VIDRYROWYFWGSY-UHFFFAOYSA-N,308.096141212,1.5112999999999999,CC(C)NCC(O)c1ccc(NS(C)(=O)=O)cc1.Cl,509.8375244140625,157.0789689220541,-2.703495979309082,0.25,
56362568,O=C(c1ccc(F)cc1)C1CCN(CCn2c(=O)[nH]c3ccccc3c2=O)CC1,FPCCSQOGAWCVBH-UHFFFAOYSA-N,395.16451978399994,2.423800000000001,O=C(c1ccc(F)cc1)C1CCN(CCn2c(=O)[nH]c3ccccc3c2=O)CC1,538.4490966796875,212.77598342828543,-1.6313978433609009,0.3086419701576233,
11578460,Cl.Cl.NCCSSCCN,YUFRRMZSSPQMOS-UHFFFAOYSA-N,223.99754580799998,1.1288,Cl.Cl.NCCSSCCN,4888.43017578125,1094.9963494115275,-3.438998222351074,0.1071428582072258,
47967558,O=C(CCCN1CCC(O)(c2ccc(Br)cc2)CC1)c1ccc(F)cc1,RKLNONIVDFXQRX-UHFFFAOYSA-N,419.089619296,4.5347000000000035,O=C(CCCN1CCC(O)(c2ccc(Br)cc2)CC1)c1ccc(F)cc1,937.2802734375,392.8044179807599,-2.3343591690063477,0.2539682686328888,
35111676,O=S1(=O)OC(c2ccc(O)cc2)(c2ccc(O)cc2)c2ccccc21,BELBBZDIHDAJOR-UHFFFAOYSA-N,354.056194548,3.108600000000001,O=S1(=O)OC(c2ccc(O)cc2)(c2ccc(O)cc2)c2ccccc21,616.6718139648438,218.3364710102446,-2.1514618396759033,0.23076923191547394,
85809537,COc1c(C)c2c(c(O)c1CC=C(C)CCC(=O)OCCN1CCOCC1)C(=O)OC2,RTGDFNSFWBGLEC-UHFFFAOYSA-N,433.210052332,2.52402,COc1c(C)c2c(c(O)c1CC=C(C)CCC(=O)OCCN1CCOCC1)C(=O)OC2,532.3277587890625,230.60974161362293,-2.5991058349609375,0.23529411852359772,
99184566,CC12C(=O)OC(=O)C1(C)C1CCC2O1,DHZBEENLJMYSHQ-UHFFFAOYSA-N,196.073558864,0.6436,CC12C(=O)OC(=O)C1(C)C1CCC2O1,1069.7841796875,209.75638833588792,-2.2620139122009277,0.17241379618644714,
44091864,CC1=NN(c2ccccc2)C(=O)C1,QELUYTUMUWHWMC-UHFFFAOYSA-N,174.07931294,1.7992,CC1=NN(c2ccccc2)C(=O)C1,412.4512634277344,71.79923322279483,-2.630547046661377,0.260869562625885,
87803843,CCCNCC(O)COc1ccccc1C(=O)CCc1ccccc1.Cl,XWIHRGFIPXWGEF-UHFFFAOYSA-N,377.175771436,3.663200000000003,CCCNCC(O)COc1ccccc1C(=O)CCc1ccccc1.Cl,36.27437210083008,13.681813414952128,-1.8719836473464966,0.34545454382896423,
58007682,NC(Cc1cc(I)c(O)c(I)c1)C(=O)O.O.O,YWAGQOOMOOUEGY-UHFFFAOYSA-N,468.8883185159999,-0.09360000000000018,NC(Cc1cc(I)c(O)c(I)c1)C(=O)O.O.O,50.814979553222656,23.826549954812506,-3.0185630321502686,0.2857142984867096,
54175507,CC1(C)OC2CC(=O)OCC23C1CC(=O)C1(C)C3CCC2(C)C(c3ccoc3)OC(=O)C3OC321,KBDSLGBFQAGHBE-UHFFFAOYSA-N,470.1940679199999,3.137400000000002,CC1(C)OC2CC(=O)OCC23C1CC(=O)C1(C)C3CCC2(C)C(c3ccoc3)OC(=O)C3OC321,342.0062255859375,160.809289493977,-1.200510025024414,0.16853933036327362,
38598995,Cc1cc2c(s1)Nc1ccccc1N=C2N1CCN(C)CC1,KVWDHTXUZHCGIO-UHFFFAOYSA-N,312.14086764,3.4392200000000033,Cc1cc2c(s1)Nc1ccccc1N=C2N1CCN(C)CC1,1979.1317138671875,617.7678855774525,-2.4154467582702637,0.22058823704719543,
10948300,COc1ccccc1O,LHGVFZTZFXWLCP-UHFFFAOYSA-N,124.052429496,1.4008,COc1ccccc1O,256.0794677734375,31.767283493047614,-1.9922534227371216,0.3076923191547394,
20006014,OCC1OC(OCC2OC(O)C(O)C(O)C2O)C(O)C(O)C1O,DLRVVLDZNNYCBX-UHFFFAOYSA-N,342.11621152399994,-5.397199999999993,OCC1OC(OCC2OC(O)C(O)C(O)C2O)C(O)C(O)C1O,207.84278869628906,71.10639031619779,-2.3894588947296143,0.2631579041481018,
65946147,CCOC(=O)C1=C(COCCN)NC(C)=C(C(=O)OC)C1c1ccccc1Cl.O=S(=O)(O)c1ccccc1,ZPBWCRDSRKPIDG-UHFFFAOYSA-N,566.1489646319999,3.199600000000002,CCOC(=O)C1=C(COCCN)NC(C)=C(C(=O)OC)C1c1ccccc1Cl.O=S(=O)(O)c1ccccc1,45.600276947021484,25.81654929365525,-2.4128189086914062,0.3218390941619873,
51448493,C=C(C)C1CCC2(C(=O)O)CCC3(C)C(CCC4C5(C)CCC(O)C(C)(C)C5CCC43C)C12,QGJZLNKBHJESQX-UHFFFAOYSA-N,456.36034539599996,7.089500000000009,C=C(C)C1CCC2(C(=O)O)CCC3(C)C(CCC4C5(C)CCC(O)C(C)(C)C5CCC43C)C12,134.9144744873047,61.5696153599103,-2.9479804039001465,0.46268656849861145,
37137434,C[N+](C)(CCOc1ccccc1)Cc1ccccc1.O=C([O-])c1cc2ccccc2cc1O,PMPQCPQAHTXCDK-UHFFFAOYSA-M,443.20965840799994,4.250900000000005,C[N+](C)(CCOc1ccccc1)Cc1ccccc1.O=C([O-])c1cc2ccccc2cc1O,157.80615234375,69.94120680668168,-2.4238250255584717,0.2857142984867096,
69886937,COc1ccc(-c2cc(=O)c3c(OC)c(OC)c(OC)cc3o2)cc1OC,LKMNXYDUQXAUCZ-UHFFFAOYSA-N,372.12090298,3.503000000000003,COc1ccc(-c2cc(=O)c3c(OC)c(OC)c(OC)cc3o2)cc1OC,365.4659423828125,135.99751524584133,-3.408008575439453,0.25999999046325684,
19883406,CC1CCC(C(C)C)C(=O)C1,NFLGAXVYCFJBMK-UHFFFAOYSA-N,154.135765196,2.6477000000000013,CC1CCC(C(C)C)C(=O)C1,376.70501708984375,58.063716613547776,-2.334176778793335,0.1964285671710968,
66390311,COc1cc2ncnc(Nc3ccc(F)c(Cl)c3)c2cc1OCCCN1CCOCC1,XGALLCVXEZPNRQ-UHFFFAOYSA-N,446.15209652799996,4.275600000000003,COc1cc2ncnc(Nc3ccc(F)c(Cl)c3)c2cc1OCCCN1CCOCC1,124.42755889892578,55.513618741741496,-3.8402388095855713,0.24752475321292877,
77843848,COc1ccc(-c2coc3cc(OC(C)=O)cc(OC(C)=O)c3c2=O)cc1,VXOBVHAUXZVHTL-UHFFFAOYSA-N,368.089602852,3.319200000000002,COc1ccc(-c2coc3cc(OC(C)=O)cc(OC(C)=O)c3c2=O)cc1,307.1465759277344,113.05746229146361,-2.2980830669403076,0.2567567527294159,
41189161,COc1ccc2c(c1)OCc1c-2oc2cc(OC)ccc12,FLEXCYTURSFUNC-UHFFFAOYSA-N,282.089208928,4.009400000000002,COc1ccc2c(c1)OCc1c-2oc2cc(OC)ccc12,355.15203857421875,100.18455821586569,-2.202514410018921,0.24637681245803833,
88447197,CN1CCc2c(c3ccccc3n2Cc2ccccc2)C1,FQQIIPAOSKSOJM-UHFFFAOYSA-N,276.16264864,3.677500000000003,CN1CCc2c(c3ccccc3n2Cc2ccccc2)C1,523.5220947265625,144.57724395565626,-3.5146892070770264,0.29629629850387573,
64340083,CCC1(c2ccccc2)NC(=O)N(C)C1=O,GMHKMTDVRCWUDX-UHFFFAOYSA-N,218.105527688,1.4735000000000003,CCC1(c2ccccc2)NC(=O)N(C)C1=O,503.4783935546875,109.81142382577626,-2.2891409397125244,0.2982456088066101,
55122521,Cl.OC(CCN1CCCC1)(c1ccccc1)C1CCCCC1,ZFSPFXJSEHCTTR-UHFFFAOYSA-N,323.20159226,4.362200000000004,Cl.OC(CCN1CCCC1)(c1ccccc1)C1CCCCC1,250.66221618652344,81.0144246168432,-2.4805822372436523,0.25,
79904295,O=C(C=Cc1ccc(O)cc1)c1ccccc1,PWWCDTYUYPOAIU-UHFFFAOYSA-N,224.083729624,3.2883000000000013,O=C(C=Cc1ccc(O)cc1)c1ccccc1,146.24267578125,32.77060475351316,-2.864424705505371,0.30434781312942505,
95917801,OCC1OC(Oc2cc(O)cc(C=Cc3ccc(O)cc3)c2)C(O)C(O)C1O,HSTZMXCBWJGKHG-UHFFFAOYSA-N,390.13146766399996,0.44689999999999946,OCC1OC(Oc2cc(O)cc(C=Cc3ccc(O)cc3)c2)C(O)C(O)C1O,20.706254959106445,8.078161648647999,-2.7302050590515137,0.2539682686328888,
62455020,O=C(OCc1ccccc1)c1ccccc1,SESFRYSPDFLNCH-UHFFFAOYSA-N,212.083729624,3.0436000000000014,O=C(OCc1ccccc1)c1ccccc1,325.6374816894531,69.06241329070137,-2.561052083969116,0.37837839126586914,
32753893,COc1cc(OC)c2c(=O)c(O)c(-c3ccc(OC)c(OC)c3)oc2c1,AAASNKNLMQBKFV-UHFFFAOYSA-N,358.105252916,3.200000000000001,COc1cc(OC)c2c(=O)c(O)c(-c3ccc(OC)c(OC)c3)oc2c1,23.478214263916016,8.4076723212437,-2.5936684608459473,0.28787878155708313,
69271249,NS(=O)(=O)Cc1noc2ccccc12,UBQNRHZMVUUOMG-UHFFFAOYSA-N,212.025563116,0.6163,NS(=O)(=O)Cc1noc2ccccc12,79.3717269897461,16.828835325331372,-2.3036258220672607,0.23999999463558197,
88796543,COc1ccc(C(=O)c2ccccc2O)c(O)c1,MEZZCSHVIGVWFI-UHFFFAOYSA-N,244.073558864,2.3374000000000015,COc1ccc(C(=O)c2ccccc2O)c(O)c1,467.6661682128906,114.1449413806766,-3.9563825130462646,0.3777777850627899,
41261402,Cl.Cl.Cl.NCCCCNCCCN,LCNBIHVSOPXFMR-UHFFFAOYSA-N,253.08793074399998,0.9291,Cl.Cl.Cl.NCCCCNCCCN,5210.3994140625,1318.689260120243,-2.741356372833252,0.260869562625885,
59439157,CCC1(O)CC2CN(CCc3c([nH]c4ccccc34)C(C(=O)OC)(c3cc4c(cc3OC)N(C)C3C(O)(C(=O)OC)C(OC(C)=O)C5(CC)C=CCN6CCC43C65)C2)C1.O=S(=O)(O)O,KDQAABAKXDWYSZ-UHFFFAOYSA-N,908.3877589800001,3.3381000000000043,CCC1(O)CC2CN(CCc3c([nH]c4ccccc34)C(C(=O)OC)(c3cc4c(cc3OC)N(C)C3C(O)(C(=O)OC)C(OC(C)=O)C5(CC)C=CCN6CCC43C65)C2)C1.O=S(=O)(O)O,247.8646697998047,225.1572262987728,-1.7415152788162231,0.19083969295024872,
11565714,C=C1CCC(O)CC1=CC=C1CCCC2(C)C1CCC2C(C)CCCC(C)C,QYSXJUFSXHHAJI-UHFFFAOYSA-N,384.339216028,7.619000000000008,C=C1CCC(O)CC1=CC=C1CCCC2(C)C1CCC2C(C)CCCC(C)C,76.49131774902344,29.398613440234346,-2.970320701599121,0.15068493783473969,
55141838,COc1ccccc1N1CCN(CCCNc2cc(=O)n(C)c(=O)n2C)CC1.Cl,KTMLZVUAXJERAT-UHFFFAOYSA-N,423.2037175,1.1385999999999994,COc1ccccc1N1CCN(CCCNc2cc(=O)n(C)c(=O)n2C)CC1.Cl,62.34508514404297,26.384671233252593,-3.4555044174194336,0.2716049253940582,
15539533,C=CCC1C=C(C)CC(C)CC(OC)C2OC(O)(C(=O)C(=O)N3CCCCC3C(=O)OC(C(C)=CC3CCC(O)C(OC)C3)C(C)C(O)CC1=O)C(C)CC2OC,QJJXYPPXXYFBGM-UHFFFAOYSA-N,803.4819766480001,4.639000000000004,C=CCC1C=C(C)CC(C)CC(OC)C2OC(O)(C(=O)C(=O)N3CCCCC3C(=O)OC(C(C)=CC3CCC(O)C(OC)C3)C(C)C(O)CC1=O)C(C)CC2OC,1536.638916015625,1234.6617211426023,-1.836139440536499,0.15789473056793213,
42811515,C[N+]1(C)CCC(OC(=O)C(O)(c2ccccc2)C2CCCC2)C1.[Br-],VPNYRYCIDCJBOM-UHFFFAOYSA-M,397.125255856,-0.5396999999999981,C[N+]1(C)CCC(OC(=O)C(O)(c2ccccc2)C2CCCC2)C1.[Br-],246.9335174560547,98.06353724597815,-2.041421890258789,0.20000000298023224,
36828027,CC1CC2C3CCC4=CC(=O)C=CC4(C)C3(F)C(O)CC2(C)C1(O)C(=O)CO,UREBDLICKHMUKA-UHFFFAOYSA-N,392.19990224799994,1.8957000000000002,CC1CC2C3CCC4=CC(=O)C=CC4(C)C3(F)C(O)CC2(C)C1(O)C(=O)CO,223.00973510742188,87.46439640299097,-1.8043301105499268,0.190476194024086,
67701920,COc1ccc(-c2cc(=O)c3c(OC)c(OC)c(OC)c(OC)c3o2)cc1,ULSUXBXHSYSGDT-UHFFFAOYSA-N,372.12090298,3.503000000000003,COc1ccc(-c2cc(=O)c3c(OC)c(OC)c(OC)c(OC)c3o2)cc1,213.18988037109375,79.33241251994005,-2.838651180267334,0.23999999463558197,
81993055,CC1CCC2(OC1)OC1CC3C4CC=C5CC(O)CCC5(C)C4CCC3(C)C1C2C,WQLVFSAGQJTQCK-UHFFFAOYSA-N,414.31339520399996,5.713900000000006,CC1CCC2(OC1)OC1CC3C4CC=C5CC(O)CCC5(C)C4CCC3(C)C1C2C,1783.7674560546875,739.0387533431397,-2.0845141410827637,0.25,
73613025,NCCC(=O)NC(Cc1c[nH]cn1)C(=O)O,CQOVPNPJLQNMDC-UHFFFAOYSA-N,226.106590308,-1.1295999999999988,NCCC(=O)NC(Cc1c[nH]cn1)C(=O)O,83.3183364868164,18.83882526966275,-2.07485294342041,0.3734939694404602,
50359846,CC(C)Cc1ccc(C(C)C(=O)O)cc1,HEFNNWSXXWATRW-UHFFFAOYSA-N,206.130679816,3.073200000000001,CC(C)Cc1ccc(C(C)C(=O)O)cc1,486.30419921875,100.2422140519926,-1.9272292852401733,0.3488371968269348,
34426411,Cl.Clc1ccc(C(OCCN2CCCCC2)c2ccccc2)cc1,UNPLRYRWJLTVAE-UHFFFAOYSA-N,365.13131978,5.353700000000005,Cl.Clc1ccc(C(OCCN2CCCCC2)c2ccccc2)cc1,296.2630920410156,108.17492535479288,-2.540170192718506,0.3333333432674408,
10710664,CC1CCC(C(C)C)C(O)C1,NOOLISFMXDJSKH-UHFFFAOYSA-N,156.15141526,2.4395000000000007,CC1CCC(C(C)C)C(O)C1,1932.211181640625,301.71750731819344,-1.5888506174087524,0.20000000298023224,
91916710,C=C(C)c1cc2cc(C(C)=O)c(O)cc2o1,OPUFDNZTKHPZHM-UHFFFAOYSA-N,216.078644244,3.374100000000002,C=C(C)c1cc2cc(C(C)=O)c(O)cc2o1,83.031494140625,17.941333494855204,-2.6014585494995117,0.21153846383094788,
81810894,CCCCCCCCCCCCCCCC(=O)OCC(O)CO,QHZLMUACJMDIAE-UHFFFAOYSA-N,330.27700969599994,4.364100000000005,CCCCCCCCCCCCCCCC(=O)OCC(O)CO,413.6692199707031,136.62543580999096,-2.8019418716430664,0.30612245202064514,
43088854,COc1ccc(C(=O)c2ccccc2)c(O)c1,DXGLGDHPHMLXJC-UHFFFAOYSA-N,228.078644244,2.631800000000001,COc1ccc(C(=O)c2ccccc2)c(O)c1,390.4426574707031,89.05163468985177,-3.070002794265747,0.4000000059604645,
84360097,C[n+]1cccc(C(=O)[O-])c1,WWNNZCOKKKDOPX-UHFFFAOYSA-N,137.047678464,-1.1254000000000004,C[n+]1cccc(C(=O)[O-])c1,293.1667175292969,40.17781931461519,-4.039710521697998,0.23076923191547394,
43704248,O=C([O-])Cc1ccccc1.[Na+],HZOREEUASZHZBI-UHFFFAOYSA-M,158.034373744,-3.0169999999999995,O=C([O-])Cc1ccccc1.[Na+],237.18385314941406,37.48320182653067,-3.9420604705810547,0.3870967626571655,
28391105,CCNC(=O)CCC(N)C(=O)[O-].[K+],DGLVJRIZJHOXLW-UHFFFAOYSA-M,212.056323956,-5.016099999999998,CCNC(=O)CCC(N)C(=O)[O-].[K+],712.7738647460938,151.1482044576881,-2.3196749687194824,0.34285715222358704,
80804693,CC#CC1(O)CCC2C3CCC4=CC(=O)CCC4=C3C(c3ccc(N(C)C)cc3)CC21C,VKHAHZOOUSRJNA-UHFFFAOYSA-N,429.26677936000004,5.406500000000006,CC#CC1(O)CCC2C3CCC4=CC(=O)CCC4=C3C(c3ccc(N(C)C)cc3)CC21C,61.19621658325195,26.26950231557001,-2.5488193035125732,0.6027397513389587,
11444986,CCCNC1CCc2nc(N)sc2C1.Cl.Cl,QMNWXHSYPXQFSK-UHFFFAOYSA-N,283.067673968,2.4258000000000006,CCCNC1CCc2nc(N)sc2C1.Cl.Cl,96.1484146118164,27.21650647702366,-2.284482717514038,0.1621621549129486,
12618018,CN(C)c1ccc2nc3ccc(N(C)C)cc3[s+]c2c1.O.[Cl-],WQVSELLRAGBDLX-UHFFFAOYSA-M,337.10156093999996,0.041899999999999715,CN(C)c1ccc2nc3ccc(N(C)C)cc3[s+]c2c1.O.[Cl-],650.9882202148438,219.44914550946137,-2.2324159145355225,0.20000000298023224,
38316672,Cl.O=C(Nc1ccccc1)OCC(CN1CCCCC1)OC(=O)Nc1ccccc1,OWULVAZDMWJBLB-UHFFFAOYSA-N,433.17683405599996,4.760100000000003,Cl.O=C(Nc1ccccc1)OCC(CN1CCCCC1)OC(=O)Nc1ccccc1,1591.373046875,689.3459035461548,-3.1868622303009033,0.27397260069847107,
91589015,COC(=O)c1c(OC)cc2c(c1C)Oc1c(Cl)c(O)c(Cl)c(C)c1C(=O)O2,RPHAAJGBADUATP-UHFFFAOYSA-N,412.0116581479999,4.435940000000003,COC(=O)c1c(OC)cc2c(c1C)Oc1c(Cl)c(O)c(Cl)c(C)c1C(=O)O2,1143.369384765625,471.0814881952732,-1.5713855028152466,0.26865673065185547,
44074503,CC(=O)C1CCC2C3CC(C)C4=CC(=O)CCC4(C)C3C(O)CC12C,GZENKSODFLBBHQ-UHFFFAOYSA-N,344.23514488399996,3.9403000000000032,CC(=O)C1CCC2C3CC(C)C4=CC(=O)CCC4(C)C3C(O)CC12C,494.5011901855469,170.22469336279514,-2.770772695541382,0.20224718749523163,
62388643,NCC1OC(OC2C(N)CC(N)C(OC3OC(CO)C(O)C(N)C3O)C2O)C(O)C(O)C1O.O=S(=O)(O)O,OOYGSFOGFJDDHP-UHFFFAOYSA-N,582.2054375159998,-7.944200000000011,NCC1OC(OC2C(N)CC(N)C(OC3OC(CO)C(O)C(N)C3O)C2O)C(O)C(O)C1O.O=S(=O)(O)O,69.92686462402344,40.71180126367958,-1.9563612937927246,0.30434781312942505,
58248513,Nc1nc(=O)[nH]cc1F,XRECTZIEBJDKEO-UHFFFAOYSA-N,129.033839968,-0.5088000000000001,Nc1nc(=O)[nH]cc1F,58.52971649169922,7.5523140057886895,-3.2055811882019043,0.5333333611488342,
24819864,COc1ccc2c3c1OC1CC(O)C=CC31CCN(C)C2,ASUTZQLVASHGKV-UHFFFAOYSA-N,287.152143532,1.8503,COc1ccc2c3c1OC1CC(O)C=CC31CCN(C)C2,720.4412231445312,206.87624124091846,-3.2438416481018066,0.20000000298023224,
15327935,O=C(OC1Cc2c(O)cc(O)cc2OC1c1cc(O)c(=O)c2c(O)c(O)cc(C3Oc4cc(O)cc(O)c4CC3O)c2c1)c1cc(O)c(O)c(O)c1,KMJPKUVSXFVQGZ-UHFFFAOYSA-N,716.137734816,3.194900000000003,O=C(OC1Cc2c(O)cc(O)cc2OC1c1cc(O)c(=O)c2c(O)c(O)cc(C3Oc4cc(O)cc(O)c4CC3O)c2c1)c1cc(O)c(O)c(O)c1,116.06156921386719,83.116073928689,-2.7499146461486816,0.18987341225147247,
30763926,Cl.c1ccc2c(c1)OCC(C1=NCCN1)O2,MYUBYOVCLMEAOH-UHFFFAOYSA-N,240.066555336,1.2498999999999998,Cl.c1ccc2c(c1)OCC(C1=NCCN1)O2,482.8088073730469,115.90624515418563,-2.3340132236480713,0.20338982343673706,
10256550,CC(=O)Oc1ccccc1C(=O)Nc1ccccc1,LFQKSSGMPCWSPD-UHFFFAOYSA-N,255.089543276,2.864200000000001,CC(=O)Oc1ccccc1C(=O)Nc1ccccc1,162.42445373535156,41.43277753075351,-2.234309673309326,0.5102040767669678,
48141613,C#CCOS(=O)OC1CCCCC1Oc1ccc(C(C)(C)C)cc1,ZYHMJXZULPZUED-UHFFFAOYSA-N,350.155180312,3.9192000000000027,C#CCOS(=O)OC1CCCCC1Oc1ccc(C(C)(C)C)cc1,55.608787536621094,19.471704713754132,-4.578624725341797,0.27450981736183167,
21600929,CS(=O)(=O)CCNCc1ccc(-c2ccc3ncnc(Nc4ccc(OCc5cccc(F)c5)c(Cl)c4)c3c2)o1,BCFGMOOMADDAQU-UHFFFAOYSA-N,580.1347322120001,6.139100000000005,CS(=O)(=O)CCNCc1ccc(-c2ccc3ncnc(Nc4ccc(OCc5cccc(F)c5)c(Cl)c4)c3c2)o1,295.745849609375,171.57243926594523,-2.3259365558624268,0.24137930572032928,
50339609,CC(=O)CCC=C(C)CCC=C(C)CCC=C(C)CCC=C(C)C,HUCXKZBETONXFO-UHFFFAOYSA-N,330.292265836,7.501300000000008,CC(=O)CCC=C(C)CCC=C(C)CCC=C(C)CCC=C(C)C,404.89617919921875,133.73408322836096,-4.264739990234375,0.3488371968269348,
54924928,O=c1c(O)c(-c2ccc(O)c(O)c2)oc2cc(O)cc(O)c12,REFJWTPEDVJJIY-UHFFFAOYSA-N,302.04265266,1.988,O=c1c(O)c(-c2ccc(O)c(O)c2)oc2cc(O)cc(O)c12,58.36857604980469,17.629799173005477,-3.4649546146392822,0.23636363446712494,
13520449,CC1=C2C3OC(=O)C(C)C3CCC2(C)C=CC1=O,XJHDMGJURBVLLE-UHFFFAOYSA-N,246.125594436,2.419600000000001,CC1=C2C3OC(=O)C(C)C3CCC2(C)C=CC1=O,516.52587890625,127.13023546652326,-3.3138015270233154,0.18840579688549042,
75376110,CCOC(=O)[N-]c1c[n+](N2CCOCC2)no1,XLFWDASMENKTKL-UHFFFAOYSA-N,242.101504928,0.09200000000000008,CCOC(=O)[N-]c1c[n+](N2CCOCC2)no1,1343.4669189453125,325.2553529695461,-1.0721079111099243,0.2857142984867096,
32291493,Cl.Cl.N=C(N)N,CALVPZNSFFEPJG-UHFFFAOYSA-N,131.001702584,-0.31783,Cl.Cl.N=C(N)N,5285.2509765625,692.376898001905,-2.7980098724365234,0.15625,
88432477,CN1C(C(=O)Nc2ccccn2)=C(O)c2ccccc2S1(=O)=O,QYSPLQLAKJAUJT-UHFFFAOYSA-N,331.06267689599997,1.5809999999999997,CN1C(C(=O)Nc2ccccn2)=C(O)c2ccccc2S1(=O)=O,180.92616271972656,59.89789852707581,-3.206390380859375,0.2461538463830948,
11202580,O=c1oc2cc(O)ccc2s1,SLYPOVJCSQHITR-UHFFFAOYSA-N,167.988114988,1.5601,O=c1oc2cc(O)ccc2s1,191.40859985351562,32.15437064286273,-2.205767869949341,0.2291666716337204,
11475855,CCN(CC)CCOC(=O)C(Cc1cccc2ccccc12)CC1CCCO1.O=C(O)C(=O)O,SSAJNPNVUYMUCI-UHFFFAOYSA-N,473.2413524599999,3.608200000000001,CCN(CC)CCOC(=O)C(Cc1cccc2ccccc12)CC1CCCO1.O=C(O)C(=O)O,181.35983276367188,85.82697710859549,-2.204861640930176,0.2874999940395355,
67677248,O=C(OOC(=O)c1ccccc1)c1ccccc1,OMPJBNCRMGITSC-UHFFFAOYSA-N,242.0579088,2.615400000000001,O=C(OOC(=O)c1ccccc1)c1ccccc1,663.3577270507812,160.57098604298858,-1.9842844009399414,0.36666667461395264,
74420886,CC(O)CN(CCN(CC(C)O)CC(C)O)CC(C)O,NSOXQYCFHDMMGV-UHFFFAOYSA-N,292.236207504,-0.8863999999999979,CC(O)CN(CCN(CC(C)O)CC(C)O)CC(C)O,9153.078125,2674.8608248603114,-2.279920816421509,0.17499999701976776,
10428746,O=c1[nH]c2ccccc2n1C1CCN(CCCC(c2ccc(F)cc2)c2ccc(F)cc2)CC1,YVUQSNJEYSNKRX-UHFFFAOYSA-N,461.227868988,5.8570000000000055,O=c1[nH]c2ccccc2n1C1CCN(CCCC(c2ccc(F)cc2)c2ccc(F)cc2)CC1,603.420166015625,278.3142120111212,-1.216843843460083,0.24358974397182465,
61468552,O=c1oc2ccccc2c(O)c1Cc1c(O)c2ccccc2oc1=O,DOBMPNYZJYQDGZ-UHFFFAOYSA-N,336.06338810399996,2.9014000000000006,O=c1oc2ccccc2c(O)c1Cc1c(O)c2ccccc2oc1=O,410.1824035644531,137.84729260919514,-2.340834379196167,0.35555556416511536,
10178579,COc1ccccc1OCC(O)COC(N)=O,GNXFOGHNGIVQEH-UHFFFAOYSA-N,241.09502258,0.5302000000000002,COc1ccccc1OCC(O)COC(N)=O,290.5455017089844,70.04907228319138,-3.299863338470459,0.26530611515045166,
33247807,Cc1c[nH]c2ccccc12,ZFRKQXVRDFCRJG-UHFFFAOYSA-N,131.073499288,2.4763200000000003,Cc1c[nH]c2ccccc12,317.4810485839844,41.61335099551493,-3.7010185718536377,0.3414634168148041,
10128636,Cl.Cl.Fc1ccc(C(c2ccc(F)cc2)N2CCN(CC=Cc3ccccc3)CC2)cc1,RXKMOPXNWTYEHI-UHFFFAOYSA-N,476.159760696,6.228800000000008,Cl.Cl.Fc1ccc(C(c2ccc(F)cc2)N2CCN(CC=Cc3ccccc3)CC2)cc1,176.9071044921875,84.2360458459636,-1.9675087928771973,0.22077922523021698,
10280207,O=C1c2ccccc2C(=O)C1c1ccccc1,NFBAXHOPROOJAW-UHFFFAOYSA-N,222.06807956,2.849400000000001,O=C1c2ccccc2C(=O)C1c1ccccc1,1016.0494384765625,225.63213568079166,-2.10269832611084,0.27659574151039124,
92593358,COc1cc(C2Oc3cc(C4Oc5cc(O)cc(O)c5C(=O)C4O)ccc3OC2CO)ccc1O,SEBFKMXJBCUCAI-UHFFFAOYSA-N,482.1212969039999,2.3627,COc1cc(C2Oc3cc(C4Oc5cc(O)cc(O)c5C(=O)C4O)ccc3OC2CO)ccc1O,8.992606163024902,4.335526791404875,-2.2115561962127686,0.2857142984867096,
62446897,COc1ccc2cc1Oc1ccc(cc1)CC1c3cc(c(OC)cc3CCN1C)Oc1c(OC)c(OC)cc3c1C(C2)N(C)CC3,WVTKBKWTSCPRNU-UHFFFAOYSA-N,622.3042870639999,7.162400000000009,COc1ccc2cc1Oc1ccc(cc1)CC1c3cc(c(OC)cc3CCN1C)Oc1c(OC)c(OC)cc3c1C(C2)N(C)CC3,69.5075454711914,43.25484430895507,-2.794672966003418,0.1734693944454193,
16788198,O=C(O)C1CSCN1,DZLNHFMRPBPULJ-UHFFFAOYSA-N,133.019749464,-0.2664999999999999,O=C(O)C1CSCN1,792.9716186523438,105.48088503033716,-2.5295803546905518,0.25806450843811035,
95129735,CN(C)CCOC(=O)COc1ccc(Cl)cc1.Cl,FIVHOHCAXWQPGC-UHFFFAOYSA-N,293.058548764,2.2454000000000005,CN(C)CCOC(=O)COc1ccc(Cl)cc1.Cl,264.7984619140625,77.60145310321569,-2.965791940689087,0.29411765933036804,
59823459,COC1=C(OC)C(=O)C(CC=C(C)CCC=C(C)CCC=C(C)CCC=C(C)CCC=C(C)CCC=C(C)CCC=C(C)CCC=C(C)CCC=C(C)CCC=C(C)C)=C(C)C1=O,ACTIUHUUMQJHFO-UHFFFAOYSA-N,862.68391136,17.853899999999975,COC1=C(OC)C(=O)C(CC=C(C)CCC=C(C)CCC=C(C)CCC=C(C)CCC=C(C)CCC=C(C)CCC=C(C)CCC=C(C)CCC=C(C)CCC=C(C)C)=C(C)C1=O,429.8824157714844,370.8526364581545,-2.4937403202056885,0.2586206793785095,
19681230,COC12CC(COC(=O)c3cncc(Br)c3)CN(C)C1Cc1cn(C)c3cccc2c13,YSEXMKHXIOCEJA-UHFFFAOYSA-N,483.115753792,3.9109000000000034,COC12CC(COC(=O)c3cncc(Br)c3)CN(C)C1Cc1cn(C)c3cccc2c13,250.58831787109375,121.0631688022974,-2.362314462661743,0.20183485746383667,
18367436,COc1cc(OC)c(C(C)=O)c(O)c1C,AAOFJKLTRKOQTQ-UHFFFAOYSA-N,210.089208928,1.9204199999999998,COc1cc(OC)c(C(C)=O)c(O)c1C,1755.7752685546875,368.8694506498988,-2.7021210193634033,0.23404255509376526,
10034291,Cl.NC(CO)C(=O)NNCc1ccc(O)c(O)c1O,ULFCBIUXQQYDEI-UHFFFAOYSA-N,293.07784829199994,-1.3344000000000007,Cl.NC(CO)C(=O)NNCc1ccc(O)c(O)c1O,421.35772705078125,123.49061425837068,-2.3905701637268066,0.2916666567325592,
47224380,CCCCCN(C)CCC(O)(P(=O)([O-])O)P(=O)(O)O.O.[Na+],VBDRTGFACFYFCT-UHFFFAOYSA-M,359.0874842679999,-3.9526999999999965,CCCCCN(C)CCC(O)(P(=O)([O-])O)P(=O)(O)O.O.[Na+],563.7288818359375,202.42798136457048,-3.2671635150909424,0.23999999463558197,
45086186,COc1cc(OC)c2c(OC)c(-c3ccc4c(c3)OCO4)c(=O)oc2c1,PZYZNVLXKYMURF-UHFFFAOYSA-N,356.0896028519999,3.214500000000002,COc1cc(OC)c2c(OC)c(-c3ccc4c(c3)OCO4)c(=O)oc2c1,277.2501525878906,98.72590317795502,-2.0065486431121826,0.4285714328289032,
89713857,Br.CN1C2CC(OC(=O)C(CO)c3ccccc3)CC1C1OC12,WTGQALLALWYDJH-UHFFFAOYSA-N,383.07322028399994,1.496,Br.CN1C2CC(OC(=O)C(CO)c3ccccc3)CC1C1OC12,58.71018981933594,22.49030065559197,-3.039952278137207,0.23636363446712494,
21329541,O=c1cc(-c2ccccc2)oc2cc(O)c(O)c(O)c12,FXNFHKRTJBSTCS-UHFFFAOYSA-N,270.05282342000004,2.576800000000001,O=c1cc(-c2ccccc2)oc2cc(O)c(O)c(O)c12,288.7797546386719,77.98579098406066,-3.1941680908203125,0.2631579041481018,
10373472,CC=C(C)C(=O)OC1CC(OC(C)=O)C2(C(=O)OC)COC3C2C12COC(O)(C(=O)OC)C2C(C)(C12OC1(C)C1CC2OC2OC=CC21O)C3O,FTNJWQUOZFUQQJ-UHFFFAOYSA-N,720.262935328,-0.2030999999999955,CC=C(C)C(=O)OC1CC(OC(C)=O)C2(C(=O)OC)COC3C2C12COC(O)(C(=O)OC)C2C(C)(C12OC1(C)C1CC2OC2OC=CC21O)C3O,104.78565216064453,75.47322054686428,-2.3053693771362305,0.13953489065170288,
63885363,CC(=O)OCC(=O)C1(O)C(OC(C)=O)CC2C3CCC4=CC(=O)C=CC4(C)C3(F)C(O)CC21C,XGMPVBXKDAHORN-UHFFFAOYSA-N,478.200296172,1.7620999999999991,CC(=O)OCC(=O)C1(O)C(OC(C)=O)CC2C3CCC4=CC(=O)C=CC4(C)C3(F)C(O)CC21C,107.06037902832031,51.19630199532163,-1.616642951965332,0.1683168262243271,
24150997,CCCCC(=O)OC1(C(=O)CO)C(C)CC2C3CCC4=CC(=O)C=CC4(C)C3(F)C(O)CC21C,SNHRLVCMMWUAJD-UHFFFAOYSA-N,476.25741712399997,3.6368000000000027,CCCCC(=O)OC1(C(=O)CO)C(C)CC2C3CCC4=CC(=O)C=CC4(C)C3(F)C(O)CC21C,35.930030822753906,17.111945081994616,-1.749610185623169,0.1794871836900711,
64355395,CC(C)C(N)C(=O)OCCOCn1cnc2c(=O)[nH]c(N)nc21.Cl,ZCDDBUOENGJMLV-UHFFFAOYSA-N,360.1312808320001,-0.3757999999999982,CC(C)C(N)C(=O)OCCOCn1cnc2c(=O)[nH]c(N)nc21.Cl,15.181709289550781,5.467408336535757,-2.3680694103240967,0.3472222089767456,
80945726,Cc1cc(-c2ccccc2)nnc1NCCN1CCOCC1.Cl.Cl,GNUCGROXDZMCJI-UHFFFAOYSA-N,370.132716748,3.0397200000000018,Cc1cc(-c2ccccc2)nnc1NCCN1CCOCC1.Cl.Cl,399.2791442871094,147.78627556300918,-4.498195171356201,0.2857142984867096,
94957125,NNC(=O)c1ccncc1.Nc1ccc(C(=O)O)c(O)c1,RKPHTRVPGYGVQD-UHFFFAOYSA-N,290.101504928,0.3576999999999991,NNC(=O)c1ccncc1.Nc1ccc(C(=O)O)c(O)c1,6.638604640960693,1.9258692088525378,-2.0838005542755127,0.5833333134651184,
53661597,Nc1nc2ccc(OC(F)(F)F)cc2s1,FTALBRSUTCGOEG-UHFFFAOYSA-N,234.00746844,2.7771,Nc1nc2ccc(OC(F)(F)F)cc2s1,2585.85009765625,605.1082681465689,-1.7775487899780273,0.2777777910232544,
62063949,CN(Cc1cnc2nc(N)nc(N)c2n1)c1ccc(C(=O)NC(CCC(=O)O)C(=O)O)cc1.O,FPJYMUQSRFJSEW-UHFFFAOYSA-N,472.1818804879999,-0.5562999999999987,CN(Cc1cnc2nc(N)nc(N)c2n1)c1ccc(C(=O)NC(CCC(=O)O)C(=O)O)cc1.O,2.9008092880249023,1.3697095819181326,-1.4528645277023315,0.2857142984867096,
31241979,COc1ccc(-c2cc(=O)c3c(O)c(OC)c(OC)c(OC)c3o2)cc1,LXEVSYZNYDZSOB-UHFFFAOYSA-N,358.105252916,3.200000000000002,COc1ccc(-c2cc(=O)c3c(O)c(OC)c(OC)c(OC)c3o2)cc1,89.27009582519531,31.96809173744867,-2.6378414630889893,0.24561403691768646,
79700995,COC1C(O)C(C)OC(OC2CCC3(C)C4CCC5(C)C(C6=CC(=O)OC6)CCC5(O)C4CCC3(O)C2)C1O,MABTYQWWFMMYTE-UHFFFAOYSA-N,550.3141830519999,2.225099999999999,COC1C(O)C(C)OC(OC2CCC3(C)C4CCC5(C)C(C6=CC(=O)OC6)CCC5(O)C4CCC3(O)C2)C1O,20.54510498046875,11.306262408834304,-1.9943209886550903,0.2110091745853424,
57585805,CCCC(C(=O)OCCN(CC)CC)(c1ccccc1)c1ccccc1.Cl,FHIKZROVIDCMJA-UHFFFAOYSA-N,389.212156944,5.079600000000006,CCCC(C(=O)OCCN(CC)CC)(c1ccccc1)c1ccccc1.Cl,145.90347290039062,56.7874035372733,-3.4241232872009277,0.3265306055545807,
10935461,COc1ccc(C(=O)CCC(=O)O)c2ccccc12,FHGJSJFIQNQBCK-UHFFFAOYSA-N,258.089208928,2.895900000000001,COc1ccc(C(=O)CCC(=O)O)c2ccccc12,305.7242431640625,78.90412554546064,-2.724336624145508,0.30434781312942505,
74879260,CCCN(CCC)C(=O)C(CCC(=O)O)NC(=O)c1ccccc1,DGMKFQYCZXERLX-UHFFFAOYSA-N,334.189257312,2.2984,CCCN(CCC)C(=O)C(CCC(=O)O)NC(=O)c1ccccc1,85.8607177734375,28.693728349664863,-1.7383363246917725,0.40909090638160706,
13787737,COP(=O)(OC)OC(Br)C(Cl)(Cl)Br,BUYMVQAILCEWRR-UHFFFAOYSA-N,377.782574894,3.651200000000001,COP(=O)(OC)OC(Br)C(Cl)(Cl)Br,473.92901611328125,179.0421246547481,-2.1921002864837646,0.18367347121238708,
50555706,CCCCCCOc1ccccc1C(N)=O,CKSJXOVLXUMMFF-UHFFFAOYSA-N,221.141578848,2.7446,CCCCCCOc1ccccc1C(N)=O,16.88106346130371,3.7331050528281167,-2.4542949199676514,0.3255814015865326,
97987404,CC(C(O)c1ccccc1)N(C)C,FMCGSUUBYTWNDP-UHFFFAOYSA-N,179.131014164,1.6701,CC(C(O)c1ccccc1)N(C)C,266.7663269042969,47.7861196081842,-2.6658108234405518,0.26923078298568726,
11636623,O=C(O)c1cc(O)c2cccc(O)c2n1,FBZONXHGGPHHIY-UHFFFAOYSA-N,205.037507704,1.3441999999999998,O=C(O)c1cc(O)c2cccc(O)c2n1,215.8026885986328,44.247644570602944,-4.399504661560059,0.3333333432674408,
89935338,O=c1cc(-c2ccccc2)oc2cc(O)ccc12,MQGPSCMMNJKMHQ-UHFFFAOYSA-N,238.06299418,3.1656000000000013,O=c1cc(-c2ccccc2)oc2cc(O)ccc12,286.4234619140625,68.18682286004078,-3.064038038253784,0.30434781312942505,
15502633,CC(=CCC1=C(C)C(=O)c2ccccc2C1=O)CCCC(C)CCCC(C)CCCC(C)C,MBWXNTAXLNYFJB-UHFFFAOYSA-N,450.349780712,9.1576,CC(=CCC1=C(C)C(=O)c2ccccc2C1=O)CCCC(C)CCCC(C)CCCC(C)C,361.3436584472656,162.73104786582988,-1.5490635633468628,0.2063492089509964,
15021852,Nc1nc2nc[nH]c2c(=S)[nH]1,WYWHKKSPHMUBEB-UHFFFAOYSA-N,167.02656616,0.59769,Nc1nc2nc[nH]c2c(=S)[nH]1,1257.495361328125,210.0351391734788,-2.7261409759521484,0.17741934955120087,
58288342,O=C(C=Cc1ccccc1)c1ccc(OC2OC(CO)C(O)C(O)C2O)cc1O,SYDNPHFWTKACIZ-UHFFFAOYSA-N,402.1314676639999,0.46699999999999925,O=C(C=Cc1ccccc1)c1ccc(OC2OC(CO)C(O)C(O)C2O)cc1O,73.82195281982422,29.686130880418858,-2.388563394546509,0.29411765933036804,
11273098,Oc1ccc(OCc2ccccc2)cc1,VYQNWZOUAUKGHI-UHFFFAOYSA-N,200.083729624,2.9712000000000014,Oc1ccc(OCc2ccccc2)cc1,69.45109558105469,13.896033848700899,-2.7090957164764404,0.4864864945411682,
10171962,CC1(C)CC2C(=O)CCC3OC3(C)CCC21,UETZJEZFLKASPR-UHFFFAOYSA-N,222.161979944,2.949300000000002,CC1(C)CC2C(=O)CCC3OC3(C)CCC21,2212.881103515625,491.6180439477721,-2.11283016204834,0.17307692766189575,
25058997,O=C(O)c1ccccc1,WPYMKLBDIGXBTP-UHFFFAOYSA-N,122.036779432,1.3848,O=C(O)c1ccccc1,1167.2508544921875,142.447522618459,-2.4815292358398438,0.40740740299224854,
99797482,CC(=O)c1cc2c(cc1O)OC(C)(C)C=C2,SVUVYHFYZBCYRF-UHFFFAOYSA-N,218.094294308,2.7790000000000017,CC(=O)c1cc2c(cc1O)OC(C)(C)C=C2,193.4086456298828,42.18132371964389,-2.5459024906158447,0.2075471729040146,
14241478,CCC(C(C)O)n1ncn(-c2ccc(N3CCN(c4ccc(OCC5COC(Cn6cncn6)(c6ccc(F)cc6F)C5)cc4)CC3)cc2)c1=O,RAGOYPUPXAKGKH-UHFFFAOYSA-N,700.329708264,4.573200000000004,CCC(C(C)O)n1ncn(-c2ccc(N3CCN(c4ccc(OCC5COC(Cn6cncn6)(c6ccc(F)cc6F)C5)cc4)CC3)cc2)c1=O,210.57598876953125,147.4726271272905,-2.293318271636963,0.5288461446762085,
86371149,NCC1CCC(N)C(OC2C(N)CC(N)C(OC3OC(CO)C(O)C(N)C3O)C2O)O1,JJCQSGDBDPYCEO-UHFFFAOYSA-N,451.2642131439999,-5.266599999999998,NCC1CCC(N)C(OC2C(N)CC(N)C(OC3OC(CO)C(O)C(N)C3O)C2O)O1,130.19247436523438,58.75120412513366,-1.6184388399124146,0.30882352590560913,
91962668,CC(C)C12OC1C1OC13C1(C)CCC4=C(COC4=O)C1CC1OC13C2O,DFBIRQPKNDILPW-UHFFFAOYSA-N,360.15728848799995,1.1030999999999997,CC(C)C12OC1C1OC13C1(C)CCC4=C(COC4=O)C1CC1OC13C2O,220.15504455566406,79.29043882789964,-2.591284990310669,0.1785714328289032,
12289491,C=CCNC(N)=S,HTKFORQRBXIQHD-UHFFFAOYSA-N,116.04081925599999,0.005600000000000216,C=CCNC(N)=S,1296.5133056640625,150.44846771487462,-2.6013379096984863,0.190476194024086,
57059289,Cc1cc(O)c(C=O)c2c1C(=O)Oc1c(C)c(O)c3c(c1O2)C(O)OC3=O,IEVVSJFLBYOUCJ-UHFFFAOYSA-N,372.04813196399994,2.013340000000001,Cc1cc(O)c(C=O)c2c1C(=O)Oc1c(C)c(O)c3c(c1O2)C(O)OC3=O,196.2374267578125,73.00976924415941,-2.2312731742858887,0.234375,
61753075,CC(=O)N(O)CCCCCNC(=O)CCC(=O)N(O)CCCCCNC(=O)CCC(=O)N(O)CCCCCN.CS(=O)(=O)O,IDDIJAWJANBQLJ-UHFFFAOYSA-N,656.3414774840002,0.42610000000000686,CC(=O)N(O)CCCCCNC(=O)CCC(=O)N(O)CCCCCNC(=O)CCC(=O)N(O)CCCCCN.CS(=O)(=O)O,436.8232727050781,286.70521655824706,-2.377868413925171,0.3103448152542114,
33746046,Nc1ccn(C2CSC(CO)O2)c(=O)n1,JTEGQNOMFQHVDC-UHFFFAOYSA-N,229.052112212,-0.5941000000000001,Nc1ccn(C2CSC(CO)O2)c(=O)n1,68.40235900878906,15.6677061491985,-3.0326755046844482,0.3333333432674408,
79764696,CCCCC(CC)COC(=O)C=Cc1ccc(OC)cc1,YBGZDTIWKVFICR-UHFFFAOYSA-N,290.18819469199997,4.468000000000004,CCCCC(CC)COC(=O)C=Cc1ccc(OC)cc1,93.32056427001953,27.080525831003825,-2.515474796295166,0.27419355511665344,
49143709,CC(C)C(N)C(=O)O,KZSNJWFQEVHDMF-UHFFFAOYSA-N,117.078978592,0.05430000000000007,CC(C)C(N)C(=O)O,2992.8466796875,350.3994379230318,-3.0796918869018555,0.2702702581882477,
42745611,CC(C)(C)N.CCCC(NC(C)C(=O)N1C(C(=O)O)CC2CCCCC21)C(=O)OCC,IYNMDWMQHSMDDE-UHFFFAOYSA-N,441.32027147599996,2.6842000000000015,CC(C)(C)N.CCCC(NC(C)C(=O)N1C(C(=O)O)CC2CCCCC21)C(=O)OCC,815.939697265625,360.0907143955334,-2.4499807357788086,0.25,
51632464,CCC(C)C1OC2(C=CC1C)CC1CC(CC=C(C)C(OC3CC(OC)C(OC4CC(OC)C(O)C(C)O4)C(C)O3)C(C)C=CC=C3COC4C(OC)C(C)=CC(C(=O)O1)C34O)O2,AFSHKCWTGFDXJR-UHFFFAOYSA-N,886.5078570480001,6.031500000000008,CCC(C)C1OC2(C=CC1C)CC1CC(CC=C(C)C(OC3CC(OC)C(OC4CC(OC)C(O)C(C)O4)C(C)O3)C(C)C=CC=C3COC4C(OC)C(C)=CC(C(=O)O1)C34O)O2,1372.43701171875,1216.6761840468728,-2.144005060195923,0.18881118297576904,
69191848,CC=C1C2C=C(C)CC1(N)c1ccc(=O)[nH]c1C2,ZRJBHWIHUMBLCN-UHFFFAOYSA-N,242.141913196,1.9975,CC=C1C2C=C(C)CC1(N)c1ccc(=O)[nH]c1C2,1071.6697998046875,259.49617979572275,-2.4473423957824707,0.1818181872367859,
72565892,Clc1ccc(COC(Cn2ccnc2)c2ccc(Cl)cc2Cl)cc1.O=[N+]([O-])O,DDXORDQKGIZAME-UHFFFAOYSA-N,443.0206390319999,5.453700000000003,Clc1ccc(COC(Cn2ccnc2)c2ccc(Cl)cc2Cl)cc1.O=[N+]([O-])O,70.14710235595703,31.07661178824346,-4.736502647399902,0.8399999737739563,
96375306,C=CC1CN2CCC1CC2C(O)c1ccnc2ccc(OC)cc12.O=C(O)C(O)C(O)C(O)C(O)CO,XHKUDCCTVQUHJQ-UHFFFAOYSA-N,520.2420807319999,-0.31989999999999963,C=CC1CN2CCC1CC2C(O)c1ccnc2ccc(OC)cc12.O=C(O)C(O)C(O)C(O)C(O)CO,230.50973510742188,119.92086062424133,-3.494492292404175,0.25581395626068115,
85687243,CNC1CC(N)C(O)C(OC2OC(CO)C3OC4(OC(C(N)CO)C(O)C(O)C4O)OC3C2O)C1O,ONCSSPOCYKWCTO-UHFFFAOYSA-N,527.2326382439999,-7.2705999999999955,CNC1CC(N)C(O)C(OC2OC(CO)C3OC4(OC(C(N)CO)C(O)C(O)C4O)OC3C2O)C1O,357.7442626953125,188.61444301546638,-2.099536895751953,0.20430107414722443,
33330871,O=C(O)CN(CCN(CC(=O)O)CC(=O)O)CC(=O)O,KCXVZYZYPLLWCC-UHFFFAOYSA-N,292.09066547199996,-2.0711999999999957,O=C(O)CN(CCN(CC(=O)O)CC(=O)O)CC(=O)O,2877.8115234375,840.5818562421503,-2.140019416809082,0.2368421107530594,
31397005,COCCCCC(=NOCCN)c1ccc(C(F)(F)F)cc1.O=C(O)C=CC(=O)O,LFMYNZPAVPMEGP-UHFFFAOYSA-N,434.1664711799999,2.9133000000000004,COCCCCC(=NOCCN)c1ccc(C(F)(F)F)cc1.O=C(O)C=CC(=O)O,72.32758331298828,31.40221192651763,-2.1705245971679688,0.296875,
47671920,S=C1SCN(Cc2ccccc2)CN1Cc1ccccc1,QFVAWNPSRQWSDU-UHFFFAOYSA-N,314.091140576,3.9375000000000027,S=C1SCN(Cc2ccccc2)CN1Cc1ccccc1,787.4484252929688,247.33056805423058,-3.039978504180908,0.26530611515045166,
69978548,CCN(CCCCOC(=O)c1ccc(OC)c(OC)c1)C(C)Cc1ccc(OC)cc1.Cl,PLGQWYOULXPJRE-UHFFFAOYSA-N,465.22820093199994,5.0243000000000055,CCN(CCCCOC(=O)c1ccc(OC)c(OC)c1)C(C)Cc1ccc(OC)cc1.Cl,16.371625900268555,7.616541433061596,-2.076934814453125,0.3166666626930237,
79633044,CCC(=O)OC1CCC2C3CCC4=CC(=O)CCC4(C)C3CCC12C,PDMMFKSKQVNJMI-UHFFFAOYSA-N,344.23514488399996,4.840100000000005,CCC(=O)OC1CCC2C3CCC4=CC(=O)CCC4(C)C3CCC12C,1875.3795166015625,645.571514331632,-2.707571268081665,0.1910112351179123,
11242013,CCOC(=O)C1=CC(OC(CC)CC)C(NC(C)=O)C(N)C1.O=P(O)(O)O,PGZUMBJQJWIWGJ-UHFFFAOYSA-N,410.18180258199993,0.3568000000000003,CCOC(=O)C1=CC(OC(CC)CC)C(NC(C)=O)C(N)C1.O=P(O)(O)O,975.5584106445312,400.15630309922636,-4.306784152984619,0.2222222238779068,
88420793,CC(C=CC1=C(C)CCCC1(C)C)=CC=CC(C)=CC(=O)O,SHGAZHPCJJPHSC-UHFFFAOYSA-N,300.208930136,5.602600000000005,CC(C=CC1=C(C)CCCC1(C)C)=CC=CC(C)=CC(=O)O,110.15267181396484,33.0688149874569,-2.0579819679260254,0.1617647111415863,
63994574,CC(=O)Nc1ccccc1,FZERHIULMFGESH-UHFFFAOYSA-N,135.068413908,1.6449999999999998,CC(=O)Nc1ccccc1,346.12994384765625,46.751219848734024,-2.591142177581787,0.34375,
42268554,CC(=O)Oc1cc(C(C)C)c(OCCN(C)C)cc1C.Cl,IPWGSXZCDPTDEH-UHFFFAOYSA-N,315.160121372,3.4059200000000023,CC(=O)Oc1cc(C(C)C)c(OCCN(C)C)cc1C.Cl,822.8404541015625,259.3264967833198,-2.340797185897827,0.22580644488334656,
38774565,COC(=O)C(=C1OC(=O)C(c2ccccc2)=C1O)c1ccccc1,OMZRMXULWNMRAE-UHFFFAOYSA-N,322.08412354800004,3.096800000000001,COC(=O)C(=C1OC(=O)C(c2ccccc2)=C1O)c1ccccc1,336.40679931640625,108.3512884222951,-3.0678904056549072,0.2545454502105713,
65401222,C[N+]1([O-])C2CCC1CC(OC(=O)C(CO)c1ccccc1)C2,HGWPFSBHDACWNL-UHFFFAOYSA-N,305.162708216,1.9434999999999996,C[N+]1([O-])C2CCC1CC(OC(=O)C(CO)c1ccccc1)C2,52.5898551940918,16.048461771733372,-2.998171806335449,0.2461538463830948,
74439534,COC(=O)C1(C)CCCC2(C)c3ccc(O)c(C(C)C)c3CCC12,VEJJMTHWRMKGKN-UHFFFAOYSA-N,330.21949481999997,4.6989000000000045,COC(=O)C1(C)CCCC2(C)c3ccc(O)c(C(C)C)c3CCC12,394.136474609375,130.15154226070254,-2.6111669540405273,0.20987653732299805,
11335144,CN(C)CCc1c[nH]c2ccc(CC3COC(=O)N3)cc12,ULSDMUVEXKOYBU-UHFFFAOYSA-N,287.163376912,1.9229,CN(C)CCc1c[nH]c2ccc(CC3COC(=O)N3)cc12,1773.6346435546875,509.3229218670856,-2.928666830062866,0.28358209133148193,
97926329,CC(O)Cn1cnc2c1c(=O)n(C)c(=O)n2C,KYHQZNGJUGFTGR-UHFFFAOYSA-N,238.106590308,-1.1855,CC(O)Cn1cnc2c1c(=O)n(C)c(=O)n2C,1618.8863525390625,385.46750927215487,-2.563716173171997,0.29411765933036804,
75610227,C=CC1CN2CCC1CC2C(O)c1ccnc2ccccc12,KMPWYEUPVWOPIM-UHFFFAOYSA-N,294.17321332399996,3.164600000000002,C=CC1CN2CCC1CC2C(O)c1ccnc2ccccc12,214.58859252929688,63.12621724481313,-3.539410352706909,0.21739129722118378,
83862514,NC(Cc1cc(I)c(Oc2ccc(O)c(I)c2)c(I)c1)C(=O)[O-].[Na+],SBXXSUDPJJJJLC-UHFFFAOYSA-M,672.771996112,-0.3780000000000001,NC(Cc1cc(I)c(Oc2ccc(O)c(I)c2)c(I)c1)C(=O)[O-].[Na+],24.735599517822266,16.641418823033653,-2.327461004257202,0.2448979616165161,
39808553,S=P(N1CC1)(N1CC1)N1CC1,FOCVUCIESVLUNU-UHFFFAOYSA-N,189.04895501399997,0.15770000000000017,S=P(N1CC1)(N1CC1)N1CC1,10924.7255859375,2065.3079457398894,-1.758348822593689,0.0882352963089943,
33778997,O=C1C(O)=C(O)C(=O)C(O)=C1O,DGQOCLATAPFASR-UHFFFAOYSA-N,172.00078784800002,-0.20659999999999995,O=C1C(O)=C(O)C(=O)C(O)=C1O,6839.32373046875,1176.369115917313,-2.8976497650146484,0.17142857611179352,
89646680,Cl.Clc1ccc2nsnc2c1NC1=NCCN1,ZWUKMNZJRDGCTQ-UHFFFAOYSA-N,288.99557164800007,2.1376,Cl.Clc1ccc2nsnc2c1NC1=NCCN1,815.7139282226562,235.7377169842532,-2.166606903076172,0.2432432472705841,
11198291,O=C1CCO1,VEZXCJBBBCKRPI-UHFFFAOYSA-N,72.021129368,-0.06669999999999998,O=C1CCO1,7672.70458984375,552.5968575602707,-2.071403980255127,0.1428571492433548,
36658236,CC12CCC(=O)C=C1C=CC1C2CCC2(C)C1CCC2(O)CCC(=O)[O-].[K+],JTZQCHFUGHIPDF-UHFFFAOYSA-M,396.17029108799994,-0.44049999999999767,CC12CCC(=O)C=C1C=CC1C2CCC2(C)C1CCC2(O)CCC(=O)[O-].[K+],361.0115661621094,143.02205668585148,-2.7041549682617188,0.18681319057941437,
94789836,O=C(O)C=Cc1ccc(Cn2ccnc2)cc1,SHZKQBHERIJWAO-UHFFFAOYSA-N,228.089877624,2.0292,O=C(O)C=Cc1ccc(Cn2ccnc2)cc1,101.73292541503906,23.204250317914752,-2.3146774768829346,0.3050847351551056,
70005085,c1ccc(-c2ccc(C(c3ccccc3)n3ccnc3)cc2)cc1,OCAPBUJLXMYKEJ-UHFFFAOYSA-N,310.146998576,5.187800000000005,c1ccc(-c2ccc(C(c3ccccc3)n3ccnc3)cc2)cc1,519.0029907226562,160.9672331346646,-2.470869302749634,0.22807016968727112,
11172281,COc1cc(C(C)=O)cc(OC)c1O,OJOBTAOGJIWAGB-UHFFFAOYSA-N,196.073558864,1.6119999999999999,COc1cc(C(C)=O)cc(OC)c1O,679.9938354492188,133.3288059928855,-2.5398154258728027,0.2800000011920929,
44220836,CC=C(C(=CC)c1ccc(O)cc1)c1ccc(O)cc1,NFDFQCUYFHCNBW-UHFFFAOYSA-N,266.130679816,4.604600000000004,CC=C(C(=CC)c1ccc(O)cc1)c1ccc(O)cc1,290.41156005859375,77.28742634897216,-1.969178318977356,0.2750000059604645,
63186816,C=C(C)C1C2OC(=O)C1C1(O)CC3OC34C(=O)OC2C14C,PIMZUZSSNYHVCU-UHFFFAOYSA-N,292.094688232,-0.0620000000000005,C=C(C)C1C2OC(=O)C1C1(O)CC3OC34C(=O)OC2C14C,205.07119750976562,59.900207049312684,-3.3234310150146484,0.1818181872367859,
30205493,CCC(=O)OC1C(OC2C(C)C(OC3CC(C)(OC)C(O)C(C)O3)C(C)C(=O)OC(CC)C(C)(O)C(O)C(C)C(=O)C(C)CC2(C)O)OC(C)CC1N(C)C.CCCCCCCCCCCCOS(=O)(=O)O,AWMFUEJKWXESNL-UHFFFAOYSA-N,1055.6426362640002,6.47320000000001,CCC(=O)OC1C(OC2C(C)C(OC3CC(C)(OC)C(O)C(C)O3)C(C)C(=O)OC(CC)C(C)(O)C(O)C(C)C(=O)C(C)CC2(C)O)OC(C)CC1N(C)C.CCCCCCCCCCCCOS(=O)(=O)O,1029.722900390625,1087.0193015495413,-3.1211469173431396,0.24264705181121826,
56960973,COc1ccc(NS(=O)(=O)c2ccc(N)cc2)nn1,VLYWMPOKSSWJAL-UHFFFAOYSA-N,280.063011244,0.8681999999999999,COc1ccc(NS(=O)(=O)c2ccc(N)cc2)nn1,47.65627670288086,13.346761017461821,-2.629544973373413,0.3214285671710968,
76522980,C=CC(C)(O)CCC1C(C)(O)CCC2C(C)(C)CCCC21C,XVULBTBTFGYVRC-UHFFFAOYSA-N,308.271530392,4.697200000000005,C=CC(C)(O)CCC1C(C)(O)CCC2C(C)(C)CCCC21C,664.5823974609375,204.87184317353535,-3.2267608642578125,0.15584415197372437,
69974400,NC(=O)CCC(N)C(=O)O,ZDXPYRJPNDTMRX-UHFFFAOYSA-N,146.06914218,-1.3361999999999998,NC(=O)CCC(N)C(=O)O,1448.126953125,211.52667323350175,-3.096618413925171,0.25806450843811035,
74758123,CC(C)Nc1ncccn1,FTCYIGBVOHNHCD-UHFFFAOYSA-N,137.095297352,1.2969,CC(C)Nc1ncccn1,219.5938720703125,30.105286583464316,-2.796658515930176,0.37037035822868347,
96145938,CNc1ccccc1C(=O)N1CCc2c([nH]c3ccccc23)C1=O,RAEOYMOPVHBBKE-UHFFFAOYSA-N,319.132076784,3.048300000000001,CNc1ccccc1C(=O)N1CCc2c([nH]c3ccccc23)C1=O,429.0355529785156,136.91900429707295,-2.296314001083374,0.27272728085517883,
21825765,CCN(Cc1ccc(Cl)nc1)C(=C[N+](=O)[O-])NC,CFRPSFYHXJZSBI-UHFFFAOYSA-N,270.0883534,1.8518999999999999,CCN(Cc1ccc(Cl)nc1)C(=C[N+](=O)[O-])NC,9.878301620483398,2.6680143196806654,-1.972129225730896,0.2631579041481018,
70118206,C=CCCCCCCCCC(=O)O,FRPZMMHWLSIFAZ-UHFFFAOYSA-N,184.14632988,3.3778000000000015,C=CCCCCCCCCC(=O)O,453.4480285644531,83.50079003194591,-1.9467136859893799,0.2222222238779068,
68924188,COc1ccc2c(c1)c(CC(=O)OCC(=O)O)c(C)n2C(=O)c1ccc(Cl)cc1,FSQKKOOTNAMONP-UHFFFAOYSA-N,415.082264976,3.4705200000000014,COc1ccc2c(c1)c(CC(=O)OCC(=O)O)c(C)n2C(=O)c1ccc(Cl)cc1,473.00189208984375,196.334698883779,-1.6629762649536133,0.25757575035095215,
27202176,CC(=O)N1CCN(c2ccc(OCC3COC(Cn4ccnc4)(c4ccc(Cl)cc4Cl)O3)cc2)CC1,XMAYWYJOQHXEEK-UHFFFAOYSA-N,530.148760736,4.205800000000003,CC(=O)N1CCN(c2ccc(OCC3COC(Cn4ccnc4)(c4ccc(Cl)cc4Cl)O3)cc2)CC1,81.60395050048828,43.26223389258165,-2.646522045135498,1.0,
10568621,CCOC(=O)c1ccc(O)cc1,NUVBSKCKDOMJSU-UHFFFAOYSA-N,166.06299418,1.5689,CCOC(=O)c1ccc(O)cc1,555.5535888671875,92.25689674990521,-2.0755417346954346,0.3571428656578064,
37041870,O=c1cc(-c2ccccc2)oc2c(O)c(O)ccc12,COCYGNDCWFKTMF-UHFFFAOYSA-N,254.0579088,2.871200000000001,O=c1cc(-c2ccccc2)oc2c(O)c(O)ccc12,149.77682495117188,38.05198853895972,-2.2967288494110107,0.25,
38956672,Cc1ccc(Cl)c(Nc2ccccc2C(=O)[O-])c1Cl.[Na+],OGPIIGMUPMPMNT-UHFFFAOYSA-M,316.9986282,0.4129200000000009,Cc1ccc(Cl)c(Nc2ccccc2C(=O)[O-])c1Cl.[Na+],136.14210510253906,43.15686048218674,-2.601630926132202,0.290909081697464,
68777855,CCCCOc1cc(C(=O)OCCN(CC)CC)ccc1N.Cl,PRGUDWLMFLCODA-UHFFFAOYSA-N,344.18667046800005,3.3681000000000014,CCCCOc1cc(C(=O)OCCN(CC)CC)ccc1N.Cl,94.98675537109375,32.69317379779748,-2.391698122024536,0.3380281627178192,
11166599,CCN(CC)C(=O)c1cccnc1,NCYVXEGFNDZQCU-UHFFFAOYSA-N,178.110613068,1.5636,CCN(CC)C(=O)c1cccnc1,68.8717041015625,12.266781907680858,-2.628199815750122,0.28947368264198303,
10102264,CCOP(=S)(OCC)Oc1ccc2c(C)c(Cl)c(=O)oc2c1,BXNANOICGRISHX-UHFFFAOYSA-N,362.0144589219999,4.431120000000004,CCOP(=S)(OCC)Oc1ccc2c(C)c(Cl)c(=O)oc2c1,92.64747619628906,33.53972661302075,-2.1815240383148193,0.2602739632129669,
26885593,COc1ccc(-c2cc(C(F)F)nn2-c2ccc(S(N)(=O)=O)cc2)cc1F,WAZQAZKAZLXFMK-UHFFFAOYSA-N,397.07079696799997,3.2720000000000002,COc1ccc(-c2cc(C(F)F)nn2-c2ccc(S(N)(=O)=O)cc2)cc1F,84.33554077148438,33.48717839881039,-2.8611669540405273,0.25925925374031067,
11186448,CC(=O)C12OC1(C)CC1C3CC=C4CC(O)CCC4(C)C3CCC12C,LMVLICSGVDWDSM-UHFFFAOYSA-N,344.23514488399996,4.036700000000003,CC(=O)C12OC1(C)CC1C3CC=C4CC(O)CCC4(C)C3CCC12C,674.1944580078125,232.08142594744453,-2.0138914585113525,0.1627907007932663,
59492028,Nc1ccc([As](=O)(O)O)cc1,XKNKHVGWJDPIRJ-UHFFFAOYSA-N,216.972014616,-1.1702000000000004,Nc1ccc([As](=O)(O)O)cc1,1308.12255859375,283.82597759129374,-2.9165537357330322,0.25,
85283355,Cc1oncc1C(=O)Nc1ccc(C(F)(F)F)cc1,VHOGYURTWQBHIL-UHFFFAOYSA-N,270.061612188,3.2541200000000012,Cc1oncc1C(=O)Nc1ccc(C(F)(F)F)cc1,79.3787841796875,21.437162300314306,-2.7107977867126465,1.0,
11364773,O=c1[nH]c(=O)n(C2CC(O)C(CO)O2)cc1C(F)(F)F,VSQQQLOSPVPRAZ-UHFFFAOYSA-N,296.062006112,-0.8039000000000001,O=c1[nH]c(=O)n(C2CC(O)C(CO)O2)cc1C(F)(F)F,56.74837875366211,16.80103893682282,-2.835538625717163,0.3333333432674408,
10015265,CC12CCC(O)CC1=CCC1C2CCC2(C)C(c3cccnc3)=CCC12,GZOSMCIZMLWJML-UHFFFAOYSA-N,349.240564612,5.398600000000005,CC12CCC(O)CC1=CCC1C2CCC2(C)C(c3cccnc3)=CCC12,1790.795654296875,625.4184957362711,-2.5287935733795166,0.18390804529190063,
40474416,NC(=O)CC(N)C(=O)O.O,RBMGJIZCEWRQES-UHFFFAOYSA-N,150.0640568,-2.551,NC(=O)CC(N)C(=O)O.O,1238.6842041015625,185.88197275441703,-2.8022501468658447,0.2666666805744171,
31549766,CC1CCC2(NC1)OC1CC3C4CC=C5CC(O)CCC5(C)C4CCC3(C)C1C2C,KWVISVAMQJWJSZ-UHFFFAOYSA-N,413.32937961600004,5.2869000000000055,CC1CCC2(NC1)OC1CC3C4CC=C5CC(O)CCC5(C)C4CCC3(C)C1C2C,5505.9052734375,2275.752557529945,-2.460533857345581,0.3086419701576233,
43416482,CC(N)C(O)c1cccc(O)c1.O=C(O)C(O)C(O)C(=O)O,VENXSELNXQXCNT-UHFFFAOYSA-N,317.111066568,-1.3497999999999999,CC(N)C(O)c1cccc(O)c1.O=C(O)C(O)C(O)C(=O)O,241.30770874023438,76.52134863215193,-2.463413953781128,0.2888889014720917,
26112965,CC(=O)Oc1cccc(C)c1,OTGAHJPFNKQGAE-UHFFFAOYSA-N,150.06807956,1.92032,CC(=O)Oc1cccc(C)c1,613.2431640625,92.02822371948328,-1.6864023208618164,0.2857142984867096,
42402139,CC(C)=CCc1c(O)cc2oc(C)cc(=O)c2c1O,DTNGBIGBPPPNNB-UHFFFAOYSA-N,260.104858992,3.0213200000000016,CC(C)=CCc1c(O)cc2oc(C)cc(=O)c2c1O,268.6723937988281,69.88299070110529,-3.0024259090423584,0.20338982343673706,
87741486,CS(=O)(=O)O.Oc1ccc(C2CNCCc3c2cc(O)c(O)c3Cl)cc1,CVKUMNRCIJMVAR-UHFFFAOYSA-N,401.06998603999995,2.2384000000000013,CS(=O)(=O)O.Oc1ccc(C2CNCCc3c2cc(O)c(O)c3Cl)cc1,9.93966293334961,3.986500545637735,-2.9065206050872803,0.28205129504203796,
87836264,COC(=O)c1c(C)cc(OC(=O)c2c(C)cc(O)c(CO)c2O)c(C)c1O,WHDBRSOTWRZEGF-UHFFFAOYSA-N,376.11581759999996,2.226760000000001,COC(=O)c1c(C)cc(OC(=O)c2c(C)cc(O)c(CO)c2O)c(C)c1O,1651.0032958984375,620.9684340516917,-1.9437506198883057,0.2786885201931,
47730452,OCC1OC(OCCc2ccc(O)cc2)C(O)C(O)C1O,ILRCGYURZSFMEG-UHFFFAOYSA-N,300.12090298,-1.2488000000000008,OCC1OC(OCCc2ccc(O)cc2)C(O)C(O)C1O,26.651674270629883,7.998724731388421,-1.9623066186904907,0.2631579041481018,
71353774,COc1ccc(C2C(=O)c3ccccc3C2=O)cc1,XRCFXMGQEVUZFC-UHFFFAOYSA-N,252.078644244,2.8580000000000005,COc1ccc(C2C(=O)c3ccccc3C2=O)cc1,1587.3096923828125,400.12685169192906,-2.0946896076202393,0.29411765933036804,
94002719,O=C1CCC(C(=O)O)N1,ODHCTXKNWHHXJC-UHFFFAOYSA-N,129.042593084,-0.6504000000000001,O=C1CCC(C(=O)O)N1,1066.876953125,137.67256016441385,-3.0869529247283936,0.29032257199287415,
25554447,CC(=O)OC1CC(OC(C)=O)C2(C)C(CC(=O)C3(C)C2CCC2(C)C(c4ccoc4)OC(=O)C4OC423)C1(C)C,IKFXPERBVFYFMS-UHFFFAOYSA-N,542.251582796,4.326300000000004,CC(=O)OC1CC(OC(C)=O)C2(C)C(CC(=O)C3(C)C2CCC2(C)C(c4ccoc4)OC(=O)C4OC423)C1(C)C,161.2750701904297,87.45165600000246,-1.6513501405715942,0.17391304671764374,
18029783,COc1ccc(Cc2nccc3cc(OC)c(OC)cc23)cc1OC.Cl,UOTMYNBWXDUBNX-UHFFFAOYSA-N,375.12373586399997,4.281800000000005,COc1ccc(Cc2nccc3cc(OC)c(OC)cc23)cc1OC.Cl,824.9251098632812,309.44897220587865,-2.107165813446045,0.3777777850627899,
11244302,CC1(O)CCC(C(C)(C)O)CC1.O,JGKJMBOJWVAMIJ-UHFFFAOYSA-N,190.156894564,0.8737999999999999,CC1(O)CCC(C(C)(C)O)CC1.O,1713.0390625,325.74620688929605,-3.2149064540863037,0.1875,
10196103,COC(=O)CCc1ccc(OC)cc1O,QPFCWJXXUBGYFW-UHFFFAOYSA-N,210.089208928,1.5063999999999997,COC(=O)CCc1ccc(OC)cc1O,362.20306396484375,76.0949546787801,-1.943908929824829,0.30612245202064514,
28001968,O=C(O)c1cc(O)ccc1O,WXTMDXOMEHJXQO-UHFFFAOYSA-N,154.026608672,0.7959999999999998,O=C(O)c1cc(O)ccc1O,253.6840057373047,39.074088363343414,-2.3173751831054688,0.30000001192092896,
97009448,CC(=O)Oc1c(C)cccc1C(=O)O,XRBMKGUDDJPAMH-UHFFFAOYSA-N,194.0579088,1.6185200000000002,CC(=O)Oc1c(C)cccc1C(=O)O,88.9113998413086,17.25396020601747,-2.817110776901245,0.2954545319080353,
80453501,COc1cc(O)c2c(=O)c(O)c(-c3ccc(O)c(O)c3)oc2c1,JGUZGNYPMHHYRK-UHFFFAOYSA-N,316.058302724,2.2910000000000013,COc1cc(O)c2c(=O)c(O)c(-c3ccc(O)c(O)c3)oc2c1,51.01287078857422,16.123041085356615,-2.978269338607788,0.27142858505249023,
85902732,Cl.O=C1NCC2(CCN(CCc3ccccc3)CC2)O1,FIKFLLIUPUVONI-UHFFFAOYSA-N,296.129155592,2.2253,Cl.O=C1NCC2(CCN(CCc3ccccc3)CC2)O1,796.5900268554688,235.89351534348316,-3.2615880966186523,0.23529411852359772,
11131079,CCCC(=O)Nc1ncnc2c1ncn2C1OC2COP(=O)([O-])OC2C1OC(=O)CCC.[Na+],KRBZRVBLIUDQNG-UHFFFAOYSA-M,491.1181936059999,-1.9379999999999964,CCCC(=O)Nc1ncnc2c1ncn2C1OC2COP(=O)([O-])OC2C1OC(=O)CCC.[Na+],95.67599487304688,46.98822303224349,-2.17763614654541,0.25609755516052246,
10743510,CN(C)C(=O)Oc1ccc[n+](C)c1.[Br-],VNYBTNPBYXSMOO-UHFFFAOYSA-M,260.016039756,-2.4244999999999974,CN(C)C(=O)Oc1ccc[n+](C)c1.[Br-],235.28872680664062,61.17884229257122,-2.292165756225586,0.20000000298023224,
83841581,CCC1C=C2C(=O)OC(=O)C2CC2=C(C(=O)OC2=O)C(O)C1CC,YGHXGBVMWGXADG-UHFFFAOYSA-N,334.105252916,0.8093999999999995,CCC1C=C2C(=O)OC(=O)C2CC2=C(C(=O)OC2=O)C(O)C1CC,201.839111328125,67.43550498874534,-2.6289939880371094,0.18390804529190063,
29557267,CC(C)=CCCC(C)=CCC1=C(C)C(=O)c2ccccc2C1=O,PTWSIIUEOFZCHW-UHFFFAOYSA-N,308.177630008,5.464900000000005,CC(C)=CCCC(C)=CCC1=C(C)C(=O)c2ccccc2C1=O,335.3502502441406,103.34744379984825,-1.911166787147522,0.2586206793785095,
45127506,CN1CCC2(C)c3cc(O)ccc3N(C)C12.O=C(O)C=CC(=O)O,PBZRRADJWNBPNY-UHFFFAOYSA-N,334.152871804,1.4730999999999999,CN1CCC2(C)c3cc(O)ccc3N(C)C12.O=C(O)C=CC(=O)O,352.4690856933594,117.77855752523921,-2.4882984161376953,0.2151898741722107,
73776199,CC12CCC(=O)C=C1CCC1C2C(O)CC2(C)C1CCC2(O)C(=O)COC(=O)CCC(=O)O,VWQWXZAWFPZJDA-UHFFFAOYSA-N,462.22536804799984,2.1973,CC12CCC(=O)C=C1CCC1C2C(O)CC2(C)C1CCC2(O)C(=O)COC(=O)CCC(=O)O,7816.7822265625,3613.1149358289244,-2.3437371253967285,0.20408163964748383,
28812618,C#CC1(OC(C)=O)CCC2C3CCC4=CC(OC(C)=O)CCC4C3CCC21C,ONKUMRGIYFNPJW-UHFFFAOYSA-N,384.230059504,4.425900000000004,C#CC1(OC(C)=O)CCC2C3CCC4=CC(OC(C)=O)CCC4C3CCC21C,187.23880004882812,71.94277432233915,-1.8605953454971313,0.15853658318519592,
48474999,COc1ccc(-c2coc3cc(O)cc(OC)c3c2=O)cc1,JQQULYXWXRNRAX-UHFFFAOYSA-N,298.084123548,3.182800000000002,COc1ccc(-c2coc3cc(O)cc(OC)c3c2=O)cc1,159.67030334472656,47.595183886066366,-2.1129801273345947,0.28985506296157837,
11221809,C=C(C)C1Cc2c(ccc3c(=O)c4c(oc23)COc2cc(OC)c(OC)cc2-4)O1,GFERNZCCTZEIET-UHFFFAOYSA-N,392.1259883599999,4.249200000000004,C=C(C)C1Cc2c(ccc3c(=O)c4c(oc23)COc2cc(OC)c(OC)cc2-4)O1,872.306884765625,342.05419878101253,-2.701526403427124,0.30666667222976685,
10144502,COc1cc2c(cc1OC)-c1c(oc3cc4c(cc3c1=O)CCO4)CO2,LZUNYTZRKSOHRX-UHFFFAOYSA-N,352.09468823199995,3.3045000000000018,COc1cc2c(cc1OC)-c1c(oc3cc4c(cc3c1=O)CCO4)CO2,113.86844635009766,40.09247469737027,-3.004767894744873,0.26760563254356384,
56975729,CCOC(=O)C(CCc1ccccc1)NC(C)C(=O)N1Cc2ccccc2CC1C(=O)O,JSDRRTOADPPCHY-UHFFFAOYSA-N,438.21547205999997,2.5671,CCOC(=O)C(CCc1ccccc1)NC(C)C(=O)N1Cc2ccccc2CC1C(=O)O,742.2780151367188,325.2776953400479,-1.83515202999115,0.29032257199287415,
62520897,CNCCC(Oc1ccc(C(F)(F)F)cc1)c1ccccc1.Cl,GIYXAJPCNFJEHY-UHFFFAOYSA-N,345.110726568,4.856800000000004,CNCCC(Oc1ccc(C(F)(F)F)cc1)c1ccccc1.Cl,181.9702911376953,62.799896714194226,-2.7201600074768066,0.26229506731033325,
81226581,Cn1cc[nH]c1=S,PMRYVIKBURPHAH-UHFFFAOYSA-N,114.02516919199999,1.08269,Cn1cc[nH]c1=S,1066.3411865234375,121.58973138241822,-2.901447296142578,0.13636364042758942,
11738203,CCCc1nn(C)c2c(=O)[nH]c(-c3cc(S(=O)(=O)N4CCN(C)CC4)ccc3OCC)nc12.O=C(O)CC(O)(CC(=O)O)C(=O)O,DEIYFTQMQPDXOT-UHFFFAOYSA-N,666.2319270360001,0.36240000000000505,CCCc1nn(C)c2c(=O)[nH]c(-c3cc(S(=O)(=O)N4CCN(C)CC4)ccc3OCC)nc12.O=C(O)CC(O)(CC(=O)O)C(=O)O,102.00074005126953,67.95615166840231,-2.0105621814727783,0.22680412232875824,
20159337,CCCCCCCCCCCCCCCCC(C(=O)O)C(O)(CC(=O)O)C(=O)O,HZLCGUXUOFWCCN-UHFFFAOYSA-N,416.27740361999986,4.849000000000004,CCCCCCCCCCCCCCCCC(C(=O)O)C(O)(CC(=O)O)C(=O)O,197.1816864013672,82.08228060544657,-2.6555607318878174,0.3478260934352875,
41419769,CCCCNC(=O)NS(=O)(=O)c1ccc(C)cc1,JLRGJRBPOGGCBT-UHFFFAOYSA-N,270.103813436,1.78302,CCCCNC(=O)NS(=O)(=O)c1ccc(C)cc1,157.8876953125,42.64606911370965,-2.406770944595337,0.3396226465702057,
39063561,Br.Cc1ccc(Sc2ccccc2N2CCNCC2)c(C)c1,VNGRUFUIHGGOOM-UHFFFAOYSA-N,378.0765318360001,4.442140000000004,Br.Cc1ccc(Sc2ccccc2N2CCNCC2)c(C)c1,90.36144256591797,34.16353935223755,-2.1825625896453857,0.32203391194343567,
62912568,O=C(O)C=CC=Cc1ccc2c(c1)OCO2,RHBGITBPARBDPH-UHFFFAOYSA-N,218.0579088,2.0693,O=C(O)C=CC=Cc1ccc2c(c1)OCO2,149.33731079101562,32.56418078709605,-2.0430686473846436,0.40816327929496765,
72509779,C=C1CCC2C(C)(CO)C(O)CCC2(C)C1CC=C1C(=O)OCC1O,BOJKULTULYSRAS-UHFFFAOYSA-N,350.2093240599999,1.9625999999999997,C=C1CCC2C(C)(CO)C(O)CCC2(C)C1CC=C1C(=O)OCC1O,466.641845703125,163.42232452683808,-2.121508836746216,0.1627907007932663,
34214709,Cl.N=C(N)NC(=N)N1CCOCC1,FXYZDFSNBBOHTA-UHFFFAOYSA-N,207.08868774799998,-0.8417600000000003,Cl.N=C(N)NC(=N)N1CCOCC1,492.1131896972656,101.91107122172397,-1.611130952835083,0.18518517911434174,
27804427,CNC(=C[N+](=O)[O-])NCCSCc1csc(CN(C)C)n1,SGXXNSQHWDMGGP-UHFFFAOYSA-N,331.1136669120001,1.3224999999999998,CNC(=C[N+](=O)[O-])NCCSCc1csc(CN(C)C)n1,49.730995178222656,16.466611718718312,-3.1531360149383545,0.1944444477558136,
92939362,CC1CCC2(NC1)OC1CC3C4CCC5CC(O)CCC5(C)C4CCC3(C)C1C2C.Cl,SXXHVPYRDFJKPG-UHFFFAOYSA-N,451.321707392,5.788600000000008,CC1CCC2(NC1)OC1CC3C4CCC5CC(O)CCC5(C)C4CCC3(C)C1C2C.Cl,264.21820068359375,119.24740074067974,-2.097235918045044,0.4027777910232544,
52966225,COC(=O)c1c(C)cc(O)cc1O,NCCWCZLEACWJIN-UHFFFAOYSA-N,182.0579088,1.1928199999999995,COC(=O)c1c(C)cc(O)cc1O,1615.0435791015625,294.03146774403075,-2.0792524814605713,0.3617021143436432,
11271278,NC(N)=O,XSQUKJJJFZCRTK-UHFFFAOYSA-N,60.032362748,-0.9762000000000002,NC(N)=O,8359.134765625,501.81860501329095,-3.0304102897644043,0.190476194024086,
10185945,COc1cc2c(cc1O)CC1c3c(cc(O)c(OC)c3-2)CCN1C,LZJRNLRASBVRRX-UHFFFAOYSA-N,327.14705815200006,2.8671000000000015,COc1cc2c(cc1O)CC1c3c(cc(O)c(OC)c3-2)CCN1C,97.04481506347656,31.747926751394953,-2.9393646717071533,0.2467532455921173,
50617881,CC(=O)OC1CC2C(C)(C)C(O)CCC2(C)C2CCC3(C)C(=CC(=O)OC3c3ccoc3)C12C,FJIIOEQLAAKWEL-UHFFFAOYSA-N,470.2668389359999,5.365300000000006,CC(=O)OC1CC2C(C)(C)C(O)CCC2(C)C2CCC3(C)C(=CC(=O)OC3c3ccoc3)C12C,59.694549560546875,28.07236776823878,-2.1423542499542236,0.19565217196941376,
79289859,Nc1ccc(S(=O)(=O)Nc2ccccn2)cc1,GECHUMIMRBOMGK-UHFFFAOYSA-N,249.057197592,1.4646000000000001,Nc1ccc(S(=O)(=O)Nc2ccccn2)cc1,99.37601470947266,24.750310039076528,-2.6903743743896484,0.40909090638160706,
20117379,CC(C)(C)NCC(O)c1cc(O)cc(O)c1.O=S(=O)(O)O,MUPQZWGSBCWCAV-UHFFFAOYSA-N,323.10387301199995,0.8665,CC(C)(C)NCC(O)c1cc(O)cc(O)c1.O=S(=O)(O)O,49.817012786865234,16.09606911853577,-3.0066661834716797,0.23076923191547394,
72593162,CC(C)NC(=N)NC(=N)Nc1ccc(Cl)cc1.Cl,SARMGXPVOFNNNG-UHFFFAOYSA-N,289.086100904,2.6308399999999996,CC(C)NC(=N)NC(=N)Nc1ccc(Cl)cc1.Cl,280.826416015625,81.1830146706541,-3.3096683025360107,0.29411765933036804,
69192384,C1CNCCN1.CC12CCC3c4ccc(OS(=O)(=O)O)cc4CCC3C1CCC2=O,HZEQBCVBILBTEP-UHFFFAOYSA-N,436.20319312399994,2.4726,C1CNCCN1.CC12CCC3c4ccc(OS(=O)(=O)O)cc4CCC3C1CCC2=O,320.4173889160156,139.76709483355307,-2.0537667274475098,0.2023809552192688,
10642332,O=C(NC(Cc1cc(=O)[nH]c2ccccc12)C(=O)O)c1ccc(Cl)cc1,ALLWOAVDORUJLA-UHFFFAOYSA-N,370.07203464,2.6071999999999997,O=C(NC(Cc1cc(=O)[nH]c2ccccc12)C(=O)O)c1ccc(Cl)cc1,16.085046768188477,5.95262617227617,-2.056448221206665,0.3235294222831726,
39622244,CCCCCC=CCC=CCC=CCC=CCCCC(=O)O,YZXBAPSDXZZRGB-UHFFFAOYSA-N,304.240230264,6.216700000000006,CCCCCC=CCC=CCC=CCC=CCCCC(=O)O,35.21778106689453,10.71466568517315,-2.1048333644866943,0.25581395626068115,
53029295,CN(C)CCC(c1ccccc1)c1ccccn1.O=C(O)C=CC(=O)O,SSOXZAQUVINQSA-UHFFFAOYSA-N,356.17360724799994,2.877,CN(C)CCC(c1ccccc1)c1ccccn1.O=C(O)C=CC(=O)O,405.4609375,144.41449048198243,-2.7044544219970703,0.31578946113586426,
24956450,CC(C)c1c(C(=O)Nc2ccccc2)c(-c2ccccc2)c(-c2ccc(F)cc2)n1CCC(O)CC(O)CC(=O)[O-].[Ca+2],DYJKAHNDTTZSNX-UHFFFAOYSA-M,597.2072178080899,4.598100000000007,CC(C)c1c(C(=O)Nc2ccccc2)c(-c2ccccc2)c(-c2ccc(F)cc2)n1CCC(O)CC(O)CC(=O)[O-].[Ca+2],367.4285583496094,219.4309768234663,-2.7420547008514404,0.3333333432674408,
10496394,Cl.NCC(N)C(=O)O,SKWCZPYWFRTSDD-UHFFFAOYSA-N,140.035255208,-1.2211999999999998,Cl.NCC(N)C(=O)O,2030.5228271484375,284.344781771209,-2.695206880569458,0.2857142984867096,
29910208,O=C(O)CCCCC(=O)O,WNLRTRBMVRJNCN-UHFFFAOYSA-N,146.0579088,0.716,O=C(O)CCCCC(=O)O,574.4639892578125,83.9050051910265,-2.118683338165283,0.29629629850387573,
37735676,CC1(C)CC2C1CCC1(C)OC1CCC2(C)O,KGYCKUADVHYVLM-UHFFFAOYSA-N,238.193280072,3.131200000000002,CC1(C)CC2C1CCC1(C)OC1CCC2(C)O,3474.7158203125,827.6539889975855,-2.727640390396118,0.1617647111415863,
53325143,CN1CCC(=C2c3ccccc3Sc3ccccc32)CC1.O=C(O)C=CC(=O)O,IPANUAHQWFDVAG-UHFFFAOYSA-N,409.1347792159999,4.390500000000003,CN1CCC(=C2c3ccccc3Sc3ccccc32)CC1.O=C(O)C=CC(=O)O,166.9874725341797,68.3203852432881,-2.832435131072998,0.2786885201931,
10327055,O=[N+]([O-])c1ccc([As](=O)(O)O)cc1,FUUFQLXAIUOWML-UHFFFAOYSA-N,246.946193792,-0.8442000000000001,O=[N+]([O-])c1ccc([As](=O)(O)O)cc1,634.9309692382812,156.79378593855276,-2.6775295734405518,0.45945945382118225,
33567245,CN(C)CCC(c1ccc(Cl)cc1)c1ccccn1.O=C(O)C=CC(=O)O,DBAKFASWICGISY-UHFFFAOYSA-N,390.1346348959999,3.5304,CN(C)CCC(c1ccc(Cl)cc1)c1ccccn1.O=C(O)C=CC(=O)O,230.2952117919922,89.84613809171981,-3.8309855461120605,0.29032257199287415,
32197580,C[N+](C)(C)CCOP(=O)([O-])OP(=O)(O)OCC1OC(n2ccc(N)nc2=O)C(O)C1O,RZZPDXZPRHQOCG-UHFFFAOYSA-N,488.10733091199995,-2.2304999999999957,C[N+](C)(C)CCOP(=O)([O-])OP(=O)(O)OCC1OC(n2ccc(N)nc2=O)C(O)C1O,14.142075538635254,6.902850751992504,-2.423022985458374,0.3287671208381653,
60740184,O=c1c(-c2ccc(O)cc2)coc2cc(O)ccc12,ZQSIJRDFPHDXIC-UHFFFAOYSA-N,254.0579088,2.871200000000001,O=c1c(-c2ccc(O)cc2)coc2cc(O)ccc12,453.7869567871094,115.28816086028381,-2.838648557662964,0.23076923191547394,
11623458,NC(C(=O)O)C(O)c1ccc(O)c(O)c1,QXWYKJLNLSIPIN-UHFFFAOYSA-N,213.063722452,-0.4569000000000002,NC(C(=O)O)C(O)c1ccc(O)c(O)c1,537.801513671875,114.58599041131586,-3.315077543258667,0.261904776096344,
11200938,COc1cc(C(=O)O)cc(OC)c1O,JMSVCTWVEWCHDZ-UHFFFAOYSA-N,198.05282342,1.1076,COc1cc(C(=O)O)cc(OC)c1O,373.7059631347656,74.01351919173239,-2.670254945755005,0.2800000011920929,
54320379,CCN(CC)CCc1nc(-c2ccccc2)no1.O=C(O)CC(O)(CC(=O)O)C(=O)O,RBZIGQJSMCOHSS-UHFFFAOYSA-N,437.1798148239999,1.3723999999999996,CCN(CC)CCc1nc(-c2ccccc2)no1.O=C(O)CC(O)(CC(=O)O)C(=O)O,146.3507843017578,63.98160956212806,-3.1445183753967285,0.26760563254356384,
36247901,C[N+]12CCC(CC1)C(OC(=O)C(O)(c1ccccc1)c1ccccc1)C2.[Br-],GKEGFOKQMZHVOW-UHFFFAOYSA-M,431.109605792,-0.291499999999999,C[N+]12CCC(CC1)C(OC(=O)C(O)(c1ccccc1)c1ccccc1)C2.[Br-],28.3870792388916,12.23794244390432,-2.4305241107940674,0.20000000298023224,
47853600,CCCCCCCCC(=O)NCc1ccc(O)c(OC)c1,RGOVYLWUIBMPGK-UHFFFAOYSA-N,293.199093724,3.7676000000000025,CCCCCCCCC(=O)NCc1ccc(O)c(OC)c1,43.810882568359375,12.845311894402881,-3.193605422973633,0.2857142984867096,
10989073,CCOC(=O)c1ccc(N)cc1,BLFLLBZGZJTVJG-UHFFFAOYSA-N,165.078978592,1.4455,CCOC(=O)c1ccc(N)cc1,396.7680969238281,65.49807154835088,-2.01715350151062,0.31707316637039185,
54677079,COc1ccc(C=CC(=O)O)cc1OC,HJBWJAPEBGSQPR-UHFFFAOYSA-N,208.073558864,1.8016,COc1ccc(C=CC(=O)O)cc1OC,163.43722534179688,34.00696659117897,-2.812062978744507,0.3265306055545807,
87123606,NC(=O)c1ncn(C2OC(CO)C(O)C2O)c1O,HZQDCMWJEBCWBR-UHFFFAOYSA-N,259.080435136,-2.7009,NC(=O)c1ncn(C2OC(CO)C(O)C2O)c1O,99.45732879638672,25.767448593400793,-2.66615891456604,0.43103447556495667,
10649432,COc1ccc2c(C)cc(=O)oc2c1,UDFPKNSWSYBIHO-UHFFFAOYSA-N,190.06299418,2.11002,COc1ccc2c(C)cc(=O)oc2c1,265.4013977050781,50.44298911072632,-3.142486095428467,0.3166666626930237,
14259122,Cc1c(Cl)cccc1Nc1ccccc1C(=O)O,YEZNLOUZAIOMLT-UHFFFAOYSA-N,261.055656304,4.090220000000002,Cc1c(Cl)cccc1Nc1ccccc1C(=O)O,112.89347076416016,29.471478807131806,-2.85837721824646,0.375,
10705070,CCC(CCC(C)C1CCC2C3CC=C4CC(O)CCC4(C)C3CCC12C)C(C)C,KZJWDPNRJALLNS-UHFFFAOYSA-N,414.38616622,8.02480000000001,CCC(CCC(C)C1CCC2C3CC=C4CC(O)CCC4(C)C3CCC12C)C(C)C,1813.4578857421875,751.4718940700452,-4.325231552124023,0.17283950746059418,
91371595,O=C1CC(c2ccc(O)cc2)Oc2cc(O)cc(O)c21,FTVWIRXFELQLPI-UHFFFAOYSA-N,272.06847348400004,2.5099000000000014,O=C1CC(c2ccc(O)cc2)Oc2cc(O)cc(O)c21,17.983598709106445,4.892770228264744,-3.852991819381714,0.3076923191547394,
24407365,Clc1ccc2c(c1)CCc1cccnc1C2=C1CCNCC1,JAUOIFJMECXRGI-UHFFFAOYSA-N,310.123676288,4.018900000000002,Clc1ccc2c(c1)CCc1cccnc1C2=C1CCNCC1,175.93780517578125,54.562477830066506,-1.7788047790527344,0.2698412835597992,
61905130,Cc1cccc(CN2CCN(C(c3ccccc3)c3ccc(Cl)cc3)CC2)c1.Cl.Cl,VCTHNOIYJIXQLV-UHFFFAOYSA-N,462.139631968,6.399220000000007,Cc1cccc(CN2CCN(C(c3ccccc3)c3ccc(Cl)cc3)CC2)c1.Cl.Cl,335.00323486328125,154.81826803177802,-2.8719727993011475,0.26582279801368713,
10783668,C=CCC1(O)CCC2C3CCC4=CCCCC4C3CCC21C,ATXHVCQZZJYMCF-UHFFFAOYSA-N,300.245315644,5.2564000000000055,C=CCC1(O)CCC2C3CCC4=CCCCC4C3CCC21C,836.8165893554688,251.2502668770613,-1.7617673873901367,0.15555556118488312,
11019870,COc1cc(CNC(=O)CCCCC=CC(C)C)ccc1O,YKPUWZUDDOIDPM-UHFFFAOYSA-N,305.199093724,3.789600000000003,COc1cc(CNC(=O)CCCCC=CC(C)C)ccc1O,34.82048416137695,10.627180727534725,-3.0303573608398438,0.2857142984867096,
71549743,CC1(C(=O)O)CCC2(C)CCC3(C)C(=CC(=O)C4C5(C)CCC(OC6OC(C(=O)O)C(O)C(O)C6OC6OC(C(=O)O)C(O)C(O)C6O)C(C)(C)C5CCC43C)C2C1,LPLVUJXQOOQHMX-UHFFFAOYSA-N,822.403785904,2.245600000000003,CC1(C(=O)O)CCC2(C)CCC3(C)C(=CC(=O)C4C5(C)CCC(OC6OC(C(=O)O)C(O)C(O)C6OC6OC(C(=O)O)C(O)C(O)C6O)C(C)(C)C5CCC43C)C2C1,7.1848649978637695,5.908860138687984,-1.5750846862792969,0.18627451360225677,
39761042,CC(=O)OCC(=O)C1(OC(C)=O)C(C)CC2C3CC(F)C4=CC(=O)C=CC4(C)C3(F)C(O)CC21C,BOBLHFUVNSFZPJ-UHFFFAOYSA-N,494.211609804,2.9853000000000014,CC(=O)OCC(=O)C1(OC(C)=O)C(C)CC2C3CC(F)C4=CC(=O)C=CC4(C)C3(F)C(O)CC21C,10.381455421447754,5.130635851174609,-1.3420158624649048,0.15789473056793213,
73478996,C#CCN(C)CCCOc1ccc(Cl)cc1Cl.Cl,BBAZDLONIUABKI-UHFFFAOYSA-N,307.029747172,3.7491000000000034,C#CCN(C)CCCOc1ccc(Cl)cc1Cl.Cl,120.484375,36.992287029722846,-2.8536148071289062,0.32608696818351746,
10747977,CC1=CC(=O)C(C(C)C)=CC1=O,KEQHJBNSCLWCAE-UHFFFAOYSA-N,164.083729624,1.6669,CC1=CC(=O)C(C(C)C)=CC1=O,5847.30322265625,959.4473485567812,-2.572681427001953,0.1764705926179886,
55597980,COC1C(O)C(O)C(O)C(O)C1O,DSCFFEYYQKSRSV-UHFFFAOYSA-N,194.079038168,-3.1805,COC1C(O)C(O)C(O)C(O)C1O,1362.1348876953125,264.36183774321626,-2.338942527770996,0.17142857611179352,
75315281,CC(CN(C)C)CN1c2ccccc2Sc2ccccc21.O=C(O)C(O)C(O)C(=O)O,ZEEPCWVFSHMOPI-UHFFFAOYSA-N,448.1668076159998,2.3643999999999994,CC(CN(C)C)CN1c2ccccc2Sc2ccccc21.O=C(O)C(O)C(O)C(=O)O,40.26639938354492,18.04606486799124,-2.418266773223877,0.3166666626930237,
64647417,C=CCCCCCCCCCCCC(O)CC(O)CO,DFEHQWFIOMAGBM-UHFFFAOYSA-N,286.250794948,3.5677000000000016,C=CCCCCCCCCCCCC(O)CC(O)CO,1093.7864990234375,313.09728296682204,-2.655608654022217,0.16363635659217834,
11085144,COc1cc(C)c(C(=O)O)c(O)c1,QUCZMUVAQHIOID-UHFFFAOYSA-N,182.0579088,1.40742,COc1cc(C)c(C(=O)O)c(O)c1,271.156005859375,49.36609126174951,-2.5452957153320312,0.28260868787765503,
18565867,CC1(C)OC(=O)C(OCC2CC2)=C1c1ccc(S(C)(=O)=O)cc1,FULAPETWGIGNMT-UHFFFAOYSA-N,336.10314473999995,2.563200000000001,CC1(C)OC(=O)C(OCC2CC2)=C1c1ccc(S(C)(=O)=O)cc1,1658.363037109375,557.3810142637267,-3.0042433738708496,0.3030303120613098,
68091907,CCC(=O)OC1(C(=O)SCF)C(C)CC2C3CC(F)C4=CC(=O)C=CC4(C)C3(F)C(O)CC21C,WMWTYOKRWGGJOA-UHFFFAOYSA-N,500.18442975199997,4.430000000000004,CCC(=O)OC1(C(=O)SCF)C(C)CC2C3CC(F)C4=CC(=O)C=CC4(C)C3(F)C(O)CC21C,3.974454164505005,1.987960013451777,-1.11463463306427,0.1595744639635086,
48581852,CN1C(CCl)Nc2cc(Cl)c(S(N)(=O)=O)cc2S1(=O)=O,CESYKOGBSMNBPD-UHFFFAOYSA-N,358.956803192,0.5983000000000003,CN1C(CCl)Nc2cc(Cl)c(S(N)(=O)=O)cc2S1(=O)=O,312.7891540527344,112.27779053280099,-3.0021162033081055,0.19230769574642181,
84892078,NCCCS(=O)(=O)O,SNKZJIOFVMKAOJ-UHFFFAOYSA-N,139.030314148,-0.7769999999999997,NCCCS(=O)(=O)O,555.96728515625,77.29630438873436,-5.029458999633789,0.20000000298023224,
10512743,O=C(CO)C(O)C(O)C(O)CO,BJHIKXHVCXFQLS-UHFFFAOYSA-N,180.063388104,-3.3772000000000006,O=C(CO)C(O)C(O)C(O)CO,5620.6171875,1012.0673245609389,-1.8847413063049316,0.21875,
10859580,CN1CCOC(c2ccccc2)c2ccccc2C1,RGPDEAGGEXEMMM-UHFFFAOYSA-N,253.146664228,3.238000000000002,CN1CCOC(c2ccccc2)c2ccccc2C1,463.5173034667969,117.33786039167457,-2.970529317855835,0.27586206793785095,
65744623,CC12CCC3C(CCC4(O)CC(O)CCC34C=O)C1(O)CCC2C1=CC(=O)OC1,ODJLBQGVINUMMR-UHFFFAOYSA-N,404.21988874399995,1.8981999999999999,CC12CCC3C(CCC4(O)CC(O)CCC34C=O)C1(O)CCC2C1=CC(=O)OC1,54.97874450683594,22.2235014577836,-1.6357053518295288,0.16842105984687805,
58195732,CC(COc1ccc(Oc2ccccc2)cc1)Oc1ccccn1,NHDHVHZZCFYRSB-UHFFFAOYSA-N,321.136493468,4.720200000000004,CC(COc1ccc(Oc2ccccc2)cc1)Oc1ccccn1,186.2613525390625,59.81531869491018,-3.304478406906128,0.2461538463830948,
17149417,Cc1cc2c(cc1S(N)(=O)=O)S(=O)(=O)CCC2,FNQQBFNIYODEMB-UHFFFAOYSA-N,275.02859989600006,0.36232000000000025,Cc1cc2c(cc1S(N)(=O)=O)S(=O)(=O)CCC2,724.2990112304688,199.20294362049233,-2.078320026397705,0.17777778208255768,
68873314,Cc1cc(NS(=O)(=O)c2ccc(N)cc2)no1,JLKIGFTWXXRPMT-UHFFFAOYSA-N,253.052112212,1.3660199999999998,Cc1cc(NS(=O)(=O)c2ccc(N)cc2)no1,104.23944091796875,26.378010835837703,-3.412256956100464,0.6279069781303406,
31869435,CCNS(=O)(=O)C(F)(F)C(F)(F)C(F)(F)C(F)(F)C(F)(F)C(F)(F)C(F)(F)C(F)(F)F,CCEKAJIANROZEO-UHFFFAOYSA-N,526.984779172,4.892600000000002,CCNS(=O)(=O)C(F)(F)C(F)(F)C(F)(F)C(F)(F)C(F)(F)C(F)(F)C(F)(F)C(F)(F)F,955.4635620117188,503.51476805436397,-1.9403330087661743,0.16981132328510284,
92173447,Cl.Cl.OCCN1CCN(CCCN2c3ccccc3Sc3ccc(C(F)(F)F)cc32)CC1,MBHNWCYEGXQEIT-UHFFFAOYSA-N,509.12822353599995,5.151700000000005,Cl.Cl.OCCN1CCN(CCCN2c3ccccc3Sc3ccc(C(F)(F)F)cc32)CC1,324.7850036621094,165.35722226340133,-2.1170341968536377,0.260869562625885,
86163801,CCC1(C2OC(C3OC(O)(CO)C(C)CC3C)CC2C)CCC(C2(C)CCC3(CC(O)C(C)C(C(C)C(OC)C(C)C(=O)[O-])O3)O2)O1.[Na+],XOIQMTLWECTKJL-UHFFFAOYSA-M,692.4111570520001,-0.057799999999991414,CCC1(C2OC(C3OC(O)(CO)C(C)CC3C)CC2C)CCC(C2(C)CCC3(CC(O)C(C)C(C(C)C(OC)C(C)C(=O)[O-])O3)O2)O1.[Na+],109.44905090332031,75.78374426310772,-1.723448634147644,0.1550387591123581,
11952076,CCCCC(O)c1ccccc1,OVGORFFCBUIFIA-UHFFFAOYSA-N,164.120115132,2.9102000000000015,CCCCC(O)c1ccccc1,75.27583312988281,12.354279260777849,-2.409895420074463,0.29729729890823364,
64140531,CCN(Cc1ccncc1)C(=O)C(CO)c1ccccc1,BGDKAVGWHJFAGW-UHFFFAOYSA-N,284.15247788,2.2062,CCN(Cc1ccncc1)C(=O)C(CO)c1ccccc1,33.320045471191406,9.46797284858303,-2.2490086555480957,0.25581395626068115,
98597386,CCCCCC(CC(=O)O)C(=O)O,FNZSVEHJZREFPF-UHFFFAOYSA-N,188.104858992,1.7422000000000002,CCCCCC(CC(=O)O)C(=O)O,402.6664123535156,75.74351010685108,-1.9286212921142578,0.4864864945411682,
15845413,Cc1ccc(=O)n(-c2ccccc2)c1,ISWRGOKTTBVCFA-UHFFFAOYSA-N,185.084063972,2.1459200000000003,Cc1ccc(=O)n(-c2ccccc2)c1,1878.5738525390625,347.694068802163,-2.443035125732422,0.2571428716182709,
91136660,O=C(NN=Cc1ccc([N+](=O)[O-])o1)c1ccc(O)cc1,YCWSUKQGVSGXJO-UHFFFAOYSA-N,275.05422038800003,1.6573,O=C(NN=Cc1ccc([N+](=O)[O-])o1)c1ccc(O)cc1,6.066417217254639,1.668593686930706,-3.116647958755493,0.4000000059604645,
11051417,CC(O)(P(=O)([O-])O)P(=O)([O-])O.[Na+].[Na+],GWBBVOVXJZATQQ-UHFFFAOYSA-L,249.938414352,-8.248199999999999,CC(O)(P(=O)([O-])O)P(=O)([O-])O.[Na+].[Na+],1596.83203125,399.1096673072674,-1.936161756515503,0.17073170840740204,
11463337,CCC(C)C(=O)OC1CC(C)C=C2C=CC(C)C(CCC3CC(O)CC(=O)O3)C21,PCZOHLXUXFIOCF-UHFFFAOYSA-N,404.2562742519999,4.195500000000004,CCC(C)C(=O)OC1CC(C)C=C2C=CC(C)C(CCC3CC(O)CC(=O)O3)C21,46.39100646972656,18.75385547039541,-3.197300910949707,0.1666666716337204,
11221748,COc1cc(OC)c2c(=O)cc(-c3ccccc3)oc2c1,JRFZSUMZAUHNSL-UHFFFAOYSA-N,282.089208928,3.4772000000000025,COc1cc(OC)c2c(=O)cc(-c3ccccc3)oc2c1,594.6944580078125,167.75688289129056,-3.1862659454345703,0.2830188572406769,
10716220,CN1CC(=O)NC1=N,DDRJAANPRJIHGJ-UHFFFAOYSA-N,113.058911844,-1.0172299999999999,CN1CC(=O)NC1=N,1560.6748046875,176.44819311170974,-1.5398036241531372,0.19512194395065308,
10233204,C=C1CCC2C(CC2(C)C)C(=O)CCC1O,BSFUDCIRZBAPDS-UHFFFAOYSA-N,222.161979944,2.708900000000001,C=C1CCC2C(CC2(C)C)C(=O)CCC1O,2717.12109375,603.6410087149524,-2.2031002044677734,0.17910447716712952,
17280944,CC(C)(C)NCC(O)COc1nsnc1N1CCOCC1.O=C(O)C=CC(=O)O,WLRMANUAADYWEA-UHFFFAOYSA-N,432.1678702359999,0.21430000000000204,CC(C)(C)NCC(O)COc1nsnc1N1CCOCC1.O=C(O)C=CC(=O)O,47.1025276184082,20.356198270803464,-2.637991428375244,0.25925925374031067,
17295267,CC(C)C(C)C=CC(C)C1CCC2C3=CC=C4CC(O)CCC4(C)C3CCC21C,DNVPQKQSNYMLRS-UHFFFAOYSA-N,396.339216028,7.330800000000009,CC(C)C(C)C=CC(C)C1CCC2C3=CC=C4CC(O)CCC4(C)C3CCC21C,227.4175262451172,90.13447910204864,-2.005281448364258,0.1666666716337204,
84299221,CC(=O)N=c1sc(S(N)(=O)=O)nn1C,FLOSMHQXBMRNHR-UHFFFAOYSA-N,236.003782116,-1.4237999999999997,CC(=O)N=c1sc(S(N)(=O)=O)nn1C,1504.6373291015625,355.10007967437673,-2.850728750228882,0.1875,
59450164,Cc1cccc(C)c1NC(=O)c1ccccc1C(=O)O,LLECMGGNFBKPRH-UHFFFAOYSA-N,269.10519334,3.253940000000001,Cc1cccc(C)c1NC(=O)c1ccccc1C(=O)O,106.46039581298828,28.64904450007165,-2.5959479808807373,0.3695652186870575,
92162184,C=C(C)C1CC=C(C)CC1,XMGQYMWWDOXHJM-UHFFFAOYSA-N,136.125200512,3.308900000000002,C=C(C)C1CC=C(C)CC1,1608.9754638671875,219.02210036793906,-1.5978691577911377,0.3913043439388275,
50961630,Cl.NCC(=O)c1ccccc1,CVXGFPPAIUELDV-UHFFFAOYSA-N,171.04509162,1.2498,Cl.NCC(=O)c1ccccc1,1064.51513671875,182.08008517602394,-2.258970022201538,0.375,
26836191,CC(=O)OC1CCC2(C)C3=C(CCC2C1(C)C)C1(C)CCC(C(C)CCC=C(C)C)C1(C)CC3,BQPPJGMMIYJVBR-UHFFFAOYSA-N,468.396730904,9.049900000000003,CC(=O)OC1CCC2(C)C3=C(CCC2C1(C)C)C1(C)CCC(C(C)CCC=C(C)C)C1(C)CC3,2.864041328430176,1.3415076128597816,-2.2582576274871826,0.19417475163936615,
24843747,CNC1(C)C2CCC(C2)C1(C)C.Cl,PKVZBNCYEICAQP-UHFFFAOYSA-N,203.14407738399998,2.842400000000002,CNC1(C)C2CCC(C2)C1(C)C.Cl,2169.209716796875,440.66210695857563,-1.640167236328125,0.1538461595773697,
97382133,O=c1c(O)c(-c2ccccc2)oc2cccc(O)c12,QHYWQIVTVQAKQF-UHFFFAOYSA-N,254.0579088,2.8712000000000013,O=c1c(O)c(-c2ccccc2)oc2cccc(O)c12,11.579370498657227,2.941830559465322,-2.9407150745391846,0.34090909361839294,
33053725,O=C(O)C1CC(C2CCCCN2)CN2CCCCC12,VFENFLGNSRQELY-UHFFFAOYSA-N,266.199428072,1.7036999999999998,O=C(O)C1CC(C2CCCCN2)CN2CCCCC12,319.01763916015625,84.92231562798884,-2.593109369277954,0.21739129722118378,
24843303,NCc1cccnc1,HDOUGSFASVGDCS-UHFFFAOYSA-N,108.06874825599999,0.5403,NCc1cccnc1,310.79486083984375,33.587211498062835,-2.393125295639038,0.29032257199287415,
98893696,CC(=O)Oc1cccc2c1C(=O)c1c(OC(C)=O)cc(C(=O)O)cc1C2=O,TYNLGDBUJLVSMA-UHFFFAOYSA-N,368.05321734399996,2.0107999999999997,CC(=O)Oc1cccc2c1C(=O)c1c(OC(C)=O)cc(C(=O)O)cc1C2=O,132.08352661132812,48.613770086467255,-2.688896417617798,0.25,
22847600,O=C(O)C1CCCN1,ONIBWKKTOPOVIA-UHFFFAOYSA-N,115.063328528,-0.177,O=C(O)C1CCCN1,876.7073364257812,100.87686185994278,-2.273988723754883,0.3571428656578064,
45771245,CN(C)CCN(Cc1cccs1)c1ccccn1.Cl,BONORRGKLJBGRV-UHFFFAOYSA-N,297.10664632,3.133100000000002,CN(C)CCN(Cc1cccs1)c1ccccn1.Cl,258.2308044433594,76.72208856802523,-2.768427848815918,0.2542372941970825,
81280806,CC(CCC(=O)O)C1CCC2C3C(O)CC4CC(O)CCC4(C)C3CCC12C,RUDATBOHQWOJDD-UHFFFAOYSA-N,392.29265976,4.477900000000004,CC(CCC(=O)O)C1CCC2C3C(O)CC4CC(O)CCC4(C)C3CCC12C,331.3380432128906,129.98147243102352,-2.085062026977539,0.20000000298023224,
16756844,CC(C)c1c(O)ccc2c1CCC1C(C)(C=O)CCCC21C,QMRLEXVAVRHWSE-UHFFFAOYSA-N,300.208930136,4.7248000000000046,CC(C)c1c(O)ccc2c1CCC1C(C)(C=O)CCCC21C,300.482177734375,90.20743489195678,-2.4740400314331055,0.1882352977991104,
40554204,CCC1(O)C(=O)OCc2c1cc1n(c2=O)Cc2cc3ccccc3nc2-1,VSJKWCGYPAHWDS-UHFFFAOYSA-N,348.111006992,2.0796,CCC1(O)C(=O)OCc2c1cc1n(c2=O)Cc2cc3ccccc3nc2-1,50.439605712890625,17.55858121077764,-1.6530202627182007,0.6911764740943909,
81233008,CN(C)Cc1c[nH]c2ccccc12,OCDGBSUVYYVKQZ-UHFFFAOYSA-N,174.115698448,2.2295,CN(C)Cc1c[nH]c2ccccc12,426.1000671386719,74.19071221001174,-3.842405319213867,0.41860464215278625,
62554421,CN(C)CCC=C1c2ccccc2CCc2ccccc21.Cl,KFYRPLNVJVHZGT-UHFFFAOYSA-N,313.159727448,4.590400000000005,CN(C)CCC=C1c2ccccc2CCc2ccccc21.Cl,443.7085876464844,138.95166380821254,-2.127296209335327,0.2075471729040146,
72653488,C=C1C(=O)OC2C1CCC(C)=CCCC1(C)OC21,KTEXNACQROZXEV-UHFFFAOYSA-N,248.1412445,2.7620000000000013,C=C1C(=O)OC2C1CCC(C)=CCCC1(C)OC21,666.8011474609375,165.4608535494588,-2.037266969680786,0.19117647409439087,
89706481,CC(NC(C)(C)C)C(=O)c1cccc(Cl)c1.Cl,HEYVINCGKDONRU-UHFFFAOYSA-N,275.084369588,3.721100000000003,CC(NC(C)(C)C)C(=O)c1cccc(Cl)c1.Cl,35.50742721557617,9.767537804984606,-2.6373987197875977,0.31578946113586426,
10012137,CCOc1ccc(NC(=O)CC(C)O)cc1,LIAWQASKBFCRNR-UHFFFAOYSA-N,223.120843404,1.7946999999999997,CCOc1ccc(NC(=O)CC(C)O)cc1,257.1806335449219,57.382359331756476,-2.589202642440796,0.32203391194343567,
68023476,Cc1cccc(O)c1,RLSSMJSEOOYNOY-UHFFFAOYSA-N,108.057514876,1.7006199999999998,Cc1cccc(O)c1,992.2042846679688,107.2151318268319,-1.7053030729293823,0.2432432472705841,
99499972,CC(=O)OC1(C(C)=O)CCC2C3C=C(C)C4=CC(=O)CCC4(C)C3CCC21C,RQZAXGRLVPAYTJ-UHFFFAOYSA-N,384.230059504,4.575300000000005,CC(=O)OC1(C(C)=O)CCC2C3C=C(C)C4=CC(=O)CCC4(C)C3CCC21C,1018.0069580078125,391.1488597600446,-2.2034084796905518,0.1910112351179123,
70615483,COc1cc2c(cc1-c1coc3c4c(ccc3c1=O)OC(C)(C)CC4)OCO2,CMRKWZWNFFFDOQ-UHFFFAOYSA-N,380.12598835999995,4.300900000000005,COc1cc2c(cc1-c1coc3c4c(ccc3c1=O)OC(C)(C)CC4)OCO2,264.50921630859375,100.54682147937095,-1.5986038446426392,0.3333333432674408,
10158959,CC1OC(OC2C=C3CCC4C(CCC5(C)C(c6ccc(=O)oc6)CCC45O)C3(C)CC2)C(O)C(O)C1O,MYEJFUXQJGHEQK-UHFFFAOYSA-N,530.2879683039998,3.013800000000002,CC1OC(OC2C=C3CCC4C(CCC5(C)C(c6ccc(=O)oc6)CCC45O)C3(C)CC2)C(O)C(O)C1O,3911.450439453125,2074.195078338952,-3.272242546081543,0.19819819927215576,
63640824,CC(=O)OC1CC2CCC1(C)C2(C)C,KGEKLUUHTZCSIP-UHFFFAOYSA-N,196.14632988,2.7643000000000013,CC(=O)OC1CC2CCC1(C)C2(C)C,1532.6220703125,300.61817641421106,-2.3439199924468994,0.18518517911434174,
73963300,COCCCOc1cc(CC(CC(N)C(O)CC(C(=O)NCC(C)(C)C(N)=O)C(C)C)C(C)C)ccc1OC.O=C(O)C=CC(=O)O,RSFGNDXWVZPKJA-UHFFFAOYSA-N,667.4043950240001,3.0053000000000045,COCCCOc1cc(CC(CC(N)C(O)CC(C(=O)NCC(C)(C)C(N)=O)C(C)C)C(C)C)ccc1OC.O=C(O)C=CC(=O)O,41.392024993896484,27.625219141297162,-2.44771671295166,0.2631579041481018,
40911653,FC(F)(F)C(Cl)Br,BCQZXOMGPXTTIC-UHFFFAOYSA-N,195.890224472,2.5084999999999997,FC(F)(F)C(Cl)Br,6144.77880859375,1203.7020844537185,-2.0671627521514893,0.10000000149011612,
11171505,CC(CC(=O)C1OC1(C)C)C1C(=O)CC2(C)C3=CCC4C(C)(C)C(OC5OCC(O)C(O)C5O)CCC45CC35C(O)CC12C,PYBFXJMIKJNNAJ-UHFFFAOYSA-N,616.3611332439998,3.0923000000000007,CC(CC(=O)C1OC1(C)C)C1C(=O)CC2(C)C3=CCC4C(C)(C)C(OC5OCC(O)C(O)C5O)CCC45CC35C(O)CC12C,1506.0206298828125,928.2526038723007,-2.225571393966675,0.1735537201166153,
95838380,O=C1NS(=O)(=O)c2ccccc21,CVHZOJJKTDOEJC-UHFFFAOYSA-N,182.99901402,0.11869999999999997,O=C1NS(=O)(=O)c2ccccc21,1344.736083984375,246.0853802785999,-2.2513959407806396,0.24390244483947754,
80143273,O=C(O)c1cccnc1Nc1cccc(C(F)(F)F)c1,JZFPYUNJRRFVQU-UHFFFAOYSA-N,282.061612188,3.542200000000001,O=C(O)c1cccnc1Nc1cccc(C(F)(F)F)c1,59.5377197265625,16.79330527091415,-2.218970775604248,0.32758620381355286,
66431175,CC1(C)OC2CC3C4CCC5=CC(=O)CCC5(C)C4(F)C(O)CC3(C)C2(C(=O)CCl)O1,MUQNGPZZQDCDFT-UHFFFAOYSA-N,454.1922300239999,3.889300000000003,CC1(C)OC2CC3C4CCC5=CC(=O)CCC5(C)C4(F)C(O)CC3(C)C2(C(=O)CCl)O1,469.2544860839844,213.13173141247935,-2.723895311355591,0.18000000715255737,
30826489,CC1C(=O)CCC2C1(C)CCC1C2(C)CCC2(C)C3CC(C)(C)CCC3(C)CCC12C,OFMXGFHWLZPCFL-UHFFFAOYSA-N,426.38616622,8.457000000000006,CC1C(=O)CCC2C1(C)CCC1C2(C)CCC2(C)C3CC(C)(C)CCC3(C)CCC12C,379.7506408691406,161.92041916817223,-2.6151418685913086,0.1733333319425583,
52783068,CC1=CCc2c(cc3oc(C)cc(=O)c3c2O)OC1,IUIHYYSAVUBPQO-UHFFFAOYSA-N,258.089208928,2.688220000000001,CC1=CCc2c(cc3oc(C)cc(=O)c3c2O)OC1,263.8031005859375,68.08473969630447,-2.1344189643859863,0.21739129722118378,
28514357,CN1CC(O)C2=CC(=NNC(N)=O)C(=O)C=C21,XSXCZNVKFKNLPR-UHFFFAOYSA-N,236.090940244,-1.2899999999999994,CN1CC(O)C2=CC(=NNC(N)=O)C(=O)C=C21,559.9384765625,132.19640467516464,-2.184840679168701,0.19672131538391113,
60175620,CC(=O)Oc1ccc(-c2cc(=O)c3c(OC(C)=O)cc(OC(C)=O)cc3o2)cc1,IVXFOQQPPONQTB-UHFFFAOYSA-N,396.08451747199996,3.2359000000000018,CC(=O)Oc1ccc(-c2cc(=O)c3c(OC(C)=O)cc(OC(C)=O)cc3o2)cc1,366.0291442871094,144.97847661791315,-3.739522695541382,0.2222222238779068,
65701452,CC(Cc1ccc(O)c(O)c1)C(C)Cc1ccc(O)c(O)c1,HCZKYJDFEPMADG-UHFFFAOYSA-N,302.151809184,3.5664000000000033,CC(Cc1ccc(O)c(O)c1)C(C)Cc1ccc(O)c(O)c1,346.21795654296875,104.61037401719895,-4.241456031799316,0.3243243098258972,
32357018,CCCCCCCCCCCCCCCCCCCCCCO,NOPFSRXAKWQILS-UHFFFAOYSA-N,326.35486609199995,7.800600000000008,CCCCCCCCCCCCCCCCCCCCCCO,2570.013916015625,838.736574804646,-2.5999200344085693,0.3030303120613098,
32293718,C#CCCCCCCCCCCCC(O)CC(O)CO.C=CCCCCCCCCCCCC(O)CC(O)CO,MKQLKSXQNMNNHU-UHFFFAOYSA-N,570.4859398319999,6.582600000000009,C#CCCCCCCCCCCCC(O)CC(O)CO.C=CCCCCCCCCCCCC(O)CC(O)CO,1272.2215576171875,725.7845153242343,-2.4590742588043213,0.15584415197372437,
97902806,CCCC(CCC)C(=O)[O-].[Na+],AEQFSUDEHCCHBT-UHFFFAOYSA-M,166.096974,-2.043299999999997,CCCC(CCC)C(=O)[O-].[Na+],603.7833862304688,100.28660045326173,-2.102076292037964,0.2666666805744171,
55735961,Cl.NCCCC(N)C(=O)O,GGTYBZJRPHEQDG-UHFFFAOYSA-N,168.066555336,-0.4410000000000001,Cl.NCCCC(N)C(=O)O,893.3583984375,150.1436605315578,-2.0653274059295654,0.3589743673801422,
10030807,CN1C(=O)CCS(=O)(=O)C1c1ccc(Cl)cc1,WEQAYVWKMWHEJO-UHFFFAOYSA-N,273.022641924,1.6155000000000002,CN1C(=O)CCS(=O)(=O)C1c1ccc(Cl)cc1,473.2972106933594,129.22085429291803,-3.5046722888946533,0.24444444477558136,
11006400,CC1(C)C(=O)C2CC3(O)C4=CC(=O)OC(c5ccoc5)C4(C)CCC3C(C)(C2=O)C1CC(=O)O,UKTUQKGXNWDYAI-UHFFFAOYSA-N,470.19406791999995,3.2464000000000013,CC1(C)C(=O)C2CC3(O)C4=CC(=O)OC(c5ccoc5)C4(C)CCC3C(C)(C2=O)C1CC(=O)O,544.5562133789062,256.04712315192774,-3.086117744445801,0.1782178282737732,
41077681,COC(=O)CC1C(C)(C)C(OC(C)=O)C2CC3C4CC(=O)OC(c5ccoc5)C4(C)CCC3C1(C)C2=O,INDUNANCUDNZJY-UHFFFAOYSA-N,514.256668176,4.662400000000004,COC(=O)CC1C(C)(C)C(OC(C)=O)C2CC3C4CC(=O)OC(c5ccoc5)C4(C)CCC3C1(C)C2=O,181.45155334472656,93.31267420101906,-2.5180768966674805,0.18000000715255737,
12015768,O=C1c2cccc(O)c2C(=O)c2c(O)cccc21,QBPFLULOKWLNNW-UHFFFAOYSA-N,240.042258736,1.873199999999999,O=C1c2cccc(O)c2C(=O)c2c(O)cccc21,223.36297607421875,53.61655478284449,-2.5080862045288086,0.30000001192092896,
73839634,CCCCOC(=O)C1=CC(=O)CC(C)(C)O1,OKIJSNGRQAOIGZ-UHFFFAOYSA-N,226.120509056,1.9816,CCCCOC(=O)C1=CC(=O)CC(C)(C)O1,391.07763671875,88.43067451090651,-2.570965051651001,0.25,
42357486,CC(=O)OC(C)C[N+](C)(C)C.[Cl-],JHPHVAVFUYTVCL-UHFFFAOYSA-M,195.102606496,-2.3517999999999963,CC(=O)OC(C)C[N+](C)(C)C.[Cl-],1505.5404052734375,293.73487381361855,-2.323183059692383,0.1875,
55859006,CCN(CC)CCNC(=O)COc1ccc(OC)cc1.Cl,AXBHPHPHZHAOAK-UHFFFAOYSA-N,316.15537034,1.9537999999999998,CCN(CC)CCNC(=O)COc1ccc(OC)cc1.Cl,161.62222290039062,51.097734791529426,-3.3599066734313965,0.2982456088066101,
21915703,CC12CCC3C(CCC4CC(O)CCC43C)C1CCC2O,CBMYJHIOYJEBSB-UHFFFAOYSA-N,292.240230264,3.750900000000003,CC12CCC3C(CCC4CC(O)CCC43C)C1CCC2O,802.1676635742188,234.42567734511965,-2.352303981781006,0.30645161867141724,
80530534,Cc1nccn1CC1CCc2c(c3ccccc3n2C)C1=O.Cl,MKBLHFILKIKSQM-UHFFFAOYSA-N,329.12948994,3.5503200000000033,Cc1nccn1CC1CCc2c(c3ccccc3n2C)C1=O.Cl,88.11507415771484,29.001269276230435,-2.8561179637908936,0.28333333134651184,
57583984,Cc1ccc(C2OC(CO)C(O)C(O)C2O)cc1Cc1ccc(-c2ccc(F)cc2)s1,XTNGUQKDFGDXSJ-UHFFFAOYSA-N,444.1406731200001,2.968320000000001,Cc1ccc(C2OC(CO)C(O)C(O)C2O)cc1Cc1ccc(-c2ccc(F)cc2)s1,8.019462585449219,3.56176935192499,-1.761804223060608,0.2461538463830948,
53253223,Clc1ccc(COC(Cn2ccnc2)c2ccc(Cl)cc2Cl)c(Cl)c1.O=[N+]([O-])O,MCCACAIVAXEFAL-UHFFFAOYSA-N,476.98166667999993,6.107100000000003,Clc1ccc(COC(Cn2ccnc2)c2ccc(Cl)cc2Cl)c(Cl)c1.O=[N+]([O-])O,91.08721160888672,43.44693145638709,-2.4599204063415527,0.8399999737739563,
10859329,O=C(CNC(=O)c1ccc(Cl)cc1)NO,JFZGBMJPJZDNNT-UHFFFAOYSA-N,228.030169828,0.5751999999999999,O=C(CNC(=O)c1ccc(Cl)cc1)NO,509.054443359375,116.0797799783302,-2.746933698654175,0.41860464215278625,
10290301,CCc1cc(C(N)=S)ccn1,AEOCXXJPGCBFJA-UHFFFAOYSA-N,166.05646932,1.2782,CCc1cc(C(N)=S)ccn1,647.4508666992188,107.51340458633675,-4.311922073364258,0.2641509473323822,
98945210,Cn1c([N+](=O)[O-])cnc1COC(N)=O,PQFRTXSWDXZRRS-UHFFFAOYSA-N,200.054554736,-0.07640000000000013,Cn1c([N+](=O)[O-])cnc1COC(N)=O,229.4289093017578,45.89829986792114,-3.369037389755249,0.36734694242477417,
31963816,O=C(O)C=Cc1ccc(O)c(O)c1,QAIPRVGONGVQAS-UHFFFAOYSA-N,180.042258736,1.1956,O=C(O)C=Cc1ccc(O)c(O)c1,463.2611083984375,83.4065797746312,-2.438323736190796,0.32608696818351746,
97590567,Cl.c1ccc(CC2=NCCN2)cc1,RHTNTTODYGNRSP-UHFFFAOYSA-N,196.076726096,1.6525999999999996,Cl.c1ccc(CC2=NCCN2)cc1,594.511962890625,116.56996379634049,-3.781482696533203,0.25,
62663306,Cc1occc(=O)c1O,XPCTZQVDEJYUGT-UHFFFAOYSA-N,126.031694052,0.6538199999999998,Cc1occc(=O)c1O,904.5490112304688,114.00184315669885,-2.552985668182373,0.23255814611911774,
16748368,CCN1CCCC(OC(=O)C(c2ccccc2)c2ccccc2)C1.Cl,RBGWCEWDAHDPEH-UHFFFAOYSA-N,359.165206752,4.267800000000005,CCN1CCCC(OC(=O)C(c2ccccc2)c2ccccc2)C1.Cl,134.37620544433594,48.26325495638274,-2.5387370586395264,0.28070175647735596,
10178442,CCN(CC)C(=O)c1cccc(C)c1,MMOXZBCLCQITDF-UHFFFAOYSA-N,191.131014164,2.4770200000000004,CCN(CC)C(=O)c1cccc(C)c1,126.71138763427734,24.218475227206422,-2.572495937347412,0.24390244483947754,
21840960,CC1CCC2C(C)(CO)C(O)CCC2(C)C12CCC(CO)(CCO)O2,XYPPDQHBNJURHU-UHFFFAOYSA-N,356.2562742519999,1.8547999999999996,CC1CCC2C(C)(CO)C(O)CCC2(C)C12CCC(CO)(CCO)O2,83.08256530761719,29.598684768334117,-1.5515862703323364,0.15189872682094574,
74827417,C=CCN=C=S,ZOJBYZNEUISWFT-UHFFFAOYSA-N,99.01427016,1.2752,C=CCN=C=S,5546.20458984375,549.1533973551642,-2.443425178527832,0.1111111119389534,
12366994,Cc1cc2nc3c(=O)[nH]c(=O)nc-3n(CC(O)C(O)C(O)CO)c2cc1C,AUNGANRZJHBGPY-UHFFFAOYSA-N,376.13828435999994,-1.7235599999999989,Cc1cc2nc3c(=O)[nH]c(=O)nc-3n(CC(O)C(O)C(O)CO)c2cc1C,404.71240234375,152.22783109810774,-2.5330302715301514,0.24137930572032928,
43828592,CC(=O)OC1CC(OC(C)=O)C2(C)C(CC(O)C3(C)C2CCC2(C)C(c4ccoc4)OC(=O)C4OC423)C1(C)C,MRMHZWKIOFZZID-UHFFFAOYSA-N,544.2672328599999,4.118100000000004,CC(=O)OC1CC(OC(C)=O)C2(C)C(CC(O)C3(C)C2CCC2(C)C(c4ccoc4)OC(=O)C4OC423)C1(C)C,40.993072509765625,22.311185914233484,-1.6669111251831055,0.1666666716337204,
37555150,Cc1cc2nc3c(=O)[nH]c(=O)nc-3n(CC(O)C(O)C(O)COP(=O)([O-])O)c2cc1C.[Na+],OHSHFZJLPYLRIP-UHFFFAOYSA-M,478.0865591299999,-5.234559999999995,Cc1cc2nc3c(=O)[nH]c(=O)nc-3n(CC(O)C(O)C(O)COP(=O)([O-])O)c2cc1C.[Na+],361.0652770996094,172.62045184642236,-2.807546615600586,0.20588235557079315,
16228121,O=c1c(O)c(-c2ccc(O)cc2)oc2ccccc12,GPGOCTLAUAHUQO-UHFFFAOYSA-N,254.0579088,2.871200000000001,O=c1c(O)c(-c2ccc(O)cc2)oc2ccccc12,19.38435173034668,4.9247480571291895,-3.7652511596679688,0.3913043439388275,
54378811,CC1(C)C=Cc2c(c3c(c4c(=O)c(-c5ccc(O)c(O)c5)coc24)OC(C)(C)CC3)O1,FYVQSXRFGAIFQK-UHFFFAOYSA-N,420.1572884879999,5.159000000000005,CC1(C)C=Cc2c(c3c(c4c(=O)c(-c5ccc(O)c(O)c5)coc24)OC(C)(C)CC3)O1,124.44080352783203,52.284710837955096,-1.3800657987594604,0.1744185984134674,
11187003,Cc1onc(-c2c(Cl)cccc2Cl)c1C(=O)NC1C(=O)N2C1SC(C)(C)C2C(=O)[O-].[Na+],GXOMMGAFBINOJY-UHFFFAOYSA-M,491.008541252,-1.1285799999999995,Cc1onc(-c2c(Cl)cccc2Cl)c1C(=O)NC1C(=O)N2C1SC(C)(C)C2C(=O)[O-].[Na+],26.39129066467285,12.958348867621035,-2.3090546131134033,0.2409638613462448,
72539403,O=C(CCBr)N1CCN(C(=O)CCBr)CC1,NJBFOOCLYDNZJN-UHFFFAOYSA-N,353.957851952,1.2272,O=C(CCBr)N1CCN(C(=O)CCBr)CC1,3160.11181640625,1118.5464215188563,-3.237039804458618,0.30000001192092896,
86621231,CCC(C)C(=O)OC1CC2(C)C(c3ccoc3)OC(=O)CC23OC2(C)OC34C(OC(=O)C(C)C)C3(O)C(OC(=O)C5(C)OC5C)C5(C)CC3(O)C(C)(C5CC(=O)OC)C14O2,BUVRFGBECZFCRL-UHFFFAOYSA-N,844.3517503319999,3.3446000000000025,CCC(C)C(=O)OC1CC2(C)C(c3ccoc3)OC(=O)CC23OC2(C)OC34C(OC(=O)C(C)C)C3(O)C(OC(=O)C5(C)OC5C)C5(C)CC3(O)C(C)(C5CC(=O)OC)C14O2,70.5564193725586,59.574434281941606,-1.5584439039230347,0.15646257996559143,
86262088,CC(=O)NC1CCSC1=O,NRFJZTXWLKPZAV-UHFFFAOYSA-N,159.035399528,0.15460000000000013,CC(=O)NC1CCSC1=O,286.6661682128906,45.590071209170496,-2.207043409347534,0.22727273404598236,
86554109,Cl.Cl.O=C(O)COCCN1CCN(C(c2ccccc2)c2ccc(Cl)cc2)CC1,PGLIUCLTXOYQMV-UHFFFAOYSA-N,460.10872576400004,3.991800000000003,Cl.Cl.O=C(O)COCCN1CCN(C(c2ccccc2)c2ccc(Cl)cc2)CC1,520.9567260742188,239.6967211513931,-2.341275453567505,0.2711864411830902,
11444785,CC(=O)OC1CC(OC(C)=O)C2(C)C(CC(OC(C)=O)C3(C)C2CCC2(C)C(c4ccoc4)C(=O)C4OC423)C1(C)C,AKPJXLBXDLSOFY-UHFFFAOYSA-N,570.282882924,4.757300000000004,CC(=O)OC1CC(OC(C)=O)C2(C)C(CC(OC(C)=O)C3(C)C2CCC2(C)C(c4ccoc4)C(=O)C4OC423)C1(C)C,1037.395263671875,591.6087475580324,-1.279567003250122,0.1595744639635086,
70934771,O=c1cc(-c2cccc(O)c2)oc2ccc(O)cc12,YHLLABKHTFWHSZ-UHFFFAOYSA-N,254.0579088,2.871200000000001,O=c1cc(-c2cccc(O)c2)oc2ccc(O)cc12,410.1220703125,104.19475462773843,-2.986548662185669,0.26923078298568726,
69845013,CN1C(C(=O)Nc2ccccn2)=C(O)c2sc(Cl)cc2S1(=O)=O,WLHQHAUOOXYABV-UHFFFAOYSA-N,370.9801254799999,2.2958999999999996,CN1C(C(=O)Nc2ccccn2)=C(O)c2sc(Cl)cc2S1(=O)=O,81.361328125,30.18343680052674,-3.5285146236419678,0.25,
80763952,COc1cc(O)c2c(c1)C(=O)c1cc(C)cc(O)c1C2=O,FFWOKTFYGVYKIR-UHFFFAOYSA-N,284.068473484,2.1902200000000005,COc1cc(O)c2c(c1)C(=O)c1cc(C)cc(O)c1C2=O,88.70293426513672,25.197706486840566,-2.32075834274292,0.5121951103210449,
76235579,CC(=O)NC(CCC(N)=O)C(=O)O,KSMRODHGGIIXDV-UHFFFAOYSA-N,188.079706864,-1.1587999999999987,CC(=O)NC(CCC(N)=O)C(=O)O,608.847412109375,114.51184790638965,-2.4459755420684814,0.28947368264198303,
44748513,COc1cc(C=O)ccc1O,MWOOGOJBHIARFG-UHFFFAOYSA-N,152.047344116,1.2132999999999998,COc1cc(C=O)ccc1O,174.0645294189453,26.466047517904574,-2.257258653640747,0.3255814015865326,
72698367,CC(=O)OC1CCC2(C)C(CCC3C2CC(=O)C2(C)C3CC3OC4(CCC(C)CO4)C(C)C32)C1,CVKZWRTYHCDWTE-UHFFFAOYSA-N,472.3188745079999,5.543600000000006,CC(=O)OC1CCC2(C)C(CCC3C2CC(=O)C2(C)C3CC3OC4(CCC(C)CO4)C(C)C32)C1,33.33848571777344,15.746394968152428,-1.7460490465164185,0.23863635957241058,
96043059,Cc1cccc(N(C)C(=S)Oc2ccc3ccccc3c2)c1,FUSNMLFNXJSCDI-UHFFFAOYSA-N,307.10308516400005,4.948320000000003,Cc1cccc(N(C)C(=S)Oc2ccc3ccccc3c2)c1,311.7632751464844,95.74346715283427,-2.5436370372772217,0.2142857164144516,
89664412,CNCCCN1c2ccccc2CCc2ccccc21.Cl,XAEWZDYWZHIUCT-UHFFFAOYSA-N,302.154976416,3.954600000000004,CNCCCN1c2ccccc2CCc2ccccc21.Cl,354.5037841796875,107.11508146760583,-3.601051092147827,0.290909081697464,
54399509,NC(Cn1ccc(=O)c(O)c1)C(=O)O,WZNJWVWKTVETCG-UHFFFAOYSA-N,198.0640568,-1.0342000000000002,NC(Cn1ccc(=O)c(O)c1)C(=O)O,91.0205307006836,18.027894334890412,-2.2041733264923096,0.239130437374115,
99808599,Cl.NCc1ccc(S(N)(=O)=O)cc1,SIACJRVYIPXFKS-UHFFFAOYSA-N,222.022976272,0.2144999999999998,Cl.NCc1ccc(S(N)(=O)=O)cc1,117.2649154663086,26.035504670696675,-4.10542631149292,0.9523809552192688,
72535110,CC(=O)c1ccc2c(c1)N(CCCN(C)C)c1ccccc1S2.O=C(O)C=CC(=O)O,FQRHOOHLUYHMGG-UHFFFAOYSA-N,442.1562429319999,4.155400000000002,CC(=O)c1ccc2c(c1)N(CCCN(C)C)c1ccccc1S2.O=C(O)C=CC(=O)O,123.82626342773438,54.75055625686124,-1.839663028717041,0.27941176295280457,
41280027,Cl.Clc1ccccc1CN1CCc2sccc2C1,MTKNGOHFNXIVOS-UHFFFAOYSA-N,299.03022584,4.381600000000003,Cl.Clc1ccccc1CN1CCc2sccc2C1,216.5769805908203,64.76306281181623,-2.695998191833496,0.24193547666072845,
13031199,CCC1=C(C)CN(C(=O)NCCc2ccc(S(=O)(=O)NC(=O)NC3CCC(C)CC3)cc2)C1=O,WIGIZIANZCJQQY-UHFFFAOYSA-N,490.224991188,3.0740000000000016,CCC1=C(C)CN(C(=O)NCCc2ccc(S(=O)(=O)NC(=O)NC3CCC(C)CC3)cc2)C1=O,20.580686569213867,10.089166921255543,-2.065723419189453,0.24358974397182465,
81519526,Cl.NCCc1ccccc1,SKHIBNDAFWIOPB-UHFFFAOYSA-N,157.065827064,1.6096000000000001,Cl.NCCc1ccccc1,245.33583068847656,38.533875398927215,-2.6346004009246826,0.3636363744735718,
37995730,COc1ccc(C=CC(=O)c2ccccc2)cc1,XUFXKBJMCRJATM-UHFFFAOYSA-N,238.099379688,3.591300000000002,COc1ccc(C=CC(=O)c2ccccc2)cc1,365.99237060546875,87.1425556169603,-2.6047165393829346,0.3265306055545807,
43223081,CN(C)CCCOc1nn(Cc2ccccc2)c2ccccc12.Cl,HNNIWKQLJSNAEQ-UHFFFAOYSA-N,345.160790068,3.836900000000003,CN(C)CCCOc1nn(Cc2ccccc2)c2ccccc12.Cl,66.5158462524414,22.958660090081594,-2.976598024368286,0.27586206793785095,
41324521,CC(Cn1cnc2c(N)ncnc21)OCP(=O)(O)O,SGOIRFVFHAKUTI-UHFFFAOYSA-N,287.078340558,-0.051200000000000134,CC(Cn1cnc2c(N)ncnc21)OCP(=O)(O)O,134.73431396484375,38.679304330142465,-2.597524881362915,0.8444444537162781,
24285550,COc1cccc(O)c1O,LPYUENQFPVNPHY-UHFFFAOYSA-N,140.047344116,1.1063999999999996,COc1cccc(O)c1O,180.49024963378906,25.27718090140333,-2.377784013748169,0.26829269528388977,
60914255,O=C(C=Cc1ccc(O)c(O)c1)C=C(O)C=Cc1ccc(O)c(O)c1,MQHBAUYEIFLTRU-UHFFFAOYSA-N,340.09468823199995,3.2466000000000017,O=C(C=Cc1ccc(O)c(O)c1)C=C(O)C=Cc1ccc(O)c(O)c1,366.0084228515625,124.4775231357896,-2.0286147594451904,0.25,
89393072,Br.CN(C)CCCC1(c2ccc(F)cc2)OCc2cc(C#N)ccc21,WIHMBLDNRMIGDW-UHFFFAOYSA-N,404.089953644,4.390880000000004,Br.CN(C)CCCC1(c2ccc(F)cc2)OCc2cc(C#N)ccc21,50.49989318847656,20.40649971432919,-2.129567861557007,0.20967741310596466,
10435699,NC(=O)CN1CCCC1=O,GMZVRMREEHBGGF-UHFFFAOYSA-N,142.07422756,-0.9059000000000004,NC(=O)CN1CCCC1=O,2000.1993408203125,284.1767730612461,-2.2033193111419678,0.2142857164144516,
11151907,O=S(=O)([O-])CCS.[Na+],XOGTZOOQQBDUSI-UHFFFAOYSA-M,163.9577803,-3.534599999999999,O=S(=O)([O-])CCS.[Na+],463.45416259765625,75.98691487122363,-2.585085153579712,0.2068965584039688,
33494389,COc1ccc(OC)c(C(O)C(C)N)c1.Cl,YGRFXPCHZBRUKP-UHFFFAOYSA-N,247.097521116,1.5062,COc1ccc(OC)c(C(O)C(C)N)c1.Cl,374.08404541015625,92.43524278422566,-2.1274092197418213,0.3255814015865326,
55375726,Clc1ccc(CSC(Cn2ccnc2)c2ccc(Cl)cc2Cl)cc1.O=[N+]([O-])O,CRKGMGQUHDNAPB-UHFFFAOYSA-N,458.99779541199996,6.170300000000004,Clc1ccc(CSC(Cn2ccnc2)c2ccc(Cl)cc2Cl)cc1.O=[N+]([O-])O,310.97491455078125,142.73680535062297,-2.5384724140167236,0.5333333611488342,
66145185,CN(CC=CC#CC(C)(C)C)Cc1cccc2ccccc12.Cl,BWMISRWJRUSYEX-UHFFFAOYSA-N,327.17537751199995,5.2991000000000055,CN(CC=CC#CC(C)(C)C)Cc1cccc2ccccc12.Cl,68.44247436523438,22.392691393741156,-2.8152542114257812,0.9750000238418579,
67614997,Cc1c(O)c(=O)ccn1C,TZXKOCQBRNJULO-UHFFFAOYSA-N,139.063328528,0.39931999999999984,Cc1c(O)c(=O)ccn1C,751.771728515625,104.54388157936384,-2.4530627727508545,0.24390244483947754,
41233420,C[N+]1(C)CCCC(OC(=O)C(O)(c2ccccc2)c2ccccc2)C1.[Br-],JRRNZNSGDSFFIR-UHFFFAOYSA-M,419.109605792,-0.291499999999999,C[N+]1(C)CCCC(OC(=O)C(O)(c2ccccc2)c2ccccc2)C1.[Br-],148.23406982421875,62.12632236912509,-2.3851430416107178,0.2153846174478531,
92780427,Oc1cc(O)c2c(c1)OC(c1cc(O)c(O)c(O)c1)C(O)C2c1c(O)cc(O)c2c1OC(c1cc(O)c(O)c(O)c1)C(O)C2c1c(O)cc(O)c2c1OC(c1cc(O)c(O)c(O)c1)C(O)C2,NVTLDVSBUJGIAD-UHFFFAOYSA-N,914.1905582360002,3.560700000000014,Oc1cc(O)c2c(c1)OC(c1cc(O)c(O)c(O)c1)C(O)C2c1c(O)cc(O)c2c1OC(c1cc(O)c(O)c(O)c1)C(O)C2c1c(O)cc(O)c2c1OC(c1cc(O)c(O)c(O)c1)C(O)C2,109.43607330322266,100.04542412687891,-2.8523483276367188,0.17391304671764374,
38354460,CC(C)c1nc(N(C)S(C)(=O)=O)nc(-c2ccc(F)cc2)c1C=CC(O)CC(O)CC(=O)[O-].[Ca+2],XDIJJHVJIZNZGO-UHFFFAOYSA-M,520.1225022040899,0.6861999999999999,CC(C)c1nc(N(C)S(C)(=O)=O)nc(-c2ccc(F)cc2)c1C=CC(O)CC(O)CC(=O)[O-].[Ca+2],37.036319732666016,19.263422563244607,-2.305494546890259,0.4743589758872986,
38254101,CC1(Cn2ccnn2)C(C(=O)O)N2C(=O)CC2S1(=O)=O,LPQZKKCYTLCDGQ-UHFFFAOYSA-N,300.05284048399994,-1.523199999999998,CC1(Cn2ccnn2)C(C(=O)O)N2C(=O)CC2S1(=O)=O,639.4349365234375,191.86426815010557,-2.8613321781158447,0.20000000298023224,
44144396,CC1=C(C(=O)O)N2C(=O)C(NC(=O)C(N)c3ccc(O)cc3)C2SC1,BOEGTKLJZSQCCD-UHFFFAOYSA-N,363.088891644,0.15050000000000108,CC1=C(C(=O)O)N2C(=O)C(NC(=O)C(N)c3ccc(O)cc3)C2SC1,52.13326644897461,18.92900972714257,-2.641183614730835,0.5,
37144671,CC(C=CC=C(C)C=CC1=C(C)CCCC1(C)C)=CC=CC=C(C)C=CC=C(C)C=CC1=C(C)CCCC1(C)C,OENHQHLEOONYIE-UHFFFAOYSA-N,536.438201792,12.605799999999977,CC(C=CC=C(C)C=CC1=C(C)CCCC1(C)C)=CC=CC=C(C)C=CC=C(C)C=CC1=C(C)CCCC1(C)C,464.52325439453125,249.18800405824686,-1.844298005104065,0.140625,
12082021,NC(CC(=O)O)C(=O)O,CKLJMWTZIZZHCS-UHFFFAOYSA-N,133.037507704,-1.127,NC(CC(=O)O)C(=O)O,1276.2193603515625,169.7850439997606,-3.0101261138916016,0.2857142984867096,
55287451,Cl.NC(Cc1ccc(Cl)cc1)C(=O)O,PFOCEDBJFKVRHU-UHFFFAOYSA-N,235.016683952,1.7162,Cl.NC(Cc1ccc(Cl)cc1)C(=O)O,139.98452758789062,32.8986972930319,-3.251838207244873,0.3684210479259491,
