id,smiles,inchikey,mwt,clogp,Mean_Inhibition,SMILES,Name,Activity,pmic
29079421,Cc1cc(O)c(C(=O)NC(C(=O)NC2C(=O)N3C(C(=O)O)=C(CSc4nnnn4C)CSC23)c2ccc(O)cc2)cn1,PWAUCHMQEXVFJR-UHFFFAOYSA-N,612.1209371080001,0.3267200000000013,0.041572,Cc1cc(O)c(C(=O)NC(C(=O)NC2C(=O)N3C(C(=O)O)=C(CSc4nnnn4C)CSC23)c2ccc(O)cc2)cn1,CEFPIRAMIDE,Active,
10647039,CON=C1CN(c2nc3c(cc2F)c(=O)c(C(=O)O)cn3C2CC2)CC1CN.CS(=O)(=O)O,JIYMVSQRGZEYAX-UHFFFAOYSA-N,485.1380473279999,0.47000000000000114,0.041876,CON=C1CN(c2nc3c(cc2F)c(=O)c(C(=O)O)cn3C2CC2)CC1CN.CS(=O)(=O)O,GEMIFLOXACIN MESYLATE,Active,
87493465,CCC(C)CCCCC(=O)NC(CCN)C(=O)NC(C(=O)NC(CCN)C(=O)NC1CCNC(=O)C(C(C)O)NC(=O)C(CCN)NC(=O)C(CCN)NC(=O)C(CC(C)C)NC(=O)C(Cc2ccccc2)NC(=O)C(CCN)NC1=O)C(C)O.O=S(=O)(O)O,HFMDLUQUEXNBOP-UHFFFAOYSA-N,1300.7173067399995,-5.897600000000003,0.041916,CCC(C)CCCCC(=O)NC(CCN)C(=O)NC(C(=O)NC(CCN)C(=O)NC1CCNC(=O)C(C(C)O)NC(=O)C(CCN)NC(=O)C(CCN)NC(=O)C(CC(C)C)NC(=O)C(Cc2ccccc2)NC(=O)C(CCN)NC1=O)C(C)O.O=S(=O)(O)O,POLYMYXIN B SULFATE,Active,
10202577,Cl.N=C(N)n1cccn1,RBZRMBCLZMEYEH-UHFFFAOYSA-N,146.035923904,0.04647000000000007,0.041964,Cl.N=C(N)n1cccn1,PRAXADINE HYDROCHLORIDE,Active,
96854074,Cl.Cl.N=C(NCCCCCCNC(=N)NC(=N)Nc1ccc(Cl)cc1)NC(=N)Nc1ccc(Cl)cc1,WJLVQTJZDCGNJN-UHFFFAOYSA-N,576.1565517440001,5.018880000000002,0.0422955,Cl.Cl.N=C(NCCCCCCNC(=N)NC(=N)Nc1ccc(Cl)cc1)NC(=N)Nc1ccc(Cl)cc1,CHLORHEXIDINE DIHYDROCHLORIDE,Active,
10739038,CCOC(=O)c1c(C)cc(O)c(C=O)c1O,HUXJGSHUVDWZAM-UHFFFAOYSA-N,224.068473484,1.3954199999999999,0.0424465,CCOC(=O)c1c(C)cc(O)c(C=O)c1O,"HAEMATOMMIC ACID, ETHYL ESTER",Active,
30143097,CON=C(C(=O)NC1C(=O)N2C(C(=O)[O-])=C(COC(C)=O)CSC12)c1csc(N)n1.[Na+],AZZMGZXNTDTSME-UHFFFAOYSA-M,477.0388841320001,-4.953199999999996,0.0428185,CON=C(C(=O)NC1C(=O)N2C(C(=O)[O-])=C(COC(C)=O)CSC12)c1csc(N)n1.[Na+],CEFOTAXIME SODIUM,Active,
10764059,O=C(NC(CO)C(O)c1ccc([N+](=O)[O-])cc1)C(Cl)Cl,WIIZWVCIJKGZOK-UHFFFAOYSA-N,322.01232684400003,0.9089999999999998,0.0428205,O=C(NC(CO)C(O)c1ccc([N+](=O)[O-])cc1)C(Cl)Cl,CHLORAMPHENICOL,Active,
84613517,COc1c(N2CCNC(C)C2)c(F)cc2c(=O)c(C(=O)O)cn(C3CC3)c12,XUBOMFCQGDBHNK-UHFFFAOYSA-N,375.15943440399997,1.9804,0.0431175,COc1c(N2CCNC(C)C2)c(F)cc2c(=O)c(C(=O)O)cn(C3CC3)c12,GATIFLOXACIN,Active,
10829486,Cc1nnc(SCC2=C(C(=O)[O-])N3C(=O)C(NC(=O)Cn4cnnn4)C3SC2)s1.[Na+],FLKYBGKDCCEQQM-UHFFFAOYSA-M,476.0119581760002,-4.966779999999997,0.043289,Cc1nnc(SCC2=C(C(=O)[O-])N3C(=O)C(NC(=O)Cn4cnnn4)C3SC2)s1.[Na+],CEFAZOLIN SODIUM,Active,
39011149,O=C1C=C2C(=CCOC2O)O1,ZRWPUFFVAOMMNM-UHFFFAOYSA-N,154.026608672,-0.2979000000000001,0.043393,O=C1C=C2C(=CCOC2O)O1,PATULIN,Active,
57585884,CC(=O)OCC1=C(C(=O)[O-])N2C(=O)C(NC(=O)Cc3cccs3)C2SC1.[Na+],VUFGUVLLDPOSBC-UHFFFAOYSA-M,418.02692248000005,-3.738399999999995,0.0434565,CC(=O)OCC1=C(C(=O)[O-])N2C(=O)C(NC(=O)Cc3cccs3)C2SC1.[Na+],CEPHALOTHIN SODIUM,Active,
66612692,CCC1OC(=O)C(C)C(OC2CC(C)(OC)C(O)C(C)O2)C(C)C(OC2OC(C)CC(N(C)C)C2O)C(C)(O)CC(C)CN(C)C(C)C(O)C1(C)O,MQTOSJVFKKJCRP-UHFFFAOYSA-N,748.5085257439999,1.9007000000000054,0.0435055,CCC1OC(=O)C(C)C(OC2CC(C)(OC)C(O)C(C)O2)C(C)C(OC2OC(C)CC(N(C)C)C2O)C(C)(O)CC(C)CN(C)C(C)C(O)C1(C)O,AZITHROMYCIN,Active,
43925741,CN1CCN(c2c(F)cc3c(=O)c(C(=O)O)cn4c3c2SCC4)CC1,NJCJBUHJQLFDSW-UHFFFAOYSA-N,363.105290656,1.6963,0.043565,CN1CCN(c2c(F)cc3c(=O)c(C(=O)O)cn4c3c2SCC4)CC1,RUFLOXACIN HYDROCHLORIDE,Active,
10449735,CON=C(C(=O)NC1C(=O)N2C(C(=O)O)=C(C[N+]3(C)CCCC3)CSC12)c1csc(N)n1.[Cl-],MMRINLZOZVAPDZ-UHFFFAOYSA-N,516.1016375800001,-2.941199999999996,0.0436985,CON=C(C(=O)NC1C(=O)N2C(C(=O)O)=C(C[N+]3(C)CCCC3)CSC12)c1csc(N)n1.[Cl-],CEFEPIME HYDROCHLORIDE,Active,
94790366,Cc1oc(=O)oc1CN1CCN(c2cc3c(cc2F)c(=O)c(C(=O)O)c2n3C(C)S2)CC1,PWNMXPDKBYZCOO-UHFFFAOYSA-N,461.10568458,2.639820000000001,0.0437805,Cc1oc(=O)oc1CN1CCN(c2cc3c(cc2F)c(=O)c(C(=O)O)c2n3C(C)S2)CC1,PRULIFLOXACIN,Active,
67656018,CNC1C(O)C(OC2C(N)CC(N)C(OC3OC(C(C)O)C(O)C(O)C3N)C2O)OCC1(C)O,BRZYSWJRSDMWLG-UHFFFAOYSA-N,496.2744434799999,-5.612999999999998,0.043797,CNC1C(O)C(OC2C(N)CC(N)C(OC3OC(C(C)O)C(O)C(O)C3N)C2O)OCC1(C)O,GENETICIN,Active,
52044757,Cl.NC1CCN(c2c(F)cc3c(=O)c(C(=O)O)cn(C4CC4)c3c2Cl)C1,BMACYHMTJHBPOX-UHFFFAOYSA-N,401.070925016,2.7863000000000016,0.0438055,Cl.NC1CCN(c2c(F)cc3c(=O)c(C(=O)O)cn(C4CC4)c3c2Cl)C1,CLINAFOXACIN HYDROCHLORIDE,Active,
10967893,Cc1scc2c1N(C(=O)CN1CCN(C)CC1)c1ccccc1NC2=O.Cl,XZVKOMOTDZLLDN-UHFFFAOYSA-N,406.123024656,2.9561200000000007,0.043984,Cc1scc2c1N(C(=O)CN1CCN(C)CC1)c1ccccc1NC2=O.Cl,TELENZEPINE HYDROCHLORIDE,Active,
80015098,O=C([O-])C1=C(CSc2nnnn2CS(=O)(=O)[O-])CSC2C(NC(=O)C(O)c3ccccc3)C(=O)N12.[Na+].[Na+],NAXFZVGOZUWLEP-UHFFFAOYSA-L,585.9987130320001,-8.586600000000008,0.043985,O=C([O-])C1=C(CSc2nnnn2CS(=O)(=O)[O-])CSC2C(NC(=O)C(O)c3ccccc3)C(=O)N12.[Na+].[Na+],CEFONICID SODIUM,Active,
84632098,COc1cc(Cc2cnc(N)nc2N)cc(OC)c1OC,IEDVJHCEMCRBQM-UHFFFAOYSA-N,290.13789043599996,1.2575999999999998,0.044023,COc1cc(Cc2cnc(N)nc2N)cc(OC)c1OC,TRIMETHOPRIM,Active,
44861161,CN(C)CCC=C1c2ccccc2COc2ccc(CC(=O)O)cc21.Cl,HVRLZEKDTUEKQH-UHFFFAOYSA-N,373.14447130799994,4.011300000000004,0.044173,CN(C)CCC=C1c2ccccc2COc2ccc(CC(=O)O)cc21.Cl,OLOPATADINE HYDROCHLORIDE,Active,
36685547,CN1CCN(c2c(F)cc3c(=O)c(C(=O)O)cn(CCF)c3c2F)CC1,XBJBPGROQZJDOJ-UHFFFAOYSA-N,369.130026096,1.6991999999999998,0.044175,CN1CCN(c2c(F)cc3c(=O)c(C(=O)O)cn(CCF)c3c2F)CC1,FLEROXACIN,Active,
95413871,CC1(C)SC2C(N3C(=O)C(c4ccccc4)NC3(C)C)C(=O)N2C1C(=O)[O-].[K+],QRSPJBLLJXVPDD-UHFFFAOYSA-M,427.09680886399997,-2.9195999999999955,0.0443235,CC1(C)SC2C(N3C(=O)C(c4ccccc4)NC3(C)C)C(=O)N2C1C(=O)[O-].[K+],HETACILLIN POTASSIUM,Active,
17206037,NCC1OC(OC2C(N)CC(N)C(OC3OC(CO)C(O)C(N)C3O)C2O)C(N)CC1O,NLVFBUXFDBBNBW-UHFFFAOYSA-N,467.25912776399997,-6.295799999999999,0.044455,NCC1OC(OC2C(N)CC(N)C(OC3OC(CO)C(O)C(N)C3O)C2O)C(N)CC1O,TOBRAMYCIN,Active,
71564820,Oc1cc(Cl)ccc1Oc1ccc(Cl)cc1Cl,XEFQLINVKFYRCS-UHFFFAOYSA-N,287.951162504,5.144700000000002,0.0446025,Oc1cc(Cl)ccc1Oc1ccc(Cl)cc1Cl,TRICLOSAN,Active,
74564994,CON=C(C(=O)NC1C(=O)N2C(C(=O)O)=C(CSC(=O)c3ccco3)CSC12)c1csc(N)n1.Cl,KEQFDTJEEQKVLM-UHFFFAOYSA-N,559.005688596,1.4027999999999996,0.04471,CON=C(C(=O)NC1C(=O)N2C(C(=O)O)=C(CSC(=O)c3ccco3)CSC12)c1csc(N)n1.Cl,CEFTIOFUR HYDROCHLORIDE,Active,
25772369,CC1COc2c(N3CCN(C)CC3)c(F)cc3c(=O)c(C(=O)O)cn1c23,GSDSWSVVBLHKDQ-UHFFFAOYSA-N,361.14378433999997,1.5439999999999998,0.0447265,CC1COc2c(N3CCN(C)CC3)c(F)cc3c(=O)c(C(=O)O)cn1c23,OFLOXACIN,Active,
11221274,COC1(NC(=O)C2SC(=C(C(N)=O)C(=O)O)S2)C(=O)N2C(C(=O)O)=C(CSc3nnnn3C)CSC21,SRZNHPXWXCNNDU-UHFFFAOYSA-N,575.0021445040002,-1.3974999999999984,0.0447805,COC1(NC(=O)C2SC(=C(C(N)=O)C(=O)O)S2)C(=O)N2C(C(=O)O)=C(CSc3nnnn3C)CSC21,CEFOTETAN,Active,
59047210,Cc1cn(C2CC(N=[N+]=[N-])C(CO)O2)c(=O)[nH]c1=O,HBOMLICNUCNMMY-UHFFFAOYSA-N,267.096753896,-0.19628000000000012,0.0448905,Cc1cn(C2CC(N=[N+]=[N-])C(CO)O2)c(=O)[nH]c1=O,ZIDOVUDINE [AZT],Active,
46829311,CC(N)O.Cc1cc(CC(C)CC(C)(C)C)n(O)c(=O)c1,JUAUJJPBJGQPET-UHFFFAOYSA-N,298.22564282,2.2922200000000004,0.044898,CC(N)O.Cc1cc(CC(C)CC(C)(C)C)n(O)c(=O)c1,PIROCTONE OLAMINE,Active,
78269705,CCN1CCN(c2cc3c(cc2F)c(=O)c(C(=O)O)cn3C2CC2)CC1,SPFYMRJSYKOXGV-UHFFFAOYSA-N,359.16451978400005,2.3156,0.044921,CCN1CCN(c2cc3c(cc2F)c(=O)c(C(=O)O)cn3C2CC2)CC1,ENROFLOXACIN,Active,
95241970,NCc1ccccc1CC(=O)NC1C(=O)N2C(C(=O)O)=C(CSc3nnnn3CC(=O)O)CSC12,SLAYUXIURFNXPG-UHFFFAOYSA-N,519.099473392,-0.7101999999999984,0.045326,NCc1ccccc1CC(=O)NC1C(=O)N2C(C(=O)O)=C(CSc3nnnn3CC(=O)O)CSC12,CEFORANIDE,Active,
48411103,CC1CCc2cc(F)cc3c(=O)c(C(=O)O)cn1c23,DPSPPJIUMHPXMA-UHFFFAOYSA-N,261.080121464,2.346,0.0455115,CC1CCc2cc(F)cc3c(=O)c(C(=O)O)cn1c23,FLUMEQUINE,Active,
10408082,CCn1cc(C(=O)O)c(=O)c2cc(F)c(N3CCN(C)CC3)cc21.CS(=O)(=O)O,HQQSBEDKMRHYME-UHFFFAOYSA-N,429.13698470799994,1.1145000000000003,0.045535,CCn1cc(C(=O)O)c(=O)c2cc(F)c(N3CCN(C)CC3)cc21.CS(=O)(=O)O,PEFLOXACIN MESYLATE,Active,
37644530,CCn1cc(C(=O)O)c(=O)c2cc(F)c(N3CCNCC3)cc21,OGJPXUAPXNRGGI-UHFFFAOYSA-N,319.133219656,1.2683,0.0456015,CCn1cc(C(=O)O)c(=O)c2cc(F)c(N3CCNCC3)cc21,NORFLOXACIN,Active,
70553699,Cl.O=C(O)c1cn(-c2ccc(F)cc2)c2cc(N3CCNCC3)c(F)cc2c1=O,KNWODGJQLCISLC-UHFFFAOYSA-N,421.100475556,2.7985000000000007,0.04564,Cl.O=C(O)c1cn(-c2ccc(F)cc2)c2cc(N3CCNCC3)c(F)cc2c1=O,SARAFLOXACIN HYDROCHLORIDE,Active,
11472215,O=C(Cn1cnnn1)NC1C(=O)N2C(C(=O)O)=C(CSc3nncs3)CSC12,DZMVCVMFETWNIU-UHFFFAOYSA-N,440.0143638640001,-0.9444999999999995,0.0457185,O=C(Cn1cnnn1)NC1C(=O)N2C(C(=O)O)=C(CSc3nncs3)CSC12,CEFTEZOLE,Active,
68769304,O=C1OCCN1N=Cc1ccc([N+](=O)[O-])o1,PLHJDBGFXBMTGZ-UHFFFAOYSA-N,225.038570324,0.9739,0.045735,O=C1OCCN1N=Cc1ccc([N+](=O)[O-])o1,FURAZOLIDONE,Active,
10523146,COC1(NC(=O)CSCC#N)C(=O)N2C(C(=O)[O-])=C(CSc3nnnn3C)CSC21.[Na+],BITQGIOJQWZUPL-UHFFFAOYSA-M,493.0272738920001,-5.059019999999996,0.0458265,COC1(NC(=O)CSCC#N)C(=O)N2C(C(=O)[O-])=C(CSc3nnnn3C)CSC21.[Na+],CEFMETAZOLE SODIUM,Active,
75771018,COc1c(N2CC3CCCNC3C2)c(F)cc2c(=O)c(C(=O)O)cn(C3CC3)c12.Cl,IDIIJJHBXUESQI-UHFFFAOYSA-N,437.15176218,2.7923000000000004,0.045905,COc1c(N2CC3CCCNC3C2)c(F)cc2c(=O)c(C(=O)O)cn(C3CC3)c12.Cl,MOXIFLOXACIN HYDROCHLORIDE,Active,
25505258,CCN1CCN(C(=O)NC(C(=O)NC2C(=O)N3C(C(=O)O)=C(CSc4nnnn4C)CSC23)c2ccc(O)cc2)C(=O)C1=O,GCFBRXLSHGKWDP-UHFFFAOYSA-N,645.1424008240001,-1.1119999999999965,0.0459905,CCN1CCN(C(=O)NC(C(=O)NC2C(=O)N3C(C(=O)O)=C(CSc4nnnn4C)CSC23)c2ccc(O)cc2)C(=O)C1=O,CEFOPERAZONE,Active,
63210426,Nc1c2ccccc2nc2ccccc12,XJGFWWJLMVZSIG-UHFFFAOYSA-N,194.08439832,2.970200000000001,0.0461185,Nc1c2ccccc2nc2ccccc12,AMINACRINE,Active,
46666388,O=C1CN(N=Cc2ccc([N+](=O)[O-])o2)C(=O)N1,NXFQHRVNIOXGAQ-UHFFFAOYSA-N,238.033819292,0.07349999999999995,0.046195,O=C1CN(N=Cc2ccc([N+](=O)[O-])o2)C(=O)N1,NITROFURANTOIN,Active,
10630271,CC1CCC2(C)C(C=O)=CCCC2C1(C)CC1OC(O)C(=O)C12CO2,TYEWCIUNKYTNGK-UHFFFAOYSA-N,348.1936739959999,2.4096,0.046245,CC1CCC2(C)C(C=O)=CCCC2C1(C)CC1OC(O)C(=O)C12CO2,CLEROCIDIN,Active,
70019855,CS(=O)(=O)c1ccc(C(O)C(CF)NC(=O)C(Cl)Cl)cc1,AYIRNRDRBQJXIF-UHFFFAOYSA-N,357.000462508,1.3815,0.046256,CS(=O)(=O)c1ccc(C(O)C(CF)NC(=O)C(Cl)Cl)cc1,FLORFENICOL,Active,
94206297,Cn1nnnc1SCC1=C(C(=O)[O-])N2C(=O)C(NC(=O)C(O)c3ccccc3)C2SC1.[Na+],OJMNTWPPFNMOCJ-UHFFFAOYSA-M,484.059953924,-4.556299999999994,0.0463205,Cn1nnnc1SCC1=C(C(=O)[O-])N2C(=O)C(NC(=O)C(O)c3ccccc3)C2SC1.[Na+],CEFAMANDOLE SODIUM,Active,
91316465,Cc1cc(C(C)(C)CC(C)(C)C)ccc1OCCOCC[N+](C)(C)Cc1ccccc1.[Cl-],QWZLBLDNRUUYQI-UHFFFAOYSA-M,461.306057328,3.384820000000002,0.046349,Cc1cc(C(C)(C)CC(C)(C)C)ccc1OCCOCC[N+](C)(C)Cc1ccccc1.[Cl-],METHYLBENZETHONIUM CHLORIDE,Active,
87321960,CON=C(C(=O)NC1C(=O)N2C(C(=O)[O-])=C(COC(N)=O)CSC12)c1ccco1.[Na+],URDOHUPGIOGTKV-UHFFFAOYSA-M,446.0508287200001,-4.866699999999996,0.0464255,CON=C(C(=O)NC1C(=O)N2C(C(=O)[O-])=C(COC(N)=O)CSC12)c1ccco1.[Na+],CEFUROXIME SODIUM,Active,
40403588,CCN1CCN(C(=O)NC(C(=O)NC2C(=O)N3C2SC(C)(C)C3C(=O)[O-])c2ccccc2)C(=O)C1=O.[Na+],WCMIIGXFCMNQDS-UHFFFAOYSA-M,539.1450634519999,-4.570999999999993,0.046508,CCN1CCN(C(=O)NC(C(=O)NC2C(=O)N3C2SC(C)(C)C3C(=O)[O-])c2ccccc2)C(=O)C1=O.[Na+],PIPERACILLIN SODIUM,Active,
11349651,NCCC(O)C(=O)NC1CC(N)C(OC2OC(CN)C(O)C(O)C2O)C(O)C1OC1OC(CO)C(O)C(N)C1O.O,DTSOZYYWEZJFSS-UHFFFAOYSA-N,603.2963011199998,-9.248900000000015,0.046522,NCCC(O)C(=O)NC1CC(N)C(OC2OC(CN)C(O)C(O)C2O)C(O)C1OC1OC(CO)C(O)C(N)C1O.O,AMIKACIN HYDRATE,Active,
58267808,CC(NCCCc1cccc(C(F)(F)F)c1)c1cccc2ccccc12.Cl,QANQWUQOEJZMLL-UHFFFAOYSA-N,393.147112076,6.563800000000006,0.0466595,CC(NCCCc1cccc(C(F)(F)F)c1)c1cccc2ccccc12.Cl,CINACALCET HYDROCHLORIDE,Active,
10566613,CCC1OC(OC(c2c[nH]cn2)C(NC(=O)c2nc(C(CC(N)=O)NCC(N)C(N)=O)nc(N)c2C)C(=O)NC(C)C(O)C(C)C(=O)NC(C(=O)NCCc2nc(-c3nc(C(=O)NCCCCNC(=N)N)cs3)cs2)C(C)O)C(OC2OC(CO)C(O)C(OC(N)=O)C2O)C(C)C1C.O=S(=O)(O)O.O=S(=O)(O)O,MYFKIPTTYRRUOH-UHFFFAOYSA-N,1614.5530971279984,-6.045810000000018,0.0468785,CCC1OC(OC(c2c[nH]cn2)C(NC(=O)c2nc(C(CC(N)=O)NCC(N)C(N)=O)nc(N)c2C)C(=O)NC(C)C(O)C(C)C(=O)NC(C(=O)NCCc2nc(-c3nc(C(=O)NCCCCNC(=N)N)cs3)cs2)C(C)O)C(OC2OC(CO)C(O)C(OC(N)=O)C2O)C(C)C1C.O=S(=O)(O)O.O=S(=O)(O)O,BLEOMYCIN (bleomycin B2 shown),Active,
55282237,CC(C)(C)CC(C)(C)c1ccc(OCCOCC[N+](C)(C)Cc2ccccc2)cc1.[Cl-],UREZNYTWGJKWBI-UHFFFAOYSA-M,447.29040726399995,3.0764000000000014,0.046906,CC(C)(C)CC(C)(C)c1ccc(OCCOCC[N+](C)(C)Cc2ccccc2)cc1.[Cl-],BENZETHONIUM CHLORIDE,Active,
37720163,NC(=O)NN=Cc1ccc([N+](=O)[O-])o1,IAIWVQXQOWNYOU-UHFFFAOYSA-N,198.038904672,0.19000000000000006,0.0474375,NC(=O)NN=Cc1ccc([N+](=O)[O-])o1,NITROFURAZONE,Active,
59783003,CN1CCN(c2c(F)cc3c(=O)c(C(=O)O)cn4c3c2OCN4C)CC1,BPFYOAJNDMUVBL-UHFFFAOYSA-N,362.139033308,0.5083000000000002,0.0474895,CN1CCN(c2c(F)cc3c(=O)c(C(=O)O)cn4c3c2OCN4C)CC1,MARBOFLOXACIN,Active,
32780990,CCC(C)C1NC(=O)C(CCN)NC(=O)C(NC(=O)C(CCN)NC(=O)C(NC(=O)C(CCN)NC(=O)CCCCC(C)C)C(C)O)CCNC(=O)C(C(C)O)NC(=O)C(CCN)NC(=O)C(CCN)NC(=O)C(C(C)CC)NC1=O.O=S(=O)(O)O.O=S(=O)(O)O,GQOWKFKFLXZQFI-UHFFFAOYSA-N,1350.684686283999,-7.137099999999984,0.0475045,CCC(C)C1NC(=O)C(CCN)NC(=O)C(NC(=O)C(CCN)NC(=O)C(NC(=O)C(CCN)NC(=O)CCCCC(C)C)C(C)O)CCNC(=O)C(C(C)O)NC(=O)C(CCN)NC(=O)C(CCN)NC(=O)C(C(C)CC)NC1=O.O=S(=O)(O)O.O=S(=O)(O)O,COLISTIN SULFATE,Active,
55625421,O=[N+]([O-])C(Br)(CO)CO,LVDKZNITIUWNER-UHFFFAOYSA-N,198.948019772,-0.6611,0.047519,O=[N+]([O-])C(Br)(CO)CO,BRONOPOL,Active,
38068870,CC1COc2c(C3(N)CC3)c(F)cc3c(=O)c(C(=O)O)cn1c23.CS(=O)(=O)O,UDHGFPATQWQARM-UHFFFAOYSA-N,414.0897001679999,1.2440000000000004,0.04758,CC1COc2c(C3(N)CC3)c(F)cc3c(=O)c(C(=O)O)cn1c23.CS(=O)(=O)O,PAZUFLOXACIN MESYLATE,Active,
80961675,CN1CCN(c2cc3c(cc2F)c(=O)c(C(=O)O)cn3-c2ccc(F)cc2)CC1.Cl,JFMGBGLSDVIOHL-UHFFFAOYSA-N,435.11612562,3.140700000000002,0.0477045,CN1CCN(c2cc3c(cc2F)c(=O)c(C(=O)O)cn3-c2ccc(F)cc2)CC1.Cl,DIFLOXACIN HYDROCHLORIDE,Active,
16517632,CCn1cc(C(=O)O)c(=O)c2cc(F)c(N3CCNC(C)C3)c(F)c21.Cl,KXEBLAPZMOQCKO-UHFFFAOYSA-N,387.11612562,2.2177000000000002,0.047809,CCn1cc(C(=O)O)c(=O)c2cc(F)c(N3CCNC(C)C3)c(F)c21.Cl,LOMEFLOXACIN HYDROCHLORIDE,Active,
59856225,O=C(O)c1cn(C2CC2)c2cc(N3CCNCC3)c(F)cc2c1=O,MYSWGUAQZAJSOK-UHFFFAOYSA-N,331.13321965599994,1.5833,0.047841,O=C(O)c1cn(C2CC2)c2cc(N3CCNCC3)c(F)cc2c1=O,CIPROFLOXACIN,Active,
61552043,CNC1C(O)C(NC)C2OC3(O)C(=O)CC(C)OC3OC2C1O.Cl.Cl,FOGDPGQSHLLYIK-UHFFFAOYSA-N,404.11170653199997,-2.081999999999998,0.048002,CNC1C(O)C(NC)C2OC3(O)C(=O)CC(C)OC3OC2C1O.Cl.Cl,SPECTINOMYCIN HYDROCHLORIDE,Active,
67991251,CCn1cc(C(=O)[O-])c(=O)c2cc3c(cc21)OCO3.[K+],IZMZWLYILJCPDW-UHFFFAOYSA-M,299.01960410000004,-2.882399999999998,0.0481735,CCn1cc(C(=O)[O-])c(=O)c2cc3c(cc21)OCO3.[K+],OXOLINIC ACID,Active,
21711426,COC1(NC(=O)C(C(=O)[O-])c2ccc(O)cc2)C(=O)N2C(C(=O)[O-])=C(CSc3nnnn3C)COC21.[Na+].[Na+],GRIXGZQULWMCLU-UHFFFAOYSA-L,564.0651357160002,-9.78910000000001,0.048303,COC1(NC(=O)C(C(=O)[O-])c2ccc(O)cc2)C(=O)N2C(C(=O)[O-])=C(CSc3nnnn3C)COC21.[Na+].[Na+],MOXALACTAM DISODIUM,Active,
51738467,NCC1OC(OC2C(N)CC(N)C(OC3OC(CO)C(O)C(N)C3O)C2O)C(N)C(O)C1O.O=S(=O)(O)O,YGTPKDKJVZOVCO-UHFFFAOYSA-N,581.2214219279998,-7.977800000000013,0.048321,NCC1OC(OC2C(N)CC(N)C(OC3OC(CO)C(O)C(N)C3O)C2O)C(N)C(O)C1O.O=S(=O)(O)O,BEKANAMYCIN SULFATE,Active,
10033206,CC1CCc2c(N3CCC(O)CC3)c(F)cc3c(=O)c(C(=O)O)cn1c23,JYJTVFIEFKZWCJ-UHFFFAOYSA-N,360.148535372,2.3071,0.0483815,CC1CCc2c(N3CCC(O)CC3)c(F)cc3c(=O)c(C(=O)O)cn1c23,NADIFLOXACIN,Active,
78757810,CC[Hg]Sc1ccccc1C(=O)[O-].[Na+],RTKIYNMVFMVABJ-UHFFFAOYSA-L,405.992737808,-1.4181000000000001,0.048444,CC[Hg]Sc1ccccc1C(=O)[O-].[Na+],THIMEROSAL,Active,
74098449,Nc1nc(C(=CCC(=O)O)C(=O)NC2C(=O)N3C(C(=O)O)=CCSC23)cs1,UNJFKXSSGBWRBZ-UHFFFAOYSA-N,410.035476168,-0.0481999999999998,0.0485235,Nc1nc(C(=CCC(=O)O)C(=O)NC2C(=O)N3C(C(=O)O)=CCSC23)cs1,CEFTIBUTEN,Active,
29898355,CC1CN(c2c(F)c(F)c3c(=O)c(C(=O)O)cn(C4CC4)c3c2F)CC(C)N1,QIPQASLPWJVQMH-UHFFFAOYSA-N,395.14567616000005,2.6385000000000005,0.04856,CC1CN(c2c(F)c(F)c3c(=O)c(C(=O)O)cn(C4CC4)c3c2F)CC(C)N1,ORBIFLOXACIN,Active,
64078198,COc1cc2c(cc1OC)C(=O)C(CC1CCN(Cc3ccccc3)CC1)C2.Cl,XWAIAVWHZJNZQQ-UHFFFAOYSA-N,415.1914215,4.782900000000006,0.0489455,COc1cc2c(cc1OC)C(=O)C(CC1CCN(Cc3ccccc3)CC1)C2.Cl,DONEPEZIL HYDROCHLORIDE,Active,
32352002,CCn1cc(C(=O)O)c(=O)c2cc(F)c(N3CCNCC3)nc21,IDYZIJYBMGIQMJ-UHFFFAOYSA-N,320.12846862400005,0.6633000000000002,0.049038,CCn1cc(C(=O)O)c(=O)c2cc(F)c(N3CCNCC3)nc21,ENOXACIN,Active,
28711108,NC(C(=O)NC1C(=O)N2C(C(=O)O)=C(Cl)CSC12)c1ccccc1,QYIYFLOTGYLRGG-UHFFFAOYSA-N,367.039354608,0.6213000000000004,0.049089,NC(C(=O)NC1C(=O)N2C(C(=O)O)=C(Cl)CSC12)c1ccccc1,CEFACLOR,Active,
32261682,CN(C)CCOC(c1ccccc1)c1ccccc1.Cn1c(=O)c2[nH]c(Cl)nc2n(C)c1=O,NFLLKCVHYJRNRH-UHFFFAOYSA-N,469.18806743600004,2.967900000000001,0.049107,CN(C)CCOC(c1ccccc1)c1ccccc1.Cn1c(=O)c2[nH]c(Cl)nc2n(C)c1=O,DIMENHYDRINATE,Active,
26267298,CON=C(C(=O)NC1C(=O)N2C(C(=O)OCOC(=O)C(C)(C)C)=C(C=Cc3scnc3C)CSC12)c1csc(N)n1,AFZFFLVORLEPPO-UHFFFAOYSA-N,620.118160236,2.2981199999999986,0.049189,CON=C(C(=O)NC1C(=O)N2C(C(=O)OCOC(=O)C(C)(C)C)=C(C=Cc3scnc3C)CSC12)c1csc(N)n1,CEFDITORIN PIVOXIL,Active,
44266203,Cl.O=C1CC2(CCCC2)CC(=O)N1CCCCN1CCN(c2ncccn2)CC1,RICLFGYGYQXUFH-UHFFFAOYSA-N,421.22445294400006,2.5100000000000007,0.0493065,Cl.O=C1CC2(CCCC2)CC(=O)N1CCCCN1CCN(c2ncccn2)CC1,BUSPIRONE HYDROCHLORIDE,Active,
65925565,CON=C(C(=O)NC1C(=O)N2C(C(=O)[O-])=C(CSc3nc(=O)c([O-])nn3C)CSC12)c1csc(N)n1.O.O.O.[Na+].[Na+],XMCDZRXQAGFWAK-UHFFFAOYSA-L,652.0416404640004,-11.631800000000005,0.0493745,CON=C(C(=O)NC1C(=O)N2C(C(=O)[O-])=C(CSc3nc(=O)c([O-])nn3C)CSC12)c1csc(N)n1.O.O.O.[Na+].[Na+],CEFTRIAXONE SODIUM TRIHYDRATE,Active,
42468464,CC1CN(c2c(F)c(N)c3c(=O)c(C(=O)O)cn(C4CC4)c3c2F)CC(C)N1,DZZWHBIBMUVIIW-UHFFFAOYSA-N,392.165997004,2.0816,0.049478,CC1CN(c2c(F)c(N)c3c(=O)c(C(=O)O)cn(C4CC4)c3c2F)CC(C)N1,SPARFLOXACIN,Active,
55244835,COP(=S)(OC)Oc1cc(Cl)c(Cl)cc1Cl,JHJOOSLFWRRSGU-UHFFFAOYSA-N,319.899734786,4.542900000000002,0.0495885,COP(=S)(OC)Oc1cc(Cl)c(Cl)cc1Cl,RONNEL,Active,
27926044,CC1C(NC(=O)C(=NOC(C)(C)C(=O)O)c2csc(N)n2)C(=O)N1S(=O)(=O)O,WZPBZJONDBGPKJ-UHFFFAOYSA-N,435.051854504,-1.1724999999999979,0.0498545,CC1C(NC(=O)C(=NOC(C)(C)C(=O)O)c2csc(N)n2)C(=O)N1S(=O)(=O)O,AZTREONAM,Active,
39907434,CCC1OC(=O)C(C)C(=O)C(C)C(OC2OC(C)CC(N(C)C)C2O)C(C)(OC)CC(C)C(=O)C(C)C2N(CCCCn3cnc(-c4cccnc4)c3)C(=O)OC12C,LJVAJPDWBABPEJ-UHFFFAOYSA-N,811.4731432799999,4.929200000000005,0.0498545,CCC1OC(=O)C(C)C(=O)C(C)C(OC2OC(C)CC(N(C)C)C2O)C(C)(OC)CC(C)C(=O)C(C)C2N(CCCCn3cnc(-c4cccnc4)c3)C(=O)OC12C,TELITHROMYCIN,Active,
10641984,COC1C=COC2(C)Oc3c(C)c(O)c4c(O)c(c5c(nc6cc(C)ccn65)c4c3C2=O)NC(=O)C(C)=CC=CC(C)C(O)C(C)C(O)C(C)C(OC(C)=O)C1C,NZCRJKRKKOLAOJ-UHFFFAOYSA-N,785.3523594520001,6.157840000000009,0.04991,COC1C=COC2(C)Oc3c(C)c(O)c4c(O)c(c5c(nc6cc(C)ccn65)c4c3C2=O)NC(=O)C(C)=CC=CC(C)C(O)C(C)C(O)C(C)C(OC(C)=O)C1C,RIFAXIMIN,Active,
37058953,Nc1ncn(C2OC(CO)C(O)C2O)c(=O)n1,NMUSYJAQQFHJEW-UHFFFAOYSA-N,244.080769484,-3.1679999999999997,0.0499545,Nc1ncn(C2OC(CO)C(O)C2O)c(=O)n1,AZACITIDINE,Active,
11439548,C=CC1=C(C(=O)O)N2C(=O)C(NC(=O)C(=NO)c3csc(N)n3)C2SC1,RTXOFQZKPXMALH-UHFFFAOYSA-N,395.0358105160001,-0.17179999999999884,0.0500205,C=CC1=C(C(=O)O)N2C(=O)C(NC(=O)C(=NO)c3csc(N)n3)C2SC1,CEFDINIR,Active,
89463693,CCn1cc(C(=O)O)c(=O)c2cnc(N3CCNCC3)nc21,JOHZPMXAZQZXHR-UHFFFAOYSA-N,303.133139404,-0.08079999999999998,0.0500505,CCn1cc(C(=O)O)c(=O)c2cnc(N3CCNCC3)nc21,PIPEMIDIC ACID,Active,
10732636,COc1ccc(Cc2cnc(N)nc2N)cc1OC,LDBTVAXGKYIFHO-UHFFFAOYSA-N,260.127325752,1.2489999999999999,0.050236,COc1ccc(Cc2cnc(N)nc2N)cc1OC,DIAVERIDINE,Active,
26242502,COC12C(COC(N)=O)C3=C(C(=O)C(C)=C(N)C3=O)N1CC1NC12,NWIBSHFKIJFRCO-UHFFFAOYSA-N,334.127719676,-1.6511999999999971,0.0503405,COC12C(COC(N)=O)C3=C(C(=O)C(C)=C(N)C3=O)N1CC1NC12,MITOMYCIN,Active,
55714748,[O-][n+]1ccccc1S[Zn]Sc1cccc[n+]1[O-],OTPSWLRZXRHDNX-UHFFFAOYSA-L,315.931861696,1.7502999999999997,0.0505685,[O-][n+]1ccccc1S[Zn]Sc1cccc[n+]1[O-],PYRITHIONE ZINC,Active,
68523571,CC(C)(ON=C(C(=O)NC1C(=O)N2C(C(=O)[O-])=C(C[n+]3ccccc3)CSC12)c1csc(N)n1)C(=O)O,ORFOPKXBNMVMKC-UHFFFAOYSA-N,546.0991390440001,-1.2991999999999946,0.051062,CC(C)(ON=C(C(=O)NC1C(=O)N2C(C(=O)[O-])=C(C[n+]3ccccc3)CSC12)c1csc(N)n1)C(=O)O,CEFTAZIDIME,Active,
37378412,CCOC(=O)OC(C)OC(=O)C1N2C(=O)C(NC(=O)C(N)c3ccccc3)C2SC1(C)C.Cl,IWVTXAGTHUECPN-UHFFFAOYSA-N,501.133648916,1.717600000000001,0.051131,CCOC(=O)OC(C)OC(=O)C1N2C(=O)C(NC(=O)C(N)c3ccccc3)C2SC1(C)C.Cl,BACAMPICILLIN HYDROCHLORIDE,Active,
56170587,COc1ccc2c(c1OC)C(=O)OC2C1c2c(cc3c(c2OC)OCO3)CCN1C.Cl,MFLVZFXCSKVCSH-UHFFFAOYSA-N,449.12412978799995,3.3036000000000016,0.051263,COc1ccc2c(c1OC)C(=O)OC2C1c2c(cc3c(c2OC)OCO3)CCN1C.Cl,NOSCAPINE HYDROCHLORIDE,Active,
83467402,O=C([O-])CCC(=O)OCC(NC(=O)C(Cl)Cl)C(O)c1ccc([N+](=O)[O-])cc1.[Na+],RPLOPBHEZLFENN-UHFFFAOYSA-M,444.01031508,-3.0059999999999967,0.051658,O=C([O-])CCC(=O)OCC(NC(=O)C(Cl)Cl)C(O)c1ccc([N+](=O)[O-])cc1.[Na+],CHLORAMPHENICOL SODIUM SUCCINATE,Active,
97053046,CC(O)C1C(=O)N2C(C(=O)O)=C(SC3CNC(C(=O)N(C)C)C3)C(C)C12,DMJNNHOOLUXYBV-UHFFFAOYSA-N,383.15149190000005,-0.3079999999999994,0.051712,CC(O)C1C(=O)N2C(C(=O)O)=C(SC3CNC(C(=O)N(C)C)C3)C(C)C12,MEROPENEM,Active,
36517038,CN(C)C1C(O)=C(C(N)=O)C(=O)C2(O)C(O)=C3C(=O)c4c(O)cccc4C(C)(O)C3CC12.Cl,XMEVHPAGJVLHIG-UHFFFAOYSA-N,480.12994344,0.20740000000000103,0.0522165,CN(C)C1C(O)=C(C(N)=O)C(=O)C2(O)C(O)=C3C(=O)c4c(O)cccc4C(C)(O)C3CC12.Cl,TETRACYCLINE HYDROCHLORIDE,Active,
10269265,CCCCCCCCCCCCCCCC[N+](C)(C)C.[Br-],LZZYPRNAOMGNLH-UHFFFAOYSA-M,363.250062444,3.177900000000001,0.052217,CCCCCCCCCCCCCCCC[N+](C)(C)C.[Br-],CETRIMONIUM BROMIDE,Active,
11323874,O=c1[nH]c(=O)n(C2CC(O)C(CO)O2)cc1F,ODKNJVUHOIMIIZ-UHFFFAOYSA-N,246.065199672,-1.6836,0.0526195,O=c1[nH]c(=O)n(C2CC(O)C(CO)O2)cc1F,FLOXURIDINE,Active,
16794485,CCC(C)C1NC(=O)C(CCNCS(=O)(=O)[O-])NC(=O)C(NC(=O)C(CCNCS(=O)(=O)[O-])NC(=O)C(NC(=O)C(CCNCS(=O)(=O)[O-])NC(=O)CCCCC(C)C)C(C)O)CCNC(=O)C(C(C)O)NC(=O)C(CCNCS(=O)(=O)[O-])NC(=O)C(CCNCS(=O)(=O)[O-])NC(=O)C(C(C)CC)NC1=O.[Na+].[Na+].[Na+].[Na+].[Na+],LYQBWQQPMNCRCJ-UHFFFAOYSA-I,1734.521973055999,-25.143500000000042,0.0528565,CCC(C)C1NC(=O)C(CCNCS(=O)(=O)[O-])NC(=O)C(NC(=O)C(CCNCS(=O)(=O)[O-])NC(=O)C(NC(=O)C(CCNCS(=O)(=O)[O-])NC(=O)CCCCC(C)C)C(C)O)CCNC(=O)C(C(C)O)NC(=O)C(CCNCS(=O)(=O)[O-])NC(=O)C(CCNCS(=O)(=O)[O-])NC(=O)C(C(C)CC)NC1=O.[Na+].[Na+].[Na+].[Na+].[Na+],COLISTIMETHATE SODIUM,Active,
46309097,Cc1cc(C2CCCCC2)n(O)c(=O)c1.NCCO,MBRHNTMUYWQHMR-UHFFFAOYSA-N,268.178692628,1.3791199999999995,0.053435,Cc1cc(C2CCCCC2)n(O)c(=O)c1.NCCO,CICLOPIROX OLAMINE,Active,
54985976,CCn1nc(C(=O)O)c(=O)c2cc3c(cc21)OCO3,VDUWPHTZYNWKRN-UHFFFAOYSA-N,262.05897142000003,0.8432999999999997,0.053733,CCn1nc(C(=O)O)c(=O)c2cc3c(cc21)OCO3,CINOXACIN,Active,
61122767,O=[N+]([O-])c1ccc(O)c2ncccc12,RJIWZDNTCBHXAL-UHFFFAOYSA-N,190.037842052,1.8485999999999996,0.0541995,O=[N+]([O-])c1ccc(O)c2ncccc12,NITROXOLINE,Active,
98104745,CCCCCCCCCCCCC[N+](C)(C)Cc1ccccc1.O.[Cl-],YDYYFACRFOILLS-UHFFFAOYSA-M,371.295492644,2.753300000000001,0.0543775,CCCCCCCCCCCCC[N+](C)(C)Cc1ccccc1.O.[Cl-],BENZALKONIUM CHLORIDE HYDRATE,Active,
52778656,C=C1c2cccc(O)c2C(=O)C2=C(O)C3(O)C(=O)C(C(N)=O)=C(O)C(N(C)C)C3C(O)C12.Cl,VZQARNDJLLWXGL-UHFFFAOYSA-N,478.11429337600003,-0.016099999999999226,0.0546065,C=C1c2cccc(O)c2C(=O)C2=C(O)C3(O)C(=O)C(C(N)=O)=C(O)C(N(C)C)C3C(O)C12.Cl,METHACYCLINE HYDROCHLORIDE,Active,
46729776,Oc1c(Cl)cc(Cl)c(Cl)c1Cc1c(O)c(Cl)cc(Cl)c1Cl,ACGUYXCXAPNIKK-UHFFFAOYSA-N,403.849895512,6.609000000000001,0.0546435,Oc1c(Cl)cc(Cl)c(Cl)c1Cc1c(O)c(Cl)cc(Cl)c1Cl,HEXACHLOROPHENE,Active,
57193273,CC(=O)O[Hg]c1ccccc1,XEBWQGVWTUSTLN-UHFFFAOYSA-M,338.023072496,0.8725,0.0564305,CC(=O)O[Hg]c1ccccc1,PHENYLMERCURIC ACETATE,Active,
52418878,CN(C)C1C(O)=C(C(N)=O)C(=O)C2(O)C(O)=C3C(=O)c4c(O)ccc(Cl)c4C(O)C3CC12.Cl,GVSJQNRGSCOSNJ-UHFFFAOYSA-N,500.07532102399995,0.6867000000000003,0.0564945,CN(C)C1C(O)=C(C(N)=O)C(=O)C2(O)C(O)=C3C(=O)c4c(O)ccc(Cl)c4C(O)C3CC12.Cl,DEMECLOCYCLINE HYDROCHLORIDE,Active,
92347575,CC(=O)Oc1ccc(Cl)c2cccnc12,JSJOTZXJKCXWQC-UHFFFAOYSA-N,221.024356176,2.8135000000000003,0.0572295,CC(=O)Oc1ccc(Cl)c2cccnc12,CHLOROACETOXYQUINOLINE,Active,
59964348,CN(C)C1C(O)=C(C(N)=O)C(=O)C2(O)C(O)=C3C(=O)c4c(O)cccc4C(C)(O)C3C(O)C12.Cl,UBDNTYUBJLXUNN-UHFFFAOYSA-N,496.12485805999995,-0.8217999999999985,0.057815,CN(C)C1C(O)=C(C(N)=O)C(=O)C2(O)C(O)=C3C(=O)c4c(O)cccc4C(C)(O)C3C(O)C12.Cl,OXYTETRACYCLINE,Active,
11486953,CN(C)C1C(O)=C(C(N)=O)C(=O)C2(O)C(O)=C3C(=O)c4c(O)ccc(Cl)c4C(C)(O)C3CC12.Cl,CBHYYLPALVVVEY-UHFFFAOYSA-N,514.090971088,0.8608000000000005,0.059482,CN(C)C1C(O)=C(C(N)=O)C(=O)C2(O)C(O)=C3C(=O)c4c(O)ccc(Cl)c4C(C)(O)C3CC12.Cl,CHLORTETRACYCLINE HYDROCHLORIDE,Active,
23655703,CC1c2cccc(O)c2C(=O)C2=C(O)C3(O)C(=O)C(C(N)=O)=C(O)C(N(C)C)C3C(O)C21.Cl,RUYHIJHUVHIMIR-UHFFFAOYSA-N,480.12994344000003,0.07420000000000038,0.059537,CC1c2cccc(O)c2C(=O)C2=C(O)C3(O)C(=O)C(C(N)=O)=C(O)C(N(C)C)C3C(O)C21.Cl,DOXYCYCLINE HYDROCHLORIDE,Active,
37902388,CN(C)c1ccc(O)c2c1CC1CC3C(N(C)C)C(O)=C(C(N)=O)C(=O)C3(O)C(O)=C1C2=O.Cl,GLMUAFMGXXHGLU-UHFFFAOYSA-N,493.1615779159999,0.6084,0.0626285,CN(C)c1ccc(O)c2c1CC1CC3C(N(C)C)C(O)=C(C(N)=O)C(=O)C3(O)C(O)=C1C2=O.Cl,MINOCYCLINE HYDROCHLORIDE,Active,
72717720,CNC1C(OC2C(OC3C(O)C(O)C(NC(=N)N)C(O)C3NC(=N)N)OC(C)C2(O)CO)OC(CO)C(O)C1O.O=S(=O)(O)O,GSPKOIJAMLDYCY-UHFFFAOYSA-N,681.248699296,-8.601160000000016,0.0643395,CNC1C(OC2C(OC3C(O)C(O)C(NC(=N)N)C(O)C3NC(=N)N)OC(C)C2(O)CO)OC(CO)C(O)C1O.O=S(=O)(O)O,DIHYDROSTREPTOMYCIN SESQUISULFATE [5mM/10% aq DMSO],Active,
68571504,COC1(NC(=O)Cc2cccs2)C(=O)N2C(C(=O)[O-])=C(COC(N)=O)CSC21.[Na+],GNWUOVJNSFPWDD-UHFFFAOYSA-M,449.032736132,-4.232099999999998,0.0688215,COC1(NC(=O)Cc2cccs2)C(=O)N2C(C(=O)[O-])=C(COC(N)=O)CSC21.[Na+],CEFOXITIN SODIUM,Active,
45211830,CCCCCCCCCCCCCCCC[n+]1ccccc1.[Cl-],YMKDRGPMQRFJGP-UHFFFAOYSA-M,339.269277896,3.4594000000000014,0.071299,CCCCCCCCCCCCCCCC[n+]1ccccc1.[Cl-],CETYLPYRIDINIUM CHLORIDE,Active,
15213390,COC1C=COC2(C)Oc3c(C)c(O)c4c(O)c(c(C=NN5CCN(C6CCCC6)CC5)c(O)c4c3C2=O)NC(=O)C(C)=CC=CC(C)C(O)C(C)C(O)C(C)C(OC(C)=O)C1C,WDZCUPBHRAEYDL-UHFFFAOYSA-N,876.4520734880002,5.6482200000000065,0.0718695,COC1C=COC2(C)Oc3c(C)c(O)c4c(O)c(c(C=NN5CCN(C6CCCC6)CC5)c(O)c4c3C2=O)NC(=O)C(C)=CC=CC(C)C(O)C(C)C(O)C(C)C(OC(C)=O)C1C,RIFAPENTINE,Active,
45895501,CCC=C(C(=O)NC1C(=O)N2C(C(=O)OCOC(=O)C(C)(C)C)=C(COC(N)=O)CSC12)c1csc(N)n1.Cl,ALPFRUJYOAKQQR-UHFFFAOYSA-N,603.1224326,1.7797999999999998,0.0724155,CCC=C(C(=O)NC1C(=O)N2C(C(=O)OCOC(=O)C(C)(C)C)=C(COC(N)=O)CSC12)c1csc(N)n1.Cl,CEFCAPENE PIVOXIL HYDROCHLORIDE,Active,
57286400,COC1C=COC2(C)Oc3c(C)c(O)c4c(O)c(c(C=NN5CCN(C)CC5)c(O)c4c3C2=O)NC(=O)C(C)=CC=CC(C)C(O)C(C)C(O)C(C)C(OC(C)=O)C1C,JQXXHWHPUNPDRT-UHFFFAOYSA-N,822.4051232960003,4.335420000000004,0.077718,COC1C=COC2(C)Oc3c(C)c(O)c4c(O)c(c(C=NN5CCN(C)CC5)c(O)c4c3C2=O)NC(=O)C(C)=CC=CC(C)C(O)C(C)C(O)C(C)C(OC(C)=O)C1C,RIFAMPIN,Active,
14848323,Cc1ccc(S(=O)(=O)O)cc1.NC1CCN(c2nc3c(cc2F)c(=O)c(C(=O)O)cn3-c2ccc(F)cc2F)C1.O,SSULTCPIIYRGFQ-UHFFFAOYSA-N,594.1396048,2.4556200000000006,0.0925355,Cc1ccc(S(=O)(=O)O)cc1.NC1CCN(c2nc3c(cc2F)c(=O)c(C(=O)O)cn3-c2ccc(F)cc2F)C1.O,TOSUFLOXACIN TOLUENESULFONATE HYDRATE,Active,
11449807,CCCCCCCCCCCCCCCC[N+](C)(C)Cc1ccccc1.[Cl-],SXPWTBGAZSPLHA-UHFFFAOYSA-M,395.331878152,4.748300000000004,0.093284,CCCCCCCCCCCCCCCC[N+](C)(C)Cc1ccccc1.[Cl-],CETALKONIUM CHLORIDE,Active,
19214834,O=S(=O)(O)O.Oc1cccc2cccnc12,MRUMAIRJPMUAPZ-UHFFFAOYSA-N,243.020143388,1.2875999999999999,0.0985545,O=S(=O)(O)O.Oc1cccc2cccnc12,OXYQUINOLINE HEMISULFATE,Active,
59373950,Oc1c(Cl)cc(Cl)c2cccnc12,WDFKMLRRRCGAKS-UHFFFAOYSA-N,212.97481914,3.2472000000000003,0.11102,Oc1c(Cl)cc(Cl)c2cccnc12,CHLOROXINE,Active,
62875211,Oc1c(Cl)cc(Cl)cc1Sc1cc(Cl)cc(Cl)c1O,JFIOVJDNOJYLKP-UHFFFAOYSA-N,353.88426115199997,5.862600000000001,0.20171,Oc1c(Cl)cc(Cl)cc1Sc1cc(Cl)cc(Cl)c1O,BITHIONOL,Inactive,
10022076,CC1CC(C)C(=O)C(C(O)CC2CC(=O)NC(=O)C2)C1,YPHMISFOHDHNIV-UHFFFAOYSA-N,281.162708216,1.0415,0.206035,CC1CC(C)C(=O)C(C(O)CC2CC(=O)NC(=O)C2)C1,CYCLOHEXIMIDE,Inactive,
18624770,CNC1CCC(c2ccc(Cl)c(Cl)c2)c2ccccc21.Cl,BLFQGGGGFNSJKA-UHFFFAOYSA-N,341.05048261599995,5.601400000000004,0.261305,CNC1CCC(c2ccc(Cl)c(Cl)c2)c2ccccc21.Cl,SERTRALINE HYDROCHLORIDE,Inactive,
10093576,CC1(C)SC2C(NC(=O)C(NC(=O)N3CCNC3=O)c3ccccc3)C(=O)N2C1C(=O)[O-].[Na+],UVOCNBWUHNCKJM-UHFFFAOYSA-M,483.11884870399996,-4.236499999999997,0.263095,CC1(C)SC2C(NC(=O)C(NC(=O)N3CCNC3=O)c3ccccc3)C(=O)N2C1C(=O)[O-].[Na+],AZLOCILLIN SODIUM,Inactive,
18128779,CC(O)C(=O)O.CCOc1ccc2nc3cc(N)ccc3c(N)c2c1,IYLLULUTZPKQBW-UHFFFAOYSA-N,343.15320615200005,2.4029,0.2847,CC(O)C(=O)O.CCOc1ccc2nc3cc(N)ccc3c(N)c2c1,ETHACRIDINE LACTATE,Inactive,
84032448,O=C(O)C=CC(=O)O.OCCOCCN1CCN(C2=Nc3ccccc3Sc3ccccc32)CC1,VRHJBWUIWQOFLF-UHFFFAOYSA-N,499.177706648,2.567800000000002,0.300125,O=C(O)C=CC(=O)O.OCCOCCN1CCN(C2=Nc3ccccc3Sc3ccccc32)CC1,QUETIAPINE FUMARATE,Inactive,
91340804,CC(C(=O)O)c1ccc2c(c1)Cc1cccnc1O2,TVQZAMVBTVNYLA-UHFFFAOYSA-N,255.089543276,2.9662000000000006,0.302435,CC(C(=O)O)c1ccc2c(c1)Cc1cccnc1O2,PRANOPROFEN,Inactive,
79764923,Cl.OC(c1cc(C(F)(F)F)nc2c(C(F)(F)F)cccc12)C1CCCCN1,WESWYMRNZNDGBX-UHFFFAOYSA-N,414.09336016400005,4.869700000000003,0.30302,Cl.OC(c1cc(C(F)(F)F)nc2c(C(F)(F)F)cccc12)C1CCCCN1,MEFLOQUINE HYDROCHLORIDE,Inactive,
27749501,CC(O)C1C(=O)N2C(C(=O)[O-])=C(SC3Cn4cnc[n+]4C3)C(C)C12,MRMBZHPJVKCOMA-UHFFFAOYSA-N,350.104876056,-1.8949999999999971,0.30716,CC(O)C1C(=O)N2C(C(=O)[O-])=C(SC3Cn4cnc[n+]4C3)C(C)C12,BIAPENEM,Inactive,
35887016,O=C(O)CN(CCN(CC(=O)O)CC(=O)O)CCN(CC(=O)O)CC(=O)O,QPCDCPDFJACHGM-UHFFFAOYSA-N,393.13834393599996,-2.6845999999999934,0.32751,O=C(O)CN(CCN(CC(=O)O)CC(=O)O)CCN(CC(=O)O)CC(=O)O,PENTETIC ACID,Inactive,
31098624,CC1(C)C(C(=O)O)N2C(=O)CC2S1(=O)=O,FKENQMMABCRJMK-UHFFFAOYSA-N,233.035793452,-0.794999999999999,0.358025,CC1(C)C(C(=O)O)N2C(=O)CC2S1(=O)=O,SULBACTAM,Inactive,
65341452,Cn1nnnc1SCC1=C(C(=O)[O-])N2C(=O)C(NC(=O)C(OC=O)c3ccccc3)C2SC1.[Na+],ICZOIXFFVKYXOM-UHFFFAOYSA-M,512.0548685439999,-4.375599999999993,0.365255,Cn1nnnc1SCC1=C(C(=O)[O-])N2C(=O)C(NC(=O)C(OC=O)c3ccccc3)C2SC1.[Na+],CEFAMANDOLE NAFATE,Inactive,
52096759,CS(=O)(=O)c1ccc(C(O)C(CO)NC(=O)C(Cl)Cl)cc1,OTVAEFIXJLOWRX-UHFFFAOYSA-N,355.00479894,0.40430000000000005,0.37493,CS(=O)(=O)c1ccc(C(O)C(CO)NC(=O)C(Cl)Cl)cc1,THIAMPHENICOL,Inactive,
77536611,Oc1c(Br)cc(Br)c2cccnc12,ZDASUJMDVPTNTF-UHFFFAOYSA-N,300.87378798000003,3.4654000000000007,0.37936,Oc1c(Br)cc(Br)c2cccnc12,BROXYQUINOLINE,Inactive,
96287578,CCCCC(CC)CN1CN(CC(CC)CCCC)CC(C)(N)C1,DTOUUUZOYKYHEP-UHFFFAOYSA-N,339.36134844000003,4.711700000000004,0.38201,CCCCC(CC)CN1CN(CC(CC)CCCC)CC(C)(N)C1,HEXETIDINE,Inactive,
82781728,COC1C(O)CC(=O)OC(C)CC=CC=CC(O)C(C)CC(CC=O)C1OC1OC(C)C(OC2CC(C)(O)C(OC(=O)CC(C)C)C(C)O2)C(N(C)C)C1O,IEMDOFXTVAPVLX-UHFFFAOYSA-N,785.456155824,2.4426000000000045,0.38518,COC1C(O)CC(=O)OC(C)CC=CC=CC(O)C(C)CC(CC=O)C1OC1OC(C)C(OC2CC(C)(O)C(OC(=O)CC(C)C)C(C)O2)C(N(C)C)C1O,KITASAMYCINS [A1 shown],Inactive,
63912587,CN(C)N=Nc1[nH]cnc1C(N)=O,FDKXTQMXEQVLRF-UHFFFAOYSA-N,182.09160894,0.0688999999999999,0.387015,CN(C)N=Nc1[nH]cnc1C(N)=O,DACARBAZINE,Inactive,
14503643,CCC1OC(=O)C(C)C(OC2CC(C)(OC)C(O)C(C)O2)C(C)C(OC2OC(C)CC(N(C)C)C2O)C(C)(O)CC(C)C(=O)C(C)C(O)C1(C)O,ULGZDMOVFRHVEP-UHFFFAOYSA-N,733.4612412040001,1.785600000000004,0.394435,CCC1OC(=O)C(C)C(OC2CC(C)(OC)C(O)C(C)O2)C(C)C(OC2OC(C)CC(N(C)C)C2O)C(C)(O)CC(C)C(=O)C(C)C(O)C1(C)O,ERYTHROMYCIN,Inactive,
31384946,Oc1ccc(Cl)cc1Cc1cc(Cl)ccc1O,MDNWOSOZYLHTCG-UHFFFAOYSA-N,268.00578492,3.9954000000000023,0.3982,Oc1ccc(Cl)cc1Cc1cc(Cl)ccc1O,DICHLOROPHEN,Inactive,
88557186,CCN(CC)C(=S)SSC(=S)N(CC)CC,AUZONCFQVSMFAP-UHFFFAOYSA-N,296.05093264,3.6212000000000026,0.41174,CCN(CC)C(=S)SSC(=S)N(CC)CC,DISULFIRAM,Inactive,
77595738,Oc1ccc(Cl)c2cccnc12,CTQMJYWDVABFRZ-UHFFFAOYSA-N,179.013791492,2.5938000000000008,0.42104,Oc1ccc(Cl)c2cccnc12,CLOXYQUIN,Inactive,
34856987,CCC1OC(=O)C(C)C(OC2CC(C)(OC)C(O)C(C)O2)C(C)C(OC2OC(C)CC(N(C)C)C2O)C(C)(O)CC(C)C2NC(COCCOC)OC(C2C)C1(C)O,WLOHNSSYAXHWNR-UHFFFAOYSA-N,834.545305176,2.201700000000009,0.433495,CCC1OC(=O)C(C)C(OC2CC(C)(OC)C(O)C(C)O2)C(C)C(OC2OC(C)CC(N(C)C)C2O)C(C)(O)CC(C)C2NC(COCCOC)OC(C2C)C1(C)O,DIRITHROMYCIN,Inactive,
62621066,CCCCCCCCNC(C)C(O)c1ccc(SC(C)C)cc1,BFCDFTHTSVTWOG-UHFFFAOYSA-N,337.24393574000004,5.559100000000006,0.433905,CCCCCCCCNC(C)C(O)c1ccc(SC(C)C)cc1,SULOCTIDIL,Inactive,
30636982,COC1OC2OC3(C)CCC4C(C)CCC(C1C)C24OO3,SXYIRMFQILZOAM-UHFFFAOYSA-N,298.178023932,2.8408000000000015,0.440705,COC1OC2OC3(C)CCC4C(C)CCC(C1C)C24OO3,ARTEMETHER,Inactive,
56240604,CCCCCCNC(=O)n1cc(F)c(=O)[nH]c1=O,AOCCBINRVIKJHY-UHFFFAOYSA-N,257.117569592,0.8136999999999999,0.46268,CCCCCCNC(=O)n1cc(F)c(=O)[nH]c1=O,CARMOFUR,Inactive,
19174112,Oc1c(I)cc(Cl)c2cccnc12,QCDFBFJGMNKBDO-UHFFFAOYSA-N,304.9104394600001,3.1984000000000004,0.46333,Oc1c(I)cc(Cl)c2cccnc12,CLIOQUINOL,Inactive,
60630685,Cc1cc(O)cc(C)c1Cl,OSDLLIBGSJNGJE-UHFFFAOYSA-N,156.034192588,2.662440000000001,0.46338,Cc1cc(O)cc(C)c1Cl,CHLOROXYLENOL,Inactive,
75038017,CCCCCCc1ccc(O)cc1O,WFJIVOKAWHGMBH-UHFFFAOYSA-N,194.130679816,3.2206000000000023,0.47322,CCCCCCc1ccc(O)cc1O,HEXYLRESORCINOL,Inactive,
15968459,O=c1[nH]cc(F)c(=O)[nH]1,GHASVSINZRGABV-UHFFFAOYSA-N,130.017855556,-0.7977000000000001,0.47461,O=c1[nH]cc(F)c(=O)[nH]1,FLUOROURACIL,Inactive,
79040337,Nc1ccc2cc3ccc(N)cc3nc2c1.O=S(=O)(O)O,WSFHCKWLECYVBS-UHFFFAOYSA-N,307.06267689599997,1.8996000000000002,0.476895,Nc1ccc2cc3ccc(N)cc3nc2c1.O=S(=O)(O)O,PROFLAVINE HEMISULFATE,Inactive,
52174387,CN(C)C(=S)SSC(=S)N(C)C,KUAZQDVKQLNFPE-UHFFFAOYSA-N,239.988332384,2.0608,0.51846,CN(C)C(=S)SSC(=S)N(C)C,THIRAM,Inactive,
14785360,C1CCC(C(CC2CCCCN2)C2CCCCC2)CC1.O=C(O)C=CC(=O)O,JDZOTSLZMQDFLG-UHFFFAOYSA-N,393.28790872799993,5.007200000000004,0.5204,C1CCC(C(CC2CCCCN2)C2CCCCC2)CC1.O=C(O)C=CC(=O)O,PERHEXILINE MALEATE,Inactive,
59038974,CC(=O)Oc1ccccc1C(=O)Nc1ncc([N+](=O)[O-])s1,YQNQNVDNTFHQSW-UHFFFAOYSA-N,307.026291388,2.2289000000000003,0.525515,CC(=O)Oc1ccccc1C(=O)Nc1ncc([N+](=O)[O-])s1,NITAZOXANIDE,Inactive,
81695424,CC(=CC(=O)OCCCCCCCCC(=O)O)CC1OCC(CC2OC2C(C)C(C)O)C(O)C1O,MINDHVHHQZYEEK-UHFFFAOYSA-N,500.29853298799986,2.5925000000000016,0.5259,CC(=CC(=O)OCCCCCCCCC(=O)O)CC1OCC(CC2OC2C(C)C(C)O)C(O)C1O,MUPIROCIN,Inactive,
12700973,Cc1ccc2c(Br)cc(Br)c(OC(=O)c3ccccc3)c2n1,IJTPLVAAROHGGB-UHFFFAOYSA-N,418.915652792,5.287420000000003,0.528455,Cc1ccc2c(Br)cc(Br)c(OC(=O)c3ccccc3)c2n1,BROXALDINE,Inactive,
47323652,COc1ccccc1OCCNCC(O)COc1cccc2[nH]c3ccccc3c12.O=P(O)(O)O,XCPXNPBILMXKNX-UHFFFAOYSA-N,504.16615251799993,2.8094000000000015,0.530845,COc1ccccc1OCCNCC(O)COc1cccc2[nH]c3ccccc3c12.O=P(O)(O)O,CARVEDILOL PHOSPHATE,Inactive,
36222229,O=C(Nc1ccccc1)c1ccccc1O,WKEDVNSFRWHDNR-UHFFFAOYSA-N,213.078978592,2.644500000000001,0.5337,O=C(Nc1ccccc1)c1ccccc1O,SALICYLANILIDE,Inactive,
11024152,CCC1OC(=O)C(C)C(OC2CC(C)(OC)C(O)C(C)O2)C(C)C(OC2OC(C)CC(N(C)C)C2O)C(C)(OC)CC(C)C(=O)C(C)C(O)C1(C)O,AGOYDEPGAOXOCK-UHFFFAOYSA-N,747.476891268,2.439700000000004,0.53576,CCC1OC(=O)C(C)C(OC2CC(C)(OC)C(O)C(C)O2)C(C)C(OC2OC(C)CC(N(C)C)C2O)C(C)(OC)CC(C)C(=O)C(C)C(O)C1(C)O,CLARITHROMYCIN,Inactive,
11192176,Nc1nc(F)nc2c1ncn2C1OC(COP(=O)(O)O)C(O)C1O,GIUYCYHIANZCFB-UHFFFAOYSA-N,365.0536626059999,-1.7239000000000007,0.541395,Nc1nc(F)nc2c1ncn2C1OC(COP(=O)(O)O)C(O)C1O,FLUDARABINE PHOSPHATE,Inactive,
10365440,Cc1nc2ccccc2n1Cc1ccc(Cl)cc1,WNAQOLSMVPFGTE-UHFFFAOYSA-N,256.076726096,4.046420000000003,0.54387,Cc1nc2ccccc2n1Cc1ccc(Cl)cc1,CHLORMIDAZOLE,Inactive,
21926702,COCC1=C(C(=O)OC(C)OC(=O)OC(C)C)N2C(=O)C(NC(=O)C(=NOC)c3csc(N)n3)C2SC1,LTINZAODLRIQIX-UHFFFAOYSA-N,557.125019444,0.8270000000000015,0.55068,COCC1=C(C(=O)OC(C)OC(=O)OC(C)C)N2C(=O)C(NC(=O)C(=NOC)c3csc(N)n3)C2SC1,CEFPODOXIME PROXETIL,Inactive,
95314802,CCCCCCCCCCCCCCCC(=O)OCC(NC(=O)C(Cl)Cl)C(O)c1ccc([N+](=O)[O-])cc1,PXKHGMGELZGJQE-UHFFFAOYSA-N,560.241992424,6.941200000000008,0.55934,CCCCCCCCCCCCCCCC(=O)OCC(NC(=O)C(Cl)Cl)C(O)c1ccc([N+](=O)[O-])cc1,CHLORAMPHENICOL PALMITATE,Inactive,
11341486,O=C(Nc1cc(Cl)cc(Cl)c1O)c1c(O)c(Cl)cc(Cl)c1Cl,JYWIYHUXVMAGLG-UHFFFAOYSA-N,398.879031452,5.6171000000000015,0.5648,O=C(Nc1cc(Cl)cc(Cl)c1O)c1c(O)c(Cl)cc(Cl)c1Cl,OXYCLOZANIDE,Inactive,
91049916,CC1CCC2C(C)C(=O)OC3OC4(C)CCC1C32OO4,BLUAFEHZUWYNDE-UHFFFAOYSA-N,282.146723804,2.3949000000000007,0.565745,CC1CCC2C(C)C(=O)OC3OC4(C)CCC1C32OO4,ARTEMISININ,Inactive,
79278148,COC(=O)NN=Cc1c[n+]([O-])c2ccccc2[n+]1[O-],OVGGLBAWFMIPPY-UHFFFAOYSA-N,262.0702048,-0.2034999999999998,0.57424,COC(=O)NN=Cc1c[n+]([O-])c2ccccc2[n+]1[O-],CARBADOX,Inactive,
68580200,O=C1OC(CN2CCOCC2)CN1N=Cc1ccc([N+](=O)[O-])o1,YVQVOQKFMFRVGR-UHFFFAOYSA-N,324.10698423199995,0.6747000000000003,0.5745,O=C1OC(CN2CCOCC2)CN1N=Cc1ccc([N+](=O)[O-])o1,FURALTADONE,Inactive,
11199120,IC(I)I,OKJPEAGHQZHRQV-UHFFFAOYSA-N,393.721244032,2.575,0.575325,IC(I)I,IODOFORM,Inactive,
83888275,CC1(C)SC2C(NC(=O)Cc3ccccc3)C(=O)N2C1C(=O)[O-].[K+],IYNDLOXRXUOGIU-UHFFFAOYSA-M,372.05460970400003,-3.4698999999999973,0.576135,CC1(C)SC2C(NC(=O)Cc3ccccc3)C(=O)N2C1C(=O)[O-].[K+],PENICILLIN G POTASSIUM,Inactive,
58673161,O=S(=O)([O-])c1cc(I)c(O)c2ncccc12.[Na+],NWAPYWBKEFRREH-UHFFFAOYSA-M,372.88817092000005,-1.5469,0.579685,O=S(=O)([O-])c1cc(I)c(O)c2ncccc12.[Na+],CHINIOFON,Inactive,
32859566,CCCCCCc1ccc(O)cc1O.Nc1c2ccccc2nc2ccccc12,YZODJQFXMFEJRM-UHFFFAOYSA-N,388.21507813600005,6.1908000000000065,0.591485,CCCCCCc1ccc(O)cc1O.Nc1c2ccccc2nc2ccccc12,ACRISORCIN,Inactive,
45326390,CC1(C)SC2C(NC(=O)COc3ccccc3)C(=O)N2C1C(=O)[O-].[K+],HCTVWSOKIJULET-UHFFFAOYSA-M,388.04952432399995,-3.633599999999997,0.59763,CC1(C)SC2C(NC(=O)COc3ccccc3)C(=O)N2C1C(=O)[O-].[K+],PENICILLIN V POTASSIUM,Inactive,
20961843,S=C=NCc1ccccc1,MDKCFLQDBWCQCV-UHFFFAOYSA-N,149.029920224,2.2894000000000005,0.60346,S=C=NCc1ccccc1,BENZYL ISOTHIOCYANATE,Inactive,
68645750,O=c1[nH]cnc2c1ncn2C1CCC(CO)O1,BXZVVICBKDXVGW-UHFFFAOYSA-N,236.090940244,-0.21050000000000008,0.609115,O=c1[nH]cnc2c1ncn2C1CCC(CO)O1,DIDANOSINE,Inactive,
11452115,Cl.N=C(NN=Cc1ccc(Cl)cc1)NN=Cc1ccc(Cl)cc1,LTWIBTYLSRDGHP-UHFFFAOYSA-N,369.03147848799995,3.897170000000002,0.609345,Cl.N=C(NN=Cc1ccc(Cl)cc1)NN=Cc1ccc(Cl)cc1,ROBENIDINE HYDROCHLORIDE,Inactive,
39419742,CCC1OC(=O)C(C)C(OC2CC(C)(OC)C(O)C(C)O2)C(C)C(OC2OC(C)CC(N(C)C)C2O)C(C)(O)CC(C)C(=NOCOCCOC)C(C)C(O)C1(C)O,RXZBMPWDPOLZGW-UHFFFAOYSA-N,836.524569732,2.2096000000000076,0.613215,CCC1OC(=O)C(C)C(OC2CC(C)(OC)C(O)C(C)O2)C(C)C(OC2OC(C)CC(N(C)C)C2O)C(C)(O)CC(C)C(=NOCOCCOC)C(C)C(O)C1(C)O,ROXITHROMYCIN,Inactive,
38958089,Cc1cc(N)c2ccccc2[n+]1CCCCCCCCCC[n+]1c(C)cc(N)c2ccccc21.[Cl-].[Cl-],LTNZEXKYNRNOGT-UHFFFAOYSA-N,526.2630026400001,0.17824000000000445,0.627015,Cc1cc(N)c2ccccc2[n+]1CCCCCCCCCC[n+]1c(C)cc(N)c2ccccc21.[Cl-].[Cl-],DEQUALINIUM CHLORIDE,Inactive,
55071380,NC(=O)c1cc[n+](CC2=C(C(=O)[O-])N3C(=O)C(NC(=O)Cc4cccs4)C3SC2)cc1,FMZXNVLFJHCSAF-UHFFFAOYSA-N,458.07186167599997,-1.218899999999995,0.63414,NC(=O)c1cc[n+](CC2=C(C(=O)[O-])N3C(=O)C(NC(=O)Cc4cccs4)C3SC2)cc1,CEFALONIUM,Inactive,
10141589,CC1CCC2C(C)C(O)OC3OC4(C)CCC1C32OO4,BJDCWCLMFKKGEE-UHFFFAOYSA-N,284.162373868,2.1867,0.637235,CC1CCC2C(C)C(O)OC3OC4(C)CCC1C32OO4,ARTENIMOL,Inactive,
67742109,C[n+]1cc2c3c(ccc2c2ccc4cc5c(cc4c21)OCO5)OCO3.[Cl-],GIZKAXHWLRYMLE-UHFFFAOYSA-M,367.0611356079999,0.4320999999999995,0.639055,C[n+]1cc2c3c(ccc2c2ccc4cc5c(cc4c21)OCO5)OCO3.[Cl-],SANGUINARIUM CHLORIDE,Inactive,
86898894,CCC(=C(c1ccccc1)c1ccc(OCCN(C)C)cc1)c1ccccc1.O=C(O)CC(O)(CC(=O)O)C(=O)O,FQZYTYWMLGAPFJ-UHFFFAOYSA-N,563.2519171439999,4.747600000000002,0.642465,CCC(=C(c1ccccc1)c1ccc(OCCN(C)C)cc1)c1ccccc1.O=C(O)CC(O)(CC(=O)O)C(=O)O,TAMOXIFEN CITRATE,Inactive,
48994249,CS(=O)(=O)O.CSc1ccc2c(c1)C(N1CCN(C)CC1)Cc1ccccc1S2,CZMDZGZYKOGLJY-UHFFFAOYSA-N,452.126205756,3.908300000000003,0.64336,CS(=O)(=O)O.CSc1ccc2c(c1)C(N1CCN(C)CC1)Cc1ccccc1S2,METITEPINE MESYLATE,Inactive,
68502508,Cc1cc(C(C#N)c2ccc(Cl)cc2)c(Cl)cc1NC(=O)c1cc(I)cc(I)c1O,JMPFSEBWVLAJKM-UHFFFAOYSA-N,661.852179048,7.124400000000003,0.64365,Cc1cc(C(C#N)c2ccc(Cl)cc2)c(Cl)cc1NC(=O)c1cc(I)cc(I)c1O,CLOSANTEL,Inactive,
18458323,NC(=O)c1ncn(C2OC(CO)C(O)C2O)n1,IWUCXVSUMQZMFG-UHFFFAOYSA-N,244.080769484,-3.0114999999999994,0.645315,NC(=O)c1ncn(C2OC(CO)C(O)C2O)n1,RIBAVIRIN,Inactive,
68677718,O=C(OCC1OC(OC(=O)c2cc(O)c(O)c(OC(=O)c3cc(O)c(O)c(O)c3)c2)C(OC(=O)c2cc(O)c(O)c(OC(=O)c3cc(O)c(O)c(O)c3)c2)C(OC(=O)c2cc(O)c(O)c(OC(=O)c3cc(O)c(O)c(O)c3)c2)C1OC(=O)c1cc(O)c(O)c(OC(=O)c2cc(O)c(O)c(O)c2)c1)c1cc(O)c(O)c(OC(=O)c2cc(O)c(O)c(O)c2)c1,LRBQNJMCXXYXIU-UHFFFAOYSA-N,1700.172974183999,4.838100000000016,0.646525,O=C(OCC1OC(OC(=O)c2cc(O)c(O)c(OC(=O)c3cc(O)c(O)c(O)c3)c2)C(OC(=O)c2cc(O)c(O)c(OC(=O)c3cc(O)c(O)c(O)c3)c2)C(OC(=O)c2cc(O)c(O)c(OC(=O)c3cc(O)c(O)c(O)c3)c2)C1OC(=O)c1cc(O)c(O)c(OC(=O)c2cc(O)c(O)c(O)c2)c1)c1cc(O)c(O)c(OC(=O)c2cc(O)c(O)c(O)c2)c1,TANNIC ACID,Inactive,
87117912,O.O.O.O=C([O-])C1O[Sb]2OC(=O)C(O2)C(C(=O)[O-])O[Sb]2OC(=O)C1O2.[K+].[K+],WBTCZEPSIIFINA-UHFFFAOYSA-J,665.73701438,-14.342099999999999,0.65067,O.O.O.O=C([O-])C1O[Sb]2OC(=O)C(O2)C(C(=O)[O-])O[Sb]2OC(=O)C1O2.[K+].[K+],ANTIMONY POTASSIUM TARTRATE TRIHYDRATE,Inactive,
47022595,C[n+]1c2cc(N)ccc2cc2ccc(N)cc21.[Cl-],KKAJSJJFBSOMGS-UHFFFAOYSA-N,259.087625128,-1.0140999999999993,0.658745,C[n+]1c2cc(N)ccc2cc2ccc(N)cc21.[Cl-],ACRIFLAVINIUM HYDROCHLORIDE,Inactive,
73074534,O=C(O)C(S)C(S)C(=O)O,ACTRVOBWPAIOHC-UHFFFAOYSA-N,181.970750672,-0.2476000000000001,0.663605,O=C(O)C(S)C(S)C(=O)O,SUCCIMER,Inactive,
25850402,CCC1OC(=O)C(C)C(OC2CC(C)(OC)C(O)C(C)O2)C(C)C(OC2OC(C)CC(N(C)C)C2O)C(C)(O)CC(C)C(=O)C(C)C(O)C1(C)O.CCCCCCCCCCCCCCCCCC(=O)O,YAVZHCFFUATPRK-UHFFFAOYSA-N,1017.7327715960001,8.118100000000009,0.664805,CCC1OC(=O)C(C)C(OC2CC(C)(OC)C(O)C(C)O2)C(C)C(OC2OC(C)CC(N(C)C)C2O)C(C)(O)CC(C)C(=O)C(C)C(O)C1(C)O.CCCCCCCCCCCCCCCCCC(=O)O,ERYTHROMYCIN STEARATE,Inactive,
71264959,CCCCCCCCC=CCCCCCCCC(=O)[O-].[NH3+]CCO,KGWDUNBJIMUFAP-UHFFFAOYSA-N,343.308644172,2.9944,0.665335,CCCCCCCCC=CCCCCCCCC(=O)[O-].[NH3+]CCO,ETHANOLAMINE OLEATE,Inactive,
10331935,CCC(=C(CC)c1ccc(O)cc1)c1ccc(O)cc1,RGLYKWWBQGJZGM-UHFFFAOYSA-N,268.14632988,4.828600000000005,0.6658,CCC(=C(CC)c1ccc(O)cc1)c1ccc(O)cc1,DIETHYLSTILBESTROL,Inactive,
94639639,CN(N=O)C(=O)NC1C(O)OC(CO)C(O)C1O,ZSJLQEPLLKMAKR-UHFFFAOYSA-N,265.09099982000004,-2.8909,0.67693,CN(N=O)C(=O)NC1C(O)OC(CO)C(O)C1O,STREPTOZOSIN,Inactive,
73998383,CN(C)C(CCOc1cccc2ccccc12)c1ccccc1.Cl,IHWDIQRWYNMKFM-UHFFFAOYSA-N,341.154642068,5.3334000000000055,0.68552,CN(C)C(CCOc1cccc2ccccc12)c1ccccc1.Cl,DAPOXETINE HYDROCHLORIDE,Inactive,
94576117,CCCCCc1c2c(cc(O)c1C(=O)O)OC(=O)c1c(cc(OC)cc1C(=O)CCCC)O2,JHEWMLHQNRHTQX-UHFFFAOYSA-N,456.17841785599995,5.529500000000004,0.696955,CCCCCc1c2c(cc(O)c1C(=O)O)OC(=O)c1c(cc(OC)cc1C(=O)CCCC)O2,LOBARIC ACID,Inactive,
64292186,COc1c2ccccc2nc2occc12,WIONIXOBNMDJFJ-UHFFFAOYSA-N,199.063328528,2.989600000000001,0.69733,COc1c2ccccc2nc2occc12,DICTAMNINE,Inactive,
37688398,O=c1[nH]c2cc(Cl)ccc2o1,TZFWDZFKRBELIQ-UHFFFAOYSA-N,168.993056048,1.7745,0.699225,O=c1[nH]c2cc(Cl)ccc2o1,CHLORZOXAZONE,Inactive,
58373987,CC(=O)NCC1CN(c2ccc(N3CCOCC3)c(F)c2)C(=O)O1,TYZROVQLWOKYKF-UHFFFAOYSA-N,337.1437843399999,1.1235999999999997,0.700995,CC(=O)NCC1CN(c2ccc(N3CCOCC3)c(F)c2)C(=O)O1,LINEZOLID,Inactive,
46026658,COC1C(OC(N)=O)C(O)C(Oc2ccc3c([O-])c(NC(=O)c4ccc(O)c(CC=C(C)C)c4)c(=O)oc3c2C)OC1(C)C.[Na+],WWPRGAYLRGSOSU-UHFFFAOYSA-M,634.21385422,-0.0008799999999988817,0.70124,COC1C(OC(N)=O)C(O)C(Oc2ccc3c([O-])c(NC(=O)c4ccc(O)c(CC=C(C)C)c4)c(=O)oc3c2C)OC1(C)C.[Na+],NOVOBIOCIN SODIUM,Inactive,
23508780,CCOC(=O)CCC(=O)OC1C(OC2C(C)C(OC3CC(C)(OC)C(O)C(C)O3)C(C)C(=O)OC(CC)C(C)(O)C(O)C(C)C(=O)C(C)CC2(C)O)OC(C)CC1N(C)C,NSYZCCDSJNWWJL-UHFFFAOYSA-N,861.5085853200001,2.6798000000000073,0.708945,CCOC(=O)CCC(=O)OC1C(OC2C(C)C(OC3CC(C)(OC)C(O)C(C)O3)C(C)C(=O)OC(CC)C(C)(O)C(O)C(C)C(=O)C(C)CC2(C)O)OC(C)CC1N(C)C,ERYTHROMYCIN ETHYLSUCCINATE,Inactive,
90105920,CN(C)CCCN1c2ccccc2Sc2ccc(C(F)(F)F)cc21.Cl,FTNWXGFYRHWUKG-UHFFFAOYSA-N,388.09878197999996,5.681600000000005,0.70955,CN(C)CCCN1c2ccccc2Sc2ccc(C(F)(F)F)cc21.Cl,TRIFLUPROMAZINE HYDROCHLORIDE,Inactive,
88234565,CCC(c1ccc(O)cc1)C(CC)c1ccc(O)cc1,PBBGSZCBWVPOOL-UHFFFAOYSA-N,270.161979944,4.785200000000004,0.715915,CCC(c1ccc(O)cc1)C(CC)c1ccc(O)cc1,HEXESTROL,Inactive,
94548560,Oc1cc2c(cc1O)C1c3ccc(O)c(O)c3OCC1(O)C2,WZUVPPKBWHMQCE-UHFFFAOYSA-N,302.079038168,1.3204999999999993,0.716155,Oc1cc2c(cc1O)C1c3ccc(O)c(O)c3OCC1(O)C2,HAEMATOXYLIN,Inactive,
12499591,COc1ccc(CC(N)C(=O)NC2C(CO)OC(n3cnc4c(N(C)C)ncnc43)C2O)cc1.Cl.Cl,MKSVFGKWZLUTTO-UHFFFAOYSA-N,543.1763724520001,0.04990000000000083,0.71668,COc1ccc(CC(N)C(=O)NC2C(CO)OC(n3cnc4c(N(C)C)ncnc43)C2O)cc1.Cl.Cl,PUROMYCIN DIHYDROCHLORIDE,Inactive,
30098447,O=C(O)c1cc(-c2ccc(F)cc2F)ccc1O,HUPFGZXOMWLGNK-UHFFFAOYSA-N,250.044150556,3.035600000000001,0.71961,O=C(O)c1cc(-c2ccc(F)cc2F)ccc1O,DIFLUNISAL,Inactive,
13574492,C=CC(C)(O)CCC1C(=C)CC(OC(C)=O)C2C(C)(C)CCCC12C,WCNCDVQMEQJFGH-UHFFFAOYSA-N,348.26644501199996,5.044000000000005,0.719915,C=CC(C)(O)CCC1C(=C)CC(OC(C)=O)C2C(C)(C)CCCC12C,LARIXOL ACETATE,Inactive,
66213636,CN(C)CCOc1ccc(C(=C(CCCl)c2ccccc2)c2ccccc2)cc1.O=C(O)CC(O)(CC(=O)O)C(=O)O,IWEQQRMGNVVKQW-UHFFFAOYSA-N,597.2129447919999,4.9665000000000035,0.721755,CN(C)CCOc1ccc(C(=C(CCCl)c2ccccc2)c2ccccc2)cc1.O=C(O)CC(O)(CC(=O)O)C(=O)O,TOREMIFENE CITRATE,Inactive,
11149411,CC(=O)OC12COC1CC(O)C1(C)C(=O)C(O)C3=C(C)C(OC(=O)C(O)C(NC(=O)OC(C)(C)C)c4ccccc4)CC(O)(C(OC(=O)c4ccccc4)C21)C3(C)C.O.O.O,XCDIRYDKECHIPE-UHFFFAOYSA-N,861.3782994280002,0.7855000000000025,0.722265,CC(=O)OC12COC1CC(O)C1(C)C(=O)C(O)C3=C(C)C(OC(=O)C(O)C(NC(=O)OC(C)(C)C)c4ccccc4)CC(O)(C(OC(=O)c4ccccc4)C21)C3(C)C.O.O.O,DOCETAXEL,Inactive,
55723416,CN(C)CCC=C1c2ccccc2Sc2ccc(Cl)cc21.Cl,YWKRLOSRDGPEJR-UHFFFAOYSA-N,351.061525968,5.609800000000004,0.728045,CN(C)CCC=C1c2ccccc2Sc2ccc(Cl)cc21.Cl,CHLORPROTHIXENE HYDROCHLORIDE,Inactive,
47764434,CCC(C(=O)[O-])C1CCC(C)C(C(C)C(O)C(C)C(=O)C(CC)C2OC3(C=CC(O)C4(CCC(C)(C5CCC(O)(CC)C(C)O5)O4)O3)C(C)CC2C)O1.[Na+],YPZYGIQXBGHDBH-UHFFFAOYSA-M,772.4737573080001,1.8573000000000057,0.729025,CCC(C(=O)[O-])C1CCC(C)C(C(C)C(O)C(C)C(=O)C(CC)C2OC3(C=CC(O)C4(CCC(C)(C5CCC(O)(CC)C(C)O5)O4)O3)C(C)CC2C)O1.[Na+],"SALINOMYCIN, SODIUM",Inactive,
45826839,Nc1nnc(-c2cccc(Cl)c2Cl)c(N)n1,PYZRQGJRPPTADH-UHFFFAOYSA-N,255.00785058399998,2.0098,0.73151,Nc1nnc(-c2cccc(Cl)c2Cl)c(N)n1,LAMOTRIGINE,Inactive,
96706685,CC1(C)CCC2(C(=O)O)CCC3(C)C(=CCC4C5(C)CCC(O)C(C)(CO)C5CCC43C)C2C1,PGOYMURMZNDHNS-UHFFFAOYSA-N,472.35526001599993,6.206000000000008,0.73676,CC1(C)CCC2(C(=O)O)CCC3(C)C(=CCC4C5(C)CCC(O)C(C)(CO)C5CCC43C)C2C1,HEDERAGENIN,Inactive,
13946057,Oc1c(Cl)c(Cl)c(Cl)c(Cl)c1Cl,IZUPBVBPLAPZRR-UHFFFAOYSA-N,263.847003052,4.6592,0.73824,Oc1c(Cl)c(Cl)c(Cl)c(Cl)c1Cl,PENTACHLOROPHENOL,Inactive,
48778541,Clc1ccc(C(Cn2ccnc2)OCc2c(Cl)cccc2Cl)c(Cl)c1.O=[N+]([O-])O,NNGQLSIGRSTLLU-UHFFFAOYSA-N,476.98166667999993,6.107100000000003,0.73928,Clc1ccc(C(Cn2ccnc2)OCc2c(Cl)cccc2Cl)c(Cl)c1.O=[N+]([O-])O,ISOCONAZOLE NITRATE,Inactive,
51908620,CC=C(C)C(=O)OC1C(OC(C)=O)C2(CO)C(O)CC3(C)C(=CCC4C5(C)CCC(OC6OC(C(=O)O)C(OC7OC(CO)C(O)C(O)C7O)C(O)C6OC6OC(CO)C(O)C(O)C6O)C(C)(CO)C5CCC43C)C2CC1(C)C,AXNVHPCVMSNXNP-UHFFFAOYSA-N,1130.5509036320002,-1.3210999999999875,0.73998,CC=C(C)C(=O)OC1C(OC(C)=O)C2(CO)C(O)CC3(C)C(=CCC4C5(C)CCC(OC6OC(C(=O)O)C(OC7OC(CO)C(O)C(O)C7O)C(O)C6OC6OC(CO)C(O)C(O)C6O)C(C)(CO)C5CCC43C)C2CC1(C)C,ESCIN,Inactive,
64266560,CC(C)(O)c1ccccc1CCC(SCC1(CC(=O)[O-])CC1)c1cccc(C=Cc2ccc3ccc(Cl)cc3n2)c1.[Na+],LBFBRXGCXUHRJY-UHFFFAOYSA-M,607.19238694,4.617300000000005,0.7415,CC(C)(O)c1ccccc1CCC(SCC1(CC(=O)[O-])CC1)c1cccc(C=Cc2ccc3ccc(Cl)cc3n2)c1.[Na+],MONTELUKAST SODIUM,Inactive,
92189223,CCC(C)C(=O)OC1CC2(C)C(c3ccoc3)OC(=O)CC23OC2(C)OC34C(OC(C)=O)C3(O)C(OC(=O)C5(C)OC5C)C5(C)CC3(O)C(C)(C5CC(=O)OC)C14O2,HPSILLNWMJOWNM-UHFFFAOYSA-N,816.3204502039999,2.708500000000001,0.745215,CCC(C)C(=O)OC1CC2(C)C(c3ccoc3)OC(=O)CC23OC2(C)OC34C(OC(C)=O)C3(O)C(OC(=O)C5(C)OC5C)C5(C)CC3(O)C(C)(C5CC(=O)OC)C14O2,UTILIN,Inactive,
28775777,COc1cc(O)cc(O)c1C(=O)c1ccccc1,CIKBLPYUSUJOHB-UHFFFAOYSA-N,244.073558864,2.3373999999999997,0.74555,COc1cc(O)cc(O)c1C(=O)c1ccccc1,ISOCOTOIN,Inactive,
43448275,CCCCC(CC)CCC(CC(C)C)OS(=O)(=O)[O-].[Na+],FVEFRICMTUKAML-UHFFFAOYSA-M,316.168424688,0.8785000000000007,0.745775,CCCCC(CC)CCC(CC(C)C)OS(=O)(=O)[O-].[Na+],SODIUM TETRADECYL SULFATE,Inactive,
11569209,Nc1nc2cc(Cl)ccc2o1,YGCODSQDUUUKIV-UHFFFAOYSA-N,168.00904046,2.0633999999999997,0.75269,Nc1nc2cc(Cl)ccc2o1,ZOXAZOLAMINE,Inactive,
72262359,Cc1cc(O)ccc1Cl,CFKMVGJGLGKFKI-UHFFFAOYSA-N,142.018542524,2.3540200000000002,0.75414,Cc1cc(O)ccc1Cl,CHLOROCRESOL,Inactive,
68422175,CC1=CC(=O)C2=C(C)CCC3C(C)C(=O)OC3C12,BJPSSVHNEGMBDQ-UHFFFAOYSA-N,246.125594436,2.419600000000001,0.75751,CC1=CC(=O)C2=C(C)CCC3C(C)C(=O)OC3C12,LEUCODIN,Inactive,
30776478,CCC(C)C(N)C1=NC(C(=O)NC(CC(C)C)C(=O)NC(CCC(=O)O)C(=O)NC(C(=O)NCCCCC2NC(=O)C(CC(N)=O)NC(=O)C(CC(=O)O)NC(=O)C(Cc3c[nH]cn3)NC(=O)C(Cc3ccccc3)NC(=O)C(C(C)CC)NC(=O)C(CCCN)NC2=O)C(C)CC)CS1,VRKHYMXTJQCIND-UHFFFAOYSA-N,1421.7489412159996,-1.6776000000000149,0.75754,CCC(C)C(N)C1=NC(C(=O)NC(CC(C)C)C(=O)NC(CCC(=O)O)C(=O)NC(C(=O)NCCCCC2NC(=O)C(CC(N)=O)NC(=O)C(CC(=O)O)NC(=O)C(Cc3c[nH]cn3)NC(=O)C(Cc3ccccc3)NC(=O)C(C(C)CC)NC(=O)C(CCCN)NC2=O)C(C)CC)CS1,BACITRACIN,Inactive,
72766875,Cc1c2oc3c(C)ccc(C(=O)OC(C)C4NC(=O)C(C(C)C)N(C)C(=O)CN(C)C(=O)C5CCCN5C(=O)C(C(C)C)NC4=O)c3nc-2c(C(=O)OC(C)C2NC(=O)C(C(C)C)N(C)C(=O)CN(C)C(=O)C3CCCN3C(=O)C(C(C)C)NC2=O)c(N)c1=O,QKRYGAZNLBVXHK-UHFFFAOYSA-N,1254.6284746719996,0.725640000000003,0.75794,Cc1c2oc3c(C)ccc(C(=O)OC(C)C4NC(=O)C(C(C)C)N(C)C(=O)CN(C)C(=O)C5CCCN5C(=O)C(C(C)C)NC4=O)c3nc-2c(C(=O)OC(C)C2NC(=O)C(C(C)C)N(C)C(=O)CN(C)C(=O)C3CCCN3C(=O)C(C(C)C)NC2=O)c(N)c1=O,DACTINOMYCIN,Inactive,
10374767,CC1=CC2C(C(C)C)CCC(C)(O)C2CC1,LHYHMMRYTDARSZ-UHFFFAOYSA-N,222.198365452,3.7759000000000027,0.758215,CC1=CC2C(C(C)C)CCC(C)(O)C2CC1,CADIN-4-EN-10-OL,Inactive,
62726267,C=C(c1ccc(C(=O)O)cc1)c1cc2c(cc1C)C(C)(C)CCC2(C)C,NAVMQTYZDKMPEU-UHFFFAOYSA-N,348.208930136,6.103720000000005,0.759105,C=C(c1ccc(C(=O)O)cc1)c1cc2c(cc1C)C(C)(C)CCC2(C)C,BEXAROTENE,Inactive,
43375785,CC1=CC(=O)c2c(O)cccc2C1=O,VCMMXZQDRFWYSE-UHFFFAOYSA-N,188.047344116,1.7175,0.76077,CC1=CC(=O)c2c(O)cccc2C1=O,PLUMBAGIN,Inactive,
22938689,CCOc1ccc(Cc2nccc3cc(OCC)c(OCC)cc23)cc1OCC.Cl,UPUDVKWQBVIKBG-UHFFFAOYSA-N,431.18633611999996,5.842200000000006,0.761115,CCOc1ccc(Cc2nccc3cc(OCC)c(OCC)cc23)cc1OCC.Cl,ETHAVERINE HYDROCHLORIDE,Inactive,
12791325,CN(C)CCN(Cc1ccccc1)c1ccccn1.O=C(O)CC(O)(CC(=O)O)C(=O)O,GGRBYIUPUOYRLQ-UHFFFAOYSA-N,447.20055026799986,1.4013000000000007,0.76286,CN(C)CCN(Cc1ccccc1)c1ccccn1.O=C(O)CC(O)(CC(=O)O)C(=O)O,TRIPELENNAMINE CITRATE,Inactive,
65489491,Oc1ccc2ccccc2c1,JWAZRIHNYRIHIV-UHFFFAOYSA-N,144.057514876,2.5454,0.764145,Oc1ccc2ccccc2c1,beta-NAPHTHOL,Inactive,
27950404,CCOC(=O)C1=C(C)NC(C)=C(C(=O)OC)C1c1cccc([N+](=O)[O-])c1,PVHUJELLJLJGLN-UHFFFAOYSA-N,360.13213635999995,2.5657000000000005,0.765325,CCOC(=O)C1=C(C)NC(C)=C(C(=O)OC)C1c1cccc([N+](=O)[O-])c1,NITRENDIPINE,Inactive,
19836146,CN(C)CCCN1c2ccccc2Sc2ccc(Cl)cc21.Cl,FBSMERQALIEGJT-UHFFFAOYSA-N,354.072425,5.316200000000005,0.768655,CN(C)CCCN1c2ccccc2Sc2ccc(Cl)cc21.Cl,CHLORPROMAZINE HYDROCHLORIDE,Inactive,
38292925,CCC(C)C1OC2(C=CC1C)CC1CC(CC=C(C)C(OC3CC(OC)C(OC4CC(OC)C(O)C(C)O4)C(C)O3)C(C)C=CC=C3COC4C(O)C(C)=CC(C(=O)O1)C34O)O2,RRZXIRBKKLTSOM-UHFFFAOYSA-N,872.4922069840001,5.377400000000007,0.7697,CCC(C)C1OC2(C=CC1C)CC1CC(CC=C(C)C(OC3CC(OC)C(OC4CC(OC)C(O)C(C)O4)C(C)O3)C(C)C=CC=C3COC4C(O)C(C)=CC(C(=O)O1)C34O)O2,ABAMECTIN (avermectin B1a shown),Inactive,
11434808,COc1cc(O)c2c(=O)c(OC)c(-c3ccc(OC)c(OC)c3)oc2c1,HHGPYJLEJGNWJA-UHFFFAOYSA-N,358.105252916,3.200000000000001,0.772455,COc1cc(O)c2c(=O)c(OC)c(-c3ccc(OC)c(OC)c3)oc2c1,RETUSIN,Inactive,
79900953,C=C(C)C1CC=C(C(=O)O)CC1,CDSMSBUVCWHORP-UHFFFAOYSA-N,166.099379688,2.3736000000000006,0.772965,C=C(C)C1CC=C(C(=O)O)CC1,PERILLIC ACID (-),Inactive,
10834643,CCCCCC(=O)Cc1cc(O)cc(O)c1C(=O)Oc1cc(CC(=O)CCCCC)c(C(=O)O)c(OC)c1,DGXLEDCXMIJNPJ-UHFFFAOYSA-N,528.2359327319999,5.407600000000005,0.77363,CCCCCC(=O)Cc1cc(O)cc(O)c1C(=O)Oc1cc(CC(=O)CCCCC)c(C(=O)O)c(OC)c1,ARTHONIOIC ACID,Inactive,
12686380,COc1ccccc1-c1cc(=O)c2c(OC)cccc2o1,QNKIRTADURZGPG-UHFFFAOYSA-N,282.089208928,3.4772000000000025,0.77385,COc1ccccc1-c1cc(=O)c2c(OC)cccc2o1,"5,2'-DIMETHOXYFLAVONE",Inactive,
56824688,CC(C)(C)CC(C)(C)c1ccc(O)c(Cc2ccc(Cl)cc2Cl)c1,HQVZOORKDNCGCK-UHFFFAOYSA-N,364.13607081199996,7.003600000000006,0.774075,CC(C)(C)CC(C)(C)c1ccc(O)c(Cc2ccc(Cl)cc2Cl)c1,CLOFOCTOL,Inactive,
24783948,CCC(=O)Oc1ccc2c(c1)CCC1C2CCC2(C)C1CC(OC(=O)CC)C2OC(=O)CC,ONMZMZJEZHMWQL-UHFFFAOYSA-N,456.2511888719999,5.111600000000005,0.779385,CCC(=O)Oc1ccc2c(c1)CCC1C2CCC2(C)C1CC(OC(=O)CC)C2OC(=O)CC,ESTRIOL TRIPROPIONATE,Inactive,
61137124,NCC1OC(OC2C(N)CC(N)C(O)C2OC2OC(CO)C(O)C2O)C(N)C(O)C1O.O=S(=O)(O)O,RTCDDYYZMGGHOE-UHFFFAOYSA-N,552.1948728319999,-7.305100000000005,0.779595,NCC1OC(OC2C(N)CC(N)C(O)C2OC2OC(CO)C(O)C2O)C(N)C(O)C1O.O=S(=O)(O)O,RIBOSTAMYCIN SULFATE,Inactive,
85397927,O=C(O)CC[N+](=O)[O-],WBLZUCOIBUDNBV-UHFFFAOYSA-N,119.02185764000001,-0.26219999999999977,0.78103,O=C(O)CC[N+](=O)[O-],BOVINOCIDIN,Inactive,
28517032,CCc1nc(N)nc(N)c1-c1ccc(Cl)cc1,WKSAUQYGYAYLPV-UHFFFAOYSA-N,248.08287409599998,2.5238000000000005,0.78418,CCc1nc(N)nc(N)c1-c1ccc(Cl)cc1,PYRIMETHAMINE,Inactive,
55046452,CC1=CC(=O)c2ccccc2C1=O,MJVAVZPDRWSRRC-UHFFFAOYSA-N,172.052429496,2.0119000000000002,0.786255,CC1=CC(=O)c2ccccc2C1=O,MENADIONE,Inactive,
82472383,CNC(C)C1CCC(N)C(OC2C(N)CC(N)C(OC3OCC(C)(O)C(NC)C3O)C2O)O1.O=S(=O)(O)O,NWQISSNHRDDWRM-UHFFFAOYSA-N,575.2836282599999,-3.980299999999999,0.78634,CNC(C)C1CCC(N)C(OC2C(N)CC(N)C(OC3OCC(C)(O)C(NC)C3O)C2O)O1.O=S(=O)(O)O,GENTAMICIN SULFATE,Inactive,
28884141,CN(C)CCOC(C)(c1ccccc1)c1ccccn1.O=C(O)CCC(=O)O,KBAUFVUYFNWQFM-UHFFFAOYSA-N,388.1998219959999,2.8591000000000006,0.78665,CN(C)CCOC(C)(c1ccccc1)c1ccccn1.O=C(O)CCC(=O)O,DOXYLAMINE SUCCINATE,Inactive,
10043589,O=C1C=CC(=O)c2c(O)cccc21,KQPYUDDGWXQXHS-UHFFFAOYSA-N,174.031694052,1.3274,0.79133,O=C1C=CC(=O)c2c(O)cccc21,JUGLONE,Inactive,
99349341,Clc1ccc2c(c1)C(N1CCNCC1)=Nc1ccccc1O2,QWGDMFLQWFTERH-UHFFFAOYSA-N,313.09818981199993,3.4292000000000025,0.792665,Clc1ccc2c(c1)C(N1CCNCC1)=Nc1ccccc1O2,AMOXAPINE,Inactive,
65172071,COc1cc2c(cc1OC)C1C(=O)c3ccc4oc(C(C)C)cc4c3OC1CO2,DJDRQIXLFYUYAA-UHFFFAOYSA-N,394.14163842399995,4.693300000000004,0.794655,COc1cc2c(cc1OC)C1C(=O)c3ccc4oc(C(C)C)cc4c3OC1CO2,ISOROTENONE,Inactive,
32439929,CCOc1nc2cccc(C(=O)OC(C)OC(=O)OC3CCCCC3)c2n1Cc1ccc(-c2ccccc2-c2nnn[nH]2)cc1,GHOSNRCGJFBJIB-UHFFFAOYSA-N,610.253982808,6.319100000000007,0.795055,CCOc1nc2cccc(C(=O)OC(C)OC(=O)OC3CCCCC3)c2n1Cc1ccc(-c2ccccc2-c2nnn[nH]2)cc1,CANDESARTAN CILEXTIL,Inactive,
93691195,COc1cc(C=Cc2ccc(O)cc2)cc(OC)c1,VLEUZFDZJKSGMX-UHFFFAOYSA-N,256.10994437200003,3.5798000000000023,0.795585,COc1cc(C=Cc2ccc(O)cc2)cc(OC)c1,PTEROSTILBENE,Inactive,
31903153,CC(C)=CCC1=C(O)C(=O)c2ccccc2C1=O,CIEYTVIYYGTCCI-UHFFFAOYSA-N,242.094294308,3.234000000000001,0.79581,CC(C)=CCC1=C(O)C(=O)c2ccccc2C1=O,LAPACHOL,Inactive,
91504517,COc1cc(C)c(C=CC=CC=CC=CC(=O)O)c(C)c1C,CVIWFCMUUNYSFR-UHFFFAOYSA-N,298.15689456399997,4.386860000000004,0.796725,COc1cc(C)c(C=CC=CC=CC=CC(=O)O)c(C)c1C,ACITRETIN,Inactive,
71045503,C=CCOC(Cn1ccnc1)c1ccc(Cl)cc1Cl.O=S(=O)(O)O,XVTXMTOYQVRHSK-UHFFFAOYSA-N,394.0156979719998,3.4810000000000016,0.79686,C=CCOC(Cn1ccnc1)c1ccc(Cl)cc1Cl.O=S(=O)(O)O,ENILCONAZOLE SULFATE,Inactive,
85922843,CC(=O)OCC1=C(C(=O)[O-])N2C(=O)C(NC(=O)CSc3ccncc3)C2SC1.[Na+],VGEOUKPOQQEQSX-UHFFFAOYSA-M,445.037821512,-3.8552999999999953,0.79701,CC(=O)OCC1=C(C(=O)[O-])N2C(=O)C(NC(=O)CSc3ccncc3)C2SC1.[Na+],CEPHAPIRIN SODIUM,Inactive,
10076020,CC(C)c1nc(CN(C)C(=O)NC(C(=O)NC(Cc2ccccc2)CC(O)C(Cc2ccccc2)NC(=O)OCc2cncs2)C(C)C)cs1,NCDNCNXCDXHOMX-UHFFFAOYSA-N,720.3127606359999,5.905200000000005,0.797315,CC(C)c1nc(CN(C)C(=O)NC(C(=O)NC(Cc2ccccc2)CC(O)C(Cc2ccccc2)NC(=O)OCc2cncs2)C(C)C)cs1,RITONAVIR,Inactive,
11207832,CCN1CCCC1CNC(=O)c1cc(S(=O)(=O)CC)c(N)cc1OC,NTJOBXMMWNYJFB-UHFFFAOYSA-N,369.172227344,1.2851000000000006,0.79732,CCN1CCCC1CNC(=O)c1cc(S(=O)(=O)CC)c(N)cc1OC,AMISULPRIDE,Inactive,
10980756,CC1(C)C(=O)C=CC2(C)C1CC(O)C1(C)C2CCC2(C)C(c3ccoc3)OC(=O)C3OC321,HCEYJYMNIQHPPK-UHFFFAOYSA-N,440.2198887439999,3.989900000000003,0.797455,CC1(C)C(=O)C=CC2(C)C1CC(O)C1(C)C2CCC2(C)C(c3ccoc3)OC(=O)C3OC321,DEACETYLGEDUNIN,Inactive,
74544990,COc1ccccc1N1CCN(CC(O)COc2cccc3ccccc23)CC1,HRRBJVNMSRJFHQ-UHFFFAOYSA-N,392.209992756,3.410300000000002,0.799835,COc1ccccc1N1CCN(CC(O)COc2cccc3ccccc23)CC1,NAFTOPIDIL,Inactive,
15398558,COc1ccccc1OCCNCC(O)COc1cccc2[nH]c3ccccc3c12,OGHNVEJMJSYVRP-UHFFFAOYSA-N,406.189257312,3.738000000000002,0.80021,COc1ccccc1OCCNCC(O)COc1cccc2[nH]c3ccccc3c12,CARVEDILOL,Inactive,
73470920,C#CCCCCCCCCCCCC(O)CC(O)CO,OHLQBKZXSJYBMK-UHFFFAOYSA-N,284.235144884,3.0149000000000012,0.800635,C#CCCCCCCCCCCCC(O)CC(O)CO,AVOCADYNE,Inactive,
96282588,O=C(OC1Cc2c(O)cc(O)cc2OC1c1cc(O)c(O)c(O)c1)c1cc(O)c(O)c(O)c1,WMBWREPUVVBILR-UHFFFAOYSA-N,458.0849113959999,2.233199999999999,0.801255,O=C(OC1Cc2c(O)cc(O)cc2OC1c1cc(O)c(O)c(O)c1)c1cc(O)c(O)c(O)c1,EPIGALLOCATECHIN-3-MONOGALLATE,Inactive,
10955155,O=[N+]([O-])c1ccc(O)c([N+](=O)[O-])c1,UFBJCMHMOXMLKC-UHFFFAOYSA-N,184.012021228,1.2086,0.80158,O=[N+]([O-])c1ccc(O)c([N+](=O)[O-])c1,"2,4-DINITROPHENOL",Inactive,
19970211,COc1ccc(C=CC(=O)c2ccc(O)cc2O)cc1,ADRQFDIWPRFKSP-UHFFFAOYSA-N,270.089208928,3.0025000000000013,0.8023,COc1ccc(C=CC(=O)c2ccc(O)cc2O)cc1,"2',4'-DIHYDROXY-4-METHOXYCHALCONE",Inactive,
38629194,CNc1ccccc1C(=O)O,WVMBPWMAQDVZCM-UHFFFAOYSA-N,151.063328528,1.4264999999999999,0.802425,CNc1ccccc1C(=O)O,N-METHYLANTHRANILIC ACID,Inactive,
78658655,CC(C)C(=O)Oc1ccc(CO)cc1C(CCN(C(C)C)C(C)C)c1ccccc1.O=C(O)C=CC(=O)O,MWHXMIASLKXGBU-UHFFFAOYSA-N,527.2883026519999,5.092900000000004,0.804,CC(C)C(=O)Oc1ccc(CO)cc1C(CCN(C(C)C)C(C)C)c1ccccc1.O=C(O)C=CC(=O)O,FESOTERODINE FUMARATE,Inactive,
79399535,CCN(CC)C(C)CN1c2ccccc2Sc2ccccc21.Cl,VXPCQISYVPFYRK-UHFFFAOYSA-N,348.14269748,5.441400000000005,0.804295,CCN(CC)C(C)CN1c2ccccc2Sc2ccccc21.Cl,ETHOPROPAZINE HYDROCHLORIDE,Inactive,
35352352,COc1c2ccoc2c(OC)c2oc(=O)ccc12,DFMAXQKDIGCMTL-UHFFFAOYSA-N,246.05282342,2.556400000000001,0.804465,COc1c2ccoc2c(OC)c2oc(=O)ccc12,ISOPIMPINELLIN,Inactive,
11097952,Nc1nc(N)c2nc(-c3ccccc3)c(N)nc2n1,FNYLWPVRPXGIIP-UHFFFAOYSA-N,253.10759335199998,0.8334000000000001,0.80537,Nc1nc(N)c2nc(-c3ccccc3)c(N)nc2n1,TRIAMTERENE,Inactive,
10650272,COc1c(O)cc2oc3cc(O)c(CC=C(C)C)c(O)c3c(=O)c2c1CC=C(C)C,GNRIZKKCNOBBMO-UHFFFAOYSA-N,410.17293855199995,5.089000000000003,0.806475,COc1c(O)cc2oc3cc(O)c(CC=C(C)C)c(O)c3c(=O)c2c1CC=C(C)C,alpha-MANGOSTIN,Inactive,
41869868,N#Cc1c(Cl)c(Cl)c(Cl)c(C#N)c1Cl,CRQQGFGUEAVUIL-UHFFFAOYSA-N,263.88155872,4.04356,0.80708,N#Cc1c(Cl)c(Cl)c(Cl)c(C#N)c1Cl,CHLOROTHALONIL,Inactive,
11243605,Cc1cn(C2C=CC(CO)O2)c(=O)[nH]c1=O,XNKLLVCARDGLGL-UHFFFAOYSA-N,224.079706864,-0.7090799999999999,0.80759,Cc1cn(C2C=CC(CO)O2)c(=O)[nH]c1=O,STAVUDINE,Inactive,
91756397,N#CC(c1ccc(Cl)cc1)c1c(Cl)cc(-n2ncc(=O)[nH]c2=O)cc1Cl,ZSZFUDFOPOMEET-UHFFFAOYSA-N,405.979108568,3.536480000000002,0.80824,N#CC(c1ccc(Cl)cc1)c1c(Cl)cc(-n2ncc(=O)[nH]c2=O)cc1Cl,DICLAZURIL,Inactive,
21240306,CCCC1CC(C(=O)NC(C(C)Cl)C2OC(SC)C(O)C(O)C2O)N(C)C1.Cl,AUODDLQVRAJAJM-UHFFFAOYSA-N,460.15654854799993,0.8112999999999992,0.80947,CCCC1CC(C(=O)NC(C(C)Cl)C2OC(SC)C(O)C(O)C2O)N(C)C1.Cl,CLINDAMYCIN HYDROCHLORIDE,Inactive,
13856050,Cc1ccc(-c2cc(C(F)(F)F)nn2-c2ccc(S(N)(=O)=O)cc2)cc1,RZEKVGVHFLEQIL-UHFFFAOYSA-N,381.07588234799994,3.5139200000000006,0.81145,Cc1ccc(-c2cc(C(F)(F)F)nn2-c2ccc(S(N)(=O)=O)cc2)cc1,CELECOXIB,Inactive,
45531154,COc1cc(OC)c2c(c1)OC(c1ccccc1)CC2=O,IAFBOKYTDSDNHV-UHFFFAOYSA-N,284.104858992,3.410300000000002,0.8116,COc1cc(OC)c2c(c1)OC(c1ccccc1)CC2=O,ALPINETIN METHYL ETHER,Inactive,
32873346,O=C(OCc1ccccc1)c1cccnc1,KVYGGMBOZFWZBQ-UHFFFAOYSA-N,213.078978592,2.4386,0.81374,O=C(OCc1ccccc1)c1cccnc1,BENZYL NICOTINATE,Inactive,
23573091,CC(Cc1cccc(C(F)(F)F)c1)NCCOC(=O)c1ccccc1.Cl,NLOALSPYZIIXEO-UHFFFAOYSA-N,387.121291252,4.504800000000004,0.81548,CC(Cc1cccc(C(F)(F)F)c1)NCCOC(=O)c1ccccc1.Cl,BENFLUOREX HYDROCHLORIDE,Inactive,
98292921,COC(C)(C)CCCC(C)CC=CC(C)=CC(=O)OC(C)C,NFGXHKASABOEEW-UHFFFAOYSA-N,310.25079494799996,5.062000000000006,0.81555,COC(C)(C)CCCC(C)CC=CC(C)=CC(=O)OC(C)C,METHOPRENE (S),Inactive,
11432592,C=C1C(CO)C(O)CC1n1cnc2c(=O)[nH]c(N)nc21.O,YXPVEXCTPGULBZ-UHFFFAOYSA-N,295.128054024,-1.6524999999999994,0.81568,C=C1C(CO)C(O)CC1n1cnc2c(=O)[nH]c(N)nc21.O,ENTECAVIR MONOHYDRATE,Inactive,
60187623,C#CC1(O)CCC2C3CCc4cc(O)ccc4C3CCC21C,BFPYWIDHMRZLRN-UHFFFAOYSA-N,296.177630008,3.6126000000000023,0.81703,C#CC1(O)CCC2C3CCc4cc(O)ccc4C3CCC21C,ETHINYL ESTRADIOL,Inactive,
81523399,COC1C(O)CC(=O)OC(C)CC=CC=CC(OC2CCC(N(C)C)C(C)O2)C(C)CC(CC=O)C1OC1OC(C)C(OC2CC(C)(O)C(O)C(C)O2)C(N(C)C)C1O,ACTOXUHEUCPTEW-UHFFFAOYSA-N,842.5140050480001,2.3251000000000075,0.819255,COC1C(O)CC(=O)OC(C)CC=CC=CC(OC2CCC(N(C)C)C(C)O2)C(C)CC(CC=O)C1OC1OC(C)C(OC2CC(C)(O)C(O)C(C)O2)C(N(C)C)C1O,SPIRAMYCIN,Inactive,
25010663,CSc1nc2cc(Cl)c(Oc3cccc(Cl)c3Cl)cc2[nH]1,NQPDXQQQCQDHHW-UHFFFAOYSA-N,357.9501169480001,6.037300000000002,0.81989,CSc1nc2cc(Cl)c(Oc3cccc(Cl)c3Cl)cc2[nH]1,TRICLABENDAZOLE,Inactive,
31610000,CN(C)CCC=C1c2ccccc2C=Cc2ccccc21.Cl,VXEAYBOGHINOKW-UHFFFAOYSA-N,311.144077384,4.9756000000000045,0.820225,CN(C)CCC=C1c2ccccc2C=Cc2ccccc21.Cl,CYCLOBENZAPRINE HYDROCHLORIDE,Inactive,
30718252,O=C(O)Cc1ccc(-c2ccccc2)cc1,QRZAKQDHEVVFRX-UHFFFAOYSA-N,212.083729624,2.9807000000000015,0.82088,O=C(O)Cc1ccc(-c2ccccc2)cc1,FELBINAC,Inactive,
82978149,COc1c(-c2coc3cc4c(cc3c2=O)CC(O)C(C)(C)O4)ccc2c1C=CC(C)(C)O2,KJTDZAHLWHEULN-UHFFFAOYSA-N,434.17293855199995,4.727200000000005,0.8212,COc1c(-c2coc3cc4c(cc3c2=O)CC(O)C(C)(C)O4)ccc2c1C=CC(C)(C)O2,MUNDULONE,Inactive,
44152324,CC(CCC(=O)O)C1CCC2C3CCC4CC(O)CCC4(C)C3CCC12C,SMEROWZSTRWXGI-UHFFFAOYSA-N,376.29774513999996,5.507100000000006,0.822145,CC(CCC(=O)O)C1CCC2C3CCC4CC(O)CCC4(C)C3CCC12C,LITHOCHOLIC ACID,Inactive,
43738261,S=c1[nH]cnc2nc[nH]c12,GLVAUDGFNGKCSF-UHFFFAOYSA-N,152.015667128,1.0154899999999998,0.82224,S=c1[nH]cnc2nc[nH]c12,MERCAPTOPURINE,Inactive,
10417842,O=C(C=Cc1ccccc1)c1ccc(O)cc1,UAHGNXFYLAJDIN-UHFFFAOYSA-N,224.083729624,3.2883000000000013,0.82298,O=C(C=Cc1ccccc1)c1ccc(O)cc1,4'-HYDROXYCHALCONE,Inactive,
95337471,Cc1ccccc1C(=O)Nc1ccc(C(=O)N2CCCC(O)c3cc(Cl)ccc32)c(C)c1,GYHCTFXIZSNGJT-UHFFFAOYSA-N,448.15537034,5.683140000000005,0.82304,Cc1ccccc1C(=O)Nc1ccc(C(=O)N2CCCC(O)c3cc(Cl)ccc32)c(C)c1,TOLVAPTAN,Inactive,
10920823,CNCC(O)c1ccc(O)cc1,YRCWQPVGYLYSOX-UHFFFAOYSA-N,167.094628656,0.645,0.82357,CNCC(O)c1ccc(O)cc1,OXEDRINE,Inactive,
90134625,O=c1c(O)c(-c2ccc(O)c(O)c2)oc2cc(O)ccc12,XHEFDIBZLJXQHF-UHFFFAOYSA-N,286.04773804,2.282400000000001,0.824765,O=c1c(O)c(-c2ccc(O)c(O)c2)oc2cc(O)ccc12,FISETIN,Inactive,
19523323,Cc1ccnc(NS(=O)(=O)c2ccc(N)cc2)n1,QPPBRPIAZZHUNT-UHFFFAOYSA-N,264.068096624,1.16802,0.825695,Cc1ccnc(NS(=O)(=O)c2ccc(N)cc2)n1,SULFAMERAZINE,Inactive,
14319164,CCCCCCCCCCCC(CC1OC(=O)C1CCCCCC)OC(=O)C(CC(C)C)NC=O,AHLBNYSZXLDEJQ-UHFFFAOYSA-N,495.39237379599996,6.881900000000007,0.827585,CCCCCCCCCCCC(CC1OC(=O)C1CCCCCC)OC(=O)C(CC(C)C)NC=O,ORLISTAT,Inactive,
51404832,C=C(C)C1CCC2(C)CCC3(C)C(CCC4C5(C)CCC(OC(C)=O)C(C)(C)C5CCC43C)C12,ODSSDTBFHAYYMD-UHFFFAOYSA-N,468.3967309039999,8.595600000000006,0.828735,C=C(C)C1CCC2(C)CCC3(C)C(CCC4C5(C)CCC(OC(C)=O)C(C)(C)C5CCC43C)C12,LUPEOL ACETATE,Inactive,
94325157,Cc1nc(-c2ccc(OCC(C)C)c(C#N)c2)sc1C(=O)O,BQSJTQLCZDPROO-UHFFFAOYSA-N,316.08816337199994,3.723200000000002,0.83124,Cc1nc(-c2ccc(OCC(C)C)c(C#N)c2)sc1C(=O)O,FEBUXOSTAT,Inactive,
65120478,N=C(N)NOCCC(N)C(=O)O,FSBIGDSBMBYOPN-UHFFFAOYSA-N,176.090940244,-1.7969299999999988,0.83165,N=C(N)NOCCC(N)C(=O)O,CANAVANINE,Inactive,
23173986,CCC(Cc1c(I)cc(I)c(N)c1I)C(=O)O,OIRFJRBSRORBCM-UHFFFAOYSA-N,570.8002226240001,3.7359000000000018,0.83173,CCC(Cc1c(I)cc(I)c(N)c1I)C(=O)O,IOPANIC ACID,Inactive,
11146605,c1ccc2c(c1)[nH]c1cnccc12,AIFRHYZBTHREPW-UHFFFAOYSA-N,168.068748256,2.7161,0.832055,c1ccc2c(c1)[nH]c1cnccc12,NORHARMAN,Inactive,
61892884,CCC(=O)OCC(=O)C1(OC(=O)CC)C(C)CC2C3CCC4=CC(=O)C=CC4(C)C3(F)C(O)CC21C,CIWBQSYVNNPZIQ-UHFFFAOYSA-N,504.252331744,3.8175000000000026,0.83209,CCC(=O)OCC(=O)C1(OC(=O)CC)C(C)CC2C3CCC4=CC(=O)C=CC4(C)C3(F)C(O)CC21C,"BETAMETHASONE 17,21-DIPROPIONATE",Inactive,
10214292,N=C1NC(=O)N2CC12,BIXBBIPTYBJTRY-UHFFFAOYSA-N,111.04326178,-0.62893,0.83218,N=C1NC(=O)N2CC12,IMEXON,Inactive,
38428954,CC(=O)Oc1ccc(C=Cc2cc(OC(C)=O)cc(OC(C)=O)c2)cc1,PDAYUJSOJIMKIS-UHFFFAOYSA-N,354.11033829599995,3.632900000000002,0.83225,CC(=O)Oc1ccc(C=Cc2cc(OC(C)=O)cc(OC(C)=O)c2)cc1,TRIACETYLRESVERATROL,Inactive,
44999372,CN(Cc1cc(Br)cc(Br)c1N)C1CCCCC1.Cl,UCDKONUHZNTQPY-UHFFFAOYSA-N,409.9760005520001,4.980100000000004,0.83238,CN(Cc1cc(Br)cc(Br)c1N)C1CCCCC1.Cl,BROMHEXINE HYDROCHLORIDE,Inactive,
10030844,COc1ccc(-c2cc(=O)c3c(OC)c(OC)c(OC)c(OC)c3o2)cc1OC,MRIAQLRQZPPODS-UHFFFAOYSA-N,402.13146766399996,3.5116000000000023,0.83375,COc1ccc(-c2cc(=O)c3c(OC)c(OC)c(OC)c(OC)c3o2)cc1OC,NOBILETIN,Inactive,
41580020,O=C(O)CCCCCCCCCCCCC1C=CCC1,XMVQWNRDPAAMJB-UHFFFAOYSA-N,280.240230264,5.718400000000007,0.83381,O=C(O)CCCCCCCCCCCCC1C=CCC1,CHAULMOOGRIC ACID,Inactive,
65693119,O=C(O)CCc1nc2ccccc2[nH]1,XYWJNTOURDMTPI-UHFFFAOYSA-N,190.07422756,1.5800999999999998,0.83559,O=C(O)CCc1nc2ccccc2[nH]1,PROCODAZOLE,Inactive,
10213451,Cc1ccc(-c2nc3ccc(C)cn3c2CC(=O)N(C)C)cc1,ZAFYATHCZYHLPB-UHFFFAOYSA-N,307.168462292,3.2488400000000013,0.835605,Cc1ccc(-c2nc3ccc(C)cn3c2CC(=O)N(C)C)cc1,ZOLPIDEM,Inactive,
11676769,COc1cc(NC(C)CCCN)c2ncccc2c1.O=P(O)(O)O.O=P(O)(O)O,GJOHLWZHWQUKAU-UHFFFAOYSA-N,455.12225270399983,0.9255000000000004,0.836055,COc1cc(NC(C)CCCN)c2ncccc2c1.O=P(O)(O)O.O=P(O)(O)O,PRIMAQUINE PHOSPHATE,Inactive,
42247465,CC(CN1c2ccccc2Sc2ccccc21)N(C)C.Cl,XXPDBLUZJRXNNZ-UHFFFAOYSA-N,320.111397352,4.6612000000000045,0.83703,CC(CN1c2ccccc2Sc2ccccc21)N(C)C.Cl,PROMETHAZINE HYDROCHLORIDE,Inactive,
55165394,O=C([O-])CCCc1ccccc1.[Na+],VPZRWNZGLKXFOE-UHFFFAOYSA-M,186.065673872,-2.236799999999998,0.83715,O=C([O-])CCCc1ccccc1.[Na+],SODIUM PHENYLBUTYRATE,Inactive,
70785955,CNC(=O)Oc1ccc2c(c1)C1(C)CCN(C)C1N2C.O=S(=O)(O)O,LLIODTIILSCNOH-UHFFFAOYSA-N,373.130756456,1.1211000000000004,0.83938,CNC(=O)Oc1ccc2c(c1)C1(C)CCN(C)C1N2C.O=S(=O)(O)O,PHYSOSTIGMINE SULFATE,Inactive,
10693564,COc1ccc2c(c1)OCC(Cc1ccc(OC)c(O)c1)C2=O,NGCXNVIQHUCZIT-UHFFFAOYSA-N,314.115423676,2.8434000000000017,0.83942,COc1ccc2c(c1)OCC(Cc1ccc(OC)c(O)c1)C2=O,"DEOXYSAPPANONE B 7,4'-DIMETHYL ETHER",Inactive,
85525712,O=c1oc2c(O)c(O)cc3c(=O)oc4c(O)c(O)cc1c4c23,AFSDNFLWKVMVRB-UHFFFAOYSA-N,302.006267152,1.3127999999999997,0.839945,O=c1oc2c(O)c(O)cc3c(=O)oc4c(O)c(O)cc1c4c23,ELLAGIC ACID,Inactive,
58646702,CCCOc1ccc(C(=O)OCCN(CC)CC)cc1N.Cl,BFUUJUGQJUTPAF-UHFFFAOYSA-N,330.17102040400005,2.978000000000001,0.840415,CCCOc1ccc(C(=O)OCCN(CC)CC)cc1N.Cl,PROPARACAINE HYDROCHLORIDE,Inactive,
12460091,CC(=O)C1C(=O)C=C(C)OC1=O,PGRHXDWITVMQBC-UHFFFAOYSA-N,168.042258736,0.22130000000000005,0.84095,CC(=O)C1C(=O)C=C(C)OC1=O,DEHYDROACETIC ACID,Inactive,
49130007,CC(=O)O.Cc1c(-c2ccc(O)cc2)n(Cc2ccc(OCCN3CCCCCC3)cc2)c2ccc(O)cc12,OMZAMQFQZMUNTP-UHFFFAOYSA-N,530.278072316,6.421920000000007,0.841655,CC(=O)O.Cc1c(-c2ccc(O)cc2)n(Cc2ccc(OCCN3CCCCCC3)cc2)c2ccc(O)cc12,BAZEDOXIFENE ACETATE,Inactive,
90741016,O=c1n(Cl)c(=O)n(Cl)c(=O)n1Cl,YRIZYWQGELRKNT-UHFFFAOYSA-N,230.9005239,-0.8226,0.842675,O=c1n(Cl)c(=O)n(Cl)c(=O)n1Cl,SYMCLOSENE,Inactive,
73886776,COc1c(O)cccc1O,QFYYAIBEHOEZKC-UHFFFAOYSA-N,140.047344116,1.1063999999999996,0.842975,COc1c(O)cccc1O,2-METHOXYRESORCINOL,Inactive,
70810924,CCOc1cc(CC(=O)NC(CC(C)C)c2ccccc2N2CCCCC2)ccc1C(=O)O,FAEKWTJYAYMJKF-UHFFFAOYSA-N,452.267507632,5.219900000000005,0.843745,CCOc1cc(CC(=O)NC(CC(C)C)c2ccccc2N2CCCCC2)ccc1C(=O)O,REPAGLINIDE,Inactive,
78589373,CC(C)CCCC(C)C1CCC2C3CC(=O)C4CC(O)CCC4(C)C3CCC12C,JQMQKOQOLPGBBE-UHFFFAOYSA-N,402.349780712,6.647600000000009,0.84396,CC(C)CCCC(C)C1CCC2C3CC(=O)C4CC(O)CCC4(C)C3CCC12C,5alpha-CHOLESTAN-3beta-OL-6-ONE,Inactive,
82780550,CN1CCN(CCCN2c3ccccc3Sc3ccc(Cl)cc32)CC1.O=S(=O)(O)CCS(=O)(=O)O,SWOUGRBFXFILIB-UHFFFAOYSA-N,563.0985263599999,3.342200000000001,0.844185,CN1CCN(CCCN2c3ccccc3Sc3ccc(Cl)cc32)CC1.O=S(=O)(O)CCS(=O)(=O)O,PROCHLORPERAZINE EDISYLATE,Inactive,
98996125,Cl.Fc1ccc(C2CCNCC2COc2ccc3c(c2)OCO3)cc1,GELRVIPPMNMYGS-UHFFFAOYSA-N,365.11939943199997,3.748300000000002,0.844415,Cl.Fc1ccc(C2CCNCC2COc2ccc3c(c2)OCO3)cc1,PAROXETINE HYDROCHLORIDE,Inactive,
89954262,COc1ccc2cc1Oc1ccc(cc1)CC1c3c(cc4c(c3Oc3cc5c(cc3OC)CCN(C)C5C2)OCO4)CCN1C,YVPXVXANRNDGTA-UHFFFAOYSA-N,606.2729869359999,6.873900000000009,0.844485,COc1ccc2cc1Oc1ccc(cc1)CC1c3c(cc4c(c3Oc3cc5c(cc3OC)CCN(C)C5C2)OCO4)CCN1C,CEPHARANTHINE,Inactive,
11479197,COC1CC(OC2C(C)=CCC3CC(CC4(CCC(C)C(C5CCCCC5)O4)O3)OC(=O)C3C=C(C)C(=NO)C4OCC(=CC=CC2C)C34O)OC(C)C1O,AFJYYKSVHJGXSN-UHFFFAOYSA-N,769.4401118359999,6.069800000000008,0.84639,COC1CC(OC2C(C)=CCC3CC(CC4(CCC(C)C(C5CCCCC5)O4)O3)OC(=O)C3C=C(C)C(=NO)C4OCC(=CC=CC2C)C34O)OC(C)C1O,SELAMECTIN,Inactive,
54397532,COc1cc(C=CC(=O)O)ccc1O,KSEBMYQBYZTDHS-UHFFFAOYSA-N,194.0579088,1.4986,0.84644,COc1cc(C=CC(=O)O)ccc1O,FERULIC ACID,Inactive,
37727657,CCC(c1cccc(O)c1)C(C)CN(C)C.Cl,ZELFLGGRLLOERW-UHFFFAOYSA-N,257.154642068,3.505300000000003,0.847215,CCC(c1cccc(O)c1)C(C)CN(C)C.Cl,TAPENTADOL HYDROCHLORIDE,Inactive,
52933413,CC(C)NCC(O)c1cc(O)cc(O)c1,LMOINURANNBYCM-UHFFFAOYSA-N,211.120843404,1.1291999999999998,0.8474,CC(C)NCC(O)c1cc(O)cc(O)c1,METAPROTERENOL,Inactive,
22185018,C#CCCCCCCCCCCCC(O)CC(O)COC(C)=O,JAKAZHIACKJNNB-UHFFFAOYSA-N,326.24570956799994,3.585700000000002,0.8475,C#CCCCCCCCCCCCC(O)CC(O)COC(C)=O,AVOCADYNE ACETATE,Inactive,
57648397,COC(=O)C1=C(C)NC(C)=C(C(=O)OCC(C)C)C1c1ccccc1[N+](=O)[O-],VKQFCGNPDRICFG-UHFFFAOYSA-N,388.16343648799995,3.201800000000002,0.84858,COC(=O)C1=C(C)NC(C)=C(C(=O)OCC(C)C)C1c1ccccc1[N+](=O)[O-],NISOLDIPINE,Inactive,
56190090,CCCCCC1C(=O)OC(C)C(NC(=O)c2cccc(NC=O)c2O)C(=O)OC(C)C1OC(=O)CC(C)C,ZVYMCLIDNNTNCL-UHFFFAOYSA-N,534.2577307959999,3.090300000000001,0.84859,CCCCCC1C(=O)OC(C)C(NC(=O)c2cccc(NC=O)c2O)C(=O)OC(C)C1OC(=O)CC(C)C,ANTIMYCIN A (A1 shown),Inactive,
17112874,CN1C(=O)C(O)N=C(c2ccccc2)c2cc(Cl)ccc21,SEQDDYPDSLOBDC-UHFFFAOYSA-N,300.066555336,2.4722,0.84896,CN1C(=O)C(O)N=C(c2ccccc2)c2cc(Cl)ccc21,TEMAZEPAM,Inactive,
59719187,COc1cc2c(=O)c(-c3ccc4c(c3)OCO4)coc2c2c1OC(C)(C)C=C2,SQBVRNCDBATODN-UHFFFAOYSA-N,378.110338296,4.3815000000000035,0.849005,COc1cc2c(=O)c(-c3ccc4c(c3)OCO4)coc2c2c1OC(C)(C)C=C2,DURMILLONE,Inactive,
97962227,COc1cccc(C(=O)c2ccccc2)c1,VMFJVWPCRCAWBS-UHFFFAOYSA-N,212.083729624,2.9262000000000015,0.849105,COc1cccc(C(=O)c2ccccc2)c1,CEAROIN 3-METHYL ETHER,Inactive,
68663062,Clc1ccc(C(c2ccccc2Cl)C(Cl)Cl)cc1,JWBOIMRXGHLCPP-UHFFFAOYSA-N,317.95366104,5.929000000000002,0.84944,Clc1ccc(C(c2ccccc2Cl)C(Cl)Cl)cc1,MITOTANE,Inactive,
90308719,O=C(OCC(O)CO)c1ccccc1Nc1ccnc2cc(Cl)ccc12,GWOFUCIGLDBNKM-UHFFFAOYSA-N,372.087684704,3.141800000000001,0.849795,O=C(OCC(O)CO)c1ccccc1Nc1ccnc2cc(Cl)ccc12,GLAFENINE,Inactive,
15769992,Cl.NC(Cc1ccc(O)cc1)C(=O)O,JJWFIVDAMOFNPS-UHFFFAOYSA-N,217.050570924,0.7684000000000001,0.84986,Cl.NC(Cc1ccc(O)cc1)C(=O)O,TYROSINE HYDROCHLORIDE,Inactive,
45588709,CC1(C)OC2COC3(COS(N)(=O)=O)OC(C)(C)OC3C2O1,KJADKKWYZYXHBB-UHFFFAOYSA-N,339.098787632,-0.3953999999999982,0.850465,CC1(C)OC2COC3(COS(N)(=O)=O)OC(C)(C)OC3C2O1,TOPIRAMATE,Inactive,
74350411,COc1ccc2c(=O)ccoc2c1,ZIPLCYUNFCYCCT-UHFFFAOYSA-N,176.047344116,1.8016,0.85073,COc1ccc2c(=O)ccoc2c1,7-METHOXYCHROMONE,Inactive,
15926351,O=c1c(-c2ccc(O)cc2)coc2c(C3OC(CO)C(O)C(O)C3O)c(O)ccc12,HKEAFJYKMMKDOR-UHFFFAOYSA-N,416.11073221999993,0.3860999999999998,0.850795,O=c1c(-c2ccc(O)cc2)coc2c(C3OC(CO)C(O)C(O)C3O)c(O)ccc12,PUERARIN,Inactive,
52306803,CCOC(=O)C(CCc1ccccc1)NC(C)C(=O)N1Cc2cc(OC)c(OC)cc2CC1C(=O)O.Cl,JXRAXHBVZQZSIC-UHFFFAOYSA-N,534.2132791399999,3.0061000000000013,0.850925,CCOC(=O)C(CCc1ccccc1)NC(C)C(=O)N1Cc2cc(OC)c(OC)cc2CC1C(=O)O.Cl,MOEXIPRIL HYDROCHLORIDE,Inactive,
17416214,CCCCC(CC)COC(=O)c1ccccc1O,FMRHJJZUHUTGKE-UHFFFAOYSA-N,250.156894564,3.7654000000000036,0.851105,CCCCC(CC)COC(=O)c1ccccc1O,OCTISALATE,Inactive,
19172416,COc1ccc(-c2coc3cc(OC)cc(OC)c3c2=O)cc1,PVVORTURQPBPEQ-UHFFFAOYSA-N,312.099773612,3.485800000000002,0.851635,COc1ccc(-c2coc3cc(OC)cc(OC)c3c2=O)cc1,"5,7,4'-TRIMETHOXYISOFLAVONE",Inactive,
16465674,CC1=CC2C(CC1=O)C2(C)C,CTZWGIMYGKDLPH-UHFFFAOYSA-N,150.104465068,2.1776999999999997,0.851995,CC1=CC2C(CC1=O)C2(C)C,2-CARENE-3-ONE,Inactive,
17738712,CCOC(=O)N1CCC(=C2c3ccc(Cl)cc3CCc3cccnc32)CC1,JCCNYMKQOSZNPW-UHFFFAOYSA-N,382.144805656,4.887800000000005,0.852385,CCOC(=O)N1CCC(=C2c3ccc(Cl)cc3CCc3cccnc32)CC1,LORATADINE,Inactive,
90035406,O=C(O)c1ccc2c(c1)OCO2,VDVJGIYXDVPQLP-UHFFFAOYSA-N,166.026608672,1.1134999999999997,0.85251,O=C(O)c1ccc2c(c1)OCO2,PIPERONYLIC ACID,Inactive,
19526066,CCCC(C)C1(CC)C(=O)N=C([S-])NC1=O.[Na+],AWLILQARPMWUHA-UHFFFAOYSA-M,264.090843064,-1.617699999999997,0.85312,CCCC(C)C1(CC)C(=O)N=C([S-])NC1=O.[Na+],THIOPENTAL SODIUM,Inactive,
11452537,CC(O)(CC(=O)O)CC(=O)O,NPOAOTPXWNWTSH-UHFFFAOYSA-N,162.05282342,-0.3132,0.85529,CC(O)(CC(=O)O)CC(=O)O,MEGLUTOL,Inactive,
10226532,Nc1ccc(S(=O)(=O)Nc2ccnn2-c2ccccc2)cc1,QWCJHSGMANYXCW-UHFFFAOYSA-N,314.08374668799996,2.2553,0.85563,Nc1ccc(S(=O)(=O)Nc2ccnn2-c2ccccc2)cc1,SULFAPHENAZOLE,Inactive,
11453769,COc1ccc(C(C)C(=O)c2ccc(O)cc2O)cc1,CCOJFDRSZSSKOG-UHFFFAOYSA-N,272.104858992,3.092800000000002,0.85613,COc1ccc(C(C)C(=O)c2ccc(O)cc2O)cc1,ANGOLENSIN (R),Inactive,
46927055,CCCCOc1ccc(CC(=O)NO)cc1,MXJWRABVEGLYDG-UHFFFAOYSA-N,223.120843404,1.9134,0.85675,CCCCOc1ccc(CC(=O)NO)cc1,BUFEXAMAC,Inactive,
31475358,CCC(C)C(C(=O)OCC[N+](C)(CC)CC)c1ccccc1.[Br-],CEJGGHKJHDHLAZ-UHFFFAOYSA-M,385.161641364,0.8499000000000017,0.85746,CCC(C)C(C(=O)OCC[N+](C)(CC)CC)c1ccccc1.[Br-],VALETHAMATE BROMIDE,Inactive,
18994356,CCCCCCCCCCCCCCCC(=O)OCC=C(C)C=CC=C(C)C=CC1=C(C)CCCC1(C)C,VYGQUTWHTHXGQB-UHFFFAOYSA-N,524.45933116,11.542499999999986,0.857705,CCCCCCCCCCCCCCCC(=O)OCC=C(C)C=CC=C(C)C=CC1=C(C)CCCC1(C)C,RETINYL PALMITATE,Inactive,
60006572,Nc1nc2ncc(=O)[nH]c2c(=O)[nH]1,VURKRJGMSKJIQX-UHFFFAOYSA-N,179.0443244,-1.4114000000000007,0.857875,Nc1nc2ncc(=O)[nH]c2c(=O)[nH]1,XANTHOPTERIN,Inactive,
45089598,CC(CCC(=O)O)C1CCC2C3CCC4CC(O)CCC4(C)C3CC(O)C12C,KXGVEGMKQFWNSR-UHFFFAOYSA-N,392.29265975999994,4.477900000000005,0.858705,CC(CCC(=O)O)C1CCC2C3CCC4CC(O)CCC4(C)C3CC(O)C12C,DEOXYCHOLIC ACID,Inactive,
21987690,CC(=O)NC(Cc1ccccc1)C(=O)O,CBQJSKKFNMDLON-UHFFFAOYSA-N,207.089543276,0.8183999999999998,0.85876,CC(=O)NC(Cc1ccccc1)C(=O)O,AFALANINE,Inactive,
29828597,CC(C)c1cccc(C(C)C)c1O,OLBCVFGFOZPWHH-UHFFFAOYSA-N,178.135765196,3.6390000000000025,0.858835,CC(C)c1cccc(C(C)C)c1O,PROPOFOL,Inactive,
58679613,CCCCOCCOCCOCc1cc2c(cc1CCC)OCO2,FIPWRIJSWJWJAI-UHFFFAOYSA-N,338.2093240599999,3.7177000000000024,0.859345,CCCCOCCOCCOCc1cc2c(cc1CCC)OCO2,PIPERONYL BUTOXIDE,Inactive,
58751177,CCN(CC)CCOc1ccc(C(=C(Cl)c2ccccc2)c2ccccc2)cc1.O=C(O)CC(O)(CC(=O)O)C(=O)O,PYTMYKVIJXPNBD-UHFFFAOYSA-N,597.2129447919999,5.314100000000005,0.859985,CCN(CC)CCOc1ccc(C(=C(Cl)c2ccccc2)c2ccccc2)cc1.O=C(O)CC(O)(CC(=O)O)C(=O)O,CLOMIPHENE CITRATE,Inactive,
65314068,COc1ccc(-n2nc(CCC(=O)N(C)O)cc2-c2ccc(Cl)cc2)cc1,XYKWNRUXCOIMFZ-UHFFFAOYSA-N,385.11931918,3.9815000000000023,0.86075,COc1ccc(-n2nc(CCC(=O)N(C)O)cc2-c2ccc(Cl)cc2)cc1,TEPOXALIN,Inactive,
56270100,Nc1nc(S)c2nc[nH]c2n1,WYWHKKSPHMUBEB-UHFFFAOYSA-N,167.02656616,0.2237999999999999,0.86076,Nc1nc(S)c2nc[nH]c2n1,TIOGUANINE,Inactive,
89425968,COc1ccc(C(C)=O)c(O)c1,UILPJVPSNHJFIK-UHFFFAOYSA-N,166.06299418,1.6034,0.860815,COc1ccc(C(C)=O)c(O)c1,PAEONOL,Inactive,
36336219,CC(C)c1cc2c(c(O)c1O)C1(C(=O)O)CCCC(C)(C)C1CC2,QRYRORQUOLYVBU-UHFFFAOYSA-N,332.198759376,4.316100000000004,0.86132,CC(C)c1cc2c(c(O)c1O)C1(C(=O)O)CCCC(C)(C)C1CC2,CARNOSIC ACID,Inactive,
92828422,O=C([O-])c1ccccc1-c1c2cc(I)c(=O)c(I)c-2oc2c(I)c([O-])c(I)cc12.[Na+].[Na+],IINNWAYUJNWZRM-UHFFFAOYSA-L,879.6189538520001,-1.5716999999999999,0.86148,O=C([O-])c1ccccc1-c1c2cc(I)c(=O)c(I)c-2oc2c(I)c([O-])c(I)cc12.[Na+].[Na+],ERYTHROSINE SODIUM,Inactive,
87925522,COC1C(C(=O)O)OC(C)C(O)C1O.COC1OC(C(=O)O)C(O)C(O)C1O,IJOSDFFZUBPEOH-UHFFFAOYSA-N,414.1373408919999,-3.8798999999999952,0.861715,COC1C(C(=O)O)OC(C)C(O)C1O.COC1OC(C(=O)O)C(O)C(O)C1O,"ALGINIC ACID [Mol Wt ~200,000; monomers shown]",Inactive,
38020515,C[N+](C)(C)CCCCCC[N+](C)(C)C.[Br-].[Br-],FAPSXSAPXXJTOU-UHFFFAOYSA-L,360.07757316,-4.032799999999993,0.861725,C[N+](C)(C)CCCCCC[N+](C)(C)C.[Br-].[Br-],HEXAMETHONIUM BROMIDE,Inactive,
78651257,CC12CCC3C(CCC4CC(=O)CCC43C)C1CCC2=O,RAJWOBJTTGJROA-UHFFFAOYSA-N,288.208930136,4.167300000000004,0.86197,CC12CCC3C(CCC4CC(=O)CCC43C)C1CCC2=O,"5alpha-ANDROSTAN-3,17-DIONE",Inactive,
94569870,CC(C)(C)NCC(O)COc1ccccc1C1CCCC1.O=S(=O)(O)O,KTXVDQNRHZQBOR-UHFFFAOYSA-N,389.1872087119999,2.8192000000000004,0.86272,CC(C)(C)NCC(O)COc1ccccc1C1CCCC1.O=S(=O)(O)O,PENBUTOLOL SULFATE,Inactive,
68151575,CC(=O)c1c(O)cc(O)cc1O,XLEYFDVVXLMULC-UHFFFAOYSA-N,168.042258736,1.006,0.863305,CC(=O)c1c(O)cc(O)cc1O,PHLORACETOPHENONE,Inactive,
52802900,CCCCCCCCCCCCCCCC(=O)OC1C(SC)OC(C(NC(=O)C2CC(CCC)CN2C)C(C)Cl)C(O)C1O.Cl,GTNDZRUWKHDICY-UHFFFAOYSA-N,698.3862141280001,6.8435000000000095,0.86334,CCCCCCCCCCCCCCCC(=O)OC1C(SC)OC(C(NC(=O)C2CC(CCC)CN2C)C(C)Cl)C(O)C1O.Cl,CLINDAMYCIN PALMITATE HYDROCHLORIDE,Inactive,
10465153,CN1CCCCC1c1ccc(-c2cccnc2)nc1.Cl,PFWHFUPRJSEODI-UHFFFAOYSA-N,289.13457531999995,3.722200000000003,0.863565,CN1CCCCC1c1ccc(-c2cccnc2)nc1.Cl,ANABASAMINE HYDROCHLORIDE,Inactive,
29716617,CC(C)NCC(O)c1ccc2ccccc2c1.Cl,QONLGXRPRAIDGI-UHFFFAOYSA-N,265.12334194,3.2930000000000024,0.86359,CC(C)NCC(O)c1ccc2ccccc2c1.Cl,PRONETALOL HYDROCHLORIDE,Inactive,
24491790,CC(O)C(=O)[O-].[Na+],NGSFWBMYFKHRBD-UHFFFAOYSA-M,112.01363830000001,-4.878899999999999,0.863945,CC(O)C(=O)[O-].[Na+],SODIUM LACTATE,Inactive,
22196896,CCC1OC(=O)CC(O)C(C)C(OC2OC(C)C(O)C(N(C)C)C2O)C(CCN2CC(C)CC(C)C2)CC(C)C(=O)C=CC(C)=CC1COC1OC(C)C(O)C(OC)C1OC,JTSDBFGMPLKDCD-UHFFFAOYSA-N,868.5660406200002,3.341400000000009,0.86416,CCC1OC(=O)CC(O)C(C)C(OC2OC(C)C(O)C(N(C)C)C2O)C(CCN2CC(C)CC(C)C2)CC(C)C(=O)C=CC(C)=CC1COC1OC(C)C(O)C(OC)C1OC,TILMICOSIN,Inactive,
24782238,CC12CCC3C(CCC45OC4C(O)=C(C#N)CC35C)C1CCC2O,KVJXBPDAXMEYOA-UHFFFAOYSA-N,329.199093724,3.466880000000002,0.864645,CC12CCC3C(CCC45OC4C(O)=C(C#N)CC35C)C1CCC2O,TRILOSTANE,Inactive,
15309132,CC(=O)OC1CCC2(C)C(=CCC3C2CCC2(C)C(C(C)CCCC(C)C)CCC32)C1,XUGISPSHIFXEHZ-UHFFFAOYSA-N,428.365430776,7.95950000000001,0.865765,CC(=O)OC1CCC2(C)C(=CCC3C2CCC2(C)C(C(C)CCCC(C)C)CCC32)C1,CHOLESTERYL ACETATE,Inactive,
89154595,CCCCC1C(=O)N(c2ccccc2)N(c2ccc(O)cc2)C1=O,HFHZKZSRXITVMK-UHFFFAOYSA-N,324.14739249999997,3.493400000000002,0.86589,CCCCC1C(=O)N(c2ccccc2)N(c2ccc(O)cc2)C1=O,OXYPHENBUTAZONE,Inactive,
89765251,CC(=O)Nc1ccc(S(=O)(=O)Nc2onc(C)c2C)cc1,UTVCPAPWORAKEV-UHFFFAOYSA-N,309.07832696,2.0506399999999996,0.86589,CC(=O)Nc1ccc(S(=O)(=O)Nc2onc(C)c2C)cc1,SULFISOXAZOLE ACETYL,Inactive,
41980728,CC(C)C(=O)Nc1ccc([N+](=O)[O-])c(C(F)(F)F)c1,MKXKFYHWDHIYRV-UHFFFAOYSA-N,276.07217687200006,3.2081000000000017,0.86624,CC(C)C(=O)Nc1ccc([N+](=O)[O-])c(C(F)(F)F)c1,FLUTAMIDE,Inactive,
81286572,N=C(N)NS(=O)(=O)c1ccc(N)cc1,BRBKOPJOKNSWSG-UHFFFAOYSA-N,214.05244656,-0.5594299999999999,0.8666,N=C(N)NS(=O)(=O)c1ccc(N)cc1,SULFAGUANIDINE,Inactive,
85541138,COC(=O)c1c(C)cc(OC(=O)c2c(C)cc(O)c(C=O)c2O)c(C)c1O,YLOYKYXNDHOHHT-UHFFFAOYSA-N,374.10016753599996,2.546960000000001,0.86666,COC(=O)c1c(C)cc(OC(=O)c2c(C)cc(O)c(C=O)c2O)c(C)c1O,ATRANORIN,Inactive,
50732540,Cl.NCCCC(N)(C(=O)O)C(F)F.O,FJPAMFNRCFEGSD-UHFFFAOYSA-N,236.07392646,-0.6304000000000001,0.86705,Cl.NCCCC(N)(C(=O)O)C(F)F.O,EFLORNITHINE HYDROCHLORIDE HYDRATE,Inactive,
90215328,CC12CCC3C(CC=C4CC(O)CCC43C)C1CCC2=O,FMGSKLZLMKYGDP-UHFFFAOYSA-N,288.208930136,3.8792000000000026,0.867185,CC12CCC3C(CC=C4CC(O)CCC43C)C1CCC2=O,PRASTERONE,Inactive,
74796649,Cl.N=C(N)NCCCC(N)C(=O)O,KWTQSFXGGICVPE-UHFFFAOYSA-N,210.0883534,-0.9166299999999994,0.867375,Cl.N=C(N)NCCCC(N)C(=O)O,ARGININE HYDROCHLORIDE,Inactive,
44260845,COC(=O)Nc1nc2ccc(S(=O)c3ccccc3)cc2[nH]1,BEZZFPOZAYTVHN-UHFFFAOYSA-N,315.06776227600005,2.9079000000000006,0.86832,COC(=O)Nc1nc2ccc(S(=O)c3ccccc3)cc2[nH]1,OXFENDAZOLE,Inactive,
39097698,CC(=O)OC1CC23CC24CCC(OC2OCC(O)C(O)C2O)C(C)(C)C4CCC3C2(C)CC3OC4(CC(C)C3C12C)OC(O)C1(C)OC41,NEWMWGLPJQHSSQ-UHFFFAOYSA-N,676.3822626120001,3.028600000000001,0.86946,CC(=O)OC1CC23CC24CCC(OC2OCC(O)C(O)C2O)C(C)(C)C4CCC3C2(C)CC3OC4(CC(C)C3C12C)OC(O)C1(C)OC41,ACTEIN,Inactive,
15858853,Cc1cc(O)cc(O)c1C(=O)O,AMKYESDOVDKZKV-UHFFFAOYSA-N,168.042258736,1.1044199999999997,0.86994,Cc1cc(O)cc(O)c1C(=O)O,ORSELLINIC ACID,Inactive,
81856970,CC1=C2C(=COC(C)C2C)C(O)=C(C(=O)O)C1=O,CQIUKKVOEOPUDV-UHFFFAOYSA-N,250.084123548,1.721,0.870195,CC1=C2C(=COC(C)C2C)C(O)=C(C(=O)O)C1=O,CITRININ,Inactive,
48445008,NC(CC(=O)N1CCn2c(nnc2C(F)(F)F)C1)Cc1cc(F)c(F)cc1F.O.O=P(O)(O)O,GQPYTJVDPQTBQC-UHFFFAOYSA-N,523.1055393099999,0.2631999999999995,0.870365,NC(CC(=O)N1CCn2c(nnc2C(F)(F)F)C1)Cc1cc(F)c(F)cc1F.O.O=P(O)(O)O,SITAGLIPTIN PHOSPHATE,Inactive,
24046777,COc1cc(C2c3cc4c(cc3C(O)C3COC(=O)C23)OCO4)cc(OC)c1OC,YJGVMLPVUAXIQN-UHFFFAOYSA-N,414.1314676639999,2.4092000000000002,0.871335,COc1cc(C2c3cc4c(cc3C(O)C3COC(=O)C23)OCO4)cc(OC)c1OC,PICROPODOPHYLLIN,Inactive,
84234915,NCC1(CC(=O)O)CCCCC1,UGJMXCAKCUNAIE-UHFFFAOYSA-N,171.125928784,1.3702999999999994,0.871945,NCC1(CC(=O)O)CCCCC1,GABAPENTIN,Inactive,
43283249,CCCCC(=O)OC1CCC2C3CCc4cc(O)ccc4C3CCC12C,RSEPBGGWRJCQGY-UHFFFAOYSA-N,356.23514488399996,5.350300000000006,0.872515,CCCCC(=O)OC1CCC2C3CCc4cc(O)ccc4C3CCC12C,ESTRADIOL VALERATE,Inactive,
49099702,CCCC1CC(C(=O)NC(C(C)O)C2OC(SC)C(O)C(O)C2O)N(C)C1.Cl,POUMFISTNHIPTI-UHFFFAOYSA-N,442.19043551999994,-0.435199999999998,0.87263,CCCC1CC(C(=O)NC(C(C)O)C2OC(SC)C(O)C(O)C2O)N(C)C1.Cl,LINCOMYCIN HYDROCHLORIDE,Inactive,
39949682,CC1(C)CCCC2(C)C1CCC1(C)OC(=O)CC12,IMKJGXCIJJXALX-UHFFFAOYSA-N,250.193280072,3.934600000000003,0.873315,CC1(C)CCCC2(C)C1CCC1(C)OC(=O)CC12,SCLAREOLIDE,Inactive,
43229521,CNCCCC12CCC(c3ccccc31)c1ccccc12.Cl,NZDMFGKECODQRY-UHFFFAOYSA-N,313.159727448,4.633200000000005,0.87361,CNCCCC12CCC(c3ccccc31)c1ccccc12.Cl,MAPROTILINE HYDROCHLORIDE,Inactive,
41346247,CCC(C)C1OC2(CCC1C)CC1CC(CC=C(C)C(OC3CC(OC)C(OC4CC(OC)C(O)C(C)O4)C(C)O3)C(C)C=CC=C3COC4C(O)C(C)=CC(C(=O)O1)C34O)O2,AZSNMRSAGSSBNP-UHFFFAOYSA-N,874.5078570480001,5.601400000000008,0.87384,CCC(C)C1OC2(CCC1C)CC1CC(CC=C(C)C(OC3CC(OC)C(OC4CC(OC)C(O)C(C)O4)C(C)O3)C(C)C=CC=C3COC4C(O)C(C)=CC(C(=O)O1)C34O)O2,IVERMECTIN,Inactive,
10917543,COP(=O)(OC)C(O)C(Cl)(Cl)Cl,NFACJZMKEDPNKN-UHFFFAOYSA-N,255.92257840599999,2.1609000000000003,0.87408,COP(=O)(OC)C(O)C(Cl)(Cl)Cl,TRICHLORFON,Inactive,
52695011,Cc1nc2ccccn2c(=O)c1CCN1CCC(C(=O)c2ccc(F)cc2)CC1,HXCNRYXBZNHDNE-UHFFFAOYSA-N,393.18525522799996,3.2794200000000027,0.87426,Cc1nc2ccccn2c(=O)c1CCN1CCC(C(=O)c2ccc(F)cc2)CC1,PIRENPERONE,Inactive,
12096187,COc1cc(NS(=O)(=O)c2ccc(N)cc2)ncn1,WMPXPUYPYQKQCX-UHFFFAOYSA-N,280.063011244,0.8682000000000001,0.874365,COc1cc(NS(=O)(=O)c2ccc(N)cc2)ncn1,SULFAMONOMETHOXINE,Inactive,
33677831,N#Cc1nn(-c2c(Cl)cc(C(F)(F)F)cc2Cl)c(N)c1S(=O)C(F)(F)F,ZOCSXAVNDGMNBV-UHFFFAOYSA-N,435.938706428,4.279179999999999,0.874715,N#Cc1nn(-c2c(Cl)cc(C(F)(F)F)cc2Cl)c(N)c1S(=O)C(F)(F)F,FIPRONIL,Inactive,
76885418,CN(C)CCCN1c2ccccc2CCc2ccc(Cl)cc21.Cl,WIMWMKZEIBHDTH-UHFFFAOYSA-N,350.131654128,4.950200000000005,0.87512,CN(C)CCCN1c2ccccc2CCc2ccc(Cl)cc21.Cl,CLOMIPRAMINE HYDROCHLORIDE,Inactive,
32629727,Cl.N#Cc1ccc2[nH]cc(CCCCN3CCN(c4ccc5oc(C(N)=O)cc5c4)CC3)c2c1,RPZBRGFNBNQSOP-UHFFFAOYSA-N,477.19315281599995,4.451380000000002,0.875125,Cl.N#Cc1ccc2[nH]cc(CCCCN3CCN(c4ccc5oc(C(N)=O)cc5c4)CC3)c2c1,VILAZODONE HYDROCHLORIDE,Inactive,
23341536,COc1cc2c(cc1OC)Cc1cc(OC)c(OC)cc1Cc1cc(OC)c(OC)cc1C2,YECHEDVCXXVLIY-UHFFFAOYSA-N,450.20423867999995,4.824000000000004,0.87533,COc1cc2c(cc1OC)Cc1cc(OC)c(OC)cc1Cc1cc(OC)c(OC)cc1C2,CYCLOVERATRYLENE,Inactive,
95131252,COC(=O)CC1C2(C)CC34OC5(C)OC6(C7C(=C(O)C(C)C)C(=O)OC(c8ccoc8)C7(C)C(OC(C)=O)C(OC(C)=O)C6(O5)C13C)C(OC(C)=O)C4(O)C2OC(=O)C(C)C,KVAGRMDUXLYLAZ-UHFFFAOYSA-N,858.3310148880001,3.665600000000003,0.87616,COC(=O)CC1C2(C)CC34OC5(C)OC6(C7C(=C(O)C(C)C)C(=O)OC(c8ccoc8)C7(C)C(OC(C)=O)C(OC(C)=O)C6(O5)C13C)C(OC(C)=O)C4(O)C2OC(=O)C(C)C,BUSSEIN,Inactive,
96649355,Cc1cc(OC(=O)c2c(C)cc(O)cc2O)cc(O)c1C(=O)O,HEMSJKZDHNSSEW-UHFFFAOYSA-N,318.073952788,2.337640000000001,0.87651,Cc1cc(OC(=O)c2c(C)cc(O)cc2O)cc(O)c1C(=O)O,LECANORIC ACID,Inactive,
55108940,CC(=O)NS(=O)(=O)c1ccc(NC(=O)c2ccccc2C(=O)O)cc1,SNWQKAWITMVCQW-UHFFFAOYSA-N,362.0572571679999,1.4619000000000002,0.876785,CC(=O)NS(=O)(=O)c1ccc(NC(=O)c2ccccc2C(=O)O)cc1,PHTHALYLSULFACETAMIDE,Inactive,
88001241,CC1CC2C3CCC4=CC(=O)C=CC4(C)C3(Cl)C(O)CC2(C)C1(OC(=O)c1ccco1)C(=O)CCl,WOFMFGQZHJDGCX-UHFFFAOYSA-N,520.1419440399999,4.869200000000005,0.877135,CC1CC2C3CCC4=CC(=O)C=CC4(C)C3(Cl)C(O)CC2(C)C1(OC(=O)c1ccco1)C(=O)CCl,MOMETASONE FUROATE,Inactive,
54934725,NNCCc1ccccc1.O=S(=O)(O)O,RXBKMJIPNDOHFR-UHFFFAOYSA-N,234.067427928,0.0395999999999993,0.877435,NNCCc1ccccc1.O=S(=O)(O)O,PHENELZINE SULFATE,Inactive,
91899664,Cc1ccc(C(=CCN2CCCC2)c2ccccn2)cc1.Cl,WYUYEJNGHIOFOC-UHFFFAOYSA-N,314.154976416,4.339320000000004,0.877595,Cc1ccc(C(=CCN2CCCC2)c2ccccn2)cc1.Cl,TRIPROLIDINE HYDROCHLORIDE,Inactive,
39253644,CN(C(=O)CN(CCO)CC(=O)N(C)C(C)(C)Cc1ccccc1)C(C)(C)Cc1ccccc1,FTLDJPRFCGDUFH-UHFFFAOYSA-N,467.314792172,3.2401000000000018,0.877655,CN(C(=O)CN(CCO)CC(=O)N(C)C(C)(C)Cc1ccccc1)C(C)(C)Cc1ccccc1,OXETHAZAINE,Inactive,
55173679,Nc1ccccc1C(=O)CC(N)C(=O)O,YGPSJZOEDVAXAB-UHFFFAOYSA-N,208.084792244,0.2535000000000001,0.877725,Nc1ccccc1C(=O)CC(N)C(=O)O,KYNURENINE,Inactive,
41768657,COc1cccc(-c2cc(=O)c3cc(OC)ccc3o2)c1,LLLIKVGWTVPYAL-UHFFFAOYSA-N,282.089208928,3.4772000000000025,0.877765,COc1cccc(-c2cc(=O)c3cc(OC)ccc3o2)c1,"6,3'-DIMETHOXYFLAVONE",Inactive,
41734225,O=C1c2c(O)cccc2C(C2OC(CO)C(O)C(O)C2O)c2cc(CO)cc(O)c21,AFHJQYHRLPMKHU-UHFFFAOYSA-N,418.12638228399993,-0.8912000000000002,0.87809,O=C1c2c(O)cccc2C(C2OC(CO)C(O)C(O)C2O)c2cc(CO)cc(O)c21,ALOIN,Inactive,
77763700,CCC=CCC1=C(C)CCC1=O,XMLSXPIVAXONDL-UHFFFAOYSA-N,164.120115132,3.022100000000002,0.878335,CCC=CCC1=C(C)CCC1=O,JASMONE,Inactive,
28780488,CC(=O)OC1(C(C)=O)CCC2C3CC(C)C4=CC(=O)CCC4(C)C3CCC21C,PSGAAPLEWMOORI-UHFFFAOYSA-N,386.245709568,4.655200000000004,0.878445,CC(=O)OC1(C(C)=O)CCC2C3CC(C)C4=CC(=O)CCC4(C)C3CCC21C,MEDROXYPROGESTERONE ACETATE,Inactive,
48281131,CCC(C=CC(C)C1CCC2C3CCC4=CC(=O)CCC4(C)C3CCC12C)C(C)C,MKGZDUKUQPPHFM-UHFFFAOYSA-N,410.354866092,8.00900000000001,0.87856,CCC(C=CC(C)C1CCC2C3CCC4=CC(=O)CCC4(C)C3CCC12C)C(C)C,"STIGMASTA-4,22-DIEN-3-ONE",Inactive,
52639893,CCCCCNC(=N)NN=Cc1c[nH]c2ccc(OC)cc12.O=C(O)C=CC(=O)O,CPDDZSSEAVLMRY-UHFFFAOYSA-N,417.2012189639999,2.52637,0.878755,CCCCCNC(=N)NN=Cc1c[nH]c2ccc(OC)cc12.O=C(O)C=CC(=O)O,TEGASEROD MALEATE,Inactive,
64797667,COC(=O)Nc1nc2ccc(Sc3ccccc3)cc2[nH]1,HDDSHPAODJUKPD-UHFFFAOYSA-N,299.0728476560001,3.892400000000001,0.87932,COC(=O)Nc1nc2ccc(Sc3ccccc3)cc2[nH]1,FENBENDAZOLE,Inactive,
10664991,O=C1C(CCC(O)c2ccc(F)cc2)C(c2ccc(O)cc2)N1c1ccc(F)cc1,OLNTVTPDXPETLC-UHFFFAOYSA-N,409.148949972,4.888300000000004,0.879575,O=C1C(CCC(O)c2ccc(F)cc2)C(c2ccc(O)cc2)N1c1ccc(F)cc1,EZETIMIBE,Inactive,
30259637,CCNC(=O)C=Cc1cccc(Br)c1,LDCXGZCEMNMWIL-UHFFFAOYSA-N,253.010226104,2.5984000000000007,0.879715,CCNC(=O)C=Cc1cccc(Br)c1,CINROMIDE,Inactive,
49680616,O=C(Nc1ccc([N+](=O)[O-])cc1Cl)c1cc(Cl)ccc1O,RJMUSRYZPJIFPJ-UHFFFAOYSA-N,325.986112096,3.859500000000001,0.87983,O=C(Nc1ccc([N+](=O)[O-])cc1Cl)c1cc(Cl)ccc1O,NICLOSAMIDE,Inactive,
81265237,Cl.NCCc1c[nH]c2ccc(O)cc12,MDIGAZPGKJFIAH-UHFFFAOYSA-N,212.071640716,1.7965,0.880305,Cl.NCCc1c[nH]c2ccc(O)cc12,SEROTONIN HYDROCHLORIDE,Inactive,
90946848,CCCCCCCCC(=O)O,FBUKVWPVBMHYJY-UHFFFAOYSA-N,158.130679816,2.821600000000001,0.880595,CCCCCCCCC(=O)O,PELARGONIC ACID,Inactive,
96349140,CC(Cc1ccc(O)c(O)c1)(NN)C(=O)O,TZFNLOMSOLWIDK-UHFFFAOYSA-N,226.095356928,-0.05310000000000015,0.88066,CC(Cc1ccc(O)c(O)c1)(NN)C(=O)O,CARBIDOPA,Inactive,
94660609,CCN(CCCc1ccccc1)CCCc1ccccc1.O=C(O)CC(O)(CC(=O)O)C(=O)O,RYHCACJBKCOBTJ-UHFFFAOYSA-N,473.24135245999986,3.3254,0.88079,CCN(CCCc1ccccc1)CCCc1ccccc1.O=C(O)CC(O)(CC(=O)O)C(=O)O,ALVERINE CITRATE,Inactive,
53585599,CCCCOc1ccc(C(=O)CCN2CCCCC2)cc1.Cl,KNZADIMHVBBPOA-UHFFFAOYSA-N,325.180856816,4.3460000000000045,0.88096,CCCCOc1ccc(C(=O)CCN2CCCCC2)cc1.Cl,DYCLONINE HYDROCHLORIDE,Inactive,
89802333,CON=C(C(=O)NC1C(=O)N2C(C(=O)OC(C)OC(C)=O)=C(COC(N)=O)CSC12)c1ccco1,KEJCWVGMRLCZQQ-UHFFFAOYSA-N,510.1056639039999,-0.16829999999999856,0.88119,CON=C(C(=O)NC1C(=O)N2C(C(=O)OC(C)OC(C)=O)=C(COC(N)=O)CSC12)c1ccco1,CEFUROXIME AXETIL,Inactive,
36229602,O=C1c2c(O)cccc2Cc2cccc(O)c21,NUZWLKWWNNJHPT-UHFFFAOYSA-N,226.06299418,2.233000000000001,0.88165,O=C1c2c(O)cccc2Cc2cccc(O)c21,ANTHRALIN,Inactive,
83579799,OCC(O)C(O)CO,UNXHWFMMPAWVPI-UHFFFAOYSA-N,122.0579088,-2.3071999999999995,0.882035,OCC(O)C(O)CO,ERYTHRITOL,Inactive,
91127680,CCCCCCCCCCCCCCCC(=O)OCC(O)C1OC(=O)C(O)=C1O,QAQJMLQRFWZOBN-UHFFFAOYSA-N,414.26175355599986,4.624800000000002,0.882085,CCCCCCCCCCCCCCCC(=O)OCC(O)C1OC(=O)C(O)=C1O,ASCORBYL PALMITATE,Inactive,
82564264,CCC1(C2=NCCN2)Cc2ccccc2O1.Cl,DWOIUCRHVWIHAH-UHFFFAOYSA-N,252.102940844,2.193800000000001,0.88257,CCC1(C2=NCCN2)Cc2ccccc2O1.Cl,EFAROXAN HYDROCHLORIDE,Inactive,
10662880,CC1(C)C(C=C(Cl)Cl)C1C(=O)OC(C#N)c1cccc(Oc2ccccc2)c1,KAATUXNTWXVJKI-UHFFFAOYSA-N,415.074198828,6.177980000000004,0.88283,CC1(C)C(C=C(Cl)Cl)C1C(=O)OC(C#N)c1cccc(Oc2ccccc2)c1,CYPERMETHRIN,Inactive,
56510495,CC=Cc1ccc2c(c1)OCO2,VHVOLFRBFDOUSH-UHFFFAOYSA-N,162.06807956,2.4484000000000004,0.882925,CC=Cc1ccc2c(c1)OCO2,ISOSAFROLE,Inactive,
23358883,CCCCNc1ccc(C(=O)OCCN(C)C)cc1.Cl,PPWHTZKZQNXVAE-UHFFFAOYSA-N,300.16045572,3.0388000000000024,0.883015,CCCCNc1ccc(C(=O)OCCN(C)C)cc1.Cl,TETRACAINE HYDROCHLORIDE,Inactive,
74855011,Clc1ccc(CCC(Cn2ccnc2)Sc2c(Cl)cccc2Cl)cc1,SWLMUYACZKCSHZ-UHFFFAOYSA-N,410.017802584,6.637000000000003,0.883045,Clc1ccc(CCC(Cn2ccnc2)Sc2c(Cl)cccc2Cl)cc1,BUTOCONAZOLE,Inactive,
32570092,CCN(CC)CCOC(=O)C(c1ccccc1)C1CCCCC1.Cl,WIELVDXKOYPANK-UHFFFAOYSA-N,353.212156944,4.6573000000000055,0.88325,CCN(CC)CCOC(=O)C(c1ccccc1)C1CCCCC1.Cl,DROFENINE HYDROCHLORIDE,Inactive,
10011876,CC(C)=CCc1c2c(c3occ(-c4ccc(O)cc4)c(=O)c3c1O)C=CC(C)(C)O2,DCTLJGWMHPGCOS-UHFFFAOYSA-N,404.1623738679999,5.564100000000006,0.883485,CC(C)=CCc1c2c(c3occ(-c4ccc(O)cc4)c(=O)c3c1O)C=CC(C)(C)O2,OSAJIN,Inactive,
56689407,CCN(CC)Cc1ccc(Nc2ccnc3cc(Cl)ccc23)cc1O.Cl.Cl,DHTLLULITDNQFA-UHFFFAOYSA-N,427.0984954279999,6.0228000000000055,0.88417,CCN(CC)Cc1ccc(Nc2ccnc3cc(Cl)ccc23)cc1O.Cl.Cl,AMODIAQUINE DIHYDROCHLORIDE,Inactive,
11430059,CC(=O)O.N=C(N)NN=Cc1c(Cl)cccc1Cl,MCSPBPXATWBACD-UHFFFAOYSA-N,290.033730984,1.90127,0.884815,CC(=O)O.N=C(N)NN=Cc1c(Cl)cccc1Cl,GUANABENZ ACETATE,Inactive,
23530061,CC(C)=CCCC(C)=CCO,GLZPCOQZEFWAFX-UHFFFAOYSA-N,154.135765196,2.6714000000000016,0.884965,CC(C)=CCCC(C)=CCO,NEROL,Inactive,
85860394,Cn1c(=O)c2c(ncn2C)n(C)c1=O,RYYVLZVUVIJVGH-UHFFFAOYSA-N,194.08037556,-1.0293,0.88504,Cn1c(=O)c2c(ncn2C)n(C)c1=O,CAFFEINE,Inactive,
22319108,COC1=CC(=O)c2ccccc2C1=O,OBGBGHKYJAOXRR-UHFFFAOYSA-N,188.047344116,1.5958999999999999,0.885225,COC1=CC(=O)c2ccccc2C1=O,LAWSONE METHYL ETHER,Inactive,
55772950,C=CCCCCCCCCC(=O)[O-].C=CCCCCCCCCC(=O)[O-].[Zn+2],YMCOHQVWOBMDCZ-UHFFFAOYSA-L,430.20615189599994,4.083700000000003,0.885375,C=CCCCCCCCCC(=O)[O-].C=CCCCCCCCCC(=O)[O-].[Zn+2],ZINC UNDECYLENATE [4mM],Inactive,
33896906,COc1cc2occc2c2oc(=O)ccc12,AJSPSRWWZBBIOR-UHFFFAOYSA-N,216.042258736,2.5478000000000005,0.88559,COc1cc2occc2c2oc(=O)ccc12,ISOBERGAPTEN,Inactive,
86712352,CN(C)CCCN1c2ccccc2Sc2ccccc21.Cl,JIVSXRLRGOICGA-UHFFFAOYSA-N,320.111397352,4.662800000000004,0.88583,CN(C)CCCN1c2ccccc2Sc2ccccc21.Cl,PROMAZINE HYDROCHLORIDE,Inactive,
89017904,CC(C)=CCCC(C)=CCOc1ccc2ccc(=O)oc2c1,RSDDHGSKLOSQFK-UHFFFAOYSA-N,298.15689456399997,4.864500000000005,0.88606,CC(C)=CCCC(C)=CCOc1ccc2ccc(=O)oc2c1,AURAPTENE,Inactive,
18642798,c1ccc2c(c1)Nc1ccccc1S2,WJFKNYWRSNBZNX-UHFFFAOYSA-N,199.045570288,3.894800000000001,0.88631,c1ccc2c(c1)Nc1ccccc1S2,PHENOTHIAZINE,Inactive,
94762631,COc1cc2c(cc1OC)-c1cc3ccc(OC)c(OC)c3c[n+]1CC2.[Cl-],RLQYRXCUPVKSAW-UHFFFAOYSA-M,387.123735864,0.3887999999999998,0.88656,COc1cc2c(cc1OC)-c1cc3ccc(OC)c(OC)c3c[n+]1CC2.[Cl-],PALMATINE CHLORIDE,Inactive,
63874452,O=C(O)c1ccccc1Nc1cccc(C(F)(F)F)c1,LPEPZBJOKDYZAD-UHFFFAOYSA-N,281.06636322,4.1472000000000016,0.886755,O=C(O)c1ccccc1Nc1cccc(C(F)(F)F)c1,FLUFENAMIC ACID,Inactive,
93386384,C#CC1(O)CCC2C3CCc4cc(OC)ccc4C3CCC21C,IMSSROKUHAOUJS-UHFFFAOYSA-N,310.193280072,3.915600000000003,0.88683,C#CC1(O)CCC2C3CCc4cc(OC)ccc4C3CCC21C,MESTRANOL,Inactive,
83611884,CCC1(CC)C(=O)NC(=O)NC1=O,FTOAOBMCPZCFFF-UHFFFAOYSA-N,184.084792244,0.15879999999999994,0.887475,CCC1(CC)C(=O)NC(=O)NC1=O,BARBITAL,Inactive,
73725653,CC(C)(C)c1ccc(C(O)CCCN2CCC(C(O)(c3ccccc3)c3ccccc3)CC2)cc1,GUGOEEXESWIERI-UHFFFAOYSA-N,471.31372955200004,6.445800000000008,0.888275,CC(C)(C)c1ccc(C(O)CCCN2CCC(C(O)(c3ccccc3)c3ccccc3)CC2)cc1,TERFENADINE,Inactive,
50424568,CN(C)C(=O)Oc1cccc([N+](C)(C)C)c1.COS(=O)(=O)[O-],OSZNNLWOYWAHSS-UHFFFAOYSA-M,334.1198574239999,1.0367000000000002,0.88869,CN(C)C(=O)Oc1cccc([N+](C)(C)C)c1.COS(=O)(=O)[O-],NEOSTIGMINE METHYLSULFATE,Inactive,
63359444,O=C([O-])C(O)C(O)C(O)C(O)CO.[Na+],UPMFZISCCZSDND-UHFFFAOYSA-M,218.04024697199998,-7.823799999999997,0.888765,O=C([O-])C(O)C(O)C(O)C(O)CO.[Na+],SODIUM GLUCONATE,Inactive,
96226411,CC(=O)Nc1ccc(OC(C)=O)cc1,UJAOSPFULOFZRR-UHFFFAOYSA-N,193.073893212,1.5702999999999998,0.88893,CC(=O)Nc1ccc(OC(C)=O)cc1,DIACETAMATE,Inactive,
67730660,O.O=C(O)C1C(O)CCC2CN3CCc4c([nH]c5ccccc45)C3CC21,UXXCUDYYOMDFPX-UHFFFAOYSA-N,358.189257312,1.7339999999999989,0.889305,O.O=C(O)C1C(O)CCC2CN3CCc4c([nH]c5ccccc45)C3CC21,YOHIMBIC ACID HYDRATE,Inactive,
47453898,N#Cc1ccc(C(c2ccc(C#N)cc2)n2cncn2)cc1,HPJKCIUCZWXJDR-UHFFFAOYSA-N,285.101445352,2.65916,0.89003,N#Cc1ccc(C(c2ccc(C#N)cc2)n2cncn2)cc1,LETROZOLE,Inactive,
28243836,COc1cc2c(c3ccccc13)OC(C)(C)C=C2,BFGQXXNDFKWDMA-UHFFFAOYSA-N,240.115029752,4.032600000000003,0.89034,COc1cc2c(c3ccccc13)OC(C)(C)C=C2,LAPACHENOL,Inactive,
51820926,O=C1C=C(O)C(=O)c2ccccc21,CSFWPUWCSPOLJW-UHFFFAOYSA-N,174.031694052,1.5075,0.89072,O=C1C=C(O)C(=O)c2ccccc21,LAWSONE,Inactive,
83968990,O=C(O)c1cccc(C(=O)O)n1,WJJMNDUMQPNECX-UHFFFAOYSA-N,167.02185764,0.4779999999999999,0.89073,O=C(O)c1cccc(C(=O)O)n1,DIPICOLINIC ACID,Inactive,
10403326,CON=C1CC2(CC3CC(CC=C(C)CC(C)C=CC=C4COC5C(O)C(C)=CC(C(=O)O3)C45O)O2)OC(C(C)=CC(C)C)C1C,YZBLFMPOMVTDJY-UHFFFAOYSA-N,639.3771176559998,5.7289000000000065,0.890735,CON=C1CC2(CC3CC(CC=C(C)CC(C)C=CC=C4COC5C(O)C(C)=CC(C(=O)O3)C45O)O2)OC(C(C)=CC(C)C)C1C,MOXIDECTIN,Inactive,
35200973,N#CCCN.O=C(O)C=CC(=O)O,NYPGBHKJFKQTIY-UHFFFAOYSA-N,186.0640568,-0.42942000000000063,0.891325,N#CCCN.O=C(O)C=CC(=O)O,3-AMINOPROPIONITRILE FUMARATE,Inactive,
61091489,COC1C(=O)C2(C)C(OC)CC3OCC3(OC(C)=O)C2C(OC(=O)c2ccccc2)C2(O)CC(OC(=O)C(O)C(NC(=O)OC(C)(C)C)c3ccccc3)C(C)=C1C2(C)C,BMQGVNUXMIRLCK-UHFFFAOYSA-N,835.377905504,4.5678000000000045,0.892115,COC1C(=O)C2(C)C(OC)CC3OCC3(OC(C)=O)C2C(OC(=O)c2ccccc2)C2(O)CC(OC(=O)C(O)C(NC(=O)OC(C)(C)C)c3ccccc3)C(C)=C1C2(C)C,CABAZITAXEL,Inactive,
46486992,O=C(CCCCCCCC(=O)NCCO)NCCO,PAHZPHDAJQIETD-UHFFFAOYSA-N,274.189257312,-0.06589999999999929,0.892175,O=C(CCCCCCCC(=O)NCCO)NCCO,ADELMIDROL,Inactive,
77241344,CC1OC(OC2C(O)C(O)C(O)C(O)C2O)C(N)CC1NC(=N)C(=O)O.Cl,ZDRBJJNXJOSCLR-UHFFFAOYSA-N,415.135757092,-3.906229999999994,0.892335,CC1OC(OC2C(O)C(O)C(O)C(O)C2O)C(N)CC1NC(=N)C(=O)O.Cl,KASUGAMYCIN HYDROCHLORIDE,Inactive,
10053671,CS(=O)(=O)OCCCCOS(C)(=O)=O,COVZYZSDYWQREU-UHFFFAOYSA-N,246.023180168,-0.2809999999999997,0.89236,CS(=O)(=O)OCCCCOS(C)(=O)=O,BUSULFAN,Inactive,
80153232,COc1ccc2c(c1)OC1c3ccc(OC)cc3OCC21,VPGIGLKLCFOWDN-UHFFFAOYSA-N,284.104858992,3.3135000000000012,0.892985,COc1ccc2c(c1)OC1c3ccc(OC)cc3OCC21,HOMOPTEROCARPIN,Inactive,
56455037,[N-]=[N+]=CC(=O)OCC(N)C(=O)O,MZZGOOYMKKIOOX-UHFFFAOYSA-N,173.043655704,-1.7578999999999994,0.89322,[N-]=[N+]=CC(=O)OCC(N)C(=O)O,AZASERINE,Inactive,
43096510,CC(=O)OCC(=O)C12OC3(CCCC3)OC1CC1C3CCC4=CC(=O)C=CC4(C)C3(F)C(O)CC12C,ILKJAFIWWBXGDU-UHFFFAOYSA-N,502.23668168,3.5238000000000023,0.89339,CC(=O)OCC(=O)C12OC3(CCCC3)OC1CC1C3CCC4=CC(=O)C=CC4(C)C3(F)C(O)CC12C,AMCINONIDE,Inactive,
79392509,CCC(C)C(=O)OC1CC(O)C=C2C=CC(C)C(CCC(O)CC(O)CC(=O)[O-])C21.[Na+],VWBQYTRBTXKKOG-UHFFFAOYSA-M,446.2280477399999,-1.8902999999999948,0.89343,CCC(C)C(=O)OC1CC(O)C=C2C=CC(C)C(CCC(O)CC(O)CC(=O)[O-])C21.[Na+],PRAVASTATIN SODIUM,Inactive,
17548010,CC(C)CCCC(C)C1CCC2C3CCC4CC(=O)CCC4(C)C3CCC12C,PESKGJQREUXSRR-UHFFFAOYSA-N,386.354866092,7.676800000000009,0.893735,CC(C)CCCC(C)C1CCC2C3CCC4CC(=O)CCC4(C)C3CCC12C,CHOLESTAN-3-ONE,Inactive,
29464365,O=C(Oc1cccc2cccnc12)c1ccccc1,BHKPHCKISVSDGV-UHFFFAOYSA-N,249.078978592,3.4540000000000015,0.89384,O=C(Oc1cccc2cccnc12)c1ccccc1,BENZOXIQUINE,Inactive,
97582241,C[Si](C)(C)O[Si](C)(C)O[Si](C)(C)C,CXQXSVUQTKDNFP-UHFFFAOYSA-N,236.10840959799998,3.391200000000002,0.893865,C[Si](C)(C)O[Si](C)(C)O[Si](C)(C)C,DIMETHICONE (1%/ DMSO),Inactive,
10392769,Cc1noc(NS(=O)(=O)c2ccc(N)cc2)c1C,NHUHCSRWZMLRLA-UHFFFAOYSA-N,267.067762276,1.67444,0.893925,Cc1noc(NS(=O)(=O)c2ccc(N)cc2)c1C,SULFISOXAZOLE,Inactive,
67208642,O=c1c(O)c(-c2ccc(O)c(O)c2)oc2c(OC3OC(CO)C(O)C(O)C3O)c(O)cc(O)c12,SJRXVLUZMMDCNG-UHFFFAOYSA-N,480.09039069999983,-0.8333000000000006,0.89417,O=c1c(O)c(-c2ccc(O)c(O)c2)oc2c(OC3OC(CO)C(O)C(O)C3O)c(O)cc(O)c12,GOSSYPIN,Inactive,
57611862,CC1(C(=O)O)CCC2(C)CCC3(C)C(=CC(=O)C4C5(C)CCC(O)C(C)(C)C5CCC43C)C2C1,MPDGHEJMBKOTSU-UHFFFAOYSA-N,470.33960995199993,6.412600000000009,0.894225,CC1(C(=O)O)CCC2(C)CCC3(C)C(=CC(=O)C4C5(C)CCC(O)C(C)(C)C5CCC43C)C2C1,ENOXOLONE,Inactive,
79958157,COc1ccc(Cl)cc1C(=O)NCCc1ccc(S(=O)(=O)NC(=O)NC2CCCCC2)cc1,ZNNLBTZKUZBEKO-UHFFFAOYSA-N,493.14381967599996,3.641700000000003,0.894285,COc1ccc(Cl)cc1C(=O)NCCc1ccc(S(=O)(=O)NC(=O)NC2CCCCC2)cc1,GLYBURIDE,Inactive,
78532215,O=C(O)C=CC=Cc1ccccc1,FEIQOMCWGDNMHM-UHFFFAOYSA-N,174.06807956,2.3406000000000002,0.894475,O=C(O)C=CC=Cc1ccccc1,JUAREZIC ACID,Inactive,
11066991,Nc1nc(N)nc(NC2CC2)n1,LVQDKIWDGQRHTE-UHFFFAOYSA-N,166.09669431999998,-0.3897000000000006,0.89464,Nc1nc(N)nc(NC2CC2)n1,CYROMAZINE,Inactive,
43274569,COc1cc2nc(N3CCN(C(=O)C4CCCO4)CC3)nc(N)c2cc1OC.Cl,IWSWDOUXSCRCKW-UHFFFAOYSA-N,423.167331992,1.4785999999999997,0.895,COc1cc2nc(N3CCN(C(=O)C4CCCO4)CC3)nc(N)c2cc1OC.Cl,TERAZOSIN HYDROCHLORIDE,Inactive,
58050167,CC1CCC2C(C)C(OC(=O)CCC(=O)O)OC3OC4(C)CCC1C32OO4,FIHJKUPKCHIPAT-UHFFFAOYSA-N,384.17841785599995,2.6024000000000003,0.895105,CC1CCC2C(C)C(OC(=O)CCC(=O)O)OC3OC4(C)CCC1C32OO4,ARTESUNATE,Inactive,
35506847,CC(C)NCC(O)c1ccc(O)c(O)c1.Cl,IROWCYIEJAOFOW-UHFFFAOYSA-N,247.097521116,1.5510000000000004,0.89544,CC(C)NCC(O)c1ccc(O)c(O)c1.Cl,ISOPROTERENOL HYDROCHLORIDE,Inactive,
65404722,CN(C)CCS,DENMGZODXQRYAR-UHFFFAOYSA-N,105.06122035199999,0.47779999999999995,0.895535,CN(C)CCS,CAPTAMINE,Inactive,
54429586,CC(C)CC(NC(=O)C(C)NC(=O)CNC(=O)C(NC=O)C(C)C)C(=O)NC(C)C(=O)NC(C(=O)NC(C(=O)NC(C(=O)NC(Cc1c[nH]c2ccccc12)C(=O)NC(CC(C)C)C(=O)NC(Cc1c[nH]c2ccccc12)C(=O)NC(CC(C)C)C(=O)NC(Cc1c[nH]c2ccccc12)C(=O)NC(CC(C)C)C(=O)NC(Cc1c[nH]c2ccccc12)C(=O)NCCO)C(C)C)C(C)C)C(C)C,ZWCXYZRRTRDGQE-UHFFFAOYSA-N,1881.0705330199994,4.372299999999978,0.895725,CC(C)CC(NC(=O)C(C)NC(=O)CNC(=O)C(NC=O)C(C)C)C(=O)NC(C)C(=O)NC(C(=O)NC(C(=O)NC(C(=O)NC(Cc1c[nH]c2ccccc12)C(=O)NC(CC(C)C)C(=O)NC(Cc1c[nH]c2ccccc12)C(=O)NC(CC(C)C)C(=O)NC(Cc1c[nH]c2ccccc12)C(=O)NC(CC(C)C)C(=O)NC(Cc1c[nH]c2ccccc12)C(=O)NCCO)C(C)C)C(C)C)C(C)C,GRAMICIDIN (gramicidin A shown),Inactive,
10390940,COc1c(O)cc(O)cc1O,ASTPOGDWGNJVEW-UHFFFAOYSA-N,156.042258736,0.8119999999999996,0.89596,COc1c(O)cc(O)cc1O,IRETOL,Inactive,
67109982,Cc1cc(O)c2c(c1)Cc1cccc(O)c1C2=O,ZZBWSNKBZKPGAK-UHFFFAOYSA-N,240.078644244,2.541420000000001,0.895965,Cc1cc(O)c2c(c1)Cc1cccc(O)c1C2=O,CHRYSAROBIN,Inactive,
46275263,Cc1cccc(C)c1OCC(C)N.Cl,NFEIBWMZVIVJLQ-UHFFFAOYSA-N,215.107691876,2.45124,0.896155,Cc1cccc(C)c1OCC(C)N.Cl,MEXILETINE HYDROCHLORIDE,Inactive,
10587219,CCC1(c2ccccc2)C(=O)NCNC1=O,DQMZLTXERSFNPB-UHFFFAOYSA-N,218.105527688,0.5378999999999999,0.89621,CCC1(c2ccccc2)C(=O)NCNC1=O,PRIMIDONE,Inactive,
56750920,CC1(C)CCC2(C)CCC3(C)C(=CCC4C5(C)CCC(OC(=O)c6ccccc6)C(C)(C)C5CCC43C)C2C1,FJFGMZSGRVIUSZ-UHFFFAOYSA-N,530.412380968,10.033599999999996,0.896395,CC1(C)CCC2(C)CCC3(C)C(=CCC4C5(C)CCC(OC(=O)c6ccccc6)C(C)(C)C5CCC43C)C2C1,beta-AMYRIN BENZOATE,Inactive,
10109685,N=C(N)c1ccc(OCCCCCOc2ccc(C(=N)N)cc2)cc1.O=S(=O)(O)CCO.O=S(=O)(O)CCO,YBVNFKZSMZGRAD-UHFFFAOYSA-N,592.1872853519999,0.615840000000003,0.896595,N=C(N)c1ccc(OCCCCCOc2ccc(C(=N)N)cc2)cc1.O=S(=O)(O)CCO.O=S(=O)(O)CCO,PENTAMIDINE ISETHIONATE,Inactive,
55592621,COc1ccc2c(c1)[nH]c1c(C)nccc12,BXNJHAXVSOCGBA-UHFFFAOYSA-N,212.094963004,3.033120000000001,0.896595,COc1ccc2c(c1)[nH]c1c(C)nccc12,HARMINE,Inactive,
50084175,O=C1OC(c2ccc(O)cc2)(c2ccc(O)cc2)c2ccccc21,KJFMBFZCATUALV-UHFFFAOYSA-N,318.089208928,3.560100000000002,0.896785,O=C1OC(c2ccc(O)cc2)(c2ccc(O)cc2)c2ccccc21,PHENOLPHTHALEIN,Inactive,
66475999,COc1ccc(C=CC(=O)c2cc(O)ccc2O)cc1,FUQGIYDZGLORRC-UHFFFAOYSA-N,270.089208928,3.0025000000000013,0.897105,COc1ccc(C=CC(=O)c2cc(O)ccc2O)cc1,"2',5'-DIHYDROXY-4-METHOXYCHALCONE",Inactive,
71593568,CC(C)N=c1cc2n(-c3ccc(Cl)cc3)c3ccccc3nc-2cc1Nc1ccc(Cl)cc1,WDQPAMHFFCXSNU-UHFFFAOYSA-N,472.12215206400003,7.489800000000005,0.897245,CC(C)N=c1cc2n(-c3ccc(Cl)cc3)c3ccccc3nc-2cc1Nc1ccc(Cl)cc1,CLOFAZIMINE,Inactive,
16581508,CC(C)=CC1C(C(=O)OCc2cccc(Oc3ccccc3)c2)C1(C)C,SBNFWQZLDJGRLK-UHFFFAOYSA-N,350.18819469199997,5.760500000000005,0.897485,CC(C)=CC1C(C(=O)OCc2cccc(Oc3ccccc3)c2)C1(C)C,PHENOTHRIN,Inactive,
10074441,CC(=O)CCc1ccc(OC(C)=O)cc1,UMIKWXDGXDJQJK-UHFFFAOYSA-N,206.094294308,2.1334999999999997,0.897515,CC(=O)CCc1ccc(OC(C)=O)cc1,CUELURE,Inactive,
10057324,C=CC(C)(O)CCC=C(C)CCC=C(C)C,FQTLCLSUCSAZDY-UHFFFAOYSA-N,222.198365452,4.396300000000004,0.898115,C=CC(C)(O)CCC=C(C)CCC=C(C)C,NEROLIDOL,Inactive,
15689947,CSCCC(NC(=O)C(Cc1c[nH]c2ccccc12)NC(=O)CCNC(=O)OC(C)(C)C)C(=O)NC(CC(=O)O)C(=O)NC(Cc1ccccc1)C(N)=O,NEYNJQRKHLUJRU-UHFFFAOYSA-N,767.331247148,1.5202000000000044,0.899695,CSCCC(NC(=O)C(Cc1c[nH]c2ccccc12)NC(=O)CCNC(=O)OC(C)(C)C)C(=O)NC(CC(=O)O)C(=O)NC(Cc1ccccc1)C(N)=O,PENTAGASTRIN,Inactive,
47331323,CN(CC=Cc1ccccc1)Cc1cccc2ccccc12.Cl,OLUNPKFOFGZHRT-UHFFFAOYSA-N,323.14407738399996,5.406800000000005,0.89979,CN(CC=Cc1ccccc1)Cc1cccc2ccccc12.Cl,NAFTIFINE HYDROCHLORIDE,Inactive,
22007979,O=C(O)C(O)C(O)C(OC1OC(CO)C(O)C(O)C1O)C(O)CO,JYTUSYBCFIZPBE-UHFFFAOYSA-N,358.1111261439999,-5.668899999999993,0.89981,O=C(O)C(O)C(O)C(OC1OC(CO)C(O)C(O)C1O)C(O)CO,LACTOBIONIC ACID,Inactive,
10236515,Cc1cc(=O)oc2cc(O)ccc12,HSHNITRMYYLLCV-UHFFFAOYSA-N,176.047344116,1.8070199999999998,0.900245,Cc1cc(=O)oc2cc(O)ccc12,HYMECHROME,Inactive,
18292812,Cc1nccc2c1[nH]c1cc(O)ccc12,SATMZMMKDDTOSQ-UHFFFAOYSA-N,198.07931294,2.7301200000000003,0.900265,Cc1nccc2c1[nH]c1cc(O)ccc12,HARMOL,Inactive,
10174781,CC(=O)O[PbH2]OC(C)=O,NJJJCKUBWUKYFT-UHFFFAOYSA-L,328.0189108359999,-0.8886000000000001,0.90081,CC(=O)O[PbH2]OC(C)=O,LEAD ACETATE,Inactive,
11048863,Cc1nnc(NS(=O)(=O)c2ccc(N)cc2)s1,VACCAVUAMIDAGB-UHFFFAOYSA-N,270.02451756,1.2295199999999997,0.901995,Cc1nnc(NS(=O)(=O)c2ccc(N)cc2)s1,SULFAMETHIZOLE,Inactive,
84043398,COc1ccc2c(=O)cc(-c3ccccc3)oc2c1OC,KJRQQECDVUXBCO-UHFFFAOYSA-N,282.089208928,3.4772000000000025,0.902045,COc1ccc2c(=O)cc(-c3ccccc3)oc2c1OC,"7,8-DIMETHOXYFLAVONE",Inactive,
59895375,CCC=CCC=CCC=CCC=CCC=CCCCC(=O)OCC,SSQPWTVBQMWLSZ-UHFFFAOYSA-N,330.255880328,6.471200000000007,0.902335,CCC=CCC=CCC=CCC=CCC=CCCCC(=O)OCC,OMEGA-3-ACID ESTERS (EPA shown),Inactive,
30298757,C=CCc1ccc(OC)cc1,ZFMSMUAANRJZFM-UHFFFAOYSA-N,148.088815004,2.4237,0.9027,C=CCc1ccc(OC)cc1,ESTRAGOLE,Inactive,
40282268,O=c1c(O)cccc2cc(O)c(O)c(O)c12,WDGFFVCWBZVLCE-UHFFFAOYSA-N,220.037173356,1.0223999999999998,0.903155,O=c1c(O)cccc2cc(O)c(O)c(O)c12,PURPUROGALLIN,Inactive,
84485234,CC(C)c1ccc2oc3nc(N)c(C(=O)O)cc3c(=O)c2c1,SGRYPYWGNKJSDL-UHFFFAOYSA-N,298.095356928,2.745,0.90321,CC(C)c1ccc2oc3nc(N)c(C(=O)O)cc3c(=O)c2c1,AMLEXANOX,Inactive,
35916771,CC(C)(C)NCC(O)c1ccc(O)c(CO)c1,NDAUXUAQIAJITI-UHFFFAOYSA-N,239.152143532,1.3059999999999998,0.903255,CC(C)(C)NCC(O)c1ccc(O)c(CO)c1,ALBUTEROL,Inactive,
10609248,Nc1ccn(C2OC(CO)C(O)C2O)c(=O)n1,UHDGCWIWMRVCDJ-UHFFFAOYSA-N,243.085520516,-2.563,0.90347,Nc1ccn(C2OC(CO)C(O)C2O)c(=O)n1,CYTARABINE,Inactive,
10762499,C=CCc1ccccc1OCC(O)CNC(C)C.Cl,RRCPAXJDDNWJBI-UHFFFAOYSA-N,285.14955668799996,2.5746000000000007,0.903685,C=CCc1ccccc1OCC(O)CNC(C)C.Cl,ALPRENOLOL HYDROCHLORIDE,Inactive,
50676104,COC(=O)c1c(C)cc(OC)cc1O,PFVPJOAAHSOENR-UHFFFAOYSA-N,196.073558864,1.4958199999999997,0.903785,COC(=O)c1c(C)cc(OC)cc1O,SPARASSOL,Inactive,
51846784,CCC(CCC(C)C1CCC2C3CCC4CC(O)CCC4(C)C3CCC12C)C(C)C,LGJMUZUPVCAVPU-UHFFFAOYSA-N,416.401816284,8.10470000000001,0.903915,CCC(CCC(C)C1CCC2C3CCC4CC(O)CCC4(C)C3CCC12C)C(C)C,FUCOSTANOL,Inactive,
24937372,O=C(C=Cc1ccc(O)cc1)c1ccccc1O,FGPJTMCJNPRZGF-UHFFFAOYSA-N,240.078644244,2.9939000000000013,0.90399,O=C(C=Cc1ccc(O)cc1)c1ccccc1O,"2',4-DIHYDROXYCHALCONE",Inactive,
34114001,CC(C)(C)c1ccc(C(=O)CCCN2CCC(OC(c3ccccc3)c3ccccc3)CC2)cc1,MJJALKDDGIKVBE-UHFFFAOYSA-N,469.29807948800004,7.217600000000008,0.904095,CC(C)(C)c1ccc(C(=O)CCCN2CCC(OC(c3ccccc3)c3ccccc3)CC2)cc1,EBASTINE,Inactive,
70741954,CC(=O)C1CCC2C3CCC4=CC(=O)CCC4(C)C3CCC12C,RJKFOVLPORLFTN-UHFFFAOYSA-N,314.2245802,4.723500000000005,0.904175,CC(=O)C1CCC2C3CCC4=CC(=O)CCC4(C)C3CCC12C,PROGESTERONE,Inactive,
56806418,O=C(Nc1ccccc1)Nc1ccccc1,GWEHVDNNLFDJLR-UHFFFAOYSA-N,212.094963004,3.3306000000000013,0.90431,O=C(Nc1ccccc1)Nc1ccccc1,DIPHENYLUREA,Inactive,
31874702,COc1ccc(-c2coc3cc(OC)ccc3c2=O)c(O)c1,ZQOPJNNVXTYJMC-UHFFFAOYSA-N,298.084123548,3.182800000000002,0.90447,COc1ccc(-c2coc3cc(OC)ccc3c2=O)c(O)c1,"7,4'-DIMETHOXY-2'-HYDROXY-ISOFLAVONE",Inactive,
11037192,CC1=CC(=O)[N-]S(=O)(=O)O1.[K+],WBZFUFAFFUEMEI-UHFFFAOYSA-M,200.949810288,-2.9304999999999994,0.90483,CC1=CC(=O)[N-]S(=O)(=O)O1.[K+],ACESULFAME POTASSIUM,Inactive,
11535236,O=P1(NCCCl)OCCCN1CCCl,HOMGKSMUEGBAAB-UHFFFAOYSA-N,260.02481971,1.884,0.904985,O=P1(NCCCl)OCCCN1CCCl,IFOSFAMIDE,Inactive,
97549743,COc1c2occc2cc2ccc(=O)oc12,QXKHYNVANLEOEG-UHFFFAOYSA-N,216.042258736,2.5478000000000005,0.905025,COc1c2occc2cc2ccc(=O)oc12,METHOXSALEN,Inactive,
33167139,CCC(CO)NC(=O)C1C=C2c3cccc4c3c(cn4C)CC2N(C)C1.O=C(O)C=CC(=O)O,LWYXFDXUMVEZKS-UHFFFAOYSA-N,469.22128571199994,1.6468999999999996,0.905345,CCC(CO)NC(=O)C1C=C2c3cccc4c3c(cn4C)CC2N(C)C1.O=C(O)C=CC(=O)O,METHYSERGIDE MALEATE,Inactive,
25210794,Cl.NCCCC(=O)O,QPGLUEKHBNOAHG-UHFFFAOYSA-N,139.04000624,0.23169999999999996,0.905435,Cl.NCCCC(=O)O,gamma-AMINOBUTYRIC ACID HYDROCHLORIDE,Inactive,
87589561,CC(S)C(=O)NCC(=O)O,YTGJWQPHMWSCST-UHFFFAOYSA-N,163.030314148,-0.49450000000000044,0.905885,CC(S)C(=O)NCC(=O)O,TIOPRONIN,Inactive,
85286348,CCOc1ccc(Cc2cc(C3OC(CO)C(O)C(O)C3O)ccc2Cl)cc1,JVHXJTBJCFBINQ-UHFFFAOYSA-N,408.1339662,1.8443999999999996,0.905945,CCOc1ccc(Cc2cc(C3OC(CO)C(O)C(O)C3O)ccc2Cl)cc1,DAPAGLIFLOZIN,Inactive,
42456340,COC1CC(OC2C(C)OC(OC3C(C)=CCC4CC(CC5(C=CC(C)C(C6CCCCC6)O5)O4)OC(=O)C4C=C(C)C(O)C5OCC(=CC=CC3C)C45O)CC2OC)OC(C)C1O,QLFZZSKTJWDQOS-UHFFFAOYSA-N,898.5078570480001,5.911600000000009,0.90645,COC1CC(OC2C(C)OC(OC3C(C)=CCC4CC(CC5(C=CC(C)C(C6CCCCC6)O5)O4)OC(=O)C4C=C(C)C(O)C5OCC(=CC=CC3C)C45O)CC2OC)OC(C)C1O,DORAMECTIN,Inactive,
94645383,COc1ccc(CC(=O)c2ccc(O)cc2O)cc1,XHBZOAYMBBUURD-UHFFFAOYSA-N,258.089208928,2.5318000000000005,0.906565,COc1ccc(CC(=O)c2ccc(O)cc2O)cc1,ONONETIN,Inactive,
26136560,CCCc1nc2c(C)cc(-c3nc4ccccc4n3C)cc2n1Cc1ccc(-c2ccccc2C(=O)O)cc1,RMMXLENWKUUMAY-UHFFFAOYSA-N,514.2368762,7.2644200000000065,0.906695,CCCc1nc2c(C)cc(-c3nc4ccccc4n3C)cc2n1Cc1ccc(-c2ccccc2C(=O)O)cc1,TELMISARTAN,Inactive,
32940980,CNCCC(Oc1cccc2ccccc12)c1cccs1.Cl,BFFSMCNJSOPUAY-UHFFFAOYSA-N,333.09541294,5.052700000000004,0.907025,CNCCC(Oc1cccc2ccccc12)c1cccs1.Cl,DULOXETINE HYDROCHLORIDE,Inactive,
74747668,COc1ccc(C=CC(=O)Nc2ccccc2C(=O)O)cc1OC,NZHGWWWHIYHZNX-UHFFFAOYSA-N,327.110672644,3.0539000000000014,0.9072,COc1ccc(C=CC(=O)Nc2ccccc2C(=O)O)cc1OC,TRANILAST,Inactive,
93182779,CN(C)CCCN1c2ccccc2CCc2ccccc21.Cl,XZZXIYZZBJDEEP-UHFFFAOYSA-N,316.17062648,4.296800000000005,0.907295,CN(C)CCCN1c2ccccc2CCc2ccccc21.Cl,IMIPRAMINE HYDROCHLORIDE,Inactive,
45607535,CC1(O)CCOC(=O)C1,JYVXNLLUYHCIIH-UHFFFAOYSA-N,130.06299418,0.07440000000000002,0.907555,CC1(O)CCOC(=O)C1,MEVALONIC ACID LACTONE,Inactive,
43774312,CC1(C)C2CCC1(C)C(O)C2,DTGKSKDOIYIVQL-UHFFFAOYSA-N,154.135765196,2.1935000000000002,0.908065,CC1(C)C2CCC1(C)C(O)C2,BORNEOL,Inactive,
89554941,COC1=C(CC=C(C)C)C(=O)c2ccccc2C1=O,NHTTYMNGELRKMP-UHFFFAOYSA-N,256.10994437200003,3.322400000000002,0.90809,COC1=C(CC=C(C)C)C(=O)c2ccccc2C1=O,LAPACHOL METHYL ETHER,Inactive,
10402815,Cl.N=C(N)NN,UBDZFAGVPPMTIT-UHFFFAOYSA-N,110.03592390399999,-1.2350300000000005,0.909215,Cl.N=C(N)NN,PIMAGEDINE HYDROCHLORIDE,Inactive,
62915912,COc1cc(C=CC(=O)N2CCCCCCC2)cc(OC)c1OC,MDGVCMGGLSOVIQ-UHFFFAOYSA-N,333.194008344,3.5183000000000026,0.909395,COc1cc(C=CC(=O)N2CCCCCCC2)cc(OC)c1OC,CINOCTRAMIDE,Inactive,
69842031,CC(C)=CC1C(C(=O)O)C1(C)C,XLOPRKKSAJMMEW-UHFFFAOYSA-N,168.115029752,2.3094,0.910455,CC(C)=CC1C(C(=O)O)C1(C)C,CHRYSANTHEMIC ACID,Inactive,
10379936,COc1cc2c(cc1OC)C(=O)OC2,UKFAWRZYFYOXEG-UHFFFAOYSA-N,194.0579088,1.3741999999999999,0.910625,COc1cc2c(cc1OC)C(=O)OC2,METAMECONINE,Inactive,
54286052,CCOc1cc(C=O)ccc1O,CBOQJANXLMLOSS-UHFFFAOYSA-N,166.06299418,1.6034,0.910635,CCOc1cc(C=O)ccc1O,ETHYL VANILLIN,Inactive,
83013774,Cl.Nc1c2c(nc3ccccc13)CCCC2,ZUFVXZVXEJHHBN-UHFFFAOYSA-N,234.09237616,3.1176000000000013,0.910695,Cl.Nc1c2c(nc3ccccc13)CCCC2,TACRINE HYDROCHLORIDE,Inactive,
37666302,COc1cc(OC)c(OC)cc1C=O,IAJBQAYHSQIQRE-UHFFFAOYSA-N,196.073558864,1.5249,0.910965,COc1cc(OC)c(OC)cc1C=O,ASARYLALDEHYDE,Inactive,
10270804,O=C([O-])c1ccccc1-c1c2cc(Br)c(=O)cc-2oc2c([Hg]O)c([O-])c(Br)cc12.[Na+].[Na+],SQFDQLBYJKFDDO-UHFFFAOYSA-K,749.8189437360002,-3.8499999999999996,0.91193,O=C([O-])c1ccccc1-c1c2cc(Br)c(=O)cc-2oc2c([Hg]O)c([O-])c(Br)cc12.[Na+].[Na+],MERBROMIN,Inactive,
61296708,O=C(O)C1C(=CCO)OC2CC(=O)N21.[LiH],TZEKKJSZIPSHNY-UHFFFAOYSA-N,207.07190197,-1.7441000000000002,0.911965,O=C(O)C1C(=CCO)OC2CC(=O)N21.[LiH],CLAVULANATE LITHIUM,Inactive,
13530126,C=CC1CN2CCC1CC2C(OC(=O)OCC)c1ccnc2ccc(OC)cc12,NSBRKSWSLRQPJW-UHFFFAOYSA-N,396.204907376,4.3540000000000045,0.91201,C=CC1CN2CCC1CC2C(OC(=O)OCC)c1ccnc2ccc(OC)cc12,QUININE ETHYL CARBONATE,Inactive,
51536456,CC(=O)NC(CC(C)C)C(=O)O,WXNXCEHXYPACJF-UHFFFAOYSA-N,173.10519334,0.6218000000000001,0.91205,CC(=O)NC(CC(C)C)C(=O)O,ACETYL-L-LEUCINE,Inactive,
84512392,COC(=O)C1=C(C)NC(C)=C(C(=O)OC)C1c1ccccc1[N+](=O)[O-],HYIMSNHJOBLJNT-UHFFFAOYSA-N,346.11648629599995,2.1756,0.912425,COC(=O)C1=C(C)NC(C)=C(C(=O)OC)C1c1ccccc1[N+](=O)[O-],NIFEDIPINE,Inactive,
10363549,CC12C=CC(=O)C=C1CCC1C2C(O)CC2(C)C1CCC2(O)C(=O)COC(=O)CCC(=O)O,APGDTXUMTIZLCJ-UHFFFAOYSA-N,460.20971798399984,1.9732999999999998,0.91244,CC12C=CC(=O)C=C1CCC1C2C(O)CC2(C)C1CCC2(O)C(=O)COC(=O)CCC(=O)O,PREDNISOLONE HEMISUCCINATE,Inactive,
64382489,CCCCCCCCCCOc1cc2c(O)c(C(=O)OCC)cnc2cc1OCC,JHAYEQICABJSTP-UHFFFAOYSA-N,417.25152322,6.035300000000007,0.91247,CCCCCCCCCCOc1cc2c(O)c(C(=O)OCC)cnc2cc1OCC,DECOQUINATE [5mM],Inactive,
64967769,CC1CCC2(OC1)OC1CC3C4CCC5CC(O)CCC5(C)C4CC(=O)C3(C)C1C2C,QOLRLLFJMZLYQJ-UHFFFAOYSA-N,430.30830982399993,4.972800000000005,0.91267,CC1CCC2(OC1)OC1CC3C4CCC5CC(O)CCC5(C)C4CC(=O)C3(C)C1C2C,HECOGENIN,Inactive,
10991506,CC(C)(Oc1ccc(C(=O)c2ccc(Cl)cc2)cc1)C(=O)O,MQOBSOSZFYZQOK-UHFFFAOYSA-N,318.06588664,3.8130000000000033,0.91272,CC(C)(Oc1ccc(C(=O)c2ccc(Cl)cc2)cc1)C(=O)O,FENOFIBRIC ACID,Inactive,
93617863,CC(=O)OCC(=O)C1(O)C(C)CC2C3CCC4=CC(=O)C=CC4(C)C3(F)C(O)CC21C,AKUJBENLRBOFTD-UHFFFAOYSA-N,434.210466932,2.466500000000001,0.912835,CC(=O)OCC(=O)C1(O)C(C)CC2C3CCC4=CC(=O)C=CC4(C)C3(F)C(O)CC21C,BETAMETHASONE ACETATE,Inactive,
59571496,CN(CCCl)CCCl,HAWPXGHAZFHHAD-UHFFFAOYSA-N,155.026854712,1.3958,0.91288,CN(CCCl)CCCl,MECHLORETHAMINE,Inactive,
23558735,OC1(c2ccc(Cl)c(C(F)(F)F)c2)CCN(CCCC(c2ccc(F)cc2)c2ccc(F)cc2)CC1,MDLAAYDRRZXJIF-UHFFFAOYSA-N,523.170133264,7.532700000000006,0.91296,OC1(c2ccc(Cl)c(C(F)(F)F)c2)CCN(CCCC(c2ccc(F)cc2)c2ccc(F)cc2)CC1,PENFLURIDOL,Inactive,
89120587,OCCN1CCN(CCCN2c3ccccc3Sc3ccc(Cl)cc32)CC1,RGCVKNLCSQQDEP-UHFFFAOYSA-N,403.14851113199995,3.942700000000003,0.91331,OCCN1CCN(CCCN2c3ccccc3Sc3ccc(Cl)cc32)CC1,PERPHENAZINE,Inactive,
57304637,CC(C)(O)C1CCC(C)(C2C(O)CC3(C)C4CC(OC5OC(CO)C(O)C(O)C5O)C5C(C)(C)C(OC6OCC(O)C(O)C6O)CCC56CC46CCC23C)O1,QMNWISYXSJWHRY-UHFFFAOYSA-N,784.460906856,0.7241000000000044,0.914235,CC(C)(O)C1CCC(C)(C2C(O)CC3(C)C4CC(OC5OC(CO)C(O)C(O)C5O)C5C(C)(C)C(OC6OCC(O)C(O)C6O)CCC56CC46CCC23C)O1,ASTRAGALOSIDE IV,Inactive,
42352587,NC(CO)(CO)CO.O=C(c1ccccc1)c1ccc2n1CCC2C(=O)O,BWHLPLXXIDYSNW-UHFFFAOYSA-N,376.16343648799995,-0.048200000000000076,0.914475,NC(CO)(CO)CO.O=C(c1ccccc1)c1ccc2n1CCC2C(=O)O,KETOROLAC TROMETHAMINE,Inactive,
63334115,CN1C(=O)OC(C)(C)C1=O,IRYJRGCIQBGHIV-UHFFFAOYSA-N,143.058243148,0.37359999999999993,0.91449,CN1C(=O)OC(C)(C)C1=O,TRIMETHADIONE,Inactive,
69338722,CC[n+]1c(-c2ccccc2)c2cc(N)ccc2c2ccc(N)cc21.[Br-],ZMMJGEGLRURXTF-UHFFFAOYSA-N,393.08405974,1.1358,0.91453,CC[n+]1c(-c2ccccc2)c2cc(N)ccc2c2ccc(N)cc21.[Br-],HOMIDIUM BROMIDE,Inactive,
21585789,C=C(C)C1CCC2(CO)CCC3(C)C(CCC4C5(C)CCC(O)C(C)(C)C5CCC43C)C12,FVWJYYTZTCVBKE-UHFFFAOYSA-N,442.38108084,6.997200000000009,0.91458,C=C(C)C1CCC2(CO)CCC3(C)C(CCC4C5(C)CCC(O)C(C)(C)C5CCC43C)C12,BETULIN,Inactive,
47165045,CC(C)(C)NC(=O)C1CN(Cc2cccnc2)CCN1CC(O)CC(Cc1ccccc1)C(=O)NC1c2ccccc2CC1O,CBVCZFGXHXORBI-UHFFFAOYSA-N,613.362804984,2.8669000000000016,0.91506,CC(C)(C)NC(=O)C1CN(Cc2cccnc2)CCN1CC(O)CC(Cc1ccccc1)C(=O)NC1c2ccccc2CC1O,INDINAVIR SULFATE,Inactive,
56861037,CN1CCCC(n2nc(Cc3ccc(Cl)cc3)c3ccccc3c2=O)CC1.Cl,YEJAJYAHJQIWNU-UHFFFAOYSA-N,417.13746777999995,4.719300000000006,0.91518,CN1CCCC(n2nc(Cc3ccc(Cl)cc3)c3ccccc3c2=O)CC1.Cl,AZELASTINE HYDROCHLORIDE,Inactive,
87539212,OCCSCCO,YODZTKMDCQEPHD-UHFFFAOYSA-N,122.04015056,-0.2958,0.91528,OCCSCCO,THIODIGLYCOL,Inactive,
10206925,NCC1OC(OC2C(CO)OC(OC3C(O)C(N)CC(N)C3OC3OC(CO)C(O)C(O)C3N)C2O)C(N)C(O)C1O.O=S(=O)(O)O,LJRDOKAZOAKLDU-UHFFFAOYSA-N,713.263680664,-9.514500000000016,0.915355,NCC1OC(OC2C(CO)OC(OC3C(O)C(N)CC(N)C3OC3OC(CO)C(O)C(O)C3N)C2O)C(N)C(O)C1O.O=S(=O)(O)O,PAROMOMYCIN SULFATE,Inactive,
60595347,C#CC1(OC(C)=O)CCC2C3CCC4=CC(=NO)CCC4C3CCC21CC,KIQQMECNKUGGKA-UHFFFAOYSA-N,369.230393852,4.714500000000005,0.91553,C#CC1(OC(C)=O)CCC2C3CCC4=CC(=NO)CCC4C3CCC21CC,NORGESTIMATE,Inactive,
32565959,CC(CCC(=O)NCC(=O)O)C1CCC2C3C(O)CC4CC(O)CCC4(C)C3CC(O)C12C,RFDAIACWWDREDC-UHFFFAOYSA-N,465.30903809599994,2.564899999999999,0.915715,CC(CCC(=O)NCC(=O)O)C1CCC2C3C(O)CC4CC(O)CCC4(C)C3CC(O)C12C,GLYCOCHOLIC ACID,Inactive,
10224343,O=C(O)c1ccc[n+]([O-])c1,FJCFFCXMEXZEIM-UHFFFAOYSA-N,139.02694302,0.01819999999999994,0.91606,O=C(O)c1ccc[n+]([O-])c1,OXINIACIC ACID,Inactive,
77906261,COc1c(-c2ccccc2)oc2c(ccc3ccoc32)c1=O,JANBLZHPNGBWAO-UHFFFAOYSA-N,292.07355886399995,4.214800000000003,0.916075,COc1c(-c2ccccc2)oc2c(ccc3ccoc32)c1=O,KARANJIN,Inactive,
95661578,COC(=O)NC(C(=O)NC(Cc1ccccc1)C(O)CN(Cc1ccc(-c2ccccn2)cc1)NC(=O)C(NC(=O)OC)C(C)(C)C)C(C)(C)C.O=S(=O)(O)O,DQSGVVGOPRWTKI-UHFFFAOYSA-N,802.3571275480003,3.5588000000000024,0.916335,COC(=O)NC(C(=O)NC(Cc1ccccc1)C(O)CN(Cc1ccc(-c2ccccn2)cc1)NC(=O)C(NC(=O)OC)C(C)(C)C)C(C)(C)C.O=S(=O)(O)O,ATAZANAVIR SULFATE,Inactive,
57586398,CC(C)=CCCC(C)=CCCC(C)=CCO,CRDAMVZIKSXKFV-UHFFFAOYSA-N,222.198365452,4.397900000000004,0.916495,CC(C)=CCCC(C)=CCCC(C)=CCO,"trans,trans-FARNESOL",Inactive,
10238506,O=C(c1cccnc1)N1CCOCC1,QLPQPTXSAXQCMR-UHFFFAOYSA-N,192.089877624,0.5539999999999999,0.916695,O=C(c1cccnc1)N1CCOCC1,NICOPHOLINE,Inactive,
56310019,O=C(C=Cc1ccccc1)c1ccc(O)cc1O,JUMSUVHHUVPSOY-UHFFFAOYSA-N,240.078644244,2.9939000000000013,0.916725,O=C(C=Cc1ccccc1)c1ccc(O)cc1O,"2',4'-DIHYDROXYCHALCONE",Inactive,
43120955,CCOC(=O)c1c(C)cc(OC)cc1O,PJOOIAZRUIIQMU-UHFFFAOYSA-N,210.089208928,1.88592,0.917155,CCOC(=O)c1c(C)cc(OC)cc1O,ETHYL EVERNINATE,Inactive,
60546287,CC(C)NCC(O)COc1cccc2[nH]ccc12,JZQKKSLKJUAGIC-UHFFFAOYSA-N,248.15247788,1.9055999999999995,0.91724,CC(C)NCC(O)COc1cccc2[nH]ccc12,PINDOLOL,Inactive,
11199741,CCCc1ncc(C[n+]2ccccc2C)c(N)n1.[Cl-],LCTXBFGHZLGBNU-UHFFFAOYSA-M,278.129824288,-1.3404799999999972,0.917325,CCCc1ncc(C[n+]2ccccc2C)c(N)n1.[Cl-],AMPROLIUM,Inactive,
80060569,NC(CSCSCC(N)C(=O)O)C(=O)O,JMQMNWIBUCGUDO-UHFFFAOYSA-N,254.039498928,-0.7658999999999989,0.91738,NC(CSCSCC(N)C(=O)O)C(=O)O,DJENKOLIC ACID,Inactive,
87171484,Clc1ccc(C(Cn2ccnc2)OCc2ccsc2Cl)c(Cl)c1,QXHHHPZILQDDPS-UHFFFAOYSA-N,385.981417076,5.8629000000000016,0.917425,Clc1ccc(C(Cn2ccnc2)OCc2ccsc2Cl)c(Cl)c1,TIOCONAZOLE,Inactive,
45265514,Cl.O=C1CN2Cc3c(ccc(Cl)c3Cl)N=C2N1,TVWRQCIPWUCNMI-UHFFFAOYSA-N,290.97329491600004,2.3481000000000005,0.91772,Cl.O=C1CN2Cc3c(ccc(Cl)c3Cl)N=C2N1,ANAGRELIDE HYDROCHLORIDE,Inactive,
77947939,CC(C)=CCCC(C)C1CCC2(C)C3=C(CCC12C)C1(C)CCC(O)C(C)(C)C1CC3,CAHGCLMLTWQZNJ-UHFFFAOYSA-N,426.38616621999995,8.479100000000006,0.91795,CC(C)=CCCC(C)C1CCC2(C)C3=C(CCC12C)C1(C)CCC(O)C(C)(C)C1CC3,EUPHOL,Inactive,
34013605,COc1cc(O)c2c(=O)cc(C)oc2c1CC=C(C)C,KVNRDSLYCOJCRD-UHFFFAOYSA-N,274.120509056,3.324320000000002,0.918475,COc1cc(O)c2c(=O)cc(C)oc2c1CC=C(C)C,HETEROPEUCENIN METHYL ETHER,Inactive,
63904758,CCCCOC(=O)CCCCCCC(=O)OCCCC,LBXQUCHUHCBNTC-UHFFFAOYSA-N,286.21440944,4.013600000000004,0.918665,CCCCOC(=O)CCCCCCC(=O)OCCCC,DIBUTYL SUBERATE,Inactive,
68232779,COc1ccc2c(c1)c(CC(=O)O)c(C)n2C(=O)c1ccc(Cl)cc1,CGIGDMFJXJATDK-UHFFFAOYSA-N,357.07678567199997,3.9273200000000026,0.919045,COc1ccc2c(c1)c(CC(=O)O)c(C)n2C(=O)c1ccc(Cl)cc1,INDOMETHACIN,Inactive,
34706605,O=c1[nH]c(=O)n(C2CC(O)C(CO)O2)cc1C=CBr,ODZBBRURCPAEIQ-UHFFFAOYSA-N,332.00078361600004,-0.45710000000000006,0.91915,O=c1[nH]c(=O)n(C2CC(O)C(CO)O2)cc1C=CBr,BRIVUDINE,Inactive,
24945041,OCC(O)C1OC2OC(C(Cl)(Cl)Cl)OC2C1O,OJYGBLRPYBAHRT-UHFFFAOYSA-N,307.962121112,-0.46290000000000026,0.91921,OCC(O)C1OC2OC(C(Cl)(Cl)Cl)OC2C1O,CHLORALOSE,Inactive,
86478974,CCCCc1oc2ccccc2c1C(=O)c1cc(I)c(OCCN(CC)CC)c(I)c1.Cl,ITPDYQOUSLNIHG-UHFFFAOYSA-N,681.0003675000002,7.358000000000007,0.919235,CCCCc1oc2ccccc2c1C(=O)c1cc(I)c(OCCN(CC)CC)c(I)c1.Cl,AMIODARONE HYDROCHLORIDE,Inactive,
84238546,Cl.Clc1ccc(Cn2c(CN3CCCC3)nc3ccccc32)cc1,DNFMJYXRIMLMBZ-UHFFFAOYSA-N,361.11125303200004,4.755600000000004,0.91971,Cl.Clc1ccc(Cn2c(CN3CCCC3)nc3ccccc32)cc1,CLEMIZOLE HYDROCHLORIDE,Inactive,
71749475,C=C1CCC(=O)C(C)CCC2C1CC2(C)C,GWBJPNAWYMBRLQ-UHFFFAOYSA-N,220.182715388,3.9841000000000033,0.92017,C=C1CCC(=O)C(C)CCC2C1CC2(C)C,DIHYDROCARYOPHYLLEN-5-ONE,Inactive,
81740774,CN(CCOc1ccc(CC2SC(=O)NC2=O)cc1)c1ccccn1.O=C(O)C=CC(=O)O,SUFUKZSWUHZXAV-UHFFFAOYSA-N,473.12567107599995,2.2027,0.921075,CN(CCOc1ccc(CC2SC(=O)NC2=O)cc1)c1ccccn1.O=C(O)C=CC(=O)O,ROSIGLITAZONE MALEATE,Inactive,
90826761,COc1ccc2c3c([nH]c2c1)C(C)=NCC3,RERZNCLIYCABFS-UHFFFAOYSA-N,214.110613068,2.5416000000000007,0.92112,COc1ccc2c3c([nH]c2c1)C(C)=NCC3,HARMALINE,Inactive,
43660401,CCN(C)C(=O)Oc1cccc(C(C)N(C)C)c1.O=C(O)C(O)C(O)C(=O)O,GWHQHAUAXRMMOT-UHFFFAOYSA-N,400.1845658559999,0.6371000000000009,0.92166,CCN(C)C(=O)Oc1cccc(C(C)N(C)C)c1.O=C(O)C(O)C(O)C(=O)O,RIVASTIGMINE TARTRATE,Inactive,
30169757,CC#CCN1C(N2CCCC(N)C2)=NC2C1C(=O)N(Cc1nc(C)c3ccccc3n1)C(=O)N2C,BTGFGXRESYKOCS-UHFFFAOYSA-N,474.24917220000003,1.1449200000000028,0.921945,CC#CCN1C(N2CCCC(N)C2)=NC2C1C(=O)N(Cc1nc(C)c3ccccc3n1)C(=O)N2C,LINAGLIPTIN,Inactive,
65325923,CC1CCC2(C(=O)OC3OC(COC4OC(CO)C(OC5OC(C)C(O)C(O)C5O)C(O)C4O)C(O)C(O)C3O)CCC3(C)C(=CCC4C5(C)CC(O)C(O)C(C)(CO)C5CCC43C)C2C1C,WYQVAPGDARQUBT-UHFFFAOYSA-N,958.5137302759999,-1.0327999999999866,0.922095,CC1CCC2(C(=O)OC3OC(COC4OC(CO)C(OC5OC(C)C(O)C(O)C5O)C(O)C4O)C(O)C(O)C3O)CCC3(C)C(=CCC4C5(C)CC(O)C(O)C(C)(CO)C5CCC43C)C2C1C,ASIATICOSIDE,Inactive,
25665903,CCC(C)C(N)C(=O)O,AGPKZVBTJJNPAG-UHFFFAOYSA-N,131.094628656,0.44439999999999996,0.92251,CCC(C)C(N)C(=O)O,ISOLEUCINE (L),Inactive,
18076135,CC(=O)Nc1ncc([N+](=O)[O-])s1,UJRRDDHEMZLWFI-UHFFFAOYSA-N,187.00516202,1.0096999999999998,0.922725,CC(=O)Nc1ncc([N+](=O)[O-])s1,NITHIAMIDE,Inactive,
57673020,Cc1cc(O)c2c(c1)C(=O)c1cc(O)cc(O)c1C2=O,RHMXXJGYXNZAPX-UHFFFAOYSA-N,270.05282342,1.8872199999999997,0.923205,Cc1cc(O)c2c(c1)C(=O)c1cc(O)cc(O)c1C2=O,EMODIN,Inactive,
35888936,NS(=O)(=O)c1ccc(C(=O)O)cc1,UCAGLBKTLXCODC-UHFFFAOYSA-N,201.009578704,0.03219999999999995,0.923955,NS(=O)(=O)c1ccc(C(=O)O)cc1,CARZENIDE,Inactive,
79427797,CC1CCC2(OC1)OC1CC3C4CCC5CC(O)CCC5(C)C4CCC3(C)C1C2C,GMBQZIIUCVWOCD-UHFFFAOYSA-N,416.32904526799996,5.793800000000006,0.92409,CC1CCC2(OC1)OC1CC3C4CCC5CC(O)CCC5(C)C4CCC3(C)C1C2C,SARSASAPOGENIN,Inactive,
26093532,C[N+]1(C)C2CCC1CC(OC(=O)C(O)c1ccccc1)C2.[Br-],FUFVKLQESJNNAN-UHFFFAOYSA-M,369.093955728,-0.9629999999999976,0.924155,C[N+]1(C)C2CCC1CC(OC(=O)C(O)c1ccccc1)C2.[Br-],HOMATROPINE METHYLBROMIDE,Inactive,
30389512,COc1cc(OC)c2c(c1Cl)OC1(C2=O)C(O)=CC(=O)CC1C,KUTVEHNZHKAAAO-UHFFFAOYSA-N,338.05571588,2.7219000000000007,0.92479,COc1cc(OC)c2c(c1Cl)OC1(C2=O)C(O)=CC(=O)CC1C,GRISEOFULVIC ACID,Inactive,
11390489,C=CC1(C)CC(=O)C2(O)C(C)(O1)C(O)C(O)C1C(C)(C)CCC(O)C12C,WPDITXOBNLYZHH-UHFFFAOYSA-N,368.219888744,0.9490999999999989,0.924855,C=CC1(C)CC(=O)C2(O)C(C)(O1)C(O)C(O)C1C(C)(C)CCC(O)C12C,DESACETYLCOLFORSIN,Inactive,
12051696,CS(=O)(=O)Nc1ccc([N+](=O)[O-])cc1Oc1ccccc1,HYWYRSMBCFDLJT-UHFFFAOYSA-N,308.046692484,2.7586000000000013,0.92525,CS(=O)(=O)Nc1ccc([N+](=O)[O-])cc1Oc1ccccc1,NIMESULIDE,Inactive,
10529890,CC(=O)OC1CCC2(C)C(CCC3(C)C2C2OC2C24OC(=O)C5(CCC(C)C(C)C52)CCC34C)C1(C)C,YAMVHWVYHOZWMH-UHFFFAOYSA-N,512.350174636,6.322200000000008,0.92529,CC(=O)OC1CCC2(C)C(CCC3(C)C2C2OC2C24OC(=O)C5(CCC(C)C(C)C52)CCC34C)C1(C)C,11(12)-EPOXY-URSOLOLACTONE ACETATE,Inactive,
48452209,NC(=O)c1cc([N+](=O)[O-])cc([N+](=O)[O-])c1,UUKWKUSGGZNXGA-UHFFFAOYSA-N,211.02292026,0.6018999999999999,0.92555,NC(=O)c1cc([N+](=O)[O-])cc([N+](=O)[O-])c1,NITROMIDE,Inactive,
66464175,CC(C)(O)C1C2OC(=O)C1C1(O)CC3OC34C(=O)OC2C14C,RYEFFICCPKWYML-UHFFFAOYSA-N,310.105252916,-0.8672,0.925955,CC(C)(O)C1C2OC(=O)C1C1(O)CC3OC34C(=O)OC2C14C,PICROTIN,Inactive,
33658934,COc1ccc(O)c(C(C)(C)C)c1,MRBKEAMVRSLQPH-UHFFFAOYSA-N,180.115029752,2.6983000000000006,0.926235,COc1ccc(O)c(C(C)(C)C)c1,BUTYLATED HYDROXYANISOLE,Inactive,
89294589,CCOc1ccccc1C(N)=O,SBNKFTQSBPKMBZ-UHFFFAOYSA-N,165.078978592,1.1842,0.926305,CCOc1ccccc1C(N)=O,ETHENZAMIDE,Inactive,
41992184,CC(=O)OC1CCC2(C)C(CCC3C4CC=C(C(C)=O)C4(C)CCC32)C1,YFMSIVMSEGIVCP-UHFFFAOYSA-N,358.25079494799996,5.086100000000005,0.92667,CC(=O)OC1CCC2(C)C(CCC3C4CC=C(C(C)=O)C4(C)CCC32)C1,3-beta-ACETOXYALLOPREG-16-EN-20-ONE,Inactive,
11322636,CC(=O)Oc1ccc(O)cc1,HBMCQTHGYMTCOF-UHFFFAOYSA-N,152.047344116,1.3175,0.92669,CC(=O)Oc1ccc(O)cc1,4-ACETOXYPHENOL,Inactive,
85153581,CNCc1ccccc1.Cl,CBSOFSBFHDQRLV-UHFFFAOYSA-N,157.065827064,1.8277999999999999,0.92671,CNCc1ccccc1.Cl,N-METHYLBENZYLAMINE HYDROCHLORIDE,Inactive,
80531788,CC(C)NCC(O)c1ccc(NS(C)(=O)=O)cc1.Cl,VIDRYROWYFWGSY-UHFFFAOYSA-N,308.096141212,1.5112999999999999,0.926725,CC(C)NCC(O)c1ccc(NS(C)(=O)=O)cc1.Cl,SOTALOL HYDROCHLORIDE,Inactive,
56362568,O=C(c1ccc(F)cc1)C1CCN(CCn2c(=O)[nH]c3ccccc3c2=O)CC1,FPCCSQOGAWCVBH-UHFFFAOYSA-N,395.16451978399994,2.423800000000001,0.92755,O=C(c1ccc(F)cc1)C1CCN(CCn2c(=O)[nH]c3ccccc3c2=O)CC1,KETANSERIN,Inactive,
11578460,Cl.Cl.NCCSSCCN,YUFRRMZSSPQMOS-UHFFFAOYSA-N,223.99754580799998,1.1288,0.928035,Cl.Cl.NCCSSCCN,CYSTAMINE DIHYDROCHLORIDE,Inactive,
47967558,O=C(CCCN1CCC(O)(c2ccc(Br)cc2)CC1)c1ccc(F)cc1,RKLNONIVDFXQRX-UHFFFAOYSA-N,419.089619296,4.5347000000000035,0.92806,O=C(CCCN1CCC(O)(c2ccc(Br)cc2)CC1)c1ccc(F)cc1,BROMPERIDOL,Inactive,
35111676,O=S1(=O)OC(c2ccc(O)cc2)(c2ccc(O)cc2)c2ccccc21,BELBBZDIHDAJOR-UHFFFAOYSA-N,354.056194548,3.108600000000001,0.92816,O=S1(=O)OC(c2ccc(O)cc2)(c2ccc(O)cc2)c2ccccc21,PHENOLSULFONPHTHALEIN,Inactive,
85809537,COc1c(C)c2c(c(O)c1CC=C(C)CCC(=O)OCCN1CCOCC1)C(=O)OC2,RTGDFNSFWBGLEC-UHFFFAOYSA-N,433.210052332,2.52402,0.92835,COc1c(C)c2c(c(O)c1CC=C(C)CCC(=O)OCCN1CCOCC1)C(=O)OC2,MYCOPHENOLATE MOFETIL,Inactive,
99184566,CC12C(=O)OC(=O)C1(C)C1CCC2O1,DHZBEENLJMYSHQ-UHFFFAOYSA-N,196.073558864,0.6436,0.928455,CC12C(=O)OC(=O)C1(C)C1CCC2O1,CANTHARIDIN,Inactive,
44091864,CC1=NN(c2ccccc2)C(=O)C1,QELUYTUMUWHWMC-UHFFFAOYSA-N,174.07931294,1.7992,0.92879,CC1=NN(c2ccccc2)C(=O)C1,EDARAVONE,Inactive,
87803843,CCCNCC(O)COc1ccccc1C(=O)CCc1ccccc1.Cl,XWIHRGFIPXWGEF-UHFFFAOYSA-N,377.175771436,3.663200000000003,0.928905,CCCNCC(O)COc1ccccc1C(=O)CCc1ccccc1.Cl,PROPAFENONE HYDROCHLORIDE,Inactive,
58007682,NC(Cc1cc(I)c(O)c(I)c1)C(=O)O.O.O,YWAGQOOMOOUEGY-UHFFFAOYSA-N,468.8883185159999,-0.09360000000000018,0.929055,NC(Cc1cc(I)c(O)c(I)c1)C(=O)O.O.O,DIIODOTYROSINE DIHYDRATE,Inactive,
54175507,CC1(C)OC2CC(=O)OCC23C1CC(=O)C1(C)C3CCC2(C)C(c3ccoc3)OC(=O)C3OC321,KBDSLGBFQAGHBE-UHFFFAOYSA-N,470.1940679199999,3.137400000000002,0.92909,CC1(C)OC2CC(=O)OCC23C1CC(=O)C1(C)C3CCC2(C)C(c3ccoc3)OC(=O)C3OC321,LIMONIN,Inactive,
38598995,Cc1cc2c(s1)Nc1ccccc1N=C2N1CCN(C)CC1,KVWDHTXUZHCGIO-UHFFFAOYSA-N,312.14086764,3.4392200000000033,0.929205,Cc1cc2c(s1)Nc1ccccc1N=C2N1CCN(C)CC1,OLANZAPINE,Inactive,
10948300,COc1ccccc1O,LHGVFZTZFXWLCP-UHFFFAOYSA-N,124.052429496,1.4008,0.929295,COc1ccccc1O,GUAIACOL,Inactive,
20006014,OCC1OC(OCC2OC(O)C(O)C(O)C2O)C(O)C(O)C1O,DLRVVLDZNNYCBX-UHFFFAOYSA-N,342.11621152399994,-5.397199999999993,0.9293,OCC1OC(OCC2OC(O)C(O)C(O)C2O)C(O)C(O)C1O,MELIBIOSE,Inactive,
65946147,CCOC(=O)C1=C(COCCN)NC(C)=C(C(=O)OC)C1c1ccccc1Cl.O=S(=O)(O)c1ccccc1,ZPBWCRDSRKPIDG-UHFFFAOYSA-N,566.1489646319999,3.199600000000002,0.92938,CCOC(=O)C1=C(COCCN)NC(C)=C(C(=O)OC)C1c1ccccc1Cl.O=S(=O)(O)c1ccccc1,AMLODIPINE BESYLATE,Inactive,
51448493,C=C(C)C1CCC2(C(=O)O)CCC3(C)C(CCC4C5(C)CCC(O)C(C)(C)C5CCC43C)C12,QGJZLNKBHJESQX-UHFFFAOYSA-N,456.36034539599996,7.089500000000009,0.929655,C=C(C)C1CCC2(C(=O)O)CCC3(C)C(CCC4C5(C)CCC(O)C(C)(C)C5CCC43C)C12,BETULINIC ACID,Inactive,
37137434,C[N+](C)(CCOc1ccccc1)Cc1ccccc1.O=C([O-])c1cc2ccccc2cc1O,PMPQCPQAHTXCDK-UHFFFAOYSA-M,443.20965840799994,4.250900000000005,0.92967,C[N+](C)(CCOc1ccccc1)Cc1ccccc1.O=C([O-])c1cc2ccccc2cc1O,BEPHENIUM HYDROXYNAPTHOATE,Inactive,
69886937,COc1ccc(-c2cc(=O)c3c(OC)c(OC)c(OC)cc3o2)cc1OC,LKMNXYDUQXAUCZ-UHFFFAOYSA-N,372.12090298,3.503000000000003,0.9298,COc1ccc(-c2cc(=O)c3c(OC)c(OC)c(OC)cc3o2)cc1OC,SINENSETIN,Inactive,
19883406,CC1CCC(C(C)C)C(=O)C1,NFLGAXVYCFJBMK-UHFFFAOYSA-N,154.135765196,2.6477000000000013,0.929845,CC1CCC(C(C)C)C(=O)C1,MENTHONE,Inactive,
66390311,COc1cc2ncnc(Nc3ccc(F)c(Cl)c3)c2cc1OCCCN1CCOCC1,XGALLCVXEZPNRQ-UHFFFAOYSA-N,446.15209652799996,4.275600000000003,0.930015,COc1cc2ncnc(Nc3ccc(F)c(Cl)c3)c2cc1OCCCN1CCOCC1,GEFITINIB,Inactive,
77843848,COc1ccc(-c2coc3cc(OC(C)=O)cc(OC(C)=O)c3c2=O)cc1,VXOBVHAUXZVHTL-UHFFFAOYSA-N,368.089602852,3.319200000000002,0.93006,COc1ccc(-c2coc3cc(OC(C)=O)cc(OC(C)=O)c3c2=O)cc1,BIOCHANIN A DIACETATE,Inactive,
41189161,COc1ccc2c(c1)OCc1c-2oc2cc(OC)ccc12,FLEXCYTURSFUNC-UHFFFAOYSA-N,282.089208928,4.009400000000002,0.930105,COc1ccc2c(c1)OCc1c-2oc2cc(OC)ccc12,DEHYDROVARIABILIN,Inactive,
88447197,CN1CCc2c(c3ccccc3n2Cc2ccccc2)C1,FQQIIPAOSKSOJM-UHFFFAOYSA-N,276.16264864,3.677500000000003,0.930505,CN1CCc2c(c3ccccc3n2Cc2ccccc2)C1,MEBHYDROLIN,Inactive,
64340083,CCC1(c2ccccc2)NC(=O)N(C)C1=O,GMHKMTDVRCWUDX-UHFFFAOYSA-N,218.105527688,1.4735000000000003,0.93061,CCC1(c2ccccc2)NC(=O)N(C)C1=O,MEPHENYTOIN,Inactive,
55122521,Cl.OC(CCN1CCCC1)(c1ccccc1)C1CCCCC1,ZFSPFXJSEHCTTR-UHFFFAOYSA-N,323.20159226,4.362200000000004,0.93107,Cl.OC(CCN1CCCC1)(c1ccccc1)C1CCCCC1,PROCYCLIDINE HYDROCHLORIDE,Inactive,
79904295,O=C(C=Cc1ccc(O)cc1)c1ccccc1,PWWCDTYUYPOAIU-UHFFFAOYSA-N,224.083729624,3.2883000000000013,0.93108,O=C(C=Cc1ccc(O)cc1)c1ccccc1,4-HYDROXYCHALCONE,Inactive,
95917801,OCC1OC(Oc2cc(O)cc(C=Cc3ccc(O)cc3)c2)C(O)C(O)C1O,HSTZMXCBWJGKHG-UHFFFAOYSA-N,390.13146766399996,0.44689999999999946,0.931365,OCC1OC(Oc2cc(O)cc(C=Cc3ccc(O)cc3)c2)C(O)C(O)C1O,PICEID,Inactive,
62455020,O=C(OCc1ccccc1)c1ccccc1,SESFRYSPDFLNCH-UHFFFAOYSA-N,212.083729624,3.0436000000000014,0.93138,O=C(OCc1ccccc1)c1ccccc1,BENZYL BENZOATE,Inactive,
32753893,COc1cc(OC)c2c(=O)c(O)c(-c3ccc(OC)c(OC)c3)oc2c1,AAASNKNLMQBKFV-UHFFFAOYSA-N,358.105252916,3.200000000000001,0.93158,COc1cc(OC)c2c(=O)c(O)c(-c3ccc(OC)c(OC)c3)oc2c1,"QUERCETIN 5,7,3',4'-TETRAMETHYL ETHER",Inactive,
69271249,NS(=O)(=O)Cc1noc2ccccc12,UBQNRHZMVUUOMG-UHFFFAOYSA-N,212.025563116,0.6163,0.93168,NS(=O)(=O)Cc1noc2ccccc12,ZONISAMIDE,Inactive,
88796543,COc1ccc(C(=O)c2ccccc2O)c(O)c1,MEZZCSHVIGVWFI-UHFFFAOYSA-N,244.073558864,2.3374000000000015,0.931725,COc1ccc(C(=O)c2ccccc2O)c(O)c1,DIOXYBENZONE,Inactive,
41261402,Cl.Cl.Cl.NCCCCNCCCN,LCNBIHVSOPXFMR-UHFFFAOYSA-N,253.08793074399998,0.9291,0.931825,Cl.Cl.Cl.NCCCCNCCCN,SPERMIDINE TRIHYDROCHLORIDE,Inactive,
59439157,CCC1(O)CC2CN(CCc3c([nH]c4ccccc34)C(C(=O)OC)(c3cc4c(cc3OC)N(C)C3C(O)(C(=O)OC)C(OC(C)=O)C5(CC)C=CCN6CCC43C65)C2)C1.O=S(=O)(O)O,KDQAABAKXDWYSZ-UHFFFAOYSA-N,908.3877589800001,3.3381000000000043,0.93188,CCC1(O)CC2CN(CCc3c([nH]c4ccccc34)C(C(=O)OC)(c3cc4c(cc3OC)N(C)C3C(O)(C(=O)OC)C(OC(C)=O)C5(CC)C=CCN6CCC43C65)C2)C1.O=S(=O)(O)O,VINBLASTINE SULFATE,Inactive,
11565714,C=C1CCC(O)CC1=CC=C1CCCC2(C)C1CCC2C(C)CCCC(C)C,QYSXJUFSXHHAJI-UHFFFAOYSA-N,384.339216028,7.619000000000008,0.93197,C=C1CCC(O)CC1=CC=C1CCCC2(C)C1CCC2C(C)CCCC(C)C,CHOLECALCIFEROL,Inactive,
55141838,COc1ccccc1N1CCN(CCCNc2cc(=O)n(C)c(=O)n2C)CC1.Cl,KTMLZVUAXJERAT-UHFFFAOYSA-N,423.2037175,1.1385999999999994,0.93208,COc1ccccc1N1CCN(CCCNc2cc(=O)n(C)c(=O)n2C)CC1.Cl,URAPIDIL HYDROCHLORIDE,Inactive,
15539533,C=CCC1C=C(C)CC(C)CC(OC)C2OC(O)(C(=O)C(=O)N3CCCCC3C(=O)OC(C(C)=CC3CCC(O)C(OC)C3)C(C)C(O)CC1=O)C(C)CC2OC,QJJXYPPXXYFBGM-UHFFFAOYSA-N,803.4819766480001,4.639000000000004,0.93218,C=CCC1C=C(C)CC(C)CC(OC)C2OC(O)(C(=O)C(=O)N3CCCCC3C(=O)OC(C(C)=CC3CCC(O)C(OC)C3)C(C)C(O)CC1=O)C(C)CC2OC,TACROLIMUS,Inactive,
42811515,C[N+]1(C)CCC(OC(=O)C(O)(c2ccccc2)C2CCCC2)C1.[Br-],VPNYRYCIDCJBOM-UHFFFAOYSA-M,397.125255856,-0.5396999999999981,0.93258,C[N+]1(C)CCC(OC(=O)C(O)(c2ccccc2)C2CCCC2)C1.[Br-],GLYCOPYRROLATE,Inactive,
36828027,CC1CC2C3CCC4=CC(=O)C=CC4(C)C3(F)C(O)CC2(C)C1(O)C(=O)CO,UREBDLICKHMUKA-UHFFFAOYSA-N,392.19990224799994,1.8957000000000002,0.932595,CC1CC2C3CCC4=CC(=O)C=CC4(C)C3(F)C(O)CC2(C)C1(O)C(=O)CO,BETAMETHASONE,Inactive,
67701920,COc1ccc(-c2cc(=O)c3c(OC)c(OC)c(OC)c(OC)c3o2)cc1,ULSUXBXHSYSGDT-UHFFFAOYSA-N,372.12090298,3.503000000000003,0.9327,COc1ccc(-c2cc(=O)c3c(OC)c(OC)c(OC)c(OC)c3o2)cc1,TANGERITIN,Inactive,
81993055,CC1CCC2(OC1)OC1CC3C4CC=C5CC(O)CCC5(C)C4CCC3(C)C1C2C,WQLVFSAGQJTQCK-UHFFFAOYSA-N,414.31339520399996,5.713900000000006,0.93303,CC1CCC2(OC1)OC1CC3C4CC=C5CC(O)CCC5(C)C4CCC3(C)C1C2C,DIOSGENIN,Inactive,
73613025,NCCC(=O)NC(Cc1c[nH]cn1)C(=O)O,CQOVPNPJLQNMDC-UHFFFAOYSA-N,226.106590308,-1.1295999999999988,0.933215,NCCC(=O)NC(Cc1c[nH]cn1)C(=O)O,CARNOSINE,Inactive,
50359846,CC(C)Cc1ccc(C(C)C(=O)O)cc1,HEFNNWSXXWATRW-UHFFFAOYSA-N,206.130679816,3.073200000000001,0.93336,CC(C)Cc1ccc(C(C)C(=O)O)cc1,DEXIBUPROFEN,Inactive,
34426411,Cl.Clc1ccc(C(OCCN2CCCCC2)c2ccccc2)cc1,UNPLRYRWJLTVAE-UHFFFAOYSA-N,365.13131978,5.353700000000005,0.933365,Cl.Clc1ccc(C(OCCN2CCCCC2)c2ccccc2)cc1,CLOPERASTINE HYDROCHLORIDE,Inactive,
10710664,CC1CCC(C(C)C)C(O)C1,NOOLISFMXDJSKH-UHFFFAOYSA-N,156.15141526,2.4395000000000007,0.93345,CC1CCC(C(C)C)C(O)C1,LEVOMENTHOL,Inactive,
91916710,C=C(C)c1cc2cc(C(C)=O)c(O)cc2o1,OPUFDNZTKHPZHM-UHFFFAOYSA-N,216.078644244,3.374100000000002,0.933535,C=C(C)c1cc2cc(C(C)=O)c(O)cc2o1,EUPARIN,Inactive,
81810894,CCCCCCCCCCCCCCCC(=O)OCC(O)CO,QHZLMUACJMDIAE-UHFFFAOYSA-N,330.27700969599994,4.364100000000005,0.9336,CCCCCCCCCCCCCCCC(=O)OCC(O)CO,1-MONOPALMITIN,Inactive,
43088854,COc1ccc(C(=O)c2ccccc2)c(O)c1,DXGLGDHPHMLXJC-UHFFFAOYSA-N,228.078644244,2.631800000000001,0.93375,COc1ccc(C(=O)c2ccccc2)c(O)c1,OXYBENZONE,Inactive,
84360097,C[n+]1cccc(C(=O)[O-])c1,WWNNZCOKKKDOPX-UHFFFAOYSA-N,137.047678464,-1.1254000000000004,0.93377,C[n+]1cccc(C(=O)[O-])c1,TRIGONELLINE,Inactive,
43704248,O=C([O-])Cc1ccccc1.[Na+],HZOREEUASZHZBI-UHFFFAOYSA-M,158.034373744,-3.0169999999999995,0.933895,O=C([O-])Cc1ccccc1.[Na+],SODIUM PHENYLACETATE,Inactive,
28391105,CCNC(=O)CCC(N)C(=O)[O-].[K+],DGLVJRIZJHOXLW-UHFFFAOYSA-M,212.056323956,-5.016099999999998,0.93415,CCNC(=O)CCC(N)C(=O)[O-].[K+],THEANINE POTASSIUM,Inactive,
80804693,CC#CC1(O)CCC2C3CCC4=CC(=O)CCC4=C3C(c3ccc(N(C)C)cc3)CC21C,VKHAHZOOUSRJNA-UHFFFAOYSA-N,429.26677936000004,5.406500000000006,0.934205,CC#CC1(O)CCC2C3CCC4=CC(=O)CCC4=C3C(c3ccc(N(C)C)cc3)CC21C,MIFEPRISTONE,Inactive,
11444986,CCCNC1CCc2nc(N)sc2C1.Cl.Cl,QMNWXHSYPXQFSK-UHFFFAOYSA-N,283.067673968,2.4258000000000006,0.934325,CCCNC1CCc2nc(N)sc2C1.Cl.Cl,PRAMIPEXOLE DIHYDROCHLORIDE,Inactive,
12618018,CN(C)c1ccc2nc3ccc(N(C)C)cc3[s+]c2c1.O.[Cl-],WQVSELLRAGBDLX-UHFFFAOYSA-M,337.10156093999996,0.041899999999999715,0.934465,CN(C)c1ccc2nc3ccc(N(C)C)cc3[s+]c2c1.O.[Cl-],METHYLENE BLUE,Inactive,
38316672,Cl.O=C(Nc1ccccc1)OCC(CN1CCCCC1)OC(=O)Nc1ccccc1,OWULVAZDMWJBLB-UHFFFAOYSA-N,433.17683405599996,4.760100000000003,0.934475,Cl.O=C(Nc1ccccc1)OCC(CN1CCCCC1)OC(=O)Nc1ccccc1,DIPERODON HYDROCHLORIDE,Inactive,
91589015,COC(=O)c1c(OC)cc2c(c1C)Oc1c(Cl)c(O)c(Cl)c(C)c1C(=O)O2,RPHAAJGBADUATP-UHFFFAOYSA-N,412.0116581479999,4.435940000000003,0.934785,COC(=O)c1c(OC)cc2c(c1C)Oc1c(Cl)c(O)c(Cl)c(C)c1C(=O)O2,GANGALEOIDIN,Inactive,
44074503,CC(=O)C1CCC2C3CC(C)C4=CC(=O)CCC4(C)C3C(O)CC12C,GZENKSODFLBBHQ-UHFFFAOYSA-N,344.23514488399996,3.9403000000000032,0.934815,CC(=O)C1CCC2C3CC(C)C4=CC(=O)CCC4(C)C3C(O)CC12C,MEDRYSONE,Inactive,
62388643,NCC1OC(OC2C(N)CC(N)C(OC3OC(CO)C(O)C(N)C3O)C2O)C(O)C(O)C1O.O=S(=O)(O)O,OOYGSFOGFJDDHP-UHFFFAOYSA-N,582.2054375159998,-7.944200000000011,0.935235,NCC1OC(OC2C(N)CC(N)C(OC3OC(CO)C(O)C(N)C3O)C2O)C(O)C(O)C1O.O=S(=O)(O)O,KANAMYCIN A SULFATE,Inactive,
58248513,Nc1nc(=O)[nH]cc1F,XRECTZIEBJDKEO-UHFFFAOYSA-N,129.033839968,-0.5088000000000001,0.935495,Nc1nc(=O)[nH]cc1F,FLUCYTOSINE,Inactive,
24819864,COc1ccc2c3c1OC1CC(O)C=CC31CCN(C)C2,ASUTZQLVASHGKV-UHFFFAOYSA-N,287.152143532,1.8503,0.935695,COc1ccc2c3c1OC1CC(O)C=CC31CCN(C)C2,GALANTAMINE,Inactive,
15327935,O=C(OC1Cc2c(O)cc(O)cc2OC1c1cc(O)c(=O)c2c(O)c(O)cc(C3Oc4cc(O)cc(O)c4CC3O)c2c1)c1cc(O)c(O)c(O)c1,KMJPKUVSXFVQGZ-UHFFFAOYSA-N,716.137734816,3.194900000000003,0.93618,O=C(OC1Cc2c(O)cc(O)cc2OC1c1cc(O)c(=O)c2c(O)c(O)cc(C3Oc4cc(O)cc(O)c4CC3O)c2c1)c1cc(O)c(O)c(O)c1,THEAFLAVIN MONOGALLATES,Inactive,
30763926,Cl.c1ccc2c(c1)OCC(C1=NCCN1)O2,MYUBYOVCLMEAOH-UHFFFAOYSA-N,240.066555336,1.2498999999999998,0.93645,Cl.c1ccc2c(c1)OCC(C1=NCCN1)O2,IDAZOXAN HYDROCHLORIDE,Inactive,
10256550,CC(=O)Oc1ccccc1C(=O)Nc1ccccc1,LFQKSSGMPCWSPD-UHFFFAOYSA-N,255.089543276,2.864200000000001,0.93654,CC(=O)Oc1ccccc1C(=O)Nc1ccccc1,ACETYLSALICYLANILIDE,Inactive,
48141613,C#CCOS(=O)OC1CCCCC1Oc1ccc(C(C)(C)C)cc1,ZYHMJXZULPZUED-UHFFFAOYSA-N,350.155180312,3.9192000000000027,0.936735,C#CCOS(=O)OC1CCCCC1Oc1ccc(C(C)(C)C)cc1,PROPARGITE,Inactive,
21600929,CS(=O)(=O)CCNCc1ccc(-c2ccc3ncnc(Nc4ccc(OCc5cccc(F)c5)c(Cl)c4)c3c2)o1,BCFGMOOMADDAQU-UHFFFAOYSA-N,580.1347322120001,6.139100000000005,0.93696,CS(=O)(=O)CCNCc1ccc(-c2ccc3ncnc(Nc4ccc(OCc5cccc(F)c5)c(Cl)c4)c3c2)o1,LAPATINIB,Inactive,
50339609,CC(=O)CCC=C(C)CCC=C(C)CCC=C(C)CCC=C(C)C,HUCXKZBETONXFO-UHFFFAOYSA-N,330.292265836,7.501300000000008,0.93704,CC(=O)CCC=C(C)CCC=C(C)CCC=C(C)CCC=C(C)C,TEPRENONE,Inactive,
54924928,O=c1c(O)c(-c2ccc(O)c(O)c2)oc2cc(O)cc(O)c12,REFJWTPEDVJJIY-UHFFFAOYSA-N,302.04265266,1.988,0.93724,O=c1c(O)c(-c2ccc(O)c(O)c2)oc2cc(O)cc(O)c12,QUERCETIN,Inactive,
13520449,CC1=C2C3OC(=O)C(C)C3CCC2(C)C=CC1=O,XJHDMGJURBVLLE-UHFFFAOYSA-N,246.125594436,2.419600000000001,0.93728,CC1=C2C3OC(=O)C(C)C3CCC2(C)C=CC1=O,SANTONIN,Inactive,
75376110,CCOC(=O)[N-]c1c[n+](N2CCOCC2)no1,XLFWDASMENKTKL-UHFFFAOYSA-N,242.101504928,0.09200000000000008,0.937585,CCOC(=O)[N-]c1c[n+](N2CCOCC2)no1,MOLSIDOMINE,Inactive,
32291493,Cl.Cl.N=C(N)N,CALVPZNSFFEPJG-UHFFFAOYSA-N,131.001702584,-0.31783,0.937835,Cl.Cl.N=C(N)N,GUANIDINE HYDROCHLORIDE,Inactive,
88432477,CN1C(C(=O)Nc2ccccn2)=C(O)c2ccccc2S1(=O)=O,QYSPLQLAKJAUJT-UHFFFAOYSA-N,331.06267689599997,1.5809999999999997,0.937985,CN1C(C(=O)Nc2ccccn2)=C(O)c2ccccc2S1(=O)=O,PIROXICAM,Inactive,
11202580,O=c1oc2cc(O)ccc2s1,SLYPOVJCSQHITR-UHFFFAOYSA-N,167.988114988,1.5601,0.93819,O=c1oc2cc(O)ccc2s1,TIOXOLONE,Inactive,
11475855,CCN(CC)CCOC(=O)C(Cc1cccc2ccccc12)CC1CCCO1.O=C(O)C(=O)O,SSAJNPNVUYMUCI-UHFFFAOYSA-N,473.2413524599999,3.608200000000001,0.9382,CCN(CC)CCOC(=O)C(Cc1cccc2ccccc12)CC1CCCO1.O=C(O)C(=O)O,NAFRONYL OXALATE,Inactive,
67677248,O=C(OOC(=O)c1ccccc1)c1ccccc1,OMPJBNCRMGITSC-UHFFFAOYSA-N,242.0579088,2.615400000000001,0.93822,O=C(OOC(=O)c1ccccc1)c1ccccc1,BENZOYL PEROXIDE,Inactive,
74420886,CC(O)CN(CCN(CC(C)O)CC(C)O)CC(C)O,NSOXQYCFHDMMGV-UHFFFAOYSA-N,292.236207504,-0.8863999999999979,0.93835,CC(O)CN(CCN(CC(C)O)CC(C)O)CC(C)O,EDITOL,Inactive,
10428746,O=c1[nH]c2ccccc2n1C1CCN(CCCC(c2ccc(F)cc2)c2ccc(F)cc2)CC1,YVUQSNJEYSNKRX-UHFFFAOYSA-N,461.227868988,5.8570000000000055,0.9386,O=c1[nH]c2ccccc2n1C1CCN(CCCC(c2ccc(F)cc2)c2ccc(F)cc2)CC1,PIMOZIDE,Inactive,
61468552,O=c1oc2ccccc2c(O)c1Cc1c(O)c2ccccc2oc1=O,DOBMPNYZJYQDGZ-UHFFFAOYSA-N,336.06338810399996,2.9014000000000006,0.93918,O=c1oc2ccccc2c(O)c1Cc1c(O)c2ccccc2oc1=O,DICUMAROL,Inactive,
10178579,COc1ccccc1OCC(O)COC(N)=O,GNXFOGHNGIVQEH-UHFFFAOYSA-N,241.09502258,0.5302000000000002,0.93923,COc1ccccc1OCC(O)COC(N)=O,METHOCARBAMOL,Inactive,
33247807,Cc1c[nH]c2ccccc12,ZFRKQXVRDFCRJG-UHFFFAOYSA-N,131.073499288,2.4763200000000003,0.939315,Cc1c[nH]c2ccccc12,SKATOLE,Inactive,
10128636,Cl.Cl.Fc1ccc(C(c2ccc(F)cc2)N2CCN(CC=Cc3ccccc3)CC2)cc1,RXKMOPXNWTYEHI-UHFFFAOYSA-N,476.159760696,6.228800000000008,0.93939,Cl.Cl.Fc1ccc(C(c2ccc(F)cc2)N2CCN(CC=Cc3ccccc3)CC2)cc1,FLUNARIZINE HYDROCHLORIDE,Inactive,
10280207,O=C1c2ccccc2C(=O)C1c1ccccc1,NFBAXHOPROOJAW-UHFFFAOYSA-N,222.06807956,2.849400000000001,0.9396,O=C1c2ccccc2C(=O)C1c1ccccc1,PHENINDIONE,Inactive,
92593358,COc1cc(C2Oc3cc(C4Oc5cc(O)cc(O)c5C(=O)C4O)ccc3OC2CO)ccc1O,SEBFKMXJBCUCAI-UHFFFAOYSA-N,482.1212969039999,2.3627,0.9397,COc1cc(C2Oc3cc(C4Oc5cc(O)cc(O)c5C(=O)C4O)ccc3OC2CO)ccc1O,SILIBININ,Inactive,
62446897,COc1ccc2cc1Oc1ccc(cc1)CC1c3cc(c(OC)cc3CCN1C)Oc1c(OC)c(OC)cc3c1C(C2)N(C)CC3,WVTKBKWTSCPRNU-UHFFFAOYSA-N,622.3042870639999,7.162400000000009,0.939705,COc1ccc2cc1Oc1ccc(cc1)CC1c3cc(c(OC)cc3CCN1C)Oc1c(OC)c(OC)cc3c1C(C2)N(C)CC3,TETRANDRINE,Inactive,
16788198,O=C(O)C1CSCN1,DZLNHFMRPBPULJ-UHFFFAOYSA-N,133.019749464,-0.2664999999999999,0.940135,O=C(O)C1CSCN1,TIMONACIC,Inactive,
95129735,CN(C)CCOC(=O)COc1ccc(Cl)cc1.Cl,FIVHOHCAXWQPGC-UHFFFAOYSA-N,293.058548764,2.2454000000000005,0.94033,CN(C)CCOC(=O)COc1ccc(Cl)cc1.Cl,MECLOFENOXATE HYDROCHLORIDE,Inactive,
59823459,COC1=C(OC)C(=O)C(CC=C(C)CCC=C(C)CCC=C(C)CCC=C(C)CCC=C(C)CCC=C(C)CCC=C(C)CCC=C(C)CCC=C(C)CCC=C(C)C)=C(C)C1=O,ACTIUHUUMQJHFO-UHFFFAOYSA-N,862.68391136,17.853899999999975,0.94053,COC1=C(OC)C(=O)C(CC=C(C)CCC=C(C)CCC=C(C)CCC=C(C)CCC=C(C)CCC=C(C)CCC=C(C)CCC=C(C)CCC=C(C)CCC=C(C)C)=C(C)C1=O,UBIDECARENONE [5mM],Inactive,
19681230,COC12CC(COC(=O)c3cncc(Br)c3)CN(C)C1Cc1cn(C)c3cccc2c13,YSEXMKHXIOCEJA-UHFFFAOYSA-N,483.115753792,3.9109000000000034,0.940535,COC12CC(COC(=O)c3cncc(Br)c3)CN(C)C1Cc1cn(C)c3cccc2c13,NICERGOLINE,Inactive,
18367436,COc1cc(OC)c(C(C)=O)c(O)c1C,AAOFJKLTRKOQTQ-UHFFFAOYSA-N,210.089208928,1.9204199999999998,0.94056,COc1cc(OC)c(C(C)=O)c(O)c1C,METHYLXANTHOXYLIN,Inactive,
10034291,Cl.NC(CO)C(=O)NNCc1ccc(O)c(O)c1O,ULFCBIUXQQYDEI-UHFFFAOYSA-N,293.07784829199994,-1.3344000000000007,0.940835,Cl.NC(CO)C(=O)NNCc1ccc(O)c(O)c1O,BENSERAZIDE HYDROCHLORIDE,Inactive,
47224380,CCCCCN(C)CCC(O)(P(=O)([O-])O)P(=O)(O)O.O.[Na+],VBDRTGFACFYFCT-UHFFFAOYSA-M,359.0874842679999,-3.9526999999999965,0.941185,CCCCCN(C)CCC(O)(P(=O)([O-])O)P(=O)(O)O.O.[Na+],IBANDRONATE SODIUM,Inactive,
45086186,COc1cc(OC)c2c(OC)c(-c3ccc4c(c3)OCO4)c(=O)oc2c1,PZYZNVLXKYMURF-UHFFFAOYSA-N,356.0896028519999,3.214500000000002,0.941255,COc1cc(OC)c2c(OC)c(-c3ccc4c(c3)OCO4)c(=O)oc2c1,DERRUSNIN,Inactive,
89713857,Br.CN1C2CC(OC(=O)C(CO)c3ccccc3)CC1C1OC12,WTGQALLALWYDJH-UHFFFAOYSA-N,383.07322028399994,1.496,0.94145,Br.CN1C2CC(OC(=O)C(CO)c3ccccc3)CC1C1OC12,SCOPOLAMINE HYDROBROMIDE,Inactive,
21329541,O=c1cc(-c2ccccc2)oc2cc(O)c(O)c(O)c12,FXNFHKRTJBSTCS-UHFFFAOYSA-N,270.05282342000004,2.576800000000001,0.94167,O=c1cc(-c2ccccc2)oc2cc(O)c(O)c(O)c12,BAICALEIN,Inactive,
10373472,CC=C(C)C(=O)OC1CC(OC(C)=O)C2(C(=O)OC)COC3C2C12COC(O)(C(=O)OC)C2C(C)(C12OC1(C)C1CC2OC2OC=CC21O)C3O,FTNJWQUOZFUQQJ-UHFFFAOYSA-N,720.262935328,-0.2030999999999955,0.94184,CC=C(C)C(=O)OC1CC(OC(C)=O)C2(C(=O)OC)COC3C2C12COC(O)(C(=O)OC)C2C(C)(C12OC1(C)C1CC2OC2OC=CC21O)C3O,AZADIRACHTIN,Inactive,
63885363,CC(=O)OCC(=O)C1(O)C(OC(C)=O)CC2C3CCC4=CC(=O)C=CC4(C)C3(F)C(O)CC21C,XGMPVBXKDAHORN-UHFFFAOYSA-N,478.200296172,1.7620999999999991,0.941975,CC(=O)OCC(=O)C1(O)C(OC(C)=O)CC2C3CCC4=CC(=O)C=CC4(C)C3(F)C(O)CC21C,TRIAMCINOLONE DIACETATE,Inactive,
24150997,CCCCC(=O)OC1(C(=O)CO)C(C)CC2C3CCC4=CC(=O)C=CC4(C)C3(F)C(O)CC21C,SNHRLVCMMWUAJD-UHFFFAOYSA-N,476.25741712399997,3.6368000000000027,0.942055,CCCCC(=O)OC1(C(=O)CO)C(C)CC2C3CCC4=CC(=O)C=CC4(C)C3(F)C(O)CC21C,BETAMETHASONE VALERATE,Inactive,
64355395,CC(C)C(N)C(=O)OCCOCn1cnc2c(=O)[nH]c(N)nc21.Cl,ZCDDBUOENGJMLV-UHFFFAOYSA-N,360.1312808320001,-0.3757999999999982,0.942075,CC(C)C(N)C(=O)OCCOCn1cnc2c(=O)[nH]c(N)nc21.Cl,VALACYCLOVIR HYDROCHLORIDE,Inactive,
80945726,Cc1cc(-c2ccccc2)nnc1NCCN1CCOCC1.Cl.Cl,GNUCGROXDZMCJI-UHFFFAOYSA-N,370.132716748,3.0397200000000018,0.94211,Cc1cc(-c2ccccc2)nnc1NCCN1CCOCC1.Cl.Cl,MINAPRINE HYDROCHLORIDE,Inactive,
94957125,NNC(=O)c1ccncc1.Nc1ccc(C(=O)O)c(O)c1,RKPHTRVPGYGVQD-UHFFFAOYSA-N,290.101504928,0.3576999999999991,0.94277,NNC(=O)c1ccncc1.Nc1ccc(C(=O)O)c(O)c1,PASINIAZID,Inactive,
53661597,Nc1nc2ccc(OC(F)(F)F)cc2s1,FTALBRSUTCGOEG-UHFFFAOYSA-N,234.00746844,2.7771,0.94315,Nc1nc2ccc(OC(F)(F)F)cc2s1,RILUZOLE,Inactive,
62063949,CN(Cc1cnc2nc(N)nc(N)c2n1)c1ccc(C(=O)NC(CCC(=O)O)C(=O)O)cc1.O,FPJYMUQSRFJSEW-UHFFFAOYSA-N,472.1818804879999,-0.5562999999999987,0.94322,CN(Cc1cnc2nc(N)nc(N)c2n1)c1ccc(C(=O)NC(CCC(=O)O)C(=O)O)cc1.O,METHOTREXATE HYDRATE,Inactive,
31241979,COc1ccc(-c2cc(=O)c3c(O)c(OC)c(OC)c(OC)c3o2)cc1,LXEVSYZNYDZSOB-UHFFFAOYSA-N,358.105252916,3.200000000000002,0.943275,COc1ccc(-c2cc(=O)c3c(O)c(OC)c(OC)c(OC)c3o2)cc1,GARDENIN B,Inactive,
79700995,COC1C(O)C(C)OC(OC2CCC3(C)C4CCC5(C)C(C6=CC(=O)OC6)CCC5(O)C4CCC3(O)C2)C1O,MABTYQWWFMMYTE-UHFFFAOYSA-N,550.3141830519999,2.225099999999999,0.943355,COC1C(O)C(C)OC(OC2CCC3(C)C4CCC5(C)C(C6=CC(=O)OC6)CCC5(O)C4CCC3(O)C2)C1O,EMICYMARIN,Inactive,
57585805,CCCC(C(=O)OCCN(CC)CC)(c1ccccc1)c1ccccc1.Cl,FHIKZROVIDCMJA-UHFFFAOYSA-N,389.212156944,5.079600000000006,0.943395,CCCC(C(=O)OCCN(CC)CC)(c1ccccc1)c1ccccc1.Cl,PROADIFEN HYDROCHLORIDE,Inactive,
10935461,COc1ccc(C(=O)CCC(=O)O)c2ccccc12,FHGJSJFIQNQBCK-UHFFFAOYSA-N,258.089208928,2.895900000000001,0.94357,COc1ccc(C(=O)CCC(=O)O)c2ccccc12,MENBUTONE,Inactive,
74879260,CCCN(CCC)C(=O)C(CCC(=O)O)NC(=O)c1ccccc1,DGMKFQYCZXERLX-UHFFFAOYSA-N,334.189257312,2.2984,0.944435,CCCN(CCC)C(=O)C(CCC(=O)O)NC(=O)c1ccccc1,PROGLUMIDE,Inactive,
13787737,COP(=O)(OC)OC(Br)C(Cl)(Cl)Br,BUYMVQAILCEWRR-UHFFFAOYSA-N,377.782574894,3.651200000000001,0.944515,COP(=O)(OC)OC(Br)C(Cl)(Cl)Br,NALED,Inactive,
50555706,CCCCCCOc1ccccc1C(N)=O,CKSJXOVLXUMMFF-UHFFFAOYSA-N,221.141578848,2.7446,0.944595,CCCCCCOc1ccccc1C(N)=O,EXALAMIDE,Inactive,
97987404,CC(C(O)c1ccccc1)N(C)C,FMCGSUUBYTWNDP-UHFFFAOYSA-N,179.131014164,1.6701,0.94476,CC(C(O)c1ccccc1)N(C)C,"N-METHYL (-)EPHEDRINE [1R,2S]",Inactive,
11636623,O=C(O)c1cc(O)c2cccc(O)c2n1,FBZONXHGGPHHIY-UHFFFAOYSA-N,205.037507704,1.3441999999999998,0.94498,O=C(O)c1cc(O)c2cccc(O)c2n1,XANTHURENIC ACID,Inactive,
89935338,O=c1cc(-c2ccccc2)oc2cc(O)ccc12,MQGPSCMMNJKMHQ-UHFFFAOYSA-N,238.06299418,3.1656000000000013,0.945025,O=c1cc(-c2ccccc2)oc2cc(O)ccc12,7-HYDROXYFLAVONE,Inactive,
15502633,CC(=CCC1=C(C)C(=O)c2ccccc2C1=O)CCCC(C)CCCC(C)CCCC(C)C,MBWXNTAXLNYFJB-UHFFFAOYSA-N,450.349780712,9.1576,0.945125,CC(=CCC1=C(C)C(=O)c2ccccc2C1=O)CCCC(C)CCCC(C)CCCC(C)C,PHYTONADIONE [5mM],Inactive,
15021852,Nc1nc2nc[nH]c2c(=S)[nH]1,WYWHKKSPHMUBEB-UHFFFAOYSA-N,167.02656616,0.59769,0.945165,Nc1nc2nc[nH]c2c(=S)[nH]1,THIOGUANINE,Inactive,
58288342,O=C(C=Cc1ccccc1)c1ccc(OC2OC(CO)C(O)C(O)C2O)cc1O,SYDNPHFWTKACIZ-UHFFFAOYSA-N,402.1314676639999,0.46699999999999925,0.945235,O=C(C=Cc1ccccc1)c1ccc(OC2OC(CO)C(O)C(O)C2O)cc1O,"2',4'-DIHYDROXYCHALCONE 4'-GLUCOSIDE",Inactive,
11273098,Oc1ccc(OCc2ccccc2)cc1,VYQNWZOUAUKGHI-UHFFFAOYSA-N,200.083729624,2.9712000000000014,0.94558,Oc1ccc(OCc2ccccc2)cc1,MONOBENZONE,Inactive,
10171962,CC1(C)CC2C(=O)CCC3OC3(C)CCC21,UETZJEZFLKASPR-UHFFFAOYSA-N,222.161979944,2.949300000000002,0.94569,CC1(C)CC2C(=O)CCC3OC3(C)CCC21,KOBUSONE,Inactive,
25058997,O=C(O)c1ccccc1,WPYMKLBDIGXBTP-UHFFFAOYSA-N,122.036779432,1.3848,0.946375,O=C(O)c1ccccc1,BENZOIC ACID,Inactive,
99797482,CC(=O)c1cc2c(cc1O)OC(C)(C)C=C2,SVUVYHFYZBCYRF-UHFFFAOYSA-N,218.094294308,2.7790000000000017,0.94648,CC(=O)c1cc2c(cc1O)OC(C)(C)C=C2,EUPATORIOCHROMENE,Inactive,
14241478,CCC(C(C)O)n1ncn(-c2ccc(N3CCN(c4ccc(OCC5COC(Cn6cncn6)(c6ccc(F)cc6F)C5)cc4)CC3)cc2)c1=O,RAGOYPUPXAKGKH-UHFFFAOYSA-N,700.329708264,4.573200000000004,0.9466,CCC(C(C)O)n1ncn(-c2ccc(N3CCN(c4ccc(OCC5COC(Cn6cncn6)(c6ccc(F)cc6F)C5)cc4)CC3)cc2)c1=O,POSACONAZOLE,Inactive,
86371149,NCC1CCC(N)C(OC2C(N)CC(N)C(OC3OC(CO)C(O)C(N)C3O)C2O)O1,JJCQSGDBDPYCEO-UHFFFAOYSA-N,451.2642131439999,-5.266599999999998,0.94674,NCC1CCC(N)C(OC2C(N)CC(N)C(OC3OC(CO)C(O)C(N)C3O)C2O)O1,DIBEKACIN,Inactive,
91962668,CC(C)C12OC1C1OC13C1(C)CCC4=C(COC4=O)C1CC1OC13C2O,DFBIRQPKNDILPW-UHFFFAOYSA-N,360.15728848799995,1.1030999999999997,0.94692,CC(C)C12OC1C1OC13C1(C)CCC4=C(COC4=O)C1CC1OC13C2O,TRIPTOLIDE,Inactive,
12289491,C=CCNC(N)=S,HTKFORQRBXIQHD-UHFFFAOYSA-N,116.04081925599999,0.005600000000000216,0.94697,C=CCNC(N)=S,ALLYLTHIOUREA,Inactive,
57059289,Cc1cc(O)c(C=O)c2c1C(=O)Oc1c(C)c(O)c3c(c1O2)C(O)OC3=O,IEVVSJFLBYOUCJ-UHFFFAOYSA-N,372.04813196399994,2.013340000000001,0.9478,Cc1cc(O)c(C=O)c2c1C(=O)Oc1c(C)c(O)c3c(c1O2)C(O)OC3=O,NORSTICTIC ACID,Inactive,
61753075,CC(=O)N(O)CCCCCNC(=O)CCC(=O)N(O)CCCCCNC(=O)CCC(=O)N(O)CCCCCN.CS(=O)(=O)O,IDDIJAWJANBQLJ-UHFFFAOYSA-N,656.3414774840002,0.42610000000000686,0.94781,CC(=O)N(O)CCCCCNC(=O)CCC(=O)N(O)CCCCCNC(=O)CCC(=O)N(O)CCCCCN.CS(=O)(=O)O,DEFEROXAMINE MESYLATE,Inactive,
33746046,Nc1ccn(C2CSC(CO)O2)c(=O)n1,JTEGQNOMFQHVDC-UHFFFAOYSA-N,229.052112212,-0.5941000000000001,0.947825,Nc1ccn(C2CSC(CO)O2)c(=O)n1,LAMIVUDINE,Inactive,
79764696,CCCCC(CC)COC(=O)C=Cc1ccc(OC)cc1,YBGZDTIWKVFICR-UHFFFAOYSA-N,290.18819469199997,4.468000000000004,0.94793,CCCCC(CC)COC(=O)C=Cc1ccc(OC)cc1,OCTINOXATE,Inactive,
49143709,CC(C)C(N)C(=O)O,KZSNJWFQEVHDMF-UHFFFAOYSA-N,117.078978592,0.05430000000000007,0.94825,CC(C)C(N)C(=O)O,VALINE (L),Inactive,
42745611,CC(C)(C)N.CCCC(NC(C)C(=O)N1C(C(=O)O)CC2CCCCC21)C(=O)OCC,IYNMDWMQHSMDDE-UHFFFAOYSA-N,441.32027147599996,2.6842000000000015,0.948285,CC(C)(C)N.CCCC(NC(C)C(=O)N1C(C(=O)O)CC2CCCCC21)C(=O)OCC,PERINDOPRIL ERBUMINE,Inactive,
51632464,CCC(C)C1OC2(C=CC1C)CC1CC(CC=C(C)C(OC3CC(OC)C(OC4CC(OC)C(O)C(C)O4)C(C)O3)C(C)C=CC=C3COC4C(OC)C(C)=CC(C(=O)O1)C34O)O2,AFSHKCWTGFDXJR-UHFFFAOYSA-N,886.5078570480001,6.031500000000008,0.94853,CCC(C)C1OC2(C=CC1C)CC1CC(CC=C(C)C(OC3CC(OC)C(OC4CC(OC)C(O)C(C)O4)C(C)O3)C(C)C=CC=C3COC4C(OC)C(C)=CC(C(=O)O1)C34O)O2,AVERMECTIN A1a,Inactive,
69191848,CC=C1C2C=C(C)CC1(N)c1ccc(=O)[nH]c1C2,ZRJBHWIHUMBLCN-UHFFFAOYSA-N,242.141913196,1.9975,0.948555,CC=C1C2C=C(C)CC1(N)c1ccc(=O)[nH]c1C2,HUPERZINE A,Inactive,
72565892,Clc1ccc(COC(Cn2ccnc2)c2ccc(Cl)cc2Cl)cc1.O=[N+]([O-])O,DDXORDQKGIZAME-UHFFFAOYSA-N,443.0206390319999,5.453700000000003,0.94903,Clc1ccc(COC(Cn2ccnc2)c2ccc(Cl)cc2Cl)cc1.O=[N+]([O-])O,ECONAZOLE NITRATE,Inactive,
96375306,C=CC1CN2CCC1CC2C(O)c1ccnc2ccc(OC)cc12.O=C(O)C(O)C(O)C(O)C(O)CO,XHKUDCCTVQUHJQ-UHFFFAOYSA-N,520.2420807319999,-0.31989999999999963,0.94905,C=CC1CN2CCC1CC2C(O)c1ccnc2ccc(OC)cc12.O=C(O)C(O)C(O)C(O)C(O)CO,QUINIDINE GLUCONATE,Inactive,
85687243,CNC1CC(N)C(O)C(OC2OC(CO)C3OC4(OC(C(N)CO)C(O)C(O)C4O)OC3C2O)C1O,ONCSSPOCYKWCTO-UHFFFAOYSA-N,527.2326382439999,-7.2705999999999955,0.94917,CNC1CC(N)C(O)C(OC2OC(CO)C3OC4(OC(C(N)CO)C(O)C(O)C4O)OC3C2O)C1O,HYGROMYCIN B,Inactive,
33330871,O=C(O)CN(CCN(CC(=O)O)CC(=O)O)CC(=O)O,KCXVZYZYPLLWCC-UHFFFAOYSA-N,292.09066547199996,-2.0711999999999957,0.94918,O=C(O)CN(CCN(CC(=O)O)CC(=O)O)CC(=O)O,ETHYLENEDIAMINE TETRACETIC ACID,Inactive,
31397005,COCCCCC(=NOCCN)c1ccc(C(F)(F)F)cc1.O=C(O)C=CC(=O)O,LFMYNZPAVPMEGP-UHFFFAOYSA-N,434.1664711799999,2.9133000000000004,0.94925,COCCCCC(=NOCCN)c1ccc(C(F)(F)F)cc1.O=C(O)C=CC(=O)O,FLUVOXAMINE MALEATE,Inactive,
47671920,S=C1SCN(Cc2ccccc2)CN1Cc1ccccc1,QFVAWNPSRQWSDU-UHFFFAOYSA-N,314.091140576,3.9375000000000027,0.94987,S=C1SCN(Cc2ccccc2)CN1Cc1ccccc1,SULBENTINE,Inactive,
69978548,CCN(CCCCOC(=O)c1ccc(OC)c(OC)c1)C(C)Cc1ccc(OC)cc1.Cl,PLGQWYOULXPJRE-UHFFFAOYSA-N,465.22820093199994,5.0243000000000055,0.9499,CCN(CCCCOC(=O)c1ccc(OC)c(OC)c1)C(C)Cc1ccc(OC)cc1.Cl,MEBEVERINE HYDROCHLORIDE,Inactive,
79633044,CCC(=O)OC1CCC2C3CCC4=CC(=O)CCC4(C)C3CCC12C,PDMMFKSKQVNJMI-UHFFFAOYSA-N,344.23514488399996,4.840100000000005,0.94992,CCC(=O)OC1CCC2C3CCC4=CC(=O)CCC4(C)C3CCC12C,TESTOSTERONE PROPIONATE,Inactive,
11242013,CCOC(=O)C1=CC(OC(CC)CC)C(NC(C)=O)C(N)C1.O=P(O)(O)O,PGZUMBJQJWIWGJ-UHFFFAOYSA-N,410.18180258199993,0.3568000000000003,0.949955,CCOC(=O)C1=CC(OC(CC)CC)C(NC(C)=O)C(N)C1.O=P(O)(O)O,OSELTAMIVIR PHOSPHATE,Inactive,
88420793,CC(C=CC1=C(C)CCCC1(C)C)=CC=CC(C)=CC(=O)O,SHGAZHPCJJPHSC-UHFFFAOYSA-N,300.208930136,5.602600000000005,0.950155,CC(C=CC1=C(C)CCCC1(C)C)=CC=CC(C)=CC(=O)O,ISOTRETINON,Inactive,
63994574,CC(=O)Nc1ccccc1,FZERHIULMFGESH-UHFFFAOYSA-N,135.068413908,1.6449999999999998,0.95042,CC(=O)Nc1ccccc1,ACETANILIDE,Inactive,
42268554,CC(=O)Oc1cc(C(C)C)c(OCCN(C)C)cc1C.Cl,IPWGSXZCDPTDEH-UHFFFAOYSA-N,315.160121372,3.4059200000000023,0.95057,CC(=O)Oc1cc(C(C)C)c(OCCN(C)C)cc1C.Cl,MOXISYLYTE HYDROCHLORIDE,Inactive,
38774565,COC(=O)C(=C1OC(=O)C(c2ccccc2)=C1O)c1ccccc1,OMZRMXULWNMRAE-UHFFFAOYSA-N,322.08412354800004,3.096800000000001,0.95063,COC(=O)C(=C1OC(=O)C(c2ccccc2)=C1O)c1ccccc1,VULPINIC ACID,Inactive,
65401222,C[N+]1([O-])C2CCC1CC(OC(=O)C(CO)c1ccccc1)C2,HGWPFSBHDACWNL-UHFFFAOYSA-N,305.162708216,1.9434999999999996,0.950665,C[N+]1([O-])C2CCC1CC(OC(=O)C(CO)c1ccccc1)C2,ATROPINE OXIDE,Inactive,
74439534,COC(=O)C1(C)CCCC2(C)c3ccc(O)c(C(C)C)c3CCC12,VEJJMTHWRMKGKN-UHFFFAOYSA-N,330.21949481999997,4.6989000000000045,0.95083,COC(=O)C1(C)CCCC2(C)c3ccc(O)c(C(C)C)c3CCC12,"TOTAROL-19-CARBOXYLIC ACID, METHYL ESTER",Inactive,
11335144,CN(C)CCc1c[nH]c2ccc(CC3COC(=O)N3)cc12,ULSDMUVEXKOYBU-UHFFFAOYSA-N,287.163376912,1.9229,0.95115,CN(C)CCc1c[nH]c2ccc(CC3COC(=O)N3)cc12,ZOLMITRIPTAN,Inactive,
97926329,CC(O)Cn1cnc2c1c(=O)n(C)c(=O)n2C,KYHQZNGJUGFTGR-UHFFFAOYSA-N,238.106590308,-1.1855,0.951165,CC(O)Cn1cnc2c1c(=O)n(C)c(=O)n2C,PROXYPHYLLINE,Inactive,
75610227,C=CC1CN2CCC1CC2C(O)c1ccnc2ccccc12,KMPWYEUPVWOPIM-UHFFFAOYSA-N,294.17321332399996,3.164600000000002,0.951225,C=CC1CN2CCC1CC2C(O)c1ccnc2ccccc12,CINCHONIDINE,Inactive,
83862514,NC(Cc1cc(I)c(Oc2ccc(O)c(I)c2)c(I)c1)C(=O)[O-].[Na+],SBXXSUDPJJJJLC-UHFFFAOYSA-M,672.771996112,-0.3780000000000001,0.95125,NC(Cc1cc(I)c(Oc2ccc(O)c(I)c2)c(I)c1)C(=O)[O-].[Na+],LIOTHYRONINE (L- isomer) SODIUM,Inactive,
39808553,S=P(N1CC1)(N1CC1)N1CC1,FOCVUCIESVLUNU-UHFFFAOYSA-N,189.04895501399997,0.15770000000000017,0.95132,S=P(N1CC1)(N1CC1)N1CC1,THIOTEPA,Inactive,
33778997,O=C1C(O)=C(O)C(=O)C(O)=C1O,DGQOCLATAPFASR-UHFFFAOYSA-N,172.00078784800002,-0.20659999999999995,0.95137,O=C1C(O)=C(O)C(=O)C(O)=C1O,TETROQUINONE,Inactive,
89646680,Cl.Clc1ccc2nsnc2c1NC1=NCCN1,ZWUKMNZJRDGCTQ-UHFFFAOYSA-N,288.99557164800007,2.1376,0.951675,Cl.Clc1ccc2nsnc2c1NC1=NCCN1,TIZANIDINE HYDROCHLORIDE,Inactive,
11198291,O=C1CCO1,VEZXCJBBBCKRPI-UHFFFAOYSA-N,72.021129368,-0.06669999999999998,0.951995,O=C1CCO1,PROPIOLACTONE,Inactive,
36658236,CC12CCC(=O)C=C1C=CC1C2CCC2(C)C1CCC2(O)CCC(=O)[O-].[K+],JTZQCHFUGHIPDF-UHFFFAOYSA-M,396.17029108799994,-0.44049999999999767,0.952495,CC12CCC(=O)C=C1C=CC1C2CCC2(C)C1CCC2(O)CCC(=O)[O-].[K+],"CANRENOIC ACID, POTASSIUM SALT",Inactive,
94789836,O=C(O)C=Cc1ccc(Cn2ccnc2)cc1,SHZKQBHERIJWAO-UHFFFAOYSA-N,228.089877624,2.0292,0.95254,O=C(O)C=Cc1ccc(Cn2ccnc2)cc1,OZAGREL HYDROCHLORIDE,Inactive,
70005085,c1ccc(-c2ccc(C(c3ccccc3)n3ccnc3)cc2)cc1,OCAPBUJLXMYKEJ-UHFFFAOYSA-N,310.146998576,5.187800000000005,0.952555,c1ccc(-c2ccc(C(c3ccccc3)n3ccnc3)cc2)cc1,BIFONAZOLE,Inactive,
11172281,COc1cc(C(C)=O)cc(OC)c1O,OJOBTAOGJIWAGB-UHFFFAOYSA-N,196.073558864,1.6119999999999999,0.95268,COc1cc(C(C)=O)cc(OC)c1O,ACETOSYRINGONE,Inactive,
44220836,CC=C(C(=CC)c1ccc(O)cc1)c1ccc(O)cc1,NFDFQCUYFHCNBW-UHFFFAOYSA-N,266.130679816,4.604600000000004,0.95287,CC=C(C(=CC)c1ccc(O)cc1)c1ccc(O)cc1,DIENESTROL,Inactive,
63186816,C=C(C)C1C2OC(=O)C1C1(O)CC3OC34C(=O)OC2C14C,PIMZUZSSNYHVCU-UHFFFAOYSA-N,292.094688232,-0.0620000000000005,0.95289,C=C(C)C1C2OC(=O)C1C1(O)CC3OC34C(=O)OC2C14C,PICROTOXININ,Inactive,
30205493,CCC(=O)OC1C(OC2C(C)C(OC3CC(C)(OC)C(O)C(C)O3)C(C)C(=O)OC(CC)C(C)(O)C(O)C(C)C(=O)C(C)CC2(C)O)OC(C)CC1N(C)C.CCCCCCCCCCCCOS(=O)(=O)O,AWMFUEJKWXESNL-UHFFFAOYSA-N,1055.6426362640002,6.47320000000001,0.952925,CCC(=O)OC1C(OC2C(C)C(OC3CC(C)(OC)C(O)C(C)O3)C(C)C(=O)OC(CC)C(C)(O)C(O)C(C)C(=O)C(C)CC2(C)O)OC(C)CC1N(C)C.CCCCCCCCCCCCOS(=O)(=O)O,ERYTHROMYCIN ESTOLATE,Inactive,
56960973,COc1ccc(NS(=O)(=O)c2ccc(N)cc2)nn1,VLYWMPOKSSWJAL-UHFFFAOYSA-N,280.063011244,0.8681999999999999,0.953145,COc1ccc(NS(=O)(=O)c2ccc(N)cc2)nn1,SULFAMETHOXYPYRIDAZINE,Inactive,
76522980,C=CC(C)(O)CCC1C(C)(O)CCC2C(C)(C)CCCC21C,XVULBTBTFGYVRC-UHFFFAOYSA-N,308.271530392,4.697200000000005,0.9532,C=CC(C)(O)CCC1C(C)(O)CCC2C(C)(C)CCCC21C,SCLAREOL,Inactive,
69974400,NC(=O)CCC(N)C(=O)O,ZDXPYRJPNDTMRX-UHFFFAOYSA-N,146.06914218,-1.3361999999999998,0.953325,NC(=O)CCC(N)C(=O)O,GLUTAMINE (D),Inactive,
74758123,CC(C)Nc1ncccn1,FTCYIGBVOHNHCD-UHFFFAOYSA-N,137.095297352,1.2969,0.953395,CC(C)Nc1ncccn1,ISAXONINE,Inactive,
96145938,CNc1ccccc1C(=O)N1CCc2c([nH]c3ccccc23)C1=O,RAEOYMOPVHBBKE-UHFFFAOYSA-N,319.132076784,3.048300000000001,0.95351,CNc1ccccc1C(=O)N1CCc2c([nH]c3ccccc23)C1=O,RHETSININE,Inactive,
21825765,CCN(Cc1ccc(Cl)nc1)C(=C[N+](=O)[O-])NC,CFRPSFYHXJZSBI-UHFFFAOYSA-N,270.0883534,1.8518999999999999,0.953595,CCN(Cc1ccc(Cl)nc1)C(=C[N+](=O)[O-])NC,NITENPYRAM,Inactive,
70118206,C=CCCCCCCCCC(=O)O,FRPZMMHWLSIFAZ-UHFFFAOYSA-N,184.14632988,3.3778000000000015,0.953645,C=CCCCCCCCCC(=O)O,UNDECYLENIC ACID,Inactive,
68924188,COc1ccc2c(c1)c(CC(=O)OCC(=O)O)c(C)n2C(=O)c1ccc(Cl)cc1,FSQKKOOTNAMONP-UHFFFAOYSA-N,415.082264976,3.4705200000000014,0.953855,COc1ccc2c(c1)c(CC(=O)OCC(=O)O)c(C)n2C(=O)c1ccc(Cl)cc1,ACEMETACIN,Inactive,
27202176,CC(=O)N1CCN(c2ccc(OCC3COC(Cn4ccnc4)(c4ccc(Cl)cc4Cl)O3)cc2)CC1,XMAYWYJOQHXEEK-UHFFFAOYSA-N,530.148760736,4.205800000000003,0.954095,CC(=O)N1CCN(c2ccc(OCC3COC(Cn4ccnc4)(c4ccc(Cl)cc4Cl)O3)cc2)CC1,KETOCONAZOLE,Inactive,
10568621,CCOC(=O)c1ccc(O)cc1,NUVBSKCKDOMJSU-UHFFFAOYSA-N,166.06299418,1.5689,0.95418,CCOC(=O)c1ccc(O)cc1,ETHYL PARABEN,Inactive,
37041870,O=c1cc(-c2ccccc2)oc2c(O)c(O)ccc12,COCYGNDCWFKTMF-UHFFFAOYSA-N,254.0579088,2.871200000000001,0.954315,O=c1cc(-c2ccccc2)oc2c(O)c(O)ccc12,"7,8-DIHYDROXYFLAVONE",Inactive,
38956672,Cc1ccc(Cl)c(Nc2ccccc2C(=O)[O-])c1Cl.[Na+],OGPIIGMUPMPMNT-UHFFFAOYSA-M,316.9986282,0.4129200000000009,0.954475,Cc1ccc(Cl)c(Nc2ccccc2C(=O)[O-])c1Cl.[Na+],MECLOFENAMATE SODIUM,Inactive,
68777855,CCCCOc1cc(C(=O)OCCN(CC)CC)ccc1N.Cl,PRGUDWLMFLCODA-UHFFFAOYSA-N,344.18667046800005,3.3681000000000014,0.9547,CCCCOc1cc(C(=O)OCCN(CC)CC)ccc1N.Cl,BENOXINATE HYDROCHLORIDE,Inactive,
11166599,CCN(CC)C(=O)c1cccnc1,NCYVXEGFNDZQCU-UHFFFAOYSA-N,178.110613068,1.5636,0.95479,CCN(CC)C(=O)c1cccnc1,NIKETHAMIDE,Inactive,
10102264,CCOP(=S)(OCC)Oc1ccc2c(C)c(Cl)c(=O)oc2c1,BXNANOICGRISHX-UHFFFAOYSA-N,362.0144589219999,4.431120000000004,0.95502,CCOP(=S)(OCC)Oc1ccc2c(C)c(Cl)c(=O)oc2c1,COUMOPHOS,Inactive,
26885593,COc1ccc(-c2cc(C(F)F)nn2-c2ccc(S(N)(=O)=O)cc2)cc1F,WAZQAZKAZLXFMK-UHFFFAOYSA-N,397.07079696799997,3.2720000000000002,0.955055,COc1ccc(-c2cc(C(F)F)nn2-c2ccc(S(N)(=O)=O)cc2)cc1F,DERACOXIB,Inactive,
11186448,CC(=O)C12OC1(C)CC1C3CC=C4CC(O)CCC4(C)C3CCC12C,LMVLICSGVDWDSM-UHFFFAOYSA-N,344.23514488399996,4.036700000000003,0.955095,CC(=O)C12OC1(C)CC1C3CC=C4CC(O)CCC4(C)C3CCC12C,16beta-METHYL-16(17)-EPOXY-5-PREGNENOLONE,Inactive,
59492028,Nc1ccc([As](=O)(O)O)cc1,XKNKHVGWJDPIRJ-UHFFFAOYSA-N,216.972014616,-1.1702000000000004,0.95515,Nc1ccc([As](=O)(O)O)cc1,ARSANILIC ACID,Inactive,
85283355,Cc1oncc1C(=O)Nc1ccc(C(F)(F)F)cc1,VHOGYURTWQBHIL-UHFFFAOYSA-N,270.061612188,3.2541200000000012,0.95521,Cc1oncc1C(=O)Nc1ccc(C(F)(F)F)cc1,LEFLUNOMIDE,Inactive,
11364773,O=c1[nH]c(=O)n(C2CC(O)C(CO)O2)cc1C(F)(F)F,VSQQQLOSPVPRAZ-UHFFFAOYSA-N,296.062006112,-0.8039000000000001,0.95583,O=c1[nH]c(=O)n(C2CC(O)C(CO)O2)cc1C(F)(F)F,TRIFLURIDINE,Inactive,
10015265,CC12CCC(O)CC1=CCC1C2CCC2(C)C(c3cccnc3)=CCC12,GZOSMCIZMLWJML-UHFFFAOYSA-N,349.240564612,5.398600000000005,0.95594,CC12CCC(O)CC1=CCC1C2CCC2(C)C(c3cccnc3)=CCC12,ABIRATERONE,Inactive,
40474416,NC(=O)CC(N)C(=O)O.O,RBMGJIZCEWRQES-UHFFFAOYSA-N,150.0640568,-2.551,0.956405,NC(=O)CC(N)C(=O)O.O,ASPARAGINE (L) HYDRATE,Inactive,
31549766,CC1CCC2(NC1)OC1CC3C4CC=C5CC(O)CCC5(C)C4CCC3(C)C1C2C,KWVISVAMQJWJSZ-UHFFFAOYSA-N,413.32937961600004,5.2869000000000055,0.957265,CC1CCC2(NC1)OC1CC3C4CC=C5CC(O)CCC5(C)C4CCC3(C)C1C2C,SOLASODINE,Inactive,
43416482,CC(N)C(O)c1cccc(O)c1.O=C(O)C(O)C(O)C(=O)O,VENXSELNXQXCNT-UHFFFAOYSA-N,317.111066568,-1.3497999999999999,0.957275,CC(N)C(O)c1cccc(O)c1.O=C(O)C(O)C(O)C(=O)O,METARAMINOL BITARTRATE,Inactive,
26112965,CC(=O)Oc1cccc(C)c1,OTGAHJPFNKQGAE-UHFFFAOYSA-N,150.06807956,1.92032,0.95751,CC(=O)Oc1cccc(C)c1,meta-CRESYL ACETATE,Inactive,
42402139,CC(C)=CCc1c(O)cc2oc(C)cc(=O)c2c1O,DTNGBIGBPPPNNB-UHFFFAOYSA-N,260.104858992,3.0213200000000016,0.957525,CC(C)=CCc1c(O)cc2oc(C)cc(=O)c2c1O,PEUCENIN,Inactive,
87741486,CS(=O)(=O)O.Oc1ccc(C2CNCCc3c2cc(O)c(O)c3Cl)cc1,CVKUMNRCIJMVAR-UHFFFAOYSA-N,401.06998603999995,2.2384000000000013,0.95754,CS(=O)(=O)O.Oc1ccc(C2CNCCc3c2cc(O)c(O)c3Cl)cc1,FENOLDOPAM MESYLATE,Inactive,
87836264,COC(=O)c1c(C)cc(OC(=O)c2c(C)cc(O)c(CO)c2O)c(C)c1O,WHDBRSOTWRZEGF-UHFFFAOYSA-N,376.11581759999996,2.226760000000001,0.957625,COC(=O)c1c(C)cc(OC(=O)c2c(C)cc(O)c(CO)c2O)c(C)c1O,DIHYDROATRANORIN,Inactive,
47730452,OCC1OC(OCCc2ccc(O)cc2)C(O)C(O)C1O,ILRCGYURZSFMEG-UHFFFAOYSA-N,300.12090298,-1.2488000000000008,0.95771,OCC1OC(OCCc2ccc(O)cc2)C(O)C(O)C1O,SALIDROSIDE,Inactive,
71353774,COc1ccc(C2C(=O)c3ccccc3C2=O)cc1,XRCFXMGQEVUZFC-UHFFFAOYSA-N,252.078644244,2.8580000000000005,0.95817,COc1ccc(C2C(=O)c3ccccc3C2=O)cc1,ANISINDIONE,Inactive,
94002719,O=C1CCC(C(=O)O)N1,ODHCTXKNWHHXJC-UHFFFAOYSA-N,129.042593084,-0.6504000000000001,0.95818,O=C1CCC(C(=O)O)N1,PIDOLIC ACID,Inactive,
25554447,CC(=O)OC1CC(OC(C)=O)C2(C)C(CC(=O)C3(C)C2CCC2(C)C(c4ccoc4)OC(=O)C4OC423)C1(C)C,IKFXPERBVFYFMS-UHFFFAOYSA-N,542.251582796,4.326300000000004,0.958465,CC(=O)OC1CC(OC(C)=O)C2(C)C(CC(=O)C3(C)C2CCC2(C)C(c4ccoc4)OC(=O)C4OC423)C1(C)C,7-DEACETOXY-7-OXOKHIVORIN,Inactive,
18029783,COc1ccc(Cc2nccc3cc(OC)c(OC)cc23)cc1OC.Cl,UOTMYNBWXDUBNX-UHFFFAOYSA-N,375.12373586399997,4.281800000000005,0.958605,COc1ccc(Cc2nccc3cc(OC)c(OC)cc23)cc1OC.Cl,PAPAVERINE HYDROCHLORIDE,Inactive,
11244302,CC1(O)CCC(C(C)(C)O)CC1.O,JGKJMBOJWVAMIJ-UHFFFAOYSA-N,190.156894564,0.8737999999999999,0.958775,CC1(O)CCC(C(C)(C)O)CC1.O,TERPENE HYDRATE,Inactive,
10196103,COC(=O)CCc1ccc(OC)cc1O,QPFCWJXXUBGYFW-UHFFFAOYSA-N,210.089208928,1.5063999999999997,0.95897,COC(=O)CCc1ccc(OC)cc1O,METHYL-2-HYDROXY-PHENYLPROPRIONATE,Inactive,
28001968,O=C(O)c1cc(O)ccc1O,WXTMDXOMEHJXQO-UHFFFAOYSA-N,154.026608672,0.7959999999999998,0.958985,O=C(O)c1cc(O)ccc1O,GENTISIC ACID,Inactive,
97009448,CC(=O)Oc1c(C)cccc1C(=O)O,XRBMKGUDDJPAMH-UHFFFAOYSA-N,194.0579088,1.6185200000000002,0.959825,CC(=O)Oc1c(C)cccc1C(=O)O,CRESOPIRINE,Inactive,
80453501,COc1cc(O)c2c(=O)c(O)c(-c3ccc(O)c(O)c3)oc2c1,JGUZGNYPMHHYRK-UHFFFAOYSA-N,316.058302724,2.2910000000000013,0.9599,COc1cc(O)c2c(=O)c(O)c(-c3ccc(O)c(O)c3)oc2c1,RHAMNETIN,Inactive,
85902732,Cl.O=C1NCC2(CCN(CCc3ccccc3)CC2)O1,FIKFLLIUPUVONI-UHFFFAOYSA-N,296.129155592,2.2253,0.96011,Cl.O=C1NCC2(CCN(CCc3ccccc3)CC2)O1,FENSPIRIDE HYDROCHLORIDE,Inactive,
11131079,CCCC(=O)Nc1ncnc2c1ncn2C1OC2COP(=O)([O-])OC2C1OC(=O)CCC.[Na+],KRBZRVBLIUDQNG-UHFFFAOYSA-M,491.1181936059999,-1.9379999999999964,0.960325,CCCC(=O)Nc1ncnc2c1ncn2C1OC2COP(=O)([O-])OC2C1OC(=O)CCC.[Na+],BUCLADESINE SODIUM,Inactive,
10743510,CN(C)C(=O)Oc1ccc[n+](C)c1.[Br-],VNYBTNPBYXSMOO-UHFFFAOYSA-M,260.016039756,-2.4244999999999974,0.96035,CN(C)C(=O)Oc1ccc[n+](C)c1.[Br-],PYRIDOSTIGMINE BROMIDE,Inactive,
83841581,CCC1C=C2C(=O)OC(=O)C2CC2=C(C(=O)OC2=O)C(O)C1CC,YGHXGBVMWGXADG-UHFFFAOYSA-N,334.105252916,0.8093999999999995,0.96038,CCC1C=C2C(=O)OC(=O)C2CC2=C(C(=O)OC2=O)C(O)C1CC,GLAUCONIC ACID,Inactive,
29557267,CC(C)=CCCC(C)=CCC1=C(C)C(=O)c2ccccc2C1=O,PTWSIIUEOFZCHW-UHFFFAOYSA-N,308.177630008,5.464900000000005,0.960465,CC(C)=CCCC(C)=CCC1=C(C)C(=O)c2ccccc2C1=O,MENAQUINONE-4,Inactive,
45127506,CN1CCC2(C)c3cc(O)ccc3N(C)C12.O=C(O)C=CC(=O)O,PBZRRADJWNBPNY-UHFFFAOYSA-N,334.152871804,1.4730999999999999,0.96083,CN1CCC2(C)c3cc(O)ccc3N(C)C12.O=C(O)C=CC(=O)O,ESEROLINE FUMARATE,Inactive,
73776199,CC12CCC(=O)C=C1CCC1C2C(O)CC2(C)C1CCC2(O)C(=O)COC(=O)CCC(=O)O,VWQWXZAWFPZJDA-UHFFFAOYSA-N,462.22536804799984,2.1973,0.96093,CC12CCC(=O)C=C1CCC1C2C(O)CC2(C)C1CCC2(O)C(=O)COC(=O)CCC(=O)O,HYDROCORTISONE HEMISUCCINATE,Inactive,
28812618,C#CC1(OC(C)=O)CCC2C3CCC4=CC(OC(C)=O)CCC4C3CCC21C,ONKUMRGIYFNPJW-UHFFFAOYSA-N,384.230059504,4.425900000000004,0.96166,C#CC1(OC(C)=O)CCC2C3CCC4=CC(OC(C)=O)CCC4C3CCC21C,ETHYNODIOL DIACETATE,Inactive,
48474999,COc1ccc(-c2coc3cc(O)cc(OC)c3c2=O)cc1,JQQULYXWXRNRAX-UHFFFAOYSA-N,298.084123548,3.182800000000002,0.96168,COc1ccc(-c2coc3cc(O)cc(OC)c3c2=O)cc1,"5,4'-DIMETHOXY-7-HYDROXYISOFLAVONE",Inactive,
11221809,C=C(C)C1Cc2c(ccc3c(=O)c4c(oc23)COc2cc(OC)c(OC)cc2-4)O1,GFERNZCCTZEIET-UHFFFAOYSA-N,392.1259883599999,4.249200000000004,0.962195,C=C(C)C1Cc2c(ccc3c(=O)c4c(oc23)COc2cc(OC)c(OC)cc2-4)O1,DEHYDROROTENONE,Inactive,
10144502,COc1cc2c(cc1OC)-c1c(oc3cc4c(cc3c1=O)CCO4)CO2,LZUNYTZRKSOHRX-UHFFFAOYSA-N,352.09468823199995,3.3045000000000018,0.962525,COc1cc2c(cc1OC)-c1c(oc3cc4c(cc3c1=O)CCO4)CO2,DIHYDRODEHYDROEROSONE,Inactive,
56975729,CCOC(=O)C(CCc1ccccc1)NC(C)C(=O)N1Cc2ccccc2CC1C(=O)O,JSDRRTOADPPCHY-UHFFFAOYSA-N,438.21547205999997,2.5671,0.96255,CCOC(=O)C(CCc1ccccc1)NC(C)C(=O)N1Cc2ccccc2CC1C(=O)O,QUINAPRIL,Inactive,
62520897,CNCCC(Oc1ccc(C(F)(F)F)cc1)c1ccccc1.Cl,GIYXAJPCNFJEHY-UHFFFAOYSA-N,345.110726568,4.856800000000004,0.96263,CNCCC(Oc1ccc(C(F)(F)F)cc1)c1ccccc1.Cl,FLUOXETINE HYDROCHLORIDE,Inactive,
81226581,Cn1cc[nH]c1=S,PMRYVIKBURPHAH-UHFFFAOYSA-N,114.02516919199999,1.08269,0.962755,Cn1cc[nH]c1=S,METHIMAZOLE,Inactive,
11738203,CCCc1nn(C)c2c(=O)[nH]c(-c3cc(S(=O)(=O)N4CCN(C)CC4)ccc3OCC)nc12.O=C(O)CC(O)(CC(=O)O)C(=O)O,DEIYFTQMQPDXOT-UHFFFAOYSA-N,666.2319270360001,0.36240000000000505,0.962795,CCCc1nn(C)c2c(=O)[nH]c(-c3cc(S(=O)(=O)N4CCN(C)CC4)ccc3OCC)nc12.O=C(O)CC(O)(CC(=O)O)C(=O)O,SILDENAFIL CITRATE,Inactive,
20159337,CCCCCCCCCCCCCCCCC(C(=O)O)C(O)(CC(=O)O)C(=O)O,HZLCGUXUOFWCCN-UHFFFAOYSA-N,416.27740361999986,4.849000000000004,0.962925,CCCCCCCCCCCCCCCCC(C(=O)O)C(O)(CC(=O)O)C(=O)O,AGARIC ACID,Inactive,
41419769,CCCCNC(=O)NS(=O)(=O)c1ccc(C)cc1,JLRGJRBPOGGCBT-UHFFFAOYSA-N,270.103813436,1.78302,0.963005,CCCCNC(=O)NS(=O)(=O)c1ccc(C)cc1,TOLBUTAMIDE,Inactive,
39063561,Br.Cc1ccc(Sc2ccccc2N2CCNCC2)c(C)c1,VNGRUFUIHGGOOM-UHFFFAOYSA-N,378.0765318360001,4.442140000000004,0.96302,Br.Cc1ccc(Sc2ccccc2N2CCNCC2)c(C)c1,VORTIOXETINE HYDROBROMIDE,Inactive,
62912568,O=C(O)C=CC=Cc1ccc2c(c1)OCO2,RHBGITBPARBDPH-UHFFFAOYSA-N,218.0579088,2.0693,0.963055,O=C(O)C=CC=Cc1ccc2c(c1)OCO2,PIPERIC ACID,Inactive,
72509779,C=C1CCC2C(C)(CO)C(O)CCC2(C)C1CC=C1C(=O)OCC1O,BOJKULTULYSRAS-UHFFFAOYSA-N,350.2093240599999,1.9625999999999997,0.96324,C=C1CCC2C(C)(CO)C(O)CCC2(C)C1CC=C1C(=O)OCC1O,ANDROGRAPHOLIDE,Inactive,
34214709,Cl.N=C(N)NC(=N)N1CCOCC1,FXYZDFSNBBOHTA-UHFFFAOYSA-N,207.08868774799998,-0.8417600000000003,0.96344,Cl.N=C(N)NC(=N)N1CCOCC1,MOROXYDINE HYDROCHLORIDE,Inactive,
27804427,CNC(=C[N+](=O)[O-])NCCSCc1csc(CN(C)C)n1,SGXXNSQHWDMGGP-UHFFFAOYSA-N,331.1136669120001,1.3224999999999998,0.96378,CNC(=C[N+](=O)[O-])NCCSCc1csc(CN(C)C)n1,NIZATIDINE,Inactive,
92939362,CC1CCC2(NC1)OC1CC3C4CCC5CC(O)CCC5(C)C4CCC3(C)C1C2C.Cl,SXXHVPYRDFJKPG-UHFFFAOYSA-N,451.321707392,5.788600000000008,0.96381,CC1CCC2(NC1)OC1CC3C4CCC5CC(O)CCC5(C)C4CCC3(C)C1C2C.Cl,TOMATIDINE HYDROCHLORIDE,Inactive,
52966225,COC(=O)c1c(C)cc(O)cc1O,NCCWCZLEACWJIN-UHFFFAOYSA-N,182.0579088,1.1928199999999995,0.963815,COC(=O)c1c(C)cc(O)cc1O,METHYL ORSELLINATE,Inactive,
11271278,NC(N)=O,XSQUKJJJFZCRTK-UHFFFAOYSA-N,60.032362748,-0.9762000000000002,0.963835,NC(N)=O,UREA,Inactive,
10185945,COc1cc2c(cc1O)CC1c3c(cc(O)c(OC)c3-2)CCN1C,LZJRNLRASBVRRX-UHFFFAOYSA-N,327.14705815200006,2.8671000000000015,0.96387,COc1cc2c(cc1O)CC1c3c(cc(O)c(OC)c3-2)CCN1C,BOLDINE,Inactive,
50617881,CC(=O)OC1CC2C(C)(C)C(O)CCC2(C)C2CCC3(C)C(=CC(=O)OC3c3ccoc3)C12C,FJIIOEQLAAKWEL-UHFFFAOYSA-N,470.2668389359999,5.365300000000006,0.96447,CC(=O)OC1CC2C(C)(C)C(O)CCC2(C)C2CCC3(C)C(=CC(=O)OC3c3ccoc3)C12C,3beta-HYDROXYDEOXODIHYDRODEOXYGEDUNIN,Inactive,
79289859,Nc1ccc(S(=O)(=O)Nc2ccccn2)cc1,GECHUMIMRBOMGK-UHFFFAOYSA-N,249.057197592,1.4646000000000001,0.964625,Nc1ccc(S(=O)(=O)Nc2ccccn2)cc1,SULFAPYRIDINE,Inactive,
20117379,CC(C)(C)NCC(O)c1cc(O)cc(O)c1.O=S(=O)(O)O,MUPQZWGSBCWCAV-UHFFFAOYSA-N,323.10387301199995,0.8665,0.964745,CC(C)(C)NCC(O)c1cc(O)cc(O)c1.O=S(=O)(O)O,TERBUTALINE HEMISULFATE,Inactive,
72593162,CC(C)NC(=N)NC(=N)Nc1ccc(Cl)cc1.Cl,SARMGXPVOFNNNG-UHFFFAOYSA-N,289.086100904,2.6308399999999996,0.96518,CC(C)NC(=N)NC(=N)Nc1ccc(Cl)cc1.Cl,CHLOROGUANIDE HYDROCHLORIDE,Inactive,
69192384,C1CNCCN1.CC12CCC3c4ccc(OS(=O)(=O)O)cc4CCC3C1CCC2=O,HZEQBCVBILBTEP-UHFFFAOYSA-N,436.20319312399994,2.4726,0.9652,C1CNCCN1.CC12CCC3c4ccc(OS(=O)(=O)O)cc4CCC3C1CCC2=O,ESTROPIPATE,Inactive,
10642332,O=C(NC(Cc1cc(=O)[nH]c2ccccc12)C(=O)O)c1ccc(Cl)cc1,ALLWOAVDORUJLA-UHFFFAOYSA-N,370.07203464,2.6071999999999997,0.965255,O=C(NC(Cc1cc(=O)[nH]c2ccccc12)C(=O)O)c1ccc(Cl)cc1,REBAMIPIDE,Inactive,
39622244,CCCCCC=CCC=CCC=CCC=CCCCC(=O)O,YZXBAPSDXZZRGB-UHFFFAOYSA-N,304.240230264,6.216700000000006,0.965685,CCCCCC=CCC=CCC=CCC=CCCCC(=O)O,ARACHIDONIC ACID,Inactive,
53029295,CN(C)CCC(c1ccccc1)c1ccccn1.O=C(O)C=CC(=O)O,SSOXZAQUVINQSA-UHFFFAOYSA-N,356.17360724799994,2.877,0.966075,CN(C)CCC(c1ccccc1)c1ccccn1.O=C(O)C=CC(=O)O,PHENIRAMINE MALEATE,Inactive,
24956450,CC(C)c1c(C(=O)Nc2ccccc2)c(-c2ccccc2)c(-c2ccc(F)cc2)n1CCC(O)CC(O)CC(=O)[O-].[Ca+2],DYJKAHNDTTZSNX-UHFFFAOYSA-M,597.2072178080899,4.598100000000007,0.966385,CC(C)c1c(C(=O)Nc2ccccc2)c(-c2ccccc2)c(-c2ccc(F)cc2)n1CCC(O)CC(O)CC(=O)[O-].[Ca+2],ATORVASTATIN CALCIUM,Inactive,
10496394,Cl.NCC(N)C(=O)O,SKWCZPYWFRTSDD-UHFFFAOYSA-N,140.035255208,-1.2211999999999998,0.966515,Cl.NCC(N)C(=O)O,BETA-AMINOALANINE HYDROCHLORIDE,Inactive,
29910208,O=C(O)CCCCC(=O)O,WNLRTRBMVRJNCN-UHFFFAOYSA-N,146.0579088,0.716,0.966525,O=C(O)CCCCC(=O)O,ADIPIC ACID,Inactive,
37735676,CC1(C)CC2C1CCC1(C)OC1CCC2(C)O,KGYCKUADVHYVLM-UHFFFAOYSA-N,238.193280072,3.131200000000002,0.966625,CC1(C)CC2C1CCC1(C)OC1CCC2(C)O,2-HYDROXY-5 (6)EPOXY-TETRAHYDROCARYOPHYLLENE,Inactive,
53325143,CN1CCC(=C2c3ccccc3Sc3ccccc32)CC1.O=C(O)C=CC(=O)O,IPANUAHQWFDVAG-UHFFFAOYSA-N,409.1347792159999,4.390500000000003,0.96668,CN1CCC(=C2c3ccccc3Sc3ccccc32)CC1.O=C(O)C=CC(=O)O,PIMETHIXENE MALEATE,Inactive,
10327055,O=[N+]([O-])c1ccc([As](=O)(O)O)cc1,FUUFQLXAIUOWML-UHFFFAOYSA-N,246.946193792,-0.8442000000000001,0.966735,O=[N+]([O-])c1ccc([As](=O)(O)O)cc1,NITARSONE,Inactive,
33567245,CN(C)CCC(c1ccc(Cl)cc1)c1ccccn1.O=C(O)C=CC(=O)O,DBAKFASWICGISY-UHFFFAOYSA-N,390.1346348959999,3.5304,0.966795,CN(C)CCC(c1ccc(Cl)cc1)c1ccccn1.O=C(O)C=CC(=O)O,CHLORPHENIRAMINE MALEATE,Inactive,
32197580,C[N+](C)(C)CCOP(=O)([O-])OP(=O)(O)OCC1OC(n2ccc(N)nc2=O)C(O)C1O,RZZPDXZPRHQOCG-UHFFFAOYSA-N,488.10733091199995,-2.2304999999999957,0.96681,C[N+](C)(C)CCOP(=O)([O-])OP(=O)(O)OCC1OC(n2ccc(N)nc2=O)C(O)C1O,CITICOLINE,Inactive,
60740184,O=c1c(-c2ccc(O)cc2)coc2cc(O)ccc12,ZQSIJRDFPHDXIC-UHFFFAOYSA-N,254.0579088,2.871200000000001,0.967005,O=c1c(-c2ccc(O)cc2)coc2cc(O)ccc12,DAIDZEIN,Inactive,
11623458,NC(C(=O)O)C(O)c1ccc(O)c(O)c1,QXWYKJLNLSIPIN-UHFFFAOYSA-N,213.063722452,-0.4569000000000002,0.967015,NC(C(=O)O)C(O)c1ccc(O)c(O)c1,DROXYDOPA,Inactive,
11200938,COc1cc(C(=O)O)cc(OC)c1O,JMSVCTWVEWCHDZ-UHFFFAOYSA-N,198.05282342,1.1076,0.967225,COc1cc(C(=O)O)cc(OC)c1O,SYRINGIC ACID,Inactive,
54320379,CCN(CC)CCc1nc(-c2ccccc2)no1.O=C(O)CC(O)(CC(=O)O)C(=O)O,RBZIGQJSMCOHSS-UHFFFAOYSA-N,437.1798148239999,1.3723999999999996,0.96772,CCN(CC)CCc1nc(-c2ccccc2)no1.O=C(O)CC(O)(CC(=O)O)C(=O)O,OXOLAMINE CITRATE,Inactive,
36247901,C[N+]12CCC(CC1)C(OC(=O)C(O)(c1ccccc1)c1ccccc1)C2.[Br-],GKEGFOKQMZHVOW-UHFFFAOYSA-M,431.109605792,-0.291499999999999,0.967725,C[N+]12CCC(CC1)C(OC(=O)C(O)(c1ccccc1)c1ccccc1)C2.[Br-],CLIDINIUM BROMIDE,Inactive,
47853600,CCCCCCCCC(=O)NCc1ccc(O)c(OC)c1,RGOVYLWUIBMPGK-UHFFFAOYSA-N,293.199093724,3.7676000000000025,0.96778,CCCCCCCCC(=O)NCc1ccc(O)c(OC)c1,NONIVAMIDE,Inactive,
10989073,CCOC(=O)c1ccc(N)cc1,BLFLLBZGZJTVJG-UHFFFAOYSA-N,165.078978592,1.4455,0.96792,CCOC(=O)c1ccc(N)cc1,BENZOCAINE,Inactive,
54677079,COc1ccc(C=CC(=O)O)cc1OC,HJBWJAPEBGSQPR-UHFFFAOYSA-N,208.073558864,1.8016,0.96805,COc1ccc(C=CC(=O)O)cc1OC,DIMETHYLCAFFEIC ACID,Inactive,
87123606,NC(=O)c1ncn(C2OC(CO)C(O)C2O)c1O,HZQDCMWJEBCWBR-UHFFFAOYSA-N,259.080435136,-2.7009,0.96806,NC(=O)c1ncn(C2OC(CO)C(O)C2O)c1O,MIZORIBINE,Inactive,
10649432,COc1ccc2c(C)cc(=O)oc2c1,UDFPKNSWSYBIHO-UHFFFAOYSA-N,190.06299418,2.11002,0.9681,COc1ccc2c(C)cc(=O)oc2c1,HYMECROMONE METHYL ETHER,Inactive,
14259122,Cc1c(Cl)cccc1Nc1ccccc1C(=O)O,YEZNLOUZAIOMLT-UHFFFAOYSA-N,261.055656304,4.090220000000002,0.968585,Cc1c(Cl)cccc1Nc1ccccc1C(=O)O,TOLFENAMIC ACID,Inactive,
10705070,CCC(CCC(C)C1CCC2C3CC=C4CC(O)CCC4(C)C3CCC12C)C(C)C,KZJWDPNRJALLNS-UHFFFAOYSA-N,414.38616622,8.02480000000001,0.96876,CCC(CCC(C)C1CCC2C3CC=C4CC(O)CCC4(C)C3CCC12C)C(C)C,beta-SITOSTEROL,Inactive,
91371595,O=C1CC(c2ccc(O)cc2)Oc2cc(O)cc(O)c21,FTVWIRXFELQLPI-UHFFFAOYSA-N,272.06847348400004,2.5099000000000014,0.968895,O=C1CC(c2ccc(O)cc2)Oc2cc(O)cc(O)c21,NARINGENIN,Inactive,
24407365,Clc1ccc2c(c1)CCc1cccnc1C2=C1CCNCC1,JAUOIFJMECXRGI-UHFFFAOYSA-N,310.123676288,4.018900000000002,0.969015,Clc1ccc2c(c1)CCc1cccnc1C2=C1CCNCC1,DESLORATIDINE,Inactive,
61905130,Cc1cccc(CN2CCN(C(c3ccccc3)c3ccc(Cl)cc3)CC2)c1.Cl.Cl,VCTHNOIYJIXQLV-UHFFFAOYSA-N,462.139631968,6.399220000000007,0.96903,Cc1cccc(CN2CCN(C(c3ccccc3)c3ccc(Cl)cc3)CC2)c1.Cl.Cl,MECLIZINE HYDROCHLORIDE,Inactive,
10783668,C=CCC1(O)CCC2C3CCC4=CCCCC4C3CCC21C,ATXHVCQZZJYMCF-UHFFFAOYSA-N,300.245315644,5.2564000000000055,0.969485,C=CCC1(O)CCC2C3CCC4=CCCCC4C3CCC21C,ALLYLESTRENOL,Inactive,
11019870,COc1cc(CNC(=O)CCCCC=CC(C)C)ccc1O,YKPUWZUDDOIDPM-UHFFFAOYSA-N,305.199093724,3.789600000000003,0.96985,COc1cc(CNC(=O)CCCCC=CC(C)C)ccc1O,CAPSAICIN,Inactive,
71549743,CC1(C(=O)O)CCC2(C)CCC3(C)C(=CC(=O)C4C5(C)CCC(OC6OC(C(=O)O)C(O)C(O)C6OC6OC(C(=O)O)C(O)C(O)C6O)C(C)(C)C5CCC43C)C2C1,LPLVUJXQOOQHMX-UHFFFAOYSA-N,822.403785904,2.245600000000003,0.969955,CC1(C(=O)O)CCC2(C)CCC3(C)C(=CC(=O)C4C5(C)CCC(OC6OC(C(=O)O)C(O)C(O)C6OC6OC(C(=O)O)C(O)C(O)C6O)C(C)(C)C5CCC43C)C2C1,GLYCYRRHIZIN,Inactive,
39761042,CC(=O)OCC(=O)C1(OC(C)=O)C(C)CC2C3CC(F)C4=CC(=O)C=CC4(C)C3(F)C(O)CC21C,BOBLHFUVNSFZPJ-UHFFFAOYSA-N,494.211609804,2.9853000000000014,0.970085,CC(=O)OCC(=O)C1(OC(C)=O)C(C)CC2C3CC(F)C4=CC(=O)C=CC4(C)C3(F)C(O)CC21C,DIFLORASONE DIACETATE,Inactive,
73478996,C#CCN(C)CCCOc1ccc(Cl)cc1Cl.Cl,BBAZDLONIUABKI-UHFFFAOYSA-N,307.029747172,3.7491000000000034,0.97023,C#CCN(C)CCCOc1ccc(Cl)cc1Cl.Cl,CLORGILINE HYDROCHLORIDE,Inactive,
10747977,CC1=CC(=O)C(C(C)C)=CC1=O,KEQHJBNSCLWCAE-UHFFFAOYSA-N,164.083729624,1.6669,0.970255,CC1=CC(=O)C(C(C)C)=CC1=O,THYMOQUINONE,Inactive,
55597980,COC1C(O)C(O)C(O)C(O)C1O,DSCFFEYYQKSRSV-UHFFFAOYSA-N,194.079038168,-3.1805,0.97035,COC1C(O)C(O)C(O)C(O)C1O,QUEBRACHITOL,Inactive,
75315281,CC(CN(C)C)CN1c2ccccc2Sc2ccccc21.O=C(O)C(O)C(O)C(=O)O,ZEEPCWVFSHMOPI-UHFFFAOYSA-N,448.1668076159998,2.3643999999999994,0.970685,CC(CN(C)C)CN1c2ccccc2Sc2ccccc21.O=C(O)C(O)C(O)C(=O)O,TRIMEPRAZINE TARTRATE,Inactive,
64647417,C=CCCCCCCCCCCCC(O)CC(O)CO,DFEHQWFIOMAGBM-UHFFFAOYSA-N,286.250794948,3.5677000000000016,0.97085,C=CCCCCCCCCCCCC(O)CC(O)CO,AVOCADENE,Inactive,
11085144,COc1cc(C)c(C(=O)O)c(O)c1,QUCZMUVAQHIOID-UHFFFAOYSA-N,182.0579088,1.40742,0.9709,COc1cc(C)c(C(=O)O)c(O)c1,EVERNINIC ACID,Inactive,
18565867,CC1(C)OC(=O)C(OCC2CC2)=C1c1ccc(S(C)(=O)=O)cc1,FULAPETWGIGNMT-UHFFFAOYSA-N,336.10314473999995,2.563200000000001,0.971025,CC1(C)OC(=O)C(OCC2CC2)=C1c1ccc(S(C)(=O)=O)cc1,FIROCOXIB,Inactive,
68091907,CCC(=O)OC1(C(=O)SCF)C(C)CC2C3CC(F)C4=CC(=O)C=CC4(C)C3(F)C(O)CC21C,WMWTYOKRWGGJOA-UHFFFAOYSA-N,500.18442975199997,4.430000000000004,0.97106,CCC(=O)OC1(C(=O)SCF)C(C)CC2C3CC(F)C4=CC(=O)C=CC4(C)C3(F)C(O)CC21C,FLUTICASONE PROPIONATE,Inactive,
48581852,CN1C(CCl)Nc2cc(Cl)c(S(N)(=O)=O)cc2S1(=O)=O,CESYKOGBSMNBPD-UHFFFAOYSA-N,358.956803192,0.5983000000000003,0.971245,CN1C(CCl)Nc2cc(Cl)c(S(N)(=O)=O)cc2S1(=O)=O,METHYCLOTHIAZIDE,Inactive,
84892078,NCCCS(=O)(=O)O,SNKZJIOFVMKAOJ-UHFFFAOYSA-N,139.030314148,-0.7769999999999997,0.97145,NCCCS(=O)(=O)O,TRAMIPROSATE,Inactive,
10512743,O=C(CO)C(O)C(O)C(O)CO,BJHIKXHVCXFQLS-UHFFFAOYSA-N,180.063388104,-3.3772000000000006,0.97153,O=C(CO)C(O)C(O)C(O)CO,L(-)-SORBOSE,Inactive,
10859580,CN1CCOC(c2ccccc2)c2ccccc2C1,RGPDEAGGEXEMMM-UHFFFAOYSA-N,253.146664228,3.238000000000002,0.972115,CN1CCOC(c2ccccc2)c2ccccc2C1,NEFOPAM,Inactive,
65744623,CC12CCC3C(CCC4(O)CC(O)CCC34C=O)C1(O)CCC2C1=CC(=O)OC1,ODJLBQGVINUMMR-UHFFFAOYSA-N,404.21988874399995,1.8981999999999999,0.97213,CC12CCC3C(CCC4(O)CC(O)CCC34C=O)C1(O)CCC2C1=CC(=O)OC1,STROPHANTHIDIN,Inactive,
58195732,CC(COc1ccc(Oc2ccccc2)cc1)Oc1ccccn1,NHDHVHZZCFYRSB-UHFFFAOYSA-N,321.136493468,4.720200000000004,0.97223,CC(COc1ccc(Oc2ccccc2)cc1)Oc1ccccn1,PYRIPROXYFEN,Inactive,
17149417,Cc1cc2c(cc1S(N)(=O)=O)S(=O)(=O)CCC2,FNQQBFNIYODEMB-UHFFFAOYSA-N,275.02859989600006,0.36232000000000025,0.97228,Cc1cc2c(cc1S(N)(=O)=O)S(=O)(=O)CCC2,METICRANE,Inactive,
68873314,Cc1cc(NS(=O)(=O)c2ccc(N)cc2)no1,JLKIGFTWXXRPMT-UHFFFAOYSA-N,253.052112212,1.3660199999999998,0.972465,Cc1cc(NS(=O)(=O)c2ccc(N)cc2)no1,SULFAMETHOXAZOLE,Inactive,
31869435,CCNS(=O)(=O)C(F)(F)C(F)(F)C(F)(F)C(F)(F)C(F)(F)C(F)(F)C(F)(F)C(F)(F)F,CCEKAJIANROZEO-UHFFFAOYSA-N,526.984779172,4.892600000000002,0.97249,CCNS(=O)(=O)C(F)(F)C(F)(F)C(F)(F)C(F)(F)C(F)(F)C(F)(F)C(F)(F)C(F)(F)F,SULFLURAMID,Inactive,
92173447,Cl.Cl.OCCN1CCN(CCCN2c3ccccc3Sc3ccc(C(F)(F)F)cc32)CC1,MBHNWCYEGXQEIT-UHFFFAOYSA-N,509.12822353599995,5.151700000000005,0.972675,Cl.Cl.OCCN1CCN(CCCN2c3ccccc3Sc3ccc(C(F)(F)F)cc32)CC1,FLUPHENAZINE HYDROCHLORIDE,Inactive,
86163801,CCC1(C2OC(C3OC(O)(CO)C(C)CC3C)CC2C)CCC(C2(C)CCC3(CC(O)C(C)C(C(C)C(OC)C(C)C(=O)[O-])O3)O2)O1.[Na+],XOIQMTLWECTKJL-UHFFFAOYSA-M,692.4111570520001,-0.057799999999991414,0.97272,CCC1(C2OC(C3OC(O)(CO)C(C)CC3C)CC2C)CCC(C2(C)CCC3(CC(O)C(C)C(C(C)C(OC)C(C)C(=O)[O-])O3)O2)O1.[Na+],MONENSIN SODIUM,Inactive,
11952076,CCCCC(O)c1ccccc1,OVGORFFCBUIFIA-UHFFFAOYSA-N,164.120115132,2.9102000000000015,0.972765,CCCCC(O)c1ccccc1,FENIPENTOL,Inactive,
64140531,CCN(Cc1ccncc1)C(=O)C(CO)c1ccccc1,BGDKAVGWHJFAGW-UHFFFAOYSA-N,284.15247788,2.2062,0.973075,CCN(Cc1ccncc1)C(=O)C(CO)c1ccccc1,TROPICAMIDE,Inactive,
98597386,CCCCCC(CC(=O)O)C(=O)O,FNZSVEHJZREFPF-UHFFFAOYSA-N,188.104858992,1.7422000000000002,0.97315,CCCCCC(CC(=O)O)C(=O)O,NONIC ACID,Inactive,
15845413,Cc1ccc(=O)n(-c2ccccc2)c1,ISWRGOKTTBVCFA-UHFFFAOYSA-N,185.084063972,2.1459200000000003,0.973255,Cc1ccc(=O)n(-c2ccccc2)c1,PIRFENIDONE,Inactive,
91136660,O=C(NN=Cc1ccc([N+](=O)[O-])o1)c1ccc(O)cc1,YCWSUKQGVSGXJO-UHFFFAOYSA-N,275.05422038800003,1.6573,0.97335,O=C(NN=Cc1ccc([N+](=O)[O-])o1)c1ccc(O)cc1,NIFUROXAZIDE,Inactive,
11051417,CC(O)(P(=O)([O-])O)P(=O)([O-])O.[Na+].[Na+],GWBBVOVXJZATQQ-UHFFFAOYSA-L,249.938414352,-8.248199999999999,0.973365,CC(O)(P(=O)([O-])O)P(=O)([O-])O.[Na+].[Na+],ETIDRONATE DISODIUM,Inactive,
11463337,CCC(C)C(=O)OC1CC(C)C=C2C=CC(C)C(CCC3CC(O)CC(=O)O3)C21,PCZOHLXUXFIOCF-UHFFFAOYSA-N,404.2562742519999,4.195500000000004,0.973405,CCC(C)C(=O)OC1CC(C)C=C2C=CC(C)C(CCC3CC(O)CC(=O)O3)C21,LOVASTATIN,Inactive,
11221748,COc1cc(OC)c2c(=O)cc(-c3ccccc3)oc2c1,JRFZSUMZAUHNSL-UHFFFAOYSA-N,282.089208928,3.4772000000000025,0.973915,COc1cc(OC)c2c(=O)cc(-c3ccccc3)oc2c1,CHRYSIN DIMETHYL ETHER,Inactive,
10716220,CN1CC(=O)NC1=N,DDRJAANPRJIHGJ-UHFFFAOYSA-N,113.058911844,-1.0172299999999999,0.973945,CN1CC(=O)NC1=N,CREATININE,Inactive,
10233204,C=C1CCC2C(CC2(C)C)C(=O)CCC1O,BSFUDCIRZBAPDS-UHFFFAOYSA-N,222.161979944,2.708900000000001,0.973945,C=C1CCC2C(CC2(C)C)C(=O)CCC1O,ISOKOBUSONE,Inactive,
17280944,CC(C)(C)NCC(O)COc1nsnc1N1CCOCC1.O=C(O)C=CC(=O)O,WLRMANUAADYWEA-UHFFFAOYSA-N,432.1678702359999,0.21430000000000204,0.974,CC(C)(C)NCC(O)COc1nsnc1N1CCOCC1.O=C(O)C=CC(=O)O,TIMOLOL MALEATE,Inactive,
17295267,CC(C)C(C)C=CC(C)C1CCC2C3=CC=C4CC(O)CCC4(C)C3CCC21C,DNVPQKQSNYMLRS-UHFFFAOYSA-N,396.339216028,7.330800000000009,0.974075,CC(C)C(C)C=CC(C)C1CCC2C3=CC=C4CC(O)CCC4(C)C3CCC21C,ERGOSTEROL,Inactive,
84299221,CC(=O)N=c1sc(S(N)(=O)=O)nn1C,FLOSMHQXBMRNHR-UHFFFAOYSA-N,236.003782116,-1.4237999999999997,0.97432,CC(=O)N=c1sc(S(N)(=O)=O)nn1C,METHAZOLAMIDE,Inactive,
59450164,Cc1cccc(C)c1NC(=O)c1ccccc1C(=O)O,LLECMGGNFBKPRH-UHFFFAOYSA-N,269.10519334,3.253940000000001,0.974605,Cc1cccc(C)c1NC(=O)c1ccccc1C(=O)O,FTAXILIDE,Inactive,
92162184,C=C(C)C1CC=C(C)CC1,XMGQYMWWDOXHJM-UHFFFAOYSA-N,136.125200512,3.308900000000002,0.97469,C=C(C)C1CC=C(C)CC1,d-LIMONENE,Inactive,
50961630,Cl.NCC(=O)c1ccccc1,CVXGFPPAIUELDV-UHFFFAOYSA-N,171.04509162,1.2498,0.975275,Cl.NCC(=O)c1ccccc1,PHENACYLAMINE HYDROCHLORIDE,Inactive,
26836191,CC(=O)OC1CCC2(C)C3=C(CCC2C1(C)C)C1(C)CCC(C(C)CCC=C(C)C)C1(C)CC3,BQPPJGMMIYJVBR-UHFFFAOYSA-N,468.396730904,9.049900000000003,0.975375,CC(=O)OC1CCC2(C)C3=C(CCC2C1(C)C)C1(C)CCC(C(C)CCC=C(C)C)C1(C)CC3,LANOSTEROL ACETATE,Inactive,
24843747,CNC1(C)C2CCC(C2)C1(C)C.Cl,PKVZBNCYEICAQP-UHFFFAOYSA-N,203.14407738399998,2.842400000000002,0.975605,CNC1(C)C2CCC(C2)C1(C)C.Cl,MECAMYLAMINE HYDROCHLORIDE,Inactive,
97382133,O=c1c(O)c(-c2ccccc2)oc2cccc(O)c12,QHYWQIVTVQAKQF-UHFFFAOYSA-N,254.0579088,2.8712000000000013,0.975625,O=c1c(O)c(-c2ccccc2)oc2cccc(O)c12,"3,5-DIHYDROXYFLAVONE",Inactive,
33053725,O=C(O)C1CC(C2CCCCN2)CN2CCCCC12,VFENFLGNSRQELY-UHFFFAOYSA-N,266.199428072,1.7036999999999998,0.975665,O=C(O)C1CC(C2CCCCN2)CN2CCCCC12,APHYLLIC ACID,Inactive,
24843303,NCc1cccnc1,HDOUGSFASVGDCS-UHFFFAOYSA-N,108.06874825599999,0.5403,0.975775,NCc1cccnc1,PICOLAMINE,Inactive,
98893696,CC(=O)Oc1cccc2c1C(=O)c1c(OC(C)=O)cc(C(=O)O)cc1C2=O,TYNLGDBUJLVSMA-UHFFFAOYSA-N,368.05321734399996,2.0107999999999997,0.975795,CC(=O)Oc1cccc2c1C(=O)c1c(OC(C)=O)cc(C(=O)O)cc1C2=O,DIACERIN,Inactive,
22847600,O=C(O)C1CCCN1,ONIBWKKTOPOVIA-UHFFFAOYSA-N,115.063328528,-0.177,0.975885,O=C(O)C1CCCN1,PROLINE (L),Inactive,
45771245,CN(C)CCN(Cc1cccs1)c1ccccn1.Cl,BONORRGKLJBGRV-UHFFFAOYSA-N,297.10664632,3.133100000000002,0.97598,CN(C)CCN(Cc1cccs1)c1ccccn1.Cl,METHAPYRILENE HYDROCHLORIDE,Inactive,
81280806,CC(CCC(=O)O)C1CCC2C3C(O)CC4CC(O)CCC4(C)C3CCC12C,RUDATBOHQWOJDD-UHFFFAOYSA-N,392.29265976,4.477900000000004,0.97604,CC(CCC(=O)O)C1CCC2C3C(O)CC4CC(O)CCC4(C)C3CCC12C,CHENODIOL,Inactive,
16756844,CC(C)c1c(O)ccc2c1CCC1C(C)(C=O)CCCC21C,QMRLEXVAVRHWSE-UHFFFAOYSA-N,300.208930136,4.7248000000000046,0.976055,CC(C)c1c(O)ccc2c1CCC1C(C)(C=O)CCCC21C,TOTARALOLAL,Inactive,
40554204,CCC1(O)C(=O)OCc2c1cc1n(c2=O)Cc2cc3ccccc3nc2-1,VSJKWCGYPAHWDS-UHFFFAOYSA-N,348.111006992,2.0796,0.976205,CCC1(O)C(=O)OCc2c1cc1n(c2=O)Cc2cc3ccccc3nc2-1,CAMPTOTHECIN,Inactive,
81233008,CN(C)Cc1c[nH]c2ccccc12,OCDGBSUVYYVKQZ-UHFFFAOYSA-N,174.115698448,2.2295,0.976295,CN(C)Cc1c[nH]c2ccccc12,GRAMINE,Inactive,
62554421,CN(C)CCC=C1c2ccccc2CCc2ccccc21.Cl,KFYRPLNVJVHZGT-UHFFFAOYSA-N,313.159727448,4.590400000000005,0.97636,CN(C)CCC=C1c2ccccc2CCc2ccccc21.Cl,AMITRIPTYLINE HYDROCHLORIDE,Inactive,
72653488,C=C1C(=O)OC2C1CCC(C)=CCCC1(C)OC21,KTEXNACQROZXEV-UHFFFAOYSA-N,248.1412445,2.7620000000000013,0.976425,C=C1C(=O)OC2C1CCC(C)=CCCC1(C)OC21,PARTHENOLIDE,Inactive,
89706481,CC(NC(C)(C)C)C(=O)c1cccc(Cl)c1.Cl,HEYVINCGKDONRU-UHFFFAOYSA-N,275.084369588,3.721100000000003,0.97647,CC(NC(C)(C)C)C(=O)c1cccc(Cl)c1.Cl,BUPROPION,Inactive,
10012137,CCOc1ccc(NC(=O)CC(C)O)cc1,LIAWQASKBFCRNR-UHFFFAOYSA-N,223.120843404,1.7946999999999997,0.97647,CCOc1ccc(NC(=O)CC(C)O)cc1,BUCETIN,Inactive,
68023476,Cc1cccc(O)c1,RLSSMJSEOOYNOY-UHFFFAOYSA-N,108.057514876,1.7006199999999998,0.976545,Cc1cccc(O)c1,METACRESOL,Inactive,
99499972,CC(=O)OC1(C(C)=O)CCC2C3C=C(C)C4=CC(=O)CCC4(C)C3CCC21C,RQZAXGRLVPAYTJ-UHFFFAOYSA-N,384.230059504,4.575300000000005,0.976795,CC(=O)OC1(C(C)=O)CCC2C3C=C(C)C4=CC(=O)CCC4(C)C3CCC21C,MEGESTROL ACETATE,Inactive,
70615483,COc1cc2c(cc1-c1coc3c4c(ccc3c1=O)OC(C)(C)CC4)OCO2,CMRKWZWNFFFDOQ-UHFFFAOYSA-N,380.12598835999995,4.300900000000005,0.976955,COc1cc2c(cc1-c1coc3c4c(ccc3c1=O)OC(C)(C)CC4)OCO2,JAMAICIN,Inactive,
10158959,CC1OC(OC2C=C3CCC4C(CCC5(C)C(c6ccc(=O)oc6)CCC45O)C3(C)CC2)C(O)C(O)C1O,MYEJFUXQJGHEQK-UHFFFAOYSA-N,530.2879683039998,3.013800000000002,0.97744,CC1OC(OC2C=C3CCC4C(CCC5(C)C(c6ccc(=O)oc6)CCC45O)C3(C)CC2)C(O)C(O)C1O,PROSCILLARIDIN A,Inactive,
63640824,CC(=O)OC1CC2CCC1(C)C2(C)C,KGEKLUUHTZCSIP-UHFFFAOYSA-N,196.14632988,2.7643000000000013,0.977515,CC(=O)OC1CC2CCC1(C)C2(C)C,BORNYL ACETATE,Inactive,
73963300,COCCCOc1cc(CC(CC(N)C(O)CC(C(=O)NCC(C)(C)C(N)=O)C(C)C)C(C)C)ccc1OC.O=C(O)C=CC(=O)O,RSFGNDXWVZPKJA-UHFFFAOYSA-N,667.4043950240001,3.0053000000000045,0.977765,COCCCOc1cc(CC(CC(N)C(O)CC(C(=O)NCC(C)(C)C(N)=O)C(C)C)C(C)C)ccc1OC.O=C(O)C=CC(=O)O,ALISKIREN HEMIFUMARATE,Inactive,
40911653,FC(F)(F)C(Cl)Br,BCQZXOMGPXTTIC-UHFFFAOYSA-N,195.890224472,2.5084999999999997,0.97782,FC(F)(F)C(Cl)Br,HALOTHANE,Inactive,
11171505,CC(CC(=O)C1OC1(C)C)C1C(=O)CC2(C)C3=CCC4C(C)(C)C(OC5OCC(O)C(O)C5O)CCC45CC35C(O)CC12C,PYBFXJMIKJNNAJ-UHFFFAOYSA-N,616.3611332439998,3.0923000000000007,0.97792,CC(CC(=O)C1OC1(C)C)C1C(=O)CC2(C)C3=CCC4C(C)(C)C(OC5OCC(O)C(O)C5O)CCC45CC35C(O)CC12C,CIMICIFUGOSIDE H1,Inactive,
95838380,O=C1NS(=O)(=O)c2ccccc21,CVHZOJJKTDOEJC-UHFFFAOYSA-N,182.99901402,0.11869999999999997,0.977945,O=C1NS(=O)(=O)c2ccccc21,SACCHARIN,Inactive,
80143273,O=C(O)c1cccnc1Nc1cccc(C(F)(F)F)c1,JZFPYUNJRRFVQU-UHFFFAOYSA-N,282.061612188,3.542200000000001,0.977995,O=C(O)c1cccnc1Nc1cccc(C(F)(F)F)c1,NIFLUMIC ACID,Inactive,
66431175,CC1(C)OC2CC3C4CCC5=CC(=O)CCC5(C)C4(F)C(O)CC3(C)C2(C(=O)CCl)O1,MUQNGPZZQDCDFT-UHFFFAOYSA-N,454.1922300239999,3.889300000000003,0.978085,CC1(C)OC2CC3C4CCC5=CC(=O)CCC5(C)C4(F)C(O)CC3(C)C2(C(=O)CCl)O1,HALCINONIDE,Inactive,
30826489,CC1C(=O)CCC2C1(C)CCC1C2(C)CCC2(C)C3CC(C)(C)CCC3(C)CCC12C,OFMXGFHWLZPCFL-UHFFFAOYSA-N,426.38616622,8.457000000000006,0.97816,CC1C(=O)CCC2C1(C)CCC1C2(C)CCC2(C)C3CC(C)(C)CCC3(C)CCC12C,FRIEDELIN,Inactive,
52783068,CC1=CCc2c(cc3oc(C)cc(=O)c3c2O)OC1,IUIHYYSAVUBPQO-UHFFFAOYSA-N,258.089208928,2.688220000000001,0.97833,CC1=CCc2c(cc3oc(C)cc(=O)c3c2O)OC1,PTAEROXYLIN,Inactive,
28514357,CN1CC(O)C2=CC(=NNC(N)=O)C(=O)C=C21,XSXCZNVKFKNLPR-UHFFFAOYSA-N,236.090940244,-1.2899999999999994,0.97835,CN1CC(O)C2=CC(=NNC(N)=O)C(=O)C=C21,CARBAZOCHROME,Inactive,
60175620,CC(=O)Oc1ccc(-c2cc(=O)c3c(OC(C)=O)cc(OC(C)=O)cc3o2)cc1,IVXFOQQPPONQTB-UHFFFAOYSA-N,396.08451747199996,3.2359000000000018,0.97858,CC(=O)Oc1ccc(-c2cc(=O)c3c(OC(C)=O)cc(OC(C)=O)cc3o2)cc1,APIGENIN TRIACETATE,Inactive,
65701452,CC(Cc1ccc(O)c(O)c1)C(C)Cc1ccc(O)c(O)c1,HCZKYJDFEPMADG-UHFFFAOYSA-N,302.151809184,3.5664000000000033,0.978675,CC(Cc1ccc(O)c(O)c1)C(C)Cc1ccc(O)c(O)c1,NORDIHYDROGUARETIC ACID,Inactive,
32357018,CCCCCCCCCCCCCCCCCCCCCCO,NOPFSRXAKWQILS-UHFFFAOYSA-N,326.35486609199995,7.800600000000008,0.978685,CCCCCCCCCCCCCCCCCCCCCCO,DOCOSANOL,Inactive,
32293718,C#CCCCCCCCCCCCC(O)CC(O)CO.C=CCCCCCCCCCCCC(O)CC(O)CO,MKQLKSXQNMNNHU-UHFFFAOYSA-N,570.4859398319999,6.582600000000009,0.97879,C#CCCCCCCCCCCCC(O)CC(O)CO.C=CCCCCCCCCCCCC(O)CC(O)CO,AVOCATIN B,Inactive,
97902806,CCCC(CCC)C(=O)[O-].[Na+],AEQFSUDEHCCHBT-UHFFFAOYSA-M,166.096974,-2.043299999999997,0.9788,CCCC(CCC)C(=O)[O-].[Na+],VALPROATE SODIUM,Inactive,
55735961,Cl.NCCCC(N)C(=O)O,GGTYBZJRPHEQDG-UHFFFAOYSA-N,168.066555336,-0.4410000000000001,0.979095,Cl.NCCCC(N)C(=O)O,ORNITHINE HYDROCHLORIDE,Inactive,
10030807,CN1C(=O)CCS(=O)(=O)C1c1ccc(Cl)cc1,WEQAYVWKMWHEJO-UHFFFAOYSA-N,273.022641924,1.6155000000000002,0.979115,CN1C(=O)CCS(=O)(=O)C1c1ccc(Cl)cc1,CHLORMEZANONE,Inactive,
11006400,CC1(C)C(=O)C2CC3(O)C4=CC(=O)OC(c5ccoc5)C4(C)CCC3C(C)(C2=O)C1CC(=O)O,UKTUQKGXNWDYAI-UHFFFAOYSA-N,470.19406791999995,3.2464000000000013,0.97925,CC1(C)C(=O)C2CC3(O)C4=CC(=O)OC(c5ccoc5)C4(C)CCC3C(C)(C2=O)C1CC(=O)O,8-HYDROXYCARAPINIC ACID,Inactive,
41077681,COC(=O)CC1C(C)(C)C(OC(C)=O)C2CC3C4CC(=O)OC(c5ccoc5)C4(C)CCC3C1(C)C2=O,INDUNANCUDNZJY-UHFFFAOYSA-N,514.256668176,4.662400000000004,0.979375,COC(=O)CC1C(C)(C)C(OC(C)=O)C2CC3C4CC(=O)OC(c5ccoc5)C4(C)CCC3C1(C)C2=O,DIHYDROFISSINOLIDE,Inactive,
12015768,O=C1c2cccc(O)c2C(=O)c2c(O)cccc21,QBPFLULOKWLNNW-UHFFFAOYSA-N,240.042258736,1.873199999999999,0.979395,O=C1c2cccc(O)c2C(=O)c2c(O)cccc21,DANTHRON,Inactive,
73839634,CCCCOC(=O)C1=CC(=O)CC(C)(C)O1,OKIJSNGRQAOIGZ-UHFFFAOYSA-N,226.120509056,1.9816,0.97945,CCCCOC(=O)C1=CC(=O)CC(C)(C)O1,BUTOPYRONOXYL,Inactive,
42357486,CC(=O)OC(C)C[N+](C)(C)C.[Cl-],JHPHVAVFUYTVCL-UHFFFAOYSA-M,195.102606496,-2.3517999999999963,0.979515,CC(=O)OC(C)C[N+](C)(C)C.[Cl-],METHACHOLINE CHLORIDE,Inactive,
55859006,CCN(CC)CCNC(=O)COc1ccc(OC)cc1.Cl,AXBHPHPHZHAOAK-UHFFFAOYSA-N,316.15537034,1.9537999999999998,0.97954,CCN(CC)CCNC(=O)COc1ccc(OC)cc1.Cl,MEFEXAMIDE HYDROCHLORIDE,Inactive,
21915703,CC12CCC3C(CCC4CC(O)CCC43C)C1CCC2O,CBMYJHIOYJEBSB-UHFFFAOYSA-N,292.240230264,3.750900000000003,0.97957,CC12CCC3C(CCC4CC(O)CCC43C)C1CCC2O,EPIANDROSTANEDIOL,Inactive,
80530534,Cc1nccn1CC1CCc2c(c3ccccc3n2C)C1=O.Cl,MKBLHFILKIKSQM-UHFFFAOYSA-N,329.12948994,3.5503200000000033,0.97962,Cc1nccn1CC1CCc2c(c3ccccc3n2C)C1=O.Cl,ONDANSETRON HYDROCHLORIDE,Inactive,
57583984,Cc1ccc(C2OC(CO)C(O)C(O)C2O)cc1Cc1ccc(-c2ccc(F)cc2)s1,XTNGUQKDFGDXSJ-UHFFFAOYSA-N,444.1406731200001,2.968320000000001,0.979825,Cc1ccc(C2OC(CO)C(O)C(O)C2O)cc1Cc1ccc(-c2ccc(F)cc2)s1,CANAGLIFLOZIN,Inactive,
53253223,Clc1ccc(COC(Cn2ccnc2)c2ccc(Cl)cc2Cl)c(Cl)c1.O=[N+]([O-])O,MCCACAIVAXEFAL-UHFFFAOYSA-N,476.98166667999993,6.107100000000003,0.9799,Clc1ccc(COC(Cn2ccnc2)c2ccc(Cl)cc2Cl)c(Cl)c1.O=[N+]([O-])O,MICONAZOLE NITRATE,Inactive,
10859329,O=C(CNC(=O)c1ccc(Cl)cc1)NO,JFZGBMJPJZDNNT-UHFFFAOYSA-N,228.030169828,0.5751999999999999,0.97991,O=C(CNC(=O)c1ccc(Cl)cc1)NO,BENURESTAT,Inactive,
10290301,CCc1cc(C(N)=S)ccn1,AEOCXXJPGCBFJA-UHFFFAOYSA-N,166.05646932,1.2782,0.97992,CCc1cc(C(N)=S)ccn1,ETHIONAMIDE,Inactive,
98945210,Cn1c([N+](=O)[O-])cnc1COC(N)=O,PQFRTXSWDXZRRS-UHFFFAOYSA-N,200.054554736,-0.07640000000000013,0.98022,Cn1c([N+](=O)[O-])cnc1COC(N)=O,RONIDAZOLE,Inactive,
31963816,O=C(O)C=Cc1ccc(O)c(O)c1,QAIPRVGONGVQAS-UHFFFAOYSA-N,180.042258736,1.1956,0.98026,O=C(O)C=Cc1ccc(O)c(O)c1,CAFFEIC ACID,Inactive,
97590567,Cl.c1ccc(CC2=NCCN2)cc1,RHTNTTODYGNRSP-UHFFFAOYSA-N,196.076726096,1.6525999999999996,0.98038,Cl.c1ccc(CC2=NCCN2)cc1,TOLAZOLINE HYDROCHLORIDE,Inactive,
62663306,Cc1occc(=O)c1O,XPCTZQVDEJYUGT-UHFFFAOYSA-N,126.031694052,0.6538199999999998,0.980445,Cc1occc(=O)c1O,LARIXINIC ACID,Inactive,
16748368,CCN1CCCC(OC(=O)C(c2ccccc2)c2ccccc2)C1.Cl,RBGWCEWDAHDPEH-UHFFFAOYSA-N,359.165206752,4.267800000000005,0.980575,CCN1CCCC(OC(=O)C(c2ccccc2)c2ccccc2)C1.Cl,PIPERIDOLATE HYDROCHLORIDE,Inactive,
10178442,CCN(CC)C(=O)c1cccc(C)c1,MMOXZBCLCQITDF-UHFFFAOYSA-N,191.131014164,2.4770200000000004,0.980575,CCN(CC)C(=O)c1cccc(C)c1,DIETHYLTOLUAMIDE,Inactive,
21840960,CC1CCC2C(C)(CO)C(O)CCC2(C)C12CCC(CO)(CCO)O2,XYPPDQHBNJURHU-UHFFFAOYSA-N,356.2562742519999,1.8547999999999996,0.98064,CC1CCC2C(C)(CO)C(O)CCC2(C)C12CCC(CO)(CCO)O2,LAGOCHILIN,Inactive,
74827417,C=CCN=C=S,ZOJBYZNEUISWFT-UHFFFAOYSA-N,99.01427016,1.2752,0.98068,C=CCN=C=S,ALLYLISOTHIOCYANATE,Inactive,
12366994,Cc1cc2nc3c(=O)[nH]c(=O)nc-3n(CC(O)C(O)C(O)CO)c2cc1C,AUNGANRZJHBGPY-UHFFFAOYSA-N,376.13828435999994,-1.7235599999999989,0.98086,Cc1cc2nc3c(=O)[nH]c(=O)nc-3n(CC(O)C(O)C(O)CO)c2cc1C,RIBOFLAVIN,Inactive,
43828592,CC(=O)OC1CC(OC(C)=O)C2(C)C(CC(O)C3(C)C2CCC2(C)C(c4ccoc4)OC(=O)C4OC423)C1(C)C,MRMHZWKIOFZZID-UHFFFAOYSA-N,544.2672328599999,4.118100000000004,0.98101,CC(=O)OC1CC(OC(C)=O)C2(C)C(CC(O)C3(C)C2CCC2(C)C(c4ccoc4)OC(=O)C4OC423)C1(C)C,7-DEACETYLKHIVORIN,Inactive,
37555150,Cc1cc2nc3c(=O)[nH]c(=O)nc-3n(CC(O)C(O)C(O)COP(=O)([O-])O)c2cc1C.[Na+],OHSHFZJLPYLRIP-UHFFFAOYSA-M,478.0865591299999,-5.234559999999995,0.98103,Cc1cc2nc3c(=O)[nH]c(=O)nc-3n(CC(O)C(O)C(O)COP(=O)([O-])O)c2cc1C.[Na+],RIBOFLAVIN 5-PHOSPHATE SODIUM,Inactive,
16228121,O=c1c(O)c(-c2ccc(O)cc2)oc2ccccc12,GPGOCTLAUAHUQO-UHFFFAOYSA-N,254.0579088,2.871200000000001,0.981165,O=c1c(O)c(-c2ccc(O)cc2)oc2ccccc12,"3,4'-DIHYDROXYFLAVONE",Inactive,
54378811,CC1(C)C=Cc2c(c3c(c4c(=O)c(-c5ccc(O)c(O)c5)coc24)OC(C)(C)CC3)O1,FYVQSXRFGAIFQK-UHFFFAOYSA-N,420.1572884879999,5.159000000000005,0.98141,CC1(C)C=Cc2c(c3c(c4c(=O)c(-c5ccc(O)c(O)c5)coc24)OC(C)(C)CC3)O1,ISOPOMIFERIN,Inactive,
11187003,Cc1onc(-c2c(Cl)cccc2Cl)c1C(=O)NC1C(=O)N2C1SC(C)(C)C2C(=O)[O-].[Na+],GXOMMGAFBINOJY-UHFFFAOYSA-M,491.008541252,-1.1285799999999995,0.98146,Cc1onc(-c2c(Cl)cccc2Cl)c1C(=O)NC1C(=O)N2C1SC(C)(C)C2C(=O)[O-].[Na+],DICLOXACILLIN SODIUM,Inactive,
72539403,O=C(CCBr)N1CCN(C(=O)CCBr)CC1,NJBFOOCLYDNZJN-UHFFFAOYSA-N,353.957851952,1.2272,0.98147,O=C(CCBr)N1CCN(C(=O)CCBr)CC1,PIPOBROMAN,Inactive,
86621231,CCC(C)C(=O)OC1CC2(C)C(c3ccoc3)OC(=O)CC23OC2(C)OC34C(OC(=O)C(C)C)C3(O)C(OC(=O)C5(C)OC5C)C5(C)CC3(O)C(C)(C5CC(=O)OC)C14O2,BUVRFGBECZFCRL-UHFFFAOYSA-N,844.3517503319999,3.3446000000000025,0.98159,CCC(C)C(=O)OC1CC2(C)C(c3ccoc3)OC(=O)CC23OC2(C)OC34C(OC(=O)C(C)C)C3(O)C(OC(=O)C5(C)OC5C)C5(C)CC3(O)C(C)(C5CC(=O)OC)C14O2,ENTANDROPHRAGMIN,Inactive,
86262088,CC(=O)NC1CCSC1=O,NRFJZTXWLKPZAV-UHFFFAOYSA-N,159.035399528,0.15460000000000013,0.98162,CC(=O)NC1CCSC1=O,CITIOLONE,Inactive,
86554109,Cl.Cl.O=C(O)COCCN1CCN(C(c2ccccc2)c2ccc(Cl)cc2)CC1,PGLIUCLTXOYQMV-UHFFFAOYSA-N,460.10872576400004,3.991800000000003,0.981635,Cl.Cl.O=C(O)COCCN1CCN(C(c2ccccc2)c2ccc(Cl)cc2)CC1,CETIRIZINE HYDROCHLORIDE,Inactive,
11444785,CC(=O)OC1CC(OC(C)=O)C2(C)C(CC(OC(C)=O)C3(C)C2CCC2(C)C(c4ccoc4)C(=O)C4OC423)C1(C)C,AKPJXLBXDLSOFY-UHFFFAOYSA-N,570.282882924,4.757300000000004,0.981665,CC(=O)OC1CC(OC(C)=O)C2(C)C(CC(OC(C)=O)C3(C)C2CCC2(C)C(c4ccoc4)C(=O)C4OC423)C1(C)C,KHAYANTHONE,Inactive,
70934771,O=c1cc(-c2cccc(O)c2)oc2ccc(O)cc12,YHLLABKHTFWHSZ-UHFFFAOYSA-N,254.0579088,2.871200000000001,0.98169,O=c1cc(-c2cccc(O)c2)oc2ccc(O)cc12,"3',6-DIHYDROXYFLAVONE",Inactive,
69845013,CN1C(C(=O)Nc2ccccn2)=C(O)c2sc(Cl)cc2S1(=O)=O,WLHQHAUOOXYABV-UHFFFAOYSA-N,370.9801254799999,2.2958999999999996,0.981775,CN1C(C(=O)Nc2ccccn2)=C(O)c2sc(Cl)cc2S1(=O)=O,LORNOXICAM,Inactive,
80763952,COc1cc(O)c2c(c1)C(=O)c1cc(C)cc(O)c1C2=O,FFWOKTFYGVYKIR-UHFFFAOYSA-N,284.068473484,2.1902200000000005,0.981775,COc1cc(O)c2c(c1)C(=O)c1cc(C)cc(O)c1C2=O,PHYSCION,Inactive,
76235579,CC(=O)NC(CCC(N)=O)C(=O)O,KSMRODHGGIIXDV-UHFFFAOYSA-N,188.079706864,-1.1587999999999987,0.98207,CC(=O)NC(CCC(N)=O)C(=O)O,ACEGLUTAMIDE,Inactive,
44748513,COc1cc(C=O)ccc1O,MWOOGOJBHIARFG-UHFFFAOYSA-N,152.047344116,1.2132999999999998,0.982205,COc1cc(C=O)ccc1O,VANILLIN,Inactive,
72698367,CC(=O)OC1CCC2(C)C(CCC3C2CC(=O)C2(C)C3CC3OC4(CCC(C)CO4)C(C)C32)C1,CVKZWRTYHCDWTE-UHFFFAOYSA-N,472.3188745079999,5.543600000000006,0.98233,CC(=O)OC1CCC2(C)C(CCC3C2CC(=O)C2(C)C3CC3OC4(CCC(C)CO4)C(C)C32)C1,HECOGENIN ACETATE,Inactive,
96043059,Cc1cccc(N(C)C(=S)Oc2ccc3ccccc3c2)c1,FUSNMLFNXJSCDI-UHFFFAOYSA-N,307.10308516400005,4.948320000000003,0.98244,Cc1cccc(N(C)C(=S)Oc2ccc3ccccc3c2)c1,TOLNAFTATE,Inactive,
89664412,CNCCCN1c2ccccc2CCc2ccccc21.Cl,XAEWZDYWZHIUCT-UHFFFAOYSA-N,302.154976416,3.954600000000004,0.98247,CNCCCN1c2ccccc2CCc2ccccc21.Cl,DESIPRAMINE HYDROCHLORIDE,Inactive,
54399509,NC(Cn1ccc(=O)c(O)c1)C(=O)O,WZNJWVWKTVETCG-UHFFFAOYSA-N,198.0640568,-1.0342000000000002,0.98291,NC(Cn1ccc(=O)c(O)c1)C(=O)O,MIMOSINE,Inactive,
99808599,Cl.NCc1ccc(S(N)(=O)=O)cc1,SIACJRVYIPXFKS-UHFFFAOYSA-N,222.022976272,0.2144999999999998,0.98297,Cl.NCc1ccc(S(N)(=O)=O)cc1,MAFENIDE HYDROCHLORIDE,Inactive,
72535110,CC(=O)c1ccc2c(c1)N(CCCN(C)C)c1ccccc1S2.O=C(O)C=CC(=O)O,FQRHOOHLUYHMGG-UHFFFAOYSA-N,442.1562429319999,4.155400000000002,0.983055,CC(=O)c1ccc2c(c1)N(CCCN(C)C)c1ccccc1S2.O=C(O)C=CC(=O)O,ACEPROMAZINE MALEATE,Inactive,
41280027,Cl.Clc1ccccc1CN1CCc2sccc2C1,MTKNGOHFNXIVOS-UHFFFAOYSA-N,299.03022584,4.381600000000003,0.98319,Cl.Clc1ccccc1CN1CCc2sccc2C1,TICLOPIDINE HYDROCHLORIDE,Inactive,
13031199,CCC1=C(C)CN(C(=O)NCCc2ccc(S(=O)(=O)NC(=O)NC3CCC(C)CC3)cc2)C1=O,WIGIZIANZCJQQY-UHFFFAOYSA-N,490.224991188,3.0740000000000016,0.98322,CCC1=C(C)CN(C(=O)NCCc2ccc(S(=O)(=O)NC(=O)NC3CCC(C)CC3)cc2)C1=O,GLIMEPIRIDE,Inactive,
81519526,Cl.NCCc1ccccc1,SKHIBNDAFWIOPB-UHFFFAOYSA-N,157.065827064,1.6096000000000001,0.983315,Cl.NCCc1ccccc1,PHENETHYLAMINE HYDROCHLORIDE,Inactive,
37995730,COc1ccc(C=CC(=O)c2ccccc2)cc1,XUFXKBJMCRJATM-UHFFFAOYSA-N,238.099379688,3.591300000000002,0.983545,COc1ccc(C=CC(=O)c2ccccc2)cc1,4-METHOXYCHALCONE,Inactive,
43223081,CN(C)CCCOc1nn(Cc2ccccc2)c2ccccc12.Cl,HNNIWKQLJSNAEQ-UHFFFAOYSA-N,345.160790068,3.836900000000003,0.98372,CN(C)CCCOc1nn(Cc2ccccc2)c2ccccc12.Cl,BENZYDAMINE HYDROCHLORIDE,Inactive,
41324521,CC(Cn1cnc2c(N)ncnc21)OCP(=O)(O)O,SGOIRFVFHAKUTI-UHFFFAOYSA-N,287.078340558,-0.051200000000000134,0.983895,CC(Cn1cnc2c(N)ncnc21)OCP(=O)(O)O,TENOFOVIR,Inactive,
24285550,COc1cccc(O)c1O,LPYUENQFPVNPHY-UHFFFAOYSA-N,140.047344116,1.1063999999999996,0.983905,COc1cccc(O)c1O,3-METHOXYCATECHOL,Inactive,
60914255,O=C(C=Cc1ccc(O)c(O)c1)C=C(O)C=Cc1ccc(O)c(O)c1,MQHBAUYEIFLTRU-UHFFFAOYSA-N,340.09468823199995,3.2466000000000017,0.9843,O=C(C=Cc1ccc(O)c(O)c1)C=C(O)C=Cc1ccc(O)c(O)c1,DI-O-DEMETHYLCURCUMIN,Inactive,
89393072,Br.CN(C)CCCC1(c2ccc(F)cc2)OCc2cc(C#N)ccc21,WIHMBLDNRMIGDW-UHFFFAOYSA-N,404.089953644,4.390880000000004,0.984315,Br.CN(C)CCCC1(c2ccc(F)cc2)OCc2cc(C#N)ccc21,CITALOPRAM HYDROBROMIDE,Inactive,
10435699,NC(=O)CN1CCCC1=O,GMZVRMREEHBGGF-UHFFFAOYSA-N,142.07422756,-0.9059000000000004,0.98432,NC(=O)CN1CCCC1=O,PIRACETAM,Inactive,
11151907,O=S(=O)([O-])CCS.[Na+],XOGTZOOQQBDUSI-UHFFFAOYSA-M,163.9577803,-3.534599999999999,0.984575,O=S(=O)([O-])CCS.[Na+],MESNA,Inactive,
33494389,COc1ccc(OC)c(C(O)C(C)N)c1.Cl,YGRFXPCHZBRUKP-UHFFFAOYSA-N,247.097521116,1.5062,0.98496,COc1ccc(OC)c(C(O)C(C)N)c1.Cl,METHOXAMINE HYDROCHLORIDE,Inactive,
55375726,Clc1ccc(CSC(Cn2ccnc2)c2ccc(Cl)cc2Cl)cc1.O=[N+]([O-])O,CRKGMGQUHDNAPB-UHFFFAOYSA-N,458.99779541199996,6.170300000000004,0.985135,Clc1ccc(CSC(Cn2ccnc2)c2ccc(Cl)cc2Cl)cc1.O=[N+]([O-])O,SULCONAZOLE NITRATE,Inactive,
66145185,CN(CC=CC#CC(C)(C)C)Cc1cccc2ccccc12.Cl,BWMISRWJRUSYEX-UHFFFAOYSA-N,327.17537751199995,5.2991000000000055,0.98515,CN(CC=CC#CC(C)(C)C)Cc1cccc2ccccc12.Cl,TERBINAFINE HYDROCHLORIDE,Inactive,
67614997,Cc1c(O)c(=O)ccn1C,TZXKOCQBRNJULO-UHFFFAOYSA-N,139.063328528,0.39931999999999984,0.98516,Cc1c(O)c(=O)ccn1C,DEFERIPRONE,Inactive,
41233420,C[N+]1(C)CCCC(OC(=O)C(O)(c2ccccc2)c2ccccc2)C1.[Br-],JRRNZNSGDSFFIR-UHFFFAOYSA-M,419.109605792,-0.291499999999999,0.98533,C[N+]1(C)CCCC(OC(=O)C(O)(c2ccccc2)c2ccccc2)C1.[Br-],MEPENZOLATE BROMIDE,Inactive,
92780427,Oc1cc(O)c2c(c1)OC(c1cc(O)c(O)c(O)c1)C(O)C2c1c(O)cc(O)c2c1OC(c1cc(O)c(O)c(O)c1)C(O)C2c1c(O)cc(O)c2c1OC(c1cc(O)c(O)c(O)c1)C(O)C2,NVTLDVSBUJGIAD-UHFFFAOYSA-N,914.1905582360002,3.560700000000014,0.98533,Oc1cc(O)c2c(c1)OC(c1cc(O)c(O)c(O)c1)C(O)C2c1c(O)cc(O)c2c1OC(c1cc(O)c(O)c(O)c1)C(O)C2c1c(O)cc(O)c2c1OC(c1cc(O)c(O)c(O)c1)C(O)C2,KATACINE,Inactive,
38354460,CC(C)c1nc(N(C)S(C)(=O)=O)nc(-c2ccc(F)cc2)c1C=CC(O)CC(O)CC(=O)[O-].[Ca+2],XDIJJHVJIZNZGO-UHFFFAOYSA-M,520.1225022040899,0.6861999999999999,0.98546,CC(C)c1nc(N(C)S(C)(=O)=O)nc(-c2ccc(F)cc2)c1C=CC(O)CC(O)CC(=O)[O-].[Ca+2],ROSUVASTATIN CALCIUM,Inactive,
38254101,CC1(Cn2ccnn2)C(C(=O)O)N2C(=O)CC2S1(=O)=O,LPQZKKCYTLCDGQ-UHFFFAOYSA-N,300.05284048399994,-1.523199999999998,0.98549,CC1(Cn2ccnn2)C(C(=O)O)N2C(=O)CC2S1(=O)=O,TAZOBACTAM,Inactive,
44144396,CC1=C(C(=O)O)N2C(=O)C(NC(=O)C(N)c3ccc(O)cc3)C2SC1,BOEGTKLJZSQCCD-UHFFFAOYSA-N,363.088891644,0.15050000000000108,0.98552,CC1=C(C(=O)O)N2C(=O)C(NC(=O)C(N)c3ccc(O)cc3)C2SC1,CEFADROXIL,Inactive,
37144671,CC(C=CC=C(C)C=CC1=C(C)CCCC1(C)C)=CC=CC=C(C)C=CC=C(C)C=CC1=C(C)CCCC1(C)C,OENHQHLEOONYIE-UHFFFAOYSA-N,536.438201792,12.605799999999977,0.98552,CC(C=CC=C(C)C=CC1=C(C)CCCC1(C)C)=CC=CC=C(C)C=CC=C(C)C=CC1=C(C)CCCC1(C)C,beta-CAROTENE [2mM],Inactive,
12082021,NC(CC(=O)O)C(=O)O,CKLJMWTZIZZHCS-UHFFFAOYSA-N,133.037507704,-1.127,0.985605,NC(CC(=O)O)C(=O)O,ASPARTIC ACID (L),Inactive,
55287451,Cl.NC(Cc1ccc(Cl)cc1)C(=O)O,PFOCEDBJFKVRHU-UHFFFAOYSA-N,235.016683952,1.7162,0.98587,Cl.NC(Cc1ccc(Cl)cc1)C(=O)O,FENCLONINE (+/-),Inactive,
75997482,CCCCN(CCCC)CCCOC(=O)c1ccc(N)cc1.O=S(=O)(O)O,REAJXHWQEFYUCV-UHFFFAOYSA-N,404.19810774399986,3.0651,0.985875,CCCCN(CCCC)CCCOC(=O)c1ccc(N)cc1.O=S(=O)(O)O,BUTACAINE SULFATE,Inactive,
70469358,C=CCCCCCCCCCCCc1ccco1,KNKVJBRMGKXDGO-UHFFFAOYSA-N,248.21401551600002,5.909100000000006,0.98594,C=CCCCCCCCCCCCc1ccco1,AVOCADENOFURAN,Inactive,
81574430,NS(=O)(=O)c1cc(C2(O)NC(=O)c3ccccc32)ccc1Cl,JIVPVXMEBJLZRO-UHFFFAOYSA-N,338.012805512,0.9242000000000001,0.98597,NS(=O)(=O)c1cc(C2(O)NC(=O)c3ccccc32)ccc1Cl,CHLORTHALIDONE,Inactive,
29772029,CN(C)CCOC(c1ccc(Cl)cc1)c1ccccn1.O=C(O)C=CC(=O)O,GVNWHCVWDRNXAZ-UHFFFAOYSA-N,406.12954951599994,3.1144000000000007,0.986015,CN(C)CCOC(c1ccc(Cl)cc1)c1ccccn1.O=C(O)C=CC(=O)O,CARBINOXAMINE MALEATE,Inactive,
23866632,COP(=S)(OC)Oc1ccc(Sc2ccc(OP(=S)(OC)OC)cc2)cc1,WWJZWCUNLNYYAU-UHFFFAOYSA-N,465.98972461999995,5.630000000000004,0.9861,COP(=S)(OC)Oc1ccc(Sc2ccc(OP(=S)(OC)OC)cc2)cc1,TEMEFOS,Inactive,
83078145,COC(=O)C1C2CC3c4[nH]c5cc(OC)ccc5c4CCN3CC2CC(OC(=O)c2cc(OC)c(OC)c(OC)c2)C1OC,QEVHRUUCFGRFIF-UHFFFAOYSA-N,608.27338086,4.171100000000004,0.986195,COC(=O)C1C2CC3c4[nH]c5cc(OC)ccc5c4CCN3CC2CC(OC(=O)c2cc(OC)c(OC)c(OC)c2)C1OC,RESERPINE,Inactive,
96591575,Cc1ccsc1C=CC1=NCCCN1C.O=C(O)CC(O)(CC(=O)O)C(=O)O,OLOCXIJVDIVAHH-UHFFFAOYSA-N,412.1304221079999,1.5552199999999998,0.986325,Cc1ccsc1C=CC1=NCCCN1C.O=C(O)CC(O)(CC(=O)O)C(=O)O,MORANTEL CITRATE,Inactive,
25984782,NC(=O)NC1NC(=O)NC1=O,POJWUDADGALRAB-UHFFFAOYSA-N,158.043990052,-2.1798,0.98636,NC(=O)NC1NC(=O)NC1=O,ALLANTOIN,Inactive,
16738066,COS(=O)(=O)[O-].COc1cc(N)cn[n+]1-c1ccccc1,ZEASXVYVFFXULL-UHFFFAOYSA-N,313.07324158,0.04210000000000047,0.987015,COS(=O)(=O)[O-].COc1cc(N)cn[n+]1-c1ccccc1,AMEZINIUM METILSULFATE,Inactive,
92019847,OCC(O)C(O)C(O)CO,HEBKCHPVOIAQTA-UHFFFAOYSA-N,152.068473484,-2.9463000000000004,0.987015,OCC(O)C(O)C(O)CO,ADONITOL,Inactive,
62847251,Oc1cc(O)c2c(c1)OC(c1ccc(O)c(O)c1)C(O)C2,PFTAWBLQPZVEMU-UHFFFAOYSA-N,290.079038168,1.5460999999999998,0.987035,Oc1cc(O)c2c(c1)OC(c1ccc(O)c(O)c1)C(O)C2,CIANIDANOL [+-catechin],Inactive,
43722904,COc1ccc(-c2cc(=O)c3c(O)cc(OC)c(OC)c3o2)c(OC)c1,AHUAGKUYEMQHTH-UHFFFAOYSA-N,358.105252916,3.200000000000002,0.98705,COc1ccc(-c2cc(=O)c3c(O)cc(OC)c(OC)c3o2)c(OC)c1,"5-HYDROXY-2',4',7,8-TETRAMETHOXYFLAVONE",Inactive,
97672016,O=C(Nc1ccc(Oc2ccc(Cl)cc2)c(Cl)c1)c1cc(I)cc(I)c1O,NEMNPWINWMHUMR-UHFFFAOYSA-N,624.820544572,6.952800000000003,0.987065,O=C(Nc1ccc(Oc2ccc(Cl)cc2)c(Cl)c1)c1cc(I)cc(I)c1O,RAFOXANIDE,Inactive,
92841977,COc1cc2c(cc1OC)C(C)NCC2,HMYJLVDKPJHJCF-UHFFFAOYSA-N,207.125928784,1.9104999999999999,0.98728,COc1cc2c(cc1OC)C(C)NCC2,SALSOLIDINE,Inactive,
93677041,CC(=O)NCCCCCC(=O)O,WDSCBUNMANHPFH-UHFFFAOYSA-N,173.10519334,0.7674999999999998,0.987425,CC(=O)NCCCCCC(=O)O,ACEXAMIC ACID,Inactive,
11423442,CC12CCC(O)CC1CCC1C2CC(O)C2(C)C(C3=CC(=O)OC3)CCC12O,SHIBSTMRCDJXLN-UHFFFAOYSA-N,390.2406241879999,2.5751000000000013,0.98783,CC12CCC(O)CC1CCC1C2CC(O)C2(C)C(C3=CC(=O)OC3)CCC12O,DIGOXIGENIN,Inactive,
11286569,Cl.OC(CCN1CCCCC1)(c1ccccc1)C1CCCCC1,QDWJJTJNXAKQKD-UHFFFAOYSA-N,337.217242324,4.752300000000004,0.98787,Cl.OC(CCN1CCCCC1)(c1ccccc1)C1CCCCC1,TRIHEXYPHENIDYL HYDROCHLORIDE,Inactive,
11143719,C=C1CC2C(CCC3(C)C(=O)CCC23)C2(C)C=CC(=O)C=C12,BFYIZQONLCFLEV-UHFFFAOYSA-N,296.177630008,4.029500000000003,0.98797,C=C1CC2C(CCC3(C)C(=O)CCC23)C2(C)C=CC(=O)C=C12,EXEMESTANE,Inactive,
49281494,CC12CCC3C(=CCc4cc(O)ccc43)C1CCC2=O,WKRLQDKEXYKHJB-UHFFFAOYSA-N,268.14632988,3.7375000000000025,0.988065,CC12CCC3C(=CCc4cc(O)ccc43)C1CCC2=O,EQUILIN,Inactive,
16505926,CN1CCN2c3ncccc3Cc3ccccc3C2C1,RONZAEMNMFQXRA-UHFFFAOYSA-N,265.157897608,2.4789000000000003,0.988385,CN1CCN2c3ncccc3Cc3ccccc3C2C1,MIRTAZAPINE,Inactive,
10179603,CCOC(=O)Nc1nc2ccccc2[nH]1,OKOVSTKGUBOSTB-UHFFFAOYSA-N,205.085126592,2.1313,0.98863,CCOC(=O)Nc1nc2ccccc2[nH]1,LOBENDAZOLE,Inactive,
33073569,CCOC(=O)Nc1ccc(NCc2ccc(F)cc2)nc1N.O=C(O)C=CC(=O)O,DPYIXBFZUMCMJM-UHFFFAOYSA-N,420.14451261199997,2.6952,0.988705,CCOC(=O)Nc1ccc(NCc2ccc(F)cc2)nc1N.O=C(O)C=CC(=O)O,FLUPIRTINE MALEATE,Inactive,
89094709,COc1cc2c(cc1C=O)OCO2,NCIYDDIPUGCVKX-UHFFFAOYSA-N,180.042258736,1.2363999999999997,0.98889,COc1cc2c(cc1C=O)OCO2,"2-METHOXY-4,5-METHYLENEDIOXYBENZALDEHYDE",Inactive,
48352223,COC(=O)c1c(C)c2c(c(C)c1O)OC(=O)c1c(C)c(Cl)c(O)c(Cl)c1O2,RCLFRVZNHRFQGE-UHFFFAOYSA-N,412.011658148,4.441360000000004,0.98893,COC(=O)c1c(C)c2c(c(C)c1O)OC(=O)c1c(C)c(Cl)c(O)c(Cl)c1O2,LEOIDIN [10mg],Inactive,
13432419,CC(O)CC(C)(C)O,SVTBMSDMJJWYQN-UHFFFAOYSA-N,118.099379688,0.5282,0.98897,CC(O)CC(C)(C)O,HEXYLENE GLYCOL,Inactive,
46320029,C[N+](C)(C)CC(O)CC(=O)[O-],PHIQHXFUZVPYII-UHFFFAOYSA-N,161.10519334,-1.8064999999999984,0.989425,C[N+](C)(C)CC(O)CC(=O)[O-],LEVOCARNITINE,Inactive,
86731351,COc1cc2c(cc1OC)C1CC(=O)C(CC(C)C)CN1CC2,MKJIEFSOBYUXJB-UHFFFAOYSA-N,317.199093724,3.238100000000002,0.989435,COc1cc2c(cc1OC)C1CC(=O)C(CC(C)C)CN1CC2,TETRABENAZINE ,Inactive,
12321117,C=CCc1cc(OC)c2c(c1OC)OCO2,QQRSPHJOOXUALR-UHFFFAOYSA-N,222.089208928,2.1609999999999996,0.98974,C=CCc1cc(OC)c2c(c1OC)OCO2,APIOLE,Inactive,
89467422,c1cnc(N2CCN(Cc3ccc4c(c3)OCO4)CC2)nc1,OQDPVLVUJFGPGQ-UHFFFAOYSA-N,298.142975816,1.5274999999999999,0.989835,c1cnc(N2CCN(Cc3ccc4c(c3)OCO4)CC2)nc1,PIRIBEDIL HYDROCHLORIDE,Inactive,
51753132,O=C(O)CN1C(=O)c2cccc3cccc(c23)C1=O,GCUCIFQCGJIRNT-UHFFFAOYSA-N,255.053157768,1.5204,0.98984,O=C(O)CN1C(=O)c2cccc3cccc(c23)C1=O,ALRESTATIN,Inactive,
22994455,O=C1OC(C(O)CO)C(O)=C1O,CIWBSHSKHKDKBQ-UHFFFAOYSA-N,176.032087976,-1.4073999999999995,0.989905,O=C1OC(C(O)CO)C(O)=C1O,ASCORBIC ACID,Inactive,
30358941,COc1cc2c(cc1OC)CC(=O)N(CCCN(C)CC1Cc3cc(OC)c(OC)cc31)CC2.Cl,HLUKNZUABFFNQS-UHFFFAOYSA-N,504.239099964,3.731800000000004,0.98993,COc1cc2c(cc1OC)CC(=O)N(CCCN(C)CC1Cc3cc(OC)c(OC)cc31)CC2.Cl,IVABRADINE HYDROCHLORIDE,Inactive,
32570342,CCC(N)C(O)c1ccc(O)c(O)c1.Cl,NZDMRJGAFPUTMZ-UHFFFAOYSA-N,233.081871052,1.2902999999999996,0.989985,CCC(N)C(O)c1ccc(O)c(O)c1.Cl,ETHYLNOREPINEPHRINE HYDROCHLORIDE,Inactive,
36251290,COc1ccc2c(c1)OC1COc3cc(OC)c(OC)cc3C1C2=O,PYRZRPSTTNKOCS-UHFFFAOYSA-N,342.110338296,2.832300000000001,0.989985,COc1ccc2c(c1)OC1COc3cc(OC)c(OC)cc3C1C2=O,MUNDOSERONE,Inactive,
83059146,NC(Cc1ccc(N(CCCl)CCCl)cc1)C(=O)O,SGDBTWWWUNNDEQ-UHFFFAOYSA-N,304.07453317599993,1.925,0.99013,NC(Cc1ccc(N(CCCl)CCCl)cc1)C(=O)O,MELPHALAN,Inactive,
21718088,O=c1cc(-c2ccccc2O)oc2ccc(O)cc12,YCGXYGWBHFKQHY-UHFFFAOYSA-N,254.0579088,2.871200000000001,0.990205,O=c1cc(-c2ccccc2O)oc2ccc(O)cc12,"6,2'-DIHYDROXYFLAVONE",Inactive,
11322798,CCOc1ccc2nc(S(N)(=O)=O)sc2c1,OUZWUKMCLIBBOG-UHFFFAOYSA-N,258.01328418,1.3424,0.99039,CCOc1ccc2nc(S(N)(=O)=O)sc2c1,ETHOXZOLAMIDE,Inactive,
85515401,Cc1ccc(C(=O)C(C)CN2CCCCC2)cc1.Cl,ZBUVYROEHQQAKL-UHFFFAOYSA-N,281.154642068,3.721520000000003,0.99049,Cc1ccc(C(=O)C(C)CN2CCCCC2)cc1.Cl,TOLPERISONE HYDROCHLORIDE,Inactive,
47091954,CN1CC(CNC(=O)OCc2ccccc2)CC2c3cccc4c3c(cn4C)CC21,WZHJKEUHNJHDLS-UHFFFAOYSA-N,403.22597716800004,4.064700000000003,0.990505,CN1CC(CNC(=O)OCc2ccccc2)CC2c3cccc4c3c(cn4C)CC21,METERGOLINE,Inactive,
30446134,C#CC1(O)CCC2C3CCC4=CCCCC4C3C(=C)CC21CC,RPLCPCMSCLEKRS-UHFFFAOYSA-N,310.22966558,4.869700000000004,0.990535,C#CC1(O)CCC2C3CCC4=CCCCC4C3C(=C)CC21CC,DESOGESTREL,Inactive,
42788118,CS(=O)(=O)[O-].C[n+]1ccccc1C=NO,WWZYJJGFUIAWNW-UHFFFAOYSA-N,232.051777864,-0.5193999999999999,0.990645,CS(=O)(=O)[O-].C[n+]1ccccc1C=NO,PRALIDOXIME MESYLATE,Inactive,
67645337,OCC(O)C(O)C(OC1OC(CO)C(O)C(O)C1O)C(O)CO,VQHSOMBJVWLPSR-UHFFFAOYSA-N,344.13186158799994,-5.761199999999992,0.990665,OCC(O)C(O)C(OC1OC(CO)C(O)C(O)C1O)C(O)CO,GLUCITOL-4-GLUCOPYANOSIDE,Inactive,
49589072,COc1ccc(-c2coc3c(OC)c(OC)cc(O)c3c2=O)cc1,WVKDAMAQNQRJFP-UHFFFAOYSA-N,328.094688232,3.1914000000000016,0.990685,COc1ccc(-c2coc3c(OC)c(OC)cc(O)c3c2=O)cc1,"ISOTECTORIGENIN, 7-METHYL ETHER",Inactive,
54380308,CCCOc1ccc2nc(NC(=O)OC)[nH]c2c1,RAOCRURYZCVHMG-UHFFFAOYSA-N,249.11134134,2.5300000000000002,0.99071,CCCOc1ccc2nc(NC(=O)OC)[nH]c2c1,OXIBENDAZOLE,Inactive,
43007076,COc1ccc(C(=O)C=Cc2ccccc2)cc1,KJHHAPASNNVTSN-UHFFFAOYSA-N,238.099379688,3.591300000000002,0.99071,COc1ccc(C(=O)C=Cc2ccccc2)cc1,4'-METHOXYCHALCONE,Inactive,
17475369,COc1ccc(CN2CCNCC2)c(OC)c1OC.Cl.Cl,VYFLPFGUVGMBEP-UHFFFAOYSA-N,338.11639798799996,1.9612000000000007,0.990975,COc1ccc(CN2CCNCC2)c(OC)c1OC.Cl.Cl,TRIMETAZIDINE DIHYDROCHLORIDE,Inactive,
10994118,CCOC(=O)c1cncn1C(C)c1ccccc1,NPUKDXXFDDZOKR-UHFFFAOYSA-N,244.121177752,2.669100000000001,0.99124,CCOC(=O)c1cncn1C(C)c1ccccc1,ETOMIDATE,Inactive,
40371401,CC(=O)SCC(Cc1ccccc1)C(=O)NCC(=O)OCc1ccccc1,ODUOJXZPIYUATO-UHFFFAOYSA-N,385.13477921599997,2.9846000000000013,0.991285,CC(=O)SCC(Cc1ccccc1)C(=O)NCC(=O)OCc1ccccc1,RACECADOTRIL,Inactive,
14861217,O=C(O)C=CC(=O)O.c1ccc2nc(N3CCNCC3)ccc2c1,QYJJDHZHSCTBII-UHFFFAOYSA-N,329.13755608800005,1.3562,0.991405,O=C(O)C=CC(=O)O.c1ccc2nc(N3CCNCC3)ccc2c1,QUIPAZINE MALEATE,Inactive,
24031907,CC(C)NCC(O)COc1ccc(CC(N)=O)cc1,METKIMKYRPQLGS-UHFFFAOYSA-N,266.163042564,0.45210000000000006,0.99177,CC(C)NCC(O)COc1ccc(CC(N)=O)cc1,ATENOLOL,Inactive,
85166719,Nc1nc(N)c2nc(CNc3ccc(C(=O)NC(CCC(=O)O)C(=O)O)cc3)cnc2n1,TVZGACDUOSZQKY-UHFFFAOYSA-N,440.1556657399999,0.24409999999999987,0.991855,Nc1nc(N)c2nc(CNc3ccc(C(=O)NC(CCC(=O)O)C(=O)O)cc3)cnc2n1,AMINOPTERIN,Inactive,
79988380,Cc1ccc(-n2nccn2)c(C(=O)N2CCN(c3nc4cc(Cl)ccc4o3)CCC2C)c1,JYTNQNCOQXFQPK-UHFFFAOYSA-N,450.15710165599995,4.111320000000004,0.99186,Cc1ccc(-n2nccn2)c(C(=O)N2CCN(c3nc4cc(Cl)ccc4o3)CCC2C)c1,SUVOREXANT,Inactive,
99421124,Cc1ccc(C(=O)Nc2ccc(S(=O)(=O)[O-])c3cc(S(=O)(=O)[O-])cc(S(=O)(=O)[O-])c23)cc1NC(=O)c1cccc(NC(=O)Nc2cccc(C(=O)Nc3cc(C(=O)Nc4ccc(S(=O)(=O)[O-])c5cc(S(=O)(=O)[O-])cc(S(=O)(=O)[O-])c45)ccc3C)c2)c1.[Na+].[Na+].[Na+].[Na+].[Na+].[Na+],VAPNKLKDKUDFHK-UHFFFAOYSA-H,1427.9385730279998,-13.288359999999994,0.99196,Cc1ccc(C(=O)Nc2ccc(S(=O)(=O)[O-])c3cc(S(=O)(=O)[O-])cc(S(=O)(=O)[O-])c23)cc1NC(=O)c1cccc(NC(=O)Nc2cccc(C(=O)Nc3cc(C(=O)Nc4ccc(S(=O)(=O)[O-])c5cc(S(=O)(=O)[O-])cc(S(=O)(=O)[O-])c45)ccc3C)c2)c1.[Na+].[Na+].[Na+].[Na+].[Na+].[Na+],SURAMIN HEXASODIUM,Inactive,
81266871,CC12CCC3c4ccc(OC(=O)N(CCCl)CCCl)cc4CCC3C1CCC2O,FRPJXPJMRWBBIH-UHFFFAOYSA-N,439.168099212,5.182000000000006,0.99211,CC12CCC3c4ccc(OC(=O)N(CCCl)CCCl)cc4CCC3C1CCC2O,ESTRAMUSTINE,Inactive,
78643375,CC(=O)OC1CC(OC(C)=O)C2(C)C(CC(OC(C)=O)C3(C)C4=CC(=O)OC(c5ccoc5)C4(C)CCC32)C1(C)C,SUQFMFHTLHMZNM-UHFFFAOYSA-N,570.282882924,5.477700000000006,0.99213,CC(=O)OC1CC(OC(C)=O)C2(C)C(CC(OC(C)=O)C3(C)C4=CC(=O)OC(c5ccoc5)C4(C)CCC32)C1(C)C,DEOXYKHIVORIN,Inactive,
64648847,C[N+]1(CCCCC[N+]2(C)CCCC2)CCCC1.O=C([O-])C(O)C(O)C(=O)O.O=C([O-])C(O)C(O)C(=O)O,HSMKTIKKPMTUQH-UHFFFAOYSA-L,538.2737747839998,-4.277099999999989,0.99223,C[N+]1(CCCCC[N+]2(C)CCCC2)CCCC1.O=C([O-])C(O)C(O)C(=O)O.O=C([O-])C(O)C(O)C(=O)O,PENTOLINIUM TARTRATE,Inactive,
11334982,CC(C)N(CCC(C(N)=O)(c1ccccc1)c1ccccn1)C(C)C.O=P(O)(O)O,CGDDQFMPGMYYQP-UHFFFAOYSA-N,437.2079577539999,2.4333000000000014,0.99233,CC(C)N(CCC(C(N)=O)(c1ccccc1)c1ccccn1)C(C)C.O=P(O)(O)O,DISOPYRAMIDE PHOSPHATE,Inactive,
14514652,CC(C)(CO)C(O)C(=O)NCCC(=O)NCCSSCCNC(=O)CCNC(=O)C(O)C(C)(C)CO,DJWYOLJPSHDSAL-UHFFFAOYSA-N,554.244406304,-1.628399999999993,0.992375,CC(C)(CO)C(O)C(=O)NCCC(=O)NCCSSCCNC(=O)CCNC(=O)C(O)C(C)(C)CO,PANTETHINE,Inactive,
18977327,NCCCC(N)CC(=O)NC1CNC(=O)C(C2CC(O)NC(N)=N2)NC(=O)C(=CNC(N)=O)NC(=O)C(CO)NC(=O)C(CO)NC1=O.O=S(=O)(O)O,AQONYROJHRNYQQ-UHFFFAOYSA-N,783.2929641200003,-9.535600000000017,0.992495,NCCCC(N)CC(=O)NC1CNC(=O)C(C2CC(O)NC(N)=N2)NC(=O)C(=CNC(N)=O)NC(=O)C(CO)NC(=O)C(CO)NC1=O.O=S(=O)(O)O,VIOMYCIN SULFATE,Inactive,
99506090,OCC1OC(Oc2ccc(O)cc2)C(O)C(O)C1O,BJRNKVDFDLYUGJ-UHFFFAOYSA-N,272.08960285200004,-1.4291000000000003,0.99262,OCC1OC(Oc2ccc(O)cc2)C(O)C(O)C1O,ARBUTIN,Inactive,
90883111,CCC(COC(=O)c1cc(OC)c(OC)c(OC)c1)(c1ccccc1)N(C)C.O=C(O)C=CC(=O)O,FSRLGULMGJGKGI-UHFFFAOYSA-N,503.215531636,3.448100000000001,0.992635,CCC(COC(=O)c1cc(OC)c(OC)c(OC)c1)(c1ccccc1)N(C)C.O=C(O)C=CC(=O)O,TRIMEBUTINE MALEATE,Inactive,
64219800,NC1CCCCC1N.O=C1O[Pt]OC1=O,ZROHGHOFXNOHSO-UHFFFAOYSA-L,397.06014802799996,-0.7861,0.99271,NC1CCCCC1N.O=C1O[Pt]OC1=O,OXALIPLATIN,Inactive,
12146182,CC(C)c1c(O)ccc2c1CCC1C(C)(C)CCCC21C,ZRVDANDJSTYELM-UHFFFAOYSA-N,286.22966558,5.545800000000005,0.99274,CC(C)c1c(O)ccc2c1CCC1C(C)(C)CCCC21C,TOTAROL,Inactive,
93950161,CNS(=O)(=O)Cc1ccc2[nH]cc(CCN(C)C)c2c1,KQKPFRSPSRPDEB-UHFFFAOYSA-N,295.135447912,1.3211999999999997,0.99276,CNS(=O)(=O)Cc1ccc2[nH]cc(CCN(C)C)c2c1,SUMATRIPTAN,Inactive,
77171639,CC(C)(Oc1ccc(Cl)cc1)C(=O)O,TXCGAZHTZHNUAI-UHFFFAOYSA-N,214.039671892,2.582,0.99282,CC(C)(Oc1ccc(Cl)cc1)C(=O)O,CLOFIBRIC ACID,Inactive,
23079123,CN1C(C)(C)CCCC1(C)C.O=C(O)C(O)C(O)C(=O)O,AAFNEINEQRQMTF-UHFFFAOYSA-N,305.183837584,0.5367000000000004,0.992885,CN1C(C)(C)CCCC1(C)C.O=C(O)C(O)C(O)C(=O)O,PEMPIDINE TARTRATE,Inactive,
10138916,CC(C)c1c(O)ccc2c1CCC1C(C)(C)C(=O)CCC21C,AOHUEFCBXPOOLQ-UHFFFAOYSA-N,300.208930136,4.7248000000000046,0.99298,CC(C)c1c(O)ccc2c1CCC1C(C)(C)C(=O)CCC21C,TOTAROLONE,Inactive,
27470393,O.OCC(O)C(O)C(OC1OC(CO)C(O)C(O)C1O)C(O)CO,LXMBXZRLTPSWCR-UHFFFAOYSA-N,362.1424262719999,-6.585899999999991,0.99326,O.OCC(O)C(O)C(OC1OC(CO)C(O)C(O)C1O)C(O)CO,D-LACTITOL MONOHYDRATE,Inactive,
16120610,COc1cc(C)c(C(=O)O)c(OC(C)=O)c1,URQLZJHAKAZWEI-UHFFFAOYSA-N,224.068473484,1.62712,0.993395,COc1cc(C)c(C(=O)O)c(OC(C)=O)c1,ACETYL EVERNINIC ACID,Inactive,
56408063,CC1C(=O)OC2CCN3CC=C(COC(=O)C(C)(O)C1(C)O)C23,QVCMHGGNRFRMAD-UHFFFAOYSA-N,325.152537456,-0.3925999999999994,0.99342,CC1C(=O)OC2CCN3CC=C(COC(=O)C(C)(O)C1(C)O)C23,MONOCROTALINE,Inactive,
78219992,CC(C=CC1=C(C)CCCC1(C)C)=CC=CC(C)=CCO,FPIPGXGPPPQFEQ-UHFFFAOYSA-N,286.22966558,5.510300000000006,0.99346,CC(C=CC1=C(C)CCCC1(C)C)=CC=CC(C)=CCO,RETINOL,Inactive,
10723316,COC(=O)C(N)CS.Cl,WHOHXJZQBJXAKL-UHFFFAOYSA-N,171.01207724,-0.16169999999999973,0.993565,COC(=O)C(N)CS.Cl,MECYSTEINE HYDROCHLORIDE,Inactive,
10737790,O=C(O)C1(O)CC(O)C(O)C(O)C1,AAWZDTNXLSGCEK-UHFFFAOYSA-N,192.06338810399998,-2.3214000000000006,0.993615,O=C(O)C1(O)CC(O)C(O)C(O)C1,QUINIC ACID,Inactive,
25761523,Nc1ccc(S(=O)(=O)[N-]c2cnc3ccccc3n2)cc1.[Na+],WXUQBKOBXREBBX-UHFFFAOYSA-N,322.05004087200007,-0.38990000000000014,0.99383,Nc1ccc(S(=O)(=O)[N-]c2cnc3ccccc3n2)cc1.[Na+],SULFAQUINOXALINE SODIUM,Inactive,
97668590,NC(Cc1cc(I)c(Oc2cc(I)c(O)c(I)c2)c(I)c1)C(=O)[O-].[Na+],YDTFRJLNMPSCFM-UHFFFAOYSA-M,798.6686440800001,0.2265999999999998,0.99399,NC(Cc1cc(I)c(Oc2cc(I)c(O)c(I)c2)c(I)c1)C(=O)[O-].[Na+],LEVOTHYROXINE SODIUM,Inactive,
81156597,O=c1cc(-c2cc(O)c(O)c(O)c2)oc2cc(O)cc(O)c12,ARSRJFRKVXALTF-UHFFFAOYSA-N,302.04265266,1.988,0.994085,O=c1cc(-c2cc(O)c(O)c(O)c2)oc2cc(O)cc(O)c12,HIERACIN,Inactive,
73556487,N#C[Fe-2](C#N)(C#N)(C#N)(C#N)N=O.O.O.[Na+].[Na+],OIRZWVYIQXBRFC-UHFFFAOYSA-N,297.948964048,-7.342899999999998,0.99412,N#C[Fe-2](C#N)(C#N)(C#N)(C#N)N=O.O.O.[Na+].[Na+],SODIUM NITROPRUSSIDE DIHYDRATE,Inactive,
62280381,NC(=O)C1CCCN1C(=O)C(Cc1c[nH]cn1)NC(=O)C1CCC(=O)N1,XNSAINXGIQZQOO-UHFFFAOYSA-N,362.170253184,-1.808099999999996,0.99485,NC(=O)C1CCCN1C(=O)C(Cc1c[nH]cn1)NC(=O)C1CCC(=O)N1,PROTIRELIN,Inactive,
71872805,CC(=O)Nc1ccc(OC(=O)c2ccccc2O)cc1,TWIIVLKQFJBFPW-UHFFFAOYSA-N,271.084457896,2.5698000000000008,0.99496,CC(=O)Nc1ccc(OC(=O)c2ccccc2O)cc1,ACETAMINOSALOL,Inactive,
83247773,COc1ccc(CC2c3cc(OC)c(OC)cc3CC[N+]2(C)CCC(=O)OCCCCCOC(=O)CC[N+]2(C)CCc3cc(OC)c(OC)cc3C2Cc2ccc(OC)c(OC)c2)cc1OC.O=S(=O)([O-])c1ccccc1.O=S(=O)([O-])c1ccccc1,XXZSQOVSEBAPGS-UHFFFAOYSA-L,1242.500405784,9.246900000000004,0.995235,COc1ccc(CC2c3cc(OC)c(OC)cc3CC[N+]2(C)CCC(=O)OCCCCCOC(=O)CC[N+]2(C)CCc3cc(OC)c(OC)cc3C2Cc2ccc(OC)c(OC)c2)cc1OC.O=S(=O)([O-])c1ccccc1.O=S(=O)([O-])c1ccccc1,ATRACURIUM BESYLATE,Inactive,
83196921,O=c1cc(-c2ccccc2)oc2ccccc12,VHBFFQKBGNRLFZ-UHFFFAOYSA-N,222.06807956,3.4600000000000017,0.99527,O=c1cc(-c2ccccc2)oc2ccccc12,FLAVONE,Inactive,
85086452,CC(=O)OC1CC(OC2C(O)CC(OC3C(O)CC(OC4CCC5(C)C(CCC6C5CC(O)C5(C)C(C7=CC(=O)OC7)CCC65O)C4)OC3C)OC2C)OC(C)C1OC1OC(CO)C(O)C(O)C1O,JAYAGJDXJIDEKI-UHFFFAOYSA-N,984.4929948320002,0.6131000000000075,0.995325,CC(=O)OC1CC(OC2C(O)CC(OC3C(O)CC(OC4CCC5(C)C(CCC6C5CC(O)C5(C)C(C7=CC(=O)OC7)CCC65O)C4)OC3C)OC2C)OC(C)C1OC1OC(CO)C(O)C(O)C1O,LANATOSIDE C,Inactive,
48709407,COC(=O)C(Cc1ccccc1)NC(=O)C(N)CC(=O)O,IAOZJIPTCAWIRG-UHFFFAOYSA-N,294.121571676,-0.31109999999999954,0.99536,COC(=O)C(Cc1ccccc1)NC(=O)C(N)CC(=O)O,ASPARTAME,Inactive,
75335952,COc1cc2c3cc1Oc1cc(ccc1O)CC1c4c(cc(OC)c(O)c4Oc4ccc(cc4)CC3N(C)CC2)CC[N+]1(C)C.Cl.O.O.O.O.O.[Cl-],WMIZITXEJNQAQK-UHFFFAOYSA-N,770.294815844,0.003300000000000858,0.99537,COc1cc2c3cc1Oc1cc(ccc1O)CC1c4c(cc(OC)c(O)c4Oc4ccc(cc4)CC3N(C)CC2)CC[N+]1(C)C.Cl.O.O.O.O.O.[Cl-],TUBOCURARINE CHLORIDE PENTAHYDRATE,Inactive,
70673654,CCC1(C)CC(=O)NC1=O,HAPOVYFOVVWLRS-UHFFFAOYSA-N,141.078978592,0.4491999999999999,0.995465,CCC1(C)CC(=O)NC1=O,ETHOSUXIMIDE,Inactive,
20609180,Cc1cnc(C(=O)O)c[n+]1[O-],DJQOOSBJCLSSEY-UHFFFAOYSA-N,154.037842052,-0.2783799999999999,0.995565,Cc1cnc(C(=O)O)c[n+]1[O-],ACIPIMOX,Inactive,
16248567,Cc1cc(C=Cc2ccc3cc(N(C)C)ccc3[n+]2C)c(C)n1-c1ccccc1.O=C([O-])c1cc2ccccc2c(Cc2c(O)c(C(=O)O)cc3ccccc23)c1O,ZFWFZMYQXOKWIY-UHFFFAOYSA-M,769.315186096,8.364940000000004,0.99576,Cc1cc(C=Cc2ccc3cc(N(C)C)ccc3[n+]2C)c(C)n1-c1ccccc1.O=C([O-])c1cc2ccccc2c(Cc2c(O)c(C(=O)O)cc3ccccc23)c1O,PYRVINIUM PAMOATE,Inactive,
88383989,CCCCCCCCCc1ccc(OCCOCCOCCOCCOCCOCCOCCOCCOCCO)cc1,FBWNMEQMRUMQSO-UHFFFAOYSA-N,616.4186481199998,4.483600000000006,0.99581,CCCCCCCCCc1ccc(OCCOCCOCCOCCOCCOCCOCCOCCOCCO)cc1,NONOXYNOL-9,Inactive,
13034201,CC(=O)OCC1=C(C(=O)[O-])N2C(=O)C(NC(=O)CCCC(N)C(=O)[O-])C2SC1.[Zn+2],TVMXJQZBKOMFQK-UHFFFAOYSA-L,477.018427768,-3.801599999999995,0.9959,CC(=O)OCC1=C(C(=O)[O-])N2C(=O)C(NC(=O)CCCC(N)C(=O)[O-])C2SC1.[Zn+2],CEPHALOSPORIN C Zn,Inactive,
39824355,O=c1c2cc(O)c(O)cc2oc2cc(O)c(C3OC(CO)C(O)C(O)C3O)c(O)c12,AEDDIBAIWPIIBD-UHFFFAOYSA-N,422.0849113959999,-0.7165000000000005,0.995925,O=c1c2cc(O)c(O)cc2oc2cc(O)c(C3OC(CO)C(O)C(O)C3O)c(O)c12,MANGIFERIN,Inactive,
24002299,O=c1c(O)c(-c2ccccc2)oc2cc(O)cc(O)c12,VCCRNZQBSJXYJD-UHFFFAOYSA-N,270.05282342000004,2.576800000000001,0.996045,O=c1c(O)c(-c2ccccc2)oc2cc(O)cc(O)c12,GALANGIN,Inactive,
11383041,COc1cc2c(cc1OC)C1C(=O)c3ccc4c(c3OC1CO2)CC(C(C)C)O4,DTFARBHXORYQBF-UHFFFAOYSA-N,396.15728848799995,3.7832000000000026,0.996105,COc1cc2c(cc1OC)C1C(=O)c3ccc4c(c3OC1CO2)CC(C(C)C)O4,DIHYDROROTENONE,Inactive,
41398678,CCN(CC)CCNC(=O)c1ccc(NC(C)=O)cc1.Cl,IYEWBJUCJHKLHD-UHFFFAOYSA-N,313.155704688,2.1384000000000003,0.996235,CCN(CC)CCNC(=O)c1ccc(NC(C)=O)cc1.Cl,ACECAINIDE HYDROCHLORIDE,Inactive,
66680489,Nc1nc(=O)c2nc(CNc3ccc(C(=O)NC(CCC(=O)O)C(=O)O)cc3)cnc2[nH]1,OVBPIULPVIDEAO-UHFFFAOYSA-N,441.139681328,-0.04479999999999945,0.996315,Nc1nc(=O)c2nc(CNc3ccc(C(=O)NC(CCC(=O)O)C(=O)O)cc3)cnc2[nH]1,FOLIC ACID,Inactive,
97318140,CCOC(=O)c1c(C)cc(O)cc1O,UQSRXQMIXSZGLA-UHFFFAOYSA-N,196.073558864,1.5829199999999999,0.996745,CCOC(=O)c1c(C)cc(O)cc1O,ETHYL ORSELLINATE,Inactive,
82974910,CCC(C)C1OC2(C=CC1C)CC1CC(CC=C(C)C(OC3CC(OC)C(OC4CC(OC)C(NC(C)=O)C(C)O4)C(C)O3)C(C)C=CC=C3COC4C(O)C(C)=CC(C(=O)O1)C34O)O2,ZKWQQXZUCOBISE-UHFFFAOYSA-N,913.5187560800002,5.521200000000009,0.997045,CCC(C)C1OC2(C=CC1C)CC1CC(CC=C(C)C(OC3CC(OC)C(OC4CC(OC)C(NC(C)=O)C(C)O4)C(C)O3)C(C)C=CC=C3COC4C(O)C(C)=CC(C(=O)O1)C34O)O2,EPRINOMECTIN,Inactive,
70120213,C[N+](C)(C)CC(=O)[O-].Cl,HOPSCVCBEOCPJZ-UHFFFAOYSA-N,153.055656304,-1.1357,0.997045,C[N+](C)(C)CC(=O)[O-].Cl,BETAINE HYDROCHLORIDE,Inactive,
10525386,CC(C)c1c(CN(C)C(C)Cc2ccccc2)n(C)n(-c2ccccc2)c1=O,GNUXVOXXWGNPIV-UHFFFAOYSA-N,377.246712612,4.362400000000004,0.99769,CC(C)c1c(CN(C)C(C)Cc2ccccc2)n(C)n(-c2ccccc2)c1=O,FAMPROFAZONE,Inactive,
94324636,COc1c(-c2ccccc2)oc2cc(O)cc(O)c2c1=O,LYISDADPVOHJBJ-UHFFFAOYSA-N,284.068473484,2.8798000000000017,0.997715,COc1c(-c2ccccc2)oc2cc(O)cc(O)c2c1=O,GALANGIN 3-O-METHYL ETHER,Inactive,
99770571,CC(=O)OC1CC2C(C)(C)C(O)CCC2(C)C2CCC3(C)C(c4ccoc4)OC(=O)C4OC43C12C,IVHWWYNBMIROCV-UHFFFAOYSA-N,486.26175355599986,4.576500000000005,0.99785,CC(=O)OC1CC2C(C)(C)C(O)CCC2(C)C2CCC3(C)C(c4ccoc4)OC(=O)C4OC43C12C,GEDUNOL,Inactive,
91768838,NC(=O)c1cn(Cc2c(F)cccc2F)nn1,POGQSBRIGCQNEG-UHFFFAOYSA-N,238.066617316,0.7035000000000001,0.997875,NC(=O)c1cn(Cc2c(F)cccc2F)nn1,RUFINAMIDE,Inactive,
98395332,OC(Cn1cncn1)(Cn1cncn1)c1ccc(F)cc1F,RFHAOTPXVQNOHP-UHFFFAOYSA-N,306.10406544399996,0.7357999999999993,0.99794,OC(Cn1cncn1)(Cn1cncn1)c1ccc(F)cc1F,FLUCONAZOLE,Inactive,
33787034,Cl.c1cncc(C2CCCCN2)c1,VTMZQNZVYCJLGG-UHFFFAOYSA-N,198.09237616,2.3179999999999996,0.998065,Cl.c1cncc(C2CCCCN2)c1,ANABASINE HYDROCHLORIDE,Inactive,
40671796,CC(C)OC(=O)C(C)(C)Oc1ccc(C(=O)c2ccc(Cl)cc2)cc1,YMTINGFKWWXKFG-UHFFFAOYSA-N,360.112836832,4.680000000000004,0.998585,CC(C)OC(=O)C(C)(C)Oc1ccc(C(=O)c2ccc(Cl)cc2)cc1,FENOFIBRATE,Inactive,
96942067,CC(C)c1ccc2c(c1O)CCC1C3=C(CCC21C)C(=O)OC3,KPXIBWGPZSPABK-UHFFFAOYSA-N,312.17254462799997,3.9829000000000034,0.998775,CC(C)c1ccc2c(c1O)CCC1C3=C(CCC21C)C(=O)OC3,TRIPTOPHENOLIDE,Inactive,
47596851,Clc1ccc(CON=C(Cn2ccnc2)c2ccc(Cl)cc2Cl)c(Cl)c1.O=[N+]([O-])O,WVNOAGNOIPTWPT-UHFFFAOYSA-N,489.97691564799993,5.770100000000003,0.9988,Clc1ccc(CON=C(Cn2ccnc2)c2ccc(Cl)cc2Cl)c(Cl)c1.O=[N+]([O-])O,OXICONAZOLE NITRATE,Inactive,
26132440,Cl.Cl.NCCCCN,XXWCODXIQWIHQN-UHFFFAOYSA-N,160.05340380799998,0.5276,0.99885,Cl.Cl.NCCCCN,PUTRESCINE DIHYDROCHLORIDE,Inactive,
78038876,CC12CC3CC(C)(C1)CC(N)(C3)C2.Cl,LDDHMLJTFXJGPI-UHFFFAOYSA-N,215.14407738399998,3.1159000000000012,0.99904,CC12CC3CC(C)(C1)CC(N)(C3)C2.Cl,MEMANTINE HYDROCHLORIDE,Inactive,
31252634,CCC1(C)OC(=O)N(C)C1=O,VQASKUSHBVDKGU-UHFFFAOYSA-N,157.073893212,0.7637,0.999155,CCC1(C)OC(=O)N(C)C1=O,PARAMETHADIONE,Inactive,
23494331,Cc1ncc([N+](=O)[O-])n1CC(C)O,KPQZUUQMTUIKBP-UHFFFAOYSA-N,185.080041212,0.4805199999999999,0.99919,Cc1ncc([N+](=O)[O-])n1CC(C)O,SECNIDAZOLE,Inactive,
91486366,O=C([O-])CCNC(=O)c1ccc(N=Nc2ccc(O)c(C(=O)[O-])c2)cc1.[Na+].[Na+],CKMOQBVBEGCJGW-UHFFFAOYSA-L,401.059973696,-5.951099999999998,0.99921,O=C([O-])CCNC(=O)c1ccc(N=Nc2ccc(O)c(C(=O)[O-])c2)cc1.[Na+].[Na+],BALSALAZIDE DISODIUM,Inactive,
60645398,CCCc1nc(C)c2c(=O)[nH]c(-c3cc(S(=O)(=O)N4CCN(CC)CC4)ccc3OCC)nn12.Cl,XCMULUAPJXCOHI-UHFFFAOYSA-N,524.197252216,2.492220000000001,0.999255,CCCc1nc(C)c2c(=O)[nH]c(-c3cc(S(=O)(=O)N4CCN(CC)CC4)ccc3OCC)nn12.Cl,VARDENAFIL HYDROCHLORIDE,Inactive,
40781030,O=C(O)c1ccccc1O,YGSDEFSMJLZEOE-UHFFFAOYSA-N,138.031694052,1.0903999999999998,0.999285,O=C(O)c1ccccc1O,SALICYLIC ACID,Inactive,
35185338,Cl[Pt]Cl.N.N,LXZZYRPGZAFOLE-UHFFFAOYSA-L,298.95559465200006,1.7004999999999997,0.99967,Cl[Pt]Cl.N.N,CISPLATIN,Inactive,
14042806,NC(C(=O)O)C(O)C(O)C(O)CO,UFYKDFXCZBTLOO-UHFFFAOYSA-N,195.074287136,-3.5266999999999995,0.999795,NC(C(=O)O)C(O)C(O)C(O)CO,GLUCOSAMINIC ACID,Inactive,
10448790,c1ccc2[nH]c(-c3cscn3)nc2c1,WJCNZQLZVWNLKY-UHFFFAOYSA-N,201.036068224,2.6864,0.999975,c1ccc2[nH]c(-c3cscn3)nc2c1,THIABENDAZOLE,Inactive,
45746465,CC1(C)C=Cc2c(c3c(c4c(=O)c(-c5ccc(O)cc5)coc24)OC(C)(C)CC3)O1,FMCWKGDGAHVFMC-UHFFFAOYSA-N,404.1623738679999,5.453400000000006,1.00002,CC1(C)C=Cc2c(c3c(c4c(=O)c(-c5ccc(O)cc5)coc24)OC(C)(C)CC3)O1,ISOOSAJIN,Inactive,
94152633,CCCOc1cc(N)ccc1C(=O)OCCN(CC)CC.Cl,GITPCGSPKUQZTE-UHFFFAOYSA-N,330.17102040400005,2.978000000000002,1.00006,CCCOc1cc(N)ccc1C(=O)OCCN(CC)CC.Cl,PROPOXYCAINE HYDROCHLORIDE,Inactive,
54974577,CC1Cc2ccccc2N1NC(=O)c1ccc(Cl)c(S(N)(=O)=O)c1,NDDAHWYSQHTHNT-UHFFFAOYSA-N,365.060090052,2.0834,1.00008,CC1Cc2ccccc2N1NC(=O)c1ccc(Cl)c(S(N)(=O)=O)c1,INDAPAMIDE,Inactive,
55080907,CC1=NCCc2c1[nH]c1cc(O)ccc21.Cl.O.O,OYKGNQNESCZSHQ-UHFFFAOYSA-N,272.092770084,1.0109999999999997,1.00009,CC1=NCCc2c1[nH]c1cc(O)ccc21.Cl.O.O,HARMALOL HYDROCHLORIDE DIHYDRATE,Inactive,
90308355,CCC(=O)OCC(=O)C1(OC(=O)CC)C(C)CC2C3CCC4=CC(=O)C=CC4(C)C3(Cl)C(O)CC21C,KUVIULQEHSCUHY-UHFFFAOYSA-N,520.222781204,4.086800000000004,1.000325,CCC(=O)OCC(=O)C1(OC(=O)CC)C(C)CC2C3CCC4=CC(=O)C=CC4(C)C3(Cl)C(O)CC21C,BECLOMETHASONE DIPROPIONATE,Inactive,
11353254,Cl.NC(Cc1ccccc1)C(=O)O,ZAIZDXVMSSDZFA-UHFFFAOYSA-N,201.055656304,1.0628,1.000325,Cl.NC(Cc1ccccc1)C(=O)O,D-PHENYLALANINE,Inactive,
11369741,CCCCCCCCCCCCCCCCOP(=O)([O-])OCC[N+](C)(C)C,PQLXHQMOHUQAKB-UHFFFAOYSA-N,407.316445582,5.675500000000006,1.000495,CCCCCCCCCCCCCCCCOP(=O)([O-])OCC[N+](C)(C)C,MILTEFOSINE [5mM],Inactive,
84838690,COc1cc(C)c2c(=O)c(-c3ccccc3)coc2c1,WGOUYULOZZRTFS-UHFFFAOYSA-N,266.09429430800003,3.777020000000003,1.00056,COc1cc(C)c2c(=O)c(-c3ccccc3)coc2c1,METHOXYVONE,Inactive,
80630529,C=CCSCC=C,UBJVUCKUDDKUJF-UHFFFAOYSA-N,114.05032132,2.0916,1.000635,C=CCSCC=C,DIALLYL SULFIDE,Inactive,
21641591,CN1CCCN=C1COC(=O)C(O)(c1ccccc1)C1CCCCC1.Cl,WXAYTPABEADAAB-UHFFFAOYSA-N,380.18667046800005,3.1535000000000015,1.000685,CN1CCCN=C1COC(=O)C(O)(c1ccccc1)C1CCCCC1.Cl,OXYPHENCYCLIMINE HYDROCHLORIDE,Inactive,
35345593,O=C(O)CN(CCN(CC(=O)O)CC(=O)O)CC(=O)O.[Na+].[Na+],ZGTMUACCHSMWAC-UHFFFAOYSA-N,338.06910687218,-8.063200000000007,1.001195,O=C(O)CN(CCN(CC(=O)O)CC(=O)O)CC(=O)O.[Na+].[Na+],EDETATE DISODIUM,Inactive,
32157091,Cl.Cl.OCCOCCN1CCN(C(c2ccccc2)c2ccc(Cl)cc2)CC1,ANOMHKZSQFYSBR-UHFFFAOYSA-N,446.129461208,3.8995000000000033,1.001455,Cl.Cl.OCCOCCN1CCN(C(c2ccccc2)c2ccc(Cl)cc2)CC1,HYDROXYZINE HYDROCHLORIDE,Inactive,
79852283,Nc1cc(-c2ccncc2)c[nH]c1=O,RNLQIBCLLYYYFJ-UHFFFAOYSA-N,187.074561908,1.0191,1.002,Nc1cc(-c2ccncc2)c[nH]c1=O,INAMRINONE,Inactive,
60752666,CC1(C)C(O)CC(O)C2(C)C1CC(=O)C1(C)C2CCC2(C)C(c3ccoc3)OC(=O)C3OC321,BBSPXZBAZKHYLF-UHFFFAOYSA-N,458.23045342799986,3.184700000000002,1.00205,CC1(C)C(O)CC(O)C2(C)C1CC(=O)C1(C)C2CCC2(C)C(c3ccoc3)OC(=O)C3OC321,"1,3-DIDEACETYL-7-DEACETOXY-7-OXOKHIVORIN",Inactive,
63717255,CCC1(O)C(=O)OCc2c1cc1n(c2=O)Cc2cc3cc(O)ccc3nc2-1,HAWSQZCWOQZXHI-UHFFFAOYSA-N,364.105921612,1.7852,1.00212,CCC1(O)C(=O)OCc2c1cc1n(c2=O)Cc2cc3cc(O)ccc3nc2-1,10-HYDROXYCAMPTOTHECIN,Inactive,
68822117,CC(CCC(=O)[O-])C1CCC2C3C(=O)CC4CC(=O)CCC4(C)C3CC(=O)C12C.[Na+],FKJIJBSJQSMPTI-UHFFFAOYSA-M,424.222568436,-0.25739999999999585,1.0022,CC(CCC(=O)[O-])C1CCC2C3C(=O)CC4CC(=O)CCC4(C)C3CC(=O)C12C.[Na+],DEHYDROCHOLATE SODIUM,Inactive,
31967549,CCNC1CN(CCCOC)S(=O)(=O)c2sc(S(N)(=O)=O)cc21,HCRKCZRJWPKOAR-UHFFFAOYSA-N,383.064333772,0.08690000000000164,1.002335,CCNC1CN(CCCOC)S(=O)(=O)c2sc(S(N)(=O)=O)cc21,BRINZOLAMIDE,Inactive,
62344019,CC1OC(n2cc(F)c(=O)[nH]c2=O)C(O)C1O,ZWAOHEXOSAUJHY-UHFFFAOYSA-N,246.065199672,-1.6851999999999996,1.002395,CC1OC(n2cc(F)c(=O)[nH]c2=O)C(O)C1O,DOXIFLURIDINE,Inactive,
47821098,O=C1CCCC2C3CCC[N+]4([O-])CCCC(CN12)C34,XVPBINOPNYFXID-UHFFFAOYSA-N,264.183778008,1.8842999999999999,1.002445,O=C1CCCC2C3CCC[N+]4([O-])CCCC(CN12)C34,OXYMATRINE,Inactive,
13763391,O=C(O)CCCCC1SCC2NC(=O)NC21,YBJHBAHKTGYVGT-UHFFFAOYSA-N,244.088163372,0.7968000000000001,1.00255,O=C(O)CCCCC1SCC2NC(=O)NC21,BIOTIN,Inactive,
82313164,O=c1cc(-c2ccccc2)oc2ccc(O)cc12,GPZYYYGYCRFPBU-UHFFFAOYSA-N,238.06299418,3.1656000000000013,1.00267,O=c1cc(-c2ccccc2)oc2ccc(O)cc12,6-HYDROXYFLAVONE,Inactive,
36938270,CC(=O)Nc1cc([As](=O)(O)O)ccc1O,ODFJOVXVLFUVNQ-UHFFFAOYSA-N,274.97749392000003,-1.0884000000000005,1.002745,CC(=O)Nc1cc([As](=O)(O)O)ccc1O,ACETARSOL,Inactive,
82698521,Oc1ccc(Cl)cc1,WXNZTHHGJRFXKQ-UHFFFAOYSA-N,128.00289246,2.0456,1.00285,Oc1ccc(Cl)cc1,PARACHLOROPHENOL,Inactive,
66403252,CSc1ccc2c(c1)N(CCC1CCCCN1C)c1ccccc1S2.Cl,NZFNXWQNBYZDAQ-UHFFFAOYSA-N,406.130418544,6.307400000000006,1.00291,CSc1ccc2c(c1)N(CCC1CCCCN1C)c1ccccc1S2.Cl,THIORIDAZINE HYDROCHLORIDE,Inactive,
85796367,CCN(CC)C(=O)C1(c2ccccc2)CC1CN.Cl,XNCDYJFPRPDERF-UHFFFAOYSA-N,282.14989103600004,2.1931999999999996,1.00314,CCN(CC)C(=O)C1(c2ccccc2)CC1CN.Cl,LEVOMILNACIPRAN HYDROCHLORIDE,Inactive,
72251128,CC(C)=CCCC(C)CC=O,NEHNMFOYXAPHSD-UHFFFAOYSA-N,154.135765196,2.9579000000000013,1.00314,CC(C)=CCCC(C)CC=O,CITRONELLAL (R+),Inactive,
58111131,CN(C)CCN(Cc1ccc(Cl)cc1)c1ccccn1.Cl,VEYWWAGBHABATA-UHFFFAOYSA-N,325.11125303200004,3.7250000000000028,1.003265,CN(C)CCN(Cc1ccc(Cl)cc1)c1ccccn1.Cl,CHLOROPYRAMINE HYDROCHLORIDE,Inactive,
78270384,NC(N)=Nc1nc(CSCCC(N)=NS(N)(=O)=O)cs1,XUFQPHANEAPEMJ-UHFFFAOYSA-N,337.04493571999996,-0.7679999999999998,1.00365,NC(N)=Nc1nc(CSCCC(N)=NS(N)(=O)=O)cs1,FAMOTIDINE,Inactive,
11366295,Cc1cccc(C)c1NC1=NCCCS1,BPICBUSOMSTKRF-UHFFFAOYSA-N,220.103419512,3.2082400000000018,1.0038,Cc1cccc(C)c1NC1=NCCCS1,XYLAZINE,Inactive,
55300986,N=C(N)NCCN1CCCCCCC1.O=S(=O)(O)O,YUFWAVFNITUSHI-UHFFFAOYSA-N,296.15182624799996,0.08277000000000057,1.00402,N=C(N)NCCN1CCCCCCC1.O=S(=O)(O)O,GUANETHIDINE MONOSULFATE,Inactive,
35063790,CN1C(=O)CCC1c1cccnc1,UIKROCXWUNQSPJ-UHFFFAOYSA-N,176.094963004,1.3749,1.00425,CN1C(=O)CCC1c1cccnc1,COTININE,Inactive,
10268329,COc1cc2c(cc1-c1cc3cc4ccoc4cc3oc1=O)OCO2,PENSQRMNZZWMGV-UHFFFAOYSA-N,336.0633881039999,3.943500000000003,1.00435,COc1cc2c(cc1-c1cc3cc4ccoc4cc3oc1=O)OCO2,PACHYRRHIZIN,Inactive,
36955820,CNC(CC(C)C)C(=O)NC1C(=O)NC(CC(N)=O)C(=O)NC2C(=O)NC3C(=O)NC(C(=O)NC(C(=O)O)c4cc(O)cc(O)c4-c4cc3ccc4O)C(O)c3ccc(c(Cl)c3)Oc3cc2cc(c3OC2OC(CO)C(O)C(O)C2OC2CC(C)(N)C(O)C(C)O2)Oc2ccc(cc2Cl)C1O.Cl,LCTORFDMHNKUSG-UHFFFAOYSA-N,1483.4068773519998,0.5280000000000036,1.00463,CNC(CC(C)C)C(=O)NC1C(=O)NC(CC(N)=O)C(=O)NC2C(=O)NC3C(=O)NC(C(=O)NC(C(=O)O)c4cc(O)cc(O)c4-c4cc3ccc4O)C(O)c3ccc(c(Cl)c3)Oc3cc2cc(c3OC2OC(CO)C(O)C(O)C2OC2CC(C)(N)C(O)C(C)O2)Oc2ccc(cc2Cl)C1O.Cl,VANCOMYCIN HYDROCHLORIDE,Inactive,
16640462,CC1CC(OC(=O)c2ccccc2O)CC(C)(C)C1,WSSJONWNBBTCMG-UHFFFAOYSA-N,262.156894564,3.7638000000000025,1.00465,CC1CC(OC(=O)c2ccccc2O)CC(C)(C)C1,HOMOSALATE,Inactive,
91130022,COc1ccc(CN2CCN(C(c3ccc(F)cc3)c3ccc(F)cc3)CC2)c(OC)c1OC.Cl,VCBYMCBOMLUKOO-UHFFFAOYSA-N,504.19912697199993,5.3196000000000065,1.004675,COc1ccc(CN2CCN(C(c3ccc(F)cc3)c3ccc(F)cc3)CC2)c(OC)c1OC.Cl,LOMERIZINE HYDROCHLORIDE,Inactive,
13519710,COc1cc(-c2coc3cc(O)c(OC)c(O)c3c2=O)cc(O)c1OC,TUGWPJJTQNLKCL-UHFFFAOYSA-N,360.08451747199996,2.6026000000000007,1.004685,COc1cc(-c2coc3cc(O)c(OC)c(O)c3c2=O)cc(O)c1OC,IRIGENIN,Inactive,
62184198,COC(=O)C1C(O)CCC2CN3CCc4c([nH]c5ccccc45)C3CC21,BLGXFZZNTVWLAY-UHFFFAOYSA-N,354.194342692,2.647100000000001,1.0049,COC(=O)C1C(O)CCC2CN3CCc4c([nH]c5ccccc45)C3CC21,CORYNANTHINE,Inactive,
64347191,COc1ccc(O)cc1,NWVVVBRKAWDGAB-UHFFFAOYSA-N,124.052429496,1.4008,1.004905,COc1ccc(O)cc1,MEQUINOL,Inactive,
10328898,CC(C)COCC(CN(Cc1ccccc1)c1ccccc1)N1CCCC1.Cl,JXBBWYGMTNAYNM-UHFFFAOYSA-N,402.24379142000004,5.252000000000007,1.00505,CC(C)COCC(CN(Cc1ccccc1)c1ccccc1)N1CCCC1.Cl,BEPRIDIL HYDROCHLORIDE,Inactive,
21135240,CN1CCCC1CCOC(C)(c1ccccc1)c1ccc(Cl)cc1.O=C(O)C=CC(=O)O,PMGQWSIVQFOFOQ-UHFFFAOYSA-N,459.1812507399999,4.816200000000003,1.00506,CN1CCCC1CCOC(C)(c1ccccc1)c1ccc(Cl)cc1.O=C(O)C=CC(=O)O,CLEMASTINE FUMARATE,Inactive,
15744167,CC1OC(OC2C(Oc3cc(O)c4c(c3)OC(c3ccc(O)cc3)CC4=O)OC(CO)C(O)C2O)C(O)C(O)C1O,DFPMSGMNTNDNHN-UHFFFAOYSA-N,580.1792057039999,-1.1652000000000007,1.005125,CC1OC(OC2C(Oc3cc(O)c4c(c3)OC(c3ccc(O)cc3)CC4=O)OC(CO)C(O)C2O)C(O)C(O)C1O,NARINGIN,Inactive,
63824604,CC(CN(C)C)CN1c2ccccc2CCc2ccccc21.O=C(O)C=CC(=O)O,YDGHCKHAXOUQOS-UHFFFAOYSA-N,410.2205574399999,3.8328000000000024,1.005145,CC(CN(C)C)CN1c2ccccc2CCc2ccccc21.O=C(O)C=CC(=O)O,TRIMIPRAMINE MALEATE,Inactive,
87590242,COC(=O)CCC(C)C1CCC2C3CCC4CC(O)CCC4(C)C3CC(O)C12C,ZHUOOEGSSFNTNP-UHFFFAOYSA-N,406.30830982399993,4.566300000000005,1.00515,COC(=O)CCC(C)C1CCC2C3CCC4CC(O)CCC4(C)C3CC(O)C12C,METHYL DEOXYCHOLATE,Inactive,
96039000,CC(=O)N(CC(O)CO)c1c(I)c(C(=O)NCCO)c(I)c(C(=O)NCC(O)CO)c1I,UUMLTINZBQPNGF-UHFFFAOYSA-N,790.8697587280001,-0.9884,1.00518,CC(=O)N(CC(O)CO)c1c(I)c(C(=O)NCCO)c(I)c(C(=O)NCC(O)CO)c1I,IOXILAN,Inactive,
10855023,Cc1cc(-n2c(=O)[nH]c(=O)n(C)c2=O)ccc1Oc1ccc(SC(F)(F)F)cc1,OCINXEZVIIVXFU-UHFFFAOYSA-N,425.06571158800006,2.937120000000001,1.005345,Cc1cc(-n2c(=O)[nH]c(=O)n(C)c2=O)ccc1Oc1ccc(SC(F)(F)F)cc1,TOLTRAZURIL,Inactive,
45381360,COc1cccc(C=O)c1OC,JIVGSHFYXPRRSZ-UHFFFAOYSA-N,166.06299418,1.5162999999999998,1.00551,COc1cccc(C=O)c1OC,o-VERATRALDEHYDE,Inactive,
39464823,COc1ccc(C2CC(=O)c3c(O)cc(OC4OC(COC5OC(C)C(O)C(O)C5O)C(O)C(O)C4O)cc3O2)cc1O,QUQPHWDTPGMPEX-UHFFFAOYSA-N,610.1897703879999,-1.1566,1.005545,COc1ccc(C2CC(=O)c3c(O)cc(OC4OC(COC5OC(C)C(O)C(O)C5O)C(O)C(O)C4O)cc3O2)cc1O,HESPERIDIN,Inactive,
87579966,CCC(=O)OC(OP(=O)(CCCCc1ccccc1)CC(=O)N1CC(C2CCCCC2)CC1C(=O)[O-])C(C)C.[Na+],TVTJZMHAIQQZTL-UHFFFAOYSA-M,585.28313369,1.7906000000000024,1.0056,CCC(=O)OC(OP(=O)(CCCCc1ccccc1)CC(=O)N1CC(C2CCCCC2)CC1C(=O)[O-])C(C)C.[Na+],FOSINOPRIL SODIUM,Inactive,
69332028,COC1CC2CCC(C)C(O)(O2)C(=O)C(=O)N2CCCCC2C(=O)OC(C(C)CC2CCC(O)C(OC)C2)CC(=O)C(C)C=C(C)C(O)C(OC)C(=O)C(C)CC(C)C=CC=CC=C1C,QFJCIRLUMZQUOT-UHFFFAOYSA-N,913.555141588,6.180600000000006,1.005645,COC1CC2CCC(C)C(O)(O2)C(=O)C(=O)N2CCCCC2C(=O)OC(C(C)CC2CCC(O)C(OC)C2)CC(=O)C(C)C=C(C)C(O)C(OC)C(=O)C(C)CC(C)C=CC=CC=C1C,SIROLIMUS,Inactive,
56908856,CC(C)NCC(O)COc1cccc2ccccc12.Cl,ZMRUPTIKESYGQW-UHFFFAOYSA-N,295.13390662399996,2.999300000000001,1.005685,CC(C)NCC(O)COc1cccc2ccccc12.Cl,DEXPROPRANOLOL HYDROCHLORIDE [R(+)],Inactive,
11753932,COC(=O)c1ccc(O)cc1,LXCFILQKKLGQFO-UHFFFAOYSA-N,152.047344116,1.1788,1.005715,COC(=O)c1ccc(O)cc1,METHYL PARABEN,Inactive,
48658397,O=c1cc(-c2ccc(O)cc2)oc2ccc(O)cc12,FFULTBKXWHYHFQ-UHFFFAOYSA-N,254.0579088,2.871200000000001,1.005725,O=c1cc(-c2ccc(O)cc2)oc2ccc(O)cc12,"6,4'-DIHYDROXYFLAVONE",Inactive,
14063087,CN(C(=O)C(Cl)Cl)c1ccc(OC(=O)c2ccco2)cc1,BDYYDXJSHYEDGB-UHFFFAOYSA-N,327.006513192,3.2653000000000016,1.00583,CN(C(=O)C(Cl)Cl)c1ccc(OC(=O)c2ccco2)cc1,DILOXANIDE FUROATE,Inactive,
10458628,NCCCN.O=C(O)C(O)C(O)C(=O)O,LHAMHOYLSNNJQR-UHFFFAOYSA-N,224.100836232,-2.8286999999999973,1.00589,NCCCN.O=C(O)C(O)C(O)C(=O)O,CADAVERINE TARTRATE,Inactive,
84192884,CC(C)(C#N)c1cc(Cn2cncn2)cc(C(C)(C)C#N)c1,YBBLVLTVTVSKRW-UHFFFAOYSA-N,293.16404560800004,2.9287600000000014,1.0059,CC(C)(C#N)c1cc(Cn2cncn2)cc(C(C)(C)C#N)c1,ANASTROZOLE,Inactive,
64188042,Cc1cccc(Nc2ccccc2C(=O)O)c1C,HYYBABOKPJLUIN-UHFFFAOYSA-N,241.11027872,3.7452400000000017,1.006135,Cc1cccc(Nc2ccccc2C(=O)O)c1C,MEFENAMIC ACID,Inactive,
60517684,CCCCOC(=O)c1ccc(N)cc1,IUWVALYLNVXWKX-UHFFFAOYSA-N,193.11027872,2.2257,1.00648,CCCCOC(=O)c1ccc(N)cc1,BUTAMBEN,Inactive,
53192000,Br.CC(Cc1ccc(O)cc1)NCC(O)c1cc(O)cc(O)c1,SGZRQMALQBXAIQ-UHFFFAOYSA-N,383.07322028399994,2.6355000000000004,1.00655,Br.CC(Cc1ccc(O)cc1)NCC(O)c1cc(O)cc(O)c1,FENOTEROL HYDROBROMIDE,Inactive,
64915947,Cl.NC(CS)C(=O)O,IFQSXNOEEPCSLW-UHFFFAOYSA-N,156.996427176,-0.25010000000000004,1.00666,Cl.NC(CS)C(=O)O,CYSTEINE HYDROCHLORIDE,Inactive,
99275533,CCCCCCCCCCCCC(C(=O)O)C(C)C(=O)O,CADNMISJDLVPCK-UHFFFAOYSA-N,300.230059504,4.718900000000003,1.006735,CCCCCCCCCCCCC(C(=O)O)C(C)C(=O)O,ROCCELLIC ACID,Inactive,
68635540,CC1CCC2(C(=O)O)CCC3(C)C(=CCC4C5(C)CCC(O)C(C)(C)C5CCC43C)C2C1C,WCGUUGGRBIKTOS-UHFFFAOYSA-N,456.36034539599996,7.089500000000009,1.006825,CC1CCC2(C(=O)O)CCC3(C)C(=CCC4C5(C)CCC(O)C(C)(C)C5CCC43C)C2C1C,URSOLIC ACID,Inactive,
11150641,CC12CCC(CC1=O)C2(C)C,DSSYKIVIOFKYAU-UHFFFAOYSA-N,152.120115132,2.401700000000001,1.006835,CC12CCC(CC1=O)C2(C)C,CAMPHOR,Inactive,
94560541,Cc1c(C(N)=O)cc([N+](=O)[O-])cc1[N+](=O)[O-],ZEFNOZRLAWVAQF-UHFFFAOYSA-N,225.038570324,0.91032,1.006885,Cc1c(C(N)=O)cc([N+](=O)[O-])cc1[N+](=O)[O-],DINITOLMIDE,Inactive,
48272126,CC(C(=O)O)c1cccc(C(=O)c2ccccc2)c1,DKYWVDODHFEZIM-UHFFFAOYSA-N,254.094294308,3.1057000000000015,1.007,CC(C(=O)O)c1cccc(C(=O)c2ccccc2)c1,KETOPROFEN,Inactive,
39845412,Cl.Nc1ccc(N=Nc2ccccc2)c(N)n1,QQBPIHBUCMDKFG-UHFFFAOYSA-N,249.07812306399998,3.0832000000000015,1.00749,Cl.Nc1ccc(N=Nc2ccccc2)c(N)n1,PHENAZOPYRIDINE HYDROCHLORIDE,Inactive,
37072836,COP(=O)(OC)OC=C(Cl)Cl,OEBRKCOSUFCWJD-UHFFFAOYSA-N,219.94590069400002,2.6804000000000006,1.00751,COP(=O)(OC)OC=C(Cl)Cl,DICHLORVOS,Inactive,
79391569,COC(=O)NC(=S)Nc1ccccc1NC(=S)NC(=O)OC,QGHREAKMXXNCOA-UHFFFAOYSA-N,342.045646928,1.7921999999999998,1.007535,COC(=O)NC(=S)Nc1ccccc1NC(=S)NC(=O)OC,THIOPHANATE METHYL,Inactive,
99131124,Cc1c(Cl)cccc1Nc1ncccc1C(=O)O,CLOMYZFHNHFSIQ-UHFFFAOYSA-N,262.050905272,3.485220000000001,1.00755,Cc1c(Cl)cccc1Nc1ncccc1C(=O)O,CLONIXIN,Inactive,
10737213,O=C1CCc2ccc(OCCCCN3CCN(c4cccc(Cl)c4Cl)CC3)cc2N1,CEUORZQYGODEFX-UHFFFAOYSA-N,447.14803246400004,4.859300000000005,1.007565,O=C1CCc2ccc(OCCCCN3CCN(c4cccc(Cl)c4Cl)CC3)cc2N1,ARIPIPRAZOLE,Inactive,
11576116,Cc1c(OCC(F)(F)F)ccnc1CS(=O)c1nc2ccccc2[nH]1,MJIHNNLFOKEZEW-UHFFFAOYSA-N,369.07588234800005,3.515220000000001,1.00764,Cc1c(OCC(F)(F)F)ccnc1CS(=O)c1nc2ccccc2[nH]1,DEXLANSOPRAZOLE,Inactive,
10668604,Cc1ccccc1C(OCCN(C)C)c1ccccc1.O=C(O)CC(O)(CC(=O)O)C(=O)O,MMMNTDFSPSQXJP-UHFFFAOYSA-N,461.20496695199984,2.4141199999999996,1.007645,Cc1ccccc1C(OCCN(C)C)c1ccccc1.O=C(O)CC(O)(CC(=O)O)C(=O)O,ORPHENADRINE CITRATE,Inactive,
99239134,CC(C)=CCCC1(C)C=Cc2c(O)c3c(c(CC=C(C)C)c2O1)OC12C(=CC4CC1C(C)(C)OC2(CC=C(C)C(=O)O)C4=O)C3=O,GEZHEQNLKAOMCA-UHFFFAOYSA-N,628.303618368,7.239300000000007,1.007695,CC(C)=CCCC1(C)C=Cc2c(O)c3c(c(CC=C(C)C)c2O1)OC12C(=CC4CC1C(C)(C)OC2(CC=C(C)C(=O)O)C4=O)C3=O,GAMBOGIC ACID,Inactive,
11344450,O=c1ccn(C2OC(CO)C(O)C2O)c(=O)[nH]1,DRTQHJPVMGBUCF-UHFFFAOYSA-N,244.069536104,-2.8519,1.0077,O=c1ccn(C2OC(CO)C(O)C2O)c(=O)[nH]1,URIDINE,Inactive,
83611998,CC(=O)OCC(=O)C1(O)CCC2C3CCC4=CC(=O)CCC4(C)C3C(O)CC21C,ALEXXDVDDISNDU-UHFFFAOYSA-N,404.219888744,2.3524000000000003,1.007815,CC(=O)OCC(=O)C1(O)CCC2C3CCC4=CC(=O)CCC4(C)C3C(O)CC21C,HYDROCORTISONE ACETATE,Inactive,
60648961,O=C(CCNNC(=O)c1ccncc1)NCc1ccccc1,NOIIUHRQUVNIDD-UHFFFAOYSA-N,298.142975816,1.0224999999999989,1.00784,O=C(CCNNC(=O)c1ccncc1)NCc1ccccc1,NIALAMIDE,Inactive,
17774388,O=C(O)CCCc1ccc(N(CCCl)CCCl)cc1,JCKYGMPEJWAADB-UHFFFAOYSA-N,303.07928420800005,3.377900000000002,1.007935,O=C(O)CCCc1ccc(N(CCCl)CCCl)cc1,CHLORAMBUCIL,Inactive,
10575966,NCCc1c[nH]c2ccccc12,APJYDQYYACXCRM-UHFFFAOYSA-N,160.100048384,1.6691,1.008055,NCCc1c[nH]c2ccccc12,TRYPTAMINE,Inactive,
10998864,NC1C(OC2C(C(=O)[O-])OC(COC3C(CO)OC(O)C(O)C3O)C(OS(=O)(=O)[O-])C2O)OC(COS(=O)(=O)[O-])C(O)C1O,LTGAJWFGUOGWMM-UHFFFAOYSA-K,688.07173433973,-9.837500000000011,1.0081,NC1C(OC2C(C(=O)[O-])OC(COC3C(CO)OC(O)C(O)C3O)C(OS(=O)(=O)[O-])C2O)OC(COS(=O)(=O)[O-])C(O)C1O,HEPARIN SODIUM,Inactive,
35947982,Cc1cn[nH]c1.Cl,PUCXJHNDMYZOHG-UHFFFAOYSA-N,118.02977590399999,1.1399199999999998,1.00834,Cc1cn[nH]c1.Cl,FOMEPIZOLE HYDROCHLORIDE,Inactive,
82748312,COc1cc2c(c(OC)c1OC)-c1ccc(OC)c(=O)cc1C(NC(C)=O)CC2,IAKHMKGGTNLKSZ-UHFFFAOYSA-N,399.16818752,2.871600000000001,1.008575,COc1cc2c(c(OC)c1OC)-c1ccc(OC)c(=O)cc1C(NC(C)=O)CC2,COLCHICINE,Inactive,
83331957,O=C(Nc1ccc(C(=O)O)c(O)c1)c1ccccc1,GNZCRYWFWKFIDM-UHFFFAOYSA-N,257.068807832,2.3427,1.00892,O=C(Nc1ccc(C(=O)O)c(O)c1)c1ccccc1,BENZOYLPAS,Inactive,
11085112,CC(=O)OC1CCC2(C)C(CCC3C2CCC2(C)C(C4=CC(=O)OC4)C(OC(C)=O)CC32O)C1,ANNNOIZFDGPVNC-UHFFFAOYSA-N,474.26175355599986,3.716700000000003,1.00904,CC(=O)OC1CCC2(C)C(CCC3C2CCC2(C)C(C4=CC(=O)OC4)C(OC(C)=O)CC32O)C1,GITOXIGENIN DIACETATE,Inactive,
65901274,NS(=O)(=O)c1cc2c(cc1Cl)N=CNS2(=O)=O,JBMKAUGHUNFTOL-UHFFFAOYSA-N,294.9488253519999,-0.0608999999999999,1.009085,NS(=O)(=O)c1cc2c(cc1Cl)N=CNS2(=O)=O,CHLOROTHIAZIDE,Inactive,
67551391,O=C(NC1CCCCC1)NC1CCCCC1,ADFXKUOMJKEIND-UHFFFAOYSA-N,224.188863388,2.9510000000000014,1.00914,O=C(NC1CCCCC1)NC1CCCCC1,DICYCLOHEXYLUREA,Inactive,
68898685,CN(C)C(=O)C(CCN1CCC(O)(c2ccc(Cl)cc2)CC1)(c1ccccc1)c1ccccc1.Cl,PGYPOBZJRVSMDS-UHFFFAOYSA-N,512.199733688,5.5098000000000065,1.00925,CN(C)C(=O)C(CCN1CCC(O)(c2ccc(Cl)cc2)CC1)(c1ccccc1)c1ccccc1.Cl,LOPERAMIDE HYDROCHLORIDE,Inactive,
21560333,O=C(O)c1cccc(O)c1O,GLDQAMYCGOIJDV-UHFFFAOYSA-N,154.026608672,0.7959999999999998,1.00937,O=C(O)c1cccc(O)c1O,PYROCATECHUIC ACID,Inactive,
64658459,NCC(=O)NCC(=O)O,YMAWOPBAYDPSLA-UHFFFAOYSA-N,132.053492116,-1.8540999999999999,1.009445,NCC(=O)NCC(=O)O,GLYCYLGLYCINE,Inactive,
43613386,CC(=O)CC1CCCCN1.Cl,FMOKUKPRJSMPOI-UHFFFAOYSA-N,177.092041812,1.5293999999999999,1.00966,CC(=O)CC1CCCCN1.Cl,PELLETIERINE HYDROCHLORIDE,Inactive,
87947013,Nc1ccc(C(=O)[O-])cc1.[K+],MZKKJVZIFIQOPP-UHFFFAOYSA-M,175.003560112,-3.3636999999999997,1.009945,Nc1ccc(C(=O)[O-])cc1.[K+],POTASSIUM p-AMINOBENZOATE,Inactive,
14945191,CCN(CC)CCOC(=O)C(O)(c1ccccc1)c1ccccc1.Cl,ZCEHOOLYWQBGQO-UHFFFAOYSA-N,363.160121372,3.2293000000000025,1.0101,CCN(CC)CCOC(=O)C(O)(c1ccccc1)c1ccccc1.Cl,BENACTYZINE HYDROCHLORIDE,Inactive,
10187710,C1N2CN3CN1CN(C2)C3,VKYKSIONXSXAKP-UHFFFAOYSA-N,140.106196384,-1.0197999999999992,1.010235,C1N2CN3CN1CN(C2)C3,METHENAMINE,Inactive,
43939942,[O-][n+]1cccc(CO)c1,LQYJAVWWKTWWKN-UHFFFAOYSA-N,125.047678464,-0.1876999999999998,1.010235,[O-][n+]1cccc(CO)c1,MEPIROXOL,Inactive,
54566286,CC[N+](CC)(CC(=O)Nc1c(C)cccc1C)Cc1ccccc1.O=C([O-])c1ccccc1,VWTINHYPRWEBQY-UHFFFAOYSA-N,446.25694294799996,4.348840000000004,1.01026,CC[N+](CC)(CC(=O)Nc1c(C)cccc1C)Cc1ccccc1.O=C([O-])c1ccccc1,DENATONIUM BENZOATE,Inactive,
27409254,CC(=O)OC1C(=O)C2(C)C(O)CC3OCC3(OC(C)=O)C2C(OC(=O)c2ccccc2)C2(O)CC(O)C(C)=C1C2(C)C,OVMSOCFBDVBLFW-UHFFFAOYSA-N,586.2414120359999,1.6525999999999994,1.01032,CC(=O)OC1C(=O)C2(C)C(O)CC3OCC3(OC(C)=O)C2C(OC(=O)c2ccccc2)C2(O)CC(O)C(C)=C1C2(C)C,BACCATIN III,Inactive,
10137384,CC12C=CC(=O)C=C1CCC1C2CCC2(C)C(=O)CCC12,LUJVUUWNAPIQQI-UHFFFAOYSA-N,284.177630008,3.863400000000003,1.010385,CC12C=CC(=O)C=C1CCC1C2CCC2(C)C(=O)CCC12,"ANDROSTA-1,4-DIEN-3,17-DIONE",Inactive,
43029004,CCCNC(=O)NS(=O)(=O)c1ccc(Cl)cc1,RKWGIWYCVPQPMF-UHFFFAOYSA-N,276.033540956,1.7379,1.010525,CCCNC(=O)NS(=O)(=O)c1ccc(Cl)cc1,CHLORPROPAMIDE,Inactive,
10172063,Nc1nc(=O)c2c([nH]1)NCC(CNc1ccc(C(=O)NC(CCC(=O)O)C(=O)O)cc1)=N2,OZRNSSUDZOLUSN-UHFFFAOYSA-N,443.15533139199994,0.010000000000000397,1.01086,Nc1nc(=O)c2c([nH]1)NCC(CNc1ccc(C(=O)NC(CCC(=O)O)C(=O)O)cc1)=N2,DIHYDROFOLIC ACID,Inactive,
95529717,O=C1CCC(C(=O)N2CSCC2C(=O)O)N1,UUTKICFRNVKFRG-UHFFFAOYSA-N,244.051777864,-0.7488999999999997,1.01096,O=C1CCC(C(=O)N2CSCC2C(=O)O)N1,PIDOTIMOD,Inactive,
86812665,COc1c2c(cc3c1OCO3)CC[N+](C)=C2.[Cl-],BWQAGVANIBSWBW-UHFFFAOYSA-M,255.066220988,-1.9547999999999972,1.01105,COc1c2c(cc3c1OCO3)CC[N+](C)=C2.[Cl-],COTARNINE CHLORIDE,Inactive,
10557143,Cl.NNCc1ccccc1,PRBLRLQZOKOQCQ-UHFFFAOYSA-N,158.061076032,1.0717,1.01132,Cl.NNCc1ccccc1,BENZYLHYDRAZINE HYDROCHLORIDE,Inactive,
14146216,C=CCSSCC=C,PFRGXCVKLLPLIP-UHFFFAOYSA-N,146.02239232,2.7398000000000016,1.0115,C=CCSSCC=C,GARLICIN,Inactive,
88977285,O=C(OC1CN2CCC1CC2)c1ccccc1,AHKAOMZZTQULDS-UHFFFAOYSA-N,231.125928784,1.9376000000000004,1.011515,O=C(OC1CN2CCC1CC2)c1ccccc1,BENZOCLIDINE,Inactive,
74017243,Cn1c(=O)c2[nH]cnc2n(C)c1=O.NCCN,LHRHXWBJUQKYEL-UHFFFAOYSA-N,240.133473752,-2.1358999999999986,1.01153,Cn1c(=O)c2[nH]cnc2n(C)c1=O.NCCN,AMINOPHYLLINE,Inactive,
53558607,C=CC1=C(C(=O)O)N2C(=O)C(NC(=O)C(=NOCC(=O)O)c3csc(N)n3)C2SC1,OKBVVJOGVLARMR-UHFFFAOYSA-N,453.04128982000003,-0.5447999999999991,1.0116,C=CC1=C(C(=O)O)N2C(=O)C(NC(=O)C(=NOCC(=O)O)c3csc(N)n3)C2SC1,CEFIXIME,Inactive,
99244534,Cn1cnc2c1c(=O)[nH]c(=O)n2C,YAPQBXQYLJRXSA-UHFFFAOYSA-N,180.064725496,-1.0397,1.0116,Cn1cnc2c1c(=O)[nH]c(=O)n2C,THEOBROMINE,Inactive,
16522743,COCCOC(=O)C1=C(C)NC(C)=C(C(=O)OCC=Cc2ccccc2)C1c1cccc([N+](=O)[O-])c1,KJEBULYHNRNJTE-UHFFFAOYSA-N,492.189651236,4.275800000000004,1.01175,COCCOC(=O)C1=C(C)NC(C)=C(C(=O)OCC=Cc2ccccc2)C1c1cccc([N+](=O)[O-])c1,CILNIDIPINE,Inactive,
77213960,OCc1ccccn1,SHNUBALDGXWUJI-UHFFFAOYSA-N,109.052763844,0.5739,1.0118,OCc1ccccn1,PICONOL,Inactive,
51779780,O=C(O)c1cc(=O)[nH]c(=O)[nH]1,PXQPEWDEAKTCGB-UHFFFAOYSA-N,156.017106608,-1.2386000000000001,1.01182,O=C(O)c1cc(=O)[nH]c(=O)[nH]1,OROTIC ACID,Inactive,
24503893,Cc1c(N(C)CS(=O)(=O)[O-])c(=O)n(-c2ccccc2)n1C.[Na+],DJGAAPFSPWAYTJ-UHFFFAOYSA-M,333.0759212720001,-2.5726799999999965,1.01191,Cc1c(N(C)CS(=O)(=O)[O-])c(=O)n(-c2ccccc2)n1C.[Na+],DIPYRONE,Inactive,
42223229,O=C(O)c1cc(O)c2c(c1)C(C1c3cc(C(=O)O)cc(O)c3C(=O)c3c(OC4OC(CO)C(O)C(O)C4O)cccc31)c1cccc(OC3OC(CO)C(O)C(O)C3O)c1C2=O,IPQVTOJGNYVQEO-UHFFFAOYSA-N,862.1956436160001,-1.0956000000000004,1.011915,O=C(O)c1cc(O)c2c(c1)C(C1c3cc(C(=O)O)cc(O)c3C(=O)c3c(OC4OC(CO)C(O)C(O)C4O)cccc31)c1cccc(OC3OC(CO)C(O)C(O)C3O)c1C2=O,SENNOSIDE A,Inactive,
44569668,CC(=O)OCC(COC(C)=O)OC(C)=O,URAYPUMNDPQOKB-UHFFFAOYSA-N,218.079038168,0.044299999999999784,1.01194,CC(=O)OCC(COC(C)=O)OC(C)=O,TRIACETIN,Inactive,
22776105,OCC(O)CO,PEDCQBHIVMGVHV-UHFFFAOYSA-N,92.047344116,-1.6681000000000001,1.012,OCC(O)CO,GLYCERIN,Inactive,
94041660,Cl.NNc1nncc2ccccc12,ZUXNZUWOTSUBMN-UHFFFAOYSA-N,196.05157396799999,1.3372,1.012275,Cl.NNc1nncc2ccccc12,HYDRALAZINE HYDROCHLORIDE,Inactive,
95144456,CCN(CC)CCNC(=O)c1ccc(N)cc1.Cl,ABTXGJFUQRCPNH-UHFFFAOYSA-N,271.145140004,1.7621999999999995,1.01248,CCN(CC)CCNC(=O)c1ccc(N)cc1.Cl,PROCAINAMIDE HYDROCHLORIDE,Inactive,
44941632,COc1ccc(C(=O)c2ccc(C)cc2)c(O)c1,MJVGBKJNTFCUJM-UHFFFAOYSA-N,242.094294308,2.940220000000001,1.012485,COc1ccc(C(=O)c2ccc(C)cc2)c(O)c1,MEXENEONE,Inactive,
52458925,COc1ccc(-c2cc(=O)c3c(O)cc(O)c(-c4cc(-c5cc(=O)c6c(O)cc(O)cc6o5)ccc4OC)c3o2)cc1,HUOOMAOYXQFIDQ-UHFFFAOYSA-N,566.1212969039999,5.740000000000006,1.01255,COc1ccc(-c2cc(=O)c3c(O)cc(O)c(-c4cc(-c5cc(=O)c6c(O)cc(O)cc6o5)ccc4OC)c3o2)cc1,ISOGINKGETIN,Inactive,
31943209,CN1CCc2nc(C(=O)NC3CC(C(=O)N(C)C)CCC3NC(=O)C(=O)Nc3ccc(Cl)cn3)sc2C1.Cc1ccc(S(=O)(=O)O)cc1.O,PSMMNJNZVZZNOI-UHFFFAOYSA-N,737.2068309200001,1.7066200000000027,1.012635,CN1CCc2nc(C(=O)NC3CC(C(=O)N(C)C)CCC3NC(=O)C(=O)Nc3ccc(Cl)cn3)sc2C1.Cc1ccc(S(=O)(=O)O)cc1.O,EDOXABAN TOSYLATE HYDRATE,Inactive,
74100267,CC(=O)OCC(=O)C1CCC2C3CCC4=CC(=O)CCC4(C)C3CCC12C,VPGRYOFKCNULNK-UHFFFAOYSA-N,372.230059504,4.266700000000004,1.012685,CC(=O)OCC(=O)C1CCC2C3CCC4=CC(=O)CCC4(C)C3CCC12C,DESOXYCORTICOSTERONE ACETATE,Inactive,
84366708,CC1=C2C(O)C(=O)OC3CC4C(C)(C)C(=O)C=CC4(C)C(CC1)C23C,XQOSNJUURCKQGN-UHFFFAOYSA-N,344.198759376,3.1968000000000023,1.0127,CC1=C2C(O)C(=O)OC3CC4C(C)(C)C(=O)C=CC4(C)C(CC1)C23C,MEROGEDUNIN,Inactive,
80382547,NS(=O)(=O)c1cc2c(cc1Cl)NC(C(Cl)Cl)NS2(=O)=O,LMJSLTNSBFUCMU-UHFFFAOYSA-N,378.902180776,0.8210000000000004,1.012765,NS(=O)(=O)c1cc2c(cc1Cl)NC(C(Cl)Cl)NS2(=O)=O,TRICHLORMETHIAZIDE,Inactive,
96750330,CC(=O)Nc1ccc(S(=O)(=O)Nc2ccc([N+](=O)[O-])cc2)cc1,GWBPFRGXNGPPMF-UHFFFAOYSA-N,335.057591516,2.354,1.012765,CC(=O)Nc1ccc(S(=O)(=O)Nc2ccc([N+](=O)[O-])cc2)cc1,SULFANITRAN,Inactive,
16936034,CC(C)NNC(=O)c1ccncc1.O=P(O)(O)O,YPDVTKJXVHYWFY-UHFFFAOYSA-N,277.08275724199996,-0.20420000000000055,1.012775,CC(C)NNC(=O)c1ccncc1.O=P(O)(O)O,IPRONIAZID PHOSPHATE,Inactive,
24920067,CCC12C=CCN3CCC4(c5ccc(OC)cc5N(C)C4C(O)(C(=O)OC)C1OC(C)=O)C32,CXBGOBGJHGGWIE-UHFFFAOYSA-N,456.2260367439998,1.6412999999999998,1.01282,CCC12C=CCN3CCC4(c5ccc(OC)cc5N(C)C4C(O)(C(=O)OC)C1OC(C)=O)C32,VINDOLINE,Inactive,
46068063,CC1(C)CCC2=C(O1)C(=O)c1ccccc1C2=O,PJWHOPKRRBUSDH-UHFFFAOYSA-N,242.094294308,2.9087000000000014,1.01302,CC1(C)CCC2=C(O1)C(=O)c1ccccc1C2=O,alpha-LAPACHONE,Inactive,
75579409,CC1=NN(c2ccc(C)c(C)c2)C(=O)C1=NNc1cccc(-c2cccc(C(=O)O)c2)c1O,XDXWLKQMMKQXPV-UHFFFAOYSA-N,442.16410518399994,4.564840000000005,1.013055,CC1=NN(c2ccc(C)c(C)c2)C(=O)C1=NNc1cccc(-c2cccc(C(=O)O)c2)c1O,ELTROMBOPAG,Inactive,
30633525,C#CCN(C)C(C)Cc1ccccc1.Cl,IYETZZCWLLUHIJ-UHFFFAOYSA-N,223.112777256,2.6044000000000014,1.01312,C#CCN(C)C(C)Cc1ccccc1.Cl,SELEGILINE HYDROCHLORIDE,Inactive,
87452685,COc1cccc(OC)c1C(=O)NC1C(=O)N2C1SC(C)(C)C2C(=O)[O-].[Na+],MGFZNWDWOKASQZ-UHFFFAOYSA-M,402.08615160799997,-3.381599999999997,1.01322,COc1cccc(OC)c1C(=O)NC1C(=O)N2C1SC(C)(C)C2C(=O)[O-].[Na+],METHICILLIN SODIUM,Inactive,
17269185,O=[N+]([O-])OC1COC2C(O[N+](=O)[O-])COC12,MOYKHGMNXAOIAT-UHFFFAOYSA-N,236.02806521600002,-1.0621999999999998,1.01323,O=[N+]([O-])OC1COC2C(O[N+](=O)[O-])COC12,ISOSORBIDE DINITRATE,Inactive,
72087524,CN1CCc2cc3c(cc2C1O)OCO3.Cl,DLNQCQJCIITVHC-UHFFFAOYSA-N,243.066220988,1.3159,1.013545,CN1CCc2cc3c(cc2C1O)OCO3.Cl,HYDRASTININE HYDROCHLORIDE,Inactive,
95616282,CC(C)=CCc1c2c(c3occ(-c4ccc(O)c(O)c4)c(=O)c3c1O)C=CC(C)(C)O2,GHCZYXUOYFOXIP-UHFFFAOYSA-N,420.1572884879999,5.2697000000000065,1.01386,CC(C)=CCc1c2c(c3occ(-c4ccc(O)c(O)c4)c(=O)c3c1O)C=CC(C)(C)O2,POMIFERIN,Inactive,
41123536,CC1OC(OC2C(CO)OC(OC3C(CO)OC(O)C(O)C3O)C(O)C2O)C(O)C(O)C1NC1C=C(CO)C(O)C(O)C1O,XUFXOAAUWZOOIT-UHFFFAOYSA-N,645.2480135359999,-8.564500000000002,1.0139,CC1OC(OC2C(CO)OC(OC3C(CO)OC(O)C(O)C3O)C(O)C2O)C(O)C(O)C1NC1C=C(CO)C(O)C(O)C1O,ACARBOSE,Inactive,
92858096,CCCCc1nc(Cl)c(CO)n1Cc1ccc(-c2ccccc2-c2nnn[nH]2)cc1,PSIFNNKUMBGKDQ-UHFFFAOYSA-N,422.16218703600015,4.2668000000000035,1.01395,CCCCc1nc(Cl)c(CO)n1Cc1ccc(-c2ccccc2-c2nnn[nH]2)cc1,LOSARTAN,Inactive,
57688799,CC12CCC3c4ccc(O)cc4CCC3C1CCC2O,VOXZDWNPVJITMN-UHFFFAOYSA-N,272.177630008,3.6092000000000026,1.014045,CC12CCC3c4ccc(O)cc4CCC3C1CCC2O,ESTRADIOL,Inactive,
10173519,CCOC(=O)c1c(C)c(Cl)c(O)c(Cl)c1O,DCMROEHBFQFVFM-UHFFFAOYSA-N,263.99561416,2.8897200000000014,1.014255,CCOC(=O)c1c(C)c(Cl)c(O)c(Cl)c1O,ETHYL DICHLOROORSELLINATE,Inactive,
45777879,OC1OC(c2ccc(Cl)c(Cc3ccc(OC4CCOC4)cc3)c2)C(O)C(O)C1O,RFFRRUJEBGIBHM-UHFFFAOYSA-N,436.12888081999995,1.570899999999999,1.0144,OC1OC(c2ccc(Cl)c(Cc3ccc(OC4CCOC4)cc3)c2)C(O)C(O)C1O,EMPAGLIFLOZIN,Inactive,
96487619,COC(=O)C1=COC(C)C2CN3CCC4(C(=O)Nc5ccccc54)C3CC12,JMIAZDVHNCCPDM-UHFFFAOYSA-N,368.173607248,2.062499999999999,1.0145,COC(=O)C1=COC(C)C2CN3CCC4(C(=O)Nc5ccccc54)C3CC12,MITRAPHYLLINE,Inactive,
48980730,O.OCC1OC(OC2C(CO)OC(O)C(O)C2O)C(O)C(O)C1O,WSVLPVUVIUVCRA-UHFFFAOYSA-N,360.12677620799997,-6.221899999999992,1.014535,O.OCC1OC(OC2C(CO)OC(O)C(O)C2O)C(O)C(O)C1O,LACTOSE MONOHYDRATE,Inactive,
35998097,CC12CCC(=O)C=C1CCC1C2CCC2(C)C(O)CCC12,MUMGGOZAMZWBJJ-UHFFFAOYSA-N,288.208930136,3.8792000000000026,1.01455,CC12CCC(=O)C=C1CCC1C2CCC2(C)C(O)CCC12,TESTOSTERONE,Inactive,
68659112,Nc1ccc(O)c(C(=O)O)c1,KBOPZPXVLCULAV-UHFFFAOYSA-N,153.042593084,0.6726000000000001,1.014635,Nc1ccc(O)c(C(=O)O)c1,MESALAMINE,Inactive,
22111885,CC(=O)NCC(=O)O.CC(=O)NCC(=O)O.N=C(N)c1ccc(N=NNc2ccc(C(=N)N)cc2)cc1,OKQSSSVVBOUMNZ-UHFFFAOYSA-N,515.2240796480002,0.7797400000000032,1.0147,CC(=O)NCC(=O)O.CC(=O)NCC(=O)O.N=C(N)c1ccc(N=NNc2ccc(C(=N)N)cc2)cc1,DIMINAZENE ACETURATE,Inactive,
46818073,CCCCCCCCCCCCCCCCCCOCC(O)CO,OGBUMNBNEWYMNJ-UHFFFAOYSA-N,344.32904526799996,5.617700000000006,1.01489,CCCCCCCCCCCCCCCCCCOCC(O)CO,BATYL ALCOHOL,Inactive,
44141002,CC1OC(OC2CC(O)C3(CO)C4C(O)CC5(C)C(C6=CC(=O)OC6)CCC5(O)C4CCC3(O)C2)C(O)C(O)C1O.O.O.O.O.O.O.O.O,TYBARJRCFHUHSN-UHFFFAOYSA-N,728.3677943200001,-8.112599999999986,1.01494,CC1OC(OC2CC(O)C3(CO)C4C(O)CC5(C)C(C6=CC(=O)OC6)CCC5(O)C4CCC3(O)C2)C(O)C(O)C1O.O.O.O.O.O.O.O.O,OUABAIN OCTAHYDRATE,Inactive,
76625652,O=C(O)CCC(=O)O.O=C(OC1CN2CCC1CC2)N1CCc2ccccc2C1c1ccccc1,RXZMMZZRUPYENV-UHFFFAOYSA-N,480.226036744,3.8007000000000017,1.01505,O=C(O)CCC(=O)O.O=C(OC1CN2CCC1CC2)N1CCc2ccccc2C1c1ccccc1,SOLIFENACIN SUCCINATE,Inactive,
94835746,O=CC(O)C(O)C(O)CO,PYMYPHUHKUWMLA-UHFFFAOYSA-N,150.05282342,-2.7397000000000005,1.01515,O=CC(O)C(O)C(O)CO,XYLOSE,Inactive,
10307694,CN1CCC(OC(c2ccccc2)c2ccccc2)CC1.Cl,LPRLDRXGWKXRMQ-UHFFFAOYSA-N,317.154642068,4.308600000000005,1.01517,CN1CCC(OC(c2ccccc2)c2ccccc2)CC1.Cl,DIPHENYLPYRALINE HYDROCHLORIDE,Inactive,
47661850,Cc1cc(=O)n(-c2ccccc2)n1C,VEQOALNAAJBPNY-UHFFFAOYSA-N,188.094963004,1.4844199999999999,1.01528,Cc1cc(=O)n(-c2ccccc2)n1C,ANTIPYRINE,Inactive,
57801923,C=C(C)C1Cc2c(ccc3c2OC2COc4cc(OC)c(OC)cc4C2C3=O)O1,JUVIOZPCNVVQFO-UHFFFAOYSA-N,394.1416384239999,3.7033000000000023,1.01535,C=C(C)C1Cc2c(ccc3c2OC2COc4cc(OC)c(OC)cc4C2C3=O)O1,ROTENONE,Inactive,
70052720,Cc1cc(C(C)(C)C)c(O)c(C(C)(C)C)c1,NLZUEZXRPGMBCV-UHFFFAOYSA-N,220.182715388,4.295620000000004,1.01535,Cc1cc(C(C)(C)C)c(O)c(C(C)(C)C)c1,BUTYLATED HYDROXYTOLUENE,Inactive,
38332851,NC(CSSCC(N)C(=O)O)C(=O)O,LEVWYRKDKASIDU-UHFFFAOYSA-N,240.023848864,-0.8083999999999993,1.01535,NC(CSSCC(N)C(=O)O)C(=O)O,CYSTINE,Inactive,
52873876,Cn1c(=O)c2[nH]c(Br)nc2n(C)c1=O,SKTFQHRVFFOHTQ-UHFFFAOYSA-N,257.975237564,-0.2772000000000001,1.015415,Cn1c(=O)c2[nH]c(Br)nc2n(C)c1=O,PAMABROM,Inactive,
67955278,CC(CCc1ccccc1)NC(C)C(O)c1ccc(O)cc1.Cl,CLJHABUMMDMAFA-UHFFFAOYSA-N,335.165206752,3.846800000000003,1.0155,CC(CCc1ccccc1)NC(C)C(O)c1ccc(O)cc1.Cl,NYLIDRIN HYDROCHLORIDE,Inactive,
30045747,C=CC1CN2CCC1CC2C(O)c1ccnc2ccc(OC)cc12,LOUPRKONTZGTKE-UHFFFAOYSA-N,324.183778008,3.1732000000000014,1.01565,C=CC1CN2CCC1CC2C(O)c1ccnc2ccc(OC)cc12,QUININE,Inactive,
15308482,OCC(Br)(Br)Br,YFDSDPIBEUFTMI-UHFFFAOYSA-N,279.77340101600004,1.8172000000000001,1.015725,OCC(Br)(Br)Br,TRIBROMOETHANOL,Inactive,
11128685,O=C(O)CCCCCCC(=O)O,TYFQFVWCELRYAO-UHFFFAOYSA-N,174.089208928,1.4962000000000002,1.01575,O=C(O)CCCCCCC(=O)O,SUBERIC ACID,Inactive,
11066313,CCCCCCCCCc1ccc(O)cc1,IGFHQQFPSIBGKE-UHFFFAOYSA-N,220.182715388,4.685300000000005,1.01605,CCCCCCCCCc1ccc(O)cc1,4-NONYLPHENOL,Inactive,
76180731,COc1cc(O)c2c(=O)c(O)c(-c3ccccc3)oc2c1,PVJNLMXWZXXHSZ-UHFFFAOYSA-N,284.06847348400004,2.8798000000000012,1.016075,COc1cc(O)c2c(=O)c(O)c(-c3ccccc3)oc2c1,IZALPININ,Inactive,
22604832,S=C=Nc1ccc(N=C=S)cc1,OMWQUXGVXQELIX-UHFFFAOYSA-N,191.981590128,3.1552000000000007,1.01615,S=C=Nc1ccc(N=C=S)cc1,BITOSCANATE,Inactive,
85367704,COc1cccc2c1C(=O)c1c(O)c3c(c(O)c1C2=O)CC(O)(C(=O)CO)CC3OC1CC(N)C(O)C(C)O1,AOJJSUZBOXZQNB-UHFFFAOYSA-N,543.1740607479999,0.0012999999999993017,1.016225,COc1cccc2c1C(=O)c1c(O)c3c(c(O)c1C2=O)CC(O)(C(=O)CO)CC3OC1CC(N)C(O)C(C)O1,DOXORUBICIN,Inactive,
21630791,CCc1cn(C2OCC(O)C2CO)c(=O)nc1O,QFVJRGJHSZSRJI-UHFFFAOYSA-N,256.10592161200003,-0.9905000000000002,1.01627,CCc1cn(C2OCC(O)C2CO)c(=O)nc1O,EDOXUDINE,Inactive,
34284648,CC(C)CCCC(C)C1CCC2C3CC=C4CC(O)CCC4(C)C3CCC12C,HVYWMOMLDIMFJA-UHFFFAOYSA-N,386.354866092,7.388700000000009,1.0164,CC(C)CCCC(C)C1CCC2C3CC=C4CC(O)CCC4(C)C3CCC12C,CHOLESTEROL,Inactive,
10364594,CC1(C)OC(=O)NC1=O,JYJFNDQBESEHJQ-UHFFFAOYSA-N,129.042593084,0.03139999999999993,1.01648,CC1(C)OC(=O)NC1=O,DIMETHADIONE,Inactive,
19666438,CC12CCC3C(CCC4CC(O)CCC43C)C1CCC2=O,QGXBDMJGAMFCBF-UHFFFAOYSA-N,290.2245802,3.959100000000003,1.0166,CC12CCC3C(CCC4CC(O)CCC43C)C1CCC2=O,ANDROSTERONE,Inactive,
71643669,CC[N+](C)(C)Cc1ccc(Br)cc1.Cc1ccc(S(=O)(=O)[O-])cc1,WGKKOBZFJDFUAX-UHFFFAOYSA-M,413.0660267279999,3.9445200000000034,1.01665,CC[N+](C)(C)Cc1ccc(Br)cc1.Cc1ccc(S(=O)(=O)[O-])cc1,BRETYLIUM TOSYLATE,Inactive,
70039863,NC(=O)Nc1ccc([As](=O)(O)O)cc1,WWXBHTZSYYGCSG-UHFFFAOYSA-N,259.977828268,-1.2617999999999998,1.0167,NC(=O)Nc1ccc([As](=O)(O)O)cc1,CARBARSONE,Inactive,
98622630,CCCC(NC(C)C(=O)N1C(C(=O)O)CC2CCCCC21)C(=O)O,ODAIHABQVKJNIY-UHFFFAOYSA-N,340.19982199599997,1.4621,1.01671,CCCC(NC(C)C(=O)N1C(C(=O)O)CC2CCCCC21)C(=O)O,PERINDOPRILAT,Inactive,
64998407,CN1CCN(CCCN2c3ccccc3Sc3ccc(C(F)(F)F)cc32)CC1.Cl.Cl,BXDAOUXDMHXPDI-UHFFFAOYSA-N,479.117658852,5.7892000000000055,1.01681,CN1CCN(CCCN2c3ccccc3Sc3ccc(C(F)(F)F)cc32)CC1.Cl.Cl,TRIFLUOPERAZINE HYDROCHLORIDE,Inactive,
80908055,COc1cccc2c1C(=O)c1c(O)c3c(c(O)c1C2=O)CC(O)(C(=O)CO)CC3OC1CC(N)C(O)C(C)O1.Cl,MWWSFMDVAYGXBV-UHFFFAOYSA-N,579.1507384599998,0.4230999999999994,1.016995,COc1cccc2c1C(=O)c1c(O)c3c(c(O)c1C2=O)CC(O)(C(=O)CO)CC3OC1CC(N)C(O)C(C)O1.Cl,EPIRUBICIN HYDROCHLORIDE,Inactive,
96375978,COc1cc(OC)c2c(=O)c(OC)c(-c3ccccc3)oc2c1,CBTHKWVPSIGKMI-UHFFFAOYSA-N,312.099773612,3.485800000000003,1.017,COc1cc(OC)c2c(=O)c(OC)c(-c3ccccc3)oc2c1,GALANGIN TRIMETHYL ETHER,Inactive,
74342730,CNC1CCC2Nc3ccc(C(N)=O)cc3C2C1.O=C(O)CCC(=O)O,OSYFSGKNLLQINY-UHFFFAOYSA-N,363.17942089999997,1.3708999999999998,1.017015,CNC1CCC2Nc3ccc(C(N)=O)cc3C2C1.O=C(O)CCC(=O)O,FROVATRIPTAN SUCCINATE,Inactive,
69552280,COc1ccc(-c2c(O)c3c(OC)c4c(cc3oc2=O)OC(C)(C)C=C4)cc1,MBZKDBQDALOSRP-UHFFFAOYSA-N,380.12598835999995,4.3670000000000035,1.01712,COc1ccc(-c2c(O)c3c(OC)c4c(cc3oc2=O)OC(C)(C)C=C4)cc1,ROBUSTIC ACID,Inactive,
38144144,COc1cc2ccc(=O)oc2c(OC)c1OC,RAYQKHLZHPFYEJ-UHFFFAOYSA-N,236.068473484,1.8188,1.01728,COc1cc2ccc(=O)oc2c(OC)c1OC,DIMETHYLFRAXETIN,Inactive,
68650762,CC(=O)OCC(=O)C1(O)CCC2C3CCC4=CC(=O)C=CC4(C)C3C(O)CC21C,LRJOMUJRLNCICJ-UHFFFAOYSA-N,402.20423868,2.1284,1.01765,CC(=O)OCC(=O)C1(O)CCC2C3CCC4=CC(=O)C=CC4(C)C3C(O)CC21C,PREDNISOLONE ACETATE,Inactive,
66377290,O=C(C=CC=Cc1ccc2c(c1)OCO2)N1CCCCC1,MXXWOMGUGJBKIW-UHFFFAOYSA-N,285.136493468,2.997200000000001,1.0177,O=C(C=CC=Cc1ccc2c(c1)OCO2)N1CCCCC1,PIPERINE,Inactive,
11536532,COc1cc(C2c3cc4c(cc3C(OC3OC5COC(C)OC5C(O)C3O)C3COC(=O)C23)OCO4)cc(OC)c1O,VJJPUSNTGOMMGY-UHFFFAOYSA-N,588.1842910839998,1.3385999999999993,1.0178,COc1cc(C2c3cc4c(cc3C(OC3OC5COC(C)OC5C(O)C3O)C3COC(=O)C23)OCO4)cc(OC)c1O,ETOPOSIDE,Inactive,
32116654,COC(=O)C1CC(OC(C)=O)C(=O)C2C1(C)CCC1C(=O)OC(c3ccoc3)CC12C,OBSYBRPAKCASQB-UHFFFAOYSA-N,432.17841785599995,3.0001000000000007,1.01785,COC(=O)C1CC(OC(C)=O)C(=O)C2C1(C)CCC1C(=O)OC(c3ccoc3)CC12C,SALVINORIN A,Inactive,
96861498,COc1ccc(-c2ccc3cc(C(=O)O)ccc3c2)cc1C12CC3CC(CC(C3)C1)C2,LZCDAPDGXCYOEH-UHFFFAOYSA-N,412.20384475599997,6.681400000000005,1.017885,COc1ccc(-c2ccc3cc(C(=O)O)ccc3c2)cc1C12CC3CC(CC(C3)C1)C2,ADAPALENE,Inactive,
87087246,Cc1cc(NS(=O)(=O)c2ccc(N)cc2)nc(C)n1,YZMCKZRAOLZXAZ-UHFFFAOYSA-N,278.083746688,1.47644,1.01789,Cc1cc(NS(=O)(=O)c2ccc(N)cc2)nc(C)n1,SULFISOMIDINE,Inactive,
29097682,Cc1c(NC(=O)c2cccnc2)c(=O)n(-c2ccccc2)n1C,BRZANEXCSZCZCI-UHFFFAOYSA-N,308.127325752,2.1317199999999996,1.018085,Cc1c(NC(=O)c2cccnc2)c(=O)n(-c2ccccc2)n1C,NIFENAZONE,Inactive,
47939843,COc1cccc2c1cc([N+](=O)[O-])c1c(C(=O)O)cc3c(c12)OCO3,BBFQZRXNYIEMAW-UHFFFAOYSA-N,341.053551692,3.336700000000002,1.0183,COc1cccc2c1cc([N+](=O)[O-])c1c(C(=O)O)cc3c(c12)OCO3,ARISTOLOCHIC ACID,Inactive,
28444942,N=C(N)NCCCCN.O=S(=O)(O)O,PTAYFGHRDOMJGC-UHFFFAOYSA-N,228.089225992,-1.4444299999999988,1.01835,N=C(N)NCCCCN.O=S(=O)(O)O,AGMATINE SULFATE,Inactive,
19954694,COc1cc2nc(N3CCN(C(=O)c4ccco4)CC3)nc(N)c2cc1OC.Cl,WFXFYZULCQKPIP-UHFFFAOYSA-N,419.136031864,2.2064,1.01848,COc1cc2nc(N3CCN(C(=O)c4ccco4)CC3)nc(N)c2cc1OC.Cl,PRAZOSIN HYDROCHLORIDE [10mg],Inactive,
74211684,CC(COc1ccccc1)N(CCCl)Cc1ccccc1.Cl,VBCPVIWPDJVHAN-UHFFFAOYSA-N,339.115669716,4.616700000000005,1.0185,CC(COc1ccccc1)N(CCCl)Cc1ccccc1.Cl,PHENOXYBENZAMINE HYDROCHLORIDE,Inactive,
98960802,CCCCC(CC)COC(=O)CC(C(=O)OCC(CC)CCCC)S(=O)(=O)[O-].[Na+],APSBXTVYXVQYAB-UHFFFAOYSA-M,444.215768804,0.8135000000000032,1.0186,CCCCC(CC)COC(=O)CC(C(=O)OCC(CC)CCCC)S(=O)(=O)[O-].[Na+],DOCUSATE SODIUM,Inactive,
90411042,COC(=O)CC1C(C)(C)C(=O)C2CC3=C(CCC4(C)C3=CC(=O)OC4c3ccoc3)C1(C)C2=O,XLRKFSDSKCYZBE-UHFFFAOYSA-N,466.19915329999986,4.284100000000004,1.0186,COC(=O)CC1C(C)(C)C(=O)C2CC3=C(CCC4(C)C3=CC(=O)OC4c3ccoc3)C1(C)C2=O,CARAPIN-8(9)-ENE,Inactive,
87598397,COc1c2ccoc2nc2c(OC)c(OCC(O)C(C)(C)O)ccc12,FGANMDNHTVJAHL-UHFFFAOYSA-N,347.136887392,2.5088,1.018745,COc1c2ccoc2nc2c(OC)c(OCC(O)C(C)(C)O)ccc12,EVOXINE,Inactive,
57139006,CC(=O)OC1CCC2(C)C(CC(OC(C)=O)C3(C)C4=CC(=O)OC(c5ccoc5)C4(C)CCC23)C1(C)C,HNFPPWVGLWDXQQ-UHFFFAOYSA-N,512.27740362,5.936100000000007,1.019,CC(=O)OC1CCC2(C)C(CC(OC(C)=O)C3(C)C4=CC(=O)OC(c5ccoc5)C4(C)CCC23)C1(C)C,3alpha-ACETOXYDIHYDRODEOXYGEDUNIN,Inactive,
81569319,Cl.NCCc1ccc(O)c(O)c1,CTENFNNZBMHDDG-UHFFFAOYSA-N,189.055656304,1.0208,1.01905,Cl.NCCc1ccc(O)c(O)c1,DOPAMINE HYDROCHLORIDE,Inactive,
50248692,COc1cc(C(=O)NCc2ccc(OCCN(C)C)cc2)cc(OC)c1OC.Cl,WIIZEEPFHXAUND-UHFFFAOYSA-N,424.176499708,3.004600000000002,1.01911,COc1cc(C(=O)NCc2ccc(OCCN(C)C)cc2)cc(OC)c1OC.Cl,TRIMETHOBENZAMIDE HYDROCHLORIDE,Inactive,
10955478,C=C1CC23CC1(O)CCC2C12C=CC(O)C(C)(C(=O)O1)C2C3C(=O)O,IXORZMNAPKEEDV-UHFFFAOYSA-N,346.14163842399995,1.0271000000000001,1.01915,C=C1CC23CC1(O)CCC2C12C=CC(O)C(C)(C(=O)O1)C2C3C(=O)O,GIBBERELLIC ACID,Inactive,
10833364,CC(C)=CCCC(C)(O)C1CC=C(C)CC1,RGZSQWQPBWRIAQ-UHFFFAOYSA-N,222.198365452,4.2302000000000035,1.01915,CC(C)=CCCC(C)(O)C1CC=C(C)CC1,BISABOLOL,Inactive,
16050472,O=C(O)c1cc(=O)c2ccccc2o1,RVMGXWBCQGAWBR-UHFFFAOYSA-N,190.026608672,1.4911999999999999,1.019375,O=C(O)c1cc(=O)c2ccccc2o1,CHROMOCARB,Inactive,
86165189,Cc1cccc(C)c1NC(=O)CN1CCCC1=O,NGHTXZCKLWZPGK-UHFFFAOYSA-N,246.136827816,1.8643399999999999,1.019435,Cc1cccc(C)c1NC(=O)CN1CCCC1=O,NEFIRACETAM,Inactive,
15755784,Cc1cc2c(C(C)C)c(O)c(O)c(C=O)c2c(O)c1-c1c(C)cc2c(C(C)C)c(O)c(O)c(C=O)c2c1O,QBKSWRVVCFFDOT-UHFFFAOYSA-N,518.19406792,6.382240000000009,1.01944,Cc1cc2c(C(C)C)c(O)c(O)c(C=O)c2c(O)c1-c1c(C)cc2c(C(C)C)c(O)c(O)c(C=O)c2c1O,GOSSYPOL,Inactive,
40574559,CCOC(=O)COc1ccc2c(=O)cc(-c3ccccc3)oc2c1,ZVXBAHLOGZCFTP-UHFFFAOYSA-N,324.099773612,3.401900000000002,1.0195,CCOC(=O)COc1ccc2c(=O)cc(-c3ccccc3)oc2c1,EFLOXATE,Inactive,
74287339,CCCCCCCCCCCCCCCCOc1nc2ccc(C)cc2c(=O)o1,MVCQKIKWYUURMU-UHFFFAOYSA-N,401.29299410799996,7.356520000000009,1.01955,CCCCCCCCCCCCCCCCOc1nc2ccc(C)cc2c(=O)o1,CETILISAT,Inactive,
32482201,N=C(N)N1CCc2ccccc2C1.O=S(=O)(O)O,SVYNLIRHKQCPNE-UHFFFAOYSA-N,273.07832696,0.2853699999999998,1.0196,N=C(N)N1CCc2ccccc2C1.O=S(=O)(O)O,DEBRISOQUIN SULFATE,Inactive,
52102449,O=C(O)CC(O)(CC(=O)O)C(=O)O,KRKNYBCHXYNGOX-UHFFFAOYSA-N,192.02700259600002,-1.2484999999999995,1.019605,O=C(O)CC(O)(CC(=O)O)C(=O)O,CITRIC ACID,Inactive,
11451504,O=c1ccc2ccc(O)cc2o1,ORHBXUUXSCNDEV-UHFFFAOYSA-N,162.031694052,1.4986,1.01973,O=c1ccc2ccc(O)cc2o1,UMBELLIFERONE,Inactive,
48162858,CCOP(=S)(OCC)SCSP(=S)(OCC)OCC,RIZMRRKBZQXFOY-UHFFFAOYSA-N,383.9876164439999,5.005300000000004,1.01975,CCOP(=S)(OCC)SCSP(=S)(OCC)OCC,ETHION,Inactive,
71335410,O=C(OC1CC2CCC(C1)[N+]21CCCC1)C(O)(c1ccccc1)c1ccccc1.[Cl-],RVCSYOQWLPPAOA-UHFFFAOYSA-M,427.1914215,0.7737000000000009,1.02013,O=C(OC1CC2CCC(C1)[N+]21CCCC1)C(O)(c1ccccc1)c1ccccc1.[Cl-],TROSPIUM CHLORIDE,Inactive,
10523039,C1CNCCN1,GLUUGHFHXGJENI-UHFFFAOYSA-N,86.08439831999999,-0.8208,1.020595,C1CNCCN1,PIPERAZINE,Inactive,
44007989,CC(Oc1c(Cl)cccc1Cl)C1=NCCN1.Cl,DWWHMKBNNNZGHF-UHFFFAOYSA-N,294.00934607600004,3.184200000000002,1.02071,CC(Oc1c(Cl)cccc1Cl)C1=NCCN1.Cl,LOFEXIDINE  HYDROCHLORIDE,Inactive,
33743695,COc1c2ccoc2cc2oc(C)cc(=O)c12,NZVQLVGOZRELTG-UHFFFAOYSA-N,230.0579088,2.8562200000000013,1.02075,COc1c2ccoc2cc2oc(C)cc(=O)c12,VISNAGIN,Inactive,
17108760,O=C1CCC23C=CC(=O)NCCCCNCCCNC(=O)C=Cc4ccc(c2c4)OC3C1,YIWJEBPTHXRHQF-UHFFFAOYSA-N,437.231456472,2.0136999999999996,1.0208,O=C1CCC23C=CC(=O)NCCCCNCCCNC(=O)C=Cc4ccc(c2c4)OC3C1,LUNARINE,Inactive,
35327280,CC1C=CC=CC=CC=CC=CC=CC=CC(OC2OC(C)C(O)C(N)C2O)CC2OC(O)(CC(O)CC(O)C(O)CCC(O)CC(O)CC(=O)OC(C)C(C)C1O)CC(O)C2C(=O)O,APKFDSVGJQXUKY-UHFFFAOYSA-N,923.4878498760002,0.7117000000000053,1.020935,CC1C=CC=CC=CC=CC=CC=CC=CC(OC2OC(C)C(O)C(N)C2O)CC2OC(O)(CC(O)CC(O)C(O)CCC(O)CC(O)CC(=O)OC(C)C(C)C1O)CC(O)C2C(=O)O,AMPHOTERICIN B,Inactive,
61285103,CCn1cc(C(=O)O)c(=O)c2ccc(C)nc21,MHWLWQUZZRMNGJ-UHFFFAOYSA-N,232.084792244,1.4230200000000002,1.02105,CCn1cc(C(=O)O)c(=O)c2ccc(C)nc21,NALIDIXIC ACID,Inactive,
98942635,CC(C)(Oc1ccc(CCNC(=O)c2ccc(Cl)cc2)cc1)C(=O)O,IIBYAHWJQTYFKB-UHFFFAOYSA-N,361.1080857999999,3.554500000000001,1.02105,CC(C)(Oc1ccc(CCNC(=O)c2ccc(Cl)cc2)cc1)C(=O)O,BEZAFIBRATE,Inactive,
74712252,CC(=O)O.Cc1cc2c(C(C)C)c(O)c(O)c(C=O)c2c(O)c1-c1c(C)cc2c(C(C)C)c(O)c(O)c(C=O)c2c1O,NIOHNDKHQHVLKA-UHFFFAOYSA-N,578.215197288,6.473140000000009,1.02105,CC(=O)O.Cc1cc2c(C(C)C)c(O)c(O)c(C=O)c2c(O)c1-c1c(C)cc2c(C(C)C)c(O)c(O)c(C=O)c2c1O,GOSSYPOL-ACETIC ACID COMPLEX,Inactive,
11355689,CC12C=CC(=O)C=C1CCC1C2C(=O)CC2(C)C1CCC2(O)C(=O)CO,XOFYZVNMUHMLCC-UHFFFAOYSA-N,358.1780239319999,1.7658,1.02117,CC12C=CC(=O)C=C1CCC1C2C(=O)CC2(C)C1CCC2(O)C(=O)CO,PREDNISONE,Inactive,
88733285,CC1(C)C=Cc2cc3ccc(=O)oc3cc2O1,QOTBQNVNUBKJMS-UHFFFAOYSA-N,228.078644244,2.9772000000000007,1.021375,CC1(C)C=Cc2cc3ccc(=O)oc3cc2O1,XANTHYLETIN,Inactive,
11165973,O=C(CCCN1CCC(O)(c2ccc(Cl)cc2)CC1)c1ccc(F)cc1,LNEPOXFFQSENCJ-UHFFFAOYSA-N,375.140134876,4.425600000000004,1.02145,O=C(CCCN1CCC(O)(c2ccc(Cl)cc2)CC1)c1ccc(F)cc1,HALOPERIDOL,Inactive,
28826248,CC(=O)OC1CCC2(C)C(CCC3(C)C2CC=C2C4CC(C)(C)CCC4(C(=O)O)CCC23C)C1(C)C,RIXNFYQZWDGQAE-UHFFFAOYSA-N,498.37091007999993,7.804400000000009,1.02155,CC(=O)OC1CCC2(C)C(CCC3(C)C2CC=C2C4CC(C)(C)CCC4(C(=O)O)CCC23C)C1(C)C,OLEANOLIC ACID ACETATE,Inactive,
68922618,CC(=O)Nc1ccc(C(=O)O)cc1,QCXJEYYXVJIFCE-UHFFFAOYSA-N,179.058243148,1.3432,1.0218,CC(=O)Nc1ccc(C(=O)O)cc1,ACEDOBEN,Inactive,
11451260,CCC(=O)c1ccc(O)cc1,RARSHUDCJQSEFJ-UHFFFAOYSA-N,150.06807956,1.9848999999999997,1.02241,CCC(=O)c1ccc(O)cc1,PAROXYPROPIONE,Inactive,
11771631,O=c1cc(CO)occ1O,BEJNERDRQOWKJM-UHFFFAOYSA-N,142.026608672,-0.1623,1.0227,O=c1cc(CO)occ1O,KOJIC ACID,Inactive,
41306304,O=C1CC2OCC=C3CN4CCC56c7ccccc7N1C5C2C3CC46.O=S(=O)(O)O,SQZRGLKZOYHTRV-UHFFFAOYSA-N,432.13550748799986,1.4397000000000002,1.0228,O=C1CC2OCC=C3CN4CCC56c7ccccc7N1C5C2C3CC46.O=S(=O)(O)O,STRYCHNINE SULFATE,Inactive,
71734936,COc1cc(NS(C)(=O)=O)ccc1Nc1c2ccccc2nc2ccccc12,XCPGHVQEEXUHNC-UHFFFAOYSA-N,393.11471246800005,4.511700000000003,1.02302,COc1cc(NS(C)(=O)=O)ccc1Nc1c2ccccc2nc2ccccc12,AMSACRINE,Inactive,
11562766,Cl.NC(N)=NC(=O)Cc1c(Cl)cccc1Cl,DGFYECXYGUIODH-UHFFFAOYSA-N,280.98894498,1.7577000000000003,1.02325,Cl.NC(N)=NC(=O)Cc1c(Cl)cccc1Cl,GUANFACINE HYDROCHLORIDE,Inactive,
43457475,CC1=C(O)C(=O)C=C2C1=CC=C1C2(C)CCC2(C)C3CC(C)(C(=O)O)CCC3(C)CCC12C,KQJSQWZMSAGSHN-UHFFFAOYSA-N,450.27700969599994,6.697700000000006,1.0233,CC1=C(O)C(=O)C=C2C1=CC=C1C2(C)CCC2(C)C3CC(C)(C(=O)O)CCC3(C)CCC12C,CELASTROL,Inactive,
14988858,O=C(CCCN1CCN(c2ccccn2)CC1)c1ccc(F)cc1,XTKDAFGWCDAMPY-UHFFFAOYSA-N,327.174690544,3.0058000000000016,1.02345,O=C(CCCN1CCN(c2ccccn2)CC1)c1ccc(F)cc1,AZAPERONE,Inactive,
17327008,Cc1cccc(C)c1OCC(=O)NC(Cc1ccccc1)C(O)CC(Cc1ccccc1)NC(=O)C(C(C)C)N1CCCNC1=O,KJHKTHWMRKYKJE-UHFFFAOYSA-N,628.362470636,4.328140000000003,1.02345,Cc1cccc(C)c1OCC(=O)NC(Cc1ccccc1)C(O)CC(Cc1ccccc1)NC(=O)C(C(C)C)N1CCCNC1=O,LOPINAVIR,Inactive,
99102346,NC(=O)CN1CC(O)CC1=O,IHLAQQPQKRMGSS-UHFFFAOYSA-N,158.06914218,-1.9350999999999996,1.0235,NC(=O)CN1CC(O)CC1=O,OXIRACETAM,Inactive,
12379323,Nc1ccc(C(=O)Oc2ccccc2)c(O)c1,DNVVZWSVACQWJE-UHFFFAOYSA-N,229.073893212,2.1936,1.023625,Nc1ccc(C(=O)Oc2ccccc2)c(O)c1,PHENYL AMINOSALICYLATE,Inactive,
75858738,NS(=O)(=O)c1cc2c(cc1Cl)NC(C1CC3C=CC1C3)NS2(=O)=O,BOCUKUHCLICSIY-UHFFFAOYSA-N,389.0270756719999,1.2295000000000003,1.02374,NS(=O)(=O)c1cc2c(cc1Cl)NC(C1CC3C=CC1C3)NS2(=O)=O,CYCLOTHIAZIDE,Inactive,
65916492,COCCCOc1ccnc(CS(=O)c2nc3ccccc3[n-]2)c1C.[Na+],KRCQSTCYZUOBHN-UHFFFAOYSA-N,381.11230678000004,-0.3774799999999989,1.02379,COCCCOc1ccnc(CS(=O)c2nc3ccccc3[n-]2)c1C.[Na+],RABEPRAZOLE SODIUM,Inactive,
51777226,COc1cc2c(cc1OC)C1C(=O)c3ccc4c(c3OC1CO2)C=CC(C)(C)O4,ORDAZKGHSNRHTD-UHFFFAOYSA-N,394.14163842399995,4.007900000000003,1.02385,COc1cc2c(cc1OC)C1C(=O)c3ccc4c(c3OC1CO2)C=CC(C)(C)O4,DEGUELIN(-),Inactive,
49391477,OCc1ccccc1OC1OC(CO)C(O)C(O)C1O,NGFMICBWJRZIBI-UHFFFAOYSA-N,286.105252916,-1.6424000000000003,1.0239,OCc1ccccc1OC1OC(CO)C(O)C(O)C1O,SALICIN,Inactive,
10315955,COC(=O)C=CC(C)=CC=CC(C)=CC=CC=C(C)C=CC=C(C)C=CC(=O)O,RAFGELQLHMBRHD-UHFFFAOYSA-N,394.21440943999994,5.810200000000006,1.0239,COC(=O)C=CC(C)=CC=CC(C)=CC=CC=C(C)C=CC=C(C)C=CC(=O)O,BIXIN,Inactive,
25742338,C#CC1(O)CCC2C3CCc4cc(OC5CCCC5)ccc4C3CCC21C,PWZUUYSISTUNDW-UHFFFAOYSA-N,364.240230264,5.228400000000006,1.02395,C#CC1(O)CCC2C3CCc4cc(OC5CCCC5)ccc4C3CCC21C,QUINESTROL,Inactive,
91965161,COc1cc(C=CC(=O)O)cc(OC)c1O,PCMORTLOPMLEFB-UHFFFAOYSA-N,224.068473484,1.5071999999999999,1.024115,COc1cc(C=CC(=O)O)cc(OC)c1O,SINAPIC ACID,Inactive,
16782714,Br.CN1CCCC1Cc1c[nH]c2ccc(CCS(=O)(=O)c3ccccc3)cc12,UTINOWOSWSPFLJ-UHFFFAOYSA-N,462.09766120399996,4.398900000000004,1.02413,Br.CN1CCCC1Cc1c[nH]c2ccc(CCS(=O)(=O)c3ccccc3)cc12,ELETRIPTAN HYDROBROMIDE,Inactive,
15102326,C=CC(C1=CC(=O)C=CC1=O)c1ccccc1,GHCDJBVCFINEBQ-UHFFFAOYSA-N,224.083729624,2.590600000000001,1.024145,C=CC(C1=CC(=O)C=CC1=O)c1ccccc1,DALBERGIONE,Inactive,
90338970,CC(=O)OC1CCC2(C)C(CCC3(C)C2CCC24OC(=O)C5(CCC(C)C(C)C52)CCC34C)C1(C)C,NJLCBLDWBHWOFU-UHFFFAOYSA-N,498.37091008,7.33500000000001,1.02432,CC(=O)OC1CCC2(C)C(CCC3(C)C2CCC24OC(=O)C5(CCC(C)C(C)C52)CCC34C)C1(C)C,URSOLOLACTONE ACETATE,Inactive,
38311850,CC(COc1ccccc1)NC(C)C(O)c1ccc(O)cc1.Cl,QVPSGVSNYPRFAS-UHFFFAOYSA-N,337.144471308,3.2930000000000024,1.02446,CC(COc1ccccc1)NC(C)C(O)c1ccc(O)cc1.Cl,ISOXSUPRINE HYDROCHLORIDE,Inactive,
10937172,Cl.O=C(COc1ccc(Cl)cc1)N1CCN(Cc2ccc3c(c2)OCO3)CC1,MVOWQBJZZKOQNU-UHFFFAOYSA-N,424.09566254399994,3.213700000000001,1.02455,Cl.O=C(COc1ccc(Cl)cc1)N1CCN(Cc2ccc3c(c2)OCO3)CC1,FIPEXIDE HYDROCHLORIDE,Inactive,
60884809,CCC(=O)OC1(C(=O)CCl)C(C)CC2C3CCC4=CC(=O)C=CC4(C)C3(F)C(O)CC21C,CBGUOGMQLZIXBE-UHFFFAOYSA-N,466.19223002399997,4.103100000000003,1.0246,CCC(=O)OC1(C(=O)CCl)C(C)CC2C3CCC4=CC(=O)C=CC4(C)C3(F)C(O)CC21C,CLOBETASOL PROPIONATE,Inactive,
26762233,O=C(C=Cc1ccc(O)cc1)c1ccc(O)cc1O,DXDRHHKMWQZJHT-UHFFFAOYSA-N,256.073558864,2.699500000000001,1.024655,O=C(C=Cc1ccc(O)cc1)c1ccc(O)cc1O,ISOLIQUIRITIGENIN,Inactive,
15441076,NC1CC1c1ccccc1.O=S(=O)(O)O,BTHVHSMCHJCPFU-UHFFFAOYSA-N,231.056528896,0.8484,1.02475,NC1CC1c1ccccc1.O=S(=O)(O)O,TRANYLCYPROMINE SULFATE,Inactive,
44388012,CCCCCC(C)N.O=S(=O)(O)O,ASNSHZBVZYSNTB-UHFFFAOYSA-N,213.103479088,1.2611000000000006,1.024765,CCCCCC(C)N.O=S(=O)(O)O,TUAMINOHEPTANE SULFATE,Inactive,
39376053,C=CC=CCC1=C(C)C(OC(=O)C2C(C=C(C)C)C2(C)C)CC1=O,ROVGZAWFACYCSP-UHFFFAOYSA-N,328.20384475599997,4.558200000000004,1.0248,C=CC=CCC1=C(C)C(OC(=O)C2C(C=C(C)C)C2(C)C)CC1=O,PYRETHRINS,Inactive,
32965831,Cl.NCCCCC(N)C(=O)O,BVHLGVCQOALMSV-UHFFFAOYSA-N,182.0822054,-0.05090000000000017,1.024845,Cl.NCCCCC(N)C(=O)O,LYSINE (L) HYDROCHLORIDE,Inactive,
57652144,Cl.N=C(N)NC(=O)c1nc(Cl)c(N)nc1N,ACHKKGDWZVCSNH-UHFFFAOYSA-N,265.024563268,-0.6605300000000001,1.024895,Cl.N=C(N)NC(=O)c1nc(Cl)c(N)nc1N,AMILORIDE HYDROCHLORIDE,Inactive,
55197526,Cl.N=C(N)NC(=N)NCCc1ccccc1,YSUCWSWKRIOILX-UHFFFAOYSA-N,241.10942319199998,0.6583399999999993,1.025325,Cl.N=C(N)NC(=N)NCCc1ccccc1,PHENFORMIN HYDROCHLORIDE,Inactive,
97971870,COc1cccc2c1C(=O)c1c(O)c3c(c(O)c1C2=O)CC(O)(C(C)=O)CC3OC1CC(N)C(O)C(C)O1.Cl,GUGHGUXZJWAIAS-UHFFFAOYSA-N,563.1558238399999,1.4506999999999997,1.0255,COc1cccc2c1C(=O)c1c(O)c3c(c(O)c1C2=O)CC(O)(C(C)=O)CC3OC1CC(N)C(O)C(C)O1.Cl,DAUNORUBICIN HYDROCHLORIDE,Inactive,
14211124,COc1cccc(C2(O)CCCCC2CN(C)C)c1.Cl,PPKXEPBICJTCRU-UHFFFAOYSA-N,299.16520675199996,3.0564000000000022,1.025545,COc1cccc(C2(O)CCCCC2CN(C)C)c1.Cl,TRAMADOL HYDROCHLORIDE,Inactive,
11063963,NC1CONC1=O,DYDCUQKUCUHJBH-UHFFFAOYSA-N,102.042927432,-1.6249000000000007,1.02569,NC1CONC1=O,CYCLOSERINE (D),Inactive,
15403565,CC(C)(CO)C(O)C(=O)NCCC(=O)[O-].[Na+],GQTHJBOWLPZUOI-UHFFFAOYSA-M,241.092616892,-5.373999999999996,1.0257,CC(C)(CO)C(O)C(=O)NCCC(=O)[O-].[Na+],PANTOTHENIC ACID(d) Na salt,Inactive,
12878695,Cc1ccc(Nc2c(F)cccc2Cl)c(CC(=O)O)c1,KHPKQFYUPIUARC-UHFFFAOYSA-N,293.061884556,4.158220000000002,1.02575,Cc1ccc(Nc2c(F)cccc2Cl)c(CC(=O)O)c1,LUMIRACOXIB,Inactive,
45417910,Cl.NC(=O)CCC(N)C(=O)O,SNNIXEGBYLWWHH-UHFFFAOYSA-N,182.045819892,-0.9143999999999994,1.025835,Cl.NC(=O)CCC(N)C(=O)O,GLUTAMINE (L) HYDROCHLORIDE,Inactive,
88730849,CC(C)CCCC(C)N,QNIVIMYXGGFTAK-UHFFFAOYSA-N,129.151749608,2.1599000000000004,1.0259,CC(C)CCCC(C)N,OCTODRINE,Inactive,
30102518,CC12CCC(=O)C=C1CCC1C2C(O)CC2(C)C1CCC2(O)C(=O)CO,JYGXADMDTFJGBT-UHFFFAOYSA-N,362.2093240599999,1.7815999999999996,1.0261,CC12CCC(=O)C=C1CCC1C2C(O)CC2(C)C1CCC2(O)C(=O)CO,HYDROCORTISONE,Inactive,
53006257,CCOC(=O)c1cccc(N)c1.CS(=O)(=O)O,FQZJYWMRQDKBQN-UHFFFAOYSA-N,261.06709358,0.9495,1.0261,CCOC(=O)c1cccc(N)c1.CS(=O)(=O)O,TRICAINE MESYLATE,Inactive,
42309070,CN1C2CCC1CC(OC(c1ccccc1)c1ccccc1)C2.CS(=O)(=O)O,CPFJLLXFNPCTDW-UHFFFAOYSA-N,403.18172940799997,3.921800000000003,1.02614,CN1C2CCC1CC(OC(c1ccccc1)c1ccccc1)C2.CS(=O)(=O)O,BENZTROPINE MESYLATE,Inactive,
38553466,CC(=O)c1ccc(S(=O)(=O)NC(=O)NC2CCCCC2)cc1,VGZSUPCWNCWDAN-UHFFFAOYSA-N,324.11437811999997,2.2098000000000004,1.0263,CC(=O)c1ccc(S(=O)(=O)NC(=O)NC2CCCCC2)cc1,ACETOHEXAMIDE,Inactive,
74704371,O=C([O-])P(=O)([O-])[O-].[Na+].[Na+].[Na+],DFHAXXVZCFXGOQ-UHFFFAOYSA-K,191.91764256999997,-11.7446,1.02635,O=C([O-])P(=O)([O-])[O-].[Na+].[Na+].[Na+],FOSCARNET SODIUM,Inactive,
84480702,O=P([O-])([O-])F.[Na+].[Na+],BFDWBSRJQZPEEB-UHFFFAOYSA-L,143.93644727,-7.2074,1.0264,O=P([O-])([O-])F.[Na+].[Na+],SODIUM MONOFLUOROPHOSPHATE,Inactive,
58565520,CC(C=CC=C(C)C=CC1=C(C)C(=O)C(O)CC1(C)C)=CC=CC=C(C)C=CC=C(C)C=CC1=C(C)C(=O)C(O)CC1(C)C,MQZIGYBFDRPAKN-UHFFFAOYSA-N,596.3865601439999,8.905400000000002,1.0264,CC(C=CC=C(C)C=CC1=C(C)C(=O)C(O)CC1(C)C)=CC=CC=C(C)C=CC=C(C)C=CC1=C(C)C(=O)C(O)CC1(C)C,ASTAXANTHIN,Inactive,
57494034,CC1=C(C(=O)O)N2C(=O)C(NC(=O)C(N)c3ccccc3)C2SC1,ZAIPMKNFIOOWCQ-UHFFFAOYSA-N,347.0939770240001,0.4449000000000012,1.0265,CC1=C(C(=O)O)N2C(=O)C(NC(=O)C(N)c3ccccc3)C2SC1,CEPHALEXIN,Inactive,
12593362,NC(CCC(=O)NC(CSSCC(NC(=O)CCC(N)C(=O)O)C(=O)NCC(=O)O)C(=O)NCC(=O)O)C(=O)O,YPZRWBKMTBYPTK-UHFFFAOYSA-N,612.151962464,-3.8767999999999985,1.0266,NC(CCC(=O)NC(CSSCC(NC(=O)CCC(N)C(=O)O)C(=O)NCC(=O)O)C(=O)NCC(=O)O)C(=O)O,OXIGLUTATIONE,Inactive,
41302508,CC12CC(OC1=O)C1(C)CCC3(C)C(=CCC4C5(C)CCC(O)C(C)(C)C5CCC43C)C1C2,HHQJBWYXBWOFJY-UHFFFAOYSA-N,454.34469533199996,6.684300000000009,1.02665,CC12CC(OC1=O)C1(C)CCC3(C)C(=CCC4C5(C)CCC(O)C(C)(C)C5CCC43C)C1C2,WILFORLIDE A,Inactive,
28658327,ClC1C(Cl)C(Cl)C(Cl)C(Cl)C1Cl,JLYXXMFPNIAWKQ-UHFFFAOYSA-N,287.860066272,3.644400000000001,1.02666,ClC1C(Cl)C(Cl)C(Cl)C(Cl)C1Cl,LINDANE,Inactive,
20000404,CCCNC(C)(C)COC(=O)c1ccccc1.Cl,LKHWKAGQNOMUFQ-UHFFFAOYSA-N,271.133906624,3.0434000000000023,1.02667,CCCNC(C)(C)COC(=O)c1ccccc1.Cl,MEPRYLCAINE HYDROCHLORIDE,Inactive,
85478953,CCC1(c2ccccc2)C(=O)NC(=O)NC1=O,DDBREPKUVSBGFI-UHFFFAOYSA-N,232.084792244,0.7004,1.0268,CCC1(c2ccccc2)C(=O)NC(=O)NC1=O,PHENOBARBITAL,Inactive,
83253418,CCOc1ccccc1OCCNC(C)Cc1ccc(OC)c(S(N)(=O)=O)c1.Cl,ZZIZZTHXZRDOFM-UHFFFAOYSA-N,444.14857070799997,2.762700000000001,1.0269,CCOc1ccccc1OCCNC(C)Cc1ccc(OC)c(S(N)(=O)=O)c1.Cl,TAMSULOSIN HYDROCHLORIDE,Inactive,
63117977,Cc1nccnc1N1CCCCC1.O=S(=O)(O)O,GJXZNORUUOVBKP-UHFFFAOYSA-N,275.093977024,1.12252,1.026915,Cc1nccnc1N1CCCCC1.O=S(=O)(O)O,MODALINE SULFATE,Inactive,
11424269,CCOC(=O)OC(C)OC1=C(C(=O)Nc2ccccn2)N(C)S(=O)(=O)c2ccccc21,LSNWBKACGXCGAJ-UHFFFAOYSA-N,447.11002101200006,2.558700000000001,1.026915,CCOC(=O)OC(C)OC1=C(C(=O)Nc2ccccn2)N(C)S(=O)(=O)c2ccccc21,AMPIROXICAM,Inactive,
46620010,Nc1ccc(S(N)(=O)=O)cc1,FDDDEECHVMSUSB-UHFFFAOYSA-N,172.030648496,-0.08380000000000004,1.02694,Nc1ccc(S(N)(=O)=O)cc1,SULFANILAMIDE,Inactive,
11324159,CCN(CC)CC(=O)Nc1c(C)cccc1C.Cl,IYBQHJMYDGVZRY-UHFFFAOYSA-N,270.149891036,3.005540000000002,1.027,CCN(CC)CC(=O)Nc1c(C)cccc1C.Cl,LIDOCAINE HYDROCHLORIDE,Inactive,
10040046,O=C(O)c1ccc(S(=O)(=O)N(Cl)Cl)cc1,XPDVQPODLRGWPL-UHFFFAOYSA-N,268.93163400000003,1.6831,1.027025,O=C(O)c1ccc(S(=O)(=O)N(Cl)Cl)cc1,HALAZONE,Inactive,
10172814,CC12CCC(=O)C=C1CCC1C2C(=O)CC2(C)C1CCC2(O)C(=O)CO,MFYSYFVPBJMHGN-UHFFFAOYSA-N,360.1936739959999,1.9898000000000002,1.02705,CC12CCC(=O)C=C1CCC1C2C(=O)CC2(C)C1CCC2(O)C(=O)CO,CORTISONE,Inactive,
17324980,CCN(CC)CCOc1ccc2c(c1)C(=O)c1cc(OCCN(CC)CC)ccc1-2,MPMFCABZENCRHV-UHFFFAOYSA-N,410.256942948,4.339200000000004,1.02719,CCN(CC)CCOc1ccc2c(c1)C(=O)c1cc(OCCN(CC)CC)ccc1-2,TILORONE,Inactive,
10962854,C=C1C2CCC3(C)C(c4ccoc4)OC(=O)CC13OC1CC(O)C(C)(C)C(CC(=O)OC)C12C,QFRUZVNPYYYLAN-UHFFFAOYSA-N,472.2461034919999,4.354100000000003,1.027275,C=C1C2CCC3(C)C(c4ccoc4)OC(=O)CC13OC1CC(O)C(C)(C)C(CC(=O)OC)C12C,3alpha-HYDROXY-3-DEOXYANGOLENSIC ACID METHYL ESTER,Inactive,
83889405,CC(=O)Oc1cccc(O)c1,ZZPKZRHERLGEKA-UHFFFAOYSA-N,152.047344116,1.3175,1.0273,CC(=O)Oc1cccc(O)c1,RESORCINOL MONOACETATE,Inactive,
68441763,Cc1nccc2c1[nH]c1ccccc12,PSFDQSOCUJVVGF-UHFFFAOYSA-N,182.08439832,3.0245200000000008,1.02741,Cc1nccc2c1[nH]c1ccccc12,HARMANE,Inactive,
47667188,Nc1ccc(S(=O)(=O)[O-])cc1.Nc1ccc(S(=O)(=O)[O-])cc1.[Zn+2],RIUORJCWAHCMSA-UHFFFAOYSA-L,407.94282030399995,0.34330000000000027,1.02745,Nc1ccc(S(=O)(=O)[O-])cc1.Nc1ccc(S(=O)(=O)[O-])cc1.[Zn+2],SULFANILATE ZINC,Inactive,
89251565,CCN(CC)CCNc1ccc(CO)c2sc3ccccc3c(=O)c12,MFZWMTSUNYWVBU-UHFFFAOYSA-N,356.15584900799996,3.660700000000002,1.02759,CCN(CC)CCNc1ccc(CO)c2sc3ccccc3c(=O)c12,HYCANTHONE,Inactive,
97212702,NS(=O)(=O)c1cc2c(cc1Cl)N=C(CSCc1ccccc1)NS2(=O)=O,NDTSRXAMMQDVSW-UHFFFAOYSA-N,430.98349660799994,2.2427,1.027825,NS(=O)(=O)c1cc2c(cc1Cl)N=C(CSCc1ccccc1)NS2(=O)=O,BENZTHIAZIDE,Inactive,
11554760,Oc1cc(O)c2c(c1)OC(c1cc(O)c(O)c(O)c1)C(O)C2,XMOCLSLCDHWDHP-UHFFFAOYSA-N,306.073952788,1.2517,1.02789,Oc1cc(O)c2c(c1)OC(c1cc(O)c(O)c(O)c1)C(O)C2,EPIGALLOCATECHIN,Inactive,
23646946,Brc1c(NC2=NCCN2)ccc2nccnc12,XYLJNLCSTIOKRM-UHFFFAOYSA-N,291.01195742,1.7633999999999999,1.0279,Brc1c(NC2=NCCN2)ccc2nccnc12,BRIMONIDINE,Inactive,
39847547,OCc1ccccc1,WVDDGKGOMKODPV-UHFFFAOYSA-N,108.057514876,1.1789,1.0281,OCc1ccccc1,BENZYL ALCOHOL,Inactive,
96904409,COc1ccc(C=O)cc1,ZRSNZINYAWTAHE-UHFFFAOYSA-N,136.052429496,1.5076999999999998,1.02817,COc1ccc(C=O)cc1,4-ANISALDEHYDE,Inactive,
46110936,CC(C(=O)O)c1ccc(-c2ccccc2)c(F)c1,SYTBZMRGLBWNTM-UHFFFAOYSA-N,244.089957876,3.6808000000000023,1.0283,CC(C(=O)O)c1ccc(-c2ccccc2)c(F)c1,FLURBIPROFEN,Inactive,
40241058,NC(Cc1ccc(O)c(O)c1)C(=O)O,WTDRDQBEARUVNC-UHFFFAOYSA-N,197.068807832,0.052200000000000135,1.0284,NC(Cc1ccc(O)c(O)c1)C(=O)O,LEVODOPA,Inactive,
47781224,COC(=O)CCC(C)C1CCC2C3C(O)CC4CC(O)CCC4(C)C3CC(O)C12C,DLYVTEULDNMQAR-UHFFFAOYSA-N,422.30322444399997,3.5371000000000024,1.0284,COC(=O)CCC(C)C1CCC2C3C(O)CC4CC(O)CCC4(C)C3CC(O)C12C,METHYL CHOLATE,Inactive,
84001971,CCc1oc2ccccc2c1C(=O)c1cc(Br)c(O)c(Br)c1,WHQCHUCQKNIQEC-UHFFFAOYSA-N,421.9153184439999,5.456800000000003,1.02841,CCc1oc2ccccc2c1C(=O)c1cc(Br)c(O)c(Br)c1,BENZBROMARONE,Inactive,
10255427,CN1CCN2c3ccccc3Cc3ccccc3C2C1.Cl,YNPFMWCWRVTGKJ-UHFFFAOYSA-N,300.139326352,3.505700000000003,1.0286,CN1CCN2c3ccccc3Cc3ccccc3C2C1.Cl,MIANSERIN HYDROCHLORIDE,Inactive,
58444885,CN(C)c1cnccn1.O=S(=O)(O)O,JAFORFFJNCDPDP-UHFFFAOYSA-N,221.047026832,-0.11019999999999974,1.02876,CN(C)c1cnccn1.O=S(=O)(O)O,AMPYZINE SULFATE,Inactive,
13509982,CC1(C)CCC2(C(=O)O)CCC3(C)C(=CCC4C5(C)CCC(O)C(C)(C)C5CCC43C)C2C1,MIJYXULNPSFWEK-UHFFFAOYSA-N,456.36034539599996,7.233600000000009,1.0288,CC1(C)CCC2(C(=O)O)CCC3(C)C(=CCC4C5(C)CCC(O)C(C)(C)C5CCC43C)C2C1,OLEANOLIC ACID,Inactive,
90469382,O=C1C=C2C=CC3CC2(O1)C1CCCCN31,SWZMSZQQJRKFBP-UHFFFAOYSA-N,217.11027872,1.405,1.02889,O=C1C=C2C=CC3CC2(O1)C1CCCCN31,SECURININE,Inactive,
71308230,CC(=O)Oc1ccccc1C(=O)O,BSYNRYMUTXBXSQ-UHFFFAOYSA-N,180.042258736,1.3101,1.0289,CC(=O)Oc1ccccc1C(=O)O,ASPIRIN,Inactive,
11462989,O=c1[nH]c(=O)c2ccccc2o1,OAYRYNVEFFWSHK-UHFFFAOYSA-N,163.02694302,0.4813000000000001,1.0289,O=c1[nH]c(=O)c2ccccc2o1,CARSALAM,Inactive,
99997159,COc1cc2c(c(OC)c1OC)-c1ccc(O)c(=O)cc1C(NC(C)=O)CC2,PRGILOMAMBLWNG-UHFFFAOYSA-N,385.15253745600006,2.568600000000001,1.028995,COc1cc2c(c(OC)c1OC)-c1ccc(O)c(=O)cc1C(NC(C)=O)CC2,COLCHICEINE,Inactive,
46560583,Nc1ccc(S(=O)(=O)Nc2ccc(Cl)nn2)cc1,XOXHILFPRYWFOD-UHFFFAOYSA-N,284.01347420800005,1.513,1.029,Nc1ccc(S(=O)(=O)Nc2ccc(Cl)nn2)cc1,SULFACHLORPYRIDAZINE,Inactive,
67829714,COC1C(O)C(C)OC(OC2CCC3(C=O)C(CCC4C3CCC3(C)C(C5=CC(=O)OC5)CCC43O)C2)C1O,PMTSPAGBAFCORP-UHFFFAOYSA-N,548.2985329879999,2.2891999999999997,1.029,COC1C(O)C(C)OC(OC2CCC3(C=O)C(CCC4C3CCC3(C)C(C5=CC(=O)OC5)CCC43O)C2)C1O,PERUVOSIDE,Inactive,
60423471,O=C(O)CCC(=O)c1ccc(-c2ccccc2)cc1,ZPAKPRAICRBAOD-UHFFFAOYSA-N,254.094294308,3.4011000000000022,1.02905,O=C(O)CCC(=O)c1ccc(-c2ccccc2)cc1,FENBUFEN,Inactive,
30357310,O=c1c(-c2ccc(O)cc2)coc2cc(O)cc(O)c12,TZBJGXHYKVUXJN-UHFFFAOYSA-N,270.05282342000004,2.576800000000001,1.0291,O=c1c(-c2ccc(O)cc2)coc2cc(O)cc(O)c12,GENISTEIN,Inactive,
34735380,O=c1c(O)c(-c2ccc(O)cc2)oc2cc(O)cc(O)c12,IYRMWMYZSQPJKC-UHFFFAOYSA-N,286.04773804,2.2824000000000004,1.02912,O=c1c(O)c(-c2ccc(O)cc2)oc2cc(O)cc(O)c12,KAEMPFEROL,Inactive,
96088923,CNC(C)(C)Cc1ccccc1.O=S(=O)(O)O,NZKLHVGUPFNBFD-UHFFFAOYSA-N,261.10347908800003,1.5743,1.0293,CNC(C)(C)Cc1ccccc1.O=S(=O)(O)O,MEPHENTERMINE SULFATE,Inactive,
49110446,C[N+]1(C)C2CCC1CC(OC(=O)C(CO)c1ccccc1)C2.O=[N+]([O-])[O-],NEDVJZNVOSNSHF-UHFFFAOYSA-N,366.17908655199994,1.8363999999999998,1.02953,C[N+]1(C)C2CCC1CC(OC(=O)C(CO)c1ccccc1)C2.O=[N+]([O-])[O-],METHYLATROPINE NITRATE,Inactive,
71182075,COc1cc(O)ccc1C(C)=O,XPHIPEXPAGCEBM-UHFFFAOYSA-N,166.06299418,1.6034,1.02965,COc1cc(O)ccc1C(C)=O,ISOPEONOL,Inactive,
71804344,OCCN1CC(O)C(O)C(O)C1CO,IBAQFPQHRJAVAV-UHFFFAOYSA-N,207.110672644,-3.262099999999999,1.029945,OCCN1CC(O)C(O)C(O)C1CO,MIGLITOL,Inactive,
11506266,CCC(C)(C)O,MSXVEPNJUHWQHW-UHFFFAOYSA-N,88.088815004,1.1673,1.02995,CCC(C)(C)O,AMYLENE HYDRATE,Inactive,
75320583,Cc1cccc(C(=O)O)c1O,WHSXTWFYRGOBGO-UHFFFAOYSA-N,152.047344116,1.39882,1.02995,Cc1cccc(C(=O)O)c1O,HYDROXYTOLUIC ACID,Inactive,
34183380,O=C(O)CCNC(=O)c1ccccc1,CWXYHOHYCJXYFQ-UHFFFAOYSA-N,193.073893212,0.8911,1.03,O=C(O)CCNC(=O)c1ccccc1,BETAMIPRON,Inactive,
60824087,CC1NC(=O)C2CCCN2C(=O)C(CC(N)=O)NC(=O)C2CSSCC(N)C(=O)NC3CSSCC(NC1=O)C(=O)NC(C(C)O)C(=O)NCC(=O)NC(C(=O)NC(Cc1ccc(O)cc1)C(=O)O)CSSCC(NC(=O)C(Cc1ccc(O)cc1)NC(=O)C(CCC(=O)O)NC3=O)C(=O)N2,KXGCNMMJRFDFNR-UHFFFAOYSA-N,1525.3899205479993,-5.93920000000003,1.03007,CC1NC(=O)C2CCCN2C(=O)C(CC(N)=O)NC(=O)C2CSSCC(N)C(=O)NC3CSSCC(NC1=O)C(=O)NC(C(C)O)C(=O)NCC(=O)NC(C(=O)NC(Cc1ccc(O)cc1)C(=O)O)CSSCC(NC(=O)C(Cc1ccc(O)cc1)NC(=O)C(CCC(=O)O)NC3=O)C(=O)N2,LINACLOTIDE (1 mg/ml),Inactive,
49752317,C=CC[N+]1(C2CC3C4CCC5CC(O)C(N6CCOCC6)CC5(C)C4CCC3(C)C2OC(C)=O)CCCC1.[Br-],OYTJKRAYGYRUJK-UHFFFAOYSA-M,608.3188702759999,1.4115000000000038,1.0301,C=CC[N+]1(C2CC3C4CCC5CC(O)C(N6CCOCC6)CC5(C)C4CCC3(C)C2OC(C)=O)CCCC1.[Br-],ROCURONIUM BROMIDE,Inactive,
35401471,CCCCC(CC)COC(=O)C(C#N)=C(c1ccccc1)c1ccccc1,FMJSMJQBSVNSBF-UHFFFAOYSA-N,361.20417910400005,5.771680000000005,1.03011,CCCCC(CC)COC(=O)C(C#N)=C(c1ccccc1)c1ccccc1,OCTOCRYLENE,Inactive,
92526941,CN(C)CCC=C1c2ccccc2COc2ccccc21.Cl,MHNSPTUQQIYJOT-UHFFFAOYSA-N,315.138992004,4.384200000000005,1.03015,CN(C)CCC=C1c2ccccc2COc2ccccc21.Cl,DOXEPIN HYDROCHLORIDE,Inactive,
37748663,CN(C)c1ccc(C(=C2C=CC(=[N+](C)C)C=C2)c2ccc(N(C)C)cc2)cc1.[Cl-],ZXJXZNDDNMQXFV-UHFFFAOYSA-M,407.21282564,1.4636000000000002,1.03022,CN(C)c1ccc(C(=C2C=CC(=[N+](C)C)C=C2)c2ccc(N(C)C)cc2)cc1.[Cl-],GENTIAN VIOLET,Inactive,
16041311,CN1C(C(=O)Nc2ccccn2)=C(O)c2sccc2S1(=O)=O,LZNWYQJJBLGYLT-UHFFFAOYSA-N,337.019097832,1.6425,1.0305,CN1C(C(=O)Nc2ccccn2)=C(O)c2sccc2S1(=O)=O,TENOXICAM,Inactive,
88870148,CC(C)[N+](C)(CCOC(=O)C1c2ccccc2Oc2ccccc21)C(C)C.[Br-],XLBIBBZXLMYSFF-UHFFFAOYSA-M,447.14090592,1.7348,1.03065,CC(C)[N+](C)(CCOC(=O)C1c2ccccc2Oc2ccccc21)C(C)C.[Br-],PROPANTHELINE BROMIDE,Inactive,
10125857,N=C(N)NCCCCNC(=N)N.O=S(=O)(O)O,RWTGFMPOODRXIM-UHFFFAOYSA-N,270.111024056,-1.9200599999999977,1.03065,N=C(N)NCCCCNC(=N)N.O=S(=O)(O)O,ARCAINE SULFATE,Inactive,
11327263,N.N.O=C1O[Pt]OC(=O)C12CCC2,OLESAACUTLOWQZ-UHFFFAOYSA-L,371.04449796399996,0.4931999999999995,1.03075,N.N.O=C1O[Pt]OC(=O)C12CCC2,CARBOPLATIN,Inactive,
11002678,OCC1OC(OC2(CCl)OC(CCl)C(O)C2O)C(O)C(O)C1Cl,BAQAVOSOZGMPRM-UHFFFAOYSA-N,396.014550608,-1.6561000000000003,1.03085,OCC1OC(OC2(CCl)OC(CCl)C(O)C2O)C(O)C(O)C1Cl,SUCRALOSE,Inactive,
49469043,CC(C(=O)O)c1cccc(Oc2ccccc2)c1,RDJGLLICXDHJDY-UHFFFAOYSA-N,242.094294308,3.6670000000000016,1.0309,CC(C(=O)O)c1cccc(Oc2ccccc2)c1,FENOPROFEN,Inactive,
11976232,COc1cc(C(=S)N2CCOCC2)ccc1O,WQYRHRAZNNRDIA-UHFFFAOYSA-N,253.07726434,1.4084999999999999,1.031,COc1cc(C(=S)N2CCOCC2)ccc1O,VANITIOLIDE,Inactive,
96055930,Cl.NCC(CC(=O)O)c1ccc(Cl)cc1,WMNUVYYLMCMHLU-UHFFFAOYSA-N,249.032334016,2.2788000000000004,1.031075,Cl.NCC(CC(=O)O)c1ccc(Cl)cc1,BACLOFEN HYDROCHLORIDE (+/-),Inactive,
75328834,CCOC(=O)C(CCc1ccccc1)NC(C)C(=O)N1C(C(=O)O)CC2CCCC21,HDACQVRGBOVJII-UHFFFAOYSA-N,416.23112212399997,2.3831999999999995,1.0312,CCOC(=O)C(CCc1ccccc1)NC(C)C(=O)N1C(C(=O)O)CC2CCCC21,RAMIPRIL,Inactive,
71648095,CCOC(=O)C(CCc1ccccc1)NC(C)C(=O)N(CC(=O)O)C1Cc2ccccc2C1.Cl,FDJCVHVKXFIEPJ-UHFFFAOYSA-N,488.207799836,3.031400000000002,1.03135,CCOC(=O)C(CCc1ccccc1)NC(C)C(=O)N(CC(=O)O)C1Cc2ccccc2C1.Cl,DELAPRIL HYDROCHLORIDE,Inactive,
44741891,O=c1c2ccccc2oc2ccccc12,JNELGWHKGNBSMD-UHFFFAOYSA-N,196.052429496,2.946200000000001,1.03138,O=c1c2ccccc2oc2ccccc12,XANTHONE,Inactive,
24698979,C#CCCCCCCCCCCCC(O)CC(O)COC(C)=O.C=CCCCCCCCCCCCC(O)CC(O)COC(C)=O,VPOWSDDTEVCUHB-UHFFFAOYSA-N,654.5070692,7.72420000000001,1.0314,C#CCCCCCCCCCCCC(O)CC(O)COC(C)=O.C=CCCCCCCCCCCCC(O)CC(O)COC(C)=O,AVOCATIN A,Inactive,
99623470,CCCCNc1cc(C(=O)O)cc(S(N)(=O)=O)c1Oc1ccccc1,MAEIEVLCKWDQJH-UHFFFAOYSA-N,364.10929274,3.036500000000001,1.0315,CCCCNc1cc(C(=O)O)cc(S(N)(=O)=O)c1Oc1ccccc1,BUMETANIDE,Inactive,
27885462,COc1ncnc(NS(=O)(=O)c2ccc(N)cc2)c1OC,PJSFRIWCGOHTNF-UHFFFAOYSA-N,310.07357592799997,0.8768,1.031585,COc1ncnc(NS(=O)(=O)c2ccc(N)cc2)c1OC,SULFADOXINE,Inactive,
94585381,CCOC(=O)c1ncn2c1CN(C)C(=O)c1cc(F)ccc1-2,OFBIFZUFASYYRE-UHFFFAOYSA-N,303.101919528,1.7736999999999998,1.031615,CCOC(=O)c1ncn2c1CN(C)C(=O)c1cc(F)ccc1-2,FlUMAZENIL,Inactive,
74252291,CCNC1(c2cccs2)CCCCC1=O.Cl,ZUYKJZQOPXDNOK-UHFFFAOYSA-N,259.079762876,3.117800000000002,1.03175,CCNC1(c2cccs2)CCCCC1=O.Cl,TILETAMINE HYDROCHLORIDE,Inactive,
10242563,CC(=O)OC1CC2CCC3C(CCC4(C)C3CC([N+]3(C)CCCCC3)C4OC(C)=O)C2(C)CC1N1CCCCC1.[Br-],VEPSYABRBFXYIB-UHFFFAOYSA-M,636.3501704039999,2.9699000000000044,1.0319,CC(=O)OC1CC2CCC3C(CCC4(C)C3CC([N+]3(C)CCCCC3)C4OC(C)=O)C2(C)CC1N1CCCCC1.[Br-],VECURONIUM BROMIDE,Inactive,
32075169,NS(=O)(=O)c1cc2c(cc1Cl)NCNS2(=O)=O,JZUFKLXOESDKRF-UHFFFAOYSA-N,296.9644754159999,-0.35129999999999967,1.03199,NS(=O)(=O)c1cc2c(cc1Cl)NCNS2(=O)=O,HYDROCHLOROTHIAZIDE,Inactive,
10323511,Cc1ccc(N(CC2=NCCN2)c2cccc(O)c2)cc1.Cl,TUEJFGFQYKDAPM-UHFFFAOYSA-N,317.12948994,3.2622200000000023,1.03205,Cc1ccc(N(CC2=NCCN2)c2cccc(O)c2)cc1.Cl,PHENTOLAMINE HYDROCHLORIDE,Inactive,
11095690,CCC1C(=O)OCC1Cc1cncn1C.O=[N+]([O-])O,PRZXEPJJHQYOGF-UHFFFAOYSA-N,271.11682064400003,0.8141000000000003,1.03225,CCC1C(=O)OCC1Cc1cncn1C.O=[N+]([O-])O,PILOCARPINE NITRATE,Inactive,
83741309,Cl.c1ccc2c(c1)CCCC2C1=NCCN1,BJORNXNYWNIWEY-UHFFFAOYSA-N,236.10802622399999,2.5300000000000002,1.03235,Cl.c1ccc2c(c1)CCCC2C1=NCCN1,TETRAHYDROZOLINE HYDROCHLORIDE,Inactive,
58729767,Cl.O=C1CCC2(O)C3Cc4ccc(O)c5c4C2(CCN3CC2CC2)C1O5,RHBRMCOKKKZVRY-UHFFFAOYSA-N,377.139385928,1.9472,1.03235,Cl.O=C1CCC2(O)C3Cc4ccc(O)c5c4C2(CCN3CC2CC2)C1O5,NALTREXONE HYDROCHLORIDE,Inactive,
48148273,C=C(C)C1CCC2(C)CCC3(C)C(CCC4C5(C)CCC(O)C(C)(C)C5CCC43C)C12,MQYXUWHLBZFQQO-UHFFFAOYSA-N,426.38616621999995,8.02480000000001,1.032475,C=C(C)C1CCC2(C)CCC3(C)C(CCC4C5(C)CCC(O)C(C)(C)C5CCC43C)C12,LUPEOL,Inactive,
10464395,Cc1cn[nH]c1,RIKMMFOAQPJVMX-UHFFFAOYSA-N,82.053098192,0.7181199999999999,1.03255,Cc1cn[nH]c1,FOMEPIZOLE,Inactive,
25283387,CC(O)(CS(=O)(=O)c1ccc(F)cc1)C(=O)Nc1ccc(C#N)c(C(F)(F)F)c1,LKJPYSCBVHEWIU-UHFFFAOYSA-N,430.06104080800003,2.8795800000000007,1.032745,CC(O)(CS(=O)(=O)c1ccc(F)cc1)C(=O)Nc1ccc(C#N)c(C(F)(F)F)c1,BICALUTAMIDE,Inactive,
30536183,CC1=Nc2ccc(Cl)cc2S(=O)(=O)N1,GDLBFKVLRPITMI-UHFFFAOYSA-N,229.991676144,1.6818,1.03285,CC1=Nc2ccc(Cl)cc2S(=O)(=O)N1,DIAZOXIDE,Inactive,
71059568,O=C(O)C1=CC(O)C(O)C(O)C1,JXOHGGNKMLTUBP-UHFFFAOYSA-N,174.05282342,-1.5162000000000004,1.03285,O=C(O)C1=CC(O)C(O)C(O)C1,SHIKIMIC ACID,Inactive,
13069081,CN1CCC(=C2c3ccccc3CC(=O)c3sccc32)CC1.O=C(O)C=CC(=O)O,YNQQEYBLVYAWNX-UHFFFAOYSA-N,425.12969383599994,3.7262000000000013,1.032985,CN1CCC(=C2c3ccccc3CC(=O)c3sccc32)CC1.O=C(O)C=CC(=O)O,KETOTIFEN FUMARATE,Inactive,
82811713,CCOc1nc2cccc(C(=O)O)c2n1Cc1ccc(-c2ccccc2-c2nnn[nH]2)cc1,HTQMVQVXFRQIKW-UHFFFAOYSA-N,440.15968850000013,4.028600000000002,1.0332,CCOc1nc2cccc(C(=O)O)c2n1Cc1ccc(-c2ccccc2-c2nnn[nH]2)cc1,CANDESARTAN,Inactive,
80112786,CC(=O)C1(O)CCC2C3CCC4=CC(=O)CCC4(C)C3CCC21C,DBPWSSGDRRHUNT-UHFFFAOYSA-N,330.21949481999997,3.8384000000000027,1.0332,CC(=O)C1(O)CCC2C3CCC4=CC(=O)CCC4(C)C3CCC21C,HYDROXYPROGESTERONE,Inactive,
46183766,COc1ccc(C2CC(=O)c3c(O)cc(O)cc3O2)cc1O,AIONOLUJZLIMTK-UHFFFAOYSA-N,302.079038168,2.518500000000001,1.0332,COc1ccc(C2CC(=O)c3c(O)cc(O)cc3O2)cc1O,HESPERETIN,Inactive,
91032587,CC1=CC(=O)C2C(C)(C)CCCC2(C)C1(O)CCc1ccoc1,XDYGCIOWNPNVIH-UHFFFAOYSA-N,316.20384475599997,4.3049000000000035,1.0332,CC1=CC(=O)C2C(C)(C)CCCC2(C)C1(O)CCc1ccoc1,SOLIDAGENONE,Inactive,
10722831,CC(C)N1CCN(c2ccc(OCC3COC(Cn4cncn4)(c4ccc(Cl)cc4Cl)O3)cc2)CC1,BLSQLHNBWJLIBQ-UHFFFAOYSA-N,531.180395212,4.462700000000003,1.033375,CC(C)N1CCN(c2ccc(OCC3COC(Cn4cncn4)(c4ccc(Cl)cc4Cl)O3)cc2)CC1,TERCONAZOLE,Inactive,
72319341,C=CCSCC(N)C(=O)O,ZFAHNWWNDFHPOH-UHFFFAOYSA-N,161.051049592,0.31749999999999995,1.0334,C=CCSCC(N)C(=O)O,L-DEOXYALLIIN,Inactive,
24715199,CN(C)C(=N)NC(=N)N.Cl,OETHQSJEHLVLGH-UHFFFAOYSA-N,165.07812306399998,-0.6123600000000003,1.033415,CN(C)C(=N)NC(=N)N.Cl,METFORMIN HYDROCHLORIDE,Inactive,
66514940,C=CCC1(C(C)CCC)C(=O)N=C([S-])NC1=O.[Na+],LYZGJWXNOGIVQA-UHFFFAOYSA-M,276.090843064,-1.4515999999999971,1.0337,C=CCC1(C(C)CCC)C(=O)N=C([S-])NC1=O.[Na+],THIAMYLAL SODIUM,Inactive,
77861437,Cc1ccc(N=CN(C)C=Nc2ccc(C)cc2C)c(C)c1,QXAITBQSYVNQDR-UHFFFAOYSA-N,293.18919773600004,4.871880000000004,1.033775,Cc1ccc(N=CN(C)C=Nc2ccc(C)cc2C)c(C)c1,AMITRAZ,Inactive,
30127623,NC(=O)N1c2ccccc2C=Cc2ccccc21,FFGPTBGBLSHEPO-UHFFFAOYSA-N,236.094963004,3.3872000000000018,1.0338,NC(=O)N1c2ccccc2C=Cc2ccccc21,CARBAMAZEPINE,Inactive,
29779941,OCC1OC(OC2C(CO)OC(O)(CO)C2O)C(O)C(O)C1O,JCQLYHFGKNRPGE-UHFFFAOYSA-N,342.11621152399994,-5.395599999999993,1.03381,OCC1OC(OC2C(CO)OC(O)(CO)C2O)C(O)C(O)C1O,LACTULOSE,Inactive,
86341543,O=c1cccc2n1CC1CNCC2C1,ANJTVLIZGCUXLD-UHFFFAOYSA-N,190.110613068,0.5549999999999999,1.0339,O=c1cccc2n1CC1CNCC2C1,CYTISINE,Inactive,
11215129,Cl.Nc1ncnc(Nc2ccc(Cl)cc2)n1,UYCMHUVQSSDLAM-UHFFFAOYSA-N,257.023500648,2.2725999999999997,1.03395,Cl.Nc1ncnc(Nc2ccc(Cl)cc2)n1,CHLORAZANIL HYDROCHLORIDE,Inactive,
43117988,Cl.c1ccc(C2CN3CCSC3=N2)cc1,LAZPBGZRMVRFKY-UHFFFAOYSA-N,240.048797096,2.5679,1.033965,Cl.c1ccc(C2CN3CCSC3=N2)cc1,LEVAMISOLE HYDROCHLORIDE,Inactive,
25042876,Cn1cnc([N+](=O)[O-])c1Sc1[nH]cnc2ncnc1-2,LMEKQMALGUDUQG-UHFFFAOYSA-N,277.038193464,1.0973999999999997,1.03405,Cn1cnc([N+](=O)[O-])c1Sc1[nH]cnc2ncnc1-2,AZATHIOPRINE,Inactive,
11176230,COc1ccc(-c2cc(=O)c3ccccc3o2)cc1,OMICQBVLCVRFGN-UHFFFAOYSA-N,252.078644244,3.468600000000002,1.03405,COc1ccc(-c2cc(=O)c3ccccc3o2)cc1,4'-METHOXYFLAVONE,Inactive,
77983255,COc1cc2c3cc1Oc1c(OC)c(OC)cc4c1C(Cc1cccc(c1)Oc1ccc(c(O)c1)CC3N(C)CC2)N(C)CC4.Cl.Cl,SNFZOWCOEANLMI-UHFFFAOYSA-N,680.241992424,7.703000000000008,1.03435,COc1cc2c3cc1Oc1c(OC)c(OC)cc4c1C(Cc1cccc(c1)Oc1ccc(c(O)c1)CC3N(C)CC2)N(C)CC4.Cl.Cl,BERBAMINE HYDROCHLORIDE,Inactive,
38616751,Br.Cn1c(=O)c2c(ncn2C)n(C)c1=O,XXSSHQCOBPQFOL-UHFFFAOYSA-N,274.006537692,-0.4514,1.0344,Br.Cn1c(=O)c2c(ncn2C)n(C)c1=O,CAFFEINE HYDROBROMIDE,Inactive,
86391866,COc1ccc(C(=O)O)c(O)c1OC,CJFQIVAOBBTJCI-UHFFFAOYSA-N,198.05282342,1.1076,1.03455,COc1ccc(C(=O)O)c(O)c1OC,"2-HYDROXY-3,4-DIMETHOXYBENZOIC ACID",Inactive,
42522838,O=c1c(O)cc(C2Oc3cc(O)cc(O)c3CC2O)cc2c(C3Oc4cc(O)cc(O)c4CC3O)cc(O)c(O)c12,IPMYMEWFZKHGAX-UHFFFAOYSA-N,564.1267762079999,2.2134,1.03477,O=c1c(O)cc(C2Oc3cc(O)cc(O)c3CC2O)cc2c(C3Oc4cc(O)cc(O)c4CC3O)cc(O)c(O)c12,THEAFLAVIN,Inactive,
37894804,Cc1cc(O)c2c(c1)C(=O)c1c(c(O)cc(O)c1-c1c(O)cc(O)c3c1C(=O)c1cc(C)cc(O)c1C3=O)C2=O,MQSXZQXHIJMNAF-UHFFFAOYSA-N,538.0899967759999,3.754840000000003,1.034845,Cc1cc(O)c2c(c1)C(=O)c1c(c(O)cc(O)c1-c1c(O)cc(O)c3c1C(=O)c1cc(C)cc(O)c1C3=O)C2=O,SKYRIN,Inactive,
54183288,C(=CN1CCN(C(c2ccccc2)c2ccccc2)CC1)Cc1ccccc1,SSKFWBSXNIWCBH-UHFFFAOYSA-N,368.225248896,5.150000000000005,1.035,C(=CN1CCN(C(c2ccccc2)c2ccccc2)CC1)Cc1ccccc1,CINNARAZINE,Inactive,
89612971,CC1C(=O)OC2C1CCC1(C)CCC(=O)C(C)C21,BXRGGUXPWTWACZ-UHFFFAOYSA-N,250.156894564,2.5794000000000006,1.0351,CC1C(=O)OC2C1CCC1(C)CCC(=O)C(C)C21,ARTEPAULIN,Inactive,
80897472,Cc1cc(C(C)(C)C)cc(C)c1CC1=NCCN1.Cl,YGWFCQYETHJKNX-UHFFFAOYSA-N,280.17062648,3.566940000000003,1.03525,Cc1cc(C(C)(C)C)cc(C)c1CC1=NCCN1.Cl,XYLOMETAZOLINE HYDROCHLORIDE,Inactive,
11225332,CCCCC1=NC2(CCCC2)C(=O)N1Cc1ccc(-c2ccccc2-c2nnn[nH]2)cc1,YOSHYTLCDANDAN-UHFFFAOYSA-N,428.23245951600006,4.777400000000004,1.03535,CCCCC1=NC2(CCCC2)C(=O)N1Cc1ccc(-c2ccccc2-c2nnn[nH]2)cc1,IRBESARTAN,Inactive,
10034901,CC(=O)OCC=C(C)C=CC=C(C)C=CC1=C(C)CCCC1(C)C,QGNJRVVDBSJHIZ-UHFFFAOYSA-N,328.240230264,6.081100000000006,1.035415,CC(=O)OCC=C(C)C=CC=C(C)C=CC1=C(C)CCCC1(C)C,RETINYL ACETATE,Inactive,
25907875,CC=C1CC(C)C(O)(CO)C(=O)OCC2=CCN3CCC(OC1=O)C23,BCJMNZRQJAVDLD-UHFFFAOYSA-N,351.16818751999995,0.1652,1.0356,CC=C1CC(C)C(O)(CO)C(=O)OCC2=CCN3CCC(OC1=O)C23,RETRORSINE,Inactive,
95822662,N=C1NCCC(C2NC(=O)C(=CNC(N)=O)NC(=O)C(CNC(=O)CC(N)CCCN)NC(=O)C(CO)NC(=O)C(N)CNC2=O)N1.O=S(=O)(O)O,AJQVUIHGEOLMDY-UHFFFAOYSA-N,766.3140339120002,-8.677930000000016,1.035695,N=C1NCCC(C2NC(=O)C(=CNC(N)=O)NC(=O)C(CNC(=O)CC(N)CCCN)NC(=O)C(CO)NC(=O)C(N)CNC2=O)N1.O=S(=O)(O)O,CAPREOMYCIN SULFATE [4mM],Inactive,
11097194,CC12C=CC(=O)C=C1CCC1C3CC(O)C(O)(C(=O)CO)C3(C)CC(O)C12F,GFNANZIMVAIWHM-UHFFFAOYSA-N,394.179166804,0.6204999999999998,1.03575,CC12C=CC(=O)C=C1CCC1C3CC(O)C(O)(C(=O)CO)C3(C)CC(O)C12F,TRIAMCINOLONE,Inactive,
55039937,C#CC1(O)C=CC2C3CCC4=CC(=O)CCC4C3CCC21CC,SIGSPDASOTUPFS-UHFFFAOYSA-N,310.193280072,3.6586000000000025,1.035835,C#CC1(O)C=CC2C3CCC4=CC(=O)CCC4C3CCC21CC,GESTODENE,Inactive,
93364797,COc1ccc(CNc2nc(N3CCCC3CO)ncc2C(=O)NCc2ncccn2)cc1Cl,WEAJZXNPAWBCOA-UHFFFAOYSA-N,483.17856537200004,2.4318,1.03605,COc1ccc(CNc2nc(N3CCCC3CO)ncc2C(=O)NCc2ncccn2)cc1Cl,AVANAFIL,Inactive,
49686001,CC(=CCO)CCC(C)CCCC(C)CCCC(C)C,VNYGDSNUPVEJKI-UHFFFAOYSA-N,282.292265836,5.974000000000006,1.03605,CC(=CCO)CCC(C)CCCC(C)CCCC(C)C,PHYTOL,Inactive,
95260966,COC(=O)CC1C(C)(C)C(OC(C)=O)C2CC3=C4CC(=O)OC(c5ccoc5)C4(C)CCC3C1(C)C2=O,YOTCKRFNSMJTGD-UHFFFAOYSA-N,512.2410181119999,4.726600000000005,1.036255,COC(=O)CC1C(C)(C)C(OC(C)=O)C2CC3=C4CC(=O)OC(c5ccoc5)C4(C)CCC3C1(C)C2=O,FISSINOLIDE,Inactive,
19577418,CCC(NC(C)C)C(O)c1ccc(O)c(O)c1.CS(=O)(=O)O,SOYAGMVKMXZVNZ-UHFFFAOYSA-N,335.1402585199999,1.4118,1.0363,CCC(NC(C)C)C(O)c1ccc(O)c(O)c1.CS(=O)(=O)O,ISOETHARINE MESYLATE,Inactive,
16122026,CC(N)C12CC3CC(CC(C3)C1)C2.Cl,OZBDFBJXRJWNAV-UHFFFAOYSA-N,215.14407738399998,2.971800000000002,1.03638,CC(N)C12CC3CC(CC(C3)C1)C2.Cl,RIMANTADINE HYDROCHLORIDE,Inactive,
11451263,CC(C)CCCC(C)C1CCC2C3CC(O)C4(O)CC(O)CCC4(C)C3CCC12C,YMMFNKXZULYSOQ-UHFFFAOYSA-N,420.36034539599996,5.554300000000007,1.0365,CC(C)CCCC(C)C1CCC2C3CC(O)C4(O)CC(O)CCC4(C)C3CCC12C,"CHOLESTAN-3beta,5alpha,6beta-TRIOL",Inactive,
67263986,COc1ccnc(CS(=O)c2nc3cc(OC(F)F)ccc3[nH]2)c1OC,IQPSEEYGBUAQFF-UHFFFAOYSA-N,383.0751334,2.8843000000000005,1.03658,COc1ccnc(CS(=O)c2nc3cc(OC(F)F)ccc3[nH]2)c1OC,PANTOPRAZOLE,Inactive,
89986165,COCC12CN(C=O)C3C4C(OC)C1C3(C(OC)CC2O)C1CC2(O)C(OC)C(O)C4(OC(C)=O)C1C2OC(=O)c1ccccc1,SVQZFPSKTHNMRD-UHFFFAOYSA-N,645.2785258159997,-0.2153999999999936,1.0366,COCC12CN(C=O)C3C4C(OC)C1C3(C(OC)CC2O)C1CC2(O)C(OC)C(O)C4(OC(C)=O)C1C2OC(=O)c1ccccc1,OXONITINE,Inactive,
78024313,Nc1nc(N)nc(-c2cc(Cl)ccc2Cl)n1.O=C(O)C=CC(=O)O,PJLVTVAIERNDEQ-UHFFFAOYSA-N,371.01880919199994,1.7216,1.0367,Nc1nc(N)nc(-c2cc(Cl)ccc2Cl)n1.O=C(O)C=CC(=O)O,IRSOGLADINE MALEATE,Inactive,
14264433,COc1c(OC)c2occc2c2oc(=O)ccc12,BQPRWZCEKZLBHL-UHFFFAOYSA-N,246.05282342,2.556400000000001,1.03675,COc1c(OC)c2occc2c2oc(=O)ccc12,PIMPINELLIN,Inactive,
68317475,O=C(C=Cc1ccc(O)c(O)c1)OC1CC(O)(C(=O)O)CC(O)C1O,CWVRJTMFETXNAD-UHFFFAOYSA-N,354.09508215599993,-0.6459000000000001,1.03725,O=C(C=Cc1ccc(O)c(O)c1)OC1CC(O)(C(=O)O)CC(O)C1O,CHLOROGENIC ACID,Inactive,
98215629,Oc1ccc(C=Cc2cc(O)cc(O)c2)cc1,LUKBXSAWLPMMSZ-UHFFFAOYSA-N,228.078644244,2.9738000000000016,1.03735,Oc1ccc(C=Cc2cc(O)cc(O)c2)cc1,RESVERATROL,Inactive,
17524322,O=S(=O)([O-])NC1CCCCC1.[Na+],UDIPTWFVPPPURJ-UHFFFAOYSA-M,201.043558524,-2.6270999999999978,1.03755,O=S(=O)([O-])NC1CCCCC1.[Na+],SODIUM CYCLAMATE,Inactive,
53848416,COC1=CC(=O)OC(C=Cc2ccccc2)C1,XEAQIWGXBXCYFX-UHFFFAOYSA-N,230.094294308,2.5456000000000003,1.03757,COC1=CC(=O)OC(C=Cc2ccccc2)C1,KAWAIN,Inactive,
10579043,OCC1CCCN2CCCCC12,HDVAWXXJVMJBAR-UHFFFAOYSA-N,169.146664228,1.2431999999999999,1.037655,OCC1CCCN2CCCCC12,LUPININE,Inactive,
58734560,CC12CCC3c4ccc(OC(=O)c5ccccc5)cc4CCC3C1CCC2O,UYIFTLBWAOGQBI-UHFFFAOYSA-N,376.20384475599997,5.122800000000005,1.038,CC12CCC3c4ccc(OC(=O)c5ccccc5)cc4CCC3C1CCC2O,ESTRADIOL BENZOATE,Inactive,
76821149,CC1COC2=C1C(=O)C(=O)c1c2ccc2c1CCCC2(C)C,GVKKJJOMQCNPGB-UHFFFAOYSA-N,296.14124449999997,3.4433000000000025,1.038005,CC1COC2=C1C(=O)C(=O)c1c2ccc2c1CCCC2(C)C,CRYPTOTANSHINONE,Inactive,
38993215,O=C(O)c1ccc(-n2nc(-c3ccccc3O)nc2-c2ccccc2O)cc1,BOFQWVMAQOTZIW-UHFFFAOYSA-N,373.10625596,3.710700000000001,1.0381,O=C(O)c1ccc(-n2nc(-c3ccccc3O)nc2-c2ccccc2O)cc1,DEFERASIROX ,Inactive,
33944437,c1ccc(CN(CC2=NCCN2)c2ccccc2)cc1,REYFJDPCWQRWAA-UHFFFAOYSA-N,265.157897608,2.6949000000000014,1.03813,c1ccc(CN(CC2=NCCN2)c2ccccc2)cc1,ANTAZOLINE,Inactive,
12690040,O=C(Oc1ccccc1C(=O)O)c1ccccc1O,WVYADZUPLLSGPU-UHFFFAOYSA-N,258.05282342000004,2.309600000000001,1.0382,O=C(Oc1ccccc1C(=O)O)c1ccccc1O,SALSALATE,Inactive,
38913046,CNCC(O)c1cccc(O)c1.Cl,OCYSGIYOVXAGKQ-UHFFFAOYSA-N,203.071306368,1.0668,1.038265,CNCC(O)c1cccc(O)c1.Cl,L-PHENYLEPHRINE HYDROCHLORIDE,Inactive,
10761280,CCOC(=O)C(CCc1ccccc1)NC1CCc2ccccc2N(CC(=O)O)C1=O.Cl,VPSRQEHTHIMDQM-UHFFFAOYSA-N,460.176499708,2.9949000000000017,1.03846,CCOC(=O)C(CCc1ccccc1)NC1CCc2ccccc2N(CC(=O)O)C1=O.Cl,BENAZEPRIL HYDROCHLORIDE,Inactive,
49266146,NCCO.NCCO.O[AsH]O[AsH]O,RDTAODVGWVGGEV-UHFFFAOYSA-N,323.96476467599996,-4.604599999999996,1.0386,NCCO.NCCO.O[AsH]O[AsH]O,ARSENIC TRIOXIDE DIETHANOLAMINE SALT,Inactive,
10692013,COc1ccc2[nH]cc(CCNC(C)=O)c2c1,DRLFMBDRBRZALE-UHFFFAOYSA-N,232.121177752,1.8550999999999997,1.0386,COc1ccc2[nH]cc(CCNC(C)=O)c2c1,MELATONIN,Inactive,
51500824,Cc1ccccc1OCC(O)CO,JWDYCNIAQWPBHD-UHFFFAOYSA-N,182.094294308,0.7270199999999998,1.03865,Cc1ccccc1OCC(O)CO,MEPHENESIN,Inactive,
82627738,NC(=O)c1ncn(C2OC(CO)C(O)C2O)c1N,RTRQQBHATOEIAF-UHFFFAOYSA-N,258.09641954800003,-2.8242999999999996,1.03875,NC(=O)c1ncn(C2OC(CO)C(O)C2O)c1N,ACADESINE,Inactive,
93015849,Cc1cc(NC(=O)C2=C(O)c3ccccc3S(=O)(=O)N2C)no1,YYUAYBYLJSNDCX-UHFFFAOYSA-N,335.05759151600006,1.48242,1.038935,Cc1cc(NC(=O)C2=C(O)c3ccccc3S(=O)(=O)N2C)no1,ISOXICAM,Inactive,
44939143,COC(=O)C1=C(C)NC(C)=C(C(=O)OCCN(C)Cc2ccccc2)C1c1cccc([N+](=O)[O-])c1.Cl,AIKVCUNQWYTVTO-UHFFFAOYSA-N,515.18231336,4.099600000000004,1.03925,COC(=O)C1=C(C)NC(C)=C(C(=O)OCCN(C)Cc2ccccc2)C1c1cccc([N+](=O)[O-])c1.Cl,NICARDIPINE HYDROCHLORIDE,Inactive,
10017866,CNCCC(Oc1ccccc1C)c1ccccc1.Cl,LUCXVPAZUDVVBT-UHFFFAOYSA-N,291.138992004,4.146420000000004,1.0393,CNCCC(Oc1ccccc1C)c1ccccc1.Cl,ATOMOXETINE HYDROCHLORIDE,Inactive,
33812642,COc1ccc(-c2cc(=O)c3c(O)c(OC)c(OC4OC(COC5OC(C)C(O)C(O)C5O)C(O)C(O)C4O)cc3o2)cc1,DUXQKCCELUKXOE-UHFFFAOYSA-N,622.1897703879999,-0.7866999999999995,1.039365,COc1ccc(-c2cc(=O)c3c(O)c(OC)c(OC4OC(COC5OC(C)C(O)C(O)C5O)C(O)C(O)C4O)cc3o2)cc1,PECTOLINARIN,Inactive,
55453576,Cc1onc(-c2ccccc2Cl)c1C(=O)NC1C(=O)N2C1SC(C)(C)C2C(=O)[O-].[Na+],SCLZRKVZRBKZCR-UHFFFAOYSA-M,457.04751360399996,-1.7819799999999977,1.03937,Cc1onc(-c2ccccc2Cl)c1C(=O)NC1C(=O)N2C1SC(C)(C)C2C(=O)[O-].[Na+],CLOXACILLIN SODIUM,Inactive,
10895963,Cn1c(=O)c2c(ncn2CC(O)CO)n(C)c1=O,KSCFJBIXMNOVSH-UHFFFAOYSA-N,254.101504928,-2.213099999999999,1.03945,Cn1c(=O)c2c(ncn2CC(O)CO)n(C)c1=O,DYPHYLLINE,Inactive,
19417530,Oc1c(I)cc(I)c2cccnc12,UXZFQZANDVDGMM-UHFFFAOYSA-N,396.8460597800001,3.1496000000000013,1.03945,Oc1c(I)cc(I)c2cccnc12,IODOQUINOL,Inactive,
24179546,Cc1cc(=O)oc2cc(O)c(O)cc12,KVOJTUXGYQVLAJ-UHFFFAOYSA-N,192.042258736,1.5126199999999996,1.03981,Cc1cc(=O)oc2cc(O)c(O)cc12,4-METHYLESCULETIN,Inactive,
50692549,CC(N)CCCC(C)(C)O.Cl,JZNBMCOSOXIZJB-UHFFFAOYSA-N,181.12334194,1.6966,1.04025,CC(N)CCCC(C)(C)O.Cl,HEPTAMINOL HYDROCHLORIDE,Inactive,
39109651,CC(C)(O)C(Cl)(Cl)Cl,OSASVXMJTNOKOY-UHFFFAOYSA-N,175.956247884,2.127500000000001,1.04042,CC(C)(O)C(Cl)(Cl)Cl,CHLOROBUTANOL,Inactive,
64304796,Cn1c(=O)c2c(ncn2CC2OCCO2)n(C)c1=O,HWXIGFIVGWUZAO-UHFFFAOYSA-N,266.101504928,-1.1933999999999994,1.04075,Cn1c(=O)c2c(ncn2CC2OCCO2)n(C)c1=O,DOXOFYLLINE,Inactive,
16624129,CCC(=O)OC1C2CC3=C4CC(=O)OC(c5ccoc5)C4(C)CCC3C(C)(C2=O)C(CC(=O)OC)C1(C)C,SXDJQLIGPRXBTP-UHFFFAOYSA-N,526.256668176,5.116700000000005,1.04101,CCC(=O)OC1C2CC3=C4CC(=O)OC(c5ccoc5)C4(C)CCC3C(C)(C2=O)C(CC(=O)OC)C1(C)C,KHAYASIN C,Inactive,
69119183,COC(=O)C1=C(C#N)NC(C)=C(C(=O)OC(C)C)C1c1cccc([N+](=O)[O-])c1,FAIIFDPAEUKBEP-UHFFFAOYSA-N,385.127385328,2.4578800000000003,1.041115,COC(=O)C1=C(C#N)NC(C)=C(C(=O)OC(C)C)C1c1cccc([N+](=O)[O-])c1,NILVADIPINE,Inactive,
91725176,COc1ccccc1OCC(O)CN1CCN(CC(=O)Nc2c(C)cccc2C)CC1.Cl.Cl,RJNSNFZXAZXOFX-UHFFFAOYSA-N,499.20046196000004,3.151640000000002,1.04125,COc1ccccc1OCC(O)CN1CCN(CC(=O)Nc2c(C)cccc2C)CC1.Cl.Cl,RANOLAZINE DIHYDROCHLORIDE,Inactive,
43735557,Cc1cc2c(cc1C(=O)c1ccc(C(=O)O)cc1)C(C)(C)CCC2(C)C,QADGBOQVBUXZKO-UHFFFAOYSA-N,350.18819469199997,5.273220000000005,1.04135,Cc1cc2c(cc1C(=O)c1ccc(C(=O)O)cc1)C(C)(C)CCC2(C)C,BEXAROTENE,Inactive,
18435445,CN(C)CCC(c1ccc(Br)cc1)c1ccccn1.O=C(O)C=CC(=O)O,SRGKFVAASLQVBO-UHFFFAOYSA-N,434.08411931599994,3.639500000000001,1.0414,CN(C)CCC(c1ccc(Br)cc1)c1ccccn1.O=C(O)C=CC(=O)O,BROMPHENIRAMINE MALEATE,Inactive,
41714074,CC(C)NCC(O)COc1ccc(COCCOC(C)C)cc1.O=C(O)C=CC(=O)O,RZPZLFIUFMNCLY-UHFFFAOYSA-N,441.2362670799999,2.077699999999999,1.04165,CC(C)NCC(O)COc1ccc(COCCOC(C)C)cc1.O=C(O)C=CC(=O)O,BISOPROLOL FUMARATE,Inactive,
80513532,NNC(=O)c1ccncc1,QRXWMOHMRWLFEY-UHFFFAOYSA-N,137.058911844,-0.3149000000000006,1.04188,NNC(=O)c1ccncc1,ISONIAZID,Inactive,
50593492,COc1cc(C=O)cc(OC)c1OC,OPHQOIGEOHXOGX-UHFFFAOYSA-N,196.073558864,1.5248999999999997,1.04195,COc1cc(C=O)cc(OC)c1OC,"3,4,5-TRIMETHOXYBENZALDEHYDE",Inactive,
17423899,Nc1ncnc2c1ncn2C1OC(COP(=O)(O)OP(=O)([O-])OP(=O)([O-])O)C(O)C1O.[Na+].[Na+],TTWYZDPBDWHJOR-UHFFFAOYSA-L,550.9596339579999,-8.885000000000003,1.04205,Nc1ncnc2c1ncn2C1OC(COP(=O)(O)OP(=O)([O-])OP(=O)([O-])O)C(O)C1O.[Na+].[Na+],ADENOSINE TRIPHOSPHATE DISODIUM,Inactive,
96190932,CC(C)(C)NCC(O)COc1cccc2c1CC(O)C(O)C2,VWPOSFSPZNDTMJ-UHFFFAOYSA-N,309.194008344,0.6347999999999998,1.04215,CC(C)(C)NCC(O)COc1cccc2c1CC(O)C(O)C2,NADOLOL,Inactive,
64952332,OCC1OC(OC2C(CO)OC(O)C(O)C2O)C(O)C(O)C1O,GUBGYTABKSRVRQ-UHFFFAOYSA-N,342.11621152399994,-5.397199999999993,1.04227,OCC1OC(OC2C(CO)OC(O)C(O)C2O)C(O)C(O)C1O,CELLOBIOSE (D[+]),Inactive,
24159397,COc1ccc2c(=O)cc(-c3ccccc3OC)oc2c1,WVWDHKIZBHIGJE-UHFFFAOYSA-N,282.089208928,3.4772000000000025,1.0423,COc1ccc2c(=O)cc(-c3ccccc3OC)oc2c1,"7,2'-DIMETHOXYFLAVONE",Inactive,
27774224,Cc1cc2cc3c(C)cc(=O)oc3c(C)c2o1,FMHHVULEAZTJMA-UHFFFAOYSA-N,228.078644244,3.4644600000000025,1.0424,Cc1cc2cc3c(C)cc(=O)oc3c(C)c2o1,TRIOXSALEN,Inactive,
90464533,CNCC(O)C(O)C(O)C(O)CO.Cc1c(Nc2ncccc2C(=O)O)cccc1C(F)(F)F,MGCCHNLNRBULBU-UHFFFAOYSA-N,491.18793489599994,0.4923200000000007,1.0424,CNCC(O)C(O)C(O)C(O)CO.Cc1c(Nc2ncccc2C(=O)O)cccc1C(F)(F)F,FLUNIXIN MEGLUMINE,Inactive,
75839091,CCCN(CCC)S(=O)(=O)c1ccc(C(=O)O)cc1,DBABZHXKTCFAPX-UHFFFAOYSA-N,285.10347908800003,2.1955,1.0425,CCCN(CCC)S(=O)(=O)c1ccc(C(=O)O)cc1,PROBENECID,Inactive,
42666241,O=c1c(O)c(-c2ccccc2)oc2ccccc12,HVQAJTFOCKOKIN-UHFFFAOYSA-N,238.06299418,3.1656000000000013,1.0425,O=c1c(O)c(-c2ccccc2)oc2ccccc12,3-HYDROXYFLAVONE,Inactive,
90672563,O=C(O)c1ccccc1C(=O)Nc1ccc(S(=O)(=O)Nc2nccs2)cc1,PBMSWVPMRUJMPE-UHFFFAOYSA-N,403.02966251600003,2.894400000000001,1.04255,O=C(O)c1ccccc1C(=O)Nc1ccc(S(=O)(=O)Nc2nccs2)cc1,PHTHALYLSULFATHIAZOLE,Inactive,
82492003,COc1ccc(CCN(C)CCCC(C#N)(c2ccc(OC)c(OC)c2)C(C)C)cc1OC.Cl,DOQPXTMNIUCOSY-UHFFFAOYSA-N,490.25983540799996,5.514880000000007,1.0426,COc1ccc(CCN(C)CCCC(C#N)(c2ccc(OC)c(OC)c2)C(C)C)cc1OC.Cl,VERAPAMIL HYDROCHLORIDE,Inactive,
11507096,COc1ccc2c(=O)c(OC)c(-c3ccccc3)oc2c1,CNDZOPXQZSXGSK-UHFFFAOYSA-N,282.089208928,3.4772000000000025,1.04275,COc1ccc2c(=O)c(OC)c(-c3ccccc3)oc2c1,"3,7-DIMETHOXYFLAVONE",Inactive,
75013151,CCCC(C)(COC(N)=O)COC(=O)NC(C)C,OFZCIYFFPZCNJE-UHFFFAOYSA-N,260.173607248,2.0227,1.0429,CCCC(C)(COC(N)=O)COC(=O)NC(C)C,CARISOPRODOL,Inactive,
56382827,COc1cc(OC)c(C(=O)CCCN2CCCC2)c(OC)c1.Cl,ZDPACSAHMZADFZ-UHFFFAOYSA-N,343.15503599199997,3.192900000000002,1.043,COc1cc(OC)c(C(=O)CCCN2CCCC2)c(OC)c1.Cl,BUFLOMEDIL HYDROCHLORIDE,Inactive,
33225538,CCN1CCCC1CNC(=O)c1cc(S(N)(=O)=O)ccc1OC,BGRJTUBHPOOWDU-UHFFFAOYSA-N,341.140927216,0.5567000000000012,1.0432,CCN1CCCC1CNC(=O)c1cc(S(N)(=O)=O)ccc1OC,LEVOSULPIRIDE,Inactive,
68186255,CC(C)(C)C(=O)C(Oc1ccc(Cl)cc1)n1ccnc1,OWEGWHBOCFMBLP-UHFFFAOYSA-N,292.097855464,3.729300000000002,1.0436,CC(C)(C)C(=O)C(Oc1ccc(Cl)cc1)n1ccnc1,CLIMBAZOLE,Inactive,
10882736,CC1=C2N=C(C=C3N=C(C(C)=C4N=C(C(CC(N)=O)C4(C)CCC(=O)NCC(C)OP(=O)(O)OC4C(CO)OC(n5c[n+]([Co]C#N)c6cc(C)c(C)cc65)C4O)C4(C)N=C1C(CCC(N)=O)C4(C)CC(N)=O)C(CCC(N)=O)C3(C)C)C(CCC(N)=O)C2(C)CC(N)=O,OEEKSCBDGPRZJZ-UHFFFAOYSA-N,1354.5668515460895,2.8652200000000123,1.04365,CC1=C2N=C(C=C3N=C(C(C)=C4N=C(C(CC(N)=O)C4(C)CCC(=O)NCC(C)OP(=O)(O)OC4C(CO)OC(n5c[n+]([Co]C#N)c6cc(C)c(C)cc65)C4O)C4(C)N=C1C(CCC(N)=O)C4(C)CC(N)=O)C(CCC(N)=O)C3(C)C)C(CCC(N)=O)C2(C)CC(N)=O,CYANOCOBALAMIN,Inactive,
14287699,O=C([O-])C=CC(=O)[O-].[Fe+2],PMVSDNDAUGGCCE-UHFFFAOYSA-L,169.930246044,-2.9600999999999997,1.04382,O=C([O-])C=CC(=O)[O-].[Fe+2],FERROUS FUMARATE,Inactive,
15648367,Cl.NCCc1cc(O)c(O)cc1O,QLMRJHFAGVFUAC-UHFFFAOYSA-N,205.050570924,0.7263999999999999,1.04395,Cl.NCCc1cc(O)c(O)cc1O,OXIDOPAMINE HYDROCHLORIDE,Inactive,
26852722,CC[N+]1(C)CCCC(OC(=O)C(O)(c2ccccc2)c2ccccc2)C1.[Br-],XEDCWWFPZMHXCM-UHFFFAOYSA-M,433.125255856,0.09860000000000158,1.0441,CC[N+]1(C)CCCC(OC(=O)C(O)(c2ccccc2)c2ccccc2)C1.[Br-],PIPENZOLATE BROMIDE,Inactive,
11308094,NCCc1ccc(O)cc1,DZGWFCGJZKJUFP-UHFFFAOYSA-N,137.084063972,0.8934,1.04425,NCCc1ccc(O)cc1,TYRAMINE,Inactive,
42153845,COc1ccc(C(=O)O)cc1,ZEYHEAKUIGZSGI-UHFFFAOYSA-N,152.047344116,1.3934,1.04445,COc1ccc(C(=O)O)cc1,p-ANISIC ACID,Inactive,
13720761,COc1c(O)cc2c(c1O)C1OC(CO)C(O)C(O)C1OC2=O,YWJXCIXBAKGUKZ-UHFFFAOYSA-N,328.07943209199993,-1.2006000000000006,1.04475,COc1c(O)cc2c(c1O)C1OC(CO)C(O)C(O)C1OC2=O,BERGENIN,Inactive,
70029565,CCCCC(=O)C1CCCC=C1C(=O)O,PHVSWPDOXIQPTN-UHFFFAOYSA-N,210.125594436,2.556800000000001,1.04475,CCCCC(=O)C1CCCC=C1C(=O)O,SEDANOIC ACID,Inactive,
11459695,CCOC(=O)C(C)(C)Oc1ccc(Cl)cc1,KNHUKKLJHYUCFP-UHFFFAOYSA-N,242.07097202,3.060500000000001,1.0448,CCOC(=O)C(C)(C)Oc1ccc(Cl)cc1,CLOFIBRATE,Inactive,
14837752,Oc1ccc(C2Oc3cc(O)cc(O)c3CC2O)cc1,RSYUFYQTACJFML-UHFFFAOYSA-N,274.08412354800004,1.8404999999999996,1.04485,Oc1ccc(C2Oc3cc(O)cc(O)c3CC2O)cc1,"EPIAFZELECHIN (2R,3R)(-)",Inactive,
60826595,Nc1ncnc2[nH]cnc12,GFFGJBXGBJISGV-UHFFFAOYSA-N,135.05449516,-0.0648999999999999,1.0449,Nc1ncnc2[nH]cnc12,ADENINE,Inactive,
94286953,CC(=O)OC1(C(C)=O)CCC2C3C=C(Cl)C4=CC(=O)CCC4(C)C3CCC21C,QMBJSIBWORFWQT-UHFFFAOYSA-N,404.175437088,4.751700000000005,1.04495,CC(=O)OC1(C(C)=O)CCC2C3C=C(Cl)C4=CC(=O)CCC4(C)C3CCC21C,CHLORMADINONE ACETATE,Inactive,
10666352,Cl.NCCS,OGMADIBCHLQMIP-UHFFFAOYSA-N,113.00659793599999,0.2967,1.044985,Cl.NCCS,CYSTEAMINE HYDROCHLORIDE,Inactive,
11554676,CCCCCCCCCCC(C(=O)O)C1(C(=O)O)CCC(=O)O1,TUXHHVJPGQUPCF-UHFFFAOYSA-N,328.18858861599995,3.378400000000001,1.04505,CCCCCCCCCCC(C(=O)O)C1(C(=O)O)CCC(=O)O1,SPICULISPORIC ACID,Inactive,
75879567,COc1cc(O)c(C(C)=O)c(OC)c1,FBUBVLUPUDBFME-UHFFFAOYSA-N,196.073558864,1.6119999999999999,1.0452,COc1cc(O)c(C(C)=O)c(OC)c1,XANTHOXYLIN,Inactive,
40195950,C#CC1(O)CCC2C3CCC4=CCCCC4C3CCC21C,YNVGQYHLRCDXFQ-UHFFFAOYSA-N,284.214015516,4.313500000000004,1.045525,C#CC1(O)CCC2C3CCC4=CCCCC4C3CCC21C,LYNESTRENOL,Inactive,
12135393,CC(C)C(O)=C1C(=O)OC(c2ccoc2)C2(C)C(O)C(O)C34OC5(C)OC3(C12)C(O)C1(O)C(O)C2(C)CC1(O5)C4(C)C2CC(=O)O,FLRUCNJMPLRHQE-UHFFFAOYSA-N,648.24180596,0.6579000000000002,1.0456,CC(C)C(O)=C1C(=O)OC(c2ccoc2)C2(C)C(O)C(O)C34OC5(C)OC3(C12)C(O)C1(O)C(O)C2(C)CC1(O5)C4(C)C2CC(=O)O,HYDROLYSIS PRODUCT OF BUSSEIN,Inactive,
48293108,CCN(CC)S(=O)(=O)c1ccc(C(=O)O)cc1,UACOQEQOBAQRDQ-UHFFFAOYSA-N,257.07217896000003,1.4153000000000002,1.04565,CCN(CC)S(=O)(=O)c1ccc(C(=O)O)cc1,ETEBENECID,Inactive,
56616750,Cc1c[nH]cn1,XLSZMDLNRCVEIJ-UHFFFAOYSA-N,82.053098192,0.7181199999999999,1.0457,Cc1c[nH]cn1,4-METHYLIMIDAZOLE,Inactive,
60758911,CC1=C2CC3C(CC=C4CC(O)CCC43C)C2CCC12OC1CC(C)CNC1C2C,QASFUMOKHFSJGL-UHFFFAOYSA-N,411.31372955200004,5.0019000000000045,1.04573,CC1=C2CC3C(CC=C4CC(O)CCC43C)C2CCC12OC1CC(C)CNC1C2C,CYCLOPAMINE,Inactive,
56990570,CC=NN(C)C=O,IMAGWKUTFZRWSB-UHFFFAOYSA-N,100.063662876,0.08030000000000004,1.0458,CC=NN(C)C=O,GYROMITRIN,Inactive,
62617564,CCOC(=O)NNc1nncc2ccccc12.Cl,OMCOKCNIYWULQH-UHFFFAOYSA-N,268.072703336,2.1246000000000005,1.04584,CCOC(=O)NNc1nncc2ccccc12.Cl,TODRALAZINE HYDROCHLORIDE,Inactive,
16915019,Cc1ccc(O)cc1,IWDCLRJOBJJRNH-UHFFFAOYSA-N,108.057514876,1.7006199999999998,1.04622,Cc1ccc(O)cc1,CRESOL,Inactive,
90527965,CN1CCc2cccc3c2C1Cc1ccc(O)c(O)c1-3.Cl,SKYZYDSNJIOXRL-UHFFFAOYSA-N,303.10260649599996,3.271700000000003,1.04625,CN1CCc2cccc3c2C1Cc1ccc(O)c(O)c1-3.Cl,APOMORPHINE HYDROCHLORIDE,Inactive,
82108290,CCOC(=O)C(CCc1ccccc1)NC(C)C(=O)N1C(C(=O)O)CC2CCCCC21,VXFJYXUZANRPDJ-UHFFFAOYSA-N,430.24677218799997,2.7733000000000008,1.04632,CCOC(=O)C(CCc1ccccc1)NC(C)C(=O)N1C(C(=O)O)CC2CCCCC21,TRANDOLAPRIL,Inactive,
67919594,COc1cc2nc(N3CCN(C(=O)C4COc5ccccc5O4)CC3)nc(N)c2cc1OC.CS(=O)(=O)O,VJECBOKJABCYMF-UHFFFAOYSA-N,547.173683888,1.2218000000000007,1.04635,COc1cc2nc(N3CCN(C(=O)C4COc5ccccc5O4)CC3)nc(N)c2cc1OC.CS(=O)(=O)O,DOXAZOSIN MESYLATE,Inactive,
89474911,COc1ccc2c(c1)OCC(Cc1ccc(O)c(OC)c1)C2=O,OFAYBXSZQCUARK-UHFFFAOYSA-N,314.115423676,2.843400000000001,1.0464,COc1ccc2c(c1)OCC(Cc1ccc(O)c(OC)c1)C2=O,"DEOXYSAPPANONE B 7,3'-DIMETHYL ETHER",Inactive,
75867748,Nc1nc2c(ncn2COC(CO)CO)c(=O)[nH]1.O,KLXHZXWXXKSKRU-UHFFFAOYSA-N,273.10731858,-2.795599999999999,1.04652,Nc1nc2c(ncn2COC(CO)CO)c(=O)[nH]1.O,GANCICLOVIR HYDRATE,Inactive,
90151463,O=c1c(O)c(-c2cc(O)c(O)c(O)c2)oc2cc(O)cc(O)c12,IKMDFBPHZNJCSN-UHFFFAOYSA-N,318.03756727999996,1.6935999999999998,1.04655,O=c1c(O)c(-c2cc(O)c(O)c(O)c2)oc2cc(O)cc(O)c12,MYRICETIN,Inactive,
91310013,COc1cc2ccc(=O)oc2c2ccoc12,DLCJNIBLOSKIQW-UHFFFAOYSA-N,216.042258736,2.5478000000000005,1.04675,COc1cc2ccc(=O)oc2c2ccoc12,SPHONDIN,Inactive,
93744574,CC(CS)C(=O)N1CCCC1C(=O)O,FAKRSMQSSFJEIM-UHFFFAOYSA-N,217.07726434,0.6279000000000001,1.04695,CC(CS)C(=O)N1CCCC1C(=O)O,CAPTOPRIL,Inactive,
56072019,CC1OC(OCC2OC(Oc3c(-c4ccc(OCCO)c(OCCO)c4)oc4cc(OCCO)cc(O)c4c3=O)C(O)C(O)C2O)C(O)C(O)C1O,IYVFNTXFRYQLRP-UHFFFAOYSA-N,742.2320291240002,-2.6905999999999968,1.04698,CC1OC(OCC2OC(Oc3c(-c4ccc(OCCO)c(OCCO)c4)oc4cc(OCCO)cc(O)c4c3=O)C(O)C(O)C2O)C(O)C(O)C1O,TROXERUTIN,Inactive,
68641301,CN1C(=O)CC(c2ccccc2)C1=O,WLWFNJKHKGIJNW-UHFFFAOYSA-N,189.078978592,1.1588999999999998,1.04723,CN1C(=O)CC(c2ccccc2)C1=O,PHENSUCCIMIDE,Inactive,
42967930,FC(F)(Cl)C(F)(F)Cl,DDMOUSALMHHKOS-UHFFFAOYSA-N,169.93131824,2.6495999999999995,1.0474,FC(F)(Cl)C(F)(F)Cl,CRYOFLURANE,Inactive,
67677119,Nc1ccc(S(=O)(=O)Nc2nccs2)cc1,JNMRHUJNCSQMMB-UHFFFAOYSA-N,255.013618528,1.5261,1.04755,Nc1ccc(S(=O)(=O)Nc2nccs2)cc1,SULFATHIAZOLE,Inactive,
75399033,CCOC(=O)CC(SP(=S)(OC)OC)C(=O)OCC,JXSJBGJIGXNWCI-UHFFFAOYSA-N,330.036066958,2.1218000000000004,1.04765,CCOC(=O)CC(SP(=S)(OC)OC)C(=O)OCC,MALATHION,Inactive,
39098436,CCCCOC(=O)c1ccc(O)cc1,QFOHBWFCKVYLES-UHFFFAOYSA-N,194.094294308,2.349100000000001,1.0478,CCCCOC(=O)c1ccc(O)cc1,BUTYL PARABEN,Inactive,
19906489,CC1CC2C(C(O)CC3(C)C2CCC3(O)C(=O)COC(=O)CCC(=O)[O-])C2(C)C=CC(=O)C=C12.[Na+],FQISKWAFAHGMGT-UHFFFAOYSA-M,496.20731229599994,-2.1113999999999935,1.04785,CC1CC2C(C(O)CC3(C)C2CCC3(O)C(=O)COC(=O)CCC(=O)[O-])C2(C)C=CC(=O)C=C12.[Na+],METHYLPREDNISOLONE SODIUM SUCCINATE,Inactive,
11285321,CCC(CO)NCCNC(CC)CO.Cl.Cl,AUAHHJJRFHRVPV-UHFFFAOYSA-N,276.137133432,0.5509999999999997,1.0479,CCC(CO)NCCNC(CC)CO.Cl.Cl,ETHAMBUTOL HYDROCHLORIDE,Inactive,
84309377,COC1=C(OC)C(=O)C(CCCCCCCCCCO)=C(C)C1=O,JGPMMRGNQUBGND-UHFFFAOYSA-N,338.20932406,3.4623000000000026,1.048025,COC1=C(OC)C(=O)C(CCCCCCCCCCO)=C(C)C1=O,IDEBENONE,Inactive,
10743402,COc1ccc(-n2nc(C(N)=O)c3c2C(=O)N(c2ccc(N4CCCCC4=O)cc2)CC3)cc1,QNZCBYKSOIHPEH-UHFFFAOYSA-N,459.19065428,2.699600000000001,1.04815,COc1ccc(-n2nc(C(N)=O)c3c2C(=O)N(c2ccc(N4CCCCC4=O)cc2)CC3)cc1,APIXABAN,Inactive,
35970609,CCCc1cc(=O)[nH]c(=S)[nH]1,KNAHARQHSZJURB-UHFFFAOYSA-N,170.05138394,1.38499,1.04825,CCCc1cc(=O)[nH]c(=S)[nH]1,PROPYLTHIOURACIL,Inactive,
76817461,CC(C)(C)C(O)(CCc1ccc(Cl)cc1)Cn1cncn1,PXMNMQRDXWABCY-UHFFFAOYSA-N,307.14514000400004,3.3415000000000017,1.04825,CC(C)(C)C(O)(CCc1ccc(Cl)cc1)Cn1cncn1,TEBUCONAZOLE,Inactive,
47247926,CS(C)(=O)=O,HHVIBTZHLRERCL-UHFFFAOYSA-N,94.008850432,-0.33919999999999995,1.04825,CS(C)(=O)=O,DIMETHYLSULFONE,Inactive,
50274182,O=S(=O)([O-])CCCS(=O)(=O)[O-].[Na+].[Na+],DKGJFKPIUSHDIT-UHFFFAOYSA-L,247.940118472,-7.5251,1.0483,O=S(=O)([O-])CCCS(=O)(=O)[O-].[Na+].[Na+],EPRODISATE DISODIUM,Inactive,
10252674,CCC(=O)OC(CC(=O)O)C[N+](C)(C)C.[Cl-],KTFMPDDJYRFWQE-UHFFFAOYSA-N,253.1080858,-2.5068999999999955,1.0483,CCC(=O)OC(CC(=O)O)C[N+](C)(C)C.[Cl-],LEVOCARNITINE PROPIONATE HYDROCHLORIDE,Inactive,
77814484,O=C(OC1Cc2c(O)cc(O)cc2OC1c1cc(O)c(O)c(O)c1-c1c(C2Oc3cc(O)cc(O)c3CC2OC(=O)c2cc(O)c(O)c(O)c2)cc(O)c(O)c1O)c1cc(O)c(O)c(O)c1,YUULFXAQUWEYNP-UHFFFAOYSA-N,914.1541727280003,4.446800000000015,1.0483,O=C(OC1Cc2c(O)cc(O)cc2OC1c1cc(O)c(O)c(O)c1-c1c(C2Oc3cc(O)cc(O)c3CC2OC(=O)c2cc(O)c(O)c(O)c2)cc(O)c(O)c1O)c1cc(O)c(O)c(O)c1,"2',2'-BISEPIGALLOCATECHIN DIGALLATE",Inactive,
11383243,CC(C=CC1(O)C(C)=CC(=O)CC1(C)C)=CC(=O)O,JLIDBLDQVAYHNE-UHFFFAOYSA-N,264.13615912,2.2499,1.04836,CC(C=CC1(O)C(C)=CC(=O)CC1(C)C)=CC(=O)O,"ABSCISIC ACID (cis,trans; +/-)",Inactive,
43243655,CC1OC(OCC2OC(Oc3c(-c4ccc(O)c(O)c4)oc4cc(O)cc(O)c4c3=O)C(O)C(O)C2O)C(O)C(O)C1O,IKGXIBQEEMLURG-UHFFFAOYSA-N,610.15338488,-1.6871000000000003,1.0484,CC1OC(OCC2OC(Oc3c(-c4ccc(O)c(O)c4)oc4cc(O)cc(O)c4c3=O)C(O)C(O)C2O)C(O)C(O)C1O,RUTIN,Inactive,
79496080,Cc1cccn2c(=O)c(-c3nnn[n-]3)cnc12.[K+],NMMVKSMGBDRONO-UHFFFAOYSA-N,266.031840524,-3.1838799999999994,1.04885,Cc1cccn2c(=O)c(-c3nnn[n-]3)cnc12.[K+],PEMIROLAST POTASSIUM,Inactive,
96769270,CC(=O)Oc1cc2c(s1)CCN(C(C(=O)C1CC1)c1ccccc1F)C2,DTGLZDAWLRGWQN-UHFFFAOYSA-N,373.11479271999997,3.8910000000000036,1.04913,CC(=O)Oc1cc2c(s1)CCN(C(C(=O)C1CC1)c1ccccc1F)C2,PRASUGREL,Inactive,
44789793,COc1ccc2c(c1)OCC(=Cc1ccc(OC)c(O)c1)C2=O,VCNDHJFYRZQMHX-UHFFFAOYSA-N,312.099773612,3.068100000000001,1.04915,COc1ccc2c(c1)OCC(=Cc1ccc(OC)c(O)c1)C2=O,SAPPANONE A DIMETHYL ETHER,Inactive,
98428005,CC(C)[N+](C)(CCC(C(N)=O)(c1ccccc1)c1ccccc1)C(C)C.[I-],BFSMWENDZZIWPW-UHFFFAOYSA-N,480.16376167600004,1.1155000000000013,1.0492,CC(C)[N+](C)(CCC(C(N)=O)(c1ccccc1)c1ccccc1)C(C)C.[I-],ISOPROPAMIDE IODIDE,Inactive,
67495633,CCc1cccc2c3c([nH]c12)C(CC)(CC(=O)O)OCC3,NNYBQONXHNTVIJ-UHFFFAOYSA-N,287.152143532,3.383000000000002,1.0493,CCc1cccc2c3c([nH]c12)C(CC)(CC(=O)O)OCC3,ETODOLAC,Inactive,
17521971,Br.COC(=O)C1=CCCN(C)C1,AXOJRQLKMVSHHZ-UHFFFAOYSA-N,235.020790788,0.9992,1.0495,Br.COC(=O)C1=CCCN(C)C1,ARECOLINE HYDROBROMIDE,Inactive,
46242811,Cc1ccc(S(=O)(=O)[N-]Cl)cc1.[Na+],VDQQXEISLMTGAB-UHFFFAOYSA-N,226.978371424,-0.78478,1.0495,Cc1ccc(S(=O)(=O)[N-]Cl)cc1.[Na+],CHLORAMINE-T,Inactive,
20220369,CC12C=CC(=O)C=C1CCC1C2C(O)CC2(C)C1CCC2(O)C(=O)CO,OIGNJSKKLXVSLS-UHFFFAOYSA-N,360.1936739959999,1.5575999999999999,1.04955,CC12C=CC(=O)C=C1CCC1C2C(O)CC2(C)C1CCC2(O)C(=O)CO,PREDNISOLONE,Inactive,
70725982,CCCCC1C(=O)N(c2ccccc2)N(c2ccccc2)C1=O,VYMDGNCVAMGZFE-UHFFFAOYSA-N,308.15247787999994,3.7878000000000025,1.0496,CCCCC1C(=O)N(c2ccccc2)N(c2ccccc2)C1=O,PHENYLBUTAZONE,Inactive,
53318691,COC(=O)Nc1nc2cc(C(=O)c3ccccc3)ccc2[nH]1,OPXLLQIJSORQAM-UHFFFAOYSA-N,295.0956912760001,2.972200000000001,1.04975,COC(=O)Nc1nc2cc(C(=O)c3ccccc3)ccc2[nH]1,MEBENDAZOLE,Inactive,
11489026,CC(O)C(N)C(=O)O,AYFVYJQAPQTCCC-UHFFFAOYSA-N,119.058243148,-1.2208999999999997,1.0499,CC(O)C(N)C(=O)O,THREONINE (L),Inactive,
33324661,COCCOC(=O)C1=C(C)NC(C)=C(C(=O)OC(C)C)C1c1cccc([N+](=O)[O-])c1,UIAGMCDKSXEBJQ-UHFFFAOYSA-N,418.174001172,2.9708000000000014,1.050005,COCCOC(=O)C1=C(C)NC(C)=C(C(=O)OC(C)C)C1c1cccc([N+](=O)[O-])c1,NIMODIPINE,Inactive,
69107708,COc1ccc(-c2nc3cc(C4=NNC(=O)CC4C)ccc3[nH]2)cc1,GLBJJMFZWDBELO-UHFFFAOYSA-N,334.142975816,3.098600000000001,1.0501,COc1ccc(-c2nc3cc(C4=NNC(=O)CC4C)ccc3[nH]2)cc1,PIMOBENDAN,Inactive,
41641249,COc1cc(C=CC(N)=O)cc(OC)c1OC,LRLKZVMLJBNNPE-UHFFFAOYSA-N,237.10010796,1.2109,1.0503,COc1cc(C=CC(N)=O)cc(OC)c1OC,CINTRIAMIDE,Inactive,
19385843,CC(=O)NCCc1ccc(O)c(-c2c(O)c(O)c3c(c2O)C(=O)c2c(cc(O)c(C(=O)O)c2C(=O)O)C3=O)c1,IHLWXZNPOVMUFQ-UHFFFAOYSA-N,537.0907250479997,1.732000000000001,1.050305,CC(=O)NCCc1ccc(O)c(-c2c(O)c(O)c3c(c2O)C(=O)c2c(cc(O)c(C(=O)O)c2C(=O)O)C3=O)c1,LACCAIC ACID A,Inactive,
10758343,CC=CC(=O)N(CC)c1ccccc1C,DNTGGZPQPQTDQF-UHFFFAOYSA-N,203.131014164,2.9240200000000014,1.050335,CC=CC(=O)N(CC)c1ccccc1C,CROTAMITON,Inactive,
30589538,O=C(OC1Cc2c(O)cc(O)cc2OC1c1ccc(O)c(O)c1)c1cc(O)c(O)c(O)c1,LSHVYAFMTMFKBA-UHFFFAOYSA-N,442.0899967759999,2.5276000000000005,1.05055,O=C(OC1Cc2c(O)cc(O)cc2OC1c1ccc(O)c(O)c1)c1cc(O)c(O)c(O)c1,EPICATECHIN MONOGALLATE,Inactive,
10934124,Nc1nc(=O)c2c([nH]1)NCC(CNc1ccc(C(=O)NC(CCC(=O)[O-])C(=O)[O-])cc1)N2C=O.[Ca+2],KVUAALJSMIVURS-UHFFFAOYSA-L,511.1128369919999,-3.7812999999999963,1.050565,Nc1nc(=O)c2c([nH]1)NCC(CNc1ccc(C(=O)NC(CCC(=O)[O-])C(=O)[O-])cc1)N2C=O.[Ca+2],LEUCOVORIN CALCIUM,Inactive,
65437165,O=C1O[Bi](O)Oc2ccccc21,ZREIPSZUJIFJNP-UHFFFAOYSA-K,361.99918234,0.21300000000000008,1.0506,O=C1O[Bi](O)Oc2ccccc21,BISMUTH SUBSALICYLATE,Inactive,
87816382,COC1=CC2C3Cc4ccc(OC)c(O)c4C2(CCN3C)CC1=O,INYYVPJSBIVGPH-UHFFFAOYSA-N,329.162708216,2.0180999999999996,1.050785,COC1=CC2C3Cc4ccc(OC)c(O)c4C2(CCN3C)CC1=O,SINOMENINE,Inactive,
96570023,CNC(=O)Oc1cccc2ccccc12,CVXBEEMKQHEXEN-UHFFFAOYSA-N,201.078978592,2.5580000000000007,1.0508,CNC(=O)Oc1cccc2ccccc12,CARBARIL,Inactive,
88154594,OCC(CO)NC1CC(O)(CO)C(O)C(O)C1O,FZNCGRZWXLXZSZ-UHFFFAOYSA-N,267.13180201200004,-4.492399999999994,1.05097,OCC(CO)NC1CC(O)(CO)C(O)C(O)C1O,VOGLIBOSE,Inactive,
48209978,Cn1c(=O)cc(N2CCCC(N)C2)n(Cc2ccccc2C#N)c1=O.O=C(O)c1ccccc1,KEJICOXJTRHYAK-UHFFFAOYSA-N,461.206304344,1.7792800000000006,1.05103,Cn1c(=O)cc(N2CCCC(N)C2)n(Cc2ccccc2C#N)c1=O.O=C(O)c1ccccc1,ALOGLIPTIN BENZOATE,Inactive,
49118546,CCC(C(N)=O)N1CCCC1=O,HPHUVLMMVZITSG-UHFFFAOYSA-N,170.105527688,-0.12729999999999997,1.0511,CCC(C(N)=O)N1CCCC1=O,LEVETIRACETAM,Inactive,
92249107,Nc1ncnc2c1ncn2C1OC(COP(=O)(O)O)C(O)C1O,UDMBCSSLTHHNCD-UHFFFAOYSA-N,347.0630844179999,-1.8630000000000009,1.05115,Nc1ncnc2c1ncn2C1OC(COP(=O)(O)O)C(O)C1O,ADENOSINE 5-MONOPHOSPHATE,Inactive,
79862965,CCCCCC=CCCC(=O)NC1C(Oc2c3cc4cc2Oc2ccc(cc2Cl)C(OC2OC(CO)C(O)C(O)C2NC(C)=O)C2NC(=O)C(NC(=O)C4NC(=O)C4NC(=O)C(Cc5ccc(c(Cl)c5)O3)NC(=O)C(N)c3ccc(O)c(c3)Oc3cc(O)cc4c3)c3ccc(O)c(c3)-c3c(OC4OC(CO)C(O)C(O)C4O)cc(O)cc3C(C(=O)O)NC2=O)OC(CO)C(O)C1O,YMWQIYMUNZBOOV-UHFFFAOYSA-N,1875.5409318599984,0.9396000000000104,1.05125,CCCCCC=CCCC(=O)NC1C(Oc2c3cc4cc2Oc2ccc(cc2Cl)C(OC2OC(CO)C(O)C(O)C2NC(C)=O)C2NC(=O)C(NC(=O)C4NC(=O)C4NC(=O)C(Cc5ccc(c(Cl)c5)O3)NC(=O)C(N)c3ccc(O)c(c3)Oc3cc(O)cc4c3)c3ccc(O)c(c3)-c3c(OC4OC(CO)C(O)C(O)C4O)cc(O)cc3C(C(=O)O)NC2=O)OC(CO)C(O)C1O,TEICOPLANIN [A(2-1) shown],Inactive,
40759886,C=C(C)C1CC=C(CO)CC1,NDTYTMIUWGWIMO-UHFFFAOYSA-N,152.120115132,2.2813,1.05125,C=C(C)C1CC=C(CO)CC1,PERILLYL ALCOHOL,Inactive,
42699796,O=C(O)C1OC(Oc2cc3oc(-c4ccccc4)cc(=O)c3c(O)c2O)C(O)C(O)C1O,IKIIZLYTISPENI-UHFFFAOYSA-N,446.0849113959999,0.14219999999999955,1.05125,O=C(O)C1OC(Oc2cc3oc(-c4ccccc4)cc(=O)c3c(O)c2O)C(O)C(O)C1O,BAICALIN,Inactive,
51577743,O=C1c2ccccc2C(=O)c2c(O)c(O)cc(O)c21,BBNQQADTFFCFGB-UHFFFAOYSA-N,256.03717335600004,1.5788000000000004,1.0516,O=C1c2ccccc2C(=O)c2c(O)c(O)cc(O)c21,PURPURIN,Inactive,
10149311,CC12CC(=O)C3C(CCC4=CC(=O)CCC43C)C1CCC2=O,RZRPTBIGEANTGU-UHFFFAOYSA-N,300.17254462799997,3.2664000000000017,1.05185,CC12CC(=O)C3C(CCC4=CC(=O)CCC43C)C1CCC2=O,ADRENOSTERONE,Inactive,
42042756,CC1=C(CC(=O)O)c2cc(F)ccc2C1=Cc1ccc(S(C)=O)cc1,MLKXDPUZXIRXEP-UHFFFAOYSA-N,356.088243624,4.365500000000003,1.05205,CC1=C(CC(=O)O)c2cc(F)ccc2C1=Cc1ccc(S(C)=O)cc1,SULINDAC,Inactive,
50730579,N#CC(OC1OC(COC2OC(CO)C(O)C(O)C2O)C(O)C(O)C1O)c1ccccc1,XUCIJNAGGSZNQT-UHFFFAOYSA-N,457.15841068399993,-3.108019999999997,1.05205,N#CC(OC1OC(COC2OC(CO)C(O)C(O)C2O)C(O)C(O)C1O)c1ccccc1,AMYGDALIN,Inactive,
63101171,CCCC1OC2CC3C4CCC5=CC(=O)C=CC5(C)C4C(O)CC3(C)C2(C(=O)CO)O1,VOVIALXJUBGFJZ-UHFFFAOYSA-N,430.2355388079999,2.7168000000000014,1.0521,CCCC1OC2CC3C4CCC5=CC(=O)C=CC5(C)C4C(O)CC3(C)C2(C(=O)CO)O1,BUDESONIDE,Inactive,
21344347,CCN(CC)CC#CCOC(=O)C(O)(c1ccccc1)C1CCCCC1.Cl,SWIJYDAEGSIQPZ-UHFFFAOYSA-N,393.207071564,3.7647000000000035,1.0522,CCN(CC)CC#CCOC(=O)C(O)(c1ccccc1)C1CCCCC1.Cl,OXYBUTYNIN CHLORIDE,Inactive,
41704512,CC1CC(=O)NN=C1c1ccc(NN=C(C#N)C#N)cc1,WHXMKTBCFHIYNQ-UHFFFAOYSA-N,280.10725900399996,1.3617599999999999,1.0523,CC1CC(=O)NN=C1c1ccc(NN=C(C#N)C#N)cc1,LEVOSIMENDAN,Inactive,
30943184,COc1cc2c(cc1OC)C13CCN4CC5=CCOC6CC(=O)N2C1C6C5CC43,RRKTZKIUPZVBMF-UHFFFAOYSA-N,394.189257312,2.1097,1.05275,COc1cc2c(cc1OC)C13CCN4CC5=CCOC6CC(=O)N2C1C6C5CC43,BRUCINE,Inactive,
76576979,COc1ccc(-c2coc3cc(O)ccc3c2=O)cc1,HKQYGTCOTHHOMP-UHFFFAOYSA-N,268.073558864,3.1742000000000017,1.053,COc1ccc(-c2coc3cc(O)ccc3c2=O)cc1,FORMONONETIN,Inactive,
11639186,C[N+]1(C)C2CC(OC(=O)C(CO)c3ccccc3)CC1C1OC12.[Br-],CXYRUNPLKGGUJF-UHFFFAOYSA-M,397.08887034799994,-1.9332999999999958,1.05335,C[N+]1(C)C2CC(OC(=O)C(CO)c3ccccc3)CC1C1OC12.[Br-],METHSCOPOLAMINE BROMIDE,Inactive,
69533290,CCC1(O)CC(O)c2c(cc3c(c2O)C(=O)c2c(O)ccc(O)c2C3=O)C1C(=O)OC,RWCVSDKDFSVZNF-UHFFFAOYSA-N,428.11073221999993,1.4135999999999997,1.053355,CCC1(O)CC(O)c2c(cc3c(c2O)C(=O)c2c(O)ccc(O)c2C3=O)C1C(=O)OC,RUTILANTINONE,Inactive,
54659231,C[N+](C)(C)CCCCCCCCCC[N+](C)(C)C.[Br-].[Br-],HLXQFVXURMXRPU-UHFFFAOYSA-L,416.1401734159999,-2.4723999999999915,1.0534,C[N+](C)(C)CCCCCCCCCC[N+](C)(C)C.[Br-].[Br-],DECAMETHONIUM BROMIDE,Inactive,
74531700,C#CC(C)(O)CC,QXLPXWSKPNOQLE-UHFFFAOYSA-N,98.07316494,0.7806,1.0534,C#CC(C)(O)CC,MEPARFYLON,Inactive,
98270862,CC1CCC2C(C)(C)C3CC12CCC3(C)O,SVURIXNDRWRAFU-UHFFFAOYSA-N,222.198365452,3.609800000000003,1.0535,CC1CCC2C(C)(C)C3CC12CCC3(C)O,CEDROL,Inactive,
51279706,CC(C=CC=C(C)C=CC(=O)C1(C)CC(O)CC1(C)C)=CC=CC=C(C)C=CC=C(C)C=CC1=C(C)CC(O)CC1(C)C,VYIRVAXUEZSDNC-UHFFFAOYSA-N,584.422945652,9.806299999999997,1.053535,CC(C=CC=C(C)C=CC(=O)C1(C)CC(O)CC1(C)C)=CC=CC=C(C)C=CC=C(C)C=CC1=C(C)CC(O)CC1(C)C,CAPSANTHIN,Inactive,
10740045,COc1cc(O)c2c(=O)c3cc(OC)c(OC)cc3oc2c1,YBXGACGRJWDKHC-UHFFFAOYSA-N,302.079038168,2.677600000000001,1.0536,COc1cc(O)c2c(=O)c3cc(OC)c(OC)cc3oc2c1,"MAGNIFERITIN 3,6,7-TRIMETHYL ETHER",Inactive,
34754646,CC(C)=CCOc1cc2oc(=O)ccc2cc1O,AWEFUQDNSBBNCR-UHFFFAOYSA-N,246.089208928,2.8436000000000017,1.05385,CC(C)=CCOc1cc2oc(=O)ccc2cc1O,PRENYLETIN,Inactive,
46323286,CC=CCC(C)C(O)C1C(=O)NC(CC)C(=O)N(C)CC(=O)N(C)C(CC(C)C)C(=O)NC(C(C)C)C(=O)N(C)C(CC(C)C)C(=O)NC(C)C(=O)NC(C)C(=O)N(C)C(CC(C)C)C(=O)N(C)C(CC(C)C)C(=O)N(C)C(C(C)C)C(=O)N1C,PMATZTZNYRCHOR-UHFFFAOYSA-N,1201.8413679919997,3.2690000000000046,1.0539,CC=CCC(C)C(O)C1C(=O)NC(CC)C(=O)N(C)CC(=O)N(C)C(CC(C)C)C(=O)NC(C(C)C)C(=O)N(C)C(CC(C)C)C(=O)NC(C)C(=O)NC(C)C(=O)N(C)C(CC(C)C)C(=O)N(C)C(CC(C)C)C(=O)N(C)C(C(C)C)C(=O)N1C,CYCLOSPORINE,Inactive,
10708213,COc1cc2nc(N(C)CCCNC(=O)C3CCCO3)nc(N)c2cc1OC.Cl,YTNKWDJILNVLGX-UHFFFAOYSA-N,425.182982056,1.7724999999999995,1.0539,COc1cc2nc(N(C)CCCNC(=O)C3CCCO3)nc(N)c2cc1OC.Cl,ALFUZOSIN HYDROCHLORIDE,Inactive,
11457081,CC1(C)C(C=C(Cl)Cl)C1C(=O)OCc1cccc(Oc2ccccc2)c1,RLLPVAHGXHCWKJ-UHFFFAOYSA-N,390.07894985999997,6.113300000000004,1.05395,CC1(C)C(C=C(Cl)Cl)C1C(=O)OCc1cccc(Oc2ccccc2)c1,PERMETHRIN,Inactive,
85950594,CC(=O)CC(c1ccccc1)c1c(O)c2ccccc2oc1=O,PJVWKTKQMONHTI-UHFFFAOYSA-N,308.10485899199995,3.609600000000003,1.0541,CC(=O)CC(c1ccccc1)c1c(O)c2ccccc2oc1=O,WARFARIN,Inactive,
32743004,O=c1[nH]cnc2nc[nH]c12,FDGQSTZJBFJUBT-UHFFFAOYSA-N,136.038510748,-0.35380000000000006,1.05415,O=c1[nH]cnc2nc[nH]c12,HYPOXANTHINE,Inactive,
49268479,CN1C(CC(=O)c2ccccc2)CCCC1CC(O)c1ccccc1.Cl,MKMYPTLXLWOUSO-UHFFFAOYSA-N,373.180856816,4.657800000000006,1.05425,CN1C(CC(=O)c2ccccc2)CCCC1CC(O)c1ccccc1.Cl,LOBELINE HYDROCHLORIDE,Inactive,
42229492,CCC=CCC=CCC=CCC=CCC=CCC=CCCC(=O)O,MBMBGCFOFBJSGT-UHFFFAOYSA-N,328.24023026399993,6.548900000000006,1.05425,CCC=CCC=CCC=CCC=CCC=CCC=CCCC(=O)O,DOCONEXENT,Inactive,
64143836,CC1(C)OC2CC3C4CCC5=CC(=O)C=CC5(C)C4C(O)CC3(C)C2(C(=O)CO)O1,WBGKWQHBNHJJPZ-UHFFFAOYSA-N,416.2198887439999,2.326700000000001,1.05435,CC1(C)OC2CC3C4CCC5=CC(=O)C=CC5(C)C4C(O)CC3(C)C2(C(=O)CO)O1,DESONIDE,Inactive,
11162280,O=C1CCCC2C3CCCN4CCCC(CN12)C34,ZSBXGIUJOOQZMP-UHFFFAOYSA-N,248.188863388,1.8717,1.05445,O=C1CCCC2C3CCCN4CCCC(CN12)C34,MATRINE,Inactive,
76657392,CC(=O)OC1C(=O)C2(C)C(O)CC3OCC3(OC(C)=O)C2C(OC(=O)c2ccccc2)C2(O)CC(OC(=O)C(O)C(NC(=O)c3ccccc3)c3ccccc3)C(C)=C1C2(C)C,RCINICONZNJXQF-UHFFFAOYSA-N,853.3309553119999,3.735700000000003,1.0545,CC(=O)OC1C(=O)C2(C)C(O)CC3OCC3(OC(C)=O)C2C(OC(=O)c2ccccc2)C2(O)CC(OC(=O)C(O)C(NC(=O)c3ccccc3)c3ccccc3)C(C)=C1C2(C)C,PACLITAXEL,Inactive,
87880235,COc1ccc2c(c1)C(=O)N(CCc1ccc(S(=O)(=O)NC(=O)NC3CCCCC3)cc1)C(=O)C2(C)C,LLJFMFZYVVLQKT-UHFFFAOYSA-N,527.2090067759999,3.518500000000002,1.0545,COc1ccc2c(c1)C(=O)N(CCc1ccc(S(=O)(=O)NC(=O)NC3CCCCC3)cc1)C(=O)C2(C)C,GLIQUIDONE,Inactive,
13851192,CC(N)C(O)c1ccc(O)c(O)c1,GEFQWZLICWMTKF-UHFFFAOYSA-N,183.089543276,0.4784,1.05455,CC(N)C(O)c1ccc(O)c(O)c1,LEVONORDEFRIN,Inactive,
28835356,Cc1ncc(CO)c(CO)c1O.Cl,ZUFQODAHGAHPFQ-UHFFFAOYSA-N,205.050570924,0.5020199999999997,1.0547,Cc1ncc(CO)c(CO)c1O.Cl,PYRIDOXINE HYDROCHLORIDE,Inactive,
11278372,CC(C=CC=C(C)C=CC1=C(C)C(=O)CCC1(C)C)=CC=CC=C(C)C=CC=C(C)C=CC1=C(C)C(=O)CCC1(C)C,FDSDTBUPSURDBL-UHFFFAOYSA-N,564.396730904,10.96379999999999,1.05475,CC(C=CC=C(C)C=CC1=C(C)C(=O)CCC1(C)C)=CC=CC=C(C)C=CC=C(C)C=CC1=C(C)C(=O)CCC1(C)C,CANTHAXANTHIN (euglenanone),Inactive,
54643339,C[Se]CCC(N)C(=O)O,RJFAYQIBOAGBLC-UHFFFAOYSA-N,196.995499892,-0.040999999999999925,1.0549,C[Se]CCC(N)C(=O)O,SELENOMETHIONINE,Inactive,
87944816,COc1cc(OC)c2ccc(=O)oc2c1,NXJCRELRQHZBQA-UHFFFAOYSA-N,206.0579088,1.8102,1.05495,COc1cc(OC)c2ccc(=O)oc2c1,CITROPTEN,Inactive,
11572210,CN(C)c1cc(NC(=O)CNC(C)(C)C)c(O)c2c1CC1CC3C(N(C)C)C(O)=C(C(N)=O)C(=O)C3(O)C(O)=C1C2=O,FPZLLRFZJZRHSY-UHFFFAOYSA-N,585.2798632079999,0.5132000000000028,1.05525,CN(C)c1cc(NC(=O)CNC(C)(C)C)c(O)c2c1CC1CC3C(N(C)C)C(O)=C(C(N)=O)C(=O)C3(O)C(O)=C1C2=O,TIGECYCLINE,Inactive,
10953465,Cc1cc(=O)oc2c(O)c(O)ccc12,NWQBYMPNIJXFNQ-UHFFFAOYSA-N,192.042258736,1.5126199999999996,1.055345,Cc1cc(=O)oc2c(O)c(O)ccc12,4-METHYLDAPHNETIN,Inactive,
32619913,CC(C)(Oc1ccc(C2CC2(Cl)Cl)cc1)C(=O)O,KPSRODZRAIWAKH-UHFFFAOYSA-N,288.03199966799997,3.589800000000003,1.05545,CC(C)(Oc1ccc(C2CC2(Cl)Cl)cc1)C(=O)O,CIPROFIBRATE,Inactive,
76162378,CCCSc1ccc2nc(NC(=O)OC)[nH]c2c1,HXHWSAZORRCQMX-UHFFFAOYSA-N,265.08849772,3.2433000000000005,1.0558,CCCSc1ccc2nc(NC(=O)OC)[nH]c2c1,ALBENDAZOLE,Inactive,
11482990,C[N+](C)(C)CCO.[Cl-],SGMZJAMFUVOLNK-UHFFFAOYSA-M,139.076391748,-3.3110999999999975,1.05615,C[N+](C)(C)CCO.[Cl-],CHOLINE CHLORIDE,Inactive,
96988972,CN1CCN(C(=O)OC2c3nccnc3C(=O)N2c2ccc(Cl)cn2)CC1,GBBSUAFBMRNDJC-UHFFFAOYSA-N,388.10506608400004,1.5679999999999998,1.0562,CN1CCN(C(=O)OC2c3nccnc3C(=O)N2c2ccc(Cl)cn2)CC1,ESZOPICLONE,Inactive,
51479362,O=C1C(=Cc2cccs2)CCCC1=Cc1cccs1,KHXBULXCCPIELT-UHFFFAOYSA-N,286.04860706799997,5.029600000000003,1.05665,O=C1C(=Cc2cccs2)CCCC1=Cc1cccs1,TENYLIDONE,Inactive,
61442706,CCCCCN(CCCCC)C(=O)C(CCC(=O)[O-])NC(=O)c1ccc(Cl)c(Cl)c1.[Na+],JCNPYMDDOUQTBK-UHFFFAOYSA-M,480.155857112,0.8349000000000015,1.0567,CCCCCN(CCCCC)C(=O)C(CCC(=O)[O-])NC(=O)c1ccc(Cl)c(Cl)c1.[Na+],LORGLUMIDE SODIUM,Inactive,
44284876,COc1cc(C)c(C(=O)Oc2cc(C)c(C(=O)O)c(O)c2C)c(OC)c1C,MIJKZXWOOXIEEU-UHFFFAOYSA-N,374.136553044,3.560480000000002,1.057,COc1cc(C)c(C(=O)Oc2cc(C)c(C(=O)O)c(O)c2C)c(OC)c1C,DIFFRACTAIC ACID,Inactive,
93007621,OCC(O)C(O)C(O)C(O)C(O)CO,OXQKEKGBFMQTML-UHFFFAOYSA-N,212.089602852,-4.224499999999998,1.0572,OCC(O)C(O)C(O)C(O)C(O)CO,PERSEITOL,Inactive,
10947089,COC(=O)Nc1nc2cc(C(=O)c3cccs3)ccc2[nH]1,KYRVNWMVYQXFEU-UHFFFAOYSA-N,301.05211221200005,3.0337000000000005,1.05735,COC(=O)Nc1nc2cc(C(=O)c3cccs3)ccc2[nH]1,NOCODAZOLE,Inactive,
51212352,NC(=O)NC(CCC(=O)O)C(=O)O,LCQLHJZYVOQKHU-UHFFFAOYSA-N,190.05897142,-1.0273000000000003,1.057535,NC(=O)NC(CCC(=O)O)C(=O)O,CARGLUMIC ACID,Inactive,
97210699,NCCCCC(NC(CCc1ccccc1)C(=O)O)C(=O)N1CCCC1C(=O)O,RLAWWYSOJDYHDC-UHFFFAOYSA-N,405.22637109199997,1.2352000000000007,1.05765,NCCCCC(NC(CCc1ccccc1)C(=O)O)C(=O)N1CCCC1C(=O)O,LISINOPRIL,Inactive,
56095710,CC1(C)SC2C(NC(=O)C(N)c3ccccc3)C(=O)N2C1C(=O)[O-].[Na+],KLOHDWPABZXLGI-UHFFFAOYSA-M,371.09157133599996,-4.012599999999997,1.05771,CC1(C)SC2C(NC(=O)C(N)c3ccccc3)C(=O)N2C1C(=O)[O-].[Na+],AMPICILLIN SODIUM,Inactive,
37858855,CCCCCCCC(=O)OCC(COC(=O)CCCCCCC)OC(=O)CCCCCCC,VLPFTAMPNXLGLX-UHFFFAOYSA-N,470.36073931999994,7.066100000000009,1.05775,CCCCCCCC(=O)OCC(COC(=O)CCCCCCC)OC(=O)CCCCCCC,CAPRYILIDENE,Inactive,
17465408,C#CC1(O)CCC2C3CCC4=CC(=O)CCC4C3CCC21C,VIKNJXKGJWUCNN-UHFFFAOYSA-N,298.193280072,3.4925000000000024,1.0578,C#CC1(O)CCC2C3CCC4=CC(=O)CCC4C3CCC21C,NORETHINDRONE,Inactive,
73605986,C=CC(C1=CC(=O)C(OC)=CC1=O)c1ccc(O)cc1,DLCVFIMWFKVRTM-UHFFFAOYSA-N,270.089208928,2.2702999999999998,1.05785,C=CC(C1=CC(=O)C(OC)=CC1=O)c1ccc(O)cc1, 4-METHOXY-4'-HYDROXY-DALBERGIONE,Inactive,
10245779,NC(CCC(=O)NC(CS)C(=O)NCC(=O)O)C(=O)O,RWSXRVCMGQZWBV-UHFFFAOYSA-N,307.083806264,-2.2060999999999984,1.05805,NC(CCC(=O)NC(CS)C(=O)NCC(=O)O)C(=O)O,GLUTATHIONE,Inactive,
32663544,O=C1CN(N=Cc2ccc(-c3ccc([N+](=O)[O-])cc3)o2)C(=O)[N-]1.[Na+],KSRLIXGNPXAZHD-UHFFFAOYSA-M,336.047063668,-0.47140000000000026,1.05815,O=C1CN(N=Cc2ccc(-c3ccc([N+](=O)[O-])cc3)o2)C(=O)[N-]1.[Na+],DANTROLENE SODIUM,Inactive,
73362195,COc1ccc2nc(S(=O)Cc3ncc(C)c(OC)c3C)[nH]c2c1,SUBDBMMJDZJVOS-UHFFFAOYSA-N,345.11471246800005,2.8997400000000004,1.0582,COc1ccc2nc(S(=O)Cc3ncc(C)c(OC)c3C)[nH]c2c1,OMEPRAZOLE,Inactive,
66041055,Cc1ccc(S(=O)(=O)NC(=O)NN2CCCCCC2)cc1,OUDSBRTVNLOZBN-UHFFFAOYSA-N,311.13036253200005,1.7739199999999995,1.05825,Cc1ccc(S(=O)(=O)NC(=O)NN2CCCCCC2)cc1,TOLAZAMIDE,Inactive,
58809494,COC1=CC(C)C2CC3OC(=O)CC4C(C)=C(OC)C(=O)C(C2(C)C1=O)C34C,IOSXSVZRTUWBHC-UHFFFAOYSA-N,388.18858861599995,2.819000000000001,1.0583,COC1=CC(C)C2CC3OC(=O)CC4C(C)=C(OC)C(=O)C(C2(C)C1=O)C34C,QUASSIN,Inactive,
60376332,CCOP(=S)(OCC)Oc1nc(Cl)c(Cl)cc1Cl,SBPBAQFWLVIOKP-UHFFFAOYSA-N,348.926283882,4.718100000000002,1.0584,CCOP(=S)(OCC)Oc1nc(Cl)c(Cl)cc1Cl,CHLORPYRIFOS,Inactive,
74949339,CC1OC(OC2C(O)CC(OC3C(O)CC(OC4CCC5(C)C(CCC6C5CCC5(C)C(C7=CC(=O)OC7)CCC65O)C4)OC3C)OC2C)CC(O)C1O,WDJUZGPOPHTGOT-UHFFFAOYSA-N,764.4346921080001,3.2473000000000014,1.05843,CC1OC(OC2C(O)CC(OC3C(O)CC(OC4CCC5(C)C(CCC6C5CCC5(C)C(C7=CC(=O)OC7)CCC65O)C4)OC3C)OC2C)CC(O)C1O,DIGITOXIN,Inactive,
34481213,O=c1[nH]c(=O)n(C2CC(O)C(CO)O2)cc1I,XQFRJNBWHJMXHO-UHFFFAOYSA-N,353.97126945200006,-1.2181000000000002,1.0588,O=c1[nH]c(=O)n(C2CC(O)C(CO)O2)cc1I,IDOXURIDINE,Inactive,
91555810,CCCCOc1ccc(OCCCN2CCOCC2)cc1.Cl,SYCBXBCPLUFJID-UHFFFAOYSA-N,329.175771436,3.388400000000003,1.05885,CCCCOc1ccc(OCCCN2CCOCC2)cc1.Cl,PRAMOXINE HYDROCHLORIDE,Inactive,
11026533,CC(=Cc1ccccc1)C=C1SC(=S)N(CC(=O)O)C1=O,CHNUOJQWGUIOLD-UHFFFAOYSA-N,319.03368527599997,2.918700000000001,1.05885,CC(=Cc1ccccc1)C=C1SC(=S)N(CC(=O)O)C1=O,EPALRESTAT,Inactive,
31343604,CC1(C(=O)[O-])CCC2(C)CCC3(C)C(=CC(=O)C4C5(C)CCC(OC(=O)CCC(=O)[O-])C(C)(C)C5CCC43C)C2C1.[Na+].[Na+],BQENDLAVTKRQMS-UHFFFAOYSA-L,614.3195424360001,-1.8330999999999915,1.05895,CC1(C(=O)[O-])CCC2(C)CCC3(C)C(=CC(=O)C4C5(C)CCC(OC(=O)CCC(=O)[O-])C(C)(C)C5CCC43C)C2C1.[Na+].[Na+],CARBENOXOLONE SODIUM,Inactive,
42720585,CC(C)c1c(O)c(-c2cc3c(c(C(C)C)c2O)CCC2C(C)(C)CCCC32C)cc2c1CCC1C(C)(C)CCCC21C,RFUVOURUUJLQSB-UHFFFAOYSA-N,570.443681096,11.07199999999999,1.05895,CC(C)c1c(O)c(-c2cc3c(c(C(C)C)c2O)CCC2C(C)(C)CCCC32C)cc2c1CCC1C(C)(C)CCCC21C,PODOTOTARIN,Inactive,
83386829,COc1ccc2cc3[n+](cc2c1OC)CCc1cc2c(cc1-3)OCO2.[Cl-],VKJGBAJNNALVAV-UHFFFAOYSA-M,371.0924357359999,0.10029999999999983,1.0591,COc1ccc2cc3[n+](cc2c1OC)CCc1cc2c(cc1-3)OCO2.[Cl-],BERBERINE CHLORIDE,Inactive,
32843496,Nc1nc2c(ncn2COCCO)c(=O)[nH]1,MKUXAQIIEYXACX-UHFFFAOYSA-N,225.086189212,-1.3318000000000003,1.05915,Nc1nc2c(ncn2COCCO)c(=O)[nH]1,ACYCLOVIR,Inactive,
14983423,CC1(C(=O)[O-])CCC2(C)CCC3C(=CC(=O)C4C3(C)CCC3C(C)(C)C(OC5OC(C(=O)[O-])C(OC6OC(C(=O)[O-])C(O)C(O)C6O)C(O)C5O)CCC34C)C2C1.[NH4+].[NH4+].[NH4+],BEPUPFLBDSXROW-UHFFFAOYSA-N,859.4677831280001,-1.0199999999999916,1.05925,CC1(C(=O)[O-])CCC2(C)CCC3C(=CC(=O)C4C3(C)CCC3C(C)(C)C(OC5OC(C(=O)[O-])C(OC6OC(C(=O)[O-])C(O)C(O)C6O)C(O)C5O)CCC34C)C2C1.[NH4+].[NH4+].[NH4+],"GLYCYRRHIZIC ACID, AMMONIUM SALT",Inactive,
10639728,CC(=O)OC1CC2(C)C(c3ccoc3)CC3OC32C2(C)C(=O)C(O)=C3C(C)(C)C(=O)C=CC3(C)C12,AJTULIWKBMDPCJ-UHFFFAOYSA-N,480.2148033639999,4.434900000000003,1.0593,CC(=O)OC1CC2(C)C(c3ccoc3)CC3OC32C2(C)C(=O)C(O)=C3C(C)(C)C(=O)C=CC3(C)C12,ANTHOTHECOL,Inactive,
27654529,CN(C)CCOC(=O)C(c1ccccc1)C1(O)CCCC1.Cl,RHKZVMUBMXGOLL-UHFFFAOYSA-N,327.160121372,2.601900000000001,1.05935,CN(C)CCOC(=O)C(c1ccccc1)C1(O)CCCC1.Cl,CYCLOPENTOLATE HYDROCHLORIDE,Inactive,
11387303,NC(Cc1c[nH]c2ccccc12)C(=O)O,QIVBCDIJIAJPQS-UHFFFAOYSA-N,204.089877624,1.1223000000000003,1.0594,NC(Cc1c[nH]c2ccccc12)C(=O)O,TRYPTOPHAN (L),Inactive,
65422950,CC(C)(C)CC(C)(C)c1cc(Cc2cc(C(C)(C)CC(C)(C)C)cc(-n3nc4ccccc4n3)c2O)c(O)c(-n2nc3ccccc3n2)c1,FQUNFJULCYSSOP-UHFFFAOYSA-N,658.3995248400001,9.583999999999996,1.05955,CC(C)(C)CC(C)(C)c1cc(Cc2cc(C(C)(C)CC(C)(C)C)cc(-n3nc4ccccc4n3)c2O)c(O)c(-n2nc3ccccc3n2)c1,BISOCTRIZOLE,Inactive,
73406894,C=C1CCC=C(C)CCC2C1CC2(C)C.O,HXXVLFJCXBVAIE-UHFFFAOYSA-N,222.198365452,3.900500000000004,1.05975,C=C1CCC=C(C)CCC2C1CC2(C)C.O,(-)E-CARYOPHYLLENE hydrate,Inactive,
66717220,CCCCCCCCCCCCCCCC(=O)NCCO,HXYVTAGFYLMHSO-UHFFFAOYSA-N,299.282429424,4.576200000000004,1.05985,CCCCCCCCCCCCCCCC(=O)NCCO,PALMIDROL [5mM],Inactive,
43598193,CC1C=CC=CCCC=CC=CC=CC=CC(OC2OC(C)C(O)C(N)C2O)CC2OC(O)(CC(O)C(O)CCC(O)CC(O)CC(O)CC(=O)OC(C)C(C)C1O)CC(O)C2C(=O)O,VQOXZBDYSJBXMA-UHFFFAOYSA-N,925.5034999400002,0.9357000000000051,1.05995,CC1C=CC=CCCC=CC=CC=CC=CC(OC2OC(C)C(O)C(N)C2O)CC2OC(O)(CC(O)C(O)CCC(O)CC(O)CC(O)CC(=O)OC(C)C(C)C1O)CC(O)C2C(=O)O,NYSTATIN,Inactive,
58567021,CC(NCCc1ccc(O)cc1)C(O)c1ccc(O)cc1.Cl,IDLSITKDRVDKRV-UHFFFAOYSA-N,323.128821244,2.773800000000001,1.06005,CC(NCCc1ccc(O)cc1)C(O)c1ccc(O)cc1.Cl,RITODRINE HYDROCHLORIDE,Inactive,
50951430,Cl.OC(CNCC(O)C1CCc2cc(F)ccc2O1)C1CCc2cc(F)ccc2O1,JWEXHQAEWHKGCW-UHFFFAOYSA-N,441.15184243199997,2.785400000000001,1.06025,Cl.OC(CNCC(O)C1CCc2cc(F)ccc2O1)C1CCc2cc(F)ccc2O1,NEBIVOLOL HYDROCHLORIDE,Inactive,
25268323,O=C(CCCCC(=O)Nc1c(I)cc(I)c(C(=O)O)c1I)Nc1c(I)cc(I)c(C(=O)O)c1I,FFINMCNLQNTKLU-UHFFFAOYSA-N,1139.512024168,6.848200000000003,1.0603,O=C(CCCCC(=O)Nc1c(I)cc(I)c(C(=O)O)c1I)Nc1c(I)cc(I)c(C(=O)O)c1I,IODIPAMIDE,Inactive,
93925661,CC12CCC(CC1)C(C)(C)O2,WEEGYLXZBRQIMU-UHFFFAOYSA-N,154.135765196,2.7441000000000013,1.0604,CC12CCC(CC1)C(C)(C)O2,EUCALYPTOL,Inactive,
46071388,C[N+](C)(C)CCO.Cn1c(=O)c2[n-]cnc2n(C)c1=O,RLANKEDHRWMNRO-UHFFFAOYSA-M,283.164439532,-1.725699999999997,1.0605,C[N+](C)(C)CCO.Cn1c(=O)c2[n-]cnc2n(C)c1=O,OXTRIPHYLLINE,Inactive,
58719504,CC(=O)OC(CC(=O)O)[N+](C)(C)C.[Cl-],IUAKEEBDYHRVOD-UHFFFAOYSA-N,225.076785672,-2.9394999999999962,1.0606,CC(=O)OC(CC(=O)O)[N+](C)(C)C.[Cl-],ACETYLCARNITINE,Inactive,
85009930,CC(=O)OC1CC(O)C(C)(C)C2CC(OC(C)=O)C3(C)C(CCC4(C)C(c5ccoc5)OC(=O)C5OC543)C12C,PDKGFQJSCXMICA-UHFFFAOYSA-N,544.2672328599999,4.118100000000004,1.0606,CC(=O)OC1CC(O)C(C)(C)C2CC(OC(C)=O)C3(C)C(CCC4(C)C(c5ccoc5)OC(=O)C5OC543)C12C,3-DEACETYLKHIVORIN,Inactive,
11302399,NC(=O)NS(=O)(=O)c1ccc(N)cc1,WVAKABMNNSMCDK-UHFFFAOYSA-N,215.036462148,-0.3742000000000003,1.06102,NC(=O)NS(=O)(=O)c1ccc(N)cc1,SULFACARBAMIDE,Inactive,
98620747,CCN(C(C)=O)c1cccc(-c2ccnc3c(C#N)cnn23)c1,HUNXMJYCHXQEGX-UHFFFAOYSA-N,305.12766010000007,2.6407800000000003,1.061125,CCN(C(C)=O)c1cccc(-c2ccnc3c(C#N)cnn23)c1,ZALEPLON,Inactive,
93722697,COc1ccc(C2CNC(=O)C2)cc1OC1CCCC1,HJORMJIFDVBMOB-UHFFFAOYSA-N,275.152143532,2.6201000000000008,1.06145,COc1ccc(C2CNC(=O)C2)cc1OC1CCCC1,ROLIPRAM,Inactive,
85227697,CC(CCC(=O)O)C1CCC2C3CC=C4CC(O)CCC4(C)C3CCC12C,HIAJCGFYHIANNA-UHFFFAOYSA-N,374.28209507599996,5.427200000000005,1.0615,CC(CCC(=O)O)C1CCC2C3CC=C4CC(O)CCC4(C)C3CCC12C,3beta-HYDROXYCHOL-5-ENIC ACID,Inactive,
55329997,CC(N)C(O)c1ccccc1.Cl,DYWNLSQWJMTVGJ-UHFFFAOYSA-N,187.076391748,1.489,1.06155,CC(N)C(O)c1ccccc1.Cl,"1S,2R-PHENYLPROPANOLAMINE HYDROCHLORIDE",Inactive,
11900027,O=C(O)C(O)C(O)C(=O)O.OCc1cccnc1,NPORIZAYKBQYLF-UHFFFAOYSA-N,259.069201756,-1.5486999999999984,1.06165,O=C(O)C(O)C(O)C(=O)O.OCc1cccnc1,NICOTINYL ALCOHOL TARTRATE,Inactive,
39669065,CCC1C=C2C(=O)OC(=O)C2CC2=C(C(=O)OC2=O)C(OC(C)=O)C1CC,QBZIDKLEMRLMKS-UHFFFAOYSA-N,376.11581759999996,1.3801999999999994,1.0621,CCC1C=C2C(=O)OC(=O)C2CC2=C(C(=O)OC2=O)C(OC(C)=O)C1CC,GLAUCONIC ACID ACETATE,Inactive,
63874293,CC(C)(C)NCC(O)c1ccccc1Cl.Cl,RSLNRVYIRDVHLY-UHFFFAOYSA-N,263.084369588,3.1833000000000022,1.0622,CC(C)(C)NCC(O)c1ccccc1Cl.Cl,TULOBUTEROL HYDROCHLORIDE,Inactive,
80105067,O=c1cccc(C=Cc2ccc3c(c2)OCO3)o1,HVUYPPPEYCNSFQ-UHFFFAOYSA-N,242.0579088,2.538900000000001,1.06244,O=c1cccc(C=Cc2ccc3c(c2)OCO3)o1,"6-(3,4-METHYLENEDIOXYSTYRYL)-alpha-PYRONE",Inactive,
69927666,O=C(O)C=C(CC(=O)O)C(=O)O,GTZCVFVGUGFEME-UHFFFAOYSA-N,174.01643791200001,-0.44329999999999964,1.062525,O=C(O)C=C(CC(=O)O)C(=O)O,ACONITIC ACID,Inactive,
83199185,N#CC1CC2CC2N1C(=O)C(N)C12CC3CC(CC(O)(C3)C1)C2,QGJUIPDUBHWZPV-UHFFFAOYSA-N,315.19467704,1.157979999999999,1.0626,N#CC1CC2CC2N1C(=O)C(N)C12CC3CC(CC(O)(C3)C1)C2,SAXAGLIPTIN,Inactive,
80572981,C#CC1(O)CCC2C3CCC4=CC(=O)CCC4(C)C3CCC21C,CHNXZKVNWQUJIB-UHFFFAOYSA-N,312.208930136,3.8826000000000036,1.0627,C#CC1(O)CCC2C3CCC4=CC(=O)CCC4(C)C3CCC21C,ETHISTERONE,Inactive,
92501054,CCC(=O)c1c(O)cc(O)cc1O,PTHLEKANMPKYDB-UHFFFAOYSA-N,182.0579088,1.3961,1.0627,CCC(=O)c1c(O)cc(O)cc1O,FLOPROPIONE,Inactive,
29084026,O=c1cc(-c2ccc(O)cc2)oc2cc(O)cc(O)c12,KZNIFHPLKGYRTM-UHFFFAOYSA-N,270.05282342000004,2.576800000000001,1.0628,O=c1cc(-c2ccc(O)cc2)oc2cc(O)cc(O)c12,APIGENIN,Inactive,
29653259,CC1=C(CCC(=O)O)c2cc3[nH]c(cc4nc(cc5[nH]c(cc1n2)c(C)c5C(C)O)C(C)=C4C(C)O)c(C)c3CCC(=O)O,UJKPHYRXOLRVJJ-UHFFFAOYSA-N,598.2791349360001,6.109140000000008,1.06285,Cc1c(CCC(=O)O)c2cc3[nH]c(cc4nc(cc5[nH]c(cc1n2)c(C)c5C(C)O)c(C)c4C(C)O)c(C)c3CCC(=O)O,HEMATOPORPHYRIN,Inactive,
29424244,O=C1c2c(O)cc(CO)cc2C(OC2OC(CO)C(O)C(O)C2O)c2cccc(OC3OC(CO)C(O)C(O)C3O)c21,ROODSNXIUAPCQO-UHFFFAOYSA-N,596.1741203239999,-3.486499999999999,1.06305,O=C1c2c(O)cc(CO)cc2C(OC2OC(CO)C(O)C(O)C2O)c2cccc(OC3OC(CO)C(O)C(O)C3O)c21,CASANTHRANOL [cascaroside A shown],Inactive,
49483794,CC(C)CCCC(C)C1CCC2C3CCC4CC(O)CCC4(C)C3CCC12C,QYIXCDOBOSTCEI-UHFFFAOYSA-N,388.370516156,7.468600000000009,1.0631,CC(C)CCCC(C)C1CCC2C3CCC4CC(O)CCC4(C)C3CCC12C,5alpha-CHOLESTANOL,Inactive,
11058545,CC(C)CCCC(C)NC(C)C.Cl,QYEORIIWGAAORG-UHFFFAOYSA-N,207.17537751199998,3.6210000000000027,1.06315,CC(C)CCCC(C)NC(C)C.Cl,IPROHEPTINE HYDROCHLORIDE,Inactive,
84186952,COc1cc(O)c(C(=O)c2ccccc2)cc1S(=O)(=O)O,CXVGEDCSTKKODG-UHFFFAOYSA-N,308.0354591039999,1.8785,1.0632,COc1cc(O)c(C(=O)c2ccccc2)cc1S(=O)(=O)O,SULISOBENZONE,Inactive,
19030290,Br.COc1ccc2c(c1)C13CCCCC1C(C2)N(C)CC3,MISZALMBODQYFT-UHFFFAOYSA-N,351.119776552,3.9613000000000023,1.06345,Br.COc1ccc2c(c1)C13CCCCC1C(C2)N(C)CC3,DEXTROMETHORPHAN HYDROBROMIDE,Inactive,
50769200,Cl.O=c1n(CCCN2CCN(c3cccc(Cl)c3)CC2)nc2ccccn12,OHHDIOKRWWOXMT-UHFFFAOYSA-N,407.12796571600006,2.783500000000001,1.0635,Cl.O=c1n(CCCN2CCN(c3cccc(Cl)c3)CC2)nc2ccccn12,TRAZODONE HYDROCHLORIDE,Inactive,
47057150,Nc1nc(=O)n(C2CSC(CO)O2)cc1F,XQSPYNMVSIKCOC-UHFFFAOYSA-N,247.0426904,-0.4550000000000003,1.06365,Nc1nc(=O)n(C2CSC(CO)O2)cc1F,EMTRICITABINE,Inactive,
87863502,Cn1nnc2c(C(N)=O)ncn2c1=O,BPEGJWRSRHCHSN-UHFFFAOYSA-N,194.055223432,-2.078099999999999,1.06395,Cn1nnc2c(C(N)=O)ncn2c1=O,TEMOZOLOMIDE,Inactive,
80752299,C=C1CC2C3C=C(C)C4=CC(=O)CCC4(C)C3CCC2(C)C1(OC(C)=O)C(C)=O,UDKABVSQKJNZBH-UHFFFAOYSA-N,396.23005950399994,4.741400000000004,1.06436,C=C1CC2C3C=C(C)C4=CC(=O)CCC4(C)C3CCC2(C)C1(OC(C)=O)C(C)=O,MELENGESTROL ACETATE,Inactive,
69599588,CC(=O)OC1CCC2(C)C(CC(OC(C)=O)C3(C)C2CCC2(C)C(c4ccoc4)OC(=O)C4OC423)C1(C)C,LCTHKUJMKQOYDY-UHFFFAOYSA-N,528.2723182399999,5.147300000000006,1.064445,CC(=O)OC1CCC2(C)C(CC(OC(C)=O)C3(C)C2CCC2(C)C(c4ccoc4)OC(=O)C4OC423)C1(C)C,3beta-ACETOXYDEOXODIHYDROGEDUNIN,Inactive,
37511532,CC(C)(C(=O)c1cccnc1)c1cccnc1,FJLBFSROUSIWMA-UHFFFAOYSA-N,226.110613068,2.637100000000001,1.06465,CC(C)(C(=O)c1cccnc1)c1cccnc1,METYRAPONE,Inactive,
82839096,O=C([O-])c1ccccc1O.[Na+],ABBQHOQBGMUPJH-UHFFFAOYSA-M,160.0136383,-3.240299999999999,1.0648,O=C([O-])c1ccccc1O.[Na+],SODIUM SALICYLATE,Inactive,
39157383,CNCC(O)c1ccc(O)cc1.CNCC(O)c1ccc(O)cc1.O=C(O)C(O)C(O)C(=O)O,KZZBAIXGUQOHKI-UHFFFAOYSA-N,484.20569522399984,-0.8325999999999993,1.06485,CNCC(O)c1ccc(O)cc1.CNCC(O)c1ccc(O)cc1.O=C(O)C(O)C(O)C(=O)O,SYNEPHRINE TARTRATE,Inactive,
19244277,C[n+]1ccccc1C=NO.[Cl-],HIGSLXSBYYMVKI-UHFFFAOYSA-N,172.040340588,-2.6767999999999983,1.0649,C[n+]1ccccc1C=NO.[Cl-],PRALIDOXIME CHLORIDE,Inactive,
86979503,O=C(NCCCN1CCOCC1)c1ccc(Cl)cc1,YYFGRAGNYHYWEZ-UHFFFAOYSA-N,282.113505528,1.7921,1.0649,O=C(NCCCN1CCOCC1)c1ccc(Cl)cc1,EPROBEMIDE,Inactive,
24678019,COc1ccc(C2COc3c(ccc(O)c3OC)C2)c(OC)c1O,QVVPJFBYFYYVDM-UHFFFAOYSA-N,332.12598835999995,2.842300000000002,1.0649,COc1ccc(C2COc3c(ccc(O)c3OC)C2)c(OC)c1O,DUARTIN (-),Inactive,
58334607,O=Cc1ccccc1OC1OC(CO)C(O)C(O)C1O,BGOFCVIGEYGEOF-UHFFFAOYSA-N,284.089602852,-1.3222000000000005,1.0651,O=Cc1ccccc1OC1OC(CO)C(O)C(O)C1O,HELICIN,Inactive,
63090907,CN1C2CCCC1CC(NC(=O)c1nn(C)c3ccccc13)C2.Cl,QYZRTBKYBJRGJB-UHFFFAOYSA-N,348.17168910000004,2.740200000000001,1.065195,CN1C2CCCC1CC(NC(=O)c1nn(C)c3ccccc13)C2.Cl,GRANISETRON HYDROCHLORIDE,Inactive,
11096052,O=NN(CCCl)C(=O)NC1CCCCC1,GQYIWUVLTXOXAJ-UHFFFAOYSA-N,233.093104432,2.2509000000000006,1.065325,O=NN(CCCl)C(=O)NC1CCCCC1,LOMUSTINE,Inactive,
88218771,CC12CCC3c4ccc(O)cc4CCC3C1CC(O)C2O,PROQIPRRNZUXQM-UHFFFAOYSA-N,288.17254462799997,2.5800000000000005,1.06535,CC12CCC3c4ccc(O)cc4CCC3C1CC(O)C2O,EPIESTRIOL,Inactive,
66065996,C=C1C(=O)OC2CC3(C)CCCC(C)C3=CC12,PXOYOCNNSUAQNS-UHFFFAOYSA-N,232.14632988,3.2406000000000024,1.0655,C=C1C(=O)OC2CC3(C)CCCC(C)C3=CC12,HELENINE,Inactive,
46108931,CC(C)CC1C(=O)N2CCCC2C2(O)OC(NC(=O)C3C=C4c5cccc6[nH]c(Br)c(c56)CC4N(C)C3)(C(C)C)C(=O)N12.CS(=O)(=O)O,NOJMTMIRQRDZMT-UHFFFAOYSA-N,749.2093964680003,2.6968000000000005,1.0657,CC(C)CC1C(=O)N2CCCC2C2(O)OC(NC(=O)C3C=C4c5cccc6[nH]c(Br)c(c56)CC4N(C)C3)(C(C)C)C(=O)N12.CS(=O)(=O)O,BROMOCRIPTINE MESYLATE,Inactive,
94491935,CC(=O)OC1(C(C)=O)CCC2C3C=C(Cl)C4=CC(=O)C5CC5C4(C)C3CCC21C,UWFYSQMTEOIJJG-UHFFFAOYSA-N,416.175437088,4.607600000000004,1.06585,CC(=O)OC1(C(C)=O)CCC2C3C=C(Cl)C4=CC(=O)C5CC5C4(C)C3CCC21C,CYPROTERONE ACETATE,Inactive,
37382018,CC(C)(S)C(N)C(=O)O.NCCO,VFQYWICBKXXPNQ-UHFFFAOYSA-N,210.103813436,-0.9558999999999993,1.06585,CC(C)(S)C(N)C(=O)O.NCCO,PENICILLAMINE ETHANOLAMINE SALT,Inactive,
10057065,O=C(O)C(O)C(O)C(O)C(O)C(=O)O,DSLZVSRJTYRBFB-UHFFFAOYSA-N,210.03756728,-3.4008000000000007,1.065875,O=C(O)C(O)C(O)C(O)C(O)C(=O)O,MUCIC ACID,Inactive,
64510067,COC1=C(O)C(=O)c2c(cc3oc(C(C)=O)c(O)c3c2O)C1=O,UTQKMDZXMYCSCI-UHFFFAOYSA-N,318.03756727999996,1.8416000000000006,1.06615,COC1=C(O)C(=O)c2c(cc3oc(C(C)=O)c(O)c3c2O)C1=O,RHODOCLADONIC ACID,Inactive,
90567337,C=CC1CN2CCC1CC2C(O)c1ccnc2ccc(OC)cc12.Cl,LBSFSRMTJJPTCW-UHFFFAOYSA-N,360.16045572,3.595000000000003,1.06625,C=CC1CN2CCC1CC2C(O)c1ccnc2ccc(OC)cc12.Cl,QUININE HDROCHLORIDE,Inactive,
38139818,CC1(C)OC2CC3C4CC(F)C5=CC(=O)C=CC5(C)C4C(O)CC3(C)C2(C(=O)CO)O1,XSFJVAJPIHIPKU-UHFFFAOYSA-N,434.2104669319999,2.2747000000000006,1.0663,CC1(C)OC2CC3C4CC(F)C5=CC(=O)C=CC5(C)C4C(O)CC3(C)C2(C(=O)CO)O1,FLUNISOLIDE,Inactive,
22004673,O=C(O)c1c2ccccc2cc2ccccc12,XGWFJBFNAQHLEF-UHFFFAOYSA-N,222.06807956,3.691200000000001,1.06635,O=C(O)c1c2ccccc2cc2ccccc12,ANTHRACENE-9-CARBOXYLIC ACID,Inactive,
16736609,CC(C)CC(CN)CC(=O)O,AYXYPKUFHZROOJ-UHFFFAOYSA-N,159.125928784,1.0821,1.06675,CC(C)CC(CN)CC(=O)O,PREGABALIN,Inactive,
18458412,CC(=O)OC1CC2C(C)(C)C(=O)C3OC3C2(C)C2CCC3(C)C(c4ccoc4)OC(=O)C4OC43C12C,AZGNIKZHFDJEPU-UHFFFAOYSA-N,498.2253680479999,3.771900000000003,1.06695,CC(=O)OC1CC2C(C)(C)C(=O)C3OC3C2(C)C2CCC3(C)C(c4ccoc4)OC(=O)C4OC43C12C,EPOXYGEDUNIN,Inactive,
23997451,O=S(=O)([O-])CCSSCCS(=O)(=O)[O-].[Na+].[Na+],KQYGMURBTJPBPQ-UHFFFAOYSA-L,325.89991053600005,-6.533799999999998,1.0672,O=S(=O)([O-])CCSSCCS(=O)(=O)[O-].[Na+].[Na+],DIMESNA,Inactive,
83882679,CC1=NCCC2c3ccc(O)cc3NC12,ZROHARDJZUDICW-UHFFFAOYSA-N,202.110613068,2.1345,1.0672,CC1=NCCC2c3ccc(O)cc3NC12,HARMALOL,Inactive,
11296864,CN1CCN(C2=Nc3cc(Cl)ccc3Nc3ccccc32)CC1,QZUDBNBUXVUHMW-UHFFFAOYSA-N,326.129824288,3.7227000000000023,1.06725,CN1CCN(C2=Nc3cc(Cl)ccc3Nc3ccccc32)CC1,CLOZAPINE,Inactive,
90673190,CC(CCC(=O)O)C1CCC2C3CCC4CCCCC4(C)C3CCC12C,RPKLZQLYODPWTM-UHFFFAOYSA-N,360.30283052,6.536300000000007,1.0678,CC(CCC(=O)O)C1CCC2C3CCC4CCCCC4(C)C3CCC12C,URSOCHOLANIC ACID,Inactive,
17573348,CCCCCC(=O)OC1(C(C)=O)CCC2C3CCC4=CC(=O)CCC4(C)C3CCC21C,DOMWKUIIPQCAJU-UHFFFAOYSA-N,428.29265975999994,5.969600000000007,1.0679,CCCCCC(=O)OC1(C(C)=O)CCC2C3CCC4=CC(=O)CCC4(C)C3CCC21C,HYDROXYPROGESTERONE CAPROATE,Inactive,
33359325,Cl.Oc1noc2c1CCNC2,ZDZDSZQYRBZPNN-UHFFFAOYSA-N,176.035255208,0.44769999999999993,1.06795,Cl.Oc1noc2c1CCNC2,GABOXADOL HYDROCHLORIDE,Inactive,
86793897,O=C(O)COc1nn(Cc2ccccc2)c2ccccc12,BYFMCKSPFYVMOU-UHFFFAOYSA-N,282.10044230799997,2.548,1.0682,O=C(O)COc1nn(Cc2ccccc2)c2ccccc12,BENDAZAC,Inactive,
62469544,COc1ccc(-c2coc3c(O)c(O)c(OC)cc3c2=O)cc1,BSXFDHHTXOAUGB-UHFFFAOYSA-N,314.079038168,2.8884000000000016,1.06835,COc1ccc(-c2coc3c(O)c(O)c(OC)cc3c2=O)cc1,DIPTERYXIN,Inactive,
11490198,NC(=O)c1ccc[n+](C2OC(COP(=O)([O-])OP(=O)(O)OCC3OC(n4cnc5c(N)ncnc54)C(O)C3O)C(O)C2O)c1,BAWFJGJZGIEFAR-UHFFFAOYSA-N,663.1091218040001,-3.6478999999999964,1.0684,NC(=O)c1ccc[n+](C2OC(COP(=O)([O-])OP(=O)(O)OCC3OC(n4cnc5c(N)ncnc54)C(O)C3O)C(O)C2O)c1,NADIDE,Inactive,
93053030,CC(=O)OCC(CCn1cnc2cnc(N)nc21)COC(C)=O,GGXKWVWZWMLJEH-UHFFFAOYSA-N,321.143704088,0.5409999999999998,1.06845,CC(=O)OCC(CCn1cnc2cnc(N)nc21)COC(C)=O,FAMCICLOVIR,Inactive,
92393816,CCOC(=O)C1C(C=C(C)C)C1(C)C,VIMXTGUGWLAOFZ-UHFFFAOYSA-N,196.14632988,2.7879000000000014,1.06845,CCOC(=O)C1C(C=C(C)C)C1(C)C,"CHRYSANTHEMIC ACID, ETHYL ESTER",Inactive,
99956106,CC(=O)OC1CCC2(C)C(=CCC3C4CCC(=O)C4(C)CCC32)C1,NCMZQTLCXHGLOK-UHFFFAOYSA-N,330.21949481999997,4.450000000000005,1.0688,CC(=O)OC1CCC2(C)C(=CCC3C4CCC(=O)C4(C)CCC32)C1,PRASTERONE ACETATE,Inactive,
51514432,COC(=O)C(c1ccccc1)C1CCCCN1.Cl,JUMYIBMBTDDLNG-UHFFFAOYSA-N,269.11825656,2.5071000000000008,1.0689,COC(=O)C(c1ccccc1)C1CCCCN1.Cl,METHYLPHENIDATE HYDROCHLORIDE,Inactive,
33439211,COc1ccc(-c2cc(=O)c3c(O)cc(OC)cc3o2)cc1,LZERJKGWTQYMBB-UHFFFAOYSA-N,298.084123548,3.182800000000002,1.0689,COc1ccc(-c2cc(=O)c3c(O)cc(OC)cc3o2)cc1,APIGENIN DIMETHYL ETHER,Inactive,
64653388,NC(=O)NC(=O)Cc1ccccc1,XPFRXWCVYUEORT-UHFFFAOYSA-N,178.07422756,0.42399999999999954,1.06895,NC(=O)NC(=O)Cc1ccccc1,PHENACEMIDE,Inactive,
35886842,C=C1C(C2(C)C=CC(=O)C(C)(C)C2CC(=O)OC)CCC2(C)C(c3ccoc3)OC(=O)C3OC132,BFUCTROUWLSVBH-UHFFFAOYSA-N,468.21480336399986,4.338300000000004,1.06915,C=C1C(C2(C)C=CC(=O)C(C)(C)C2CC(=O)OC)CCC2(C)C(c3ccoc3)OC(=O)C3OC132,ANDIROBIN,Inactive,
61075860,OCC(O)C(O)C(O)C(O)CO,FBPFZTCFMRRESA-UHFFFAOYSA-N,182.079038168,-3.5854000000000004,1.06935,OCC(O)C(O)C(O)C(O)CO,MANNITOL,Inactive,
47204347,COc1ccc(-c2coc3cc(OC)ccc3c2=O)cc1,LPNBCGIVZXHHHO-UHFFFAOYSA-N,282.089208928,3.4772000000000025,1.06935,COc1ccc(-c2coc3cc(OC)ccc3c2=O)cc1,"7,4'-DIMETHOXYISOFLAVONE",Inactive,
56183473,Nc1cc(N2CCCCC2)nc(N)[n+]1[O-],ZFMITUMMTDLWHR-UHFFFAOYSA-N,209.12766009999999,-0.13029999999999975,1.06955,Nc1cc(N2CCCCC2)nc(N)[n+]1[O-],MINOXIDIL,Inactive,
53910314,Cc1cc(O)c2c(c1)C(=O)c1cccc(O)c1C2=O,LQGUBLBATBMXHT-UHFFFAOYSA-N,254.0579088,2.18162,1.06955,Cc1cc(O)c2c(c1)C(=O)c1cccc(O)c1C2=O,CHRYSOPHANOL,Inactive,
14667397,CCc1ccc(CCOc2ccc(CC3SC(=O)NC3=O)cc2)nc1.Cl,GHUUBYQTCDQWRA-UHFFFAOYSA-N,392.096141212,3.5814000000000026,1.0698,CCc1ccc(CCOc2ccc(CC3SC(=O)NC3=O)cc2)nc1.Cl,PIOGLITAZONE HYDROCHLORIDE,Inactive,
93925932,O=C(NCCO[N+](=O)[O-])c1cccnc1,LBHIOVVIQHSOQN-UHFFFAOYSA-N,211.059305768,0.01969999999999983,1.06985,O=C(NCCO[N+](=O)[O-])c1cccnc1,NICORANDIL,Inactive,
66719830,COc1cc(C=CC(=O)O)cc(OC)c1OC,YTFVRYKNXDADBI-UHFFFAOYSA-N,238.084123548,1.8101999999999998,1.0699,COc1cc(C=CC(=O)O)cc(OC)c1OC,SINAPIC ACID METHYL ETHER,Inactive,
10503779,Cc1nc2sccn2c(=O)c1CCN1CCC(=C(c2ccc(F)cc2)c2ccc(F)cc2)CC1,JUQLTPCYUFPYKE-UHFFFAOYSA-N,477.16863986,5.483020000000005,1.06995,Cc1nc2sccn2c(=O)c1CCN1CCC(=C(c2ccc(F)cc2)c2ccc(F)cc2)CC1,RITANSERIN,Inactive,
13720081,CC(CCC(=O)O)C1CCC2C3C(=O)CC4CC(=O)CCC4(C)C3CC(=O)C12C,OHXPGWPVLFPUSM-UHFFFAOYSA-N,402.24062418799997,4.073300000000003,1.07,CC(CCC(=O)O)C1CCC2C3C(=O)CC4CC(=O)CCC4(C)C3CC(=O)C12C,DEHYDROCHOLIC ACID,Inactive,
82115822,CNC(Cc1c[nH]c2ccccc12)C(=O)O,CZCIKBSVHDNIDH-UHFFFAOYSA-N,218.105527688,1.383,1.07005,CNC(Cc1c[nH]c2ccccc12)C(=O)O,ABRINE (L),Inactive,
11023541,CC(=CCn1c[n+](C)c2c(N)ncnc21)CCC1(C)C(C)CCC2(C)C(C)=CCCC21.[Cl-],YBNXVKHEQXZPFB-UHFFFAOYSA-M,457.29722396,2.3673,1.07017,CC(=CCn1c[n+](C)c2c(N)ncnc21)CCC1(C)C(C)CCC2(C)C(C)=CCCC21.[Cl-],AGELASINE,Inactive,
21667250,O=C(CCCl)NCCc1ccccc1,BITWVVLBVUMFHU-UHFFFAOYSA-N,211.076391748,1.9742,1.0702,O=C(CCCl)NCCc1ccccc1,FENACLON,Inactive,
30257331,NC(=O)NCCCC(N)C(=O)O,RHGKLRLOHDJJDR-UHFFFAOYSA-N,175.095691276,-1.1531999999999993,1.07035,NC(=O)NCCCC(N)C(=O)O,CITRULLINE,Inactive,
26686543,CC(OC1OCCN(C(C)c2nc(=O)[nH][nH]2)C1c1ccc(F)cc1)c1cc(C(F)(F)F)cc(C(F)(F)F)c1,OBXIQNYBIWAVEQ-UHFFFAOYSA-N,548.1658381359999,5.513100000000004,1.0707,CC(OC1OCCN(C(C)c2nc(=O)[nH][nH]2)C1c1ccc(F)cc1)c1cc(C(F)(F)F)cc(C(F)(F)F)c1,APREPITANT,Inactive,
68795074,Cc1ccc(C(=O)c2ccc(CC(=O)[O-])n2C)cc1.[Na+],QGUALMNFRILWRA-UHFFFAOYSA-M,279.087137588,-2.139079999999997,1.0714,Cc1ccc(C(=O)c2ccc(CC(=O)[O-])n2C)cc1.[Na+],TOLMETIN SODIUM,Inactive,
73356321,Cc1cc(O)c(C=O)c(O)c1C(=O)O,KCOOTJRKKIDHTM-UHFFFAOYSA-N,196.037173356,0.91692,1.0714,Cc1cc(O)c(C=O)c(O)c1C(=O)O,HAEMATOMMIC ACID,Inactive,
91052472,CNC(=O)Oc1ccc2c(c1)C1(C)CCN(C)C1N2C,PIJVFDBKTWXHHD-UHFFFAOYSA-N,275.163376912,1.7739,1.0715,CNC(=O)Oc1ccc2c(c1)C1(C)CCN(C)C1N2C,PHYSOSTIGMINE,Inactive,
28935031,CCOC(=O)C(CCc1ccccc1)NC(C)C(=O)N1CCCC1C(=O)O.O=C(O)C=CC(=O)O,OYFJQPXVCSSHAI-UHFFFAOYSA-N,492.21078060399986,1.316400000000002,1.07155,CCOC(=O)C(CCc1ccccc1)NC(C)C(=O)N1CCCC1C(=O)O.O=C(O)C=CC(=O)O,ENALAPRIL MALEATE,Inactive,
10147435,O=C1c2ccccc2C(=O)C1c1ccc(Cl)cc1,NJDUWAXIURWWLN-UHFFFAOYSA-N,256.029107208,3.5028000000000024,1.07155,O=C1c2ccccc2C(=O)C1c1ccc(Cl)cc1,CHLORINDIONE,Inactive,
10633827,COC(=O)C(c1ccccc1Cl)N1CCc2sccc2C1.O=S(=O)(O)O,FDEODCTUSIWGLK-UHFFFAOYSA-N,419.02640697599986,3.0211000000000006,1.07165,COC(=O)C(c1ccccc1Cl)N1CCc2sccc2C1.O=S(=O)(O)O,CLOPIDOGREL SULFATE,Inactive,
18483651,c1ccc2c(c1)sc1ccccc12,IYYZUPMFVPLQIF-UHFFFAOYSA-N,184.034671256,4.054500000000002,1.07185,c1ccc2c(c1)sc1ccccc12,DIBENZOTHIOPHENE,Inactive,
71939544,CNC(=O)CSP(=S)(OC)OC,MCWXGJITAZMZEV-UHFFFAOYSA-N,228.99962187399998,0.9828999999999999,1.07185,CNC(=O)CSP(=S)(OC)OC,DIMETHOATE,Inactive,
23672413,CN1CCC(=C2c3ccccc3CCc3sccc32)CC1.O=C(O)CC(O)C(=O)O,IWAWCPZVTXCFKD-UHFFFAOYSA-N,429.1609939639999,3.2808000000000006,1.07188,CN1CCC(=C2c3ccccc3CCc3sccc32)CC1.O=C(O)CC(O)C(=O)O,PIZOTYLINE MALATE,Inactive,
60770692,O=C(O)C(O)C(O)(Cc1ccc(O)cc1)C(=O)O,TUODPMGCCJSJRH-UHFFFAOYSA-N,256.05830272400004,-0.8041000000000003,1.0721,O=C(O)C(O)C(O)(Cc1ccc(O)cc1)C(=O)O,PISCIDIC ACID,Inactive,
90737723,C=CC(C)(O)CCC=C(C)C,CDOSHBSSFJOMGT-UHFFFAOYSA-N,154.135765196,2.6698000000000013,1.0722,C=CC(C)(O)CCC=C(C)C,LINALOOL (+),Inactive,
60807654,CC(CCc1ccc(O)cc1)NCC(O)c1ccc(O)cc1.Cl,JHGSLSLUFMZUMK-UHFFFAOYSA-N,337.144471308,3.163900000000002,1.0725,CC(CCc1ccc(O)cc1)NCC(O)c1ccc(O)cc1.Cl,RACTOPAMINE HYDROCHLORIDE,Inactive,
11492072,Cn1c(=O)c2[nH]cnc2n(C)c1=O,ZFXYFBGIUFBOJW-UHFFFAOYSA-N,180.064725496,-1.0397000000000005,1.0726,Cn1c(=O)c2[nH]cnc2n(C)c1=O,THEOPHYLLINE,Inactive,
93191922,CCCCC(=O)OC1(C(=O)CO)CCC2C3CCC4=CC(=O)CCC4(C)C3C(O)CC21C,FZCHYNWYXKICIO-UHFFFAOYSA-N,446.26683893599994,3.522700000000002,1.0727,CCCCC(=O)OC1(C(=O)CO)CCC2C3CCC4=CC(=O)CCC4(C)C3C(O)CC21C,HYDROCORTISONE VALERATE,Inactive,
43372623,O=P(O)(O)C(O)(Cn1ccnc1)P(=O)(O)O,XRASPMIURGNCCH-UHFFFAOYSA-N,271.99632392,-1.1154000000000002,1.0727,O=P(O)(O)C(O)(Cn1ccnc1)P(=O)(O)O,ZOLEDRONIC ACID,Inactive,
75734184,O=C1OC(CO)C(O)C(O)C1O,PHOQVHQSTUBQQK-UHFFFAOYSA-N,178.04773804,-3.0132000000000008,1.07285,O=C1OC(CO)C(O)C(O)C1O,GLUCONOLACTONE,Inactive,
36342614,CC(c1cc2ccccc2s1)N(O)C(N)=O,MWLSOWXNZPKENC-UHFFFAOYSA-N,236.061948624,2.7321999999999997,1.0729,CC(c1cc2ccccc2s1)N(O)C(N)=O,ZILEUTON,Inactive,
87904899,O.O=c1ccc2cc(OC3OC(CO)C(O)C(O)C3O)c(O)cc2o1,CQYPGSKIFJFVDQ-UHFFFAOYSA-N,358.08999677599996,-2.1474,1.073075,O.O=c1ccc2cc(OC3OC(CO)C(O)C(O)C3O)c(O)cc2o1,ESCULIN MONOHYDRATE,Inactive,
35984396,CC(=O)Oc1c(C)c(C)c2c(c1C)CCC(C)(CCCC(C)CCCC(C)CCCC(C)C)O2,ZAKOWWREFLAJOT-UHFFFAOYSA-N,472.39164552399996,9.059960000000002,1.0731,CC(=O)Oc1c(C)c(C)c2c(c1C)CCC(C)(CCCC(C)CCCC(C)CCCC(C)C)O2,alpha-TOCHOPHERYL ACETATE [4mM],Inactive,
81663603,NC(=O)NO,VSNHCAURESNICA-UHFFFAOYSA-N,76.027277368,-0.9561000000000002,1.0733,NC(=O)NO,HYDROXYUREA,Inactive,
11281903,O=C1c2ccccc2C(=O)C1c1ccc(Br)cc1,NPUZIGSOEWMFKK-UHFFFAOYSA-N,299.978591628,3.611900000000002,1.07342,O=C1c2ccccc2C(=O)C1c1ccc(Br)cc1,BROMINDIONE,Inactive,
22557414,CNCCC=C1c2ccccc2CCc2ccccc21.Cl,SHAYBENGXDALFF-UHFFFAOYSA-N,299.144077384,4.248200000000004,1.07345,CNCCC=C1c2ccccc2CCc2ccccc21.Cl,NORTRIPTYLINE HYDROCHLORIDE,Inactive,
37532778,CNCC(=O)c1ccc(O)c(O)c1.Cl,CSRRBDMYOUQTCO-UHFFFAOYSA-N,217.050570924,0.9217,1.0735,CNCC(=O)c1ccc(O)c(O)c1.Cl,ADRENALONE HYDROCHLORIDE,Inactive,
86234992,O=S(=O)(O)NC1CCCCC1,HCAJEUSONLESMK-UHFFFAOYSA-N,179.061614276,0.7114999999999998,1.07355,O=S(=O)(O)NC1CCCCC1,CYCLAMIC ACID,Inactive,
51836563,CCC1C2CC3C4N(C)c5ccccc5C45CC(C2C5O)N3C1O,CJDRUOGAGYHKKD-UHFFFAOYSA-N,326.199428072,1.5545,1.07365,CCC1C2CC3C4N(C)c5ccccc5C45CC(C2C5O)N3C1O,AJMALINE,Inactive,
60795997,CC=C(C)C(=O)OC1CCC2(C)C3CCC4C5(O)CC(O)C6(O)C(CN7CC(C)CCC7C6(C)O)C5(O)CC42OC13O.Cl,VSARLHXBMYVYSM-UHFFFAOYSA-N,627.31740986,1.4129999999999998,1.07365,CC=C(C)C(=O)OC1CCC2(C)C3CCC4C5(O)CC(O)C6(O)C(CN7CC(C)CCC7C6(C)O)C5(O)CC42OC13O.Cl,VERATRINE HYDROCHLORIDE,Inactive,
11011536,CC(C)=CCCC1(C)C=Cc2c(O)c3c(c(CC=C(C)C)c2O1)OC12C(=CC4CC1C(C)(C)OC2(CC=C(C)C(=O)O)C4O)C3=O,VZXLWEWYBUGLJA-UHFFFAOYSA-N,630.3192684320001,7.031100000000008,1.0737,CC(C)=CCCC1(C)C=Cc2c(O)c3c(c(CC=C(C)C)c2O1)OC12C(=CC4CC1C(C)(C)OC2(CC=C(C)C(=O)O)C4O)C3=O,DIHYDROGAMBOGIC ACID,Inactive,
66174623,CS(=O)(=O)c1ccc(C(=O)C2C(=O)CCCC2=O)c([N+](=O)[O-])c1,KPUREKXXPHOJQT-UHFFFAOYSA-N,339.041272756,1.1193000000000002,1.07375,CS(=O)(=O)c1ccc(C(=O)C2C(=O)CCCC2=O)c([N+](=O)[O-])c1,MESOTRIONE,Inactive,
83256684,CC1(C)C(=O)C=CC2(C)C1=C(O)C(=O)C1(C)C2CCC2(C)C(c3ccoc3)CC3OC321,OQMUOVSEPOBWMK-UHFFFAOYSA-N,422.2093240599999,4.893300000000004,1.07395,CC1(C)C(=O)C=CC2(C)C1=C(O)C(=O)C1(C)C2CCC2(C)C(c3ccoc3)CC3OC321,CEDRELONE,Inactive,
47396833,CC(C)C1=CC2=CCC3C(C)(C(=O)O)CCCC3(C)C2CC1,RSWGJHLUYNHPMX-UHFFFAOYSA-N,302.2245802,5.206200000000004,1.07405,CC(C)C1=CC2=CCC3C(C)(C(=O)O)CCCC3(C)C2CC1,ABIETIC ACID,Inactive,
61793791,O=C1[N-]C(=O)C(c2ccccc2)(c2ccccc2)N1.[Na+],FJPYVLNWWICYDW-UHFFFAOYSA-M,274.07182187200004,-0.4423000000000005,1.0741,O=C1[N-]C(=O)C(c2ccccc2)(c2ccccc2)N1.[Na+],PHENYTOIN SODIUM,Inactive,
40910826,CNCC(O)C(O)C(O)C(O)CO,MBBZMMPHUWSWHV-UHFFFAOYSA-N,195.110672644,-3.3582999999999994,1.0742,CNCC(O)C(O)C(O)C(O)CO,MEGLUMINE,Inactive,
68839502,CCCC(=O)Nc1ccc(OCC(O)CNC(C)C)c(C(C)=O)c1.Cl,KTUFKADDDORSSI-UHFFFAOYSA-N,372.181585088,2.7873000000000014,1.0744,CCCC(=O)Nc1ccc(OCC(O)CNC(C)C)c(C(C)=O)c1.Cl,ACEBUTOLOL HYDROCHLORIDE,Inactive,
83302401,CC12C=CC(=O)C=C1CCC1C2C(O)CC2(C)C1CCC2(O)C(=O)COP(=O)([O-])[O-].[Na+].[Na+],VJZLQIPZNBPASX-UHFFFAOYSA-L,484.1238930139999,-5.581399999999994,1.07455,CC12C=CC(=O)C=C1CCC1C2C(O)CC2(C)C1CCC2(O)C(=O)COP(=O)([O-])[O-].[Na+].[Na+],PREDNISOLONE SODIUM PHOSPHATE,Inactive,
93424520,Cc1ccnc2c1NC(=O)c1cccnc1N2C1CC1,NQDJXKOVJZTUJA-UHFFFAOYSA-N,266.116761068,2.6512200000000004,1.0746,Cc1ccnc2c1NC(=O)c1cccnc1N2C1CC1,NEVIRAPINE,Inactive,
27311553,COC(=O)CC1C(C)(C)C(=O)C2CC3C4=CC(=O)OC(c5ccoc5)C4(C)CCC3C1(C)C2=O,SWTDXMBCOHIACK-UHFFFAOYSA-N,468.214803364,4.2199000000000035,1.07475,COC(=O)CC1C(C)(C)C(=O)C2CC3C4=CC(=O)OC(c5ccoc5)C4(C)CCC3C1(C)C2=O,CARAPIN,Inactive,
37170890,CC(=O)OCC(=O)C1(O)CCC2C3CCC4=CC(=O)CCC4(C)C3C(=O)CC21C,ITRJWOMZKQRYTA-UHFFFAOYSA-N,402.20423868,2.560600000000001,1.074795,CC(=O)OCC(=O)C1(O)CCC2C3CCC4=CC(=O)CCC4(C)C3C(=O)CC21C,CORTISONE ACETATE,Inactive,
48456094,CC1=C(C(=O)O)N2C(=O)C(NC(=O)C(N)C3=CCC=CC3)C2SC1,RDLPVSKMFDYCOR-UHFFFAOYSA-N,349.1096270880001,0.34860000000000113,1.0748,CC1=C(C(=O)O)N2C(=O)C(NC(=O)C(N)C3=CCC=CC3)C2SC1,CEPHRADINE,Inactive,
24794109,COP(=S)(OC)Oc1ccc([N+](=O)[O-])cc1,RLBIQVVOMOPOHC-UHFFFAOYSA-N,263.00173005,2.4909,1.07485,COP(=S)(OC)Oc1ccc([N+](=O)[O-])cc1,METHYL PARATHIONE,Inactive,
14799631,CCOC(=O)C1=C(C)NC(C)=C(C(=O)OC)C1c1cccc(Cl)c1Cl,RZTAMFZIAATZDJ-UHFFFAOYSA-N,383.069113448,3.9643000000000033,1.0749,CCOC(=O)C1=C(C)NC(C)=C(C(=O)OC)C1c1cccc(Cl)c1Cl,FELODIPINE,Inactive,
28723092,NC(Cc1cc(I)c(Oc2ccc(O)c(I)c2)c(I)c1)C(=O)O,AUYYCJSJGJYCDS-UHFFFAOYSA-N,650.790051864,3.952700000000001,1.07495,NC(Cc1cc(I)c(Oc2ccc(O)c(I)c2)c(I)c1)C(=O)O,LIOTHYRONINE,Inactive,
11499288,Cc1ccc(NC(=O)c2ccc(CN3CCN(C)CC3)cc2)cc1Nc1nccc(-c2cccnc2)n1,KTUFNOKKBVMGRW-UHFFFAOYSA-N,493.2590086120001,4.590320000000004,1.075,Cc1ccc(NC(=O)c2ccc(CN3CCN(C)CC3)cc2)cc1Nc1nccc(-c2cccnc2)n1,IMATINIB,Inactive,
19036894,CC(=O)OC1CC2C(C)(C)C(=O)C=CC2(C)C2CCC3(C)C(=CC(=O)OC3c3ccoc3)C12C,VOUDTVRGPAGHGA-UHFFFAOYSA-N,466.2355388079999,5.349500000000006,1.07515,CC(=O)OC1CC2C(C)(C)C(=O)C=CC2(C)C2CCC3(C)C(=CC(=O)OC3c3ccoc3)C12C,DEOXYGEDUNIN,Inactive,
82705438,Cc1c(N(C)C)c(=O)n(-c2ccccc2)n1C,RMMXTBMQSGEXHJ-UHFFFAOYSA-N,231.137162164,1.55042,1.075155,Cc1c(N(C)C)c(=O)n(-c2ccccc2)n1C,AMINOPYRINE,Inactive,
70437361,CC12CCC(=O)C=C1C1CC1C1C2CCC2(C)C1C1CC1C21CCC(=O)O1,METQSPRSQINEEU-UHFFFAOYSA-N,366.21949481999997,4.305900000000004,1.07535,CC12CCC(=O)C=C1C1CC1C1C2CCC2(C)C1C1CC1C21CCC(=O)O1,DROSPIRENONE,Inactive,
86331217,COC1=CC(=O)CC(C)C12Oc1c(Cl)c(OC)cc(OC)c1C2=O,DDUHZTYCFQRHIY-UHFFFAOYSA-N,352.071365944,2.8103000000000007,1.0757,COC1=CC(=O)CC(C)C12Oc1c(Cl)c(OC)cc(OC)c1C2=O,GRISEOFULVIN,Inactive,
78817957,CC(C)(Sc1cc(C(C)(C)C)c(O)c(C(C)(C)C)c1)Sc1cc(C(C)(C)C)c(O)c(C(C)(C)C)c1,FYPMFJGVHOHGLL-UHFFFAOYSA-N,516.309572776,9.908299999999995,1.07575,CC(C)(Sc1cc(C(C)(C)C)c(O)c(C(C)(C)C)c1)Sc1cc(C(C)(C)C)c(O)c(C(C)(C)C)c1,PROBUCOL,Inactive,
24085511,Cl.NCC(O)c1ccc(O)cc1,PUMZXCBVHLCWQG-UHFFFAOYSA-N,189.055656304,0.8061,1.07585,Cl.NCC(O)c1ccc(O)cc1,OCTOPAMINE HYDROCHLORIDE,Inactive,
82461671,COc1cccc(OC)c1O,KLIDCXVFHGNTTM-UHFFFAOYSA-N,154.06299418,1.4093999999999998,1.076,COc1cccc(OC)c1O,SYRINGOL,Inactive,
96198794,CC(C)CC(N)=O,SANOUVWGPVYVAV-UHFFFAOYSA-N,101.084063972,0.5178000000000001,1.0761,CC(C)CC(N)=O,ISOVALERAMIDE,Inactive,
13731778,CC(CCC(=O)O)C1CCC2C3C(O)CC4CC(O)CCC4(C)C3CC(O)C12C,BHQCQFFYRZLCQQ-UHFFFAOYSA-N,408.28757437999997,3.4487000000000023,1.0761,CC(CCC(=O)O)C1CCC2C3C(O)CC4CC(O)CCC4(C)C3CC(O)C12C,CHOLIC ACID,Inactive,
79193814,CN1CCN(C2=Nc3ccccc3Oc3ccc(Cl)cc32)CC1.O=C(O)CCC(=O)O,YQZBAXDVDZTKEQ-UHFFFAOYSA-N,445.1404485479999,3.707200000000002,1.07655,CN1CCN(C2=Nc3ccccc3Oc3ccc(Cl)cc32)CC1.O=C(O)CCC(=O)O,LOXAPINE SUCCINATE,Inactive,
17485515,CC=CC1=C(C(=O)O)N2C(=O)C(NC(=O)C(N)c3ccc(O)cc3)C2SC1,WDLWHQDACQUCJR-UHFFFAOYSA-N,389.104541708,0.7067000000000008,1.07655,CC=CC1=C(C(=O)O)N2C(=O)C(NC(=O)C(N)c3ccc(O)cc3)C2SC1,CEFPROZIL,Inactive,
10612143,CCCC(=O)OC1(C(=O)CO)CCC2C3CCC4=CC(=O)CCC4(C)C3C(O)CC21C,BMCQMVFGOVHVNG-UHFFFAOYSA-N,432.25118887199994,3.132600000000002,1.07675,CCCC(=O)OC1(C(=O)CO)CCC2C3CCC4=CC(=O)CCC4(C)C3C(O)CC21C,HYDROCORTISONE BUTYRATE,Inactive,
83412069,O=C(NCc1ccccc1)OCCO,YFLRYAVDPKONNX-UHFFFAOYSA-N,195.089543276,0.9051,1.0768,O=C(NCc1ccccc1)OCCO,BURAMATE,Inactive,
33286708,NC(C(=O)O)C(O)C(=O)O,YYLQUHNPNCGKJQ-UHFFFAOYSA-N,149.032422324,-2.1561999999999997,1.07685,NC(C(=O)O)C(O)C(=O)O,"d,l-threo-3-HYDROXYASPARTIC ACID",Inactive,
71757762,COc1ccc2cccc(CCNC(C)=O)c2c1,YJYPHIXNFHFHND-UHFFFAOYSA-N,243.125928784,2.527,1.0769,COc1ccc2cccc(CCNC(C)=O)c2c1,AGOMELATINE,Inactive,
26284808,COc1cc(C)c(C(=O)Oc2cc(C)c(C(=O)O)c(O)c2)c(O)c1,GODLCSLPZIBRMG-UHFFFAOYSA-N,332.089602852,2.6406400000000003,1.0769,COc1cc(C)c(C(=O)Oc2cc(C)c(C(=O)O)c(O)c2)c(O)c1,EVERNIC ACID,Inactive,
63414308,CCN(CC)CCOC(=O)c1ccc(N)cc1.Cl,HCBIBCJNVBAKAB-UHFFFAOYSA-N,272.129155592,2.1892,1.0773,CCN(CC)CCOC(=O)c1ccc(N)cc1.Cl,PROCAINE HYDROCHLORIDE,Inactive,
80946631,CNC(=NC#N)NCCSCc1nc[nH]c1C,AQIXAKUUQRKLND-UHFFFAOYSA-N,252.11571551199998,0.5973999999999997,1.07765,CNC(=NC#N)NCCSCc1nc[nH]c1C,CIMETIDINE,Inactive,
10726600,COC(=O)C=CC(=O)OC,LDCRTTXIJACKKU-UHFFFAOYSA-N,144.042258736,-0.11140000000000017,1.0777,COC(=O)C=CC(=O)OC,DIMETHYL FUMARATE,Inactive,
84473052,N#CCC(=O)NN,HPHBOJANXDKUQD-UHFFFAOYSA-N,99.04326178,-1.11002,1.07775,N#CCC(=O)NN,CYACETACIDE,Inactive,
92898166,C=C(CC)C(=O)c1ccc(OCC(=O)O)c(Cl)c1Cl,AVOLMBLBETYQHX-UHFFFAOYSA-N,302.011264224,3.6057000000000023,1.07795,C=C(CC)C(=O)c1ccc(OCC(=O)O)c(Cl)c1Cl,ETHACRYNIC ACID,Inactive,
10058163,CC(=O)OC1CCC2(C)C(=CC=C3C2CCC2(C)C3CCC2C(C)C=CC(C)C(C)C)C1(C)C,NZNSOPHQRHNYSM-UHFFFAOYSA-N,466.38108084,8.537700000000006,1.0787,CC(=O)OC1CCC2(C)C(=CC=C3C2CCC2(C)C3CCC2C(C)C=CC(C)C(C)C)C1(C)C,ERGOSTEROL ACETATE,Inactive,
62972906,CCC1(O)CC2CN(CCc3c([nH]c4ccccc34)C(C(=O)OC)(c3cc4c(cc3OC)N(C=O)C3C(O)(C(=O)OC)C(OC(C)=O)C5(CC)C=CCN6CCC43C65)C2)C1.O=S(=O)(O)O,AQTQHPDCURKLKT-UHFFFAOYSA-N,922.3670235360001,2.8647000000000036,1.0791,CCC1(O)CC2CN(CCc3c([nH]c4ccccc34)C(C(=O)OC)(c3cc4c(cc3OC)N(C=O)C3C(O)(C(=O)OC)C(OC(C)=O)C5(CC)C=CCN6CCC43C65)C2)C1.O=S(=O)(O)O,VINCRISTINE SULFATE,Inactive,
33306764,Oc1ccnc(S)n1,ZEMGGZBWXRYJHK-UHFFFAOYSA-N,128.004433748,0.47089999999999993,1.07925,Oc1ccnc(S)n1,2-THIOURACIL,Inactive,
66788924,Cl.NC(COP(=O)(O)O)C(=O)O,SMQMATXRVFPROR-UHFFFAOYSA-N,220.985601318,-1.0706000000000004,1.07945,Cl.NC(COP(=O)(O)O)C(=O)O,DEXFOSFOSERINE HYDROCHLORIDE,Inactive,
80170804,CCCc1nc(C(C)(C)O)c(C(=O)O)n1Cc1ccc(-c2ccccc2-c2nn[nH]n2)cc1,VTRAEEWXHOVJFV-UHFFFAOYSA-N,446.2066386920001,3.656600000000002,1.0798,CCCc1nc(C(C)(C)O)c(C(=O)O)n1Cc1ccc(-c2ccccc2-c2nn[nH]n2)cc1,OLMESARTAN,Inactive,
65072741,CCCOc1ccccc1-c1nc2[nH]nnc2c(=O)[nH]1,REZGGXNDEMKIQB-UHFFFAOYSA-N,271.10692465600005,1.4969999999999999,1.0798,CCCOc1ccccc1-c1nc2[nH]nnc2c(=O)[nH]1,ZAPRINAST,Inactive,
89267140,COc1cc2c(cc1OC)C1C(=O)c3c(O)cc4c(c3OC1CO2)C=CC(C)(C)O4,JLTNCZQNGBLBGO-UHFFFAOYSA-N,410.1365530439999,3.7135000000000025,1.07985,COc1cc2c(cc1OC)C1C(=O)c3c(O)cc4c(c3OC1CO2)C=CC(C)(C)O4,alpha-TOXICAROL (dl),Inactive,
30904446,CC(C)CCCC(C)C1CCC2C3CC=C4CC(=O)CCC4(C)C3CCC12C,GGCLNOIGPMGLDB-UHFFFAOYSA-N,384.339216028,7.596900000000009,1.0801,CC(C)CCCC(C)C1CCC2C3CC=C4CC(=O)CCC4(C)C3CCC12C,CHOLEST-5-EN-3-ONE,Inactive,
29745003,OCC1OC(OC2C(O)C(CO)OC2(CO)OC2OC(CO)C(O)C(O)C2O)C(O)C(O)C1O,QWIZNVHXZXRPDR-UHFFFAOYSA-N,504.1690349439998,-7.571399999999989,1.0802,OCC1OC(OC2C(O)C(CO)OC2(CO)OC2OC(CO)C(O)C(O)C2O)C(O)C(O)C1O,MELEZITOSE,Inactive,
68917286,CC(=O)Oc1ccc(C(c2ccc(OC(C)=O)cc2)c2ccccn2)cc1,KHOITXIGCFIULA-UHFFFAOYSA-N,361.13140808800006,4.112400000000003,1.0804,CC(=O)Oc1ccc(C(c2ccc(OC(C)=O)cc2)c2ccccn2)cc1,BISACODYL,Inactive,
51515523,O=P([O-])(O)C(O)(Cc1cccnc1)P(=O)(O)O.[Na+],DRFDPXKCEWYIAW-UHFFFAOYSA-M,304.9830192,-4.002399999999999,1.0804,O=P([O-])(O)C(O)(Cc1cccnc1)P(=O)(O)O.[Na+],RISEDRONATE SODIUM,Inactive,
67829056,CC(=O)C1(O)CCC2C3CC(C)C4=CC(=O)C=CC4(C)C3(F)C(O)CC21C,FAOZLTXFLGPHNG-UHFFFAOYSA-N,376.20498762799997,2.923300000000001,1.080425,CC(=O)C1(O)CCC2C3CC(C)C4=CC(=O)C=CC4(C)C3(F)C(O)CC21C,FLUOROMETHOLONE,Inactive,
49570962,COC1=CC(=O)C(O)=CC1=CC=Cc1ccccc1,LUZUAYAKZLCOCQ-UHFFFAOYSA-N,254.094294308,3.1811000000000016,1.08075,COC1=CC(=O)C(O)=CC1=CC=Cc1ccccc1,OBTUSAQUINONE,Inactive,
72570101,NC(=O)c1cc[n+](CC2=C(C(=O)[O-])N3C(=O)C(NC(=O)C(c4ccccc4)S(=O)(=O)[O-])C3SC2)cc1.[Na+],REACMANCWHKJSM-UHFFFAOYSA-M,554.0541998479999,-5.232599999999993,1.08095,NC(=O)c1cc[n+](CC2=C(C(=O)[O-])N3C(=O)C(NC(=O)C(c4ccccc4)S(=O)(=O)[O-])C3SC2)cc1.[Na+],CEFSULODIN SODIUM,Inactive,
89891257,NC(CO)C(=O)O,MTCFGRXMJLQNBG-UHFFFAOYSA-N,105.042593084,-1.6093999999999997,1.08095,NC(CO)C(=O)O,SERINE (L),Inactive,
76457614,COc1cc(C(=O)NC2CCCNC2)cc(OC)c1OC,YSIITVVESCNIPR-UHFFFAOYSA-N,294.157957184,1.1941999999999997,1.08095,COc1cc(C(=O)NC2CCCNC2)cc(OC)c1OC,TROXIPIDE,Inactive,
50751348,NC(=O)Cc1cccc(C(=O)c2ccccc2)c1N,QEFAQIPZVLVERP-UHFFFAOYSA-N,254.105527688,1.5276,1.081,NC(=O)Cc1cccc(C(=O)c2ccccc2)c1N,NEPAFENAC,Inactive,
17474700,C=CCc1ccc2c(c1)OCO2,ZMQAAUBTXCXRIC-UHFFFAOYSA-N,162.06807956,2.1437999999999997,1.08155,C=CCc1ccc2c(c1)OCO2,SAFROLE,Inactive,
97323810,CC1OC(OC2C(Oc3cc(O)c4c(=O)cc(-c5ccc(O)cc5)oc4c3)OC(CO)C(O)C2O)C(O)C(O)C1O,RPMNUQRUHXIGHK-UHFFFAOYSA-N,578.1635556399999,-1.0983000000000007,1.0816,CC1OC(OC2C(Oc3cc(O)c4c(=O)cc(-c5ccc(O)cc5)oc4c3)OC(CO)C(O)C2O)C(O)C(O)C1O,RHOIFOLIN,Inactive,
34096931,CC(=O)Nc1cccc(O)c1,QLNWXBAGRTUKKI-UHFFFAOYSA-N,151.063328528,1.3505999999999998,1.0818,CC(=O)Nc1cccc(O)c1,METACETAMOL,Inactive,
73061467,COc1ccc(-c2cc(=O)c3c(OC)cc(OC)cc3o2)cc1,ZXJJBDHPUHUUHD-UHFFFAOYSA-N,312.099773612,3.485800000000002,1.08185,COc1ccc(-c2cc(=O)c3c(OC)cc(OC)cc3o2)cc1,"5,7,4'-TRIMETHOXYFLAVONE",Inactive,
61381080,CC(C)(C)NCC(O)c1cc(Cl)c(N)c(Cl)c1.Cl,OPXKTCUYRHXSBK-UHFFFAOYSA-N,312.056296268,3.418900000000001,1.0819,CC(C)(C)NCC(O)c1cc(Cl)c(N)c(Cl)c1.Cl,CLENBUTEROL HYDROCHLORIDE,Inactive,
40790111,OCC(S)CS,WQABCVAJNWAXTE-UHFFFAOYSA-N,124.001656876,0.20690000000000003,1.08205,OCC(S)CS,DIMERCAPROL,Inactive,
21870030,O=c1c(O)c(-c2ccccc2)oc2cc(O)ccc12,UWQJWDYDYIJWKY-UHFFFAOYSA-N,254.0579088,2.871200000000001,1.0821,O=c1c(O)c(-c2ccccc2)oc2cc(O)ccc12,"3,7-DIHYDROXYFLAVONE",Inactive,
11322984,COc1ccc2nc3cc(Cl)ccc3c(Nc3cc(CN4CCCC4)c(O)c(CN4CCCC4)c3)c2n1.O=P(O)(O)O.O=P(O)(O)O.O=P(O)(O)O.O=P(O)(O)O,YKUQEKXHQFYULM-UHFFFAOYSA-N,909.1320337680005,2.3714000000000097,1.08215,COc1ccc2nc3cc(Cl)ccc3c(Nc3cc(CN4CCCC4)c(O)c(CN4CCCC4)c3)c2n1.O=P(O)(O)O.O=P(O)(O)O.O=P(O)(O)O.O=P(O)(O)O,PYRONARIDINE TETRAPHOSPHATE,Inactive,
70810244,C=CCC1(O)CCC2C3CCC4=CC(=O)CCC4=C3C=CC21C,VWAUPFMBXBWEQY-UHFFFAOYSA-N,310.193280072,4.275600000000004,1.0823,C=CCC1(O)CCC2C3CCC4=CC(=O)CCC4=C3C=CC21C,ALTRENOGEST,Inactive,
10414715,COc1ccc(-c2oc3c(CC=C(C)C)c(OC4OC(CO)C(O)C(O)C4O)cc(O)c3c(=O)c2OC2OC(C)C(O)C(O)C2O)cc1,TZJALUIVHRYQQB-UHFFFAOYSA-N,676.2367205799999,0.06789999999999852,1.0824,COc1ccc(-c2oc3c(CC=C(C)C)c(OC4OC(CO)C(O)C(O)C4O)cc(O)c3c(=O)c2OC2OC(C)C(O)C(O)C2O)cc1,ICARIIN,Inactive,
50859752,O=c1cc(-c2ccccc2O)oc2cc(O)ccc12,NUGPQONICGTVNA-UHFFFAOYSA-N,254.0579088,2.871200000000001,1.0826,O=c1cc(-c2ccccc2O)oc2cc(O)ccc12,"7,2'-DIHYDROXYFLAVONE",Inactive,
21938323,CN(C)CCCC1(c2ccc(F)cc2)OCc2cc(C#N)ccc21.O=C(O)C(=O)O,KTGRHKOEFSJQNS-UHFFFAOYSA-N,414.15910005599994,2.968580000000001,1.0829,CN(C)CCCC1(c2ccc(F)cc2)OCc2cc(C#N)ccc21.O=C(O)C(=O)O,ESCITALOPRAM OXALATE,Inactive,
27859814,CNNCc1ccc(C(=O)NC(C)C)cc1,CPTBDICYNRMXFX-UHFFFAOYSA-N,221.152812228,1.0487999999999995,1.0831,CNNCc1ccc(C(=O)NC(C)C)cc1,PROCARBAZINE HYDROCHLORIDE,Inactive,
90347637,CCOC(N)=O,JOYRKODLDBILNP-UHFFFAOYSA-N,89.047678464,0.10160000000000025,1.0832,CCOC(N)=O,URETHANE,Inactive,
85938303,CN1CCN(CC(=O)N2c3ccccc3C(=O)Nc3cccnc32)CC1.Cl.Cl,FFNMBRCFFADNAO-UHFFFAOYSA-N,423.12288033600004,2.4030000000000005,1.08335,CN1CCN(CC(=O)N2c3ccccc3C(=O)Nc3cccnc32)CC1.Cl.Cl,PIRENZEPINE HYDROCHLORIDE,Inactive,
10404588,COc1cc(C(=O)O)cc(OC)c1OC,SJSOFNCYXJUNBT-UHFFFAOYSA-N,212.068473484,1.4105999999999999,1.08365,COc1cc(C(=O)O)cc(OC)c1OC,EUDESMIC ACID,Inactive,
21839734,CC(CN1CC(=O)NC(=O)C1)N1CC(=O)NC(=O)C1,BMKDZUISNHGIBY-UHFFFAOYSA-N,268.117154992,-2.708299999999996,1.0837,CC(CN1CC(=O)NC(=O)C1)N1CC(=O)NC(=O)C1,DEXRAZOXANE,Inactive,
97035155,O=c1[nH]cnc2c1ncn2C1OC(CO)C(O)C1O,UGQMRVRMYYASKQ-UHFFFAOYSA-N,268.08076948400003,-2.2689,1.0839,O=c1[nH]cnc2c1ncn2C1OC(CO)C(O)C1O,INOSINE,Inactive,
45659966,C=CCSCC1Nc2cc(Cl)c(S(N)(=O)=O)cc2S(=O)(=O)N1,VGLGVJVUHYTIIU-UHFFFAOYSA-N,382.983496608,0.9365000000000001,1.08395,C=CCSCC1Nc2cc(Cl)c(S(N)(=O)=O)cc2S(=O)(=O)N1,ALTHIAZIDE,Inactive,
68726943,CC(NC(CCc1ccccc1)C(=O)O)C(=O)N1Cc2ccccc2CC1C(=O)O,FLSLEGPOVLMJMN-UHFFFAOYSA-N,410.18417193199997,2.0885999999999996,1.08395,CC(NC(CCc1ccccc1)C(=O)O)C(=O)N1Cc2ccccc2CC1C(=O)O,QUINAPRILAT,Inactive,
42969984,CCN(CC)CCOCCOC(=O)C1(c2ccccc2)CCCC1.O=C(O)CC(O)(CC(=O)O)C(=O)O,AKJDEXBCRLOVTH-UHFFFAOYSA-N,525.2573964479998,2.1515000000000004,1.0842,CCN(CC)CCOCCOC(=O)C1(c2ccccc2)CCCC1.O=C(O)CC(O)(CC(=O)O)C(=O)O,CARBETAPENTANE CITRATE,Inactive,
10010669,CC1OC1P(=O)([O-])[O-].[Ca+2],YMZJBJPWTXJQMR-UHFFFAOYSA-L,175.95513624999998,-1.7358999999999998,1.0843,CC1OC1P(=O)([O-])[O-].[Ca+2],FOSFOMYCIN CALCIUM,Inactive,
73234208,CC1CC2C3CCC4=CC(=O)C=CC4(C)C3(F)C(O)CC2(C)C1C(=O)CO,VWVSBHGCDBMOOT-UHFFFAOYSA-N,376.20498762799997,2.7808000000000015,1.08435,CC1CC2C3CCC4=CC(=O)C=CC4(C)C3(F)C(O)CC2(C)C1C(=O)CO,DESOXYMETASONE,Inactive,
10940773,COc1ccc(CN(CCN(C)C)c2ncccn2)cc1.Cl,HRYJPHOTGFERGT-UHFFFAOYSA-N,322.15603903600004,2.4752000000000014,1.08445,COc1ccc(CN(CCN(C)C)c2ncccn2)cc1.Cl,THONZYLAMINE HYDROCHLORIDE,Inactive,
70737359,CCOC(=O)C1=CC2(CC)CCCN3CCc4c(n1c1ccccc41)C32,DDNCQMVWWZOMLN-UHFFFAOYSA-N,350.199428072,4.148300000000003,1.0845,CCOC(=O)C1=CC2(CC)CCCN3CCc4c(n1c1ccccc41)C32,VINPOCETINE,Inactive,
35385801,CC(=O)Oc1cccc(C(=O)O)c1OC(C)=O,NYIZXMGNIUSNKL-UHFFFAOYSA-N,238.04773804,1.2354,1.0846,CC(=O)Oc1cccc(C(=O)O)c1OC(C)=O,DIPYROCETYL,Inactive,
10067142,O=C(CCCN1CC=C(n2c(=O)[nH]c3ccccc32)CC1)c1ccc(F)cc1,RMEDXOLNCUSCGS-UHFFFAOYSA-N,379.16960516399996,3.6784000000000026,1.08485,O=C(CCCN1CC=C(n2c(=O)[nH]c3ccccc32)CC1)c1ccc(F)cc1,DROPERIDOL,Inactive,
97425044,COC(=O)CC1C(C)(C)C(=O)C2CC3=C4CC(=O)OC(c5ccoc5)C4(C)CCC3C1(C)C2=O,DNFJSIPZGYBGON-UHFFFAOYSA-N,468.214803364,4.364000000000004,1.085,COC(=O)CC1C(C)(C)C(=O)C2CC3=C4CC(=O)OC(c5ccoc5)C4(C)CCC3C1(C)C2=O,MEXICANOLIDE,Inactive,
50315105,CC(=O)Nc1c(I)c(NC(C)=O)c(I)c(C(=O)O)c1I,YVPYQUNUQOZFHG-UHFFFAOYSA-N,613.769650768,3.1154,1.08505,CC(=O)Nc1c(I)c(NC(C)=O)c(I)c(C(=O)O)c1I,DIATRIZOIC ACID,Inactive,
19778086,CCCc1cc(C(N)=S)ccn1,VRDIULHPQTYCLN-UHFFFAOYSA-N,180.072119384,1.6683000000000001,1.08535,CCCc1cc(C(N)=S)ccn1,PROTIONAMIDE,Inactive,
58930282,Nc1ccc(S(=O)(=O)Nc2ncccn2)cc1,SEEPANYCNGTZFQ-UHFFFAOYSA-N,250.05244656,0.8596000000000001,1.0854,Nc1ccc(S(=O)(=O)Nc2ncccn2)cc1,SULFADIAZINE,Inactive,
39987719,COc1cc(C=CC(=O)N2CCC=CC2=O)cc(OC)c1OC,VABYUUZNAVQNPG-UHFFFAOYSA-N,317.126322708,2.0407,1.08565,COc1cc(C=CC(=O)N2CCC=CC2=O)cc(OC)c1OC,PIPLARTINE,Inactive,
96863186,COc1ccc2c(c1OC)C(=O)OC2C1c2cc3c(cc2CCN1C)OCO3,JZUTXVTYJDCMDU-UHFFFAOYSA-N,383.136887392,2.8732000000000015,1.08575,COc1ccc2c(c1OC)C(=O)OC2C1c2cc3c(cc2CCN1C)OCO3,"HYDRASTINE (1R, 9S)",Inactive,
74496197,Cl.O=C(c1ccc(OCCN2CCCCC2)cc1)c1c(-c2ccc(O)cc2)sc2cc(O)ccc12,BKXVVCILCIUCLG-UHFFFAOYSA-N,509.1427570559999,6.497000000000006,1.08635,Cl.O=C(c1ccc(OCCN2CCCCC2)cc1)c1c(-c2ccc(O)cc2)sc2cc(O)ccc12,RALOXIFENE HYDROCHLORIDE,Inactive,
73270648,C1CCN2CC3CC(CN4CCCCC34)C2C1.O=S(=O)(O)O,FCEHFCFHANDXMB-UHFFFAOYSA-N,332.1769783759999,1.6923000000000004,1.0865,C1CCN2CC3CC(CN4CCCCC34)C2C1.O=S(=O)(O)O,SPARTEINE SULFATE,Inactive,
53926283,Oc1cccc(O)c1,GHMLBKRAJCXXBS-UHFFFAOYSA-N,110.036779432,1.0977999999999999,1.08655,Oc1cccc(O)c1,RESORCINOL,Inactive,
44265614,O=c1cc(-c2ccc(O)cc2)oc2cc(O)ccc12,LCAWNFIFMLXZPQ-UHFFFAOYSA-N,254.0579088,2.871200000000001,1.0866,O=c1cc(-c2ccc(O)cc2)oc2cc(O)ccc12,"7,4'-DIHYDROXYFLAVONE",Inactive,
37657712,CCC(=O)NCCC1CCc2ccc3c(c21)CCO3,YLXDSYKOBKBWJQ-UHFFFAOYSA-N,259.157228912,2.5676000000000005,1.0867,CCC(=O)NCCC1CCc2ccc3c(c21)CCO3,RAMELTEON,Inactive,
65394540,O=C(Nc1c(Cl)cncc1Cl)c1ccc(OC(F)F)c(OCC2CC2)c1,MNDBXUUTURYVHR-UHFFFAOYSA-N,402.03495410799997,5.030900000000003,1.0867,O=C(Nc1c(Cl)cncc1Cl)c1ccc(OC(F)F)c(OCC2CC2)c1,ROFLUMILAST,Inactive,
10973050,COc1cc2c(cc1-c1coc3c4c(c(OC)cc3c1=O)OC(C)(C)CC4)OCO2,HPHQBRGBASCILO-UHFFFAOYSA-N,410.1365530439999,4.309500000000004,1.0868,COc1cc2c(cc1-c1coc3c4c(c(OC)cc3c1=O)OC(C)(C)CC4)OCO2,DIHYDROICTHYONE,Inactive,
20506405,O=C1C(CCS(=O)c2ccccc2)C(=O)N(c2ccccc2)N1c1ccccc1,MBGGBVCUIVRRBF-UHFFFAOYSA-N,404.1194635,3.795500000000003,1.087,O=C1C(CCS(=O)c2ccccc2)C(=O)N(c2ccccc2)N1c1ccccc1,SULFINPYRAZONE,Inactive,
72851091,CCOCC(O)COc1ccc(NC(=O)CC[S+](C)C)cc1.Cc1ccc(S(=O)(=O)[O-])cc1,RYVJQEZJUFRANT-UHFFFAOYSA-N,499.1698443959999,2.5684200000000006,1.087,CCOCC(O)COc1ccc(NC(=O)CC[S+](C)C)cc1.Cc1ccc(S(=O)(=O)[O-])cc1,SUPLATAST TOSYLATE,Inactive,
13556102,CCC1OC(=O)CC(O)C(C)C(OC2OC(C)C(OC3CC(C)(O)C(O)C(C)O3)C(N(C)C)C2O)C(CC=O)CC(C)C(=O)C=CC(C)=CC1COC1OC(C)C(O)C(OC)C1OC.O=C(O)C(O)C(O)C(=O)O,ICVKYYINQHWDLM-UHFFFAOYSA-N,1065.5355879160004,-0.2890999999999813,1.08705,CCC1OC(=O)CC(O)C(C)C(OC2OC(C)C(OC3CC(C)(O)C(O)C(C)O3)C(N(C)C)C2O)C(CC=O)CC(C)C(=O)C=CC(C)=CC1COC1OC(C)C(O)C(OC)C1OC.O=C(O)C(O)C(O)C(=O)O,TYLOSIN TARTRATE,Inactive,
65479627,CC1CC(OC(=O)C(O)c2ccccc2)CC(C)(C)C1,WZHCOOQXZCIUNC-UHFFFAOYSA-N,276.172544628,3.4780000000000024,1.08705,CC1CC(OC(=O)C(O)c2ccccc2)CC(C)(C)C1,CYCLANDELATE,Inactive,
75153886,O=c1ccc2ccccc2o1,ZYGHJZDHTFUPRJ-UHFFFAOYSA-N,146.036779432,1.793,1.08715,O=c1ccc2ccccc2o1,COUMARIN,Inactive,
25890910,CCOC(=O)n1ccn(C)c1=S,CFOYWRHIYXMDOT-UHFFFAOYSA-N,186.04629856,1.56069,1.08725,CCOC(=O)n1ccn(C)c1=S,CARBIMAZOLE,Inactive,
11378742,CC(O)CN1CCN(CC(=O)[O-])CCN(CC(=O)[O-])CCN(CC(=O)[O-])CC1.[Gd+3],DPNNNPAKRZOSMO-UHFFFAOYSA-K,559.1277281680001,-6.161500000000005,1.08735,CC(O)CN1CCN(CC(=O)[O-])CCN(CC(=O)[O-])CCN(CC(=O)[O-])CC1.[Gd+3],GADOTERIDOL,Inactive,
71412146,COc1ccc(CN(CCN(C)C)c2ccccn2)cc1.O=C(O)C=CC(=O)O,JXYWFNAQESKDNC-UHFFFAOYSA-N,401.1950709639999,2.3702000000000005,1.08745,COc1ccc(CN(CCN(C)C)c2ccccn2)cc1.O=C(O)C=CC(=O)O,PYRILAMINE MALEATE,Inactive,
34564053,Cn1c(=O)c2c(ncn2CC(=O)O)n(C)c1=O,HCYFGRCYSCXKNQ-UHFFFAOYSA-N,238.0702048,-1.4816999999999998,1.0876,Cn1c(=O)c2c(ncn2CC(=O)O)n(C)c1=O,ACEFYLLINE,Inactive,
36619872,O=C(O)COC(=O)Cc1ccccc1Nc1c(Cl)cccc1Cl,MNIPYSSQXLZQLJ-UHFFFAOYSA-N,353.02216325600006,3.907300000000002,1.08765,O=C(O)COC(=O)Cc1ccccc1Nc1c(Cl)cccc1Cl,ACECLOFENAC,Inactive,
57935960,CCOC1OC2OC3(C)CCC4C(C)CCC(C1C)C24OO3,NLYNIRQVMRLPIQ-UHFFFAOYSA-N,312.193673996,3.230900000000002,1.08765,CCOC1OC2OC3(C)CCC4C(C)CCC(C1C)C24OO3,ARTEMOTIL,Inactive,
17155592,COc1ccc(C(=O)CC(=O)c2ccc(C(C)(C)C)cc2)cc1,XNEFYCZVKIDDMS-UHFFFAOYSA-N,310.15689456399997,4.448400000000004,1.08795,COc1ccc(C(=O)CC(=O)c2ccc(C(C)(C)C)cc2)cc1,AVOBENZONE,Inactive,
28091840,CCCCCCOC(=O)N=C(N)c1ccc(NCc2nc3cc(C(=O)N(CCC(=O)OCC)c4ccccn4)ccc3n2C)cc1.CS(=O)(=O)O,XETBXHPXHHOLOE-UHFFFAOYSA-N,723.3050324000001,5.106600000000005,1.088,CCCCCCOC(=O)N=C(N)c1ccc(NCc2nc3cc(C(=O)N(CCC(=O)OCC)c4ccccn4)ccc3n2C)cc1.CS(=O)(=O)O,DABIGATRAN ETEXILATE MESYLATE,Inactive,
11513824,COc1cc(C(=O)N2CCOCC2)cc(OC)c1OC,XWVOEFLBOSSYGM-UHFFFAOYSA-N,281.12632270800003,1.1848,1.088395,COc1cc(C(=O)N2CCOCC2)cc(OC)c1OC,TRIMETOZINE,Inactive,
73722151,NC(=O)c1cnccn1,IPEHBUMCGVEMRF-UHFFFAOYSA-N,123.04326178,-0.4245000000000001,1.08865,NC(=O)c1cnccn1,PYRAZINAMIDE,Inactive,
47408462,Cc1ccc(S(=O)(=O)NC(=O)NN2CC3CCCC3C2)cc1,BOVGTQGAOIONJV-UHFFFAOYSA-N,323.13036253200005,1.6298199999999994,1.08865,Cc1ccc(S(=O)(=O)NC(=O)NN2CC3CCCC3C2)cc1,GLICLAZIDE,Inactive,
10158484,Cl.Cn1c(CCCC(=O)O)nc2cc(N(CCCl)CCCl)ccc21,ZHSKUOZOLHMKEA-UHFFFAOYSA-N,393.07775998399995,3.6864000000000026,1.0888,Cl.Cn1c(CCCC(=O)O)nc2cc(N(CCCl)CCCl)ccc21,BENDAMUSTINE HYDROCHLORIDE,Inactive,
66727207,CC(=O)Oc1ccc2c(C)cc(=O)oc2c1,HXVZGASCDAGAPS-UHFFFAOYSA-N,218.0579088,2.02672,1.0889,CC(=O)Oc1ccc2c(C)cc(=O)oc2c1,ACETYL HYMETOCHROME,Inactive,
16065141,CC(=O)NO,RRUDCFGSUDOHDG-UHFFFAOYSA-N,75.0320284,-0.4882999999999999,1.08895,CC(=O)NO,ACETOHYDROXAMIC ACID,Inactive,
75994645,CN(Cc1ccc(C(C)(C)C)cc1)Cc1cccc2ccccc12.Cl,LJBSAUIFGPSHCN-UHFFFAOYSA-N,353.19102757599995,6.191100000000006,1.089,CN(Cc1ccc(C(C)(C)C)cc1)Cc1cccc2ccccc12.Cl,BUTENAFINE HYDROCHLORIDE,Inactive,
86846785,C=C1CC=C(C)CCC2C1CC2(C)C,INOSMXBKABLUIL-UHFFFAOYSA-N,190.172150704,4.335100000000003,1.089,C=C1CC=C(C)CCC2C1CC2(C)C,CARYOPHYLLENE [t(-)],Inactive,
88384311,CC(=O)OC1CC2CC(OC(C)=O)C3(C)C(CCC4(C)C(c5ccoc5)OC(OC(C)=O)C5OC543)C2(C)C(OC(C)=O)C1,XHERMGQOIKLUHI-UHFFFAOYSA-N,602.2727121639999,4.4154000000000035,1.0894,CC(=O)OC1CC2CC(OC(C)=O)C3(C)C(CCC4(C)C(c5ccoc5)OC(OC(C)=O)C5OC543)C2(C)C(OC(C)=O)C1,ACETYL-DIHYDRO-7-EPIKHIVORIN,Inactive,
58548800,C=CC(C1=CC(=O)C(OC)=CC1=O)c1ccccc1,RGSUZUQISVAJJF-UHFFFAOYSA-N,254.094294308,2.564700000000001,1.0902,C=CC(C1=CC(=O)C(OC)=CC1=O)c1ccccc1,4-METHOXYDALBERGIONE,Inactive,
11408238,O=C1CCC(N2C(=O)c3ccccc3C2=O)C(=O)N1,UEJJHQNACJXSKW-UHFFFAOYSA-N,258.0640568,0.08779999999999993,1.0903,O=C1CCC(N2C(=O)c3ccccc3C2=O)C(=O)N1,THALIDOMIDE,Inactive,
10732747,CC(C)(O)CCC(O)C(C)(O)C1CCC2(O)C3=CC(=O)C4CC(O)C(O)CC4(C)C3CCC12C,NKDFYOWSKOHCCO-UHFFFAOYSA-N,480.3087037479999,1.8539999999999994,1.0903,CC(C)(O)CCC(O)C(C)(O)C1CCC2(O)C3=CC(=O)C4CC(O)C(O)CC4(C)C3CCC12C,CRUSTECDYSONE,Inactive,
82580925,CC(CCc1ccccc1)NCC(O)c1ccc(O)c(C(N)=O)c1.Cl,WQVZLXWQESQGIF-UHFFFAOYSA-N,364.15537034000005,2.5572000000000004,1.09035,CC(CCc1ccccc1)NCC(O)c1ccc(O)c(C(N)=O)c1.Cl,LABETALOL HYDROCHLORIDE,Inactive,
10844804,CCN1CC(CCN2CCOCC2)C(c2ccccc2)(c2ccccc2)C1=O.Cl,MBGXILHMHYLZJT-UHFFFAOYSA-N,414.20740591199996,3.5951000000000026,1.0904,CCN1CC(CCN2CCOCC2)C(c2ccccc2)(c2ccccc2)C1=O.Cl,DOXAPRAM HYDROCHLORIDE,Inactive,
10938557,Cl.Clc1ccc2c(c1)CCc1cccnc1C2=C1CCNCC1,XJJLVGAIFJSMSJ-UHFFFAOYSA-N,346.100354,4.440700000000004,1.09055,Cl.Clc1ccc2c(c1)CCc1cccnc1C2=C1CCNCC1,DESLORATADINE HYDROCHLORIDE,Inactive,
87548825,O.O=P1(N(CCCl)CCCl)NCCCO1,PWOQRKCAHTVFLB-UHFFFAOYSA-N,278.035384394,1.0593,1.09065,O.O=P1(N(CCCl)CCCl)NCCCO1,CYCLOPHOSPHAMIDE,Inactive,
83511000,Cl.Nc1c(Br)cc(Br)cc1CNC1CCC(O)CC1,QNVKOSLOVOTXKF-UHFFFAOYSA-N,411.955265108,3.6087000000000016,1.0907,Cl.Nc1c(Br)cc(Br)cc1CNC1CCC(O)CC1,AMBROXOL HYDROCHLORIDE,Inactive,
68866473,O=C1OC2(c3ccc(O)cc3Oc3cc(O)ccc32)c2ccccc21,GNBHRKFJIUUOQI-UHFFFAOYSA-N,332.06847348400004,3.6658000000000017,1.0911,O=C1OC2(c3ccc(O)cc3Oc3cc(O)ccc32)c2ccccc21,FLUORESCEIN,Inactive,
57098901,COc1ccc(C(=O)O)cc1OC,DAUAQNGYDSHRET-UHFFFAOYSA-N,182.0579088,1.402,1.0915,COc1ccc(C(=O)O)cc1OC,VERATRIC ACID,Inactive,
93108600,O=C([O-])c1cc(=O)c2c(OCC(O)COc3cccc4oc(C(=O)[O-])cc(=O)c34)cccc2o1.[Na+].[Na+],VLARUOGDXDTHEH-UHFFFAOYSA-L,512.033149828,-6.546899999999996,1.09155,O=C([O-])c1cc(=O)c2c(OCC(O)COc3cccc4oc(C(=O)[O-])cc(=O)c34)cccc2o1.[Na+].[Na+],CROMOLYN SODIUM,Inactive,
55627907,COc1cc(C(C)=O)ccc1O,DFYRUELUNQRZTB-UHFFFAOYSA-N,166.06299418,1.6034,1.0916,COc1cc(C(C)=O)ccc1O,APOCYNIN,Inactive,
27394533,Cc1ncc(CNC(=O)N(CCCl)N=O)c(N)n1.Cl,KPMKNHGAPDCYLP-UHFFFAOYSA-N,308.055529048,1.2208199999999998,1.0917,Cc1ncc(CNC(=O)N(CCCl)N=O)c(N)n1.Cl,NIMUSTINE HYDROCHLORIDE,Inactive,
10360909,CC1CC2C3CC(F)C4=CC(=O)C=CC4(C)C3(F)C(O)CC2(C)C1(O)C(=O)CO,WXURHACBFYSXBI-UHFFFAOYSA-N,410.1904804359999,1.8436999999999997,1.0918,CC1CC2C3CC(F)C4=CC(=O)C=CC4(C)C3(F)C(O)CC2(C)C1(O)C(=O)CO,FLUMETHASONE,Inactive,
72024647,COc1c2occc2c(OC)c2c(=O)cc(C)oc12,HSMPDPBYAYSOBC-UHFFFAOYSA-N,260.06847348400004,2.8648200000000017,1.0918,COc1c2occc2c(OC)c2c(=O)cc(C)oc12,KHELLIN,Inactive,
43882464,Cc1[nH]c(=O)c(C#N)cc1-c1ccncc1,PZRHRDRVRGEVNW-UHFFFAOYSA-N,211.074561908,1.617,1.092,Cc1[nH]c(=O)c(C#N)cc1-c1ccncc1,MILRINONE,Inactive,
68122861,COc1ccc2c(c1O)-c1c(OC)c(OC)cc3c1C(C2)N(C)CC3,QELDJEKNFOQJOY-UHFFFAOYSA-N,341.16270821600006,3.1701000000000015,1.09215,COc1ccc2c(c1O)-c1c(OC)c(OC)cc3c1C(C2)N(C)CC3,S-ISOCORYDINE (+),Inactive,
32092037,CNC(=C[N+](=O)[O-])NCCSCc1ccc(CN(C)C)o1.Cl,GGWBHVILAJZWKJ-UHFFFAOYSA-N,350.11793927599996,1.8808000000000002,1.0922,CNC(=C[N+](=O)[O-])NCCSCc1ccc(CN(C)C)o1.Cl,RANITIDINE HYDROCHLORIDE,Inactive,
10283535,CC(C)NCC(O)COc1cccc2[nH]c3ccccc3c12,BQXQGZPYHWWCEB-UHFFFAOYSA-N,298.168127944,3.0588000000000006,1.0922,CC(C)NCC(O)COc1cccc2[nH]c3ccccc3c12,CARAZOLOL,Inactive,
59994145,Cl.Cl.O=C1c2c(O)ccc(O)c2C(=O)c2c(NCCNCCO)ccc(NCCNCCO)c21,ZAHQPTJLOCWVPG-UHFFFAOYSA-N,516.1542400400001,0.7043999999999995,1.0924,Cl.Cl.O=C1c2c(O)ccc(O)c2C(=O)c2c(NCCNCCO)ccc(NCCNCCO)c21,MITOXANTRONE HYDROCHLORIDE,Inactive,
87821278,CCn1cc(C(=O)O)c(=O)c2cnc(N3CCCC3)nc21,RCIMBBZXSXFZBV-UHFFFAOYSA-N,288.122240372,1.1098000000000001,1.09255,CCn1cc(C(=O)O)c(=O)c2cnc(N3CCCC3)nc21,PIROMIDIC ACID,Inactive,
10176061,COc1cc(-c2coc3cc(OC4OC(CO)C(O)C(O)C4O)c(OC)c(O)c3c2=O)cc(O)c1OC,LNQCUTNLHUQZLR-UHFFFAOYSA-N,522.1373408919999,0.07569999999999977,1.093,COc1cc(-c2coc3cc(OC4OC(CO)C(O)C(O)C4O)c(OC)c(O)c3c2=O)cc(O)c1OC,IRIDIN,Inactive,
38871832,NCCCC(N)C(=O)O.NCCCC(N)C(=O)O.O=C(O)CCC(=O)C(=O)O,MXZWEWUFDLGQKZ-UHFFFAOYSA-N,410.2012785399999,-2.220699999999993,1.09305,NCCCC(N)C(=O)O.NCCCC(N)C(=O)O.O=C(O)CCC(=O)C(=O)O,ORNITHINE aKETOGLUTARATE,Inactive,
10993587,CC=Cc1ccc(OC)cc1,RUVINXPYWBROJD-UHFFFAOYSA-N,148.088815004,2.728300000000001,1.09355,CC=Cc1ccc(OC)cc1,ANETHOLE,Inactive,
67774843,CC1(C)C(O)CC(=O)C2(C)C1CC(=O)C1(C)C2CCC2(C)C(c3ccoc3)OC(=O)C3OC321,BSZLLSHGSWKZRE-UHFFFAOYSA-N,456.21480336399986,3.3929000000000027,1.0936,CC1(C)C(O)CC(=O)C2(C)C1CC(=O)C1(C)C2CCC2(C)C(c3ccoc3)OC(=O)C3OC321,"1,7-DIDEACETOXY-1,7-DIOXO-3-DEACETYLKHIVORIN",Inactive,
53849262,Cc1ncc([N+](=O)[O-])n1C,IBXPYPUJPLLOIN-UHFFFAOYSA-N,141.053826464,0.63672,1.09365,Cc1ncc([N+](=O)[O-])n1C,DIMETRIDAZOLE,Inactive,
11478721,Cl.N=c1ccn2c(n1)OC1C(O)C(CO)OC12,KZOWNALBTMILAP-UHFFFAOYSA-N,261.051633544,-1.2040300000000004,1.0937,Cl.N=c1ccn2c(n1)OC1C(O)C(CO)OC12,ANCITABINE HYDROCHLORIDE,Inactive,
27205253,CC(C)=CCCC1(C)C=Cc2c(O)c3c(c(CC=C(C)C)c2O1)OC12C(=CCCC1C(C)(C)OC2(CC=C(C)C(=O)O)C(=O)O)C3=O,VDSCKSOYNLTQSY-UHFFFAOYSA-N,646.3141830520001,7.515100000000007,1.0937,CC(C)=CCCC1(C)C=Cc2c(O)c3c(c(CC=C(C)C)c2O1)OC12C(=CCCC1C(C)(C)OC2(CC=C(C)C(=O)O)C(=O)O)C3=O,GARCINOLIC ACID,Inactive,
46285569,CCCCNc1ccc(C(=O)OCCOCCOCCOCCOCCOCCOCCOCCOCCOC)cc1,MAFMQEKGGFWBAB-UHFFFAOYSA-N,603.3618615159999,2.8346000000000036,1.094,CCCCNc1ccc(C(=O)OCCOCCOCCOCCOCCOCCOCCOCCOCCOC)cc1,BENZONATATE,Inactive,
74273188,Cc1cc(C(C)(C)C)c(O)c(C)c1CC1=NCCN1.Cl,BEEDODBODQVSIM-UHFFFAOYSA-N,296.16554110000004,3.2725400000000024,1.09405,Cc1cc(C(C)(C)C)c(O)c(C)c1CC1=NCCN1.Cl,OXYMETAZOLINE HYDROCHLORIDE,Inactive,
76222529,Cl.Nc1ccn(C2OC(CO)C(O)C2(F)F)c(=O)n1,OKKDEIYWILRZIA-UHFFFAOYSA-N,299.04843998399997,-0.8668,1.09405,Cl.Nc1ccn(C2OC(CO)C(O)C2(F)F)c(=O)n1,GEMCITABINE HYDROCHLORIDE,Inactive,
11975300,O=C(O)Cc1cc(I)c(Oc2ccc(O)c(I)c2)c(I)c1,UOWZUVNAGUAEQC-UHFFFAOYSA-N,621.7635027680001,4.625400000000002,1.0941,O=C(O)Cc1cc(I)c(Oc2ccc(O)c(I)c2)c(I)c1,TIRATRICOL,Inactive,
12597837,COC(=O)c1cc(OC)c(OC)c(OC)c1,KACHFMOHOPLTNX-UHFFFAOYSA-N,226.084123548,1.4989999999999999,1.0941,COC(=O)c1cc(OC)c(OC)c(OC)c1,METHYL EUDESMATE,Inactive,
86507309,CCC1(O)C(=O)OCc2c1cc1n(c2=O)Cc2cc3c(CN(C)C)c(O)ccc3nc2-1.Cl,DGHHQBMTXTWTJV-UHFFFAOYSA-N,457.140448548,2.2686000000000006,1.0943,CCC1(O)C(=O)OCc2c1cc1n(c2=O)Cc2cc3c(CN(C)C)c(O)ccc3nc2-1.Cl,TOPOTECAN HYDROCHLORIDE,Inactive,
48784870,CC(CCc1ccc(O)cc1)NCCc1ccc(O)c(O)c1.Cl,BQKADKWNRWCIJL-UHFFFAOYSA-N,337.144471308,3.3786000000000036,1.0943,CC(CCc1ccc(O)cc1)NCCc1ccc(O)c(O)c1.Cl,DOBUTAMINE HYDROCHLORIDE,Inactive,
81566695,CCCCN1CCCCC1C(=O)Nc1c(C)cccc1C.Cl,SIEYLFHKZGLBNX-UHFFFAOYSA-N,324.196841228,4.3183400000000045,1.0944,CCCCN1CCCCC1C(=O)Nc1c(C)cccc1C.Cl,BUPIVACAINE HYDROCHLORIDE,Inactive,
78362017,C=CC1=C(C)C(=Cc2[nH]c(Cc3[nH]c(C=C4NC(=O)C(C)=C4C=C)c(C)c3CCC(=O)O)c(CCC(=O)O)c2C)NC1=O,BPYKTIZUTYGOLE-UHFFFAOYSA-N,584.2634848719999,4.531240000000002,1.0944,C=CC1=C(C)C(=Cc2[nH]c(Cc3[nH]c(C=C4NC(=O)C(C)=C4C=C)c(C)c3CCC(=O)O)c(CCC(=O)O)c2C)NC1=O,BILIRUBIN,Inactive,
75980768,CC(C)Cn1cnc2c(N)nc3ccccc3c21.Cl,RGKLRAHQVIHCCH-UHFFFAOYSA-N,276.114174224,3.2445000000000017,1.09455,CC(C)Cn1cnc2c(N)nc3ccccc3c21.Cl,IMIQUIMOD HYDROCHLORIDE,Inactive,
79560866,Cc1ccc(C(C)C)cc2c(C)ccc1-2,FWKQNCXZGNBPFD-UHFFFAOYSA-N,198.140850576,4.531640000000004,1.09465,Cc1ccc(C(C)C)cc2c(C)ccc1-2,GUAIAZULENE,Inactive,
54468974,CC1C(=O)OC2CC34C5CC(C(C)(C)C)C36C(OC(=O)C6O)OC4(C(=O)O5)C21O,FPUXKXIZEIDQKW-UHFFFAOYSA-N,408.1420323479999,-0.3402999999999995,1.09465,CC1C(=O)OC2CC34C5CC(C(C)(C)C)C36C(OC(=O)C6O)OC4(C(=O)O5)C21O,GINKGOLIDE A,Inactive,
94672305,O=C(C1CCCCC1)N1CC(=O)N2CCc3ccccc3C2C1,FSVJFNAIGNNGKK-UHFFFAOYSA-N,312.183778008,2.5349000000000004,1.0947,O=C(C1CCCCC1)N1CC(=O)N2CCc3ccccc3C2C1,PRAZIQUANTEL,Inactive,
70549499,CC(=O)NC1C(NC(=N)N)C=C(C(=O)O)OC1C(O)C(O)CO,ARAIBEBZBOPLMB-UHFFFAOYSA-N,332.13319898,-3.5758299999999976,1.0948,CC(=O)NC1C(NC(=N)N)C=C(C(=O)O)OC1C(O)C(O)CO,ZANAMIVIR,Inactive,
84907684,CC(=O)NC(CS)C(=O)O,PWKSKIMOESPYIA-UHFFFAOYSA-N,163.030314148,-0.4945,1.09485,CC(=O)NC(CS)C(=O)O,ACETYLCYSTEINE,Inactive,
12597741,Cc1cc(C)nc(NS(=O)(=O)c2ccc(N)cc2)n1,ASWVTGNCAZCNNR-UHFFFAOYSA-N,278.083746688,1.4764399999999998,1.09495,Cc1cc(C)nc(NS(=O)(=O)c2ccc(N)cc2)n1,SULFAMETHAZINE,Inactive,
41847145,CN1CCc2cc3c(cc2C1C1OC(=O)c2c1ccc1c2OCO1)OCO3,IYGYMKDQCDOMRE-UHFFFAOYSA-N,367.10558726399995,2.5846999999999998,1.09505,CN1CCc2cc3c(cc2C1C1OC(=O)c2c1ccc1c2OCO1)OCO3,BICUCULLINE (+),Inactive,
58935546,CC(NC(=NC#N)Nc1ccncc1)C(C)(C)C,IVVNZDGDKPTYHK-UHFFFAOYSA-N,245.16404560799998,2.3547800000000008,1.0951,CC(NC(=NC#N)Nc1ccncc1)C(C)(C)C,PINACIDIL,Inactive,
80657953,CCOc1ccc(S(=O)(=O)[O-])c2cccnc12.[Na+],KGBPIIYKHSGTAJ-UHFFFAOYSA-M,275.02282308,-1.4583999999999995,1.0952,CCOc1ccc(S(=O)(=O)[O-])c2cccnc12.[Na+],ACTINOQUINOL SODIUM,Inactive,
47787980,Cc1nc2n(c(=O)c1CCN1CCC(c3noc4cc(F)ccc34)CC1)CCCC2,RAPZEAPATHNIPO-UHFFFAOYSA-N,410.211804324,3.5904200000000026,1.09525,Cc1nc2n(c(=O)c1CCN1CCC(c3noc4cc(F)ccc34)CC1)CCCC2,RISPERIDONE,Inactive,
10519560,Cc1ncc(C[n+]2csc(CCO)c2C)c(N)n1.Cl.[Cl-],DPJRMOMPQZCRJU-UHFFFAOYSA-M,336.057837556,-1.9664599999999974,1.0955,Cc1ncc(C[n+]2csc(CCO)c2C)c(N)n1.Cl.[Cl-],THIAMINE HYDROCHLORIDE,Inactive,
87952029,Br.CN1C2CC(OC(=O)C(CO)c3ccccc3)CC1C(O)C2,KMYQCELRVANQNG-UHFFFAOYSA-N,385.08887034799994,1.4795999999999998,1.09585,Br.CN1C2CC(OC(=O)C(CO)c3ccccc3)CC1C(O)C2,ANISODAMINE HYDROBROMIDE (+/-),Inactive,
46153384,CCCc1nc(C(C)(C)O)c(C(=O)OCc2oc(=O)oc2C)n1Cc1ccc(-c2ccccc2-c2nn[nH]n2)cc1,UQGKUQLKSCSZGY-UHFFFAOYSA-N,558.2226826800002,4.170020000000003,1.096,CCCc1nc(C(C)(C)O)c(C(=O)OCc2oc(=O)oc2C)n1Cc1ccc(-c2ccccc2-c2nn[nH]n2)cc1,OLMESARTAN MEDOXOMIL,Inactive,
61908519,COc1cc(O)cc(OC)c1OC,VTCDZPUMZAZMSB-UHFFFAOYSA-N,184.073558864,1.418,1.0962,COc1cc(O)cc(OC)c1OC,ANTIAROL,Inactive,
73835094,CCC1CN2CCC1CC2C(O)c1ccnc2ccc(OC)cc12,LJOQGZACKSYWCH-UHFFFAOYSA-N,326.199428072,3.3972000000000024,1.09625,CCC1CN2CCC1CC2C(O)c1ccnc2ccc(OC)cc12,HYDROQUINIDINE,Inactive,
83703730,CN1C2CCC1CC(OC(=O)C(CO)c1ccccc1)C2,RKUNBYITZUJHSG-UHFFFAOYSA-N,289.167793596,1.9308999999999996,1.0964,CN1C2CCC1CC(OC(=O)C(CO)c1ccccc1)C2,ATROPINE,Inactive,
22932384,COC(=O)C1C(O)CCC2CN3CCc4c([nH]c5ccccc45)C3CC21.Cl,PIPZGJSEDRMUAW-UHFFFAOYSA-N,390.17102040400005,3.0689000000000015,1.0964,COC(=O)C1C(O)CCC2CN3CCc4c([nH]c5ccccc45)C3CC21.Cl,YOHIMBINE HYDROCHLORIDE,Inactive,
11108237,CC1=CCCC(C)=CCC(C)(C)C=CC1,FAMPSKZZVDUYOS-UHFFFAOYSA-N,204.187800768,5.0354000000000045,1.0964,CC1=CCCC(C)=CCC(C)(C)C=CC1,HUMULENE (alpha),Inactive,
66942309,Cc1cc(CC(=O)O)n(C)c1C(=O)c1ccc(Cl)cc1,ZXVNMYWKKDOREA-UHFFFAOYSA-N,291.066220988,2.8450200000000017,1.09645,Cc1cc(CC(=O)O)n(C)c1C(=O)c1ccc(Cl)cc1,ZOMEPIRAC SODIUM,Inactive,
10281193,CCN(CC)CCOCCOC(=O)C(CC)(CC)c1ccccc1.O=C(O)CC(O)(CC(=O)O)C(=O)O,KVKJFNUGVOFNGU-UHFFFAOYSA-N,527.2730465119998,2.3975000000000004,1.09645,CCN(CC)CCOCCOC(=O)C(CC)(CC)c1ccccc1.O=C(O)CC(O)(CC(=O)O)C(=O)O,OXELAIDIN CITRATE,Inactive,
10324052,NCCCNCCSP(=O)(O)O,JKOQGQFVAUAYPM-UHFFFAOYSA-N,214.05409996999998,-0.2492999999999997,1.0965,NCCCNCCSP(=O)(O)O,AMIFOSTINE,Inactive,
32267263,CC(C)(C)NC(=O)C1CCC2C3CCC4NC(=O)C=CC4(C)C3CCC12C,DBEPLOCGEIEOCV-UHFFFAOYSA-N,372.277678392,3.8145000000000024,1.09675,CC(C)(C)NC(=O)C1CCC2C3CCC4NC(=O)C=CC4(C)C3CCC12C,FINASTERIDE,Inactive,
90741504,CCN(CC)C(=O)N1CCN(C)CC1.O=C(O)CC(O)(CC(=O)O)C(=O)O,PGNKBEARDDELNB-UHFFFAOYSA-N,391.1954648879999,-0.552899999999996,1.09685,CCN(CC)C(=O)N1CCN(C)CC1.O=C(O)CC(O)(CC(=O)O)C(=O)O,DIETHYLCARBAMAZINE CITRATE,Inactive,
35828817,CC(C(=O)O)c1ccc(N2Cc3ccccc3C2=O)cc1,RJMIEHBSYVWVIN-UHFFFAOYSA-N,281.10519334,3.0351000000000017,1.09705,CC(C(=O)O)c1ccc(N2Cc3ccccc3C2=O)cc1,INDOPROFEN,Inactive,
56276084,O=C(CCc1ccc(O)cc1)c1c(O)cc(O)cc1OC1OC(CO)C(O)C(O)C1O,IOUVKUPGCMBWBT-UHFFFAOYSA-N,436.13694696799985,-0.2024000000000002,1.097245,O=C(CCc1ccc(O)cc1)c1c(O)cc(O)cc1OC1OC(CO)C(O)C(O)C1O,PHLORIDZIN,Inactive,
20808251,O=C(CCCl)NCc1ccccc1,JPYQFYIEOUVJDU-UHFFFAOYSA-N,197.060741684,1.9317,1.0977,O=C(CCCl)NCc1ccccc1,BECLAMIDE,Inactive,
37321019,CCN(CC)CCNC(=O)c1cc(Br)c(N)cc1OC,GIYAQDDTCWHPPL-UHFFFAOYSA-N,343.089539044,2.1115,1.0979,CCN(CC)CCNC(=O)c1cc(Br)c(N)cc1OC,BROMOPRIDE,Inactive,
84004080,NCCS(=O)(=O)O,XOAAWQZATWQOTB-UHFFFAOYSA-N,125.014664084,-1.1670999999999996,1.0981,NCCS(=O)(=O)O,TAURINE,Inactive,
99343412,COc1cc(C=CC(=O)C=C(O)C=Cc2ccc(O)c(OC)c2)ccc1O,ZIUSSTSXXLLKKK-UHFFFAOYSA-N,368.12598835999995,3.852600000000003,1.0981,COc1cc(C=CC(=O)C=C(O)C=Cc2ccc(O)c(OC)c2)ccc1O,CURCUMIN,Inactive,
11349961,CC1C2CCC3C4CC=C5CC(N(C)C)CCC5(C)C4CCC32CN1C,GPLGAQQQNWMVMM-UHFFFAOYSA-N,356.31914928,4.809600000000005,1.0981,CC1C2CCC3C4CC=C5CC(N(C)C)CCC5(C)C4CCC32CN1C,CONESSINE,Inactive,
11509413,CC(=O)C1CCC2C3CC=C4CC(O)CCC4(C)C3CCC12C,ORNBQBCIOKFOEO-UHFFFAOYSA-N,316.240230264,4.515300000000004,1.09825,CC(=O)C1CCC2C3CC=C4CC(O)CCC4(C)C3CCC12C,PREGNENOLONE,Inactive,
82371364,COC1C=CC23c4cc5c(cc4CN(CC2O)C3C1)OCO5,YGPRSGKVLATIHT-UHFFFAOYSA-N,301.131408088,1.1866999999999996,1.09885,COC1C=CC23c4cc5c(cc4CN(CC2O)C3C1)OCO5,CRINAMINE,Inactive,
98521080,CC12CCCC(O)(C1)C1CC(C)(C)C1CC2,FUQAYSQLAOJBBC-UHFFFAOYSA-N,222.198365452,3.7539000000000025,1.09885,CC12CCCC(O)(C1)C1CC(C)(C)C1CC2,beta-CARYOPHYLLENE ALCOHOL,Inactive,
93441158,O=C(NCC(O)CO)c1c(I)c(C(=O)NCC(O)CO)c(I)c(N(CCO)C(=O)CO)c1I,AMDBBAQNWSUWGN-UHFFFAOYSA-N,806.864673348,-2.016,1.09895,O=C(NCC(O)CO)c1c(I)c(C(=O)NCC(O)CO)c(I)c(N(CCO)C(=O)CO)c1I,IOVERSOL,Inactive,
50963841,Cc1ccc2c(Cl)cc(Cl)c(O)c2n1,GPTXWRGISTZRIO-UHFFFAOYSA-N,226.990469204,3.5556200000000016,1.09895,Cc1ccc2c(Cl)cc(Cl)c(O)c2n1,CHLORQUINALDOL,Inactive,
10725687,CC(CO)NC(=O)C1C=C2c3cccc4[nH]cc(c34)CC2N(C)C1.O=C(O)C=CC(=O)O,YREISLCRUMOYAY-UHFFFAOYSA-N,441.18998558399994,1.2463999999999997,1.09897,CC(CO)NC(=O)C1C=C2c3cccc4[nH]cc(c34)CC2N(C)C1.O=C(O)C=CC(=O)O,ERGONOVINE MALEATE,Inactive,
11563268,OCCc1ccccc1,WRMNZCZEMHIOCP-UHFFFAOYSA-N,122.07316494,1.2214,1.09905,OCCc1ccccc1,PHENYLETHYL ALCOHOL,Inactive,
84753700,Cc1c(C(=O)O)c(O)cc2c1C(=O)c1c(O)c(C3OC(CO)C(O)C(O)C3O)c(O)c(O)c1C2=O,DGQLVPJVXFOQEV-UHFFFAOYSA-N,492.09039069999983,-1.1940800000000005,1.09905,Cc1c(C(=O)O)c(O)cc2c1C(=O)c1c(O)c(C3OC(CO)C(O)C(O)C3O)c(O)c(O)c1C2=O,CARMINIC ACID,Inactive,
57131165,O=C(O)CCCN1C(=O)c2cccc3cccc(c23)C1=O,ZHXRDXTYPCPBTI-UHFFFAOYSA-N,283.084457896,2.3006,1.0991,O=C(O)CCCN1C(=O)c2cccc3cccc(c23)C1=O,4-NAPHTHALIMIDOBUTYRIC ACID,Inactive,
10459044,CC1(C)SC2C(NC(=O)C(N)c3ccc(O)cc3)C(=O)N2C1C(=O)O,LSQZJLSUYDQPKJ-UHFFFAOYSA-N,365.104541708,0.023700000000000443,1.09915,CC1(C)SC2C(NC(=O)C(N)c3ccc(O)cc3)C(=O)N2C1C(=O)O,AMOXICILLIN,Inactive,
44861008,CC(=O)c1c(O)c(C)c(O)c2c1OC1=CC(=O)C(C(C)=O)C(=O)C12C,CUCUKLJLRRAKFN-UHFFFAOYSA-N,344.089602852,1.49982,1.09915,CC(=O)c1c(O)c(C)c(O)c2c1OC1=CC(=O)C(C(C)=O)C(=O)C12C,USNIC ACID,Inactive,
10875921,Nc1ccn(C2CCC(CO)O2)c(=O)n1,WREGKURFCTUGRC-UHFFFAOYSA-N,211.095691276,-0.5046000000000002,1.0993,Nc1ccn(C2CCC(CO)O2)c(=O)n1,ZALCITABINE,Inactive,
63743403,CC(=O)Nc1nnc(S(N)(=O)=O)s1,BZKPWHYZMXOIDC-UHFFFAOYSA-N,221.988132052,-0.8561000000000003,1.09935,CC(=O)Nc1nnc(S(N)(=O)=O)s1,ACETAZOLAMIDE,Inactive,
62148780,CCCCCOC(=O)Nc1nc(=O)n(C2OC(C)C(O)C2O)cc1F,GAGWJHPBXLXJQN-UHFFFAOYSA-N,359.149263644,0.7601999999999995,1.0994,CCCCCOC(=O)Nc1nc(=O)n(C2OC(C)C(O)C2O)cc1F,CAPECITABINE,Inactive,
11012594,Cc1cccc(Cc2c[nH]cn2)c1C.Cl,OIWRDXKNDCJZSM-UHFFFAOYSA-N,222.09237616,3.039140000000002,1.0995,Cc1cccc(Cc2c[nH]cn2)c1C.Cl,DETOMIDINE HYDROCHLORIDE,Inactive,
64935134,CC12CCC(=O)C=C1CCC1C2C(O)CC2(C)C1CCC2(O)C(=O)COP(=O)([O-])[O-].CC[NH+](CC)CC.CC[NH+](CC)CC,KBGCXUBOAUWAIS-UHFFFAOYSA-N,644.4165535419999,0.49660000000000726,1.09965,CC12CCC(=O)C=C1CCC1C2C(O)CC2(C)C1CCC2(O)C(=O)COP(=O)([O-])[O-].CC[NH+](CC)CC.CC[NH+](CC)CC,HYDROCORTISONE PHOSPHATE TRIETHYLAMINE,Inactive,
39930625,Cc1onc(-c2ccccc2)c1C(=O)NC1C(=O)N2C1SC(C)(C)C2C(=O)[O-].[Na+],VDUVBBMAXXHEQP-UHFFFAOYSA-M,423.086485956,-2.4353799999999968,1.09965,Cc1onc(-c2ccccc2)c1C(=O)NC1C(=O)N2C1SC(C)(C)C2C(=O)[O-].[Na+],OXACILLIN SODIUM,Inactive,
56255774,C1CCc2nnnn2CC1,CWRVKFFCRWGWCS-UHFFFAOYSA-N,138.09054632,0.39949999999999997,1.09965,C1CCc2nnnn2CC1,PENTYLENETETRAZOL,Inactive,
60500565,O=C(NC(=O)c1ccccc1Cl)Nc1ccc(OC(F)(F)F)cc1,XAIPTRIXGHTTNT-UHFFFAOYSA-N,358.03320451999997,4.200500000000002,1.10005,O=C(NC(=O)c1ccccc1Cl)Nc1ccc(OC(F)(F)F)cc1,TRIFLUMURON,Inactive,
85133938,C#CC1(OC(C)=O)CCC2C3CCC4=CC(=O)CCC4C3CCC21C,IMONTRJLAWHYGT-UHFFFAOYSA-N,340.20384475599997,4.0633000000000035,1.1001,C#CC1(OC(C)=O)CCC2C3CCC4=CC(=O)CCC4C3CCC21C,NORETHINDRONE ACETATE,Inactive,
69657324,CC1CC2C3CCC4=CC(=O)C=CC4(C)C3(F)C(O)CC2(C)C1(O)C(=O)COP(=O)([O-])[O-].[Na+].[Na+],PLCQGRYPOISRTQ-UHFFFAOYSA-L,516.130121266,-5.243299999999994,1.1008,CC1CC2C3CCC4=CC(=O)C=CC4(C)C3(F)C(O)CC2(C)C1(O)C(=O)COP(=O)([O-])[O-].[Na+].[Na+],BETAMETHASONE SODIUM PHOSPHATE,Inactive,
26604157,COC(=O)C=Cc1cc(OC)c(OC)c(OC)c1,KLXHCGFNNUQTEY-UHFFFAOYSA-N,252.099773612,1.8985999999999998,1.10085,COC(=O)C=Cc1cc(OC)c(OC)c(OC)c1,METHYL TRIMETHOXYCINNAMATE,Inactive,
78342222,CNCCCC1c2ccccc2C=Cc2ccccc21.Cl,OGQDIIKRQRZXJH-UHFFFAOYSA-N,299.144077384,4.7237000000000045,1.10175,CNCCCC1c2ccccc2C=Cc2ccccc21.Cl,PROTRYPTYLINE HYDROCHLORIDE,Inactive,
70907274,CC1(C)SC2C(NC(=O)C(C(=O)[O-])c3ccccc3)C(=O)N2C1C(=O)[O-].[Na+].[Na+],RTYJTGSCYUUYAL-UHFFFAOYSA-L,422.052445792,-8.17490000000001,1.102245,CC1(C)SC2C(NC(=O)C(C(=O)[O-])c3ccccc3)C(=O)N2C1C(=O)[O-].[Na+].[Na+],CARBENICILLIN DISODIUM,Inactive,
96857816,CC(=C(CCOP(=O)(O)O)SC(=O)c1ccccc1)N(C=O)Cc1cnc(C)nc1N,BTNNPSLJPBRMLZ-UHFFFAOYSA-N,466.10759208600007,2.630119999999999,1.1025,CC(=C(CCOP(=O)(O)O)SC(=O)c1ccccc1)N(C=O)Cc1cnc(C)nc1N,BENFOTIAMINE,Inactive,
83001779,O=C1C=C2CC3(O)COc4c(ccc(O)c4O)C3=C2C=C1O,HLUCICHZHWJHLL-UHFFFAOYSA-N,300.063388104,1.3295999999999997,1.10255,O=C1C=C2CC3(O)COc4c(ccc(O)c4O)C3=C2C=C1O,HEMATEIN,Inactive,
40638586,C=CCc1ccc(O)c(OC)c1,RRAFCDWBNXTKKO-UHFFFAOYSA-N,164.083729624,2.1292999999999997,1.1026,C=CCc1ccc(O)c(OC)c1,EUGENOL,Inactive,
55064007,O=c1cc(-c2ccccc2)oc2cc(O)cc(O)c12,RTIXKCRFFJGDFG-UHFFFAOYSA-N,254.0579088,2.8712000000000013,1.102615,O=c1cc(-c2ccccc2)oc2cc(O)cc(O)c12,CHRYSIN,Inactive,
84808760,CN(C)C(=O)Oc1cc(OC(=O)N(C)C)cc(C(O)CNC(C)(C)C)c1.Cl,LBARATORRVNNQM-UHFFFAOYSA-N,403.18739874,2.650700000000001,1.10275,CN(C)C(=O)Oc1cc(OC(=O)N(C)C)cc(C(O)CNC(C)(C)C)c1.Cl,BAMBUTEROL HYDROCHLORIDE,Inactive,
70624773,CC(=O)NCCCS(=O)(=O)[O-].CC(=O)NCCCS(=O)(=O)[O-].[Ca+2],BUVGWDNTAWHSKI-UHFFFAOYSA-L,400.0286985799999,-2.2651999999999957,1.10305,CC(=O)NCCCS(=O)(=O)[O-].CC(=O)NCCCS(=O)(=O)[O-].[Ca+2],ACAMPROSATE CALCIUM,Inactive,
63118944,CN1C(=O)CC(C)(c2ccccc2)C1=O,AJXPJJZHWIXJCJ-UHFFFAOYSA-N,203.094628656,1.333,1.10345,CN1C(=O)CC(C)(c2ccccc2)C1=O,METHSUXIMIDE,Inactive,
77687447,CCN(CC)C(=O)C(C#N)=Cc1cc(O)c(O)c([N+](=O)[O-])c1,JRURYQJSLYLRLN-UHFFFAOYSA-N,305.10117058,1.7813800000000002,1.10365,CCN(CC)C(=O)C(C#N)=Cc1cc(O)c(O)c([N+](=O)[O-])c1,ENTACAPONE,Inactive,
26292191,Nc1ccc(C(=O)[O-])c(O)c1.[Na+],FVVDKUPCWXUVNP-UHFFFAOYSA-M,175.024537332,-3.6581,1.1037,Nc1ccc(C(=O)[O-])c(O)c1.[Na+],AMINOSALICYLATE SODIUM,Inactive,
34210217,Cc1ncc([N+](=O)[O-])n1CC(O)CCl,IPWKIXLWTCNBKN-UHFFFAOYSA-N,219.04106886,0.6994199999999999,1.10375,Cc1ncc([N+](=O)[O-])n1CC(O)CCl,ORNIDAZOLE,Inactive,
59356694,O=C(O)CCC(=O)Nc1ccc(S(=O)(=O)Nc2nccs2)cc1,SKVLYVHULOWXTD-UHFFFAOYSA-N,355.02966251600003,1.7471999999999996,1.104,O=C(O)CCC(=O)Nc1ccc(S(=O)(=O)Nc2nccs2)cc1,SUCCINYLSULFATHIAZOLE,Inactive,
11295312,NC(=O)c1cccnc1,DFPAKSUCGFBDDF-UHFFFAOYSA-N,122.048012812,0.18050000000000016,1.10405,NC(=O)c1cccnc1,NIACINAMIDE,Inactive,
13970665,CN1CCC(=C2c3ccccc3C=Cc3ccccc32)CC1.Cl,ZPMVNZLARAEGHB-UHFFFAOYSA-N,323.14407738399996,5.119700000000004,1.104135,CN1CCC(=C2c3ccccc3C=Cc3ccccc32)CC1.Cl,CYPROHEPTADINE HYDROCHLORIDE,Inactive,
69538746,CN1CCCN=C1C=Cc1cccc(O)c1.O=C(O)c1cc2ccccc2c(Cc2c(O)c(C(=O)O)cc3ccccc23)c1O,CCOAINFUFGBHBA-UHFFFAOYSA-N,604.2209513639999,6.530800000000007,1.1042,CN1CCCN=C1C=Cc1cccc(O)c1.O=C(O)c1cc2ccccc2c(Cc2c(O)c(C(=O)O)cc3ccccc23)c1O,OXANTEL PAMOATE,Inactive,
62546456,OC1C(O)C(O)C(O)C(O)C1O,CDAISMWEOUEBRE-UHFFFAOYSA-N,180.063388104,-3.8346000000000005,1.1044,OC1C(O)C(O)C(O)C(O)C1O,INOSITOL,Inactive,
54034316,OCc1c[nH]c2ccccc12,IVYPNXXAYMYVSP-UHFFFAOYSA-N,147.068413908,1.6602,1.10445,OCc1c[nH]c2ccccc12,INDOLE-3-CARBINOL,Inactive,
54618278,CC(C(=O)O)c1ccc2c(c1)CC(=O)c1ccccc1S2,MUXFZBHBYYYLTH-UHFFFAOYSA-N,298.066365308,3.764700000000002,1.1049,CC(C(=O)O)c1ccc2c(c1)CC(=O)c1ccccc1S2,ZALTOPROFEN,Inactive,
31985703,Cc1cc2nc3ccc(N(C)C)cc3[s+]c2cc1N.[Cl-],HNONEKILPDHFOL-UHFFFAOYSA-M,305.075346192,0.6912200000000003,1.10495,Cc1cc2nc3ccc(N(C)C)cc3[s+]c2cc1N.[Cl-],TOLONIUM CHLORIDE,Inactive,
41502940,CCC1(CC)C(=O)C=CNC1=O,NZASCBIBXNPDMH-UHFFFAOYSA-N,167.094628656,1.0053999999999998,1.1053,CCC1(CC)C(=O)C=CNC1=O,PYRITHYLDIONE,Inactive,
42659099,CC(=O)OCC(=O)C1(O)CCC2C3CCC4CC(O)CCC4(C)C3C(=O)CC21C,MULICLCRGFYQJF-UHFFFAOYSA-N,406.235538808,2.4322999999999997,1.10535,CC(=O)OCC(=O)C1(O)CCC2C3CCC4CC(O)CCC4(C)C3C(=O)CC21C,TETRAHYDROCORTISONE-21-ACETATE,Inactive,
25715442,CC1(C)C(=O)C2OC2C2(C)C1CC(O)C1(C)C2CCC2(C)C(c3ccoc3)OC(=O)C3OC321,UIUKQADPLSFRBN-UHFFFAOYSA-N,456.21480336399986,3.201100000000002,1.10545,CC1(C)C(=O)C2OC2C2(C)C1CC(O)C1(C)C2CCC2(C)C(c3ccoc3)OC(=O)C3OC321,"1,2alpha-EPOXYDEACETOXYDIHYDROGEDUNIN",Inactive,
54674981,C=C(C)C1COc2cc3oc(=O)ccc3cc2O1,DUECABXXAMFFBH-UHFFFAOYSA-N,244.073558864,2.5089000000000006,1.1057,C=C(C)C1COc2cc3oc(=O)ccc3cc2O1,OBLIQUIN,Inactive,
42997183,COc1ccc(-c2cc(=O)c3c(O)c(OC)c(OC)c(OC)c3o2)cc1OC,DOFJNFPSMUCECH-UHFFFAOYSA-N,388.11581759999996,3.2086000000000023,1.1058,COc1ccc(-c2cc(=O)c3c(O)c(OC)c(OC)c(OC)c3o2)cc1OC,DEMETHYLNOBILETIN,Inactive,
92022173,CC(N)(Cc1ccc(O)c(O)c1)C(=O)O,CJCSPKMFHVPWAR-UHFFFAOYSA-N,211.084457896,0.4423000000000001,1.1062,CC(N)(Cc1ccc(O)c(O)c1)C(=O)O,METHYLDOPA,Inactive,
75863766,C=CCN1CCC23c4c5ccc(O)c4OC2C(=O)CCC3(O)C1C5.Cl,RGPDIGOSVORSAK-UHFFFAOYSA-N,363.12373586399997,1.7231999999999998,1.1064,C=CCN1CCC23c4c5ccc(O)c4OC2C(=O)CCC3(O)C1C5.Cl,NALOXONE HYDROCHLORIDE,Inactive,
58859057,CCNC1CC(N)C(OC2OC(CN)=CCC2N)C(O)C1OC1OCC(C)(O)C(NC)C1O.O=S(=O)(O)O.O=S(=O)(O)O,LOKMIGZKRZJVNT-UHFFFAOYSA-N,671.23535774,-4.506300000000004,1.10645,CCNC1CC(N)C(OC2OC(CN)=CCC2N)C(O)C1OC1OCC(C)(O)C(NC)C1O.O=S(=O)(O)O.O=S(=O)(O)O,NETILMICIN SULFATE,Inactive,
88577829,O=C(O)CCCCC1CCSS1,AGBQKNBQESQNJD-UHFFFAOYSA-N,206.043521688,2.7851000000000017,1.1069,O=C(O)CCCCC1CCSS1,THIOCTIC ACID,Inactive,
10582194,CCCNC(C)C(=O)Nc1ccccc1C.Cl,BJPJNTKRKALCPP-UHFFFAOYSA-N,256.134240972,2.743420000000001,1.1072,CCCNC(C)C(=O)Nc1ccccc1C.Cl,PRILOCAINE HYDROCHLORIDE,Inactive,
16857926,CCOCCn1c(N2CCCN(C)CC2)nc2ccccc21.O=C(O)C=CC(=O)O.O=C(O)C=CC(=O)O,FWLKKPKZQYVAFR-UHFFFAOYSA-N,534.2325786679999,1.6383000000000016,1.1072,CCOCCn1c(N2CCCN(C)CC2)nc2ccccc21.O=C(O)C=CC(=O)O.O=C(O)C=CC(=O)O,EMEDASTINE DIFUMARATE,Inactive,
61873189,COc1ccc(-c2cc(=O)c3c(O)cc(O)cc3o2)cc1,DANYIYRPLHHOCZ-UHFFFAOYSA-N,284.06847348400004,2.8798000000000012,1.1077,COc1ccc(-c2cc(=O)c3c(O)cc(O)cc3o2)cc1,ACACETIN,Inactive,
73422530,COc1ccc2[nH]c(S(=O)Cc3ncc(C)c(OC)c3C)nc2n1,ZBFDAUIVDSSISP-UHFFFAOYSA-N,346.10996143600005,2.29474,1.10795,COc1ccc2[nH]c(S(=O)Cc3ncc(C)c(OC)c3C)nc2n1,TENATOPRAZOLE,Inactive,
99605331,NCCCNCCCCNCCCN,PFNFFQXMRSDOHW-UHFFFAOYSA-N,202.21574683199998,-0.35659999999999775,1.10795,NCCCNCCCCNCCCN,SPERMINE,Inactive,
35861011,COc1c(Cl)c(C)c(C(=O)Oc2cc(C)c(C(=O)O)c(O)c2)c(O)c1Cl,AESGLXVLIHUKMR-UHFFFAOYSA-N,400.0116581479999,3.9474400000000034,1.108,COc1c(Cl)c(C)c(C(=O)Oc2cc(C)c(C(=O)O)c(O)c2)c(O)c1Cl,DICHLOROEVERNIC ACID,Inactive,
21041718,CC(NCCC(c1ccccc1)c1ccccc1)c1ccccc1.Cl,NJXWZWXCHBNOOG-UHFFFAOYSA-N,351.17537751199995,5.981200000000006,1.1081,CC(NCCC(c1ccccc1)c1ccccc1)c1ccccc1.Cl,FENDILINE HYDROCHLORIDE,Inactive,
25498093,COc1cc2c(cc1OC)-c1c(oc3c4c(ccc3c1=O)OC(C)(C)C=C4)CO2,NGQVFILFHVPLFE-UHFFFAOYSA-N,392.12598835999995,4.553800000000004,1.10815,COc1cc2c(cc1OC)-c1c(oc3c4c(ccc3c1=O)OC(C)(C)C=C4)CO2,DEHYDRODEGUELIN,Inactive,
88993662,CC(=O)OCC(=O)C1(O)CCC2C3CCC4=CC(=O)CCC4(C)C3(F)C(O)CC21C,SYWHXTATXSMDSB-UHFFFAOYSA-N,422.21046693200003,2.4445000000000006,1.10875,CC(=O)OCC(=O)C1(O)CCC2C3CCC4=CC(=O)CCC4(C)C3(F)C(O)CC21C,FLUDROCORTISONE ACETATE,Inactive,
31633465,Br.CN1C2CCC1CC(OC(=O)C(O)c1ccccc1)C2,DWSGTFTVBLXELC-UHFFFAOYSA-N,355.07830566399997,2.4663000000000004,1.10875,Br.CN1C2CCC1CC(OC(=O)C(O)c1ccccc1)C2,HOMATROPINE HYDROBROMIDE,Inactive,
40819395,CCc1c(C)[nH]c2c1C(=O)C(CN1CCOCC1)CC2.Cl,GQWNECFJGBQMBO-UHFFFAOYSA-N,312.16045572,2.3846200000000013,1.10875,CCc1c(C)[nH]c2c1C(=O)C(CN1CCOCC1)CC2.Cl,MOLINDONE HYDROCHLORIDE,Inactive,
10139174,O=c1[n-]c(=O)n(Cl)c(=O)n1Cl.[Na+],MSFGZHUJTJBYFA-UHFFFAOYSA-M,218.9214405,-4.6648,1.10885,O=c1[n-]c(=O)n(Cl)c(=O)n1Cl.[Na+],TROCLOSENE SODIUM,Inactive,
99390948,NC(=O)c1ccc([N+](=O)[O-])cc1Cl,GFGSZUNNBQXGMK-UHFFFAOYSA-N,199.9988697,1.3471,1.10895,NC(=O)c1ccc([N+](=O)[O-])cc1Cl,AKLOMIDE,Inactive,
33005163,O=c1c(O)c(-c2ccc(O)c(O)c2)oc2c(O)c(O)cc(O)c12,YRRAGUMVDQQZIY-UHFFFAOYSA-N,318.03756727999996,1.6936000000000002,1.10915,O=c1c(O)c(-c2ccc(O)c(O)c2)oc2c(O)c(O)cc(O)c12,GOSSYPETIN,Inactive,
27558503,CC1CCCC(C)N1,SDGKUVSVPIIUCF-UHFFFAOYSA-N,113.12044947999999,1.5369,1.10925,CC1CCCC(C)N1,NANOFIN,Inactive,
69378962,COC(=O)C1=COC(OC2OC(CO)C(O)C(O)C2O)C2C(C)CC(=O)C12,HLXRWTJXGMHOFN-UHFFFAOYSA-N,388.13694696799996,-1.942599999999998,1.1094,COC(=O)C1=COC(OC2OC(CO)C(O)C(O)C2O)C2C(C)CC(=O)C12,VERBENALIN,Inactive,
17636550,CC(=O)OCC=C(C)CCC=C(C)CCC=C(C)CCC=C(C)CCC=C(C)CCC=C(C)CCC=C(C)CCC=C(C)CCC=C(C)C,JQXXWBAHSBAIEK-UHFFFAOYSA-N,672.584531672,15.327699999999961,1.1095,CC(=O)OCC=C(C)CCC=C(C)CCC=C(C)CCC=C(C)CCC=C(C)CCC=C(C)CCC=C(C)CCC=C(C)CCC=C(C)C,SOLANESYL ACETATE,Inactive,
33905076,Br.NC(=O)C(c1ccccc1)(c1ccccc1)C1CCN(CCc2ccc3c(c2)CCO3)C1,UQAVIASOPREUIT-UHFFFAOYSA-N,506.15689033200005,4.535400000000004,1.10975,Br.NC(=O)C(c1ccccc1)(c1ccccc1)C1CCN(CCc2ccc3c(c2)CCO3)C1,DARIFENACIN HYDROBROMIDE,Inactive,
24834566,CCNC1CC(C)S(=O)(=O)c2sc(S(N)(=O)=O)cc21.Cl,OSRUSFPMRGDLAG-UHFFFAOYSA-N,360.003897704,1.0337999999999998,1.10985,CCNC1CC(C)S(=O)(=O)c2sc(S(N)(=O)=O)cc21.Cl,DORZOLAMIDE,Inactive,
19604530,CC(C(=O)O)c1ccc2c(c1)[nH]c1ccc(Cl)cc12,PUXBGTOOZJQSKH-UHFFFAOYSA-N,273.05565630399997,4.162600000000002,1.1099,CC(C(=O)O)c1ccc2c(c1)[nH]c1ccc(Cl)cc12,CARPROFEN,Inactive,
70158532,COc1ccc(-c2coc3cc(O)ccc3c2=O)c(O)c1O,SMOFGXHPWCTYQD-UHFFFAOYSA-N,300.06338810399996,2.5854000000000017,1.11005,COc1ccc(-c2coc3cc(O)ccc3c2=O)c(O)c1O,KOPARIN,Inactive,
68228350,O=C(O)c1cc(N=Nc2ccc(S(=O)(=O)Nc3ccccn3)cc2)ccc1O,NCEXYHBECQHGNR-UHFFFAOYSA-N,398.068490548,3.7016000000000013,1.11015,O=C(O)c1cc(N=Nc2ccc(S(=O)(=O)Nc3ccccn3)cc2)ccc1O,SULFASALAZINE,Inactive,
98346209,OCC(O)CN1CCN(c2ccccc2)CC1,PTVWPYVOOKLBCG-UHFFFAOYSA-N,236.15247788,0.16179999999999972,1.1102,OCC(O)CN1CCN(c2ccccc2)CC1,DROPROPIZINE,Inactive,
83180103,CC(=O)OCC(=O)C12N=C(C)OC1CC1C3CCC4=CC(=O)C=CC4(C)C3C(O)CC12C,FBHSPRKOSMHSIF-UHFFFAOYSA-N,441.21513771199994,2.5632,1.11025,CC(=O)OCC(=O)C12N=C(C)OC1CC1C3CCC4=CC(=O)C=CC4(C)C3C(O)CC12C,DEFLAZACORT,Inactive,
61130830,Cc1nc2n(c(=O)c1CCN1CCC(c3noc4cc(F)ccc34)CC1)CCCC2O,PMXMIIMHBWHSKN-UHFFFAOYSA-N,426.206718944,3.081320000000002,1.11045,Cc1nc2n(c(=O)c1CCN1CCC(c3noc4cc(F)ccc34)CC1)CCCC2O,PALIPERIDONE,Inactive,
11006341,NC(=O)C1(N2CCCCC2)CCN(CCCC(=O)c2ccc(F)cc2)CC1,AXKPFOAXAHJUAG-UHFFFAOYSA-N,375.23220541999996,2.5944000000000003,1.11045,NC(=O)C1(N2CCCCC2)CCN(CCCC(=O)c2ccc(F)cc2)CC1,PIPAMPERONE,Inactive,
10432296,COc1ccc2c(c1)OCC(Cc1ccc(OC)c(OC)c1)C2=O,ZRSCGBGNKZDPOF-UHFFFAOYSA-N,328.13107374,3.1464000000000016,1.11045,COc1ccc2c(c1)OCC(Cc1ccc(OC)c(OC)c1)C2=O,DEOXYSAPPANONE B TRIMETHYL ETHER,Inactive,
38483943,O=C(O)c1cc(-c2ccccc2)nc2ccccc12,YTRMTPPVNRALON-UHFFFAOYSA-N,249.078978592,3.6000000000000014,1.1105,O=C(O)c1cc(-c2ccccc2)nc2ccccc12,CINCHOPHEN,Inactive,
46046048,CNC1C(OC2C(OC3C(O)C(O)C(NC(=N)N)C(O)C3NC(=N)N)OC(C)C2(O)C=O)OC(CO)C(O)C1O.O=S(=O)(O)O,CFCMMYICHMLDCC-UHFFFAOYSA-N,679.2330492320001,-8.394560000000014,1.11055,CNC1C(OC2C(OC3C(O)C(O)C(NC(=N)N)C(O)C3NC(=N)N)OC(C)C2(O)C=O)OC(CO)C(O)C1O.O=S(=O)(O)O,STREPTOMYCIN SULFATE [5mM; 10% aq DMSO + 5mM ethanolamine],Inactive,
53292928,COc1ccc(-c2cc(=O)c3c(O)cc(OC4OC(COC5OC(C)C(O)C(O)C5O)C(O)C(O)C4O)cc3o2)cc1O,GZSOSUNBTXMUFQ-UHFFFAOYSA-N,608.1741203239999,-1.0897,1.1107,COc1ccc(-c2cc(=O)c3c(O)cc(OC4OC(COC5OC(C)C(O)C(O)C5O)C(O)C(O)C4O)cc3o2)cc1O,DIOSMIN,Inactive,
89264815,Oc1ccc2c(c1)OCC1(O)Cc3cc(O)c(O)cc3C21,UWHUTZOCTZJUKC-UHFFFAOYSA-N,286.08412354800004,1.6148999999999996,1.11105,Oc1ccc2c(c1)OCC1(O)Cc3cc(O)c(O)cc3C21,BRAZILIN,Inactive,
51180834,Cc1c(C)c2c(c(C)c1O)CCC(C)(CCCC(C)CCCC(C)CCCC(C)C)O2,GVJHHUAWPYXKBD-UHFFFAOYSA-N,430.38108084,8.840260000000002,1.1112,Cc1c(C)c2c(c(C)c1O)CCC(C)(CCCC(C)CCCC(C)CCCC(C)C)O2,alpha-TOCHOPHEROL [4 mM],Inactive,
91566649,CC1(C)CCCC2(C)C1CCC1(C)OCCC12,YPZUZOLGGMJZJO-UHFFFAOYSA-N,236.21401551600002,4.408000000000004,1.11145,CC1(C)CCCC2(C)C1CCC1(C)OCCC12,AMBROXIDE (-),Inactive,
77086081,CC12CCC3c4ccc(O)cc4CCC3C1CCC2=O,DNXHEGUUPJUMQT-UHFFFAOYSA-N,270.161979944,3.817400000000002,1.11195,CC12CCC3c4ccc(O)cc4CCC3C1CCC2=O,ESTRONE,Inactive,
49055686,O=c1c2ccccc2oc2ccc(O)cc12,WSACHQJPCNOREV-UHFFFAOYSA-N,212.047344116,2.6518000000000006,1.11195,O=c1c2ccccc2oc2ccc(O)cc12,2-HYDROXYXANTHONE,Inactive,
29784583,COc1ccccc1OCC(O)CO,HSRJKNPTNIJEKV-UHFFFAOYSA-N,198.089208928,0.4272000000000001,1.1121,COc1ccccc1OCC(O)CO,GUAIFENESIN,Inactive,
48322519,NCCCC(O)(P(=O)(O)O)P(=O)(O)O.O.O.O.[Na+],DCSBSVSZJRSITC-UHFFFAOYSA-N,326.03763976809,-6.743299999999994,1.1122,NCCCC(O)(P(=O)(O)O)P(=O)(O)O.O.O.O.[Na+],ALENDRONATE SODIUM TRIHYDRATE,Inactive,
75508115,CC1(C)C(=O)C=CC2(C)C1CC(=O)C1(C)C2CCC2(C)C(c3ccoc3)OC(=O)C3OC321,PMISPNORJONCHB-UHFFFAOYSA-N,438.2042386799999,4.198100000000003,1.11245,CC1(C)C(=O)C=CC2(C)C1CC(=O)C1(C)C2CCC2(C)C(c3ccoc3)OC(=O)C3OC321,DEACETOXY-7-OXOGEDUNIN,Inactive,
76471677,OCC1OC(O)(CO)C(O)C1O,RFSUNEUAIZKAJO-UHFFFAOYSA-N,180.063388104,-3.2197999999999998,1.1126,OCC1OC(O)(CO)C(O)C1O,D-(-)-FRUCTOSE ,Inactive,
38367340,CC1CCC2(C(=O)O)CCC3(C)C(=CCC4C5(C)CC(O)C(O)C(C)(CO)C5C(O)CC43C)C2C1C,PRAUVHZJPXOEIF-UHFFFAOYSA-N,504.3450892559999,4.003500000000003,1.1126,CC1CCC2(C(=O)O)CCC3(C)C(=CCC4C5(C)CC(O)C(O)C(C)(CO)C5C(O)CC43C)C2C1C,MADECASSIC ACID,Inactive,
10447428,COc1ccc(-c2coc3cc(O)cc(O)c3c2=O)cc1,WUADCCWRTIWANL-UHFFFAOYSA-N,284.06847348400004,2.8798000000000012,1.1129,COc1ccc(-c2coc3cc(O)cc(O)c3c2=O)cc1,BIOCHANIN A,Inactive,
30618975,O=C([O-])CCCO.[Na+],XYGBKMMCQDZQOZ-UHFFFAOYSA-M,126.02928836400001,-4.487199999999998,1.1131,O=C([O-])CCCO.[Na+],SODIUM OXYBATE,Inactive,
57150390,CC1C=CC=CC=CC=CC=CC=CC=CC(OC2OC(C)C(O)C(N)C2O)CC(O)C(C(=O)O)C(O)CC(=O)CC(O)CC(O)CC(O)CC(=O)CCCC(=O)CC(=O)OC1C(C)CC(C)C(O)CC(=O)c1ccc(N)cc1,OPGSFDUODIJJGF-UHFFFAOYSA-N,1108.5719138480001,3.6124000000000045,1.1135,CC1C=CC=CC=CC=CC=CC=CC=CC(OC2OC(C)C(O)C(N)C2O)CC(O)C(C(=O)O)C(O)CC(=O)CC(O)CC(O)CC(O)CC(=O)CCCC(=O)CC(=O)OC1C(C)CC(C)C(O)CC(=O)c1ccc(N)cc1,CANDICIDIN,Inactive,
41318731,CSCCC(N)C(=O)O,FFEARJCKVFRZRR-UHFFFAOYSA-N,149.051049592,0.1513999999999998,1.11375,CSCCC(N)C(=O)O,METHIONINE (L),Inactive,
26654809,C#CC1(O)CCC2C3CCC4=Cc5oncc5CC4(C)C3CCC21C,POZRVZJJTULAOH-UHFFFAOYSA-N,337.20417910400005,4.221000000000004,1.11403,C#CC1(O)CCC2C3CCC4=Cc5oncc5CC4(C)C3CCC21C,DANAZOL,Inactive,
24845819,CCC1(c2ccc(N)cc2)CCC(=O)NC1=O,ROBVIMPUHSLWNV-UHFFFAOYSA-N,232.121177752,1.3532,1.1142,CCC1(c2ccc(N)cc2)CCC(=O)NC1=O,AMINOGLUTETHIMIDE,Inactive,
44849141,CC(=O)SC1CC2=CC(=O)CCC2(C)C2CCC3(C)C(CCC34CCC(=O)O4)C12,LXMSZDCAJNLERA-UHFFFAOYSA-N,416.2021305039999,4.852300000000005,1.1142,CC(=O)SC1CC2=CC(=O)CCC2(C)C2CCC3(C)C(CCC34CCC(=O)O4)C12,SPIRONOLACTONE,Inactive,
37616476,CC1(C)OC2CC3C4CCC5=CC(=O)C=CC5(C)C4(F)C(O)CC3(C)C2(C(=O)CO)O1,YNDXUCZADRHECN-UHFFFAOYSA-N,434.2104669319999,2.4188000000000005,1.11425,CC1(C)OC2CC3C4CCC5=CC(=O)C=CC5(C)C4(F)C(O)CC3(C)C2(C(=O)CO)O1,TRIAMCINOLONE ACETONIDE,Inactive,
40270045,CC(=O)Nc1ccc(O)cc1,RZVAJINKPMORJF-UHFFFAOYSA-N,151.063328528,1.3505999999999998,1.11455,CC(=O)Nc1ccc(O)cc1,ACETAMINOPHEN,Inactive,
10914236,COc1c2ccoc2cc2oc(=O)ccc12,BGEBZHIAGXMEMV-UHFFFAOYSA-N,216.042258736,2.5478000000000005,1.1147,COc1c2ccoc2cc2oc(=O)ccc12,BERGAPTEN,Inactive,
21789988,CCCCOC(=O)c1ccccc1C(=O)OCCCC,DOIRQSBPFJWKBE-UHFFFAOYSA-N,278.151809184,3.600400000000003,1.1148,CCCCOC(=O)c1ccccc1C(=O)OCCCC,DIBUTYL PHTHALATE,Inactive,
99580402,CCOC(=O)CC(=O)N1CCSC1COc1ccccc1OC,WSYVIAQNTFPTBI-UHFFFAOYSA-N,339.114043772,1.9287,1.11495,CCOC(=O)CC(=O)N1CCSC1COc1ccccc1OC,MOGUISTEINE,Inactive,
88959874,CCN(CC)C(=O)c1ccc(O)c(OC)c1,BQJODPIMMWWMFC-UHFFFAOYSA-N,223.120843404,1.8827999999999998,1.11545,CCN(CC)C(=O)c1ccc(O)c(OC)c1,ETHAMIVAN,Inactive,
53398032,COc1cc2c(cc1OC)C1Cc3ccc(OC)c(OC)c3CN1CC2,AEQDJSLRWYMAQI-UHFFFAOYSA-N,355.17835828000005,3.376500000000002,1.11555,COc1cc2c(cc1OC)C1Cc3ccc(OC)c(OC)c3CN1CC2,TETRAHYDROPALMATINE,Inactive,
48655106,O=NN(CCCl)C(=O)NCCCl,DLGOEMSEDOSKAD-UHFFFAOYSA-N,213.007181888,1.157,1.1156,O=NN(CCCl)C(=O)NCCCl,CARMUSTINE,Inactive,
82578261,NCC1CCC(C(=O)O)CC1,GYDJEQRTZSCIOI-UHFFFAOYSA-N,157.11027872,0.8361000000000001,1.1156,NCC1CCC(C(=O)O)CC1,TRANEXAMIC ACID,Inactive,
11542095,Cl.ClCCN(CCCl)CCCl,VEAUDLLZYJVHRI-UHFFFAOYSA-N,238.98021013599998,2.4266000000000005,1.1157,Cl.ClCCN(CCCl)CCCl,TRICHLORMETHINE HYDROCHLORIDE,Inactive,
10900011,Cc1ncc([N+](=O)[O-])n1CCO,VAOCPAMSLUNLGC-UHFFFAOYSA-N,171.064391148,0.09201999999999994,1.11585,Cc1ncc([N+](=O)[O-])n1CCO,METRONIDAZOLE,Inactive,
61225553,CC(=O)NS(=O)(=O)c1ccc(N)cc1,SKIVFJLNDNKQPD-UHFFFAOYSA-N,214.04121318,0.0935999999999998,1.11615,CC(=O)NS(=O)(=O)c1ccc(N)cc1,SULFACETAMIDE,Inactive,
94322130,Cc1ccccc1N1C(=O)c2cc(S(N)(=O)=O)c(Cl)cc2NC1C,AQCHWTWZEMGIFD-UHFFFAOYSA-N,365.060090052,2.714120000000001,1.11645,Cc1ccccc1N1C(=O)c2cc(S(N)(=O)=O)c(Cl)cc2NC1C,METOLAZONE,Inactive,
76519072,CC(C)Oc1ccc2c(=O)c(-c3ccccc3)coc2c1,SFBODOKJTYAUCM-UHFFFAOYSA-N,280.109944372,4.247200000000003,1.1165,CC(C)Oc1ccc2c(=O)c(-c3ccccc3)coc2c1,IPRIFLAVONE,Inactive,
39166444,O=C(NN=Cc1ccc([N+](=O)[O-])o1)c1cc([N+](=O)[O-])cc([N+](=O)[O-])c1O,XXUXXCZCUGIGPP-UHFFFAOYSA-N,365.024376804,1.4736999999999998,1.11655,O=C(NN=Cc1ccc([N+](=O)[O-])o1)c1cc([N+](=O)[O-])cc([N+](=O)[O-])c1O,NIFURSOL,Inactive,
35790632,Cl.NC12CC3CC(CC(C3)C1)C2,WOLHOYHSEKDWQH-UHFFFAOYSA-N,187.112777256,2.3357,1.11775,Cl.NC12CC3CC(CC(C3)C1)C2,AMANTADINE HYDROCHLORIDE,Inactive,
84601483,NS(=O)(=O)c1cc(C(=O)O)c(NCc2ccco2)cc1Cl,ZZUFCTLCJUWOSV-UHFFFAOYSA-N,330.00772013200003,1.8907,1.1178,NS(=O)(=O)c1cc(C(=O)O)c(NCc2ccco2)cc1Cl,FUROSEMIDE,Inactive,
43711494,Nc1nccs1,RAIPHJJURHTUIC-UHFFFAOYSA-N,100.009519128,0.7253000000000001,1.1178,Nc1nccs1,AMINOTHIAZOLE,Inactive,
98223353,C#CCN(C)Cc1ccccc1.Cl,BCXCABRDBBWWGY-UHFFFAOYSA-N,195.081477128,2.1734000000000004,1.11785,C#CCN(C)Cc1ccccc1.Cl,PARGYLINE HYDROCHLORIDE,Inactive,
81261438,O=C(O)c1cc(O)c(O)c(O)c1,LNTHITQWFMADLM-UHFFFAOYSA-N,170.021523292,0.5015999999999998,1.1179,O=C(O)c1cc(O)c(O)c(O)c1,GALLIC ACID,Inactive,
46691242,CC(=O)CCCCn1c(=O)c2c(ncn2C)n(C)c1=O,BYPFEZZEUUWMEJ-UHFFFAOYSA-N,278.13789043599996,0.19300000000000006,1.118,CC(=O)CCCCn1c(=O)c2c(ncn2C)n(C)c1=O,PENTOXIFYLLINE,Inactive,
17310325,CC1=C2CCC3C4CCC(=O)C4(C)CCC3C2(C)CCC1=O,ISMVMNHPEDSOTR-UHFFFAOYSA-N,300.208930136,4.477500000000004,1.1182,CC1=C2CCC3C4CCC(=O)C4(C)CCC3C2(C)CCC1=O,FORMESTANE,Inactive,
51088015,CCN(CC)CCNC(=O)c1cc(S(C)(=O)=O)ccc1OC.Cl,OTFDPNXIVHBTKW-UHFFFAOYSA-N,364.12235596,1.5920999999999996,1.1183,CCN(CC)CCNC(=O)c1cc(S(C)(=O)=O)ccc1OC.Cl,TIAPRIDE HYDROCHLORIDE,Inactive,
29759321,Cl.Cl.NCCNCCNCCN,WYHIICXRPHEJKI-UHFFFAOYSA-N,218.10650199999998,-1.0733999999999986,1.11845,Cl.Cl.NCCNCCNCCN,TRIENTINE HYDROCHLORIDE,Inactive,
11062474,CN(C)CC(=O)OCC(O)C(O)C(O)C(O)C(=O)[O-].[Na+],MKVDFFROCUECAJ-UHFFFAOYSA-M,303.093010816,-7.711299999999996,1.1186,CN(C)CC(=O)OCC(O)C(O)C(O)C(O)C(=O)[O-].[Na+],PANGAMIC ACID SODIUM,Inactive,
94833677,O=c1[nH]cnc2[nH]ncc12,OFCNXPDARWKPPY-UHFFFAOYSA-N,136.038510748,-0.35380000000000006,1.119,O=c1[nH]cnc2[nH]ncc12,ALLOPURINOL,Inactive,
49388145,Cc1coc2c1C(=O)C(=O)c1c-2ccc2c1CCCC2(C)C,HYXITZLLTYIPOF-UHFFFAOYSA-N,294.125594436,4.247920000000003,1.119,Cc1coc2c1C(=O)C(=O)c1c-2ccc2c1CCCC2(C)C,TANSHINONE IIA,Inactive,
44649404,COc1c(C)c2c(c(O)c1CC=C(C)CCC(=O)O)C(=O)OC2,HPNSFSBZBAHARI-UHFFFAOYSA-N,320.12598835999995,2.73322,1.11925,COc1c(C)c2c(c(O)c1CC=C(C)CCC(=O)O)C(=O)OC2,MYCOPHENOLIC ACID,Inactive,
61977582,O=C1C=C2CC3(O)COc4cc(O)ccc4C3=C2C=C1O,MLWIYODOURBGPI-UHFFFAOYSA-N,284.068473484,1.6239999999999999,1.11995,O=C1C=C2CC3(O)COc4cc(O)ccc4C3=C2C=C1O,BRAZILEIN,Inactive,
16169644,CCOP(=S)(OCC)Oc1cc(C)nc(C(C)C)n1,FHIVAFMUCKRCQO-UHFFFAOYSA-N,304.10105016200004,3.5847200000000026,1.12,CCOP(=S)(OCC)Oc1cc(C)nc(C(C)C)n1,DIMPYLATE,Inactive,
87988899,NCC(O)c1ccc(O)c(O)c1.O=C(O)C(O)C(O)C(=O)O,WNPNNLQNNJQYFA-UHFFFAOYSA-N,319.090331124,-2.0326999999999997,1.12015,NCC(O)c1ccc(O)c(O)c1.O=C(O)C(O)C(O)C(=O)O,NOREPINEPHRINE TARTRATE,Inactive,
64284963,COc1ccc(C(=O)N2CCCC2=O)cc1,ZXNRTKGTQJPIJK-UHFFFAOYSA-N,219.089543276,1.4578,1.12025,COc1ccc(C(=O)N2CCCC2=O)cc1,ANIRACETAM,Inactive,
10214186,O=C(O)CCCCCCCC(=O)O,BDJRBEYXGGNYIS-UHFFFAOYSA-N,188.104858992,1.8863,1.1203,O=C(O)CCCCCCCC(=O)O,AZELAIC ACID,Inactive,
36843435,COC(=O)C1(C)CCCC2(C)c3ccc(C(C)C)cc3C(=O)CC12,URPBIQPJABGDJD-UHFFFAOYSA-N,328.20384475599997,4.633500000000004,1.12045,COC(=O)C1(C)CCCC2(C)c3ccc(C(C)C)cc3C(=O)CC12,"7-OXOCALLITRISIC ACID, METHYL ESTER",Inactive,
35689504,Cl.c1ccc2c(CC3=NCCN3)cccc2c1,DJDFFEBSKJCGHC-UHFFFAOYSA-N,246.09237616,2.8058000000000005,1.1205,Cl.c1ccc2c(CC3=NCCN3)cccc2c1,NAPHAZOLINE HYDROCHLORIDE,Inactive,
49122328,CN1C2CCC1CC(O)C2,CYHOMWAPJJPNMW-UHFFFAOYSA-N,141.1153641,0.6038999999999999,1.1205,CN1C2CCC1CC(O)C2,TROPINE,Inactive,
68111343,O=c1c(O)c(-c2ccc(O)cc2O)oc2cc(O)cc(O)c12,YXOLAZRVSSWPPT-UHFFFAOYSA-N,302.04265266,1.987999999999999,1.12055,O=c1c(O)c(-c2ccc(O)cc2O)oc2cc(O)cc(O)c12,MORIN,Inactive,
10579401,COc1ccc(-c2oc3cc(OC)c(OC)c(OC)c3c(=O)c2OC)cc1,OWNRDLYPIYHOQK-UHFFFAOYSA-N,372.12090298,3.503000000000003,1.12075,COc1ccc(-c2oc3cc(OC)c(OC)c(OC)c3c(=O)c2OC)cc1,"3,4',5,6,7-PENTAMETHOXYFLAVONE",Inactive,
11253836,Cl.O=C(O)C=Cc1ccc(Cn2ccnc2)cc1,CWKFWBJJNNPGAM-UHFFFAOYSA-N,264.066555336,2.4510000000000005,1.1215,Cl.O=C(O)C=Cc1ccc(Cn2ccnc2)cc1,OZAGREL HYDROCHLORIDE,Inactive,
68955871,CC(=O)OC1CC2(C)C(CC(O)C3C4(C)CCC(O)C(C)C4CCC32C)C1=C(CCC=C(C)C)C(=O)O,IECPWNUMDGFDKC-UHFFFAOYSA-N,516.3450892559999,5.6661000000000055,1.1217,CC(=O)OC1CC2(C)C(CC(O)C3C4(C)CCC(O)C(C)C4CCC32C)C1=C(CCC=C(C)C)C(=O)O,FUSIDIC ACID,Inactive,
87937883,COc1ccc(C(=O)NCc2ccc(OCCN(C)C)cc2)cc1OC,QQQIECGTIMUVDS-UHFFFAOYSA-N,358.189257312,2.574200000000001,1.1218,COc1ccc(C(=O)NCc2ccc(OCCN(C)C)cc2)cc1OC,ITOPRIDE  HYDROCHLORIDE,Inactive,
86557974,NC(CO)(CO)CO,LENZDBCJOHFCAS-UHFFFAOYSA-N,121.073893212,-2.3391999999999995,1.1219,NC(CO)(CO)CO,TROMETHAMINE,Inactive,
11489358,c1coc(CNc2ncnc3[nH]cnc23)c1,QANMHLXAZMSUEX-UHFFFAOYSA-N,215.080709908,1.5579999999999996,1.12195,c1coc(CNc2ncnc3[nH]cnc23)c1,KINETIN,Inactive,
71471940,O.O.OCC1OC(OC2OC(CO)C(O)C(O)C2O)C(O)C(O)C1O,DPVHGFAJLZWDOC-UHFFFAOYSA-N,378.1373408919999,-7.046599999999991,1.1224,O.O.OCC1OC(OC2OC(CO)C(O)C(O)C2O)C(O)C(O)C1O,TREHALOSE DIHYDRATE,Inactive,
39862400,CN(C)CCOC(c1ccccc1)c1ccccc1.Cl,PCHPORCSPXIHLZ-UHFFFAOYSA-N,291.138992004,3.776000000000004,1.12305,CN(C)CCOC(c1ccccc1)c1ccccc1.Cl,DIPHENHYDRAMINE HYDROCHLORIDE,Inactive,
43881524,CCCCOc1cc(C(=O)NCCN(CC)CC)c2ccccc2n1.Cl,IVHBBMHQKZBJEU-UHFFFAOYSA-N,379.20265488,3.907100000000004,1.1237,CCCCOc1cc(C(=O)NCCN(CC)CC)c2ccccc2n1.Cl,DIBUCAINE HYDROCHLORIDE,Inactive,
72582135,C[N+](C)(C)CCOC(N)=O.[Cl-],AIXAANGOTKPUOY-UHFFFAOYSA-N,182.0822054,-3.2080999999999973,1.12375,C[N+](C)(C)CCOC(N)=O.[Cl-],CARBACHOL,Inactive,
10176447,COc1ccc(OC)c(C(O)CNC(=O)CN)c1.Cl,MGCQZNBCJBRZDT-UHFFFAOYSA-N,290.103334768,0.23390000000000027,1.1238,COc1ccc(OC)c(C(O)CNC(=O)CN)c1.Cl,MIDODRINE HYDROCHLORIDE,Inactive,
60086843,COc1ccc(C2Sc3ccccc3N(CCN(C)C)C(=O)C2OC(C)=O)cc1.Cl,HDRXZJPWHTXQRI-UHFFFAOYSA-N,450.13800602399994,3.7903000000000024,1.1238,COc1ccc(C2Sc3ccccc3N(CCN(C)C)C(=O)C2OC(C)=O)cc1.Cl,DILTIAZEM HYDROCHLORIDE,Inactive,
88547914,CC(O)C(=O)Nc1c(I)c(C(=O)NC(CO)CO)c(I)c(C(=O)NC(CO)CO)c1I,XQZXYNRDCRIARQ-UHFFFAOYSA-N,776.8541086639999,-1.0143000000000004,1.12425,CC(O)C(=O)Nc1c(I)c(C(=O)NC(CO)CO)c(I)c(C(=O)NC(CO)CO)c1I,IOHEXOL,Inactive,
94641786,CC(=O)OCC(=O)C1(O)CCC2C3CCC4=CC(=O)C=CC4(C)C3(Cl)C(Cl)CC21C,YNNURTVKPVJVEI-UHFFFAOYSA-N,454.131379356,3.7363000000000026,1.12435,CC(=O)OCC(=O)C1(O)CCC2C3CCC4=CC(=O)C=CC4(C)C3(Cl)C(Cl)CC21C,DICHLORISONE ACETATE,Inactive,
69621104,CC(C)=CCCC(C)=CCCC(C)=CCCC(C)=CCCC(C)=CCCC(C)=CCCC(C)=CCCC(C)=CCCC(C)=CCO,AFPLNGZPBSKHHQ-UHFFFAOYSA-N,630.573966988,14.756899999999963,1.1244,CC(C)=CCCC(C)=CCCC(C)=CCCC(C)=CCCC(C)=CCCC(C)=CCCC(C)=CCCC(C)=CCCC(C)=CCO,SOLANESOL,Inactive,
63349168,COc1cc(C(=O)NCCCCCC(=O)O)cc(OC)c1OC,MPTXLVRHYGBOQY-UHFFFAOYSA-N,325.152537456,2.0872,1.12445,COc1cc(C(=O)NCCCCCC(=O)O)cc(OC)c1OC,CAPOBENIC ACID,Inactive,
47807370,Cc1cc(O)cc(=O)o1,NSYSSMYQPLSPOD-UHFFFAOYSA-N,126.031694052,0.6538199999999998,1.12465,Cc1cc(O)cc(=O)o1,4-HYDROXY-6-METHYLPYRAN-2-ONE,Inactive,
22489458,CS(=O)(=O)O.OC(CCN1CCCCC1)(c1ccccc1)c1ccccc1,VNJHUUNVDMYCRH-UHFFFAOYSA-N,391.181729408,3.302500000000002,1.12495,CS(=O)(=O)O.OC(CCN1CCCCC1)(c1ccccc1)c1ccccc1,PRIDINOL METHANESULFONATE,Inactive,
88423857,ClC=C(Cl)Cl,XSTXAVWGXDQKEL-UHFFFAOYSA-N,129.914383072,2.5017000000000005,1.1251,ClC=C(Cl)Cl,TRICHLOROETHYLENE,Inactive,
80201107,CC1CCC(NC(=O)N(CCCl)N=O)CC1,FVLVBPDQNARYJU-UHFFFAOYSA-N,247.108754496,2.496900000000001,1.12525,CC1CCC(NC(=O)N(CCCl)N=O)CC1,SEMUSTINE,Inactive,
15534763,Cl.NCCCCCC(=O)O,AENOKLOQCCSDAZ-UHFFFAOYSA-N,167.071306368,1.0119,1.1254,Cl.NCCCCCC(=O)O,AMINOCAPROIC ACID HYDROCHLORIDE,Inactive,
24471819,CN1CCN(C(c2ccccc2)c2ccccc2)CC1,UVKZSORBKUEBAZ-UHFFFAOYSA-N,266.178298704,3.0234000000000014,1.1259,CN1CCN(C(c2ccccc2)c2ccccc2)CC1,CYCLIZINE,Inactive,
78229404,Cl.OC1CCCCC1N1CCC(c2ccccc2)CC1,XJNUHVMJVWOYCW-UHFFFAOYSA-N,295.170292132,3.591300000000002,1.12595,Cl.OC1CCCCC1N1CCC(c2ccccc2)CC1,VESAMICOL HYDROCHLORIDE,Inactive,
10985220,CC[N+](C)(C)c1cccc(O)c1.[Cl-],BXKDSDJJOVIHMX-UHFFFAOYSA-N,201.092041812,-1.0169999999999997,1.12605,CC[N+](C)(C)c1cccc(O)c1.[Cl-],EDROPHONIUM CHLORIDE,Inactive,
62598162,O=C(O)CSCC(=O)NC1CCSC1=O,QGFORSXNKQLDNO-UHFFFAOYSA-N,249.012949832,-0.047499999999999876,1.1264,O=C(O)CSCC(=O)NC1CCSC1=O,ERDOSTEINE,Inactive,
50259147,O=[N+]([O-])c1cc([As](=O)(O)O)ccc1O,XMVJITFPVVRMHC-UHFFFAOYSA-N,262.941108412,-1.1386000000000003,1.12665,O=[N+]([O-])c1cc([As](=O)(O)O)ccc1O,ROXARSONE,Inactive,
60452581,CC1OC(OC2C(O)CC(OC3C(O)CC(OC4CCC5(C)C(CCC6C5CC(O)C5(C)C(C7=CC(=O)OC7)CCC65O)C4)OC3C)OC2C)CC(O)C1O,LTMHDMANZUZIPE-UHFFFAOYSA-N,780.4296067280001,2.218100000000003,1.12685,CC1OC(OC2C(O)CC(OC3C(O)CC(OC4CCC5(C)C(CCC6C5CC(O)C5(C)C(C7=CC(=O)OC7)CCC65O)C4)OC3C)OC2C)CC(O)C1O,DIGOXIN,Inactive,
27268958,O=C([O-])Cc1ccccc1Nc1c(Cl)cccc1Cl.[Na+],KPHWPUGNDIVLNH-UHFFFAOYSA-M,316.9986282,0.03339999999999904,1.1269,O=C([O-])Cc1ccccc1Nc1c(Cl)cccc1Cl.[Na+],DICLOFENAC SODIUM,Inactive,
44267275,C[N+](C)(C)CC(O)CC(=O)O.[Cl-],JXXCENBLGFBQJM-UHFFFAOYSA-N,197.081871052,-3.467799999999997,1.1269,C[N+](C)(C)CC(O)CC(=O)O.[Cl-],CARNITINE (dl) HYDROCHLORIDE,Inactive,
34558021,CC(=O)c1ccc[nH]1,IGJQUJNPMOYEJY-UHFFFAOYSA-N,109.052763844,1.2173,1.12705,CC(=O)c1ccc[nH]1,2-ACETYLPYRROLE,Inactive,
59119296,CN1C2CCC1CC(OC(=O)c1c[nH]c3ccccc13)C2.Cl,XIEGSJAEZIGKSA-UHFFFAOYSA-N,320.129155592,3.371700000000002,1.1271,CN1C2CCC1CC(OC(=O)c1c[nH]c3ccccc13)C2.Cl,TROPISETRON HYDROCHLORIDE,Inactive,
73504798,Nc1cccc2c1CN(C1CCC(=O)NC1=O)C2=O,GOTYRUGSSMKFNF-UHFFFAOYSA-N,259.095691276,0.029799999999999882,1.1273,Nc1cccc2c1CN(C1CCC(=O)NC1=O)C2=O,LENALIDOMIDE,Inactive,
21592348,CN1CC(=O)N2C(Cc3c([nH]c4ccccc34)C2c2ccc3c(c2)OCO3)C1=O,WOXKDUGGOYFFRN-UHFFFAOYSA-N,389.13755608799994,2.2112999999999996,1.12775,CN1CC(=O)N2C(Cc3c([nH]c4ccccc34)C2c2ccc3c(c2)OCO3)C1=O,TADALAFIL,Inactive,
31020864,CCC(C)(C)c1ccc(CC(C)CN2CC(C)OC(C)C2)cc1.Cl,XZKWIPVTHGWDCF-UHFFFAOYSA-N,353.248542452,5.083800000000006,1.1278,CCC(C)(C)c1ccc(CC(C)CN2CC(C)OC(C)C2)cc1.Cl,AMOROLFINE HYDROCHLORIDE,Inactive,
11522885,Cc1cc(C)cc(OCC2CNC(=O)O2)c1,IMWZZHHPURKASS-UHFFFAOYSA-N,221.10519334,1.7906399999999998,1.1285,Cc1cc(C)cc(OCC2CNC(=O)O2)c1,METAXALONE,Inactive,
49841734,Cc1cccc2c3c(ccc12)C1=C(C(=O)C3=O)C(C)CO1,HARGZZNYNSYSGJ-UHFFFAOYSA-N,278.094294308,3.2910200000000023,1.1289,Cc1cccc2c3c(ccc12)C1=C(C(=O)C3=O)C(C)CO1,DIHYDROTANSHINONE I,Inactive,
18929888,Clc1ccc(C(c2ccc(Cl)cc2)C(Cl)(Cl)Cl)cc1,YVGGHNCTFXOJCH-UHFFFAOYSA-N,351.914688688,6.495500000000002,1.12895,Clc1ccc(C(c2ccc(Cl)cc2)C(Cl)(Cl)Cl)cc1,DICHLORODIPHENYLTRICHLOROETHANE,Inactive,
11349361,CCC1NC(=O)c2cc(S(N)(=O)=O)c(Cl)cc2N1,AGMMTXLNIQSRCG-UHFFFAOYSA-N,289.028789924,0.8788000000000005,1.12905,CCC1NC(=O)c2cc(S(N)(=O)=O)c(Cl)cc2N1,QUINETHAZONE,Inactive,
14797726,CC(C)(CO)C(O)C(=O)NCCCO,SNPLKNRPJHDVJA-UHFFFAOYSA-N,205.131408088,-1.1355999999999997,1.12915,CC(C)(CO)C(O)C(=O)NCCCO,DEXPANTHENOL,Inactive,
11327263,O=C([O-])C(O)C(O)C(O)C(O)C(O)CO.O=C([O-])C(O)C(O)C(O)C(O)C(O)CO.[Ca+2],FATUQANACHZLRT-UHFFFAOYSA-L,490.0846757319998,-11.314600000000006,1.12995,O=C([O-])C(O)C(O)C(O)C(O)C(O)CO.O=C([O-])C(O)C(O)C(O)C(O)C(O)CO.[Ca+2],CALCIUM GLUCEPTATE,Inactive,
98424451,CC(=O)OC1CCC2(C)C(CCC3C2CCC2(C)C3CC3OC4(CCC(C)CO4)C(C)C32)C1,LVRAKYNQYKVPIK-UHFFFAOYSA-N,458.33960995199993,6.364600000000007,1.13015,CC(=O)OC1CCC2(C)C(CCC3C2CCC2(C)C3CC3OC4(CCC(C)CO4)C(C)C32)C1,SMILAGENIN ACETATE,Inactive,
86123539,CC(=O)Nc1ccc(S(=O)(=O)c2ccc(NC(C)=O)cc2)cc1,AMTPYFGPPVFBBI-UHFFFAOYSA-N,332.08307799199997,2.4362000000000004,1.13045,CC(=O)Nc1ccc(S(=O)(=O)c2ccc(NC(C)=O)cc2)cc1,ACEDAPSONE,Inactive,
49512241,Cc1ncc(CSSCc2cnc(C)c(O)c2CO)c(CO)c1O,SIXLXDIJGIWWFU-UHFFFAOYSA-N,368.08644911999994,2.5708400000000013,1.1307,Cc1ncc(CSSCc2cnc(C)c(O)c2CO)c(CO)c1O,PYRITINOL,Inactive,
11120885,CN1CCCN=C1C=Cc1cccs1.O=C(O)c1cc2ccccc2c(Cc2c(O)c(C(=O)O)cc3ccccc23)c1O,AQXXZDYPVDOQEE-UHFFFAOYSA-N,594.18245768,6.8867000000000065,1.13095,CN1CCCN=C1C=Cc1cccs1.O=C(O)c1cc2ccccc2c(Cc2c(O)c(C(=O)O)cc3ccccc23)c1O,PYRANTEL PAMOATE,Inactive,
41229589,CC(C)C(N)C(=O)OCC(CO)OCn1cnc2c(=O)[nH]c(N)nc21.Cl,ZORWARFPXPVJLW-UHFFFAOYSA-N,390.1418455160001,-1.014899999999999,1.13125,CC(C)C(N)C(=O)OCC(CO)OCn1cnc2c(=O)[nH]c(N)nc21.Cl,VALGANCICLOVIR HYDROCHLORIDE,Inactive,
58222308,Nc1nc(=O)c2c(CCc3ccc(C(=O)NC(CCC(=O)[O-])C(=O)[O-])cc3)c[nH]c2[nH]1.[Na+].[Na+],NYDXNILOWQXUOF-UHFFFAOYSA-L,471.11307188800004,-7.99500000000001,1.1315,Nc1nc(=O)c2c(CCc3ccc(C(=O)NC(CCC(=O)[O-])C(=O)[O-])cc3)c[nH]c2[nH]1.[Na+].[Na+],PEMETREXED,Inactive,
45078859,CCS(=O)(=O)CCn1c([N+](=O)[O-])cnc1C,HJLSLZFTEKNLFI-UHFFFAOYSA-N,247.062676896,0.5344200000000001,1.13155,CCS(=O)(=O)CCn1c([N+](=O)[O-])cnc1C,TINIDAZOLE,Inactive,
95525211,CC1(C)CCC2(C)CCC3(C)C(=CCC4C5(C)CCC(O)C(C)(C)C5CCC43C)C2C1,JFSHUTJDVKUMTJ-UHFFFAOYSA-N,426.38616622,8.168900000000008,1.13195,CC1(C)CCC2(C)CCC3(C)C(=CCC4C5(C)CCC(O)C(C)(C)C5CCC43C)C2C1,beta-AMYRIN,Inactive,
81264041,CC(C[N+](C)(C)C)OC(N)=O.[Cl-],XXRMYXBSBOVVBH-UHFFFAOYSA-N,196.097855464,-2.8195999999999968,1.132,CC(C[N+](C)(C)C)OC(N)=O.[Cl-],BETHANECHOL CHLORIDE,Inactive,
38249140,Nc1ccncc1,NUKYPUAOHBNCPY-UHFFFAOYSA-N,94.053098192,0.6638000000000001,1.13275,Nc1ccncc1,FAMPRIDINE,Inactive,
84030493,CC1CC2C3CC(F)C4=CC(=O)C=CC4(C)C3(F)C(O)CC2(C)C1(O)C(=O)COC(=O)C(C)(C)C,JWRMHDSINXPDHB-UHFFFAOYSA-N,494.2479953119999,3.4407000000000023,1.1331,CC1CC2C3CC(F)C4=CC(=O)C=CC4(C)C3(F)C(O)CC2(C)C1(O)C(=O)COC(=O)C(C)(C)C,FLUMETHAZONE PIVALATE,Inactive,
11531022,CNC(=O)Oc1ccccc1OC(C)C,ISRUGXGCCGIOQO-UHFFFAOYSA-N,209.10519334,2.192,1.13335,CNC(=O)Oc1ccccc1OC(C)C,PROPOXUR,Inactive,
94581216,Cc1c(-c2cnccn2)ssc1=S,CKNAQFVBEHDJQV-UHFFFAOYSA-N,225.969311192,3.3045100000000014,1.134,Cc1c(-c2cnccn2)ssc1=S,OLTIPRAZ,Inactive,
83008847,CCCCc1oc2ccc(NS(C)(=O)=O)cc2c1C(=O)c1ccc(OCCCN(CCCC)CCCC)cc1.Cl,DWKVCQXJYURSIQ-UHFFFAOYSA-N,592.27377122,7.470800000000009,1.1345,CCCCc1oc2ccc(NS(C)(=O)=O)cc2c1C(=O)c1ccc(OCCCN(CCCC)CCCC)cc1.Cl,DRONEDARONE HYDROCHLORIDE,Inactive,
47802422,C=C(NC(=O)C(=C)NC(=O)c1csc(C2=NC3c4csc(n4)C4NC(=O)c5csc(n5)C(C(C)(O)C(C)O)NC(=O)C5CSC(=N5)C(=CC)NC(=O)C(C(C)O)NC(=O)c5csc(n5)C3(CC2)NC(=O)C(C)NC(=O)C(=C)NC(=O)C(C)NC(=O)C(C(C)CC)NC2C=Cc3c(C(C)O)cc(nc3C2O)C(=O)OC4C)n1)C(N)=O,NSFFHOGKXHRQEW-UHFFFAOYSA-N,1663.4923518799992,0.7739000000000107,1.13485,C=C(NC(=O)C(=C)NC(=O)c1csc(C2=NC3c4csc(n4)C4NC(=O)c5csc(n5)C(C(C)(O)C(C)O)NC(=O)C5CSC(=N5)C(=CC)NC(=O)C(C(C)O)NC(=O)c5csc(n5)C3(CC2)NC(=O)C(C)NC(=O)C(=C)NC(=O)C(C)NC(=O)C(C(C)CC)NC2C=Cc3c(C(C)O)cc(nc3C2O)C(=O)OC4C)n1)C(N)=O,THIOSTREPTON,Inactive,
95821763,Cc1cnc(NC(=O)C2=C(O)c3ccccc3S(=O)(=O)N2C)s1,ZRVUJXDFFKFLMG-UHFFFAOYSA-N,351.034747896,1.95092,1.1355,Cc1cnc(NC(=O)C2=C(O)c3ccccc3S(=O)(=O)N2C)s1,MELOXICAM,Inactive,
53823055,OCCN(CCO)c1nc(N2CCCCC2)c2nc(N(CCO)CCO)nc(N3CCCCC3)c2n1,IZEKFCXSFNUWAM-UHFFFAOYSA-N,504.31725176000003,-0.017599999999997396,1.1356,OCCN(CCO)c1nc(N2CCCCC2)c2nc(N(CCO)CCO)nc(N3CCCCC3)c2n1,DIPYRIDAMOLE,Inactive,
64200153,CCC12CCCN3CCc4c(n(c5ccccc45)C(O)(C(=O)OC)C1)C32,RXPRRQLKFXBCSJ-UHFFFAOYSA-N,354.1943426919999,2.9525000000000015,1.13565,CCC12CCCN3CCc4c(n(c5ccccc45)C(O)(C(=O)OC)C1)C32,VINCAMINE,Inactive,
59552918,CCN(CC)CCCC(C)Nc1ccnc2cc(Cl)ccc12.O=P(O)(O)O.O=P(O)(O)O,QKICWELGRMTQCR-UHFFFAOYSA-N,515.1353159239998,2.9534000000000047,1.13575,CCN(CC)CCCC(C)Nc1ccnc2cc(Cl)ccc12.O=P(O)(O)O.O=P(O)(O)O,CHLOROQUINE DIPHOSPHATE,Inactive,
77903997,Cl.NC1=NCC2c3ccccc3Cc3ccccc3N12,VKXSGUIOOQPGAF-UHFFFAOYSA-N,285.103275192,2.888600000000001,1.13575,Cl.NC1=NCC2c3ccccc3Cc3ccccc3N12,EPINASTINE HYDROCHLORIDE,Inactive,
10082645,Nc1cc(C(Cl)=C(Cl)Cl)c(S(N)(=O)=O)cc1S(N)(=O)=O,QOVTVIYTBRHADL-UHFFFAOYSA-N,378.90218077599997,0.9060999999999999,1.13695,Nc1cc(C(Cl)=C(Cl)Cl)c(S(N)(=O)=O)cc1S(N)(=O)=O,CLORSULON,Inactive,
11776753,CCC(C)n1ncn(-c2ccc(N3CCN(c4ccc(OCC5COC(Cn6cncn6)(c6ccc(Cl)cc6Cl)O5)cc4)CC3)cc2)c1=O.Cl.Cl,AQXOKDNMFKWQEG-UHFFFAOYSA-N,776.1926624800003,6.4209000000000085,1.13705,CCC(C)n1ncn(-c2ccc(N3CCN(c4ccc(OCC5COC(Cn6cncn6)(c6ccc(Cl)cc6Cl)O5)cc4)CC3)cc2)c1=O.Cl.Cl,ITRACONAZOLE HYDROCHLORIDE,Inactive,
11360359,CNC(C)C(O)c1ccccc1.Cl,BALXUFOVQVENIU-UHFFFAOYSA-N,201.092041812,1.7496999999999998,1.1372,CNC(C)C(O)c1ccccc1.Cl,"EPHEDRINE (1R,2S) HYDROCHLORIDE",Inactive,
23395970,Oc1cc(O)c2cc(O)c(-c3ccc(O)c(O)c3)[o+]c2c1.[Cl-],COAWNPJQKJEHPG-UHFFFAOYSA-N,322.02441575200004,-0.08709999999999923,1.13725,Oc1cc(O)c2cc(O)c(-c3ccc(O)c(O)c3)[o+]c2c1.[Cl-],CYANIDIN CHLORIDE,Inactive,
10227283,COc1ccc(C(CN(C)C)C2(O)CCCCC2)cc1.Cl,QYRYFNHXARDNFZ-UHFFFAOYSA-N,313.18085681599996,3.457400000000003,1.1374,COc1ccc(C(CN(C)C)C2(O)CCCCC2)cc1.Cl,VENLAFAXINE HYDROCHLORIDE,Inactive,
32775376,CCOc1cc(NC(C)=O)ccc1C(=O)OC,GOVWOKSKFSBNGD-UHFFFAOYSA-N,237.10010796,1.8302999999999998,1.13745,CCOc1cc(NC(C)=O)ccc1C(=O)OC,ETHOPABATE,Inactive,
11077112,CC(C)(C)C(=O)C(Oc1ccc(Cl)cc1)n1cncn1,WURBVZBTWMNKQT-UHFFFAOYSA-N,293.093104432,3.1243000000000016,1.1375,CC(C)(C)C(=O)C(Oc1ccc(Cl)cc1)n1cncn1,TRIADIMEFON,Inactive,
87455440,C=C1C2CCC3(C)C(c4ccoc4)OC(=O)CC13OC1CC(=O)C(C)(C)C(C(O)C(=O)OC)C12C,GOYZKWCPWBKPIG-UHFFFAOYSA-N,486.2253680479999,3.533100000000002,1.13755,C=C1C2CCC3(C)C(c4ccoc4)OC(=O)CC13OC1CC(=O)C(C)(C)C(C(O)C(=O)OC)C12C,METHYL 6-HYDROXYANGOLENSATE,Inactive,
73394317,CC(=O)OC1C2CCC3C(C)(O)C4CC(O)C(C)(C)C4(O)C(O)CC13CC2(C)O,NXCYBYJXCJWMRY-UHFFFAOYSA-N,412.2461034919999,0.7390999999999996,1.1376,CC(=O)OC1C2CCC3C(C)(O)C4CC(O)C(C)(C)C4(O)C(O)CC13CC2(C)O,GRAYANOTOXIN I,Inactive,
10114185,O=C1C2CC3CC1CC(O)(C3)C2,TZBDEVBNMSLVKT-UHFFFAOYSA-N,166.099379688,1.1265,1.13785,O=C1C2CC3CC1CC(O)(C3)C2,IDRAMANTONE,Inactive,
63142315,CC12CCC(=O)C=C1CCC1C2CCC2(C)C1CCC2(O)C(=O)CO,WHBHBVVOGNECLV-UHFFFAOYSA-N,346.21440943999994,2.8108000000000017,1.1381,CC12CCC(=O)C=C1CCC1C2CCC2(C)C1CCC2(O)C(=O)CO,CORTEXOLONE,Inactive,
11063944,O=C(CCc1ccc(O)cc1)c1c(O)cc(O)cc1O,VGEREEWJJVICBM-UHFFFAOYSA-N,274.084123548,2.324500000000001,1.13815,O=C(CCc1ccc(O)cc1)c1c(O)cc(O)cc1O,PHLORETIN,Inactive,
22143321,CC(C(=O)O)c1ccc(CC2CCCC2=O)cc1,YMBXTVYHTMGZDW-UHFFFAOYSA-N,246.125594436,2.7864000000000013,1.1389,CC(C(=O)O)c1ccc(CC2CCCC2=O)cc1,LOXOPROFEN,Inactive,
83588148,CC1CC=CC=CC=CC=CC(OC2OC(C)C(O)C(N)C2O)CC2OC(O)(CC(O)CC3OC3C=CC(=O)O1)CC(O)C2C(=O)O,NCXMLFZGDNKEPB-UHFFFAOYSA-N,665.3047405639999,0.11970000000000325,1.13945,CC1CC=CC=CC=CC=CC(OC2OC(C)C(O)C(N)C2O)CC2OC(O)(CC(O)CC3OC3C=CC(=O)O1)CC(O)C2C(=O)O,NATAMYCIN,Inactive,
11323708,Cl[Ca]Cl,UXVMQQNJUSDDNG-UHFFFAOYSA-L,109.90029634,0.9982,1.13955,Cl[Ca]Cl,CALCIUM CHLORIDE,Inactive,
29746435,Cc1cc(O)c(C=O)c2c1C(=O)Oc1c(COC(=O)C=CC(=O)O)c(O)c(C(=O)O)c(C)c1O2,VEGGRTFDFMUBPD-UHFFFAOYSA-N,472.06417595199986,2.23424,1.1396,Cc1cc(O)c(C=O)c2c1C(=O)Oc1c(COC(=O)C=CC(=O)O)c(O)c(C(=O)O)c(C)c1O2,FUMARPROTOCETRARIC ACID,Inactive,
67079523,CCN(CC)CCOC(=O)C1(C2CCCCC2)CCCCC1.Cl,GUBNMFJOJGDCEL-UHFFFAOYSA-N,345.243457072,4.824000000000006,1.13965,CCN(CC)CCOC(=O)C1(C2CCCCC2)CCCCC1.Cl,DICYCLOMINE HYDROCHLORIDE,Inactive,
10410255,Cc1cccc(Nc2ccncc2S(=O)(=O)NC(=O)NC(C)C)c1,NGBFQHCMQULJNZ-UHFFFAOYSA-N,348.1256115,2.5299199999999997,1.14,Cc1cccc(Nc2ccncc2S(=O)(=O)NC(=O)NC(C)C)c1,TORSEMIDE,Inactive,
35214314,Oc1ccc(O)cc1,QIGBRXMKCJKVMJ-UHFFFAOYSA-N,110.036779432,1.0977999999999999,1.14035,Oc1ccc(O)cc1,HYDROQUINONE,Inactive,
73283966,CC1OC(Oc2c(-c3ccc(O)c(O)c3)oc3cc(O)cc(O)c3c2=O)C(O)C(O)C1O,OXGUCUVFOIWWQJ-UHFFFAOYSA-N,448.1005614599999,0.4886999999999995,1.14085,CC1OC(Oc2c(-c3ccc(O)c(O)c3)oc3cc(O)cc(O)c3c2=O)C(O)C(O)C1O,QUERCITRIN,Inactive,
59336974,CC(=O)C1CCC2C3CC=C4CC(OC(=O)CCC(=O)O)CCC4(C)C3CCC12C,OZZAYJQNMKMUSD-UHFFFAOYSA-N,416.25627425199997,4.9310000000000045,1.1409,CC(=O)C1CCC2C3CC=C4CC(OC(=O)CCC(=O)O)CCC4(C)C3CCC12C,PREGNENOLONE SUCCINATE,Inactive,
10224280,COc1cnc(NS(=O)(=O)c2ccc(N)cc2)nc1,GPTONYMQFTZPKC-UHFFFAOYSA-N,280.063011244,0.8681999999999999,1.14195,COc1cnc(NS(=O)(=O)c2ccc(N)cc2)nc1,SULFAMETER,Inactive,
11398298,O=C1c2ccccc2C(=O)c2c1ccc(O)c2O,RGCKGOZRHPZPFP-UHFFFAOYSA-N,240.042258736,1.8732000000000006,1.1427,O=C1c2ccccc2C(=O)c2c1ccc(O)c2O,ALIZARIN,Inactive,
62097008,C=C1CCC(O)CC1=CC=C1CCCC2(C)C1CCC2C(C)C=CC(C)C(C)C,MECHNRXZTMCUDQ-UHFFFAOYSA-N,396.339216028,7.641000000000008,1.143,C=C1CCC(O)CC1=CC=C1CCCC2(C)C1CCC2C(C)C=CC(C)C(C)C,ERGOCALCIFEROL,Inactive,
80435243,OCc1ccccc1O,CQRYARSYNCAZFO-UHFFFAOYSA-N,124.052429496,0.8844999999999998,1.1431,OCc1ccccc1O,SALICYL ALCOHOL,Inactive,
23475560,CN1CCCC1c1cccnc1.O=C(O)C(O)C(O)C(=O)O.O=C(O)C(O)C(O)C(=O)O,RFEJUZJILGIRHQ-UHFFFAOYSA-N,462.1485742719998,-2.3968999999999956,1.1433,CN1CCCC1c1cccnc1.O=C(O)C(O)C(O)C(=O)O.O=C(O)C(O)C(O)C(=O)O,NICOTINE BITARTRATE,Inactive,
54303250,CNC(=O)Oc1ccc2c(c1)C1(C)CCN(C)C1N2C.O=C(O)c1ccccc1O,HZOTZTANVBDFOF-UHFFFAOYSA-N,413.19507096399997,2.8643000000000014,1.14345,CNC(=O)Oc1ccc2c(c1)C1(C)CCN(C)C1N2C.O=C(O)c1ccccc1O,PHYSOSTIGMINE SALICYLATE,Inactive,
12235113,CC(CCC(=O)O)C1CCC2C3CC(O)C4CC(O)CCC4(C)C3CCC12C,DGABKXLVXPYZII-UHFFFAOYSA-N,392.29265976,4.477900000000004,1.1438,CC(CCC(=O)O)C1CCC2C3CC(O)C4CC(O)CCC4(C)C3CCC12C,alpha-HYDROXYDEOXYCHOLIC ACID,Inactive,
81412286,CC1(C)CCC2=C(O1)c1ccccc1C(=O)C2=O,QZPQTZZNNJUOLS-UHFFFAOYSA-N,242.094294308,2.7521000000000013,1.144,CC1(C)CCC2=C(O1)c1ccccc1C(=O)C2=O,beta-LAPACHONE,Inactive,
19278828,O=C(O)CCCCCCCC(O)C(O)CCCCCCO,MEHUJCGAYMDLEL-UHFFFAOYSA-N,304.22497412399997,2.466300000000001,1.14425,O=C(O)CCCCCCCC(O)C(O)CCCCCCO,ALEURETIC ACID,Inactive,
37203290,CCOc1ccc(NC(C)=O)cc1,CPJSUEIXXCENMM-UHFFFAOYSA-N,179.094628656,2.0437,1.1446,CCOc1ccc(NC(C)=O)cc1,PHENACETIN,Inactive,
10970983,CN(C)CC(c1ccc(O)cc1)C1(O)CCCCC1.O=C(O)CCC(=O)O,ORUUBRMVQCKYHB-UHFFFAOYSA-N,381.21513771199994,2.6684,1.14475,CN(C)CC(c1ccc(O)cc1)C1(O)CCCCC1.O=C(O)CCC(=O)O,DESVENLAFAXINE SUCCINATE,Inactive,
30546091,CCC(CCC(C)C1CCC2C3CC=C4CC(OC(C)=O)CCC4(C)C3CCC12C)C(C)C,PBWOIPCULUXTNY-UHFFFAOYSA-N,456.396730904,8.595600000000006,1.14495,CCC(CCC(C)C1CCC2C3CC=C4CC(OC(C)=O)CCC4(C)C3CCC12C)C(C)C,SITOSTERYL ACETATE,Inactive,
11358626,C=CC(C1=CC(=O)C(OC)=CC1=O)c1ccc(OC)cc1,FSNITHOUQGJHTR-UHFFFAOYSA-N,284.104858992,2.5733000000000006,1.14505,C=CC(C1=CC(=O)C(OC)=CC1=O)c1ccc(OC)cc1,"4,4'-DIMETHOXYDALBERGIONE",Inactive,
47525665,COc1cc2c(cc1O)CCNC2C,YTPRLBGPGZHUPD-UHFFFAOYSA-N,193.11027872,1.6075,1.1455,COc1cc2c(cc1O)CCNC2C,SALSOLINE,Inactive,
10921216,CC(=O)OC1CC2C(C)(C)C(=O)CCC2(C)C2CCC3(C)C(c4ccoc4)OC(=O)C4OC43C12C,ROWFSYNHZPRCKO-UHFFFAOYSA-N,484.24610349199986,4.784700000000004,1.1456,CC(=O)OC1CC2C(C)(C)C(=O)CCC2(C)C2CCC3(C)C(c4ccoc4)OC(=O)C4OC43C12C,DIHYDROGEDUNIN,Inactive,
51889968,CC(=O)OC1CC(OC(C)=O)C2(C)C(CC(OC(C)=O)C3(C)C2CCC2(C)C(c4ccoc4)OC(=O)C4OC423)C1(C)C,ODLCLZLDYDHRGT-UHFFFAOYSA-N,586.2777975439999,4.688900000000004,1.1458,CC(=O)OC1CC(OC(C)=O)C2(C)C(CC(OC(C)=O)C3(C)C2CCC2(C)C(c4ccoc4)OC(=O)C4OC423)C1(C)C,KHIVORIN,Inactive,
89120876,Cc1nc(C)c(Cl)c(O)c1Cl,ZDPIZLCVJAAHHR-UHFFFAOYSA-N,190.990469204,2.7108400000000015,1.14595,Cc1nc(C)c(Cl)c(O)c1Cl,CLOPIDOL,Inactive,
11368022,CC(=O)OCC(=O)NCCCOc1cccc(CN2CCCCC2)c1.Cl,FEWCTJHCXOHWNL-UHFFFAOYSA-N,384.181585088,2.542500000000001,1.14675,CC(=O)OCC(=O)NCCCOc1cccc(CN2CCCCC2)c1.Cl,ROXATIDINE ACETATE HYDROCHLORIDE,Inactive,
87706180,CC(C)(C)C(=O)OCOP(=O)(COCCn1cnc2c(N)ncnc21)OCOC(=O)C(C)(C)C,WOZSCQDILHKSGG-UHFFFAOYSA-N,501.198849614,2.7025000000000006,1.14685,CC(C)(C)C(=O)OCOP(=O)(COCCn1cnc2c(N)ncnc21)OCOC(=O)C(C)(C)C,ADEFOVIR DIPIVOXYL,Inactive,
47282821,Fc1ccc(Oc2ccnc3cc(Cl)cc(Cl)c23)cc1,WRPIRSINYZBGPK-UHFFFAOYSA-N,306.996697456,5.473000000000002,1.14755,Fc1ccc(Oc2ccnc3cc(Cl)cc(Cl)c23)cc1,QUINOXYFEN,Inactive,
63611440,O=c1cc[nH]c(=O)[nH]1,ISAKRJDGNUQOIC-UHFFFAOYSA-N,112.027277368,-0.9368000000000001,1.14785,O=c1cc[nH]c(=O)[nH]1,URACIL,Inactive,
98171827,C#CC1(O)CCC2C3CCC4=C(CCC(=O)C4)C3CCC21C,ICTXHFFSOAJUMG-UHFFFAOYSA-N,298.193280072,3.636600000000003,1.14835,C#CC1(O)CCC2C3CCC4=C(CCC(=O)C4)C3CCC21C,NORETHYNODREL,Inactive,
63833183,CC1(C)SC2C(NC(=O)C(C(=O)[O-])c3ccsc3)C(=O)N2C1C(=O)[O-].[Na+].[Na+],ZBBCUBMBMZNEME-UHFFFAOYSA-L,428.008866728,-8.11340000000001,1.1487,CC1(C)SC2C(NC(=O)C(C(=O)[O-])c3ccsc3)C(=O)N2C1C(=O)[O-].[Na+].[Na+],TICARCILLIN DISODIUM,Inactive,
77430739,CCC(C)C(=O)OC1CCC=C2C=CC(C)C(CCC3CC(O)CC(=O)O3)C21,AJLFOPYRIVGYMJ-UHFFFAOYSA-N,390.2406241879999,3.949500000000003,1.14895,CCC(C)C(=O)OC1CCC=C2C=CC(C)C(CCC3CC(O)CC(=O)O3)C21,MEVASTATIN,Inactive,
15080530,CC(=O)C1(O)CCC2C3C=C(Cl)C4=CC(=O)C5CC5C4(C)C3CCC21C,DUSHUSLJJMDGTE-UHFFFAOYSA-N,374.16487240400005,4.036800000000003,1.149,CC(=O)C1(O)CCC2C3C=C(Cl)C4=CC(=O)C5CC5C4(C)C3CCC21C,CYPROTERONE,Inactive,
23950967,NC(=O)c1ccccc1O,SKZKKFZAGNVIMN-UHFFFAOYSA-N,137.047678464,0.49110000000000004,1.14915,NC(=O)c1ccccc1O,SALICYLAMIDE,Inactive,
59059194,COc1cc(NS(=O)(=O)c2ccc(N)cc2)nc(OC)n1,ZZORFUFYDOWNEF-UHFFFAOYSA-N,310.073575928,0.8768,1.1503,COc1cc(NS(=O)(=O)c2ccc(N)cc2)nc(OC)n1,SULFADIMETHOXINE,Inactive,
90183409,CC1OC(OC2CCC3(C=O)C4CCC5(C)C(C6=CC(=O)OC6)CCC5(O)C4CCC3(O)C2)C(O)C(O)C1O,HULMNSIAKWANQO-UHFFFAOYSA-N,550.2777975439999,0.75,1.15045,CC1OC(OC2CCC3(C=O)C4CCC5(C)C(C6=CC(=O)OC6)CCC5(O)C4CCC3(O)C2)C(O)C(O)C1O,CONVALLATOXIN,Inactive,
75876149,CN(C)c1nc(N(C)C)nc(N(C)C)n1,UUVWYPNAQBNQJQ-UHFFFAOYSA-N,210.15929457599998,0.0696000000000001,1.15085,CN(C)c1nc(N(C)C)nc(N(C)C)n1,ALTRETAMINE,Inactive,
73251822,Cc1cnc(C(=O)NCCc2ccc(S(=O)(=O)NC(=O)NC3CCCCC3)cc2)cn1,ZJJXGWJIGJFDTL-UHFFFAOYSA-N,445.1783753440001,2.0781199999999993,1.15155,Cc1cnc(C(=O)NCCc2ccc(S(=O)(=O)NC(=O)NC3CCCCC3)cc2)cn1,GLIPIZIDE,Inactive,
96711135,CCCCN(CCCC)CC(O)c1cc(Cl)cc2c1-c1ccc(Cl)cc1C2=Cc1ccc(Cl)cc1,DYLGFOYVTXJFJP-UHFFFAOYSA-N,527.154947684,9.151699999999998,1.15185,CCCCN(CCCC)CC(O)c1cc(Cl)cc2c1-c1ccc(Cl)cc1C2=Cc1ccc(Cl)cc1,LUMEFANTRINE,Inactive,
94378771,COc1ccc(-c2coc3cc(O)ccc3c2=O)c(OC)c1OC,OQVSBZHJQXDFRV-UHFFFAOYSA-N,328.09468823199995,3.1914000000000025,1.1519,COc1ccc(-c2coc3cc(O)ccc3c2=O)c(OC)c1OC,"KOPARIN 2,3-DIMETHYL ETHER",Inactive,
27077246,CCN(CC)CCNC(=O)c1cc(Cl)c(N)cc1OC.Cl,RVFUNJWWXKCWNS-UHFFFAOYSA-N,335.116732336,2.4242000000000004,1.1521,CCN(CC)CCNC(=O)c1cc(Cl)c(N)cc1OC.Cl,METOCLOPRAMIDE HYDROCHLORIDE,Inactive,
26451411,CC[N+](CC)(CC)CCOc1cccc(OCC[N+](CC)(CC)CC)c1OCC[N+](CC)(CC)CC.[I-].[I-].[I-],REEUVFCVXKWOFE-UHFFFAOYSA-K,891.1768867799998,-3.5355000000000087,1.15235,CC[N+](CC)(CC)CCOc1cccc(OCC[N+](CC)(CC)CC)c1OCC[N+](CC)(CC)CC.[I-].[I-].[I-],GALLAMINE TRIETHIODIDE,Inactive,
87199496,NS(=O)(=O)c1cc2c(cc1C(F)(F)F)NCNS2(=O)=O,DMDGGSIALPNSEE-UHFFFAOYSA-N,330.990832396,0.014100000000000557,1.1529,NS(=O)(=O)c1cc2c(cc1C(F)(F)F)NCNS2(=O)=O,HYDROFLUMETHIAZIDE,Inactive,
10212670,CC(O)C(=O)[O-].[NH4+],RZOBLYBZQXQGFY-UHFFFAOYSA-N,107.058243148,-1.5067,1.1529,CC(O)C(=O)[O-].[NH4+],AMMONIUM LACTATE,Inactive,
43267653,CCC(C)(C)C(=O)OC1CC(C)C=C2C=CC(C)C(CCC3CC(O)CC(=O)O3)C21,RYMZZMVNJRMUDD-UHFFFAOYSA-N,418.2719243159999,4.585600000000005,1.153,CCC(C)(C)C(=O)OC1CC(C)C=C2C=CC(C)C(CCC3CC(O)CC(=O)O3)C21,SIMVASTATIN,Inactive,
67837767,C#CC1(O)CCC2C3CCC4=CC(=O)CCC4C3CCC21CC,WWYNJERNGUHSAO-UHFFFAOYSA-N,312.208930136,3.8826000000000036,1.1532,C#CC1(O)CCC2C3CCC4=CC(=O)CCC4C3CCC21CC,LEVONORGESTREL,Inactive,
33720050,CCCN1CC(CSC)CC2c3cccc4[nH]cc(c34)CC21.CS(=O)(=O)O,UWCVGPLTGZWHGS-UHFFFAOYSA-N,410.1697848199999,3.775100000000002,1.1535,CCCN1CC(CSC)CC2c3cccc4[nH]cc(c34)CC21.CS(=O)(=O)O,PERGOLIDE MESYLATE,Inactive,
48240273,CNC(=O)CN(CCN(CCN(CC(=O)[O-])CC(=O)NC)CC(=O)[O-])CC(=O)[O-].[Gd],NFPWGFSRWDHFFT-UHFFFAOYSA-K,574.10388743173,-7.365900000000009,1.15495,CNC(=O)CN(CCN(CCN(CC(=O)[O-])CC(=O)NC)CC(=O)[O-])CC(=O)[O-].[Gd],GADODIAMIDE,Inactive,
65791283,CC(=O)OC1CC2C(C)(C)C=CCC2(C)C2CCC3(C)C(c4ccoc4)OC(=O)C4OC43C12C,XESIJTFPTYJRCY-UHFFFAOYSA-N,468.2511888719999,5.381700000000005,1.15525,CC(=O)OC1CC2C(C)(C)C=CCC2(C)C2CCC3(C)C(c4ccoc4)OC(=O)C4OC43C12C,"3,4-DEHYDRO-1,2-DIHYDRO-3-DESOXO-GEDUNIN",Inactive,
42239452,COc1cc(C2c3cc4c(cc3C(OC3OC5COC(c6cccs6)OC5C(O)C3O)C3COC(=O)C23)OCO4)cc(OC)c1O,NRUKOCRGYNPUPR-UHFFFAOYSA-N,656.156362084,2.752900000000001,1.15605,COc1cc(C2c3cc4c(cc3C(OC3OC5COC(c6cccs6)OC5C(O)C3O)C3COC(=O)C23)OCO4)cc(OC)c1O,TENIPOSIDE,Inactive,
10358271,O=c1[nH]c2ccccc2n1CCCN1CCC(n2c(=O)[nH]c3cc(Cl)ccc32)CC1,FGXWKSZFVQUSTL-UHFFFAOYSA-N,425.161852688,3.353200000000002,1.1573,O=c1[nH]c2ccccc2n1CCCN1CCC(n2c(=O)[nH]c3cc(Cl)ccc32)CC1,DOMPERIDONE,Inactive,
62332063,O=S(=O)(OCC1OC(OC2(COS(=O)(=O)O[AlH3](O)O)OC(COS(=O)(=O)O[AlH3](O)O)C(OS(=O)(=O)O[AlH3](O)O)C2OS(=O)(=O)O[AlH3](O)O)C(OS(=O)(=O)O[AlH3](O)O)C(OS(=O)(=O)O[AlH3](O)O)C1OS(=O)(=O)O[AlH3](O)O)O[AlH3](O)O.O[AlH3](O)O.O[AlH3](O)O.O[AlH3](O)O.O[AlH3](O)O.O[AlH3](O)O.O[AlH3](O)O.O[AlH3](O)O.O[AlH3](O)O,DYPRLDUUXUDYGX-UHFFFAOYSA-A,2133.8979358439965,-48.61799999999992,1.15745,O=S(=O)(OCC1OC(OC2(COS(=O)(=O)O[AlH3](O)O)OC(COS(=O)(=O)O[AlH3](O)O)C(OS(=O)(=O)O[AlH3](O)O)C2OS(=O)(=O)O[AlH3](O)O)C(OS(=O)(=O)O[AlH3](O)O)C(OS(=O)(=O)O[AlH3](O)O)C1OS(=O)(=O)O[AlH3](O)O)O[AlH3](O)O.O[AlH3](O)O.O[AlH3](O)O.O[AlH3](O)O.O[AlH3](O)O.O[AlH3](O)O.O[AlH3](O)O.O[AlH3](O)O.O[AlH3](O)O,SUCRALFATE [5mM],Inactive,
10679805,OCC1(O)OCC(O)C(O)C1O,LKDRXBCSQODPBY-UHFFFAOYSA-N,180.063388104,-3.2197999999999998,1.1582,OCC1(O)OCC(O)C(O)C1O,TAGATOSE,Inactive,
23511589,CCN(CC)CCNC(C(=O)OCCC(C)C)c1ccccc1.Cl.Cl,ZHRVNCCPAKIGRH-UHFFFAOYSA-N,392.199733688,4.092000000000004,1.1583,CCN(CC)CCNC(C(=O)OCCC(C)C)c1ccccc1.Cl.Cl,CAMYLOFINE DIHYDROCHLORIDE,Inactive,
38285469,CC(=O)OC1CCC2(C)C(CCC3(C)C2CC=C2C4CC(C)(C)CCC4(C)CCC23C)C1(C)C,UMRPOGLIBDXFNK-UHFFFAOYSA-N,468.396730904,8.739700000000004,1.1584,CC(=O)OC1CCC2(C)C(CCC3(C)C2CC=C2C4CC(C)(C)CCC4(C)CCC23C)C1(C)C,beta-AMYRIN ACETATE,Inactive,
12275895,Nc1ncnc2c1ncn2C1OC(CO)C(O)C1O,OIRDTQYFTABQOQ-UHFFFAOYSA-N,267.096753896,-1.9800000000000006,1.1587,Nc1ncnc2c1ncn2C1OC(CO)C(O)C1O,ADENOSINE,Inactive,
26454321,O=C(O)CCc1nc(-c2ccccc2)c(-c2ccccc2)o1,OFPXSFXSNFPTHF-UHFFFAOYSA-N,293.10519334,4.025800000000003,1.15885,O=C(O)CCc1nc(-c2ccccc2)c(-c2ccccc2)o1,OXAPROZIN,Inactive,
38177867,CC1(C)C(=O)C=CC2(C)C1C=CC1(C)C2CCC2(C)C(c3ccoc3)OC(=O)C3OC312,ZXHLDNILIVGKPC-UHFFFAOYSA-N,422.2093240599999,4.795100000000004,1.159,CC1(C)C(=O)C=CC2(C)C1C=CC1(C)C2CCC2(C)C(c3ccoc3)OC(=O)C3OC312,"7-DESACETOXY-6,7-DEHYDROGEDUNIN",Inactive,
48407693,CC(=O)Nc1c(I)cc(I)c(C(=O)O)c1I,GNOGSFBXBWBTIG-UHFFFAOYSA-N,556.7481870519999,3.157000000000001,1.15935,CC(=O)Nc1c(I)cc(I)c(C(=O)O)c1I,ACETRIAZOIC ACID,Inactive,
57741989,Nc1ccc(C(=O)NCC(=O)O)cc1,HSMNQINEKMPTIC-UHFFFAOYSA-N,194.06914218,0.08319999999999966,1.16035,Nc1ccc(C(=O)NCC(=O)O)cc1,AMINOHIPPURIC ACID,Inactive,
20639394,CC(=O)OCC(=O)C1(O)CCC2C3CCC4=CC(=O)C=CC4(C)C3(F)C(O)CC21C,ZOCUOMKMBMEYQV-UHFFFAOYSA-N,420.19481686800003,2.2205000000000004,1.16115,CC(=O)OCC(=O)C1(O)CCC2C3CCC4=CC(=O)C=CC4(C)C3(F)C(O)CC21C,ISOFLUPREDONE ACETATE,Inactive,
21717599,CCOCCOc1ccccc1C(N)=O,XBNRCMFFZFCWMH-UHFFFAOYSA-N,209.10519334,1.2008,1.16255,CCOCCOc1ccccc1C(N)=O,ETOSALAMIDE,Inactive,
14895101,CC(=O)OCC(=O)C12OC(C)(C)OC1CC1C3CC(F)C4=CC(=O)C=CC4(C)C3(F)C(O)CC12C,WJOHZNCJWYWUJD-UHFFFAOYSA-N,494.211609804,2.9376000000000015,1.16535,CC(=O)OCC(=O)C12OC(C)(C)OC1CC1C3CC(F)C4=CC(=O)C=CC4(C)C3(F)C(O)CC12C,FLUOCINONIDE,Inactive,
10789032,CCCCC(CC)COc1ccc(-c2nc(-c3ccc(OC)cc3)nc(-c3ccc(OCC(CC)CCCC)cc3O)n2)c(O)c1,XVAMCHGMPYWHNL-UHFFFAOYSA-N,627.367221668,9.482799999999997,1.1655,CCCCC(CC)COc1ccc(-c2nc(-c3ccc(OC)cc3)nc(-c3ccc(OCC(CC)CCCC)cc3O)n2)c(O)c1,BEMOTRIZINOL,Inactive,
95525368,Cc1c(NC(C)C)c(=O)n(-c2ccccc2)n1C.Cl,WJPVTNJDDFIBKU-UHFFFAOYSA-N,281.12948994,2.726520000000001,1.1656,Cc1c(NC(C)C)c(=O)n(-c2ccccc2)n1C.Cl,RAMIFENAZONE,Inactive,
67036774,CC(=O)Nc1ccc(CC(=O)O)cc1,MROJXXOCABQVEF-UHFFFAOYSA-N,193.073893212,1.2721,1.1656,CC(=O)Nc1ccc(CC(=O)O)cc1,ACTARIT,Inactive,
40395234,O=C(O)c1cc2ccccc2c(Cc2c(O)c(C(=O)O)cc3ccccc23)c1O.OCCOCCN1CCN(C(c2ccccc2)c2ccc(Cl)cc2)CC1,ASDOKGIIKXGMNB-UHFFFAOYSA-N,762.270794016,7.447300000000008,1.16565,O=C(O)c1cc2ccccc2c(Cc2c(O)c(C(=O)O)cc3ccccc23)c1O.OCCOCCN1CCN(C(c2ccccc2)c2ccc(Cl)cc2)CC1,HYDROXYZINE PAMOATE,Inactive,
61514603,CC(=O)c1ccc2c(c1)N(CCCN1CCN(CCO)CC1)c1ccccc1S2.O=C(O)C=CC(=O)O,JVMBOHDUHCHGOE-UHFFFAOYSA-N,527.2090067759999,3.2037000000000004,1.16685,CC(=O)c1ccc2c(c1)N(CCCN1CCN(CCO)CC1)c1ccccc1S2.O=C(O)C=CC(=O)O,ACETOPHENAZINE MALEATE,Inactive,
36144730,COC(=O)C1=C(C)NC(C)=C(C(=O)OCCN2CCN(C(c3ccccc3)c3ccccc3)CC2)C1c1cccc([N+](=O)[O-])c1,ANEBWFXPVPTEET-UHFFFAOYSA-N,610.2791349360001,4.953000000000005,1.16685,COC(=O)C1=C(C)NC(C)=C(C(=O)OCCN2CCN(C(c3ccccc3)c3ccccc3)CC2)C1c1cccc([N+](=O)[O-])c1,MANIDIPINE HYDROCHLORIDE,Inactive,
36428158,CCOc1nc2cccc(C(=O)OCc3oc(=O)oc3C)c2n1Cc1ccc(-c2ccccc2-c2noc([O-])n2)cc1.[K+],IHWFKDWIUSZLCJ-UHFFFAOYSA-M,606.1152953760001,1.4895199999999995,1.16725,CCOc1nc2cccc(C(=O)OCc3oc(=O)oc3C)c2n1Cc1ccc(-c2ccccc2-c2noc([O-])n2)cc1.[K+],AZILSARTAN MEDOXOMIL,Inactive,
93620795,CCC(C=CC(C)C1CCC2C3CC=C4CC(O)CCC4(C)C3CCC12C)C(C)C,HCXVJBMSMIARIN-UHFFFAOYSA-N,412.370516156,7.8008000000000095,1.1677,CCC(C=CC(C)C1CCC2C3CC=C4CC(O)CCC4(C)C3CCC12C)C(C)C,STIGMASTEROL,Inactive,
27334680,COCCc1ccc(OCC(O)CNC(C)C)cc1.O=C(O)C(O)C(O)C(=O)O,WPTKISQJQVFSQI-UHFFFAOYSA-N,417.19988157199987,-0.5093999999999974,1.16815,COCCc1ccc(OCC(O)CNC(C)C)cc1.O=C(O)C(O)C(O)C(=O)O,METOPROLOL TARTRATE,Inactive,
28010653,CNCC(O)c1ccc(O)c(O)c1.O=C(O)C(O)C(O)C(=O)O,YLXIPWWIOISBDD-UHFFFAOYSA-N,333.105981188,-1.7719999999999998,1.1698,CNCC(O)c1ccc(O)c(O)c1.O=C(O)C(O)C(O)C(=O)O,EPINEPHRINE BITARTRATE,Inactive,
93199512,O.O=C([O-])CC(O)(CC(=O)[O-])C(=O)[O-].[Li+].[Li+].[Li+],OSJRPECIECUBOG-UHFFFAOYSA-K,228.06210583399996,-15.065300000000002,1.17,O.O=C([O-])CC(O)(CC(=O)[O-])C(=O)[O-].[Li+].[Li+].[Li+],LITHIUM CITRATE HYDRATE,Inactive,
72058699,CCN(CC)CCOC(=O)C(c1ccccc1)c1ccccc1.Cl,LKPINBXAWIMZCG-UHFFFAOYSA-N,347.165206752,4.125300000000005,1.1712,CCN(CC)CCOC(=O)C(c1ccccc1)c1ccccc1.Cl,ADIPHENINE HYDROCHLORIDE,Inactive,
10089276,Cl.NC(N)=NC(N)=NCCc1ccccc1,YSUCWSWKRIOILX-UHFFFAOYSA-N,241.10942319199998,0.23900000000000055,1.172,Cl.NC(N)=NC(N)=NCCc1ccccc1,PHENFORMIN HYDROCHLORIDE,Inactive,
38146364,CC[N+](C)(CC)CCOC(=O)C(O)(c1ccccc1)C1CCCCC1.[Br-],UKLQXHUGTKWPSR-UHFFFAOYSA-M,427.172206048,0.48810000000000175,1.17255,CC[N+](C)(CC)CCOC(=O)C(O)(c1ccccc1)C1CCCCC1.[Br-],OXYPHENONIUM BROMIDE,Inactive,
68993721,NC(=O)CS(=O)C(c1ccccc1)c1ccccc1,YFGHCGITMMYXAQ-UHFFFAOYSA-N,273.08234972,2.01,1.17265,NC(=O)CS(=O)C(c1ccccc1)c1ccccc1,ARMODAFINIL,Inactive,
60264487,CC(C)[N+]1(C)C2CCC1CC(OC(=O)C(CO)c1ccccc1)C2.[Br-],LHLMOSXCXGLMMN-UHFFFAOYSA-M,411.14090592,-0.14189999999999792,1.1741,CC(C)[N+]1(C)C2CCC1CC(OC(=O)C(CO)c1ccccc1)C2.[Br-],IPRATROPIUM BROMIDE,Inactive,
11489131,O=C(NC(=O)c1c(F)cccc1F)Nc1ccc(Cl)cc1,QQQYTWIFVNKMRW-UHFFFAOYSA-N,310.032061648,3.5801000000000016,1.1742,O=C(NC(=O)c1c(F)cccc1F)Nc1ccc(Cl)cc1,DIFLUBENZURON,Inactive,
40242722,COC(=O)c1c(C)c2c(c(C)c1OC)OC(=O)c1c(C)c(Cl)c(OC)c(Cl)c1O2,PDTLWAZKMKQSLD-UHFFFAOYSA-N,440.042958276,5.047360000000004,1.17425,COC(=O)c1c(C)c2c(c(C)c1OC)OC(=O)c1c(C)c(Cl)c(OC)c(Cl)c1O2,LEOIDIN DIMETHYL ETHER,Inactive,
10118816,O=S(=O)(c1cccc2cnccc12)N1CCCNCC1,NGOGFTYYXHNFQH-UHFFFAOYSA-N,291.104147784,1.2187999999999999,1.17455,O=S(=O)(c1cccc2cnccc12)N1CCCNCC1,FASUDIL HYDROCHLORIDE,Inactive,
88576722,COC(=O)Nc1nc2cc(C(=O)c3ccc(F)cc3)ccc2[nH]1,CPEUVMUXAHMANV-UHFFFAOYSA-N,313.08626946400005,3.111300000000001,1.17585,COC(=O)Nc1nc2cc(C(=O)c3ccc(F)cc3)ccc2[nH]1,FLUBENDAZOLE,Inactive,
94132921,Cc1cccc(C)c1NC(=O)C1CCCCN1C.Cl,RETIMRUQNCDCQB-UHFFFAOYSA-N,282.14989103600004,3.148040000000002,1.1762,Cc1cccc(C)c1NC(=O)C1CCCCN1C.Cl,MEPIVACAINE HYDROCHLORIDE,Inactive,
26588254,CC(C)C1CCC(C(=O)NC(Cc2ccccc2)C(=O)O)CC1,OELFLUMRDSZNSF-UHFFFAOYSA-N,317.199093724,3.2609000000000012,1.1762,CC(C)C1CCC(C(=O)NC(Cc2ccccc2)C(=O)O)CC1,NATEGLINIDE,Inactive,
49763061,CC1CC2C(C(O)CC3(C)C2CCC3(O)C(=O)CO)C2(C)C=CC(=O)C=C12,VHRSUDSXCMQTMA-UHFFFAOYSA-N,374.20932406,1.8036,1.1766,CC1CC2C(C(O)CC3(C)C2CCC3(O)C(=O)CO)C2(C)C=CC(=O)C=C12,METHYLPREDNISOLONE,Inactive,
15212506,NC(=O)N1c2ccccc2CC(=O)c2ccccc21,CTRLABGOLIVAIY-UHFFFAOYSA-N,252.089877624,2.6422000000000008,1.1768,NC(=O)N1c2ccccc2CC(=O)c2ccccc21,OXCARBAZEPINE,Inactive,
97848172,O=C1CCCC2C3CC(CN12)C1CCCCN1C3.[O-][Cl+3]([O-])([O-])O,DVZQTPMQQXAHSQ-UHFFFAOYSA-N,348.14519957999994,-2.252299999999994,1.1768,O=C1CCCC2C3CC(CN12)C1CCCCN1C3.[O-][Cl+3]([O-])([O-])O,LUPANINE PERCHLORATE,Inactive,
72634172,CCN(CC)CCCC(C)Nc1c2ccc(Cl)cc2nc2ccc(OC)cc12.Cl.Cl,UDKVBVICMUEIKS-UHFFFAOYSA-N,471.161095684,6.816000000000006,1.1771,CCN(CC)CCCC(C)Nc1c2ccc(Cl)cc2nc2ccc(OC)cc12.Cl.Cl,QUINACRINE HYDROCHLORIDE,Inactive,
72737959,COc1ccc2cc(C(C)C(=O)O)ccc2c1,CMWTZPSULFXXJA-UHFFFAOYSA-N,230.094294308,3.036500000000001,1.1776,COc1ccc2cc(C(C)C(=O)O)ccc2c1,NAPROXEN,Inactive,
82930607,CC12CCC3c4ccc(O)cc4CCC3C1CCC2OC(=O)CCC1CCCC1,UOACKFBJUYNSLK-UHFFFAOYSA-N,396.26644501199996,6.130500000000006,1.178,CC12CCC3c4ccc(O)cc4CCC3C1CCC2OC(=O)CCC1CCCC1,ESTRADIOL CYPIONATE,Inactive,
76833490,CNC1C(O)C(OC2C(N)CC(N)C(OC3OC(CN)=CCC3N)C2O)OCC1(C)O.O=S(=O)(O)O,JVTNJDPXUPRGIE-UHFFFAOYSA-N,545.2366780679998,-4.5043,1.1784,CNC1C(O)C(OC2C(N)CC(N)C(OC3OC(CN)=CCC3N)C2O)OCC1(C)O.O=S(=O)(O)O,SISOMICIN SULFATE,Inactive,
85950107,COc1ccc(-c2oc3cc(OC)c(OC)c(OC)c3c(=O)c2OC)cc1OC,CHXSDKWBSFDZEU-UHFFFAOYSA-N,402.13146766399996,3.5116000000000023,1.17855,COc1ccc(-c2oc3cc(OC)c(OC)c(OC)c3c(=O)c2OC)cc1OC,HEXAMETHYLQUERCETAGETIN,Inactive,
10412354,COc1cc(CC=Cc2ccccc2)c(OC)cc1O,MGFYJNMOZGSGMU-UHFFFAOYSA-N,270.12559443600003,3.6653000000000024,1.1787,COc1cc(CC=Cc2ccccc2)c(OC)cc1O,VIOLASTYRENE,Inactive,
22106643,Cc1ccc(C)c(OCCCC(C)(C)C(=O)O)c1,HEMJJKBWTPKOJG-UHFFFAOYSA-N,250.156894564,3.573240000000002,1.17945,Cc1ccc(C)c(OCCCC(C)(C)C(=O)O)c1,GEMFIBROZIL,Inactive,
51112026,CC1(C)NC(=O)N(c2ccc([N+](=O)[O-])c(C(F)(F)F)c2)C1=O,XWXYUMMDTVBTOU-UHFFFAOYSA-N,317.06234046,2.4484000000000004,1.1796,CC1(C)NC(=O)N(c2ccc([N+](=O)[O-])c(C(F)(F)F)c2)C1=O,NILUTAMIDE,Inactive,
66822542,O=C(CCCCCCC(=O)Nc1ccccc1)NO,WAEXFXRVDQXREF-UHFFFAOYSA-N,264.1473925,2.4711,1.18045,O=C(CCCCCCC(=O)Nc1ccccc1)NO,VORINOSTAT,Inactive,
18382309,CCOc1ccc2ccccc2c1C(=O)NC1C(=O)N2C1SC(C)(C)C2C(=O)[O-].[Na+],AYAPZOUDXCDGIF-UHFFFAOYSA-M,436.10688705200005,-1.8468999999999967,1.18075,CCOc1ccc2ccccc2c1C(=O)NC1C(=O)N2C1SC(C)(C)C2C(=O)[O-].[Na+],NAFCILLIN SODIUM,Inactive,
37043151,COc1ccc2cc(CCC(C)=O)ccc2c1,BLXXJMDCKKHMKV-UHFFFAOYSA-N,228.115029752,3.370000000000002,1.18105,COc1ccc2cc(CCC(C)=O)ccc2c1,NABUMETONE,Inactive,
42627749,FC(F)(F)COCC(F)(F)F,KGPPDNUWZNWPSI-UHFFFAOYSA-N,182.016634068,2.1276,1.18135,FC(F)(F)COCC(F)(F)F,FLUROTHYL,Inactive,
10132544,CNC(=O)c1c(I)c(NC(C)=O)c(I)c(C(=O)O)c1I,UXIGWFXRQKWHHA-UHFFFAOYSA-N,613.769650768,2.5166000000000004,1.18165,CNC(=O)c1c(I)c(NC(C)=O)c(I)c(C(=O)O)c1I,IOTHALAMIC ACID,Inactive,
37441392,NC(=O)CCCCC1CCSS1,FCCDDURTIIUXBY-UHFFFAOYSA-N,205.0595061,2.1857999999999995,1.1817,NC(=O)CCCCC1CCSS1,LIPOAMIDE,Inactive,
28833747,CCN(CCO)CCCC(C)Nc1ccnc2cc(Cl)ccc12.O=S(=O)(O)O,JCBIVZZPXRZKTI-UHFFFAOYSA-N,433.14381967599985,3.1302000000000003,1.18235,CCN(CCO)CCCC(C)Nc1ccnc2cc(Cl)ccc12.O=S(=O)(O)O,HYDROXYCHLOROQUINE SULFATE,Inactive,
60963567,CC1=C(C)C(=O)C(C(CCCCCC(=O)O)c2ccccc2)=C(C)C1=O,ZBVKEHDGYSLCCC-UHFFFAOYSA-N,354.18310931199994,4.610000000000003,1.1837,CC1=C(C)C(=O)C(C(CCCCCC(=O)O)c2ccccc2)=C(C)C1=O,SERATRODAST,Inactive,
45653606,CC(=O)OCC[N+](C)(C)C.[Cl-],JUGOREOARAHOCO-UHFFFAOYSA-M,181.086956432,-2.740299999999996,1.1839,CC(=O)OCC[N+](C)(C)C.[Cl-],ACETYLCHOLINE CHLORIDE,Inactive,
86031729,CC12CCC(=O)C=C1C=CC1C2CCC2(C)C1CCC21CCC(=O)O1,UJVLDDZCTMKXJK-UHFFFAOYSA-N,340.20384475599997,4.370100000000003,1.18395,CC12CCC(=O)C=C1C=CC1C2CCC2(C)C1CCC21CCC(=O)O1,CANRENONE,Inactive,
10043659,O=C(NC(=O)c1c(F)cccc1F)Nc1cc(Cl)c(OC(F)(F)C(F)C(F)(F)F)cc1Cl,PWPJGUXAGUPAHP-UHFFFAOYSA-N,509.97842323599997,6.105500000000001,1.1846,O=C(NC(=O)c1c(F)cccc1F)Nc1cc(Cl)c(OC(F)(F)C(F)C(F)(F)F)cc1Cl,LUFENURON,Inactive,
71316659,CCCN(CCC)CCc1cccc2c1CC(=O)N2.Cl,XDXHAEQXIBQUEZ-UHFFFAOYSA-N,296.16554110000004,3.2675000000000023,1.1854,CCCN(CCC)CCc1cccc2c1CC(=O)N2.Cl,ROPINIROLE HYDROCHLORIDE,Inactive,
43407199,CCCCCC1C(=O)CCC1CC(=O)OC,KVWWIYGFBYDJQC-UHFFFAOYSA-N,226.156894564,2.725100000000001,1.186,CCCCCC1C(=O)CCC1CC(=O)OC,"DIHYDROJASMONIC ACID, METHYL ESTER",Inactive,
23078957,CC1(C)OC2CC3C4CC(F)C5=CC(=O)C=CC5(C)C4(F)C(O)CC3(C)C2(C(=O)CO)O1,FEBLZLNTKCEFIT-UHFFFAOYSA-N,452.2010451199999,2.366800000000001,1.18715,CC1(C)OC2CC3C4CC(F)C5=CC(=O)C=CC5(C)C4(F)C(O)CC3(C)C2(C(=O)CO)O1,FLUOCINOLONE ACETONIDE,Inactive,
63459109,Cc1cc(=O)[nH]c(=S)[nH]1,HWGBHCRJGXAGEU-UHFFFAOYSA-N,142.020083812,0.74091,1.1878,Cc1cc(=O)[nH]c(=S)[nH]1,METHYLTHIOURACIL,Inactive,
89656318,O=C1CCc2cc(OCCCCc3nnnn3C3CCCCC3)ccc2N1,RRGUKTPIGVIEKM-UHFFFAOYSA-N,369.21647510400004,3.4647000000000014,1.1878,O=C1CCc2cc(OCCCCc3nnnn3C3CCCCC3)ccc2N1,CILOSTAZOL,Inactive,
89240197,CCC1CN2CCc3cc(OC)c(OC)cc3C2CC1CC1NCCc2cc(OC)c(OC)cc21.Cl.Cl,JROGBPMEKVAPEH-UHFFFAOYSA-N,552.252163184,5.787000000000008,1.18795,CCC1CN2CCc3cc(OC)c(OC)cc3C2CC1CC1NCCc2cc(OC)c(OC)cc21.Cl.Cl,EMETINE DIHYDROCHLORIDE,Inactive,
76036299,Cl.Cl.NCCc1c[nH]cn1,PPZMYIBUHIPZOS-UHFFFAOYSA-N,183.03300271199998,0.7545000000000002,1.19065,Cl.Cl.NCCc1c[nH]cn1,HISTAMINE DIHYDROCHLORIDE,Inactive,
65057028,CN(C)C(=O)Oc1cccc([N+](C)(C)C)c1.[Br-],LULNWZDBKTWDGK-UHFFFAOYSA-M,302.062989948,-1.052299999999998,1.1915,CN(C)C(=O)Oc1cccc([N+](C)(C)C)c1.[Br-],NEOSTIGMINE BROMIDE,Inactive,
10042688,O=C1C(O)=C(C2CCC(c3ccc(Cl)cc3)CC2)C(=O)c2ccccc21,KUCQYCKVKVOKAY-UHFFFAOYSA-N,366.102272148,5.505100000000004,1.1919,O=C1C(O)=C(C2CCC(c3ccc(Cl)cc3)CC2)C(=O)c2ccccc21,ATOVAQUONE,Inactive,
11125715,O=C(O)c1cccnc1,PVNIIMVLHYAWGP-UHFFFAOYSA-N,123.0320284,0.7797999999999999,1.1924,O=C(O)c1cccnc1,NIACIN,Inactive,
64559427,Cl.NC1C(O)OC(CO)C(O)C1O,QKPLRMLTKYXDST-UHFFFAOYSA-N,215.056050228,-2.8332,1.1926,Cl.NC1C(O)OC(CO)C(O)C1O,GLUCOSAMINE HYDROCHLORIDE,Inactive,
10776674,CC(C)n1c(C=CC(O)CC(O)CC(=O)[O-])c(-c2ccc(F)cc2)c2ccccc21.[Na+],ZGGHKIMDNBDHJB-UHFFFAOYSA-M,433.1665307800001,0.2973999999999999,1.19325,CC(C)n1c(C=CC(O)CC(O)CC(=O)[O-])c(-c2ccc(F)cc2)c2ccccc21.[Na+],FLUVASTATIN SODIUM,Inactive,
43709551,Nc1nc(NC2CC2)c2ncn(C3C=CC(CO)C3)c2n1.O=S(=O)(O)O,MBFKCGGQTYQTLR-UHFFFAOYSA-N,384.12158873999994,0.43950000000000017,1.1941,Nc1nc(NC2CC2)c2ncn(C3C=CC(CO)C3)c2n1.O=S(=O)(O)O,ABACAVIR SULFATE,Inactive,
85141085,CN1C2CCC1CC(OC(=O)C(CO)c1ccccc1)C2.O=S(=O)(O)O,VJFQPODMEGSXHC-UHFFFAOYSA-N,387.13517313999995,1.2780999999999998,1.1956,CN1C2CCC1CC(OC(=O)C(CO)c1ccccc1)C2.O=S(=O)(O)O,ATROPINE SULFATE,Inactive,
77203649,FCOC(C(F)(F)F)C(F)(F)F,DFEYYRMXOJXZRJ-UHFFFAOYSA-N,200.007212256,2.4232000000000005,1.1958,FCOC(C(F)(F)F)C(F)(F)F,SEVOFLURANE,Inactive,
82197242,CCc1nn(CCCN2CCN(c3cccc(Cl)c3)CC2)c(=O)n1CCOc1ccccc1,VRBKIVRKKCLPHA-UHFFFAOYSA-N,469.22445294399995,3.5519000000000025,1.19725,CCc1nn(CCCN2CCN(c3cccc(Cl)c3)CC2)c(=O)n1CCOc1ccccc1,NEFAZODONE HYDROCHLORIDE,Inactive,
93121534,NCC1OC(OC2C(CO)OC(OC3C(O)C(N)CC(N)C3OC3OC(CN)C(O)C(O)C3N)C2O)C(N)C(O)C1O.O=S(=O)(O)O.O=S(=O)(O)O.O=S(=O)(O)O,KWBUARAINLGYMG-UHFFFAOYSA-N,908.2144241640005,-10.853700000000016,1.1991,NCC1OC(OC2C(CO)OC(OC3C(O)C(N)CC(N)C3OC3OC(CN)C(O)C(O)C3N)C2O)C(N)C(O)C1O.O=S(=O)(O)O.O=S(=O)(O)O.O=S(=O)(O)O,NEOMYCIN TRISULFATE,Inactive,
56159203,O=[N+]([O-])OC1COC2C(O)COC12,YWXYYJSYQOXTPL-UHFFFAOYSA-N,191.042987008,-1.2782000000000002,1.19955,O=[N+]([O-])OC1COC2C(O)COC12,ISOSORBIDE MONONITRATE,Inactive,
40129621,CC(C)(C(=O)O)c1ccc(C(O)CCCN2CCC(C(O)(c3ccccc3)c3ccccc3)CC2)cc1.Cl,RRJFVPUCXDGFJB-UHFFFAOYSA-N,537.26458644,5.932300000000009,1.1996,CC(C)(C(=O)O)c1ccc(C(O)CCCN2CCC(C(O)(c3ccccc3)c3ccccc3)CC2)cc1.Cl,FEXOFENADINE HYDROCHLORIDE,Inactive,
86276579,Nc1ccc(S(=O)(=O)NC(=O)c2ccccc2)cc1,PBCZLFBEBARBBI-UHFFFAOYSA-N,276.056863244,1.3875,1.20025,Nc1ccc(S(=O)(=O)NC(=O)c2ccccc2)cc1,SULFABENZAMIDE,Inactive,
11490278,CNC1C(OC2OC(CO)C(N)C(O)C2O)OC2CC(N)C(OC3C(N)CC(N)C(O)C3O)OC2C1O.O=S(=O)(O)O,WGLYHYWDYPSNPF-UHFFFAOYSA-N,637.2476366760001,-7.602100000000016,1.20305,CNC1C(OC2OC(CO)C(N)C(O)C2O)OC2CC(N)C(OC3C(N)CC(N)C(O)C3O)OC2C1O.O=S(=O)(O)O,APRAMYCIN SULFATE,Inactive,
73398722,Clc1ccccc1C(c1ccccc1)(c1ccccc1)n1ccnc1,VNFPBHJOKIVQEB-UHFFFAOYSA-N,344.10802622400007,5.376700000000004,1.20315,Clc1ccccc1C(c1ccccc1)(c1ccccc1)n1ccnc1,CLOTRIMAZOLE,Inactive,
42223332,COC(=O)C1CC2=CC(=O)CCC2(C)C23OC2CC2(C)C(CCC24CCC(=O)O4)C13,JUKPWJGBANNWMW-UHFFFAOYSA-N,414.20423867999995,3.124500000000002,1.2037,COC(=O)C1CC2=CC(=O)CCC2(C)C23OC2CC2(C)C(CCC24CCC(=O)O4)C13,EPLERENONE,Inactive,
41402478,Cl.Clc1cccc(Cl)c1N=C1NCCN1,ZNIFSRGNXRYGHF-UHFFFAOYSA-N,264.99403036,2.5955000000000004,1.2064,Cl.Clc1cccc(Cl)c1N=C1NCCN1,CLONIDINE HYDROCHLORIDE,Inactive,
61560140,O=C(NC(O)C(Cl)(Cl)Cl)NC(O)C(Cl)(Cl)Cl,PPJXIHLNYDVTDI-UHFFFAOYSA-N,351.850958132,1.6627999999999998,1.2084,O=C(NC(O)C(Cl)(Cl)Cl)NC(O)C(Cl)(Cl)Cl,DICLORALUREA,Inactive,
82801041,NS(=O)(=O)c1cc2c(cc1C(F)(F)F)NC(Cc1ccccc1)NS2(=O)=O,HDWIHXWEUNVBIY-UHFFFAOYSA-N,421.03778258799997,1.6254000000000004,1.20955,NS(=O)(=O)c1cc2c(cc1C(F)(F)F)NC(Cc1ccccc1)NS2(=O)=O,BENDROFLUMETHIAZIDE,Inactive,
11518588,CC(=O)NC1C(O)CC(O)(C(=O)O)OC1C(O)C(O)CO,SQVRNKJHWKZAKO-UHFFFAOYSA-N,309.105981188,-3.871799999999999,1.21185,CC(=O)NC1C(O)CC(O)(C(=O)O)OC1C(O)C(O)CO,ACENEURAMIC ACID,Inactive,
39202664,CCCCC(=O)N(Cc1ccc(-c2ccccc2-c2nn[nH]n2)cc1)C(C(=O)O)C(C)C,ACWBQPMHZXGDFX-UHFFFAOYSA-N,435.227039788,4.161700000000002,1.2146,CCCCC(=O)N(Cc1ccc(-c2ccccc2-c2nn[nH]n2)cc1)C(C(=O)O)C(C)C,VALSARTAN,Inactive,
79773026,O=[N+]([O-])NC1=NCCN1Cc1ccc(Cl)nc1,YWTYJOPNNQFBPC-UHFFFAOYSA-N,255.05230224,0.6879,1.2167,O=[N+]([O-])NC1=NCCN1Cc1ccc(Cl)nc1,IMIDACLOPRID,Inactive,
63581312,Cl.NCC(=O)CCC(=O)O,ZLHFONARZHCSET-UHFFFAOYSA-N,167.03492086,-0.19920000000000032,1.21835,Cl.NCC(=O)CCC(=O)O,AMINOLEVULINIC ACID HYDROCHLORIDE,Inactive,
67256651,C=CC1(C)CC(=O)C2(O)C(C)(O1)C(OC(C)=O)C(O)C1C(C)(C)CCC(O)C12C,OHCQJHSOBUTRHG-UHFFFAOYSA-N,410.230453428,1.5198999999999987,1.23535,C=CC1(C)CC(=O)C2(O)C(C)(O1)C(OC(C)=O)C(O)C1C(C)(C)CCC(O)C12C,COLFORSIN,Inactive,
10498602,O=S(=O)([O-])c1cc(O)c2c(N=Nc3ccc(Nc4ccccc4)c4c(S(=O)(=O)[O-])cccc34)cc(S(=O)(=O)[O-])cc2c1.[Na+].[Na+].[Na+],ADGGJQPKBDIZMT-UHFFFAOYSA-K,694.9690895520002,-4.4180999999999955,1.25165,O=S(=O)([O-])c1cc(O)c2c(N=Nc3ccc(Nc4ccccc4)c4c(S(=O)(=O)[O-])cccc34)cc(S(=O)(=O)[O-])cc2c1.[Na+].[Na+].[Na+],ANAZOLENE SODIUM,Inactive,
14836842,Nc1ccc(S(=O)(=O)c2ccc(N)cc2)cc1,MQJKPEGWNLWLTK-UHFFFAOYSA-N,248.061948624,1.6838000000000002,1.27315,Nc1ccc(S(=O)(=O)c2ccc(N)cc2)cc1,DAPSONE,Inactive,
46236005,Cc1cc(-c2ccc(N=Nc3ccc4c(S(=O)(=O)[O-])cc(S(=O)(=O)[O-])c(N)c4c3O)c(C)c2)ccc1N=Nc1ccc2c(S(=O)(=O)[O-])cc(S(=O)(=O)[O-])c(N)c2c1O.[Na+].[Na+].[Na+].[Na+],ATNOAWAQFYGAOY-UHFFFAOYSA-J,959.9824105680003,-6.6843600000000025,2.2632,Cc1cc(-c2ccc(N=Nc3ccc4c(S(=O)(=O)[O-])cc(S(=O)(=O)[O-])c(N)c4c3O)c(C)c2)ccc1N=Nc1ccc2c(S(=O)(=O)[O-])cc(S(=O)(=O)[O-])c(N)c2c1O.[Na+].[Na+].[Na+].[Na+],EVANS BLUE,Inactive,
71617182,C=CC1=C(C)c2cc3[nH]c(cc4nc(cc5[nH]c(cc1n2)c(C)c5CCC(=O)O)C(CCC(=O)O)=C4C)c(C)c3C=C,KSFOVUSSGSKXFI-UHFFFAOYSA-N,562.2580055679999,7.504040000000007,2.62745,C=Cc1c(C)c2cc3[nH]c(cc4nc(cc5[nH]c(cc1n2)c(C)c5CCC(=O)O)c(CCC(=O)O)c4C)c(C)c3C=C,PROTOPORPHYRINOGEN IX,Inactive,
