SMILES,Mean_Inhibition,Activity,id,smiles,inchikey,pubchem_id,mwt,clogp,tpsa
CCOc1ccc(NC(=O)CC(C)O)cc1,0.97647,Inactive,10012137,CCOc1ccc(NC(=O)CC(C)O)cc1,LIAWQASKBFCRNR-UHFFFAOYSA-N,14130.0,223.120843404,1.7946999999999995,58.56
CNCCC(Oc1ccccc1C)c1ccccc1.Cl,1.0393,Inactive,10017866,CNCCC(Oc1ccccc1C)c1ccccc1.Cl,LUCXVPAZUDVVBT-UHFFFAOYSA-N,6850812.0,291.138992004,4.146420000000004,21.26
CC(=O)OCC=C(C)C=CC=C(C)C=CC1=C(C)CCCC1(C)C,1.035415,Inactive,10034901,CC(=O)OCC=C(C)C=CC=C(C)C=CC1=C(C)CCCC1(C)C,QGNJRVVDBSJHIZ-UHFFFAOYSA-N,5057.0,328.240230264,6.081100000000006,26.3
O=C1C=CC(=O)c2c(O)cccc21,0.79133,Inactive,10043589,O=C1C=CC(=O)c2c(O)cccc21,KQPYUDDGWXQXHS-UHFFFAOYSA-N,3806.0,174.031694052,1.3274,54.370000000000005
O=C(NC(=O)c1c(F)cccc1F)Nc1cc(Cl)c(OC(F)(F)C(F)C(F)(F)F)cc1Cl,1.1846,Inactive,10043659,O=C(NC(=O)c1c(F)cccc1F)Nc1cc(Cl)c(OC(F)(F)C(F)C(F)(F)F)cc1Cl,PWPJGUXAGUPAHP-UHFFFAOYSA-N,71777.0,509.978423236,6.105500000000001,67.43
CS(=O)(=O)OCCCCOS(C)(=O)=O,0.89236,Inactive,10053671,CS(=O)(=O)OCCCCOS(C)(=O)=O,COVZYZSDYWQREU-UHFFFAOYSA-N,2478.0,246.023180168,-0.2809999999999997,86.74000000000001
O=C(O)C(O)C(O)C(O)C(O)C(=O)O,1.065875,Inactive,10057065,O=C(O)C(O)C(O)C(O)C(O)C(=O)O,DSLZVSRJTYRBFB-UHFFFAOYSA-N,607.0,210.03756728,-3.4008000000000007,155.52
C=CC(C)(O)CCC=C(C)CCC=C(C)C,0.898115,Inactive,10057324,C=CC(C)(O)CCC=C(C)CCC=C(C)C,FQTLCLSUCSAZDY-UHFFFAOYSA-N,8888.0,222.198365452,4.396300000000004,20.23
O=C(CCCN1CC=C(n2c(=O)[nH]c3ccccc32)CC1)c1ccc(F)cc1,1.08485,Inactive,10067142,O=C(CCCN1CC=C(n2c(=O)[nH]c3ccccc32)CC1)c1ccc(F)cc1,RMEDXOLNCUSCGS-UHFFFAOYSA-N,3168.0,379.169605164,3.6784000000000026,58.1
CC(C)c1nc(CN(C)C(=O)NC(C(=O)NC(Cc2ccccc2)CC(O)C(Cc2ccccc2)NC(=O)OCc2cncs2)C(C)C)cs1,0.797315,Inactive,10076020,CC(C)c1nc(CN(C)C(=O)NC(C(=O)NC(Cc2ccccc2)CC(O)C(Cc2ccccc2)NC(=O)OCc2cncs2)C(C)C)cs1,NCDNCNXCDXHOMX-UHFFFAOYSA-N,5076.0,720.3127606359999,5.905200000000005,145.77999999999997
Nc1cc(C(Cl)=C(Cl)Cl)c(S(N)(=O)=O)cc1S(N)(=O)=O,1.13695,Inactive,10082645,Nc1cc(C(Cl)=C(Cl)Cl)c(S(N)(=O)=O)cc1S(N)(=O)=O,QOVTVIYTBRHADL-UHFFFAOYSA-N,43231.0,378.902180776,0.9061,146.34
CC1(C)SC2C(NC(=O)C(NC(=O)N3CCNC3=O)c3ccccc3)C(=O)N2C1C(=O)[O-].[Na+],0.263095,Inactive,10093576,CC1(C)SC2C(NC(=O)C(NC(=O)N3CCNC3=O)c3ccccc3)C(=O)N2C1C(=O)[O-].[Na+],UVOCNBWUHNCKJM-UHFFFAOYSA-M,23684675.0,483.118848704,-4.236499999999997,150.98
CCOP(=S)(OCC)Oc1ccc2c(C)c(Cl)c(=O)oc2c1,0.95502,Inactive,10102264,CCOP(=S)(OCC)Oc1ccc2c(C)c(Cl)c(=O)oc2c1,BXNANOICGRISHX-UHFFFAOYSA-N,2871.0,362.0144589219999,4.431120000000004,57.900000000000006
N=C(N)c1ccc(OCCCCCOc2ccc(C(=N)N)cc2)cc1.O=S(=O)(O)CCO.O=S(=O)(O)CCO,0.896595,Inactive,10109685,N=C(N)c1ccc(OCCCCCOc2ccc(C(=N)N)cc2)cc1.O=S(=O)(O)CCO.O=S(=O)(O)CCO,YBVNFKZSMZGRAD-UHFFFAOYSA-N,8813.0,592.1872853519999,0.615840000000003,267.4
CC(C)c1c(O)ccc2c1CCC1C(C)(C)C(=O)CCC21C,0.99298,Inactive,10138916,CC(C)c1c(O)ccc2c1CCC1C(C)(C)C(=O)CCC21C,AOHUEFCBXPOOLQ-UHFFFAOYSA-N,625254.0,300.208930136,4.7248000000000046,37.3
CC1CCC2C(C)C(O)OC3OC4(C)CCC1C32OO4,0.637235,Inactive,10141589,CC1CCC2C(C)C(O)OC3OC4(C)CCC1C32OO4,BJDCWCLMFKKGEE-UHFFFAOYSA-N,540327.0,284.162373868,2.1867,57.150000000000006
COc1cc2c(cc1OC)-c1c(oc3cc4c(cc3c1=O)CCO4)CO2,0.962525,Inactive,10144502,COc1cc2c(cc1OC)-c1c(oc3cc4c(cc3c1=O)CCO4)CO2,LZUNYTZRKSOHRX-UHFFFAOYSA-N,4285596.0,352.09468823199995,3.3045000000000018,67.13000000000001
O=C1c2ccccc2C(=O)C1c1ccc(Cl)cc1,1.07155,Inactive,10147435,O=C1c2ccccc2C(=O)C1c1ccc(Cl)cc1,NJDUWAXIURWWLN-UHFFFAOYSA-N,70846.0,256.029107208,3.5028000000000024,34.14
CC1OC(OC2C=C3CCC4C(CCC5(C)C(c6ccc(=O)oc6)CCC45O)C3(C)CC2)C(O)C(O)C1O,0.97744,Inactive,10158959,CC1OC(OC2C=C3CCC4C(CCC5(C)C(c6ccc(=O)oc6)CCC45O)C3(C)CC2)C(O)C(O)C1O,MYEJFUXQJGHEQK-UHFFFAOYSA-N,4951.0,530.2879683039998,3.013800000000002,129.59
CC1(C)CC2C(=O)CCC3OC3(C)CCC21,0.94569,Inactive,10171962,CC1(C)CC2C(=O)CCC3OC3(C)CCC21,UETZJEZFLKASPR-UHFFFAOYSA-N,3440569.0,222.161979944,2.949300000000002,29.6
Nc1nc(=O)c2c([nH]1)NCC(CNc1ccc(C(=O)NC(CCC(=O)O)C(=O)O)cc1)=N2,1.01086,Inactive,10172063,Nc1nc(=O)c2c([nH]1)NCC(CNc1ccc(C(=O)NC(CCC(=O)O)C(=O)O)cc1)=N2,OZRNSSUDZOLUSN-UHFFFAOYSA-N,135402025.0,443.155331392,0.0100000000000003,211.89
CCOC(=O)c1c(C)c(Cl)c(O)c(Cl)c1O,1.014255,Inactive,10173519,CCOC(=O)c1c(C)c(Cl)c(O)c(Cl)c1O,DCMROEHBFQFVFM-UHFFFAOYSA-N,6710753.0,263.99561416,2.8897200000000014,66.76
CC(=O)O[PbH2]OC(C)=O,0.90081,Inactive,10174781,CC(=O)O[PbH2]OC(C)=O,NJJJCKUBWUKYFT-UHFFFAOYSA-L,164511932.0,328.0189108359999,-0.8886000000000001,52.6
COc1cc(-c2coc3cc(OC4OC(CO)C(O)C(O)C4O)c(OC)c(O)c3c2=O)cc(O)c1OC,1.093,Inactive,10176061,COc1cc(-c2coc3cc(OC4OC(CO)C(O)C(O)C4O)c(OC)c(O)c3c2=O)cc(O)c1OC,LNQCUTNLHUQZLR-UHFFFAOYSA-N,6063288.0,522.1373408919999,0.0756999999999997,197.74
COc1ccc(OC)c(C(O)CNC(=O)CN)c1.Cl,1.1238,Inactive,10176447,COc1ccc(OC)c(C(O)CNC(=O)CN)c1.Cl,MGCQZNBCJBRZDT-UHFFFAOYSA-N,18340.0,290.103334768,0.2339000000000002,93.81
COc1cc2c(cc1O)CC1c3c(cc(O)c(OC)c3-2)CCN1C,0.96387,Inactive,10185945,COc1cc2c(cc1O)CC1c3c(cc(O)c(OC)c3-2)CCN1C,LZJRNLRASBVRRX-UHFFFAOYSA-N,248507.0,327.14705815200006,2.867100000000001,62.16
NCC1OC(OC2C(CO)OC(OC3C(O)C(N)CC(N)C3OC3OC(CO)C(O)C(O)C3N)C2O)C(N)C(O)C1O.O=S(=O)(O)O,0.915355,Inactive,10206925,NCC1OC(OC2C(CO)OC(OC3C(O)C(N)CC(N)C3OC3OC(CO)C(O)C(O)C3N)C2O)C(N)C(O)C1O.O=S(=O)(O)O,LJRDOKAZOAKLDU-UHFFFAOYSA-N,5458443.0,713.263680664,-9.514500000000016,421.92
CC(O)C(=O)[O-].[NH4+],1.1529,Inactive,10212670,CC(O)C(=O)[O-].[NH4+],RZOBLYBZQXQGFY-UHFFFAOYSA-N,62358.0,107.058243148,-1.5067,96.86
Nc1ccc(S(=O)(=O)Nc2ccnn2-c2ccccc2)cc1,0.85563,Inactive,10226532,Nc1ccc(S(=O)(=O)Nc2ccnn2-c2ccccc2)cc1,QWCJHSGMANYXCW-UHFFFAOYSA-N,5335.0,314.083746688,2.2553,90.00999999999999
COc1ccc(C(CN(C)C)C2(O)CCCCC2)cc1.Cl,1.1374,Inactive,10227283,COc1ccc(C(CN(C)C)C2(O)CCCCC2)cc1.Cl,QYRYFNHXARDNFZ-UHFFFAOYSA-N,62923.0,313.180856816,3.457400000000003,32.7
O=C(c1cccnc1)N1CCOCC1,0.916695,Inactive,10238506,O=C(c1cccnc1)N1CCOCC1,QLPQPTXSAXQCMR-UHFFFAOYSA-N,68116.0,192.089877624,0.5539999999999999,42.43000000000001
CN1CCN2c3ccccc3Cc3ccccc3C2C1.Cl,1.0286,Inactive,10255427,CN1CCN2c3ccccc3Cc3ccccc3C2C1.Cl,YNPFMWCWRVTGKJ-UHFFFAOYSA-N,68551.0,300.139326352,3.505700000000003,6.48
CCCCCCCCCCCCCCCC[N+](C)(C)C.[Br-],0.052217,Active,10269265,CCCCCCCCCCCCCCCC[N+](C)(C)C.[Br-],LZZYPRNAOMGNLH-UHFFFAOYSA-M,5974.0,363.250062444,3.177900000000001,0.0
CCN(CC)CCOCCOC(=O)C(CC)(CC)c1ccccc1.O=C(O)CC(O)(CC(=O)O)C(=O)O,1.09645,Inactive,10281193,CCN(CC)CCOCCOC(=O)C(CC)(CC)c1ccccc1.O=C(O)CC(O)(CC(=O)O)C(=O)O,KVKJFNUGVOFNGU-UHFFFAOYSA-N,40384.0,527.2730465119998,2.3975000000000004,170.89999999999998
O=[N+]([O-])c1ccc([As](=O)(O)O)cc1,0.966735,Inactive,10327055,O=[N+]([O-])c1ccc([As](=O)(O)O)cc1,FUUFQLXAIUOWML-UHFFFAOYSA-N,66826.0,246.946193792,-0.8442000000000001,100.67
CC12C=CC(=O)C=C1CCC1C2C(O)CC2(C)C1CCC2(O)C(=O)COC(=O)CCC(=O)O,0.91244,Inactive,10363549,CC12C=CC(=O)C=C1CCC1C2C(O)CC2(C)C1CCC2(O)C(=O)COC(=O)CCC(=O)O,APGDTXUMTIZLCJ-UHFFFAOYSA-N,4897.0,460.20971798399984,1.9733,138.2
CC1(C)OC(=O)NC1=O,1.01648,Inactive,10364594,CC1(C)OC(=O)NC1=O,JYJFNDQBESEHJQ-UHFFFAOYSA-N,3081.0,129.042593084,0.0313999999999999,55.4
CC=C(C)C(=O)OC1CC(OC(C)=O)C2(C(=O)OC)COC3C2C12COC(O)(C(=O)OC)C2C(C)(C12OC1(C)C1CC2OC2OC=CC21O)C3O,0.94184,Inactive,10373472,CC=C(C)C(=O)OC1CC(OC(C)=O)C2(C(=O)OC)COC3C2C12COC(O)(C(=O)OC)C2C(C)(C12OC1(C)C1CC2OC2OC=CC21O)C3O,FTNJWQUOZFUQQJ-UHFFFAOYSA-N,2263.0,720.262935328,-0.2030999999999955,215.34
CC1=CC2C(C(C)C)CCC(C)(O)C2CC1,0.758215,Inactive,10374767,CC1=CC2C(C(C)C)CCC(C)(O)C2CC1,LHYHMMRYTDARSZ-UHFFFAOYSA-N,519662.0,222.198365452,3.7759000000000023,20.23
COc1cc2c(cc1OC)C(=O)OC2,0.910625,Inactive,10379936,COc1cc2c(cc1OC)C(=O)OC2,UKFAWRZYFYOXEG-UHFFFAOYSA-N,230460.0,194.0579088,1.3742,44.760000000000005
COc1c(O)cc(O)cc1O,0.89596,Inactive,10390940,COc1c(O)cc(O)cc1O,ASTPOGDWGNJVEW-UHFFFAOYSA-N,4303263.0,156.042258736,0.8119999999999996,69.92
COc1cc(C(=O)O)cc(OC)c1OC,1.08365,Inactive,10404588,COc1cc(C(=O)O)cc(OC)c1OC,SJSOFNCYXJUNBT-UHFFFAOYSA-N,8357.0,212.068473484,1.4106,64.99000000000001
CCn1cc(C(=O)O)c(=O)c2cc(F)c(N3CCN(C)CC3)cc21.CS(=O)(=O)O,0.045535,Active,10408082,CCn1cc(C(=O)O)c(=O)c2cc(F)c(N3CCN(C)CC3)cc21.CS(=O)(=O)O,HQQSBEDKMRHYME-UHFFFAOYSA-N,119525.0,429.136984708,1.1145000000000005,120.15
COc1cc(CC=Cc2ccccc2)c(OC)cc1O,1.1787,Inactive,10412354,COc1cc(CC=Cc2ccccc2)c(OC)cc1O,MGFYJNMOZGSGMU-UHFFFAOYSA-N,320677.0,270.12559443600003,3.6653000000000016,38.69
COc1ccc2c(c1)OCC(Cc1ccc(OC)c(OC)c1)C2=O,1.11045,Inactive,10432296,COc1ccc2c(c1)OCC(Cc1ccc(OC)c(OC)c1)C2=O,ZRSCGBGNKZDPOF-UHFFFAOYSA-N,4643334.0,328.13107374,3.1464000000000016,53.99
COc1ccc(-c2coc3cc(O)cc(O)c3c2=O)cc1,1.1129,Inactive,10447428,COc1ccc(-c2coc3cc(O)cc(O)c3c2=O)cc1,WUADCCWRTIWANL-UHFFFAOYSA-N,5280373.0,284.06847348400004,2.879800000000001,79.9
c1ccc2[nH]c(-c3cscn3)nc2c1,0.999975,Inactive,10448790,c1ccc2[nH]c(-c3cscn3)nc2c1,WJCNZQLZVWNLKY-UHFFFAOYSA-N,5430.0,201.036068224,2.6864,41.57
CON=C(C(=O)NC1C(=O)N2C(C(=O)O)=C(C[N+]3(C)CCCC3)CSC12)c1csc(N)n1.[Cl-],0.0436985,Active,10449735,CON=C(C(=O)NC1C(=O)N2C(C(=O)O)=C(C[N+]3(C)CCCC3)CSC12)c1csc(N)n1.[Cl-],MMRINLZOZVAPDZ-UHFFFAOYSA-N,53396293.0,516.1016375800001,-2.941199999999996,147.20999999999998
NCCCN.O=C(O)C(O)C(O)C(=O)O,1.00589,Inactive,10458628,NCCCN.O=C(O)C(O)C(O)C(=O)O,LHAMHOYLSNNJQR-UHFFFAOYSA-N,6710768.0,224.100836232,-2.8286999999999973,167.1
CC1(C)SC2C(NC(=O)C(N)c3ccc(O)cc3)C(=O)N2C1C(=O)O,1.09915,Inactive,10459044,CC1(C)SC2C(NC(=O)C(N)c3ccc(O)cc3)C(=O)N2C1C(=O)O,LSQZJLSUYDQPKJ-UHFFFAOYSA-N,2171.0,365.104541708,0.0237000000000004,132.96
Cc1cn[nH]c1,1.03255,Inactive,10464395,Cc1cn[nH]c1,RIKMMFOAQPJVMX-UHFFFAOYSA-N,3406.0,82.053098192,0.7181199999999999,28.68
CN1CCCCC1c1ccc(-c2cccnc2)nc1.Cl,0.863565,Inactive,10465153,CN1CCCCC1c1ccc(-c2cccnc2)nc1.Cl,PFWHFUPRJSEODI-UHFFFAOYSA-N,438950.0,289.13457531999995,3.722200000000003,29.020000000000003
Cl.NCC(N)C(=O)O,0.966515,Inactive,10496394,Cl.NCC(N)C(=O)O,SKWCZPYWFRTSDD-UHFFFAOYSA-N,108638.0,140.035255208,-1.2211999999999998,89.34
CC(C)c1c(CN(C)C(C)Cc2ccccc2)n(C)n(-c2ccccc2)c1=O,0.99769,Inactive,10525386,CC(C)c1c(CN(C)C(C)Cc2ccccc2)n(C)n(-c2ccccc2)c1=O,GNUXVOXXWGNPIV-UHFFFAOYSA-N,3326.0,377.246712612,4.362400000000004,30.17
CC(=O)OC1CCC2(C)C(CCC3(C)C2C2OC2C24OC(=O)C5(CCC(C)C(C)C52)CCC34C)C1(C)C,0.92529,Inactive,10529890,CC(=O)OC1CCC2(C)C(CCC3(C)C2C2OC2C24OC(=O)C5(CCC(C)C(C)C52)CCC34C)C1(C)C,YAMVHWVYHOZWMH-UHFFFAOYSA-N,15598290.0,512.350174636,6.322200000000008,65.13
CCOC(=O)c1ccc(O)cc1,0.95418,Inactive,10568621,CCOC(=O)c1ccc(O)cc1,NUVBSKCKDOMJSU-UHFFFAOYSA-N,8434.0,166.06299418,1.5689,46.53
NCCc1c[nH]c2ccccc12,1.008055,Inactive,10575966,NCCc1c[nH]c2ccccc12,APJYDQYYACXCRM-UHFFFAOYSA-N,1150.0,160.100048384,1.6691,41.81
COc1ccc(-c2oc3cc(OC)c(OC)c(OC)c3c(=O)c2OC)cc1,1.12075,Inactive,10579401,COc1ccc(-c2oc3cc(OC)c(OC)c(OC)c3c(=O)c2OC)cc1,OWNRDLYPIYHOQK-UHFFFAOYSA-N,521171.0,372.12090298,3.503000000000003,76.36
CCCNC(C)C(=O)Nc1ccccc1C.Cl,1.1072,Inactive,10582194,CCCNC(C)C(=O)Nc1ccccc1C.Cl,BJPJNTKRKALCPP-UHFFFAOYSA-N,92163.0,256.134240972,2.743420000000001,41.13
CCC1(c2ccccc2)C(=O)NCNC1=O,0.89621,Inactive,10587219,CCC1(c2ccccc2)C(=O)NCNC1=O,DQMZLTXERSFNPB-UHFFFAOYSA-N,4909.0,218.105527688,0.5378999999999999,58.2
CC(=O)OC1CC2(C)C(c3ccoc3)CC3OC32C2(C)C(=O)C(O)=C3C(C)(C)C(=O)C=CC3(C)C12,1.0593,Inactive,10639728,CC(=O)OC1CC2(C)C(c3ccoc3)CC3OC32C2(C)C(=O)C(O)=C3C(C)(C)C(=O)C=CC3(C)C12,AJTULIWKBMDPCJ-UHFFFAOYSA-N,99980.0,480.2148033639999,4.434900000000003,106.34
COC1C=COC2(C)Oc3c(C)c(O)c4c(O)c(c5c(nc6cc(C)ccn65)c4c3C2=O)NC(=O)C(C)=CC=CC(C)C(O)C(C)C(O)C(C)C(OC(C)=O)C1C,0.04991,Active,10641984,COC1C=COC2(C)Oc3c(C)c(O)c4c(O)c(c5c(nc6cc(C)ccn65)c4c3C2=O)NC(=O)C(C)=CC=CC(C)C(O)C(C)C(O)C(C)C(OC(C)=O)C1C,NZCRJKRKKOLAOJ-UHFFFAOYSA-N,53395233.0,785.3523594520001,6.157840000000009,198.38
COc1ccc2c(C)cc(=O)oc2c1,0.9681,Inactive,10649432,COc1ccc2c(C)cc(=O)oc2c1,UDFPKNSWSYBIHO-UHFFFAOYSA-N,390807.0,190.06299418,2.11002,39.44
Cl.NCCS,1.044985,Inactive,10666352,Cl.NCCS,OGMADIBCHLQMIP-UHFFFAOYSA-N,9082.0,113.006597936,0.2967,26.02
Cc1ccccc1C(OCCN(C)C)c1ccccc1.O=C(O)CC(O)(CC(=O)O)C(=O)O,1.007645,Inactive,10668604,Cc1ccccc1C(OCCN(C)C)c1ccccc1.O=C(O)CC(O)(CC(=O)O)C(=O)O,MMMNTDFSPSQXJP-UHFFFAOYSA-N,20846.0,461.20496695199984,2.41412,144.6
OCC1(O)OCC(O)C(O)C1O,1.1582,Inactive,10679805,OCC1(O)OCC(O)C(O)C1O,LKDRXBCSQODPBY-UHFFFAOYSA-N,3426.0,180.063388104,-3.2198,110.38
CC(C)N1CCN(c2ccc(OCC3COC(Cn4cncn4)(c4ccc(Cl)cc4Cl)O3)cc2)CC1,1.033375,Inactive,10722831,CC(C)N1CCN(c2ccc(OCC3COC(Cn4cncn4)(c4ccc(Cl)cc4Cl)O3)cc2)CC1,BLSQLHNBWJLIBQ-UHFFFAOYSA-N,5404.0,531.180395212,4.462700000000003,64.88000000000001
COC(=O)C=CC(=O)OC,1.0777,Inactive,10726600,COC(=O)C=CC(=O)OC,LDCRTTXIJACKKU-UHFFFAOYSA-N,12215.0,144.042258736,-0.1114000000000001,52.60000000000001
O=C1CCc2ccc(OCCCCN3CCN(c4cccc(Cl)c4Cl)CC3)cc2N1,1.007565,Inactive,10737213,O=C1CCc2ccc(OCCCCN3CCN(c4cccc(Cl)c4Cl)CC3)cc2N1,CEUORZQYGODEFX-UHFFFAOYSA-N,60795.0,447.148032464,4.859300000000005,44.81
COc1cc(O)c2c(=O)c3cc(OC)c(OC)cc3oc2c1,1.0536,Inactive,10740045,COc1cc(O)c2c(=O)c3cc(OC)c(OC)cc3oc2c1,YBXGACGRJWDKHC-UHFFFAOYSA-N,5318373.0,302.079038168,2.677600000000001,78.13000000000001
CC1=CC(=O)C(C(C)C)=CC1=O,0.970255,Inactive,10747977,CC1=CC(=O)C(C(C)C)=CC1=O,KEQHJBNSCLWCAE-UHFFFAOYSA-N,10281.0,164.083729624,1.6669,34.14
CC=CC(=O)N(CC)c1ccccc1C,1.050335,Inactive,10758343,CC=CC(=O)N(CC)c1ccccc1C,DNTGGZPQPQTDQF-UHFFFAOYSA-N,2883.0,203.131014164,2.9240200000000014,20.31
CCOC(=O)C(CCc1ccccc1)NC1CCc2ccccc2N(CC(=O)O)C1=O.Cl,1.03846,Inactive,10761280,CCOC(=O)C(CCc1ccccc1)NC1CCc2ccccc2N(CC(=O)O)C1=O.Cl,VPSRQEHTHIMDQM-UHFFFAOYSA-N,13243513.0,460.176499708,2.9949000000000017,95.94
C=CCC1(O)CCC2C3CCC4=CCCCC4C3CCC21C,0.969485,Inactive,10783668,C=CCC1(O)CCC2C3CCC4=CCCCC4C3CCC21C,ATXHVCQZZJYMCF-UHFFFAOYSA-N,2096.0,300.245315644,5.2564000000000055,20.23
CCCCC(CC)COc1ccc(-c2nc(-c3ccc(OC)cc3)nc(-c3ccc(OCC(CC)CCCC)cc3O)n2)c(O)c1,1.1655,Inactive,10789032,CCCCC(CC)COc1ccc(-c2nc(-c3ccc(OC)cc3)nc(-c3ccc(OCC(CC)CCCC)cc3O)n2)c(O)c1,XVAMCHGMPYWHNL-UHFFFAOYSA-N,135487856.0,627.367221668,9.482799999999996,106.82
CC(C)=CCCC(C)(O)C1CC=C(C)CC1,1.01915,Inactive,10833364,CC(C)=CCCC(C)(O)C1CC=C(C)CC1,RGZSQWQPBWRIAQ-UHFFFAOYSA-N,10586.0,222.198365452,4.230200000000004,20.23
CCN1CC(CCN2CCOCC2)C(c2ccccc2)(c2ccccc2)C1=O.Cl,1.0904,Inactive,10844804,CCN1CC(CCN2CCOCC2)C(c2ccccc2)(c2ccccc2)C1=O.Cl,MBGXILHMHYLZJT-UHFFFAOYSA-N,64647.0,414.207405912,3.595100000000002,32.78
Cc1cc(-n2c(=O)[nH]c(=O)n(C)c2=O)ccc1Oc1ccc(SC(F)(F)F)cc1,1.005345,Inactive,10855023,Cc1cc(-n2c(=O)[nH]c(=O)n(C)c2=O)ccc1Oc1ccc(SC(F)(F)F)cc1,OCINXEZVIIVXFU-UHFFFAOYSA-N,68591.0,425.06571158800006,2.937120000000001,86.09
COc1c2ccoc2cc2oc(=O)ccc12,1.1147,Inactive,10914236,COc1c2ccoc2cc2oc(=O)ccc12,BGEBZHIAGXMEMV-UHFFFAOYSA-N,2355.0,216.042258736,2.5478000000000005,52.580000000000005
CC(=O)OC1CC2C(C)(C)C(=O)CCC2(C)C2CCC3(C)C(c4ccoc4)OC(=O)C4OC43C12C,1.1456,Inactive,10921216,CC(=O)OC1CC2C(C)(C)C(=O)CCC2(C)C2CCC3(C)C(c4ccoc4)OC(=O)C4OC43C12C,ROWFSYNHZPRCKO-UHFFFAOYSA-N,542117.0,484.2461034919999,4.784700000000004,95.34
Nc1nc(=O)c2c([nH]1)NCC(CNc1ccc(C(=O)NC(CCC(=O)[O-])C(=O)[O-])cc1)N2C=O.[Ca+2],1.050565,Inactive,10934124,Nc1nc(=O)c2c([nH]1)NCC(CNc1ccc(C(=O)NC(CCC(=O)[O-])C(=O)[O-])cc1)N2C=O.[Ca+2],KVUAALJSMIVURS-UHFFFAOYSA-L,135408067.0,511.1128369919999,-3.781299999999996,225.5
COc1ccc(C(=O)CCC(=O)O)c2ccccc12,0.94357,Inactive,10935461,COc1ccc(C(=O)CCC(=O)O)c2ccccc12,FHGJSJFIQNQBCK-UHFFFAOYSA-N,71818.0,258.089208928,2.895900000000001,63.60000000000001
Cl.O=C(COc1ccc(Cl)cc1)N1CCN(Cc2ccc3c(c2)OCO3)CC1,1.02455,Inactive,10937172,Cl.O=C(COc1ccc(Cl)cc1)N1CCN(Cc2ccc3c(c2)OCO3)CC1,MVOWQBJZZKOQNU-UHFFFAOYSA-N,161803.0,424.095662544,3.213700000000001,51.24000000000001
Cl.Clc1ccc2c(c1)CCc1cccnc1C2=C1CCNCC1,1.09055,Inactive,10938557,Cl.Clc1ccc2c(c1)CCc1cccnc1C2=C1CCNCC1,XJJLVGAIFJSMSJ-UHFFFAOYSA-N,56971360.0,346.100354,4.440700000000004,24.92
Cc1cc(=O)oc2c(O)c(O)ccc12,1.055345,Inactive,10953465,Cc1cc(=O)oc2c(O)c(O)ccc12,NWQBYMPNIJXFNQ-UHFFFAOYSA-N,5355836.0,192.042258736,1.5126199999999996,70.67
CC1(C)C(=O)C=CC2(C)C1CC(O)C1(C)C2CCC2(C)C(c3ccoc3)OC(=O)C3OC321,0.797455,Inactive,10980756,CC1(C)C(=O)C=CC2(C)C1CC(O)C1(C)C2CCC2(C)C(c3ccoc3)OC(=O)C3OC321,HCEYJYMNIQHPPK-UHFFFAOYSA-N,1885.0,440.2198887439999,3.989900000000003,89.27000000000001
OCC1OC(OC2(CCl)OC(CCl)C(O)C2O)C(O)C(O)C1Cl,1.03085,Inactive,11002678,OCC1OC(OC2(CCl)OC(CCl)C(O)C2O)C(O)C(O)C1Cl,BAQAVOSOZGMPRM-UHFFFAOYSA-N,5066234.0,396.014550608,-1.6561000000000003,128.84
CC1(C)C(=O)C2CC3(O)C4=CC(=O)OC(c5ccoc5)C4(C)CCC3C(C)(C2=O)C1CC(=O)O,0.97925,Inactive,11006400,CC1(C)C(=O)C2CC3(O)C4=CC(=O)OC(c5ccoc5)C4(C)CCC3C(C)(C2=O)C1CC(=O)O,UKTUQKGXNWDYAI-UHFFFAOYSA-N,73324255.0,470.19406792,3.2464000000000013,131.11
CC(C)=CCCC1(C)C=Cc2c(O)c3c(c(CC=C(C)C)c2O1)OC12C(=CC4CC1C(C)(C)OC2(CC=C(C)C(=O)O)C4O)C3=O,1.0737,Inactive,11011536,CC(C)=CCCC1(C)C=Cc2c(O)c3c(c(CC=C(C)C)c2O1)OC12C(=CC4CC1C(C)(C)OC2(CC=C(C)C(=O)O)C4O)C3=O,VZXLWEWYBUGLJA-UHFFFAOYSA-N,5205218.0,630.3192684320001,7.031100000000008,122.52
COc1cc(CNC(=O)CCCCC=CC(C)C)ccc1O,0.96985,Inactive,11019870,COc1cc(CNC(=O)CCCCC=CC(C)C)ccc1O,YKPUWZUDDOIDPM-UHFFFAOYSA-N,2548.0,305.199093724,3.789600000000003,58.56
CC(=Cc1ccccc1)C=C1SC(=S)N(CC(=O)O)C1=O,1.05885,Inactive,11026533,CC(=Cc1ccccc1)C=C1SC(=S)N(CC(=O)O)C1=O,CHNUOJQWGUIOLD-UHFFFAOYSA-N,3235.0,319.033685276,2.918700000000001,57.61000000000001
CC1=CC(=O)[N-]S(=O)(=O)O1.[K+],0.90483,Inactive,11037192,CC1=CC(=O)[N-]S(=O)(=O)O1.[K+],WBZFUFAFFUEMEI-UHFFFAOYSA-M,11074431.0,200.949810288,-2.9304999999999994,74.54
Cc1nnc(NS(=O)(=O)c2ccc(N)cc2)s1,0.901995,Inactive,11048863,Cc1nnc(NS(=O)(=O)c2ccc(N)cc2)s1,VACCAVUAMIDAGB-UHFFFAOYSA-N,5328.0,270.02451756,1.2295199999999995,97.97
CC(O)(P(=O)([O-])O)P(=O)([O-])O.[Na+].[Na+],0.973365,Inactive,11051417,CC(O)(P(=O)([O-])O)P(=O)([O-])O.[Na+].[Na+],GWBBVOVXJZATQQ-UHFFFAOYSA-L,23894.0,249.938414352,-8.248199999999999,140.95
CN(C)CC(=O)OCC(O)C(O)C(O)C(O)C(=O)[O-].[Na+],1.1186,Inactive,11062474,CN(C)CC(=O)OCC(O)C(O)C(O)C(O)C(=O)[O-].[Na+],MKVDFFROCUECAJ-UHFFFAOYSA-M,,303.093010816,-7.711299999999996,150.59
O=C(CCc1ccc(O)cc1)c1c(O)cc(O)cc1O,1.13815,Inactive,11063944,O=C(CCc1ccc(O)cc1)c1c(O)cc(O)cc1O,VGEREEWJJVICBM-UHFFFAOYSA-N,4788.0,274.084123548,2.324500000000001,97.99
Nc1nc(N)nc(NC2CC2)n1,0.89464,Inactive,11066991,Nc1nc(N)nc(NC2CC2)n1,LVQDKIWDGQRHTE-UHFFFAOYSA-N,47866.0,166.09669431999998,-0.3897000000000006,102.74
CC(C)(C)C(=O)C(Oc1ccc(Cl)cc1)n1cncn1,1.1375,Inactive,11077112,CC(C)(C)C(=O)C(Oc1ccc(Cl)cc1)n1cncn1,WURBVZBTWMNKQT-UHFFFAOYSA-N,39385.0,293.093104432,3.1243000000000016,57.010000000000005
CCC1C(=O)OCC1Cc1cncn1C.O=[N+]([O-])O,1.03225,Inactive,11095690,CCC1C(=O)OCC1Cc1cncn1C.O=[N+]([O-])O,PRZXEPJJHQYOGF-UHFFFAOYSA-N,18529172.0,271.11682064400003,0.8141000000000003,107.49
CC12C=CC(=O)C=C1CCC1C3CC(O)C(O)(C(=O)CO)C3(C)CC(O)C12F,1.03575,Inactive,11097194,CC12C=CC(=O)C=C1CCC1C3CC(O)C(O)(C(=O)CO)C3(C)CC(O)C12F,GFNANZIMVAIWHM-UHFFFAOYSA-N,5544.0,394.179166804,0.6204999999999998,115.06
CC1=CCCC(C)=CCC(C)(C)C=CC1,1.0964,Inactive,11108237,CC1=CCCC(C)=CCC(C)(C)C=CC1,FAMPSKZZVDUYOS-UHFFFAOYSA-N,23204.0,204.187800768,5.0354000000000045,0.0
CN1CCCN=C1C=Cc1cccs1.O=C(O)c1cc2ccccc2c(Cc2c(O)c(C(=O)O)cc3ccccc23)c1O,1.13095,Inactive,11120885,CN1CCCN=C1C=Cc1cccs1.O=C(O)c1cc2ccccc2c(Cc2c(O)c(C(=O)O)cc3ccccc23)c1O,AQXXZDYPVDOQEE-UHFFFAOYSA-N,31043.0,594.18245768,6.886700000000007,130.66000000000005
O=C(O)CCCCCCC(=O)O,1.01575,Inactive,11128685,O=C(O)CCCCCCC(=O)O,TYFQFVWCELRYAO-UHFFFAOYSA-N,10457.0,174.089208928,1.4962000000000002,74.6
CCCC(=O)Nc1ncnc2c1ncn2C1OC2COP(=O)([O-])OC2C1OC(=O)CCC.[Na+],0.960325,Inactive,11131079,CCCC(=O)Nc1ncnc2c1ncn2C1OC2COP(=O)([O-])OC2C1OC(=O)CCC.[Na+],KRBZRVBLIUDQNG-UHFFFAOYSA-M,16760396.0,491.1181936059999,-1.9379999999999964,166.82
CC(=O)OC12COC1CC(O)C1(C)C(=O)C(O)C3=C(C)C(OC(=O)C(O)C(NC(=O)OC(C)(C)C)c4ccccc4)CC(O)(C(OC(=O)c4ccccc4)C21)C3(C)C.O.O.O,0.722265,Inactive,11149411,CC(=O)OC12COC1CC(O)C1(C)C(=O)C(O)C3=C(C)C(OC(=O)C(O)C(NC(=O)OC(C)(C)C)c4ccccc4)CC(O)(C(OC(=O)c4ccccc4)C21)C3(C)C.O.O.O,XCDIRYDKECHIPE-UHFFFAOYSA-N,22600501.0,861.3782994280002,0.7855000000000025,318.94999999999993
CC(CC(=O)C1OC1(C)C)C1C(=O)CC2(C)C3=CCC4C(C)(C)C(OC5OCC(O)C(O)C5O)CCC45CC35C(O)CC12C,0.97792,Inactive,11171505,CC(CC(=O)C1OC1(C)C)C1C(=O)CC2(C)C3=CCC4C(C)(C)C(OC5OCC(O)C(O)C5O)CCC45CC35C(O)CC12C,PYBFXJMIKJNNAJ-UHFFFAOYSA-N,45934454.0,616.3611332439998,3.0923000000000007,146.05
COc1cc(C(C)=O)cc(OC)c1O,0.95268,Inactive,11172281,COc1cc(C(C)=O)cc(OC)c1O,OJOBTAOGJIWAGB-UHFFFAOYSA-N,17198.0,196.073558864,1.612,55.760000000000005
COc1ccc(-c2cc(=O)c3ccccc3o2)cc1,1.03405,Inactive,11176230,COc1ccc(-c2cc(=O)c3ccccc3o2)cc1,OMICQBVLCVRFGN-UHFFFAOYSA-N,77793.0,252.078644244,3.468600000000002,39.44
CC(=O)C12OC1(C)CC1C3CC=C4CC(O)CCC4(C)C3CCC12C,0.955095,Inactive,11186448,CC(=O)C12OC1(C)CC1C3CC=C4CC(O)CCC4(C)C3CCC12C,LMVLICSGVDWDSM-UHFFFAOYSA-N,296384.0,344.235144884,4.036700000000003,49.83
Nc1nc(F)nc2c1ncn2C1OC(COP(=O)(O)O)C(O)C1O,0.541395,Inactive,11192176,Nc1nc(F)nc2c1ncn2C1OC(COP(=O)(O)O)C(O)C1O,GIUYCYHIANZCFB-UHFFFAOYSA-N,3368.0,365.0536626059999,-1.7239000000000009,186.07
CCCc1ncc(C[n+]2ccccc2C)c(N)n1.[Cl-],0.917325,Inactive,11199741,CCCc1ncc(C[n+]2ccccc2C)c(N)n1.[Cl-],LCTXBFGHZLGBNU-UHFFFAOYSA-M,73341.0,278.129824288,-1.3404799999999972,55.68
COc1cc(C(=O)O)cc(OC)c1O,0.967225,Inactive,11200938,COc1cc(C(=O)O)cc(OC)c1O,JMSVCTWVEWCHDZ-UHFFFAOYSA-N,10742.0,198.05282342,1.1076,75.99000000000001
O=c1oc2cc(O)ccc2s1,0.93819,Inactive,11202580,O=c1oc2cc(O)ccc2s1,SLYPOVJCSQHITR-UHFFFAOYSA-N,72139.0,167.988114988,1.5601,50.44
CCN1CCCC1CNC(=O)c1cc(S(=O)(=O)CC)c(N)cc1OC,0.79732,Inactive,11207832,CCN1CCCC1CNC(=O)c1cc(S(=O)(=O)CC)c(N)cc1OC,NTJOBXMMWNYJFB-UHFFFAOYSA-N,2159.0,369.172227344,1.2851000000000006,101.73
Cl.O=C(O)C=Cc1ccc(Cn2ccnc2)cc1,1.1215,Inactive,11253836,Cl.O=C(O)C=Cc1ccc(Cn2ccnc2)cc1,CWKFWBJJNNPGAM-UHFFFAOYSA-N,119136.0,264.066555336,2.4510000000000005,55.12
NC(N)=O,0.963835,Inactive,11271278,NC(N)=O,XSQUKJJJFZCRTK-UHFFFAOYSA-N,1176.0,60.032362748,-0.9762000000000002,69.11
O=C1c2ccccc2C(=O)C1c1ccc(Br)cc1,1.07342,Inactive,11281903,O=C1c2ccccc2C(=O)C1c1ccc(Br)cc1,NPUZIGSOEWMFKK-UHFFFAOYSA-N,14369.0,299.978591628,3.611900000000002,34.14
Cl.OC(CCN1CCCCC1)(c1ccccc1)C1CCCCC1,0.98787,Inactive,11286569,Cl.OC(CCN1CCCCC1)(c1ccccc1)C1CCCCC1,QDWJJTJNXAKQKD-UHFFFAOYSA-N,66007.0,337.217242324,4.752300000000004,23.47
NC(=O)c1cccnc1,1.10405,Inactive,11295312,NC(=O)c1cccnc1,DFPAKSUCGFBDDF-UHFFFAOYSA-N,936.0,122.048012812,0.1805000000000001,55.98
CN1CCN(C2=Nc3cc(Cl)ccc3Nc3ccccc32)CC1,1.06725,Inactive,11296864,CN1CCN(C2=Nc3cc(Cl)ccc3Nc3ccccc32)CC1,QZUDBNBUXVUHMW-UHFFFAOYSA-N,135398737.0,326.129824288,3.7227000000000015,30.87
NC(=O)NS(=O)(=O)c1ccc(N)cc1,1.06102,Inactive,11302399,NC(=O)NS(=O)(=O)c1ccc(N)cc1,WVAKABMNNSMCDK-UHFFFAOYSA-N,11033.0,215.036462148,-0.3742000000000003,115.28
CC(=O)Oc1ccc(O)cc1,0.92669,Inactive,11322636,CC(=O)Oc1ccc(O)cc1,HBMCQTHGYMTCOF-UHFFFAOYSA-N,96009.0,152.047344116,1.3175,46.53
Cl[Ca]Cl,1.13955,Inactive,11323708,Cl[Ca]Cl,UXVMQQNJUSDDNG-UHFFFAOYSA-L,24854.0,109.90029634,0.9982,0.0
CCN(CC)CC(=O)Nc1c(C)cccc1C.Cl,1.027,Inactive,11324159,CCN(CC)CC(=O)Nc1c(C)cccc1C.Cl,IYBQHJMYDGVZRY-UHFFFAOYSA-N,6314.0,270.149891036,3.005540000000002,32.34
CC(C)N(CCC(C(N)=O)(c1ccccc1)c1ccccn1)C(C)C.O=P(O)(O)O,0.99233,Inactive,11334982,CC(C)N(CCC(C(N)=O)(c1ccccc1)c1ccccn1)C(C)C.O=P(O)(O)O,CGDDQFMPGMYYQP-UHFFFAOYSA-N,30928.0,437.2079577539999,2.4333000000000014,136.98
CN(C)CCc1c[nH]c2ccc(CC3COC(=O)N3)cc12,0.95115,Inactive,11335144,CN(C)CCc1c[nH]c2ccc(CC3COC(=O)N3)cc12,ULSDMUVEXKOYBU-UHFFFAOYSA-N,5731.0,287.163376912,1.9229,57.36
CCC1NC(=O)c2cc(S(N)(=O)=O)c(Cl)cc2N1,1.12905,Inactive,11349361,CCC1NC(=O)c2cc(S(N)(=O)=O)c(Cl)cc2N1,AGMMTXLNIQSRCG-UHFFFAOYSA-N,6307.0,289.028789924,0.8788000000000005,101.29
NCCC(O)C(=O)NC1CC(N)C(OC2OC(CN)C(O)C(O)C2O)C(O)C1OC1OC(CO)C(O)C(N)C1O.O,0.046522,Active,11349651,NCCC(O)C(=O)NC1CC(N)C(OC2OC(CN)C(O)C(O)C2O)C(O)C1OC1OC(CO)C(O)C(N)C1O.O,DTSOZYYWEZJFSS-UHFFFAOYSA-N,121595911.0,603.2963011199998,-9.248900000000017,363.44
CC1C2CCC3C4CC=C5CC(N(C)C)CCC5(C)C4CCC32CN1C,1.0981,Inactive,11349961,CC1C2CCC3C4CC=C5CC(N(C)C)CCC5(C)C4CCC32CN1C,GPLGAQQQNWMVMM-UHFFFAOYSA-N,2860.0,356.31914928,4.809600000000005,6.48
C=CC(C1=CC(=O)C(OC)=CC1=O)c1ccc(OC)cc1,1.14505,Inactive,11358626,C=CC(C1=CC(=O)C(OC)=CC1=O)c1ccc(OC)cc1,FSNITHOUQGJHTR-UHFFFAOYSA-N,364106.0,284.104858992,2.5733000000000006,52.60000000000001
CC(=O)OCC(=O)NCCCOc1cccc(CN2CCCCC2)c1.Cl,1.14675,Inactive,11368022,CC(=O)OCC(=O)NCCCOc1cccc(CN2CCCCC2)c1.Cl,FEWCTJHCXOHWNL-UHFFFAOYSA-N,56704.0,384.181585088,2.542500000000001,67.87
NC(Cc1c[nH]c2ccccc12)C(=O)O,1.0594,Inactive,11387303,NC(Cc1c[nH]c2ccccc12)C(=O)O,QIVBCDIJIAJPQS-UHFFFAOYSA-N,1148.0,204.089877624,1.1223000000000003,79.11
CCOC(=O)OC(C)OC1=C(C(=O)Nc2ccccn2)N(C)S(=O)(=O)c2ccccc21,1.026915,Inactive,11424269,CCOC(=O)OC(C)OC1=C(C(=O)Nc2ccccn2)N(C)S(=O)(=O)c2ccccc21,LSNWBKACGXCGAJ-UHFFFAOYSA-N,2176.0,447.11002101200006,2.558700000000001,124.13
C=C1C(CO)C(O)CC1n1cnc2c(=O)[nH]c(N)nc21.O,0.81568,Inactive,11432592,C=C1C(CO)C(O)CC1n1cnc2c(=O)[nH]c(N)nc21.O,YXPVEXCTPGULBZ-UHFFFAOYSA-N,135761783.0,295.128054024,-1.6524999999999994,161.54999999999998
COc1cc(O)c2c(=O)c(OC)c(-c3ccc(OC)c(OC)c3)oc2c1,0.772455,Inactive,11434808,COc1cc(O)c2c(=O)c(OC)c(-c3ccc(OC)c(OC)c3)oc2c1,HHGPYJLEJGNWJA-UHFFFAOYSA-N,5352005.0,358.105252916,3.200000000000001,87.36000000000001
CC(=O)OC1CC(OC(C)=O)C2(C)C(CC(OC(C)=O)C3(C)C2CCC2(C)C(c4ccoc4)C(=O)C4OC423)C1(C)C,0.981665,Inactive,11444785,CC(=O)OC1CC(OC(C)=O)C2(C)C(CC(OC(C)=O)C3(C)C2CCC2(C)C(c4ccoc4)C(=O)C4OC423)C1(C)C,AKPJXLBXDLSOFY-UHFFFAOYSA-N,5240852.0,570.282882924,4.757300000000004,121.64
CCCCCCCCCCCCCCCC[N+](C)(C)Cc1ccccc1.[Cl-],0.093284,Active,11449807,CCCCCCCCCCCCCCCC[N+](C)(C)Cc1ccccc1.[Cl-],SXPWTBGAZSPLHA-UHFFFAOYSA-M,31202.0,395.331878152,4.748300000000004,0.0
CCC(=O)c1ccc(O)cc1,1.02241,Inactive,11451260,CCC(=O)c1ccc(O)cc1,RARSHUDCJQSEFJ-UHFFFAOYSA-N,6271.0,150.06807956,1.9849,37.3
CC(C)CCCC(C)C1CCC2C3CC(O)C4(O)CC(O)CCC4(C)C3CCC12C,1.0365,Inactive,11451263,CC(C)CCCC(C)C1CCC2C3CC(O)C4(O)CC(O)CCC4(C)C3CCC12C,YMMFNKXZULYSOQ-UHFFFAOYSA-N,537036.0,420.360345396,5.554300000000007,60.69
CC(O)(CC(=O)O)CC(=O)O,0.85529,Inactive,11452537,CC(O)(CC(=O)O)CC(=O)O,NPOAOTPXWNWTSH-UHFFFAOYSA-N,1662.0,162.05282342,-0.3132,94.83
COc1ccc(C(C)C(=O)c2ccc(O)cc2O)cc1,0.85613,Inactive,11453769,COc1ccc(C(C)C(=O)c2ccc(O)cc2O)cc1,CCOJFDRSZSSKOG-UHFFFAOYSA-N,3584988.0,272.104858992,3.092800000000002,66.76
CCOC(=O)C(C)(C)Oc1ccc(Cl)cc1,1.0448,Inactive,11459695,CCOC(=O)C(C)(C)Oc1ccc(Cl)cc1,KNHUKKLJHYUCFP-UHFFFAOYSA-N,2796.0,242.07097202,3.060500000000001,35.53
CCC(C)C(=O)OC1CC(C)C=C2C=CC(C)C(CCC3CC(O)CC(=O)O3)C21,0.973405,Inactive,11463337,CCC(C)C(=O)OC1CC(C)C=C2C=CC(C)C(CCC3CC(O)CC(=O)O3)C21,PCZOHLXUXFIOCF-UHFFFAOYSA-N,3962.0,404.2562742519999,4.195500000000004,72.83
CCN(CC)CCOC(=O)C(Cc1cccc2ccccc12)CC1CCCO1.O=C(O)C(=O)O,0.9382,Inactive,11475855,CCN(CC)CCOC(=O)C(Cc1cccc2ccccc12)CC1CCCO1.O=C(O)C(=O)O,SSAJNPNVUYMUCI-UHFFFAOYSA-N,18542.0,473.2413524599999,3.608200000000001,113.37
CN(C)C1C(O)=C(C(N)=O)C(=O)C2(O)C(O)=C3C(=O)c4c(O)ccc(Cl)c4C(C)(O)C3CC12.Cl,0.059482,Active,11486953,CN(C)C1C(O)=C(C(N)=O)C(=O)C2(O)C(O)=C3C(=O)c4c(O)ccc(Cl)c4C(C)(O)C3CC12.Cl,CBHYYLPALVVVEY-UHFFFAOYSA-N,,514.090971088,0.8608000000000005,181.62
CC(O)C(N)C(=O)O,1.0499,Inactive,11489026,CC(O)C(N)C(=O)O,AYFVYJQAPQTCCC-UHFFFAOYSA-N,205.0,119.058243148,-1.2208999999999997,83.55
c1coc(CNc2ncnc3[nH]cnc23)c1,1.12195,Inactive,11489358,c1coc(CNc2ncnc3[nH]cnc23)c1,QANMHLXAZMSUEX-UHFFFAOYSA-N,3830.0,215.080709908,1.5579999999999996,79.63000000000001
NC(=O)c1ccc[n+](C2OC(COP(=O)([O-])OP(=O)(O)OCC3OC(n4cnc5c(N)ncnc54)C(O)C3O)C(O)C2O)c1,1.0684,Inactive,11490198,NC(=O)c1ccc[n+](C2OC(COP(=O)([O-])OP(=O)(O)OCC3OC(n4cnc5c(N)ncnc54)C(O)C3O)C(O)C2O)c1,BAWFJGJZGIEFAR-UHFFFAOYSA-N,925.0,663.1091218040001,-3.647899999999997,321.0900000000001
CNC1C(OC2OC(CO)C(N)C(O)C2O)OC2CC(N)C(OC3C(N)CC(N)C(O)C3O)OC2C1O.O=S(=O)(O)O,1.20305,Inactive,11490278,CNC1C(OC2OC(CO)C(N)C(O)C2O)OC2CC(N)C(OC3C(N)CC(N)C(O)C3O)OC2C1O.O=S(=O)(O)O,WGLYHYWDYPSNPF-UHFFFAOYSA-N,22008191.0,637.2476366760001,-7.602100000000016,358.24000000000007
Cc1ccc(NC(=O)c2ccc(CN3CCN(C)CC3)cc2)cc1Nc1nccc(-c2cccnc2)n1,1.075,Inactive,11499288,Cc1ccc(NC(=O)c2ccc(CN3CCN(C)CC3)cc2)cc1Nc1nccc(-c2cccnc2)n1,KTUFNOKKBVMGRW-UHFFFAOYSA-N,5291.0,493.2590086120001,4.590320000000004,86.28000000000002
CCC(C)(C)O,1.02995,Inactive,11506266,CCC(C)(C)O,MSXVEPNJUHWQHW-UHFFFAOYSA-N,6405.0,88.088815004,1.1673,20.23
COc1ccc2c(=O)c(OC)c(-c3ccccc3)oc2c1,1.04275,Inactive,11507096,COc1ccc2c(=O)c(OC)c(-c3ccccc3)oc2c1,CNDZOPXQZSXGSK-UHFFFAOYSA-N,688664.0,282.089208928,3.4772000000000025,48.67
CC(=O)NC1C(O)CC(O)(C(=O)O)OC1C(O)C(O)CO,1.21185,Inactive,11518588,CC(=O)NC1C(O)CC(O)(C(=O)O)OC1C(O)C(O)CO,SQVRNKJHWKZAKO-UHFFFAOYSA-N,906.0,309.105981188,-3.871799999999999,176.77999999999997
CCCCCCCCCCC(C(=O)O)C1(C(=O)O)CCC(=O)O1,1.04505,Inactive,11554676,CCCCCCCCCCC(C(=O)O)C1(C(=O)O)CCC(=O)O1,TUXHHVJPGQUPCF-UHFFFAOYSA-N,316426.0,328.18858861599995,3.378400000000001,100.9
Oc1cc(O)c2c(c1)OC(c1cc(O)c(O)c(O)c1)C(O)C2,1.02789,Inactive,11554760,Oc1cc(O)c2c(c1)OC(c1cc(O)c(O)c(O)c1)C(O)C2,XMOCLSLCDHWDHP-UHFFFAOYSA-N,1249.0,306.073952788,1.2517,130.61
Cl.NC(N)=NC(=O)Cc1c(Cl)cccc1Cl,1.02325,Inactive,11562766,Cl.NC(N)=NC(=O)Cc1c(Cl)cccc1Cl,DGFYECXYGUIODH-UHFFFAOYSA-N,71401.0,280.98894498,1.7577000000000005,81.47
C=C1CCC(O)CC1=CC=C1CCCC2(C)C1CCC2C(C)CCCC(C)C,0.93197,Inactive,11565714,C=C1CCC(O)CC1=CC=C1CCCC2(C)C1CCC2C(C)CCCC(C)C,QYSXJUFSXHHAJI-UHFFFAOYSA-N,2735.0,384.339216028,7.619000000000008,20.23
Nc1nc2cc(Cl)ccc2o1,0.75269,Inactive,11569209,Nc1nc2cc(Cl)ccc2o1,YGCODSQDUUUKIV-UHFFFAOYSA-N,6103.0,168.00904046,2.0634,52.05
Cc1c(OCC(F)(F)F)ccnc1CS(=O)c1nc2ccccc2[nH]1,1.00764,Inactive,11576116,Cc1c(OCC(F)(F)F)ccnc1CS(=O)c1nc2ccccc2[nH]1,MJIHNNLFOKEZEW-UHFFFAOYSA-N,3883.0,369.0758823480001,3.515220000000001,67.87
Cl.Cl.NCCSSCCN,0.928035,Inactive,11578460,Cl.Cl.NCCSSCCN,YUFRRMZSSPQMOS-UHFFFAOYSA-N,5941.0,223.997545808,1.1288,52.04
O=C(O)c1cc(O)c2cccc(O)c2n1,0.94498,Inactive,11636623,O=C(O)c1cc(O)c2cccc(O)c2n1,FBZONXHGGPHHIY-UHFFFAOYSA-N,5699.0,205.037507704,1.3441999999999998,90.65
COc1cc(NC(C)CCCN)c2ncccc2c1.O=P(O)(O)O.O=P(O)(O)O,0.836055,Inactive,11676769,COc1cc(NC(C)CCCN)c2ncccc2c1.O=P(O)(O)O.O=P(O)(O)O,GJOHLWZHWQUKAU-UHFFFAOYSA-N,6135.0,455.12225270399983,0.9255000000000004,215.69
CCCc1nn(C)c2c(=O)[nH]c(-c3cc(S(=O)(=O)N4CCN(C)CC4)ccc3OCC)nc12.O=C(O)CC(O)(CC(=O)O)C(=O)O,0.962795,Inactive,11738203,CCCc1nn(C)c2c(=O)[nH]c(-c3cc(S(=O)(=O)N4CCN(C)CC4)ccc3OCC)nc12.O=C(O)CC(O)(CC(=O)O)C(=O)O,DEIYFTQMQPDXOT-UHFFFAOYSA-N,135413523.0,666.2319270360001,0.362400000000005,245.54999999999995
O=c1cc(CO)occ1O,1.0227,Inactive,11771631,O=c1cc(CO)occ1O,BEJNERDRQOWKJM-UHFFFAOYSA-N,3840.0,142.026608672,-0.1623,70.67
O=C(O)Cc1cc(I)c(Oc2ccc(O)c(I)c2)c(I)c1,1.0941,Inactive,11975300,O=C(O)Cc1cc(I)c(Oc2ccc(O)c(I)c2)c(I)c1,UOWZUVNAGUAEQC-UHFFFAOYSA-N,5803.0,621.7635027680001,4.625400000000002,66.76
CS(=O)(=O)Nc1ccc([N+](=O)[O-])cc1Oc1ccccc1,0.92525,Inactive,12051696,CS(=O)(=O)Nc1ccc([N+](=O)[O-])cc1Oc1ccccc1,HYWYRSMBCFDLJT-UHFFFAOYSA-N,4495.0,308.046692484,2.7586000000000013,98.54
CC(CCC(=O)O)C1CCC2C3CC(O)C4CC(O)CCC4(C)C3CCC12C,1.1438,Inactive,12235113,CC(CCC(=O)O)C1CCC2C3CC(O)C4CC(O)CCC4(C)C3CCC12C,DGABKXLVXPYZII-UHFFFAOYSA-N,227033.0,392.29265976,4.477900000000004,77.76
C=CCc1cc(OC)c2c(c1OC)OCO2,0.98974,Inactive,12321117,C=CCc1cc(OC)c2c(c1OC)OCO2,QQRSPHJOOXUALR-UHFFFAOYSA-N,10659.0,222.089208928,2.161,36.92
Cc1cc2nc3c(=O)[nH]c(=O)nc-3n(CC(O)C(O)C(O)CO)c2cc1C,0.98086,Inactive,12366994,Cc1cc2nc3c(=O)[nH]c(=O)nc-3n(CC(O)C(O)C(O)CO)c2cc1C,AUNGANRZJHBGPY-UHFFFAOYSA-N,1072.0,376.13828436,-1.7235599999999989,161.56
COC(=O)c1cc(OC)c(OC)c(OC)c1,1.0941,Inactive,12597837,COC(=O)c1cc(OC)c(OC)c(OC)c1,KACHFMOHOPLTNX-UHFFFAOYSA-N,15956.0,226.084123548,1.499,53.99000000000001
COc1ccccc1-c1cc(=O)c2c(OC)cccc2o1,0.77385,Inactive,12686380,COc1ccccc1-c1cc(=O)c2c(OC)cccc2o1,QNKIRTADURZGPG-UHFFFAOYSA-N,688667.0,282.089208928,3.4772000000000025,48.67
Cc1ccc(Nc2c(F)cccc2Cl)c(CC(=O)O)c1,1.02575,Inactive,12878695,Cc1ccc(Nc2c(F)cccc2Cl)c(CC(=O)O)c1,KHPKQFYUPIUARC-UHFFFAOYSA-N,151166.0,293.061884556,4.158220000000002,49.33
CN1CCC(=C2c3ccccc3CC(=O)c3sccc32)CC1.O=C(O)C=CC(=O)O,1.032985,Inactive,13069081,CN1CCC(=C2c3ccccc3CC(=O)c3sccc32)CC1.O=C(O)C=CC(=O)O,YNQQEYBLVYAWNX-UHFFFAOYSA-N,36856.0,425.129693836,3.726200000000001,94.91
C=CC1CN2CCC1CC2C(OC(=O)OCC)c1ccnc2ccc(OC)cc12,0.91201,Inactive,13530126,C=CC1CN2CCC1CC2C(OC(=O)OCC)c1ccnc2ccc(OC)cc12,NSBRKSWSLRQPJW-UHFFFAOYSA-N,5010.0,396.204907376,4.3540000000000045,60.89
CCC1OC(=O)CC(O)C(C)C(OC2OC(C)C(OC3CC(C)(O)C(O)C(C)O3)C(N(C)C)C2O)C(CC=O)CC(C)C(=O)C=CC(C)=CC1COC1OC(C)C(O)C(OC)C1OC.O=C(O)C(O)C(O)C(=O)O,1.08705,Inactive,13556102,CCC1OC(=O)CC(O)C(C)C(OC2OC(C)C(OC3CC(C)(O)C(O)C(C)O3)C(N(C)C)C2O)C(CC=O)CC(C)C(=O)C=CC(C)=CC1COC1OC(C)C(O)C(OC)C1OC.O=C(O)C(O)C(O)C(=O)O,ICVKYYINQHWDLM-UHFFFAOYSA-N,155885870.0,1065.5355879160004,-0.2890999999999813,353.73
CC(CCC(=O)O)C1CCC2C3C(=O)CC4CC(=O)CCC4(C)C3CC(=O)C12C,1.07,Inactive,13720081,CC(CCC(=O)O)C1CCC2C3C(=O)CC4CC(=O)CCC4(C)C3CC(=O)C12C,OHXPGWPVLFPUSM-UHFFFAOYSA-N,2975.0,402.240624188,4.073300000000003,88.50999999999999
COP(=O)(OC)OC(Br)C(Cl)(Cl)Br,0.944515,Inactive,13787737,COP(=O)(OC)OC(Br)C(Cl)(Cl)Br,BUYMVQAILCEWRR-UHFFFAOYSA-N,4420.0,377.782574894,3.651200000000001,44.760000000000005
CC(N)C(O)c1ccc(O)c(O)c1,1.05455,Inactive,13851192,CC(N)C(O)c1ccc(O)c(O)c1,GEFQWZLICWMTKF-UHFFFAOYSA-N,3917.0,183.089543276,0.4784,86.71000000000001
CN(C(=O)C(Cl)Cl)c1ccc(OC(=O)c2ccco2)cc1,1.00583,Inactive,14063087,CN(C(=O)C(Cl)Cl)c1ccc(OC(=O)c2ccco2)cc1,BDYYDXJSHYEDGB-UHFFFAOYSA-N,19529.0,327.006513192,3.2653000000000016,59.75
CCCCCCCCCCCC(CC1OC(=O)C1CCCCCC)OC(=O)C(CC(C)C)NC=O,0.827585,Inactive,14319164,CCCCCCCCCCCC(CC1OC(=O)C1CCCCCC)OC(=O)C(CC(C)C)NC=O,AHLBNYSZXLDEJQ-UHFFFAOYSA-N,4599.0,495.392373796,6.881900000000007,81.69999999999999
CC(C)(CO)C(O)C(=O)NCCC(=O)NCCSSCCNC(=O)CCNC(=O)C(O)C(C)(C)CO,0.992375,Inactive,14514652,CC(C)(CO)C(O)C(=O)NCCC(=O)NCCSSCCNC(=O)CCNC(=O)C(O)C(C)(C)CO,DJWYOLJPSHDSAL-UHFFFAOYSA-N,4677.0,554.244406304,-1.628399999999993,197.32
CC(C)(CO)C(O)C(=O)NCCCO,1.12915,Inactive,14797726,CC(C)(CO)C(O)C(=O)NCCCO,SNPLKNRPJHDVJA-UHFFFAOYSA-N,4678.0,205.131408088,-1.1355999999999995,89.79
Cc1ccc(S(=O)(=O)O)cc1.NC1CCN(c2nc3c(cc2F)c(=O)c(C(=O)O)cn3-c2ccc(F)cc2F)C1.O,0.0925355,Active,14848323,Cc1ccc(S(=O)(=O)O)cc1.NC1CCN(c2nc3c(cc2F)c(=O)c(C(=O)O)cn3-c2ccc(F)cc2F)C1.O,SSULTCPIIYRGFQ-UHFFFAOYSA-N,5282468.0,594.1396048,2.4556200000000006,187.32
CC1(C(=O)[O-])CCC2(C)CCC3C(=CC(=O)C4C3(C)CCC3C(C)(C)C(OC5OC(C(=O)[O-])C(OC6OC(C(=O)[O-])C(O)C(O)C6O)C(O)C5O)CCC34C)C2C1.[NH4+].[NH4+].[NH4+],1.05925,Inactive,14983423,CC1(C(=O)[O-])CCC2(C)CCC3C(=CC(=O)C4C3(C)CCC3C(C)(C)C(OC5OC(C(=O)[O-])C(OC6OC(C(=O)[O-])C(O)C(O)C6O)C(O)C5O)CCC34C)C2C1.[NH4+].[NH4+].[NH4+],BEPUPFLBDSXROW-UHFFFAOYSA-N,154825510.0,859.4677831280001,-1.0199999999999916,385.03
O=C(CCCN1CCN(c2ccccn2)CC1)c1ccc(F)cc1,1.02345,Inactive,14988858,O=C(CCCN1CCN(c2ccccn2)CC1)c1ccc(F)cc1,XTKDAFGWCDAMPY-UHFFFAOYSA-N,15443.0,327.174690544,3.0058000000000016,36.440000000000005
C=CC(C1=CC(=O)C=CC1=O)c1ccccc1,1.024145,Inactive,15102326,C=CC(C1=CC(=O)C=CC1=O)c1ccccc1,GHCDJBVCFINEBQ-UHFFFAOYSA-N,3015195.0,224.083729624,2.590600000000001,34.14
COC1C=COC2(C)Oc3c(C)c(O)c4c(O)c(c(C=NN5CCN(C6CCCC6)CC5)c(O)c4c3C2=O)NC(=O)C(C)=CC=CC(C)C(O)C(C)C(O)C(C)C(OC(C)=O)C1C,0.0718695,Active,15213390,COC1C=COC2(C)Oc3c(C)c(O)c4c(O)c(c(C=NN5CCN(C6CCCC6)CC5)c(O)c4c3C2=O)NC(=O)C(C)=CC=CC(C)C(O)C(C)C(O)C(C)C(OC(C)=O)C1C,WDZCUPBHRAEYDL-UHFFFAOYSA-N,135448133.0,876.4520734880002,5.648220000000007,220.14999999999995
OCC(Br)(Br)Br,1.015725,Inactive,15308482,OCC(Br)(Br)Br,YFDSDPIBEUFTMI-UHFFFAOYSA-N,6400.0,279.77340101600004,1.8172,20.23
CC(=O)OC1CCC2(C)C(=CCC3C2CCC2(C)C(C(C)CCCC(C)C)CCC32)C1,0.865765,Inactive,15309132,CC(=O)OC1CCC2(C)C(=CCC3C2CCC2(C)C(C(C)CCCC(C)C)CCC32)C1,XUGISPSHIFXEHZ-UHFFFAOYSA-N,222529.0,428.365430776,7.95950000000001,26.3
NC1CC1c1ccccc1.O=S(=O)(O)O,1.02475,Inactive,15441076,NC1CC1c1ccccc1.O=S(=O)(O)O,BTHVHSMCHJCPFU-UHFFFAOYSA-N,3028149.0,231.056528896,0.8484,100.62
CC(=CCC1=C(C)C(=O)c2ccccc2C1=O)CCCC(C)CCCC(C)CCCC(C)C,0.945125,Inactive,15502633,CC(=CCC1=C(C)C(=O)c2ccccc2C1=O)CCCC(C)CCCC(C)CCCC(C)C,MBWXNTAXLNYFJB-UHFFFAOYSA-N,4812.0,450.349780712,9.1576,34.14
C=CCC1C=C(C)CC(C)CC(OC)C2OC(O)(C(=O)C(=O)N3CCCCC3C(=O)OC(C(C)=CC3CCC(O)C(OC)C3)C(C)C(O)CC1=O)C(C)CC2OC,0.93218,Inactive,15539533,C=CCC1C=C(C)CC(C)CC(OC)C2OC(O)(C(=O)C(=O)N3CCCCC3C(=O)OC(C(C)=CC3CCC(O)C(OC)C3)C(C)C(O)CC1=O)C(C)CC2OC,QJJXYPPXXYFBGM-UHFFFAOYSA-N,5372.0,803.4819766480001,4.639000000000004,178.35999999999996
Cc1cc2c(C(C)C)c(O)c(O)c(C=O)c2c(O)c1-c1c(C)cc2c(C(C)C)c(O)c(O)c(C=O)c2c1O,1.01944,Inactive,15755784,Cc1cc2c(C(C)C)c(O)c(O)c(C=O)c2c(O)c1-c1c(C)cc2c(C(C)C)c(O)c(O)c(C=O)c2c1O,QBKSWRVVCFFDOT-UHFFFAOYSA-N,3503.0,518.19406792,6.382240000000009,155.52
Cl.NC(Cc1ccc(O)cc1)C(=O)O,0.84986,Inactive,15769992,Cl.NC(Cc1ccc(O)cc1)C(=O)O,JJWFIVDAMOFNPS-UHFFFAOYSA-N,11183551.0,217.050570924,0.7684000000000001,83.55
Cc1ccc(=O)n(-c2ccccc2)c1,0.973255,Inactive,15845413,Cc1ccc(=O)n(-c2ccccc2)c1,ISWRGOKTTBVCFA-UHFFFAOYSA-N,40632.0,185.084063972,2.1459200000000003,22.0
O=c1c(-c2ccc(O)cc2)coc2c(C3OC(CO)C(O)C(O)C3O)c(O)ccc12,0.850795,Inactive,15926351,O=c1c(-c2ccc(O)cc2)coc2c(C3OC(CO)C(O)C(O)C3O)c(O)ccc12,HKEAFJYKMMKDOR-UHFFFAOYSA-N,5385074.0,416.11073221999993,0.3860999999999998,160.82
COc1cc(C)c(C(=O)O)c(OC(C)=O)c1,0.993395,Inactive,16120610,COc1cc(C)c(C(=O)O)c(OC(C)=O)c1,URQLZJHAKAZWEI-UHFFFAOYSA-N,121219704.0,224.068473484,1.62712,72.83000000000001
O=c1c(O)c(-c2ccc(O)cc2)oc2ccccc12,0.981165,Inactive,16228121,O=c1c(O)c(-c2ccc(O)cc2)oc2ccccc12,GPGOCTLAUAHUQO-UHFFFAOYSA-N,688715.0,254.0579088,2.871200000000001,70.67
CCn1cc(C(=O)O)c(=O)c2cc(F)c(N3CCNC(C)C3)c(F)c21.Cl,0.047809,Active,16517632,CCn1cc(C(=O)O)c(=O)c2cc(F)c(N3CCNC(C)C3)c(F)c21.Cl,KXEBLAPZMOQCKO-UHFFFAOYSA-N,68624.0,387.11612562,2.2177,74.57000000000001
CC(C)=CC1C(C(=O)OCc2cccc(Oc3ccccc3)c2)C1(C)C,0.897485,Inactive,16581508,CC(C)=CC1C(C(=O)OCc2cccc(Oc3ccccc3)c2)C1(C)C,SBNFWQZLDJGRLK-UHFFFAOYSA-N,4767.0,350.188194692,5.760500000000005,35.53
CC1CC(OC(=O)c2ccccc2O)CC(C)(C)C1,1.00465,Inactive,16640462,CC1CC(OC(=O)c2ccccc2O)CC(C)(C)C1,WSSJONWNBBTCMG-UHFFFAOYSA-N,8362.0,262.156894564,3.7638000000000025,46.53
CCN1CCCC(OC(=O)C(c2ccccc2)c2ccccc2)C1.Cl,0.980575,Inactive,16748368,CCN1CCCC(OC(=O)C(c2ccccc2)c2ccccc2)C1.Cl,RBGWCEWDAHDPEH-UHFFFAOYSA-N,8520.0,359.165206752,4.267800000000005,29.54
Br.CN1CCCC1Cc1c[nH]c2ccc(CCS(=O)(=O)c3ccccc3)cc12,1.02413,Inactive,16782714,Br.CN1CCCC1Cc1c[nH]c2ccc(CCS(=O)(=O)c3ccccc3)cc12,UTINOWOSWSPFLJ-UHFFFAOYSA-N,156849.0,462.097661204,4.398900000000004,53.17
CCC(C)C1NC(=O)C(CCNCS(=O)(=O)[O-])NC(=O)C(NC(=O)C(CCNCS(=O)(=O)[O-])NC(=O)C(NC(=O)C(CCNCS(=O)(=O)[O-])NC(=O)CCCCC(C)C)C(C)O)CCNC(=O)C(C(C)O)NC(=O)C(CCNCS(=O)(=O)[O-])NC(=O)C(CCNCS(=O)(=O)[O-])NC(=O)C(C(C)CC)NC1=O.[Na+].[Na+].[Na+].[Na+].[Na+],0.0528565,Active,16794485,CCC(C)C1NC(=O)C(CCNCS(=O)(=O)[O-])NC(=O)C(NC(=O)C(CCNCS(=O)(=O)[O-])NC(=O)C(NC(=O)C(CCNCS(=O)(=O)[O-])NC(=O)CCCCC(C)C)C(C)O)CCNC(=O)C(C(C)O)NC(=O)C(CCNCS(=O)(=O)[O-])NC(=O)C(CCNCS(=O)(=O)[O-])NC(=O)C(C(C)CC)NC1=O.[Na+].[Na+].[Na+].[Na+].[Na+],LYQBWQQPMNCRCJ-UHFFFAOYSA-I,5702027.0,1734.521973055999,-25.14350000000004,706.7099999999999
O=C1CCC23C=CC(=O)NCCCCNCCCNC(=O)C=Cc4ccc(c2c4)OC3C1,1.0208,Inactive,17108760,O=C1CCC23C=CC(=O)NCCCCNCCCNC(=O)C=Cc4ccc(c2c4)OC3C1,YIWJEBPTHXRHQF-UHFFFAOYSA-N,157502.0,437.231456472,2.0137,96.53000000000002
COc1ccc(C(=O)CC(=O)c2ccc(C(C)(C)C)cc2)cc1,1.08795,Inactive,17155592,COc1ccc(C(=O)CC(=O)c2ccc(C(C)(C)C)cc2)cc1,XNEFYCZVKIDDMS-UHFFFAOYSA-N,51040.0,310.156894564,4.448400000000004,43.370000000000005
CC(C)C(C)C=CC(C)C1CCC2C3=CC=C4CC(O)CCC4(C)C3CCC21C,0.974075,Inactive,17295267,CC(C)C(C)C=CC(C)C1CCC2C3=CC=C4CC(O)CCC4(C)C3CCC21C,DNVPQKQSNYMLRS-UHFFFAOYSA-N,247705.0,396.339216028,7.330800000000009,20.23
Cc1cccc(C)c1OCC(=O)NC(Cc1ccccc1)C(O)CC(Cc1ccccc1)NC(=O)C(C(C)C)N1CCCNC1=O,1.02345,Inactive,17327008,Cc1cccc(C)c1OCC(=O)NC(Cc1ccccc1)C(O)CC(Cc1ccccc1)NC(=O)C(C(C)C)N1CCCNC1=O,KJHKTHWMRKYKJE-UHFFFAOYSA-N,3817.0,628.362470636,4.328140000000003,120.0
C=CCc1ccc2c(c1)OCO2,1.08155,Inactive,17474700,C=CCc1ccc2c(c1)OCO2,ZMQAAUBTXCXRIC-UHFFFAOYSA-N,5144.0,162.06807956,2.1438,18.46
COc1ccc(CN2CCNCC2)c(OC)c1OC.Cl.Cl,0.990975,Inactive,17475369,COc1ccc(CN2CCNCC2)c(OC)c1OC.Cl.Cl,VYFLPFGUVGMBEP-UHFFFAOYSA-N,83201.0,338.116397988,1.9612000000000007,42.96000000000001
CC=CC1=C(C(=O)O)N2C(=O)C(NC(=O)C(N)c3ccc(O)cc3)C2SC1,1.07655,Inactive,17485515,CC=CC1=C(C(=O)O)N2C(=O)C(NC(=O)C(N)c3ccc(O)cc3)C2SC1,WDLWHQDACQUCJR-UHFFFAOYSA-N,2646.0,389.104541708,0.7067000000000008,132.96
O=S(=O)([O-])NC1CCCCC1.[Na+],1.03755,Inactive,17524322,O=S(=O)([O-])NC1CCCCC1.[Na+],UDIPTWFVPPPURJ-UHFFFAOYSA-M,23665706.0,201.043558524,-2.6270999999999978,69.23
CC(C)CCCC(C)C1CCC2C3CCC4CC(=O)CCC4(C)C3CCC12C,0.893735,Inactive,17548010,CC(C)CCCC(C)C1CCC2C3CCC4CC(=O)CCC4(C)C3CCC12C,PESKGJQREUXSRR-UHFFFAOYSA-N,85881.0,386.354866092,7.676800000000009,17.07
CCOC(=O)N1CCC(=C2c3ccc(Cl)cc3CCc3cccnc32)CC1,0.852385,Inactive,17738712,CCOC(=O)N1CCC(=C2c3ccc(Cl)cc3CCc3cccnc32)CC1,JCCNYMKQOSZNPW-UHFFFAOYSA-N,3957.0,382.144805656,4.887800000000005,42.43
COc1ccc(Cc2nccc3cc(OC)c(OC)cc23)cc1OC.Cl,0.958605,Inactive,18029783,COc1ccc(Cc2nccc3cc(OC)c(OC)cc23)cc1OC.Cl,UOTMYNBWXDUBNX-UHFFFAOYSA-N,6084.0,375.123735864,4.281800000000005,49.81
CC(=O)Nc1ncc([N+](=O)[O-])s1,0.922725,Inactive,18076135,CC(=O)Nc1ncc([N+](=O)[O-])s1,UJRRDDHEMZLWFI-UHFFFAOYSA-N,8798.0,187.00516202,1.0096999999999998,85.13
CC(O)C(=O)O.CCOc1ccc2nc3cc(N)ccc3c(N)c2c1,0.2847,Inactive,18128779,CC(O)C(=O)O.CCOc1ccc2nc3cc(N)ccc3c(N)c2c1,IYLLULUTZPKQBW-UHFFFAOYSA-N,15789.0,343.15320615200005,2.4029,131.69
Cc1nccc2c1[nH]c1cc(O)ccc12,0.900265,Inactive,18292812,Cc1nccc2c1[nH]c1cc(O)ccc12,SATMZMMKDDTOSQ-UHFFFAOYSA-N,,198.07931294,2.7301200000000003,48.91
CN(C)CCC(c1ccc(Br)cc1)c1ccccn1.O=C(O)C=CC(=O)O,1.0414,Inactive,18435445,CN(C)CCC(c1ccc(Br)cc1)c1ccccn1.O=C(O)C=CC(=O)O,SRGKFVAASLQVBO-UHFFFAOYSA-N,91495.0,434.084119316,3.639500000000001,90.73
NC(=O)c1ncn(C2OC(CO)C(O)C2O)n1,0.645315,Inactive,18458323,NC(=O)c1ncn(C2OC(CO)C(O)C2O)n1,IWUCXVSUMQZMFG-UHFFFAOYSA-N,5064.0,244.080769484,-3.0114999999999994,143.72000000000003
CC1(C)OC(=O)C(OCC2CC2)=C1c1ccc(S(C)(=O)=O)cc1,0.971025,Inactive,18565867,CC1(C)OC(=O)C(OCC2CC2)=C1c1ccc(S(C)(=O)=O)cc1,FULAPETWGIGNMT-UHFFFAOYSA-N,208910.0,336.10314473999995,2.563200000000001,69.67
c1ccc2c(c1)Nc1ccccc1S2,0.88631,Inactive,18642798,c1ccc2c(c1)Nc1ccccc1S2,WJFKNYWRSNBZNX-UHFFFAOYSA-N,7108.0,199.045570288,3.894800000000001,12.03
Clc1ccc(C(c2ccc(Cl)cc2)C(Cl)(Cl)Cl)cc1,1.12895,Inactive,18929888,Clc1ccc(C(c2ccc(Cl)cc2)C(Cl)(Cl)Cl)cc1,YVGGHNCTFXOJCH-UHFFFAOYSA-N,3036.0,351.914688688,6.495500000000002,0.0
Br.COc1ccc2c(c1)C13CCCCC1C(C2)N(C)CC3,1.06345,Inactive,19030290,Br.COc1ccc2c(c1)C13CCCCC1C(C2)N(C)CC3,MISZALMBODQYFT-UHFFFAOYSA-N,11957506.0,351.119776552,3.961300000000002,12.47
CC(=O)OC1CC2C(C)(C)C(=O)C=CC2(C)C2CCC3(C)C(=CC(=O)OC3c3ccoc3)C12C,1.07515,Inactive,19036894,CC(=O)OC1CC2C(C)(C)C(=O)C=CC2(C)C2CCC3(C)C(=CC(=O)OC3c3ccoc3)C12C,VOUDTVRGPAGHGA-UHFFFAOYSA-N,328942.0,466.2355388079999,5.349500000000006,82.81
CC(=O)NCCc1ccc(O)c(-c2c(O)c(O)c3c(c2O)C(=O)c2c(cc(O)c(C(=O)O)c2C(=O)O)C3=O)c1,1.050305,Inactive,19385843,CC(=O)NCCc1ccc(O)c(-c2c(O)c(O)c3c(c2O)C(=O)c2c(cc(O)c(C(=O)O)c2C(=O)O)C3=O)c1,IHLWXZNPOVMUFQ-UHFFFAOYSA-N,5491415.0,537.0907250479997,1.732000000000001,238.98999999999995
Cc1ccnc(NS(=O)(=O)c2ccc(N)cc2)n1,0.825695,Inactive,19523323,Cc1ccnc(NS(=O)(=O)c2ccc(N)cc2)n1,QPPBRPIAZZHUNT-UHFFFAOYSA-N,5325.0,264.068096624,1.16802,97.97
CCC(NC(C)C)C(O)c1ccc(O)c(O)c1.CS(=O)(=O)O,1.0363,Inactive,19577418,CCC(NC(C)C)C(O)c1ccc(O)c(O)c1.CS(=O)(=O)O,SOYAGMVKMXZVNZ-UHFFFAOYSA-N,23702.0,335.1402585199999,1.4118,127.09
CCCc1cc(C(N)=S)ccn1,1.08535,Inactive,19778086,CCCc1cc(C(N)=S)ccn1,VRDIULHPQTYCLN-UHFFFAOYSA-N,666418.0,180.072119384,1.6683,38.91
CN(C)CCCN1c2ccccc2Sc2ccc(Cl)cc21.Cl,0.768655,Inactive,19836146,CN(C)CCCN1c2ccccc2Sc2ccc(Cl)cc21.Cl,FBSMERQALIEGJT-UHFFFAOYSA-N,6240.0,354.072425,5.316200000000005,6.48
COc1cc2nc(N3CCN(C(=O)c4ccco4)CC3)nc(N)c2cc1OC.Cl,1.01848,Inactive,19954694,COc1cc2nc(N3CCN(C(=O)c4ccco4)CC3)nc(N)c2cc1OC.Cl,WFXFYZULCQKPIP-UHFFFAOYSA-N,68546.0,419.136031864,2.2064,106.95
OCC1OC(OCC2OC(O)C(O)C(O)C2O)C(O)C(O)C1O,0.9293,Inactive,20006014,OCC1OC(OCC2OC(O)C(O)C(O)C2O)C(O)C(O)C1O,DLRVVLDZNNYCBX-UHFFFAOYSA-N,872.0,342.11621152399994,-5.397199999999993,189.53
Cc1cnc(C(=O)O)c[n+]1[O-],0.995565,Inactive,20609180,Cc1cnc(C(=O)O)c[n+]1[O-],DJQOOSBJCLSSEY-UHFFFAOYSA-N,5310993.0,154.037842052,-0.2783799999999999,77.13
CC(=O)OCC(=O)C1(O)CCC2C3CCC4=CC(=O)C=CC4(C)C3(F)C(O)CC21C,1.16115,Inactive,20639394,CC(=O)OCC(=O)C1(O)CCC2C3CCC4=CC(=O)C=CC4(C)C3(F)C(O)CC21C,ZOCUOMKMBMEYQV-UHFFFAOYSA-N,499988.0,420.194816868,2.2205000000000004,100.90000000000002
CC(NCCC(c1ccccc1)c1ccccc1)c1ccccc1.Cl,1.1081,Inactive,21041718,CC(NCCC(c1ccccc1)c1ccccc1)c1ccccc1.Cl,NJXWZWXCHBNOOG-UHFFFAOYSA-N,26154.0,351.17537751199995,5.981200000000006,12.03
O=c1cc(-c2ccccc2)oc2cc(O)c(O)c(O)c12,0.94167,Inactive,21329541,O=c1cc(-c2ccccc2)oc2cc(O)c(O)c(O)c12,FXNFHKRTJBSTCS-UHFFFAOYSA-N,5281605.0,270.05282342000004,2.576800000000001,90.9
CCN(CC)CC#CCOC(=O)C(O)(c1ccccc1)C1CCCCC1.Cl,1.0522,Inactive,21344347,CCN(CC)CC#CCOC(=O)C(O)(c1ccccc1)C1CCCCC1.Cl,SWIJYDAEGSIQPZ-UHFFFAOYSA-N,91505.0,393.207071564,3.764700000000004,49.77
CS(=O)(=O)CCNCc1ccc(-c2ccc3ncnc(Nc4ccc(OCc5cccc(F)c5)c(Cl)c4)c3c2)o1,0.93696,Inactive,21600929,CS(=O)(=O)CCNCc1ccc(-c2ccc3ncnc(Nc4ccc(OCc5cccc(F)c5)c(Cl)c4)c3c2)o1,BCFGMOOMADDAQU-UHFFFAOYSA-N,208908.0,580.1347322120001,6.139100000000005,106.35
CN1CCCN=C1COC(=O)C(O)(c1ccccc1)C1CCCCC1.Cl,1.000685,Inactive,21641591,CN1CCCN=C1COC(=O)C(O)(c1ccccc1)C1CCCCC1.Cl,WXAYTPABEADAAB-UHFFFAOYSA-N,66061.0,380.1866704680001,3.153500000000001,62.13
O=C(CCCl)NCCc1ccccc1,1.0702,Inactive,21667250,O=C(CCCl)NCCc1ccccc1,BITWVVLBVUMFHU-UHFFFAOYSA-N,9376.0,211.076391748,1.9742,29.1
COC1(NC(=O)C(C(=O)[O-])c2ccc(O)cc2)C(=O)N2C(C(=O)[O-])=C(CSc3nnnn3C)COC21.[Na+].[Na+],0.048303,Active,21711426,COC1(NC(=O)C(C(=O)[O-])c2ccc(O)cc2)C(=O)N2C(C(=O)[O-])=C(CSc3nnnn3C)COC21.[Na+].[Na+],GRIXGZQULWMCLU-UHFFFAOYSA-L,47500.0,564.0651357160002,-9.78910000000001,211.95999999999995
CC(CN1CC(=O)NC(=O)C1)N1CC(=O)NC(=O)C1,1.0837,Inactive,21839734,CC(CN1CC(=O)NC(=O)C1)N1CC(=O)NC(=O)C1,BMKDZUISNHGIBY-UHFFFAOYSA-N,30623.0,268.117154992,-2.708299999999996,98.82
CC1CCC2C(C)(CO)C(O)CCC2(C)C12CCC(CO)(CCO)O2,0.98064,Inactive,21840960,CC1CCC2C(C)(CO)C(O)CCC2(C)C12CCC(CO)(CCO)O2,XYPPDQHBNJURHU-UHFFFAOYSA-N,3482911.0,356.2562742519999,1.8548,90.15
CC12CCC3C(CCC4CC(O)CCC43C)C1CCC2O,0.97957,Inactive,21915703,CC12CCC3C(CCC4CC(O)CCC43C)C1CCC2O,CBMYJHIOYJEBSB-UHFFFAOYSA-N,11301.0,292.240230264,3.750900000000003,40.46
CN(C)CCCC1(c2ccc(F)cc2)OCc2cc(C#N)ccc21.O=C(O)C(=O)O,1.0829,Inactive,21938323,CN(C)CCCC1(c2ccc(F)cc2)OCc2cc(C#N)ccc21.O=C(O)C(=O)O,KTGRHKOEFSJQNS-UHFFFAOYSA-N,21871605.0,414.159100056,2.968580000000001,110.86
CC(=O)NC(Cc1ccccc1)C(=O)O,0.85876,Inactive,21987690,CC(=O)NC(Cc1ccccc1)C(=O)O,CBQJSKKFNMDLON-UHFFFAOYSA-N,2000.0,207.089543276,0.8183999999999998,66.4
Cc1ccc(C)c(OCCCC(C)(C)C(=O)O)c1,1.17945,Inactive,22106643,Cc1ccc(C)c(OCCCC(C)(C)C(=O)O)c1,HEMJJKBWTPKOJG-UHFFFAOYSA-N,3463.0,250.156894564,3.573240000000002,46.53
S=C=Nc1ccc(N=C=S)cc1,1.01615,Inactive,22604832,S=C=Nc1ccc(N=C=S)cc1,OMWQUXGVXQELIX-UHFFFAOYSA-N,19958.0,191.981590128,3.1552000000000007,24.72
COC(=O)C1C(O)CCC2CN3CCc4c([nH]c5ccccc45)C3CC21.Cl,1.0964,Inactive,22932384,COC(=O)C1C(O)CCC2CN3CCc4c([nH]c5ccccc45)C3CC21.Cl,PIPZGJSEDRMUAW-UHFFFAOYSA-N,5458953.0,390.1710204040001,3.068900000000001,65.56
O=C1OC(C(O)CO)C(O)=C1O,0.989905,Inactive,22994455,O=C1OC(C(O)CO)C(O)=C1O,CIWBSHSKHKDKBQ-UHFFFAOYSA-N,54676860.0,176.032087976,-1.4073999999999995,107.22
CN1C(C)(C)CCCC1(C)C.O=C(O)C(O)C(O)C(=O)O,0.992885,Inactive,23079123,CN1C(C)(C)CCCC1(C)C.O=C(O)C(O)C(O)C(=O)O,AAFNEINEQRQMTF-UHFFFAOYSA-N,6419918.0,305.183837584,0.5367000000000004,118.30000000000004
CCC(Cc1c(I)cc(I)c(N)c1I)C(=O)O,0.83173,Inactive,23173986,CCC(Cc1c(I)cc(I)c(N)c1I)C(=O)O,OIRFJRBSRORBCM-UHFFFAOYSA-N,3735.0,570.8002226240001,3.7359000000000018,63.32000000000001
Oc1cc(O)c2cc(O)c(-c3ccc(O)c(O)c3)[o+]c2c1.[Cl-],1.13725,Inactive,23395970,Oc1cc(O)c2cc(O)c(-c3ccc(O)c(O)c3)[o+]c2c1.[Cl-],COAWNPJQKJEHPG-UHFFFAOYSA-N,68247.0,322.02441575200004,-0.0870999999999992,112.45
Cc1ncc([N+](=O)[O-])n1CC(C)O,0.99919,Inactive,23494331,Cc1ncc([N+](=O)[O-])n1CC(C)O,KPQZUUQMTUIKBP-UHFFFAOYSA-N,71815.0,185.080041212,0.4805199999999999,81.19
CCN(CC)CCNC(C(=O)OCCC(C)C)c1ccccc1.Cl.Cl,1.1583,Inactive,23511589,CCN(CC)CCNC(C(=O)OCCC(C)C)c1ccccc1.Cl.Cl,ZHRVNCCPAKIGRH-UHFFFAOYSA-N,22182.0,392.199733688,4.092000000000004,41.57000000000001
Brc1c(NC2=NCCN2)ccc2nccnc12,1.0279,Inactive,23646946,Brc1c(NC2=NCCN2)ccc2nccnc12,XYLJNLCSTIOKRM-UHFFFAOYSA-N,2435.0,291.01195742,1.7634,62.2
CN1CCC(=C2c3ccccc3CCc3sccc32)CC1.O=C(O)CC(O)C(=O)O,1.07188,Inactive,23672413,CN1CCC(=C2c3ccccc3CCc3sccc32)CC1.O=C(O)CC(O)C(=O)O,IWAWCPZVTXCFKD-UHFFFAOYSA-N,168993.0,429.1609939639999,3.2808000000000006,98.07
COc1cc(C2c3cc4c(cc3C(O)C3COC(=O)C23)OCO4)cc(OC)c1OC,0.871335,Inactive,24046777,COc1cc(C2c3cc4c(cc3C(O)C3COC(=O)C23)OCO4)cc(OC)c1OC,YJGVMLPVUAXIQN-UHFFFAOYSA-N,4865.0,414.1314676639999,2.4092,92.68
COc1ccc2c(=O)cc(-c3ccccc3OC)oc2c1,1.0423,Inactive,24159397,COc1ccc2c(=O)cc(-c3ccccc3OC)oc2c1,WVWDHKIZBHIGJE-UHFFFAOYSA-N,688671.0,282.089208928,3.4772000000000025,48.67
Clc1ccc2c(c1)CCc1cccnc1C2=C1CCNCC1,0.969015,Inactive,24407365,Clc1ccc2c(c1)CCc1cccnc1C2=C1CCNCC1,JAUOIFJMECXRGI-UHFFFAOYSA-N,124087.0,310.123676288,4.018900000000002,24.92
CC(O)C(=O)[O-].[Na+],0.863945,Inactive,24491790,CC(O)C(=O)[O-].[Na+],NGSFWBMYFKHRBD-UHFFFAOYSA-M,23666456.0,112.0136383,-4.878899999999999,60.36
Cc1c(N(C)CS(=O)(=O)[O-])c(=O)n(-c2ccccc2)n1C.[Na+],1.01191,Inactive,24503893,Cc1c(N(C)CS(=O)(=O)[O-])c(=O)n(-c2ccccc2)n1C.[Na+],DJGAAPFSPWAYTJ-UHFFFAOYSA-M,522325.0,333.0759212720001,-2.5726799999999965,87.37
COc1ccc(C2COc3c(ccc(O)c3OC)C2)c(OC)c1O,1.0649,Inactive,24678019,COc1ccc(C2COc3c(ccc(O)c3OC)C2)c(OC)c1O,QVVPJFBYFYYVDM-UHFFFAOYSA-N,3666064.0,332.12598835999995,2.842300000000002,77.38000000000001
C#CCCCCCCCCCCCC(O)CC(O)COC(C)=O.C=CCCCCCCCCCCCC(O)CC(O)COC(C)=O,1.0314,Inactive,24698979,C#CCCCCCCCCCCCC(O)CC(O)COC(C)=O.C=CCCCCCCCCCCCC(O)CC(O)COC(C)=O,VPOWSDDTEVCUHB-UHFFFAOYSA-N,6710728.0,654.5070692,7.72420000000001,133.52
CN(C)C(=N)NC(=N)N.Cl,1.033415,Inactive,24715199,CN(C)C(=N)NC(=N)N.Cl,OETHQSJEHLVLGH-UHFFFAOYSA-N,14219.0,165.07812306399998,-0.6123600000000003,88.99000000000001
CC12CCC3C(CCC45OC4C(O)=C(C#N)CC35C)C1CCC2O,0.864645,Inactive,24782238,CC12CCC3C(CCC45OC4C(O)=C(C#N)CC35C)C1CCC2O,KVJXBPDAXMEYOA-UHFFFAOYSA-N,535161.0,329.199093724,3.466880000000002,76.78
CCC(=O)Oc1ccc2c(c1)CCC1C2CCC2(C)C1CC(OC(=O)CC)C2OC(=O)CC,0.779385,Inactive,24783948,CCC(=O)Oc1ccc2c(c1)CCC1C2CCC2(C)C1CC(OC(=O)CC)C2OC(=O)CC,ONMZMZJEZHMWQL-UHFFFAOYSA-N,3272.0,456.2511888719999,5.111600000000005,78.9
COc1ccc2c3c1OC1CC(O)C=CC31CCN(C)C2,0.935695,Inactive,24819864,COc1ccc2c3c1OC1CC(O)C=CC31CCN(C)C2,ASUTZQLVASHGKV-UHFFFAOYSA-N,3449.0,287.152143532,1.8503,41.93
CCC1(c2ccc(N)cc2)CCC(=O)NC1=O,1.1142,Inactive,24845819,CCC1(c2ccc(N)cc2)CCC(=O)NC1=O,ROBVIMPUHSLWNV-UHFFFAOYSA-N,2145.0,232.121177752,1.3532,72.19
CCC12C=CCN3CCC4(c5ccc(OC)cc5N(C)C4C(O)(C(=O)OC)C1OC(C)=O)C32,1.01282,Inactive,24920067,CCC12C=CCN3CCC4(c5ccc(OC)cc5N(C)C4C(O)(C(=O)OC)C1OC(C)=O)C32,CXBGOBGJHGGWIE-UHFFFAOYSA-N,425978.0,456.2260367439998,1.6412999999999998,88.53999999999999
Cn1cnc([N+](=O)[O-])c1Sc1[nH]cnc2ncnc1-2,1.03405,Inactive,25042876,Cn1cnc([N+](=O)[O-])c1Sc1[nH]cnc2ncnc1-2,LMEKQMALGUDUQG-UHFFFAOYSA-N,2265.0,277.038193464,1.0973999999999997,115.42
O=C(O)c1ccccc1,0.946375,Inactive,25058997,O=C(O)c1ccccc1,WPYMKLBDIGXBTP-UHFFFAOYSA-N,243.0,122.036779432,1.3848,37.3
CCN1CCN(C(=O)NC(C(=O)NC2C(=O)N3C(C(=O)O)=C(CSc4nnnn4C)CSC23)c2ccc(O)cc2)C(=O)C1=O,0.0459905,Active,25505258,CCN1CCN(C(=O)NC(C(=O)NC2C(=O)N3C(C(=O)O)=C(CSc4nnnn4C)CSC23)c2ccc(O)cc2)C(=O)C1=O,GCFBRXLSHGKWDP-UHFFFAOYSA-N,2630.0,645.1424008240001,-1.1119999999999963,220.26
CC(=O)OC1CC(OC(C)=O)C2(C)C(CC(=O)C3(C)C2CCC2(C)C(c4ccoc4)OC(=O)C4OC423)C1(C)C,0.958465,Inactive,25554447,CC(=O)OC1CC(OC(C)=O)C2(C)C(CC(=O)C3(C)C2CCC2(C)C(c4ccoc4)OC(=O)C4OC423)C1(C)C,IKFXPERBVFYFMS-UHFFFAOYSA-N,3284457.0,542.251582796,4.326300000000004,121.64
CC1(C)C(=O)C2OC2C2(C)C1CC(O)C1(C)C2CCC2(C)C(c3ccoc3)OC(=O)C3OC321,1.10545,Inactive,25715442,CC1(C)C(=O)C2OC2C2(C)C1CC(O)C1(C)C2CCC2(C)C(c3ccoc3)OC(=O)C3OC321,UIUKQADPLSFRBN-UHFFFAOYSA-N,628811.0,456.2148033639999,3.201100000000002,101.8
C#CC1(O)CCC2C3CCc4cc(OC5CCCC5)ccc4C3CCC21C,1.02395,Inactive,25742338,C#CC1(O)CCC2C3CCc4cc(OC5CCCC5)ccc4C3CCC21C,PWZUUYSISTUNDW-UHFFFAOYSA-N,1451.0,364.240230264,5.228400000000006,29.46
Nc1ccc(S(=O)(=O)[N-]c2cnc3ccccc3n2)cc1.[Na+],0.99383,Inactive,25761523,Nc1ccc(S(=O)(=O)[N-]c2cnc3ccccc3n2)cc1.[Na+],WXUQBKOBXREBBX-UHFFFAOYSA-N,3693427.0,322.05004087200007,-0.3899000000000001,100.04
CC1COc2c(N3CCN(C)CC3)c(F)cc3c(=O)c(C(=O)O)cn1c23,0.0447265,Active,25772369,CC1COc2c(N3CCN(C)CC3)c(F)cc3c(=O)c(C(=O)O)cn1c23,GSDSWSVVBLHKDQ-UHFFFAOYSA-N,4583.0,361.14378434,1.5439999999999998,75.00999999999999
CCOC(=O)n1ccn(C)c1=S,1.08725,Inactive,25890910,CCOC(=O)n1ccn(C)c1=S,CFOYWRHIYXMDOT-UHFFFAOYSA-N,31072.0,186.04629856,1.56069,36.16
CC=C1CC(C)C(O)(CO)C(=O)OCC2=CCN3CCC(OC1=O)C23,1.0356,Inactive,25907875,CC=C1CC(C)C(O)(CO)C(=O)OCC2=CCN3CCC(OC1=O)C23,BCJMNZRQJAVDLD-UHFFFAOYSA-N,267891.0,351.16818751999995,0.1652,96.3
NC(=O)NC1NC(=O)NC1=O,0.98636,Inactive,25984782,NC(=O)NC1NC(=O)NC1=O,POJWUDADGALRAB-UHFFFAOYSA-N,204.0,158.043990052,-2.1798,113.32
CCCc1nc2c(C)cc(-c3nc4ccccc4n3C)cc2n1Cc1ccc(-c2ccccc2C(=O)O)cc1,0.906695,Inactive,26136560,CCCc1nc2c(C)cc(-c3nc4ccccc4n3C)cc2n1Cc1ccc(-c2ccccc2C(=O)O)cc1,RMMXLENWKUUMAY-UHFFFAOYSA-N,65999.0,514.2368762,7.2644200000000065,72.94
COC12C(COC(N)=O)C3=C(C(=O)C(C)=C(N)C3=O)N1CC1NC12,0.0503405,Active,26242502,COC12C(COC(N)=O)C3=C(C(=O)C(C)=C(N)C3=O)N1CC1NC12,NWIBSHFKIJFRCO-UHFFFAOYSA-N,351727.0,334.127719676,-1.6511999999999971,146.89
CON=C(C(=O)NC1C(=O)N2C(C(=O)OCOC(=O)C(C)(C)C)=C(C=Cc3scnc3C)CSC12)c1csc(N)n1,0.049189,Active,26267298,CON=C(C(=O)NC1C(=O)N2C(C(=O)OCOC(=O)C(C)(C)C)=C(C=Cc3scnc3C)CSC12)c1csc(N)n1,AFZFFLVORLEPPO-UHFFFAOYSA-N,6728941.0,620.118160236,2.2981199999999986,175.40000000000003
O=C(O)CCc1nc(-c2ccccc2)c(-c2ccccc2)o1,1.15885,Inactive,26454321,O=C(O)CCc1nc(-c2ccccc2)c(-c2ccccc2)o1,OFPXSFXSNFPTHF-UHFFFAOYSA-N,4614.0,293.10519334,4.025800000000003,63.33
CC(C)C1CCC(C(=O)NC(Cc2ccccc2)C(=O)O)CC1,1.1762,Inactive,26588254,CC(C)C1CCC(C(=O)NC(Cc2ccccc2)C(=O)O)CC1,OELFLUMRDSZNSF-UHFFFAOYSA-N,4443.0,317.199093724,3.260900000000001,66.4
COC(=O)C=Cc1cc(OC)c(OC)c(OC)c1,1.10085,Inactive,26604157,COC(=O)C=Cc1cc(OC)c(OC)c(OC)c1,KLXHCGFNNUQTEY-UHFFFAOYSA-N,146047.0,252.099773612,1.8986,53.99000000000001
CC(=O)OC1CCC2(C)C3=C(CCC2C1(C)C)C1(C)CCC(C(C)CCC=C(C)C)C1(C)CC3,0.975375,Inactive,26836191,CC(=O)OC1CCC2(C)C3=C(CCC2C1(C)C)C1(C)CCC(C(C)CCC=C(C)C)C1(C)CC3,BQPPJGMMIYJVBR-UHFFFAOYSA-N,313261.0,468.396730904,9.049900000000004,26.3
CC(=O)N1CCN(c2ccc(OCC3COC(Cn4ccnc4)(c4ccc(Cl)cc4Cl)O3)cc2)CC1,0.954095,Inactive,27202176,CC(=O)N1CCN(c2ccc(OCC3COC(Cn4ccnc4)(c4ccc(Cl)cc4Cl)O3)cc2)CC1,XMAYWYJOQHXEEK-UHFFFAOYSA-N,3823.0,530.148760736,4.205800000000003,69.06
O=C([O-])Cc1ccccc1Nc1c(Cl)cccc1Cl.[Na+],1.1269,Inactive,27268958,O=C([O-])Cc1ccccc1Nc1c(Cl)cccc1Cl.[Na+],KPHWPUGNDIVLNH-UHFFFAOYSA-M,5018304.0,316.9986282,0.033399999999999,52.16
COCCc1ccc(OCC(O)CNC(C)C)cc1.O=C(O)C(O)C(O)C(=O)O,1.16815,Inactive,27334680,COCCc1ccc(OCC(O)CNC(C)C)cc1.O=C(O)C(O)C(O)C(=O)O,WPTKISQJQVFSQI-UHFFFAOYSA-N,5702086.0,417.1998815719999,-0.5093999999999974,165.77999999999997
CC(=O)OC1C(=O)C2(C)C(O)CC3OCC3(OC(C)=O)C2C(OC(=O)c2ccccc2)C2(O)CC(O)C(C)=C1C2(C)C,1.01032,Inactive,27409254,CC(=O)OC1C(=O)C2(C)C(O)CC3OCC3(OC(C)=O)C2C(OC(=O)c2ccccc2)C2(O)CC(O)C(C)=C1C2(C)C,OVMSOCFBDVBLFW-UHFFFAOYSA-N,4357887.0,586.2414120359999,1.6525999999999994,165.89
O.OCC(O)C(O)C(OC1OC(CO)C(O)C(O)C1O)C(O)CO,0.99326,Inactive,27470393,O.OCC(O)C(O)C(OC1OC(CO)C(O)C(O)C1O)C(O)CO,LXMBXZRLTPSWCR-UHFFFAOYSA-N,21909805.0,362.1424262719999,-6.585899999999991,232.03
CC1CCCC(C)N1,1.10925,Inactive,27558503,CC1CCCC(C)N1,SDGKUVSVPIIUCF-UHFFFAOYSA-N,68843.0,113.12044948,1.5369,12.03
CC(O)C1C(=O)N2C(C(=O)[O-])=C(SC3Cn4cnc[n+]4C3)C(C)C12,0.30716,Inactive,27749501,CC(O)C1C(=O)N2C(C(=O)[O-])=C(SC3Cn4cnc[n+]4C3)C(C)C12,MRMBZHPJVKCOMA-UHFFFAOYSA-N,4488114.0,350.104876056,-1.894999999999997,102.37
CNNCc1ccc(C(=O)NC(C)C)cc1,1.0831,Inactive,27859814,CNNCc1ccc(C(=O)NC(C)C)cc1,CPTBDICYNRMXFX-UHFFFAOYSA-N,4915.0,221.152812228,1.0487999999999995,53.16
COc1ncnc(NS(=O)(=O)c2ccc(N)cc2)c1OC,1.031585,Inactive,27885462,COc1ncnc(NS(=O)(=O)c2ccc(N)cc2)c1OC,PJSFRIWCGOHTNF-UHFFFAOYSA-N,17134.0,310.073575928,0.8768,116.43
CC1C(NC(=O)C(=NOC(C)(C)C(=O)O)c2csc(N)n2)C(=O)N1S(=O)(=O)O,0.0498545,Active,27926044,CC1C(NC(=O)C(=NOC(C)(C)C(=O)O)c2csc(N)n2)C(=O)N1S(=O)(=O)O,WZPBZJONDBGPKJ-UHFFFAOYSA-N,2274.0,435.051854504,-1.172499999999998,201.58
O=C(O)c1cc(O)ccc1O,0.958985,Inactive,28001968,O=C(O)c1cc(O)ccc1O,WXTMDXOMEHJXQO-UHFFFAOYSA-N,3469.0,154.026608672,0.7959999999999998,77.76
CN1CC(O)C2=CC(=NNC(N)=O)C(=O)C=C21,0.97835,Inactive,28514357,CN1CC(O)C2=CC(=NNC(N)=O)C(=O)C=C21,XSXCZNVKFKNLPR-UHFFFAOYSA-N,,236.090940244,-1.2899999999999994,108.01999999999998
NC(C(=O)NC1C(=O)N2C(C(=O)O)=C(Cl)CSC12)c1ccccc1,0.049089,Active,28711108,NC(C(=O)NC1C(=O)N2C(C(=O)O)=C(Cl)CSC12)c1ccccc1,QYIYFLOTGYLRGG-UHFFFAOYSA-N,2609.0,367.039354608,0.6213000000000004,112.73
NC(Cc1cc(I)c(Oc2ccc(O)c(I)c2)c(I)c1)C(=O)O,1.07495,Inactive,28723092,NC(Cc1cc(I)c(Oc2ccc(O)c(I)c2)c(I)c1)C(=O)O,AUYYCJSJGJYCDS-UHFFFAOYSA-N,861.0,650.790051864,3.952700000000001,92.78000000000002
CC(=O)OC1(C(C)=O)CCC2C3CC(C)C4=CC(=O)CCC4(C)C3CCC21C,0.878445,Inactive,28780488,CC(=O)OC1(C(C)=O)CCC2C3CC(C)C4=CC(=O)CCC4(C)C3CCC21C,PSGAAPLEWMOORI-UHFFFAOYSA-N,4042.0,386.245709568,4.655200000000004,60.440000000000005
C#CC1(OC(C)=O)CCC2C3CCC4=CC(OC(C)=O)CCC4C3CCC21C,0.96166,Inactive,28812618,C#CC1(OC(C)=O)CCC2C3CCC4=CC(OC(C)=O)CCC4C3CCC21C,ONKUMRGIYFNPJW-UHFFFAOYSA-N,3304.0,384.230059504,4.425900000000004,52.6
CC(=O)OC1CCC2(C)C(CCC3(C)C2CC=C2C4CC(C)(C)CCC4(C(=O)O)CCC23C)C1(C)C,1.02155,Inactive,28826248,CC(=O)OC1CCC2(C)C(CCC3(C)C2CC=C2C4CC(C)(C)CCC4(C(=O)O)CCC23C)C1(C)C,RIXNFYQZWDGQAE-UHFFFAOYSA-N,619165.0,498.37091007999993,7.804400000000009,63.60000000000001
CCN(CCO)CCCC(C)Nc1ccnc2cc(Cl)ccc12.O=S(=O)(O)O,1.18235,Inactive,28833747,CCN(CCO)CCCC(C)Nc1ccnc2cc(Cl)ccc12.O=S(=O)(O)O,JCBIVZZPXRZKTI-UHFFFAOYSA-N,12947.0,433.1438196759999,3.1302000000000003,122.99
CN(C)CCOC(C)(c1ccccc1)c1ccccn1.O=C(O)CCC(=O)O,0.78665,Inactive,28884141,CN(C)CCOC(C)(c1ccccc1)c1ccccn1.O=C(O)CCC(=O)O,KBAUFVUYFNWQFM-UHFFFAOYSA-N,11224.0,388.1998219959999,2.8591000000000006,99.96
CC(C)=CCCC(C)=CCC1=C(C)C(=O)c2ccccc2C1=O,0.960465,Inactive,29557267,CC(C)=CCCC(C)=CCC1=C(C)C(=O)c2ccccc2C1=O,PTWSIIUEOFZCHW-UHFFFAOYSA-N,439321.0,308.177630008,5.464900000000005,34.14
Cc1c(CCC(=O)O)c2cc3[nH]c(cc4nc(cc5[nH]c(cc1n2)c(C)c5C(C)O)c(C)c4C(C)O)c(C)c3CCC(=O)O,1.06285,Inactive,29653259,CC1=C(CCC(=O)O)c2cc3[nH]c(cc4nc(cc5[nH]c(cc1n2)c(C)c5C(C)O)C(C)=C4C(C)O)c(C)c3CCC(=O)O,UJKPHYRXOLRVJJ-UHFFFAOYSA-N,154438332.0,598.2791349360001,6.109140000000008,172.41999999999996
Cl.Cl.NCCNCCNCCN,1.11845,Inactive,29759321,Cl.Cl.NCCNCCNCCN,WYHIICXRPHEJKI-UHFFFAOYSA-N,71433.0,218.106502,-1.0733999999999986,76.1
OCC1OC(OC2C(CO)OC(O)(CO)C2O)C(O)C(O)C1O,1.03381,Inactive,29779941,OCC1OC(OC2C(CO)OC(O)(CO)C2O)C(O)C(O)C1O,JCQLYHFGKNRPGE-UHFFFAOYSA-N,3872.0,342.11621152399994,-5.395599999999993,189.53
COc1ccccc1OCC(O)CO,1.1121,Inactive,29784583,COc1ccccc1OCC(O)CO,HSRJKNPTNIJEKV-UHFFFAOYSA-N,3516.0,198.089208928,0.4272000000000001,58.92
CC1CN(c2c(F)c(F)c3c(=O)c(C(=O)O)cn(C4CC4)c3c2F)CC(C)N1,0.04856,Active,29898355,CC1CN(c2c(F)c(F)c3c(=O)c(C(=O)O)cn(C4CC4)c3c2F)CC(C)N1,QIPQASLPWJVQMH-UHFFFAOYSA-N,3447239.0,395.1456761600001,2.6385000000000005,74.57
C=CC1CN2CCC1CC2C(O)c1ccnc2ccc(OC)cc12,1.01565,Inactive,30045747,C=CC1CN2CCC1CC2C(O)c1ccnc2ccc(OC)cc12,LOUPRKONTZGTKE-UHFFFAOYSA-N,1065.0,324.183778008,3.1732000000000014,45.59
O=C(O)c1cc(-c2ccc(F)cc2F)ccc1O,0.71961,Inactive,30098447,O=C(O)c1cc(-c2ccc(F)cc2F)ccc1O,HUPFGZXOMWLGNK-UHFFFAOYSA-N,3059.0,250.044150556,3.035600000000001,57.53
CC12CCC(=O)C=C1CCC1C2C(O)CC2(C)C1CCC2(O)C(=O)CO,1.0261,Inactive,30102518,CC12CCC(=O)C=C1CCC1C2C(O)CC2(C)C1CCC2(O)C(=O)CO,JYGXADMDTFJGBT-UHFFFAOYSA-N,3640.0,362.2093240599999,1.7815999999999996,94.83
NC(=O)N1c2ccccc2C=Cc2ccccc21,1.0338,Inactive,30127623,NC(=O)N1c2ccccc2C=Cc2ccccc21,FFGPTBGBLSHEPO-UHFFFAOYSA-N,2554.0,236.094963004,3.3872000000000018,46.330000000000005
NC(=O)NCCCC(N)C(=O)O,1.07035,Inactive,30257331,NC(=O)NCCCC(N)C(=O)O,RHGKLRLOHDJJDR-UHFFFAOYSA-N,833.0,175.095691276,-1.1531999999999991,118.44
C=CCc1ccc(OC)cc1,0.9027,Inactive,30298757,C=CCc1ccc(OC)cc1,ZFMSMUAANRJZFM-UHFFFAOYSA-N,8815.0,148.088815004,2.4237,9.23
COc1cc2c(cc1OC)CC(=O)N(CCCN(C)CC1Cc3cc(OC)c(OC)cc31)CC2.Cl,0.98993,Inactive,30358941,COc1cc2c(cc1OC)CC(=O)N(CCCN(C)CC1Cc3cc(OC)c(OC)cc31)CC2.Cl,HLUKNZUABFFNQS-UHFFFAOYSA-N,22034064.0,504.239099964,3.731800000000004,60.47000000000001
COc1cc(OC)c2c(c1Cl)OC1(C2=O)C(O)=CC(=O)CC1C,0.92479,Inactive,30389512,COc1cc(OC)c2c(c1Cl)OC1(C2=O)C(O)=CC(=O)CC1C,KUTVEHNZHKAAAO-UHFFFAOYSA-N,5126442.0,338.05571588,2.7219000000000007,82.06
O=C(OC1Cc2c(O)cc(O)cc2OC1c1ccc(O)c(O)c1)c1cc(O)c(O)c(O)c1,1.05055,Inactive,30589538,O=C(OC1Cc2c(O)cc(O)cc2OC1c1ccc(O)c(O)c1)c1cc(O)c(O)c(O)c1,LSHVYAFMTMFKBA-UHFFFAOYSA-N,367141.0,442.0899967759999,2.5276000000000005,177.14
O=C([O-])CCCO.[Na+],1.1131,Inactive,30618975,O=C([O-])CCCO.[Na+],XYGBKMMCQDZQOZ-UHFFFAOYSA-M,23663870.0,126.029288364,-4.487199999999998,60.36
C#CCN(C)C(C)Cc1ccccc1.Cl,1.01312,Inactive,30633525,C#CCN(C)C(C)Cc1ccccc1.Cl,IYETZZCWLLUHIJ-UHFFFAOYSA-N,92913.0,223.112777256,2.6044000000000014,3.24
Cl.c1ccc2c(c1)OCC(C1=NCCN1)O2,0.93645,Inactive,30763926,Cl.c1ccc2c(c1)OCC(C1=NCCN1)O2,MYUBYOVCLMEAOH-UHFFFAOYSA-N,154494.0,240.066555336,1.2498999999999998,42.85
CC(C)CCCC(C)C1CCC2C3CC=C4CC(=O)CCC4(C)C3CCC12C,1.0801,Inactive,30904446,CC(C)CCCC(C)C1CCC2C3CC=C4CC(=O)CCC4(C)C3CCC12C,GGCLNOIGPMGLDB-UHFFFAOYSA-N,11754.0,384.339216028,7.596900000000009,17.07
CCC(C)(C)c1ccc(CC(C)CN2CC(C)OC(C)C2)cc1.Cl,1.1278,Inactive,31020864,CCC(C)(C)c1ccc(CC(C)CN2CC(C)OC(C)C2)cc1.Cl,XZKWIPVTHGWDCF-UHFFFAOYSA-N,21989528.0,353.248542452,5.083800000000006,12.47
CC1(C)C(C(=O)O)N2C(=O)CC2S1(=O)=O,0.358025,Inactive,31098624,CC1(C)C(C(=O)O)N2C(=O)CC2S1(=O)=O,FKENQMMABCRJMK-UHFFFAOYSA-N,5316.0,233.035793452,-0.794999999999999,91.75
COc1ccc(-c2cc(=O)c3c(O)c(OC)c(OC)c(OC)c3o2)cc1,0.943275,Inactive,31241979,COc1ccc(-c2cc(=O)c3c(O)c(OC)c(OC)c(OC)c3o2)cc1,LXEVSYZNYDZSOB-UHFFFAOYSA-N,96539.0,358.105252916,3.200000000000002,87.36000000000001
CC1(C(=O)[O-])CCC2(C)CCC3(C)C(=CC(=O)C4C5(C)CCC(OC(=O)CCC(=O)[O-])C(C)(C)C5CCC43C)C2C1.[Na+].[Na+],1.05895,Inactive,31343604,CC1(C(=O)[O-])CCC2(C)CCC3(C)C(=CC(=O)C4C5(C)CCC(OC(=O)CCC(=O)[O-])C(C)(C)C5CCC43C)C2C1.[Na+].[Na+],BQENDLAVTKRQMS-UHFFFAOYSA-L,13055197.0,614.3195424360001,-1.8330999999999915,123.63
COCCCCC(=NOCCN)c1ccc(C(F)(F)F)cc1.O=C(O)C=CC(=O)O,0.94925,Inactive,31397005,COCCCCC(=NOCCN)c1ccc(C(F)(F)F)cc1.O=C(O)C=CC(=O)O,LFMYNZPAVPMEGP-UHFFFAOYSA-N,43725.0,434.1664711799999,2.9133000000000004,131.44
CCC(C)C(C(=O)OCC[N+](C)(CC)CC)c1ccccc1.[Br-],0.85746,Inactive,31475358,CCC(C)C(C(=O)OCC[N+](C)(CC)CC)c1ccccc1.[Br-],CEJGGHKJHDHLAZ-UHFFFAOYSA-M,7010.0,385.161641364,0.8499000000000017,26.3
CCNS(=O)(=O)C(F)(F)C(F)(F)C(F)(F)C(F)(F)C(F)(F)C(F)(F)C(F)(F)C(F)(F)F,0.97249,Inactive,31869435,CCNS(=O)(=O)C(F)(F)C(F)(F)C(F)(F)C(F)(F)C(F)(F)C(F)(F)C(F)(F)C(F)(F)F,CCEKAJIANROZEO-UHFFFAOYSA-N,77797.0,526.984779172,4.892600000000002,46.17
COc1ccc(-c2coc3cc(OC)ccc3c2=O)c(O)c1,0.90447,Inactive,31874702,COc1ccc(-c2coc3cc(OC)ccc3c2=O)c(O)c1,ZQOPJNNVXTYJMC-UHFFFAOYSA-N,643008.0,298.084123548,3.182800000000002,68.9
CN1CCc2nc(C(=O)NC3CC(C(=O)N(C)C)CCC3NC(=O)C(=O)Nc3ccc(Cl)cn3)sc2C1.Cc1ccc(S(=O)(=O)O)cc1.O,1.012635,Inactive,31943209,CN1CCc2nc(C(=O)NC3CC(C(=O)N(C)C)CCC3NC(=O)C(=O)Nc3ccc(Cl)cn3)sc2C1.Cc1ccc(S(=O)(=O)O)cc1.O,PSMMNJNZVZZNOI-UHFFFAOYSA-N,87252201.0,737.2068309200001,1.7066200000000027,222.5
Cc1cc2nc3ccc(N(C)C)cc3[s+]c2cc1N.[Cl-],1.10495,Inactive,31985703,Cc1cc2nc3ccc(N(C)C)cc3[s+]c2cc1N.[Cl-],HNONEKILPDHFOL-UHFFFAOYSA-M,,305.075346192,0.6912200000000003,42.150000000000006
COC(=O)C1CC(OC(C)=O)C(=O)C2C1(C)CCC1C(=O)OC(c3ccoc3)CC12C,1.01785,Inactive,32116654,COC(=O)C1CC(OC(C)=O)C(=O)C2C1(C)CCC1C(=O)OC(c3ccoc3)CC12C,OBSYBRPAKCASQB-UHFFFAOYSA-N,3969708.0,432.178417856,3.0001000000000007,109.11
Cl.Cl.OCCOCCN1CCN(C(c2ccccc2)c2ccc(Cl)cc2)CC1,1.001455,Inactive,32157091,Cl.Cl.OCCOCCN1CCN(C(c2ccccc2)c2ccc(Cl)cc2)CC1,ANOMHKZSQFYSBR-UHFFFAOYSA-N,91513.0,446.129461208,3.8995000000000033,35.940000000000005
CC(C)(C)NC(=O)C1CCC2C3CCC4NC(=O)C=CC4(C)C3CCC12C,1.09675,Inactive,32267263,CC(C)(C)NC(=O)C1CCC2C3CCC4NC(=O)C=CC4(C)C3CCC12C,DBEPLOCGEIEOCV-UHFFFAOYSA-N,3350.0,372.277678392,3.8145000000000016,58.2
CCOc1nc2cccc(C(=O)OC(C)OC(=O)OC3CCCCC3)c2n1Cc1ccc(-c2ccccc2-c2nnn[nH]2)cc1,0.795055,Inactive,32439929,CCOc1nc2cccc(C(=O)OC(C)OC(=O)OC3CCCCC3)c2n1Cc1ccc(-c2ccccc2-c2nnn[nH]2)cc1,GHOSNRCGJFBJIB-UHFFFAOYSA-N,2540.0,610.253982808,6.319100000000007,143.34
CC(C)(Oc1ccc(C2CC2(Cl)Cl)cc1)C(=O)O,1.05545,Inactive,32619913,CC(C)(Oc1ccc(C2CC2(Cl)Cl)cc1)C(=O)O,KPSRODZRAIWAKH-UHFFFAOYSA-N,2763.0,288.031999668,3.589800000000003,46.53
Cl.N#Cc1ccc2[nH]cc(CCCCN3CCN(c4ccc5oc(C(N)=O)cc5c4)CC3)c2c1,0.875125,Inactive,32629727,Cl.N#Cc1ccc2[nH]cc(CCCCN3CCN(c4ccc5oc(C(N)=O)cc5c4)CC3)c2c1,RPZBRGFNBNQSOP-UHFFFAOYSA-N,6918313.0,477.193152816,4.451380000000002,102.29
O=C1CN(N=Cc2ccc(-c3ccc([N+](=O)[O-])cc3)o2)C(=O)[N-]1.[Na+],1.05815,Inactive,32663544,O=C1CN(N=Cc2ccc(-c3ccc([N+](=O)[O-])cc3)o2)C(=O)[N-]1.[Na+],KSRLIXGNPXAZHD-UHFFFAOYSA-M,32731.0,336.047063668,-0.4714000000000002,120.12
O=c1[nH]cnc2nc[nH]c12,1.05415,Inactive,32743004,O=c1[nH]cnc2nc[nH]c12,FDGQSTZJBFJUBT-UHFFFAOYSA-N,790.0,136.038510748,-0.3538,74.43
COc1cc(OC)c2c(=O)c(O)c(-c3ccc(OC)c(OC)c3)oc2c1,0.93158,Inactive,32753893,COc1cc(OC)c2c(=O)c(O)c(-c3ccc(OC)c(OC)c3)oc2c1,AAASNKNLMQBKFV-UHFFFAOYSA-N,97142.0,358.105252916,3.200000000000001,87.36000000000001
CCOc1cc(NC(C)=O)ccc1C(=O)OC,1.13745,Inactive,32775376,CCOc1cc(NC(C)=O)ccc1C(=O)OC,GOVWOKSKFSBNGD-UHFFFAOYSA-N,6034.0,237.10010796,1.8303,64.63
Nc1nc2c(ncn2COCCO)c(=O)[nH]1,1.05915,Inactive,32843496,Nc1nc2c(ncn2COCCO)c(=O)[nH]1,MKUXAQIIEYXACX-UHFFFAOYSA-N,135398513.0,225.086189212,-1.3318000000000003,119.04999999999998
CCCCCCc1ccc(O)cc1O.Nc1c2ccccc2nc2ccccc12,0.591485,Inactive,32859566,CCCCCCc1ccc(O)cc1O.Nc1c2ccccc2nc2ccccc12,YZODJQFXMFEJRM-UHFFFAOYSA-N,24144.0,388.2150781360001,6.190800000000007,79.37
CNCCC(Oc1cccc2ccccc12)c1cccs1.Cl,0.907025,Inactive,32940980,CNCCC(Oc1cccc2ccccc12)c1cccs1.Cl,BFFSMCNJSOPUAY-UHFFFAOYSA-N,11966283.0,333.09541294,5.052700000000004,21.26
O=c1c(O)c(-c2ccc(O)c(O)c2)oc2c(O)c(O)cc(O)c12,1.10915,Inactive,33005163,O=c1c(O)c(-c2ccc(O)c(O)c2)oc2c(O)c(O)cc(O)c12,YRRAGUMVDQQZIY-UHFFFAOYSA-N,5280647.0,318.03756728,1.6936000000000002,151.59
CCOC(=O)Nc1ccc(NCc2ccc(F)cc2)nc1N.O=C(O)C=CC(=O)O,0.988705,Inactive,33073569,CCOC(=O)Nc1ccc(NCc2ccc(F)cc2)nc1N.O=C(O)C=CC(=O)O,DPYIXBFZUMCMJM-UHFFFAOYSA-N,53275.0,420.144512612,2.6952,163.87
Oc1ccnc(S)n1,1.07925,Inactive,33306764,Oc1ccnc(S)n1,ZEMGGZBWXRYJHK-UHFFFAOYSA-N,1269845.0,128.004433748,0.4708999999999999,46.010000000000005
COc1ccc(OC)c(C(O)C(C)N)c1.Cl,0.98496,Inactive,33494389,COc1ccc(OC)c(C(O)C(C)N)c1.Cl,YGRFXPCHZBRUKP-UHFFFAOYSA-N,6081.0,247.097521116,1.5062,64.71
CCCN1CC(CSC)CC2c3cccc4[nH]cc(c34)CC21.CS(=O)(=O)O,1.1535,Inactive,33720050,CCCN1CC(CSC)CC2c3cccc4[nH]cc(c34)CC21.CS(=O)(=O)O,UWCVGPLTGZWHGS-UHFFFAOYSA-N,21871606.0,410.1697848199999,3.775100000000002,73.4
O=C1C(O)=C(O)C(=O)C(O)=C1O,0.95137,Inactive,33778997,O=C1C(O)=C(O)C(=O)C(O)=C1O,DGQOCLATAPFASR-UHFFFAOYSA-N,5424.0,172.00078784800002,-0.2065999999999999,115.06
Br.NC(=O)C(c1ccccc1)(c1ccccc1)C1CCN(CCc2ccc3c(c2)CCO3)C1,1.10975,Inactive,33905076,Br.NC(=O)C(c1ccccc1)(c1ccccc1)C1CCN(CCc2ccc3c(c2)CCO3)C1,UQAVIASOPREUIT-UHFFFAOYSA-N,21883196.0,506.1568903320001,4.535400000000004,55.56
COc1cc(O)c2c(=O)cc(C)oc2c1CC=C(C)C,0.918475,Inactive,34013605,COc1cc(O)c2c(=O)cc(C)oc2c1CC=C(C)C,KVNRDSLYCOJCRD-UHFFFAOYSA-N,4643333.0,274.120509056,3.324320000000002,59.67
CC(=O)Nc1cccc(O)c1,1.0818,Inactive,34096931,CC(=O)Nc1cccc(O)c1,QLNWXBAGRTUKKI-UHFFFAOYSA-N,12124.0,151.063328528,1.3505999999999998,49.33
CC(C)(C)c1ccc(C(=O)CCCN2CCC(OC(c3ccccc3)c3ccccc3)CC2)cc1,0.904095,Inactive,34114001,CC(C)(C)c1ccc(C(=O)CCCN2CCC(OC(c3ccccc3)c3ccccc3)CC2)cc1,MJJALKDDGIKVBE-UHFFFAOYSA-N,3191.0,469.298079488,7.217600000000008,29.540000000000003
Cc1ncc([N+](=O)[O-])n1CC(O)CCl,1.10375,Inactive,34210217,Cc1ncc([N+](=O)[O-])n1CC(O)CCl,IPWKIXLWTCNBKN-UHFFFAOYSA-N,28061.0,219.04106886,0.6994199999999999,81.19
Cl.N=C(N)NC(=N)N1CCOCC1,0.96344,Inactive,34214709,Cl.N=C(N)NC(=N)N1CCOCC1,FXYZDFSNBBOHTA-UHFFFAOYSA-N,76621.0,207.088687748,-0.8417600000000003,98.22
CC(C)CCCC(C)C1CCC2C3CC=C4CC(O)CCC4(C)C3CCC12C,1.0164,Inactive,34284648,CC(C)CCCC(C)C1CCC2C3CC=C4CC(O)CCC4(C)C3CCC12C,HVYWMOMLDIMFJA-UHFFFAOYSA-N,304.0,386.354866092,7.388700000000009,20.23
Cn1c(=O)c2c(ncn2CC(=O)O)n(C)c1=O,1.0876,Inactive,34564053,Cn1c(=O)c2c(ncn2CC(=O)O)n(C)c1=O,HCYFGRCYSCXKNQ-UHFFFAOYSA-N,69550.0,238.0702048,-1.4816999999999998,99.12
CC(C)=CCOc1cc2oc(=O)ccc2cc1O,1.05385,Inactive,34754646,CC(C)=CCOc1cc2oc(=O)ccc2cc1O,AWEFUQDNSBBNCR-UHFFFAOYSA-N,3873459.0,246.089208928,2.8436000000000017,59.67
Oc1ccc(O)cc1,1.14035,Inactive,35214314,Oc1ccc(O)cc1,QIGBRXMKCJKVMJ-UHFFFAOYSA-N,785.0,110.036779432,1.0978,40.46
CC1C=CC=CC=CC=CC=CC=CC=CC(OC2OC(C)C(O)C(N)C2O)CC2OC(O)(CC(O)CC(O)C(O)CCC(O)CC(O)CC(=O)OC(C)C(C)C1O)CC(O)C2C(=O)O,1.020935,Inactive,35327280,CC1C=CC=CC=CC=CC=CC=CC=CC(OC2OC(C)C(O)C(N)C2O)CC2OC(O)(CC(O)CC(O)C(O)CCC(O)CC(O)CC(=O)OC(C)C(C)C1O)CC(O)C2C(=O)O,APKFDSVGJQXUKY-UHFFFAOYSA-N,1972.0,923.4878498760002,0.7117000000000053,319.61
CC(=O)Oc1cccc(C(=O)O)c1OC(C)=O,1.0846,Inactive,35385801,CC(=O)Oc1cccc(C(=O)O)c1OC(C)=O,NYIZXMGNIUSNKL-UHFFFAOYSA-N,68093.0,238.04773804,1.2354,89.9
CCCCC(CC)COC(=O)C(C#N)=C(c1ccccc1)c1ccccc1,1.03011,Inactive,35401471,CCCCC(CC)COC(=O)C(C#N)=C(c1ccccc1)c1ccccc1,FMJSMJQBSVNSBF-UHFFFAOYSA-N,22571.0,361.2041791040001,5.771680000000005,50.09
Cl.c1ccc2c(CC3=NCCN3)cccc2c1,1.1205,Inactive,35689504,Cl.c1ccc2c(CC3=NCCN3)cccc2c1,DJDFFEBSKJCGHC-UHFFFAOYSA-N,11079.0,246.09237616,2.8058000000000005,24.39
Cl.NC12CC3CC(CC(C3)C1)C2,1.11775,Inactive,35790632,Cl.NC12CC3CC(CC(C3)C1)C2,WOLHOYHSEKDWQH-UHFFFAOYSA-N,64150.0,187.112777256,2.3357,26.02
CC(C(=O)O)c1ccc(N2Cc3ccccc3C2=O)cc1,1.09705,Inactive,35828817,CC(C(=O)O)c1ccc(N2Cc3ccccc3C2=O)cc1,RJMIEHBSYVWVIN-UHFFFAOYSA-N,3718.0,281.10519334,3.0351000000000017,57.61
COc1c(Cl)c(C)c(C(=O)Oc2cc(C)c(C(=O)O)c(O)c2)c(O)c1Cl,1.108,Inactive,35861011,COc1c(Cl)c(C)c(C(=O)Oc2cc(C)c(C(=O)O)c(O)c2)c(O)c1Cl,AESGLXVLIHUKMR-UHFFFAOYSA-N,73440796.0,400.0116581479999,3.9474400000000034,113.29
NS(=O)(=O)c1ccc(C(=O)O)cc1,0.923955,Inactive,35888936,NS(=O)(=O)c1ccc(C(=O)O)cc1,UCAGLBKTLXCODC-UHFFFAOYSA-N,8739.0,201.009578704,0.0321999999999999,97.46
CC(=O)Oc1c(C)c(C)c2c(c1C)CCC(C)(CCCC(C)CCCC(C)CCCC(C)C)O2,1.0731,Inactive,35984396,CC(=O)Oc1c(C)c(C)c2c(c1C)CCC(C)(CCCC(C)CCCC(C)CCCC(C)C)O2,ZAKOWWREFLAJOT-UHFFFAOYSA-N,2117.0,472.391645524,9.059960000000002,35.53
COc1ccc2c(c1)OC1COc3cc(OC)c(OC)cc3C1C2=O,0.989985,Inactive,36251290,COc1ccc2c(c1)OC1COc3cc(OC)c(OC)cc3C1C2=O,PYRZRPSTTNKOCS-UHFFFAOYSA-N,315227.0,342.110338296,2.832300000000001,63.220000000000006
CN1CCN(c2c(F)cc3c(=O)c(C(=O)O)cn(CCF)c3c2F)CC1,0.044175,Active,36685547,CN1CCN(c2c(F)cc3c(=O)c(C(=O)O)cn(CCF)c3c2F)CC1,XBJBPGROQZJDOJ-UHFFFAOYSA-N,3357.0,369.130026096,1.6991999999999998,65.78
CNC(CC(C)C)C(=O)NC1C(=O)NC(CC(N)=O)C(=O)NC2C(=O)NC3C(=O)NC(C(=O)NC(C(=O)O)c4cc(O)cc(O)c4-c4cc3ccc4O)C(O)c3ccc(c(Cl)c3)Oc3cc2cc(c3OC2OC(CO)C(O)C(O)C2OC2CC(C)(N)C(O)C(C)O2)Oc2ccc(cc2Cl)C1O.Cl,1.00463,Inactive,36955820,CNC(CC(C)C)C(=O)NC1C(=O)NC(CC(N)=O)C(=O)NC2C(=O)NC3C(=O)NC(C(=O)NC(C(=O)O)c4cc(O)cc(O)c4-c4cc3ccc4O)C(O)c3ccc(c(Cl)c3)Oc3cc2cc(c3OC2OC(CO)C(O)C(O)C2OC2CC(C)(N)C(O)C(C)O2)Oc2ccc(cc2Cl)C1O.Cl,LCTORFDMHNKUSG-UHFFFAOYSA-N,21864369.0,1483.4068773519998,0.5280000000000036,530.4900000000002
O=c1cc(-c2ccccc2)oc2c(O)c(O)ccc12,0.954315,Inactive,37041870,O=c1cc(-c2ccccc2)oc2c(O)c(O)ccc12,COCYGNDCWFKTMF-UHFFFAOYSA-N,1880.0,254.0579088,2.871200000000001,70.67
COP(=O)(OC)OC=C(Cl)Cl,1.00751,Inactive,37072836,COP(=O)(OC)OC=C(Cl)Cl,OEBRKCOSUFCWJD-UHFFFAOYSA-N,3039.0,219.945900694,2.680400000000001,44.760000000000005
C[N+](C)(CCOc1ccccc1)Cc1ccccc1.O=C([O-])c1cc2ccccc2cc1O,0.92967,Inactive,37137434,C[N+](C)(CCOc1ccccc1)Cc1ccccc1.O=C([O-])c1cc2ccccc2cc1O,PMPQCPQAHTXCDK-UHFFFAOYSA-M,54678490.0,443.209658408,4.250900000000005,69.59
CC(C=CC=C(C)C=CC1=C(C)CCCC1(C)C)=CC=CC=C(C)C=CC=C(C)C=CC1=C(C)CCCC1(C)C,0.98552,Inactive,37144671,CC(C=CC=C(C)C=CC1=C(C)CCCC1(C)C)=CC=CC=C(C)C=CC=C(C)C=CC1=C(C)CCCC1(C)C,OENHQHLEOONYIE-UHFFFAOYSA-N,573.0,536.438201792,12.605799999999975,0.0
CCOc1ccc(NC(C)=O)cc1,1.1446,Inactive,37203290,CCOc1ccc(NC(C)=O)cc1,CPJSUEIXXCENMM-UHFFFAOYSA-N,4754.0,179.094628656,2.0437,38.33
CC(C)(S)C(N)C(=O)O.NCCO,1.06585,Inactive,37382018,CC(C)(S)C(N)C(=O)O.NCCO,VFQYWICBKXXPNQ-UHFFFAOYSA-N,73440782.0,210.103813436,-0.9558999999999992,109.57
Cc1cc2nc3c(=O)[nH]c(=O)nc-3n(CC(O)C(O)C(O)COP(=O)([O-])O)c2cc1C.[Na+],0.98103,Inactive,37555150,Cc1cc2nc3c(=O)[nH]c(=O)nc-3n(CC(O)C(O)C(O)COP(=O)([O-])O)c2cc1C.[Na+],OHSHFZJLPYLRIP-UHFFFAOYSA-M,23666408.0,478.0865591299999,-5.234559999999995,210.92
CCn1cc(C(=O)O)c(=O)c2cc(F)c(N3CCNCC3)cc21,0.0456015,Active,37644530,CCn1cc(C(=O)O)c(=O)c2cc(F)c(N3CCNCC3)cc21,OGJPXUAPXNRGGI-UHFFFAOYSA-N,4539.0,319.133219656,1.2683,74.57000000000001
CCC(=O)NCCC1CCc2ccc3c(c21)CCO3,1.0867,Inactive,37657712,CCC(=O)NCCC1CCc2ccc3c(c21)CCO3,YLXDSYKOBKBWJQ-UHFFFAOYSA-N,9881626.0,259.157228912,2.5676000000000005,38.33
COc1cc(OC)c(OC)cc1C=O,0.910965,Inactive,37666302,COc1cc(OC)c(OC)cc1C=O,IAJBQAYHSQIQRE-UHFFFAOYSA-N,20525.0,196.073558864,1.5249,44.760000000000005
CCC(c1cccc(O)c1)C(C)CN(C)C.Cl,0.847215,Inactive,37727657,CCC(c1cccc(O)c1)C(C)CN(C)C.Cl,ZELFLGGRLLOERW-UHFFFAOYSA-N,23106934.0,257.154642068,3.505300000000003,23.47
CC1(C)CC2C1CCC1(C)OC1CCC2(C)O,0.966625,Inactive,37735676,CC1(C)CC2C1CCC1(C)OC1CCC2(C)O,KGYCKUADVHYVLM-UHFFFAOYSA-N,5024745.0,238.193280072,3.131200000000002,32.76
CCCCCCCC(=O)OCC(COC(=O)CCCCCCC)OC(=O)CCCCCCC,1.05775,Inactive,37858855,CCCCCCCC(=O)OCC(COC(=O)CCCCCCC)OC(=O)CCCCCCC,VLPFTAMPNXLGLX-UHFFFAOYSA-N,10850.0,470.36073932,7.066100000000009,78.9
C[N+](C)(C)CCCCCC[N+](C)(C)C.[Br-].[Br-],0.861725,Inactive,38020515,C[N+](C)(C)CCCCCC[N+](C)(C)C.[Br-].[Br-],FAPSXSAPXXJTOU-UHFFFAOYSA-L,5938.0,360.07757316,-4.032799999999993,0.0
CC1COc2c(C3(N)CC3)c(F)cc3c(=O)c(C(=O)O)cn1c23.CS(=O)(=O)O,0.04758,Active,38068870,CC1COc2c(C3(N)CC3)c(F)cc3c(=O)c(C(=O)O)cn1c23.CS(=O)(=O)O,UDHGFPATQWQARM-UHFFFAOYSA-N,44181914.0,414.0897001679999,1.2440000000000004,148.92
CC1(C)OC2CC3C4CC(F)C5=CC(=O)C=CC5(C)C4C(O)CC3(C)C2(C(=O)CO)O1,1.0663,Inactive,38139818,CC1(C)OC2CC3C4CC(F)C5=CC(=O)C=CC5(C)C4C(O)CC3(C)C2(C(=O)CO)O1,XSFJVAJPIHIPKU-UHFFFAOYSA-N,3379.0,434.2104669319999,2.2747000000000006,93.06
Nc1ccncc1,1.13275,Inactive,38249140,Nc1ccncc1,NUKYPUAOHBNCPY-UHFFFAOYSA-N,1727.0,94.053098192,0.6638000000000001,38.91
CC1(Cn2ccnn2)C(C(=O)O)N2C(=O)CC2S1(=O)=O,0.98549,Inactive,38254101,CC1(Cn2ccnn2)C(C(=O)O)N2C(=O)CC2S1(=O)=O,LPQZKKCYTLCDGQ-UHFFFAOYSA-N,4836.0,300.05284048399994,-1.523199999999998,122.45999999999998
CCC(C)C1OC2(C=CC1C)CC1CC(CC=C(C)C(OC3CC(OC)C(OC4CC(OC)C(O)C(C)O4)C(C)O3)C(C)C=CC=C3COC4C(O)C(C)=CC(C(=O)O1)C34O)O2,0.7697,Inactive,38292925,CCC(C)C1OC2(C=CC1C)CC1CC(CC=C(C)C(OC3CC(OC)C(OC4CC(OC)C(O)C(C)O4)C(C)O3)C(C)C=CC=C3COC4C(O)C(C)=CC(C(=O)O1)C34O)O2,RRZXIRBKKLTSOM-UHFFFAOYSA-N,2262.0,872.4922069840001,5.377400000000007,170.06
CC(COc1ccccc1)NC(C)C(O)c1ccc(O)cc1.Cl,1.02446,Inactive,38311850,CC(COc1ccccc1)NC(C)C(O)c1ccc(O)cc1.Cl,QVPSGVSNYPRFAS-UHFFFAOYSA-N,11368.0,337.144471308,3.2930000000000024,61.72
Cl.O=C(Nc1ccccc1)OCC(CN1CCCCC1)OC(=O)Nc1ccccc1,0.934475,Inactive,38316672,Cl.O=C(Nc1ccccc1)OCC(CN1CCCCC1)OC(=O)Nc1ccccc1,OWULVAZDMWJBLB-UHFFFAOYSA-N,10830.0,433.176834056,4.760100000000003,79.9
CC(C)c1nc(N(C)S(C)(=O)=O)nc(-c2ccc(F)cc2)c1C=CC(O)CC(O)CC(=O)[O-].[Ca+2],0.98546,Inactive,38354460,CC(C)c1nc(N(C)S(C)(=O)=O)nc(-c2ccc(F)cc2)c1C=CC(O)CC(O)CC(=O)[O-].[Ca+2],XDIJJHVJIZNZGO-UHFFFAOYSA-M,75094276.0,520.1225022040899,0.6861999999999999,143.75
CC1CCC2(C(=O)O)CCC3(C)C(=CCC4C5(C)CC(O)C(O)C(C)(CO)C5C(O)CC43C)C2C1C,1.1126,Inactive,38367340,CC1CCC2(C(=O)O)CCC3(C)C(=CCC4C5(C)CC(O)C(O)C(C)(CO)C5C(O)CC43C)C2C1C,PRAUVHZJPXOEIF-UHFFFAOYSA-N,258809.0,504.3450892559999,4.003500000000003,118.22
CC(=O)Oc1ccc(C=Cc2cc(OC(C)=O)cc(OC(C)=O)c2)cc1,0.83225,Inactive,38428954,CC(=O)Oc1ccc(C=Cc2cc(OC(C)=O)cc(OC(C)=O)c2)cc1,PDAYUJSOJIMKIS-UHFFFAOYSA-N,3935161.0,354.11033829599995,3.632900000000002,78.9
Br.Cn1c(=O)c2c(ncn2C)n(C)c1=O,1.0344,Inactive,38616751,Br.Cn1c(=O)c2c(ncn2C)n(C)c1=O,XXSSHQCOBPQFOL-UHFFFAOYSA-N,21966.0,274.006537692,-0.4514,61.82
CNc1ccccc1C(=O)O,0.802425,Inactive,38629194,CNc1ccccc1C(=O)O,WVMBPWMAQDVZCM-UHFFFAOYSA-N,67069.0,151.063328528,1.4265,49.33
CNCC(O)c1cccc(O)c1.Cl,1.038265,Inactive,38913046,CNCC(O)c1cccc(O)c1.Cl,OCYSGIYOVXAGKQ-UHFFFAOYSA-N,6102.0,203.071306368,1.0668,52.49
Cc1ccc(Cl)c(Nc2ccccc2C(=O)[O-])c1Cl.[Na+],0.954475,Inactive,38956672,Cc1ccc(Cl)c(Nc2ccccc2C(=O)[O-])c1Cl.[Na+],OGPIIGMUPMPMNT-UHFFFAOYSA-M,4038.0,316.9986282,0.4129200000000009,52.16
Cc1cc(N)c2ccccc2[n+]1CCCCCCCCCC[n+]1c(C)cc(N)c2ccccc21.[Cl-].[Cl-],0.627015,Inactive,38958089,Cc1cc(N)c2ccccc2[n+]1CCCCCCCCCC[n+]1c(C)cc(N)c2ccccc21.[Cl-].[Cl-],LTNZEXKYNRNOGT-UHFFFAOYSA-N,10649.0,526.2630026400001,0.1782400000000044,59.8
CC(=O)OC1CC23CC24CCC(OC2OCC(O)C(O)C2O)C(C)(C)C4CCC3C2(C)CC3OC4(CC(C)C3C12C)OC(O)C1(C)OC41,0.86946,Inactive,39097698,CC(=O)OC1CC23CC24CCC(OC2OCC(O)C(O)C2O)C(C)(C)C4CCC3C2(C)CC3OC4(CC(C)C3C12C)OC(O)C1(C)OC41,NEWMWGLPJQHSSQ-UHFFFAOYSA-N,15558324.0,676.3822626120001,3.028600000000001,156.67000000000002
CCCCOC(=O)c1ccc(O)cc1,1.0478,Inactive,39098436,CCCCOC(=O)c1ccc(O)cc1,QFOHBWFCKVYLES-UHFFFAOYSA-N,7184.0,194.094294308,2.349100000000001,46.53
CCCCC(=O)N(Cc1ccc(-c2ccccc2-c2nn[nH]n2)cc1)C(C(=O)O)C(C)C,1.2146,Inactive,39202664,CCCCC(=O)N(Cc1ccc(-c2ccccc2-c2nn[nH]n2)cc1)C(C(=O)O)C(C)C,ACWBQPMHZXGDFX-UHFFFAOYSA-N,5650.0,435.227039788,4.161700000000002,112.07
CN(C(=O)CN(CCO)CC(=O)N(C)C(C)(C)Cc1ccccc1)C(C)(C)Cc1ccccc1,0.877655,Inactive,39253644,CN(C(=O)CN(CCO)CC(=O)N(C)C(C)(C)Cc1ccccc1)C(C)(C)Cc1ccccc1,FTLDJPRFCGDUFH-UHFFFAOYSA-N,4621.0,467.314792172,3.2401000000000018,64.09
CCC1OC(=O)C(C)C(OC2CC(C)(OC)C(O)C(C)O2)C(C)C(OC2OC(C)CC(N(C)C)C2O)C(C)(O)CC(C)C(=NOCOCCOC)C(C)C(O)C1(C)O,0.613215,Inactive,39419742,CCC1OC(=O)C(C)C(OC2CC(C)(OC)C(O)C(C)O2)C(C)C(OC2OC(C)CC(N(C)C)C2O)C(C)(O)CC(C)C(=NOCOCCOC)C(C)C(O)C1(C)O,RXZBMPWDPOLZGW-UHFFFAOYSA-N,5106.0,836.524569732,2.209600000000008,216.89
S=P(N1CC1)(N1CC1)N1CC1,0.95132,Inactive,39808553,S=P(N1CC1)(N1CC1)N1CC1,FOCVUCIESVLUNU-UHFFFAOYSA-N,5453.0,189.048955014,0.1577000000000001,9.03
O=c1c2cc(O)c(O)cc2oc2cc(O)c(C3OC(CO)C(O)C(O)C3O)c(O)c12,0.995925,Inactive,39824355,O=c1c2cc(O)c(O)cc2oc2cc(O)c(C3OC(CO)C(O)C(O)C3O)c(O)c12,AEDDIBAIWPIIBD-UHFFFAOYSA-N,5358385.0,422.0849113959999,-0.7165000000000005,201.28
OCc1ccccc1,1.0281,Inactive,39847547,OCc1ccccc1,WVDDGKGOMKODPV-UHFFFAOYSA-N,244.0,108.057514876,1.1789,20.23
CCC1OC(=O)C(C)C(=O)C(C)C(OC2OC(C)CC(N(C)C)C2O)C(C)(OC)CC(C)C(=O)C(C)C2N(CCCCn3cnc(-c4cccnc4)c3)C(=O)OC12C,0.0498545,Active,39907434,CCC1OC(=O)C(C)C(=O)C(C)C(OC2OC(C)CC(N(C)C)C2O)C(C)(OC)CC(C)C(=O)C(C)C2N(CCCCn3cnc(-c4cccnc4)c3)C(=O)OC12C,LJVAJPDWBABPEJ-UHFFFAOYSA-N,21881641.0,811.4731432799999,4.929200000000005,171.85
Cc1onc(-c2ccccc2)c1C(=O)NC1C(=O)N2C1SC(C)(C)C2C(=O)[O-].[Na+],1.09965,Inactive,39930625,Cc1onc(-c2ccccc2)c1C(=O)NC1C(=O)N2C1SC(C)(C)C2C(=O)[O-].[Na+],VDUVBBMAXXHEQP-UHFFFAOYSA-M,3664549.0,423.086485956,-2.4353799999999968,115.57
CC1(C)CCCC2(C)C1CCC1(C)OC(=O)CC12,0.873315,Inactive,39949682,CC1(C)CCCC2(C)C1CCC1(C)OC(=O)CC12,IMKJGXCIJJXALX-UHFFFAOYSA-N,61129.0,250.193280072,3.934600000000003,26.3
COC(=O)c1c(C)c2c(c(C)c1OC)OC(=O)c1c(C)c(Cl)c(OC)c(Cl)c1O2,1.17425,Inactive,40242722,COC(=O)c1c(C)c2c(c(C)c1OC)OC(=O)c1c(C)c(Cl)c(OC)c(Cl)c1O2,PDTLWAZKMKQSLD-UHFFFAOYSA-N,3310692.0,440.042958276,5.047360000000004,80.29
CC(=O)Nc1ccc(O)cc1,1.11455,Inactive,40270045,CC(=O)Nc1ccc(O)cc1,RZVAJINKPMORJF-UHFFFAOYSA-N,1983.0,151.063328528,1.3505999999999998,49.33
O=c1c(O)cccc2cc(O)c(O)c(O)c12,0.903155,Inactive,40282268,O=c1c(O)cccc2cc(O)c(O)c(O)c12,WDGFFVCWBZVLCE-UHFFFAOYSA-N,5281571.0,220.037173356,1.0223999999999998,97.99
O=C(O)c1cc2ccccc2c(Cc2c(O)c(C(=O)O)cc3ccccc23)c1O.OCCOCCN1CCN(C(c2ccccc2)c2ccc(Cl)cc2)CC1,1.16565,Inactive,40395234,O=C(O)c1cc2ccccc2c(Cc2c(O)c(C(=O)O)cc3ccccc23)c1O.OCCOCCN1CCN(C(c2ccccc2)c2ccc(Cl)cc2)CC1,ASDOKGIIKXGMNB-UHFFFAOYSA-N,25096.0,762.270794016,7.447300000000008,151.0
NC(=O)CC(N)C(=O)O.O,0.956405,Inactive,40474416,NC(=O)CC(N)C(=O)O.O,RBMGJIZCEWRQES-UHFFFAOYSA-N,522362.0,150.0640568,-2.551,137.91000000000005
CCC1(O)C(=O)OCc2c1cc1n(c2=O)Cc2cc3ccccc3nc2-1,0.976205,Inactive,40554204,CCC1(O)C(=O)OCc2c1cc1n(c2=O)Cc2cc3ccccc3nc2-1,VSJKWCGYPAHWDS-UHFFFAOYSA-N,2538.0,348.111006992,2.0796,81.42
C=CCc1ccc(O)c(OC)c1,1.1026,Inactive,40638586,C=CCc1ccc(O)c(OC)c1,RRAFCDWBNXTKKO-UHFFFAOYSA-N,3314.0,164.083729624,2.1293,29.46
O=C(O)c1ccccc1O,0.999285,Inactive,40781030,O=C(O)c1ccccc1O,YGSDEFSMJLZEOE-UHFFFAOYSA-N,338.0,138.031694052,1.0903999999999998,57.53
CCc1c(C)[nH]c2c1C(=O)C(CN1CCOCC1)CC2.Cl,1.10875,Inactive,40819395,CCc1c(C)[nH]c2c1C(=O)C(CN1CCOCC1)CC2.Cl,GQWNECFJGBQMBO-UHFFFAOYSA-N,27421.0,312.16045572,2.3846200000000013,45.33
COC(=O)CC1C(C)(C)C(OC(C)=O)C2CC3C4CC(=O)OC(c5ccoc5)C4(C)CCC3C1(C)C2=O,0.979375,Inactive,41077681,COC(=O)CC1C(C)(C)C(OC(C)=O)C2CC3C4CC(=O)OC(c5ccoc5)C4(C)CCC3C1(C)C2=O,INDUNANCUDNZJY-UHFFFAOYSA-N,5008752.0,514.256668176,4.662400000000004,109.11
CC1OC(OC2C(CO)OC(OC3C(CO)OC(O)C(O)C3O)C(O)C2O)C(O)C(O)C1NC1C=C(CO)C(O)C(O)C1O,1.0139,Inactive,41123536,CC1OC(OC2C(CO)OC(OC3C(CO)OC(O)C(O)C3O)C(O)C2O)C(O)C(O)C1NC1C=C(CO)C(O)C(O)C1O,XUFXOAAUWZOOIT-UHFFFAOYSA-N,4432690.0,645.2480135359999,-8.564500000000002,321.17
CC(C)C(N)C(=O)OCC(CO)OCn1cnc2c(=O)[nH]c(N)nc21.Cl,1.13125,Inactive,41229589,CC(C)C(N)C(=O)OCC(CO)OCn1cnc2c(=O)[nH]c(N)nc21.Cl,ZORWARFPXPVJLW-UHFFFAOYSA-N,135990057.0,390.1418455160001,-1.014899999999999,171.37
Cl.Cl.Cl.NCCCCNCCCN,0.931825,Inactive,41261402,Cl.Cl.Cl.NCCCCNCCCN,LCNBIHVSOPXFMR-UHFFFAOYSA-N,9539.0,253.087930744,0.9291,64.07
Cl.Clc1ccccc1CN1CCc2sccc2C1,0.98319,Inactive,41280027,Cl.Clc1ccccc1CN1CCc2sccc2C1,MTKNGOHFNXIVOS-UHFFFAOYSA-N,65335.0,299.03022584,4.381600000000003,3.24
CC12CC(OC1=O)C1(C)CCC3(C)C(=CCC4C5(C)CCC(O)C(C)(C)C5CCC43C)C1C2,1.02665,Inactive,41302508,CC12CC(OC1=O)C1(C)CCC3(C)C(=CCC4C5(C)CCC(O)C(C)(C)C5CCC43C)C1C2,HHQJBWYXBWOFJY-UHFFFAOYSA-N,5257561.0,454.344695332,6.684300000000009,46.53
Cl.Clc1cccc(Cl)c1N=C1NCCN1,1.2064,Inactive,41402478,Cl.Clc1cccc(Cl)c1N=C1NCCN1,ZNIFSRGNXRYGHF-UHFFFAOYSA-N,20179.0,264.99403036,2.5955000000000004,36.42
CCC1(CC)C(=O)C=CNC1=O,1.1053,Inactive,41502940,CCC1(CC)C(=O)C=CNC1=O,NZASCBIBXNPDMH-UHFFFAOYSA-N,4994.0,167.094628656,1.0053999999999998,46.17
O=C(O)CCCCCCCCCCCCC1C=CCC1,0.83381,Inactive,41580020,O=C(O)CCCCCCCCCCCCC1C=CCC1,XMVQWNRDPAAMJB-UHFFFAOYSA-N,72853.0,280.240230264,5.718400000000007,37.3
CC(C)NCC(O)COc1ccc(COCCOC(C)C)cc1.O=C(O)C=CC(=O)O,1.04165,Inactive,41714074,CC(C)NCC(O)COc1ccc(COCCOC(C)C)cc1.O=C(O)C=CC(=O)O,RZPZLFIUFMNCLY-UHFFFAOYSA-N,53394791.0,441.2362670799999,2.077699999999999,134.55
O=C1c2c(O)cccc2C(C2OC(CO)C(O)C(O)C2O)c2cc(CO)cc(O)c21,0.87809,Inactive,41734225,O=C1c2c(O)cccc2C(C2OC(CO)C(O)C(O)C2O)c2cc(CO)cc(O)c21,AFHJQYHRLPMKHU-UHFFFAOYSA-N,313325.0,418.12638228399993,-0.8912000000000002,167.91
COc1cccc(-c2cc(=O)c3cc(OC)ccc3o2)c1,0.877765,Inactive,41768657,COc1cccc(-c2cc(=O)c3cc(OC)ccc3o2)c1,LLLIKVGWTVPYAL-UHFFFAOYSA-N,676293.0,282.089208928,3.4772000000000025,48.67
CN1CCc2cc3c(cc2C1C1OC(=O)c2c1ccc1c2OCO1)OCO3,1.09505,Inactive,41847145,CN1CCc2cc3c(cc2C1C1OC(=O)c2c1ccc1c2OCO1)OCO3,IYGYMKDQCDOMRE-UHFFFAOYSA-N,2376.0,367.105587264,2.5847,66.46000000000001
CC1=C(CC(=O)O)c2cc(F)ccc2C1=Cc1ccc(S(C)=O)cc1,1.05205,Inactive,42042756,CC1=C(CC(=O)O)c2cc(F)ccc2C1=Cc1ccc(S(C)=O)cc1,MLKXDPUZXIRXEP-UHFFFAOYSA-N,5352.0,356.088243624,4.365500000000003,54.37
O=C(O)c1cc(O)c2c(c1)C(C1c3cc(C(=O)O)cc(O)c3C(=O)c3c(OC4OC(CO)C(O)C(O)C4O)cccc31)c1cccc(OC3OC(CO)C(O)C(O)C3O)c1C2=O,1.011915,Inactive,42223229,O=C(O)c1cc(O)c2c(c1)C(C1c3cc(C(=O)O)cc(O)c3C(=O)c3c(OC4OC(CO)C(O)C(O)C4O)cccc31)c1cccc(OC3OC(CO)C(O)C(O)C3O)c1C2=O,IPQVTOJGNYVQEO-UHFFFAOYSA-N,5199.0,862.1956436160001,-1.0956000000000004,347.96
COc1cc(C2c3cc4c(cc3C(OC3OC5COC(c6cccs6)OC5C(O)C3O)C3COC(=O)C23)OCO4)cc(OC)c1O,1.15605,Inactive,42239452,COc1cc(C2c3cc4c(cc3C(OC3OC5COC(c6cccs6)OC5C(O)C3O)C3COC(=O)C23)OCO4)cc(OC)c1O,NRUKOCRGYNPUPR-UHFFFAOYSA-N,5396.0,656.156362084,2.752900000000001,160.83
NC(CO)(CO)CO.O=C(c1ccccc1)c1ccc2n1CCC2C(=O)O,0.914475,Inactive,42352587,NC(CO)(CO)CO.O=C(c1ccccc1)c1ccc2n1CCC2C(=O)O,BWHLPLXXIDYSNW-UHFFFAOYSA-N,84003.0,376.163436488,-0.0482,146.01
CC(=O)OC(C)C[N+](C)(C)C.[Cl-],0.979515,Inactive,42357486,CC(=O)OC(C)C[N+](C)(C)C.[Cl-],JHPHVAVFUYTVCL-UHFFFAOYSA-M,6114.0,195.102606496,-2.3517999999999963,26.3
COC1CC(OC2C(C)OC(OC3C(C)=CCC4CC(CC5(C=CC(C)C(C6CCCCC6)O5)O4)OC(=O)C4C=C(C)C(O)C5OCC(=CC=CC3C)C45O)CC2OC)OC(C)C1O,0.90645,Inactive,42456340,COC1CC(OC2C(C)OC(OC3C(C)=CCC4CC(CC5(C=CC(C)C(C6CCCCC6)O5)O4)OC(=O)C4C=C(C)C(O)C5OCC(=CC=CC3C)C45O)CC2OC)OC(C)C1O,QLFZZSKTJWDQOS-UHFFFAOYSA-N,53398645.0,898.5078570480001,5.911600000000009,170.05999999999997
O=c1c(O)cc(C2Oc3cc(O)cc(O)c3CC2O)cc2c(C3Oc4cc(O)cc(O)c4CC3O)cc(O)c(O)c12,1.03477,Inactive,42522838,O=c1c(O)cc(C2Oc3cc(O)cc(O)c3CC2O)cc2c(C3Oc4cc(O)cc(O)c4CC3O)cc(O)c(O)c12,IPMYMEWFZKHGAX-UHFFFAOYSA-N,4263901.0,564.1267762079999,2.2134,217.6
FC(F)(F)COCC(F)(F)F,1.18135,Inactive,42627749,FC(F)(F)COCC(F)(F)F,KGPPDNUWZNWPSI-UHFFFAOYSA-N,9528.0,182.016634068,2.1276,9.23
CC(C)(C)N.CCCC(NC(C)C(=O)N1C(C(=O)O)CC2CCCCC21)C(=O)OCC,0.948285,Inactive,42745611,CC(C)(C)N.CCCC(NC(C)C(=O)N1C(C(=O)O)CC2CCCCC21)C(=O)OCC,IYNMDWMQHSMDDE-UHFFFAOYSA-N,14046113.0,441.320271476,2.684200000000001,121.96000000000002
CS(=O)(=O)[O-].C[n+]1ccccc1C=NO,0.990645,Inactive,42788118,CS(=O)(=O)[O-].C[n+]1ccccc1C=NO,WWZYJJGFUIAWNW-UHFFFAOYSA-N,65349.0,232.051777864,-0.5193999999999999,93.67
C[N+]1(C)CCC(OC(=O)C(O)(c2ccccc2)C2CCCC2)C1.[Br-],0.93258,Inactive,42811515,C[N+]1(C)CCC(OC(=O)C(O)(c2ccccc2)C2CCCC2)C1.[Br-],VPNYRYCIDCJBOM-UHFFFAOYSA-M,11693.0,397.125255856,-0.5396999999999981,46.53
CCOC(=O)c1c(C)cc(OC)cc1O,0.917155,Inactive,43120955,CCOC(=O)c1c(C)cc(OC)cc1O,PJOOIAZRUIIQMU-UHFFFAOYSA-N,80201.0,210.089208928,1.88592,55.760000000000005
CCC(C)(C)C(=O)OC1CC(C)C=C2C=CC(C)C(CCC3CC(O)CC(=O)O3)C21,1.153,Inactive,43267653,CCC(C)(C)C(=O)OC1CC(C)C=C2C=CC(C)C(CCC3CC(O)CC(=O)O3)C21,RYMZZMVNJRMUDD-UHFFFAOYSA-N,4677798.0,418.2719243159999,4.585600000000005,72.83
CCCCC(=O)OC1CCC2C3CCc4cc(O)ccc4C3CCC12C,0.872515,Inactive,43283249,CCCCC(=O)OC1CCC2C3CCc4cc(O)ccc4C3CCC12C,RSEPBGGWRJCQGY-UHFFFAOYSA-N,3267.0,356.235144884,5.350300000000006,46.53
CC1C=CC=CCCC=CC=CC=CC=CC(OC2OC(C)C(O)C(N)C2O)CC2OC(O)(CC(O)C(O)CCC(O)CC(O)CC(O)CC(=O)OC(C)C(C)C1O)CC(O)C2C(=O)O,1.05995,Inactive,43598193,CC1C=CC=CCCC=CC=CC=CC=CC(OC2OC(C)C(O)C(N)C2O)CC2OC(O)(CC(O)C(O)CCC(O)CC(O)CC(O)CC(=O)OC(C)C(C)C1O)CC(O)C2C(=O)O,VQOXZBDYSJBXMA-UHFFFAOYSA-N,4568.0,925.5034999400002,0.9357000000000052,319.61
O=C([O-])Cc1ccccc1.[Na+],0.933895,Inactive,43704248,O=C([O-])Cc1ccccc1.[Na+],HZOREEUASZHZBI-UHFFFAOYSA-M,23690424.0,158.034373744,-3.0169999999999995,40.13
Nc1nc(NC2CC2)c2ncn(C3C=CC(CO)C3)c2n1.O=S(=O)(O)O,1.1941,Inactive,43709551,Nc1nc(NC2CC2)c2ncn(C3C=CC(CO)C3)c2n1.O=S(=O)(O)O,MBFKCGGQTYQTLR-UHFFFAOYSA-N,21917711.0,384.12158874,0.4395000000000001,176.47999999999996
S=c1[nH]cnc2nc[nH]c12,0.82224,Inactive,43738261,S=c1[nH]cnc2nc[nH]c12,GLVAUDGFNGKCSF-UHFFFAOYSA-N,667490.0,152.015667128,1.0154899999999998,57.36
CC(=O)OC1CC(OC(C)=O)C2(C)C(CC(O)C3(C)C2CCC2(C)C(c4ccoc4)OC(=O)C4OC423)C1(C)C,0.98101,Inactive,43828592,CC(=O)OC1CC(OC(C)=O)C2(C)C(CC(O)C3(C)C2CCC2(C)C(c4ccoc4)OC(=O)C4OC423)C1(C)C,MRMHZWKIOFZZID-UHFFFAOYSA-N,3936276.0,544.2672328599999,4.118100000000004,124.8
CN1CCN(c2c(F)cc3c(=O)c(C(=O)O)cn4c3c2SCC4)CC1,0.043565,Active,43925741,CN1CCN(c2c(F)cc3c(=O)c(C(=O)O)cn4c3c2SCC4)CC1,NJCJBUHJQLFDSW-UHFFFAOYSA-N,58258.0,363.105290656,1.6963,65.78
CC(Oc1c(Cl)cccc1Cl)C1=NCCN1.Cl,1.02071,Inactive,44007989,CC(Oc1c(Cl)cccc1Cl)C1=NCCN1.Cl,DWWHMKBNNNZGHF-UHFFFAOYSA-N,30667.0,294.00934607600004,3.184200000000002,33.62
CC1=C(C(=O)O)N2C(=O)C(NC(=O)C(N)c3ccc(O)cc3)C2SC1,0.98552,Inactive,44144396,CC1=C(C(=O)O)N2C(=O)C(NC(=O)C(N)c3ccc(O)cc3)C2SC1,BOEGTKLJZSQCCD-UHFFFAOYSA-N,2610.0,363.088891644,0.150500000000001,132.96
CC(CCC(=O)O)C1CCC2C3CCC4CC(O)CCC4(C)C3CCC12C,0.822145,Inactive,44152324,CC(CCC(=O)O)C1CCC2C3CCC4CC(O)CCC4(C)C3CCC12C,SMEROWZSTRWXGI-UHFFFAOYSA-N,500165.0,376.29774514,5.507100000000006,57.53
COC(=O)Nc1nc2ccc(S(=O)c3ccccc3)cc2[nH]1,0.86832,Inactive,44260845,COC(=O)Nc1nc2ccc(S(=O)c3ccccc3)cc2[nH]1,BEZZFPOZAYTVHN-UHFFFAOYSA-N,40854.0,315.06776227600005,2.9079000000000006,84.07999999999998
CC(=O)OCC(COC(C)=O)OC(C)=O,1.01194,Inactive,44569668,CC(=O)OCC(COC(C)=O)OC(C)=O,URAYPUMNDPQOKB-UHFFFAOYSA-N,5541.0,218.079038168,0.0442999999999997,78.9
COc1c(C)c2c(c(O)c1CC=C(C)CCC(=O)O)C(=O)OC2,1.11925,Inactive,44649404,COc1c(C)c2c(c(O)c1CC=C(C)CCC(=O)O)C(=O)OC2,HPNSFSBZBAHARI-UHFFFAOYSA-N,4272.0,320.12598835999995,2.73322,93.06000000000002
CN(C)CCC=C1c2ccccc2COc2ccc(CC(=O)O)cc21.Cl,0.044173,Active,44861161,CN(C)CCC=C1c2ccccc2COc2ccc(CC(=O)O)cc21.Cl,HVRLZEKDTUEKQH-UHFFFAOYSA-N,60864.0,373.144471308,4.011300000000004,49.77
COC(=O)C1=C(C)NC(C)=C(C(=O)OCCN(C)Cc2ccccc2)C1c1cccc([N+](=O)[O-])c1.Cl,1.03925,Inactive,44939143,COC(=O)C1=C(C)NC(C)=C(C(=O)OCCN(C)Cc2ccccc2)C1c1cccc([N+](=O)[O-])c1.Cl,AIKVCUNQWYTVTO-UHFFFAOYSA-N,41114.0,515.18231336,4.099600000000004,111.01
CN1CCC2(C)c3cc(O)ccc3N(C)C12.O=C(O)C=CC(=O)O,0.96083,Inactive,45127506,CN1CCC2(C)c3cc(O)ccc3N(C)C12.O=C(O)C=CC(=O)O,PBZRRADJWNBPNY-UHFFFAOYSA-N,44134703.0,334.152871804,1.4731,101.31000000000002
CCCCCCCCCCCCCCCC[n+]1ccccc1.[Cl-],0.071299,Active,45211830,CCCCCCCCCCCCCCCC[n+]1ccccc1.[Cl-],YMKDRGPMQRFJGP-UHFFFAOYSA-M,31239.0,339.269277896,3.4594000000000014,3.88
Cl.O=C1CN2Cc3c(ccc(Cl)c3Cl)N=C2N1,0.91772,Inactive,45265514,Cl.O=C1CN2Cc3c(ccc(Cl)c3Cl)N=C2N1,TVWRQCIPWUCNMI-UHFFFAOYSA-N,135413494.0,290.97329491600004,2.3481000000000005,44.7
Cl.NC(=O)CCC(N)C(=O)O,1.025835,Inactive,45417910,Cl.NC(=O)CCC(N)C(=O)O,SNNIXEGBYLWWHH-UHFFFAOYSA-N,22255762.0,182.045819892,-0.9143999999999994,106.41
COc1cc(OC)c2c(c1)OC(c1ccccc1)CC2=O,0.8116,Inactive,45531154,COc1cc(OC)c2c(c1)OC(c1ccccc1)CC2=O,IAFBOKYTDSDNHV-UHFFFAOYSA-N,378567.0,284.104858992,3.410300000000002,44.760000000000005
CC1(C)OC2COC3(COS(N)(=O)=O)OC(C)(C)OC3C2O1,0.850465,Inactive,45588709,CC1(C)OC2COC3(COS(N)(=O)=O)OC(C)(C)OC3C2O1,KJADKKWYZYXHBB-UHFFFAOYSA-N,5514.0,339.098787632,-0.3953999999999982,115.54
CC1(O)CCOC(=O)C1,0.907555,Inactive,45607535,CC1(O)CCOC(=O)C1,JYVXNLLUYHCIIH-UHFFFAOYSA-N,10428.0,130.06299418,0.0744,46.53
CC(=O)OCC[N+](C)(C)C.[Cl-],1.1839,Inactive,45653606,CC(=O)OCC[N+](C)(C)C.[Cl-],JUGOREOARAHOCO-UHFFFAOYSA-M,6060.0,181.086956432,-2.740299999999996,26.3
C=CCSCC1Nc2cc(Cl)c(S(N)(=O)=O)cc2S(=O)(=O)N1,1.08395,Inactive,45659966,C=CCSCC1Nc2cc(Cl)c(S(N)(=O)=O)cc2S(=O)(=O)N1,VGLGVJVUHYTIIU-UHFFFAOYSA-N,2122.0,382.983496608,0.9365,118.36
CC1(C)C=Cc2c(c3c(c4c(=O)c(-c5ccc(O)cc5)coc24)OC(C)(C)CC3)O1,1.00002,Inactive,45746465,CC1(C)C=Cc2c(c3c(c4c(=O)c(-c5ccc(O)cc5)coc24)OC(C)(C)CC3)O1,FMCWKGDGAHVFMC-UHFFFAOYSA-N,1069873.0,404.1623738679999,5.453400000000006,68.9
Nc1nnc(-c2cccc(Cl)c2Cl)c(N)n1,0.73151,Inactive,45826839,Nc1nnc(-c2cccc(Cl)c2Cl)c(N)n1,PYZRQGJRPPTADH-UHFFFAOYSA-N,3878.0,255.007850584,2.0098,90.71
CCC=C(C(=O)NC1C(=O)N2C(C(=O)OCOC(=O)C(C)(C)C)=C(COC(N)=O)CSC12)c1csc(N)n1.Cl,0.0724155,Active,45895501,CCC=C(C(=O)NC1C(=O)N2C(C(=O)OCOC(=O)C(C)(C)C)=C(COC(N)=O)CSC12)c1csc(N)n1.Cl,ALPFRUJYOAKQQR-UHFFFAOYSA-N,3025813.0,603.1224326,1.7797999999999998,193.24
COC1C(OC(N)=O)C(O)C(Oc2ccc3c([O-])c(NC(=O)c4ccc(O)c(CC=C(C)C)c4)c(=O)oc3c2C)OC1(C)C.[Na+],0.70124,Inactive,46026658,COC1C(OC(N)=O)C(O)C(Oc2ccc3c([O-])c(NC(=O)c4ccc(O)c(CC=C(C)C)c4)c(=O)oc3c2C)OC1(C)C.[Na+],WWPRGAYLRGSOSU-UHFFFAOYSA-M,23710502.0,634.21385422,-0.0008799999999988,202.84
C[N+](C)(C)CCO.Cn1c(=O)c2[n-]cnc2n(C)c1=O,1.0605,Inactive,46071388,C[N+](C)(C)CCO.Cn1c(=O)c2[n-]cnc2n(C)c1=O,RLANKEDHRWMNRO-UHFFFAOYSA-M,,283.164439532,-1.725699999999997,91.22
COc1ccc(C2CC(=O)c3c(O)cc(O)cc3O2)cc1O,1.0332,Inactive,46183766,COc1ccc(C2CC(=O)c3c(O)cc(O)cc3O2)cc1O,AIONOLUJZLIMTK-UHFFFAOYSA-N,3593.0,302.079038168,2.518500000000001,96.22
Cc1cc(-c2ccc(N=Nc3ccc4c(S(=O)(=O)[O-])cc(S(=O)(=O)[O-])c(N)c4c3O)c(C)c2)ccc1N=Nc1ccc2c(S(=O)(=O)[O-])cc(S(=O)(=O)[O-])c(N)c2c1O.[Na+].[Na+].[Na+].[Na+],2.2632,Inactive,46236005,Cc1cc(-c2ccc(N=Nc3ccc4c(S(=O)(=O)[O-])cc(S(=O)(=O)[O-])c(N)c4c3O)c(C)c2)ccc1N=Nc1ccc2c(S(=O)(=O)[O-])cc(S(=O)(=O)[O-])c(N)c2c1O.[Na+].[Na+].[Na+].[Na+],ATNOAWAQFYGAOY-UHFFFAOYSA-J,9409.0,959.9824105680004,-6.6843600000000025,370.74
Cc1cccc(C)c1OCC(C)N.Cl,0.896155,Inactive,46275263,Cc1cccc(C)c1OCC(C)N.Cl,NFEIBWMZVIVJLQ-UHFFFAOYSA-N,21467.0,215.107691876,2.45124,35.25
Cc1cc(C2CCCCC2)n(O)c(=O)c1.NCCO,0.053435,Active,46309097,Cc1cc(C2CCCCC2)n(O)c(=O)c1.NCCO,MBRHNTMUYWQHMR-UHFFFAOYSA-N,38911.0,268.178692628,1.3791199999999997,88.48
C[N+](C)(C)CC(O)CC(=O)[O-],0.989425,Inactive,46320029,C[N+](C)(C)CC(O)CC(=O)[O-],PHIQHXFUZVPYII-UHFFFAOYSA-N,288.0,161.10519334,-1.8064999999999984,60.36
CC=CCC(C)C(O)C1C(=O)NC(CC)C(=O)N(C)CC(=O)N(C)C(CC(C)C)C(=O)NC(C(C)C)C(=O)N(C)C(CC(C)C)C(=O)NC(C)C(=O)NC(C)C(=O)N(C)C(CC(C)C)C(=O)N(C)C(CC(C)C)C(=O)N(C)C(C(C)C)C(=O)N1C,1.0539,Inactive,46323286,CC=CCC(C)C(O)C1C(=O)NC(CC)C(=O)N(C)CC(=O)N(C)C(CC(C)C)C(=O)NC(C(C)C)C(=O)N(C)C(CC(C)C)C(=O)NC(C)C(=O)NC(C)C(=O)N(C)C(CC(C)C)C(=O)N(C)C(CC(C)C)C(=O)N(C)C(C(C)C)C(=O)N1C,PMATZTZNYRCHOR-UHFFFAOYSA-N,2909.0,1201.8413679919995,3.269000000000005,278.8
Nc1ccc(S(N)(=O)=O)cc1,1.02694,Inactive,46620010,Nc1ccc(S(N)(=O)=O)cc1,FDDDEECHVMSUSB-UHFFFAOYSA-N,5333.0,172.030648496,-0.0838,86.18
O=C1CN(N=Cc2ccc([N+](=O)[O-])o2)C(=O)N1,0.046195,Active,46666388,O=C1CN(N=Cc2ccc([N+](=O)[O-])o2)C(=O)N1,NXFQHRVNIOXGAQ-UHFFFAOYSA-N,4509.0,238.033819292,0.0734999999999999,118.05
CCCCOc1ccc(CC(=O)NO)cc1,0.85675,Inactive,46927055,CCCCOc1ccc(CC(=O)NO)cc1,MXJWRABVEGLYDG-UHFFFAOYSA-N,2466.0,223.120843404,1.9134,58.56
COc1ccc(-c2coc3cc(OC)ccc3c2=O)cc1,1.06935,Inactive,47204347,COc1ccc(-c2coc3cc(OC)ccc3c2=O)cc1,LPNBCGIVZXHHHO-UHFFFAOYSA-N,136419.0,282.089208928,3.4772000000000025,48.67
CS(C)(=O)=O,1.04825,Inactive,47247926,CS(C)(=O)=O,HHVIBTZHLRERCL-UHFFFAOYSA-N,6213.0,94.008850432,-0.3391999999999999,34.14
Fc1ccc(Oc2ccnc3cc(Cl)cc(Cl)c23)cc1,1.14755,Inactive,47282821,Fc1ccc(Oc2ccnc3cc(Cl)cc(Cl)c23)cc1,WRPIRSINYZBGPK-UHFFFAOYSA-N,3391107.0,306.996697456,5.473000000000002,22.12
CC(C)C1=CC2=CCC3C(C)(C(=O)O)CCCC3(C)C2CC1,1.07405,Inactive,47396833,CC(C)C1=CC2=CCC3C(C)(C(=O)O)CCCC3(C)C2CC1,RSWGJHLUYNHPMX-UHFFFAOYSA-N,90895.0,302.2245802,5.206200000000004,37.3
COc1cc2c(cc1O)CCNC2C,1.1455,Inactive,47525665,COc1cc2c(cc1O)CCNC2C,YTPRLBGPGZHUPD-UHFFFAOYSA-N,46695.0,193.11027872,1.6075,41.49
Cc1cc(=O)n(-c2ccccc2)n1C,1.01528,Inactive,47661850,Cc1cc(=O)n(-c2ccccc2)n1C,VEQOALNAAJBPNY-UHFFFAOYSA-N,2206.0,188.094963004,1.48442,26.93
CCC(C(=O)[O-])C1CCC(C)C(C(C)C(O)C(C)C(=O)C(CC)C2OC3(C=CC(O)C4(CCC(C)(C5CCC(O)(CC)C(C)O5)O4)O3)C(C)CC2C)O1.[Na+],0.729025,Inactive,47764434,CCC(C(=O)[O-])C1CCC(C)C(C(C)C(O)C(C)C(=O)C(CC)C2OC3(C=CC(O)C4(CCC(C)(C5CCC(O)(CC)C(C)O5)O4)O3)C(C)CC2C)O1.[Na+],YPZYGIQXBGHDBH-UHFFFAOYSA-M,23686751.0,772.4737573080001,1.8573000000000055,164.04
COC(=O)CCC(C)C1CCC2C3C(O)CC4CC(O)CCC4(C)C3CC(O)C12C,1.0284,Inactive,47781224,COC(=O)CCC(C)C1CCC2C3C(O)CC4CC(O)CCC4(C)C3CC(O)C12C,DLYVTEULDNMQAR-UHFFFAOYSA-N,277782.0,422.303224444,3.5371000000000024,86.99000000000001
Cc1nc2n(c(=O)c1CCN1CCC(c3noc4cc(F)ccc34)CC1)CCCC2,1.09525,Inactive,47787980,Cc1nc2n(c(=O)c1CCN1CCC(c3noc4cc(F)ccc34)CC1)CCCC2,RAPZEAPATHNIPO-UHFFFAOYSA-N,5073.0,410.211804324,3.5904200000000026,64.16
C=C(C)C1CCC2(C)CCC3(C)C(CCC4C5(C)CCC(O)C(C)(C)C5CCC43C)C12,1.032475,Inactive,48148273,C=C(C)C1CCC2(C)CCC3(C)C(CCC4C5(C)CCC(O)C(C)(C)C5CCC43C)C12,MQYXUWHLBZFQQO-UHFFFAOYSA-N,521518.0,426.38616622,8.02480000000001,20.23
CCOP(=S)(OCC)SCSP(=S)(OCC)OCC,1.01975,Inactive,48162858,CCOP(=S)(OCC)SCSP(=S)(OCC)OCC,RIZMRRKBZQXFOY-UHFFFAOYSA-N,3286.0,383.9876164439999,5.005300000000004,36.92
CC1=C(C(=O)O)N2C(=O)C(NC(=O)C(N)C3=CCC=CC3)C2SC1,1.0748,Inactive,48456094,CC1=C(C(=O)O)N2C(=O)C(NC(=O)C(N)C3=CCC=CC3)C2SC1,RDLPVSKMFDYCOR-UHFFFAOYSA-N,2673.0,349.1096270880001,0.3486000000000011,112.73
COc1ccc(-c2coc3cc(O)cc(OC)c3c2=O)cc1,0.96168,Inactive,48474999,COc1ccc(-c2coc3cc(O)cc(OC)c3c2=O)cc1,JQQULYXWXRNRAX-UHFFFAOYSA-N,14308334.0,298.084123548,3.182800000000002,68.9
COC(=O)C(Cc1ccccc1)NC(=O)C(N)CC(=O)O,0.99536,Inactive,48709407,COC(=O)C(Cc1ccccc1)NC(=O)C(N)CC(=O)O,IAOZJIPTCAWIRG-UHFFFAOYSA-N,2242.0,294.121571676,-0.3110999999999995,118.72
O.OCC1OC(OC2C(CO)OC(O)C(O)C2O)C(O)C(O)C1O,1.014535,Inactive,48980730,O.OCC1OC(OC2C(CO)OC(O)C(O)C2O)C(O)C(O)C1O,WSVLPVUVIUVCRA-UHFFFAOYSA-N,522113.0,360.126776208,-6.221899999999992,221.03
O=c1c2ccccc2oc2ccc(O)cc12,1.11195,Inactive,49055686,O=c1c2ccccc2oc2ccc(O)cc12,WSACHQJPCNOREV-UHFFFAOYSA-N,74708.0,212.047344116,2.6518000000000006,50.44
C[N+]1(C)C2CCC1CC(OC(=O)C(CO)c1ccccc1)C2.O=[N+]([O-])[O-],1.02953,Inactive,49110446,C[N+]1(C)C2CCC1CC(OC(=O)C(CO)c1ccccc1)C2.O=[N+]([O-])[O-],NEDVJZNVOSNSHF-UHFFFAOYSA-N,5860.0,366.179086552,1.8364,112.73
CCC(C(N)=O)N1CCCC1=O,1.0511,Inactive,49118546,CCC(C(N)=O)N1CCCC1=O,HPHUVLMMVZITSG-UHFFFAOYSA-N,59708.0,170.105527688,-0.1272999999999999,63.400000000000006
CC(=O)O.Cc1c(-c2ccc(O)cc2)n(Cc2ccc(OCCN3CCCCCC3)cc2)c2ccc(O)cc12,0.841655,Inactive,49130007,CC(=O)O.Cc1c(-c2ccc(O)cc2)n(Cc2ccc(OCCN3CCCCCC3)cc2)c2ccc(O)cc12,OMZAMQFQZMUNTP-UHFFFAOYSA-N,154256.0,530.278072316,6.421920000000007,95.16
CC(C)C(N)C(=O)O,0.94825,Inactive,49143709,CC(C)C(N)C(=O)O,KZSNJWFQEVHDMF-UHFFFAOYSA-N,1182.0,117.078978592,0.0543,63.32000000000001
NCCO.NCCO.O[AsH]O[AsH]O,1.0386,Inactive,49266146,NCCO.NCCO.O[AsH]O[AsH]O,RDTAODVGWVGGEV-UHFFFAOYSA-N,168313195.0,323.964764676,-4.604599999999996,142.19
CN1C(CC(=O)c2ccccc2)CCCC1CC(O)c1ccccc1.Cl,1.05425,Inactive,49268479,CN1C(CC(=O)c2ccccc2)CCCC1CC(O)c1ccccc1.Cl,MKMYPTLXLWOUSO-UHFFFAOYSA-N,46202.0,373.180856816,4.657800000000006,40.540000000000006
CC12CCC3C(=CCc4cc(O)ccc43)C1CCC2=O,0.988065,Inactive,49281494,CC12CCC3C(=CCc4cc(O)ccc43)C1CCC2=O,WKRLQDKEXYKHJB-UHFFFAOYSA-N,3247.0,268.14632988,3.7375000000000025,37.3
CC(C(=O)O)c1cccc(Oc2ccccc2)c1,1.0309,Inactive,49469043,CC(C(=O)O)c1cccc(Oc2ccccc2)c1,RDJGLLICXDHJDY-UHFFFAOYSA-N,3342.0,242.094294308,3.6670000000000016,46.53
Cc1ncc(CSSCc2cnc(C)c(O)c2CO)c(CO)c1O,1.1307,Inactive,49512241,Cc1ncc(CSSCc2cnc(C)c(O)c2CO)c(CO)c1O,SIXLXDIJGIWWFU-UHFFFAOYSA-N,14190.0,368.08644912,2.5708400000000013,106.70000000000002
COc1ccc(-c2coc3c(OC)c(OC)cc(O)c3c2=O)cc1,0.990685,Inactive,49589072,COc1ccc(-c2coc3c(OC)c(OC)cc(O)c3c2=O)cc1,WVKDAMAQNQRJFP-UHFFFAOYSA-N,6708795.0,328.094688232,3.1914000000000016,78.13
CC1CC2C(C(O)CC3(C)C2CCC3(O)C(=O)CO)C2(C)C=CC(=O)C=C12,1.1766,Inactive,49763061,CC1CC2C(C(O)CC3(C)C2CCC3(O)C(=O)CO)C2(C)C=CC(=O)C=C12,VHRSUDSXCMQTMA-UHFFFAOYSA-N,4159.0,374.20932406,1.8036,94.83
COc1cc(C(=O)NCc2ccc(OCCN(C)C)cc2)cc(OC)c1OC.Cl,1.01911,Inactive,50248692,COc1cc(C(=O)NCc2ccc(OCCN(C)C)cc2)cc(OC)c1OC.Cl,WIIZEEPFHXAUND-UHFFFAOYSA-N,68385.0,424.176499708,3.004600000000002,69.26
O=[N+]([O-])c1cc([As](=O)(O)O)ccc1O,1.12665,Inactive,50259147,O=[N+]([O-])c1cc([As](=O)(O)O)ccc1O,XMVJITFPVVRMHC-UHFFFAOYSA-N,5104.0,262.941108412,-1.1386000000000005,120.9
O=S(=O)([O-])CCCS(=O)(=O)[O-].[Na+].[Na+],1.0483,Inactive,50274182,O=S(=O)([O-])CCCS(=O)(=O)[O-].[Na+].[Na+],DKGJFKPIUSHDIT-UHFFFAOYSA-L,6451143.0,247.940118472,-7.5251,114.4
CC(=O)Nc1c(I)c(NC(C)=O)c(I)c(C(=O)O)c1I,1.08505,Inactive,50315105,CC(=O)Nc1c(I)c(NC(C)=O)c(I)c(C(=O)O)c1I,YVPYQUNUQOZFHG-UHFFFAOYSA-N,2140.0,613.769650768,3.1154,95.5
CC(=O)CCC=C(C)CCC=C(C)CCC=C(C)CCC=C(C)C,0.93704,Inactive,50339609,CC(=O)CCC=C(C)CCC=C(C)CCC=C(C)CCC=C(C)C,HUCXKZBETONXFO-UHFFFAOYSA-N,5399.0,330.292265836,7.501300000000008,17.07
CC(C)Cc1ccc(C(C)C(=O)O)cc1,0.93336,Inactive,50359846,CC(C)Cc1ccc(C(C)C(=O)O)cc1,HEFNNWSXXWATRW-UHFFFAOYSA-N,3672.0,206.130679816,3.073200000000001,37.3
CN(C)C(=O)Oc1cccc([N+](C)(C)C)c1.COS(=O)(=O)[O-],0.88869,Inactive,50424568,CN(C)C(=O)Oc1cccc([N+](C)(C)C)c1.COS(=O)(=O)[O-],OSZNNLWOYWAHSS-UHFFFAOYSA-M,5824.0,334.1198574239999,1.0367000000000002,95.97
COC(=O)c1c(C)cc(OC)cc1O,0.903785,Inactive,50676104,COC(=O)c1c(C)cc(OC)cc1O,PFVPJOAAHSOENR-UHFFFAOYSA-N,596344.0,196.073558864,1.4958199999999997,55.760000000000005
NC(=O)Cc1cccc(C(=O)c2ccccc2)c1N,1.081,Inactive,50751348,NC(=O)Cc1cccc(C(=O)c2ccccc2)c1N,QEFAQIPZVLVERP-UHFFFAOYSA-N,151075.0,254.105527688,1.5276,86.18
Cl.O=c1n(CCCN2CCN(c3cccc(Cl)c3)CC2)nc2ccccn12,1.0635,Inactive,50769200,Cl.O=c1n(CCCN2CCN(c3cccc(Cl)c3)CC2)nc2ccccn12,OHHDIOKRWWOXMT-UHFFFAOYSA-N,62935.0,407.12796571600006,2.783500000000001,45.78
CC1(C)NC(=O)N(c2ccc([N+](=O)[O-])c(C(F)(F)F)c2)C1=O,1.1796,Inactive,51112026,CC1(C)NC(=O)N(c2ccc([N+](=O)[O-])c(C(F)(F)F)c2)C1=O,XWXYUMMDTVBTOU-UHFFFAOYSA-N,4493.0,317.06234046,2.4484000000000004,92.55
Cc1ccccc1OCC(O)CO,1.03865,Inactive,51500824,Cc1ccccc1OCC(O)CO,JWDYCNIAQWPBHD-UHFFFAOYSA-N,4059.0,182.094294308,0.7270199999999998,49.69
O=P([O-])(O)C(O)(Cc1cccnc1)P(=O)(O)O.[Na+],1.0804,Inactive,51515523,O=P([O-])(O)C(O)(Cc1cccnc1)P(=O)(O)O.[Na+],DRFDPXKCEWYIAW-UHFFFAOYSA-M,68739.0,304.9830192,-4.002399999999999,151.01
CCC(C)C1OC2(C=CC1C)CC1CC(CC=C(C)C(OC3CC(OC)C(OC4CC(OC)C(O)C(C)O4)C(C)O3)C(C)C=CC=C3COC4C(OC)C(C)=CC(C(=O)O1)C34O)O2,0.94853,Inactive,51632464,CCC(C)C1OC2(C=CC1C)CC1CC(CC=C(C)C(OC3CC(OC)C(OC4CC(OC)C(O)C(C)O4)C(C)O3)C(C)C=CC=C3COC4C(OC)C(C)=CC(C(=O)O1)C34O)O2,AFSHKCWTGFDXJR-UHFFFAOYSA-N,72765012.0,886.5078570480001,6.031500000000008,159.06
O=C(O)CN1C(=O)c2cccc3cccc(c23)C1=O,0.98984,Inactive,51753132,O=C(O)CN1C(=O)c2cccc3cccc(c23)C1=O,GCUCIFQCGJIRNT-UHFFFAOYSA-N,2120.0,255.053157768,1.5204,74.68
O=C(O)c1cc(=O)[nH]c(=O)[nH]1,1.01182,Inactive,51779780,O=C(O)c1cc(=O)[nH]c(=O)[nH]1,PXQPEWDEAKTCGB-UHFFFAOYSA-N,967.0,156.017106608,-1.2386,103.01999999999998
O=C1C=C(O)C(=O)c2ccccc21,0.89072,Inactive,51820926,O=C1C=C(O)C(=O)c2ccccc21,CSFWPUWCSPOLJW-UHFFFAOYSA-N,,174.031694052,1.5075,54.37
CCC1C2CC3C4N(C)c5ccccc5C45CC(C2C5O)N3C1O,1.07365,Inactive,51836563,CCC1C2CC3C4N(C)c5ccccc5C45CC(C2C5O)N3C1O,CJDRUOGAGYHKKD-UHFFFAOYSA-N,2073.0,326.199428072,1.5545,46.94
Cl.NC1CCN(c2c(F)cc3c(=O)c(C(=O)O)cn(C4CC4)c3c2Cl)C1,0.0438055,Active,52044757,Cl.NC1CCN(c2c(F)cc3c(=O)c(C(=O)O)cn(C4CC4)c3c2Cl)C1,BMACYHMTJHBPOX-UHFFFAOYSA-N,60062.0,401.070925016,2.7863000000000016,88.56
CN(C)C(=S)SSC(=S)N(C)C,0.51846,Inactive,52174387,CN(C)C(=S)SSC(=S)N(C)C,KUAZQDVKQLNFPE-UHFFFAOYSA-N,5455.0,239.988332384,2.0608,6.48
CCOC(=O)C(CCc1ccccc1)NC(C)C(=O)N1Cc2cc(OC)c(OC)cc2CC1C(=O)O.Cl,0.850925,Inactive,52306803,CCOC(=O)C(CCc1ccccc1)NC(C)C(=O)N1Cc2cc(OC)c(OC)cc2CC1C(=O)O.Cl,JXRAXHBVZQZSIC-UHFFFAOYSA-N,6850790.0,534.2132791399999,3.0061000000000013,114.40000000000002
COc1ccc(-c2cc(=O)c3c(O)cc(O)c(-c4cc(-c5cc(=O)c6c(O)cc(O)cc6o5)ccc4OC)c3o2)cc1,1.01255,Inactive,52458925,COc1ccc(-c2cc(=O)c3c(O)cc(O)c(-c4cc(-c5cc(=O)c6c(O)cc(O)cc6o5)ccc4OC)c3o2)cc1,HUOOMAOYXQFIDQ-UHFFFAOYSA-N,5318569.0,566.1212969039999,5.740000000000006,159.8
CCCCCNC(=N)NN=Cc1c[nH]c2ccc(OC)cc12.O=C(O)C=CC(=O)O,0.878755,Inactive,52639893,CCCCCNC(=N)NN=Cc1c[nH]c2ccc(OC)cc12.O=C(O)C=CC(=O)O,CPDDZSSEAVLMRY-UHFFFAOYSA-N,136219119.0,417.2012189639999,2.52637,159.89
C=C1c2cccc(O)c2C(=O)C2=C(O)C3(O)C(=O)C(C(N)=O)=C(O)C(N(C)C)C3C(O)C12.Cl,0.0546065,Active,52778656,C=C1c2cccc(O)c2C(=O)C2=C(O)C3(O)C(=O)C(C(N)=O)=C(O)C(N(C)C)C3C(O)C12.Cl,VZQARNDJLLWXGL-UHFFFAOYSA-N,,478.114293376,-0.0160999999999992,181.62
CC1=CCc2c(cc3oc(C)cc(=O)c3c2O)OC1,0.97833,Inactive,52783068,CC1=CCc2c(cc3oc(C)cc(=O)c3c2O)OC1,IUIHYYSAVUBPQO-UHFFFAOYSA-N,3646533.0,258.089208928,2.688220000000001,59.67
CC(C)NCC(O)c1cc(O)cc(O)c1,0.8474,Inactive,52933413,CC(C)NCC(O)c1cc(O)cc(O)c1,LMOINURANNBYCM-UHFFFAOYSA-N,4086.0,211.120843404,1.1291999999999998,72.72
COC(=O)c1c(C)cc(O)cc1O,0.963815,Inactive,52966225,COC(=O)c1c(C)cc(O)cc1O,NCCWCZLEACWJIN-UHFFFAOYSA-N,76658.0,182.0579088,1.1928199999999995,66.76
COc1ccc(-c2cc(=O)c3c(O)cc(OC4OC(COC5OC(C)C(O)C(O)C5O)C(O)C(O)C4O)cc3o2)cc1O,1.1107,Inactive,53292928,COc1ccc(-c2cc(=O)c3c(O)cc(OC4OC(COC5OC(C)C(O)C(O)C5O)C(O)C(O)C4O)cc3o2)cc1O,GZSOSUNBTXMUFQ-UHFFFAOYSA-N,5353588.0,608.1741203239999,-1.0897,238.2
COC(=O)Nc1nc2cc(C(=O)c3ccccc3)ccc2[nH]1,1.04975,Inactive,53318691,COC(=O)Nc1nc2cc(C(=O)c3ccccc3)ccc2[nH]1,OPXLLQIJSORQAM-UHFFFAOYSA-N,4030.0,295.0956912760001,2.972200000000001,84.07999999999998
CN1CCC(=C2c3ccccc3Sc3ccccc32)CC1.O=C(O)C=CC(=O)O,0.96668,Inactive,53325143,CN1CCC(=C2c3ccccc3Sc3ccccc32)CC1.O=C(O)C=CC(=O)O,IPANUAHQWFDVAG-UHFFFAOYSA-N,25773.0,409.1347792159999,4.390500000000003,77.84
Nc1nc2ccc(OC(F)(F)F)cc2s1,0.94315,Inactive,53661597,Nc1nc2ccc(OC(F)(F)F)cc2s1,FTALBRSUTCGOEG-UHFFFAOYSA-N,5070.0,234.00746844,2.7771,48.14
OCCN(CCO)c1nc(N2CCCCC2)c2nc(N(CCO)CCO)nc(N3CCCCC3)c2n1,1.1356,Inactive,53823055,OCCN(CCO)c1nc(N2CCCCC2)c2nc(N(CCO)CCO)nc(N3CCCCC3)c2n1,IZEKFCXSFNUWAM-UHFFFAOYSA-N,3108.0,504.31725176,-0.0175999999999973,145.44
Cc1cc(O)c2c(c1)C(=O)c1cccc(O)c1C2=O,1.06955,Inactive,53910314,Cc1cc(O)c2c(c1)C(=O)c1cccc(O)c1C2=O,LQGUBLBATBMXHT-UHFFFAOYSA-N,10208.0,254.0579088,2.18162,74.6
CNC(=O)Oc1ccc2c(c1)C1(C)CCN(C)C1N2C.O=C(O)c1ccccc1O,1.14345,Inactive,54303250,CNC(=O)Oc1ccc2c(c1)C1(C)CCN(C)C1N2C.O=C(O)c1ccccc1O,HZOTZTANVBDFOF-UHFFFAOYSA-N,14107710.0,413.195070964,2.8643000000000014,102.34
CCN(CC)CCc1nc(-c2ccccc2)no1.O=C(O)CC(O)(CC(=O)O)C(=O)O,0.96772,Inactive,54320379,CCN(CC)CCc1nc(-c2ccccc2)no1.O=C(O)CC(O)(CC(=O)O)C(=O)O,RBZIGQJSMCOHSS-UHFFFAOYSA-N,16045.0,437.1798148239999,1.3723999999999996,174.29
CC1(C)C=Cc2c(c3c(c4c(=O)c(-c5ccc(O)c(O)c5)coc24)OC(C)(C)CC3)O1,0.98141,Inactive,54378811,CC1(C)C=Cc2c(c3c(c4c(=O)c(-c5ccc(O)c(O)c5)coc24)OC(C)(C)CC3)O1,FYVQSXRFGAIFQK-UHFFFAOYSA-N,20055152.0,420.1572884879999,5.159000000000005,89.13000000000001
CCCOc1ccc2nc(NC(=O)OC)[nH]c2c1,0.99071,Inactive,54380308,CCCOc1ccc2nc(NC(=O)OC)[nH]c2c1,RAOCRURYZCVHMG-UHFFFAOYSA-N,4622.0,249.11134134,2.53,76.24000000000001
COc1cc(C=CC(=O)O)ccc1O,0.84644,Inactive,54397532,COc1cc(C=CC(=O)O)ccc1O,KSEBMYQBYZTDHS-UHFFFAOYSA-N,709.0,194.0579088,1.4986,66.76
CCn1nc(C(=O)O)c(=O)c2cc3c(cc21)OCO3,0.053733,Active,54985976,CCn1nc(C(=O)O)c(=O)c2cc3c(cc21)OCO3,VDUWPHTZYNWKRN-UHFFFAOYSA-N,2762.0,262.05897142000003,0.8432999999999997,90.65
C#CC1(O)C=CC2C3CCC4=CC(=O)CCC4C3CCC21CC,1.035835,Inactive,55039937,C#CC1(O)C=CC2C3CCC4=CC(=O)CCC4C3CCC21CC,SIGSPDASOTUPFS-UHFFFAOYSA-N,2999.0,310.193280072,3.6586000000000025,37.3
CC1=CC(=O)c2ccccc2C1=O,0.786255,Inactive,55046452,CC1=CC(=O)c2ccccc2C1=O,MJVAVZPDRWSRRC-UHFFFAOYSA-N,4055.0,172.052429496,2.0119,34.14
CC1=NCCc2c1[nH]c1cc(O)ccc21.Cl.O.O,1.00009,Inactive,55080907,CC1=NCCc2c1[nH]c1cc(O)ccc21.Cl.O.O,OYKGNQNESCZSHQ-UHFFFAOYSA-N,135403649.0,272.092770084,1.0109999999999997,111.38
CC(=O)NS(=O)(=O)c1ccc(NC(=O)c2ccccc2C(=O)O)cc1,0.876785,Inactive,55108940,CC(=O)NS(=O)(=O)c1ccc(NC(=O)c2ccccc2C(=O)O)cc1,SNWQKAWITMVCQW-UHFFFAOYSA-N,8574.0,362.0572571679999,1.4619000000000002,129.64
Cl.N=C(N)NC(=N)NCCc1ccccc1,1.025325,Inactive,55197526,Cl.N=C(N)NC(=N)NCCc1ccccc1,YSUCWSWKRIOILX-UHFFFAOYSA-N,13266.0,241.109423192,0.6583399999999993,97.78
CC(C)(C)CC(C)(C)c1ccc(OCCOCC[N+](C)(C)Cc2ccccc2)cc1.[Cl-],0.046906,Active,55282237,CC(C)(C)CC(C)(C)c1ccc(OCCOCC[N+](C)(C)Cc2ccccc2)cc1.[Cl-],UREZNYTWGJKWBI-UHFFFAOYSA-M,8478.0,447.290407264,3.0764000000000014,18.46
Cl.NC(Cc1ccc(Cl)cc1)C(=O)O,0.98587,Inactive,55287451,Cl.NC(Cc1ccc(Cl)cc1)C(=O)O,PFOCEDBJFKVRHU-UHFFFAOYSA-N,39972.0,235.016683952,1.7162,63.32000000000001
N=C(N)NCCN1CCCCCCC1.O=S(=O)(O)O,1.00402,Inactive,55300986,N=C(N)NCCN1CCCCCCC1.O=S(=O)(O)O,YUFWAVFNITUSHI-UHFFFAOYSA-N,86471.0,296.151826248,0.0827700000000005,139.74
CC(N)C(O)c1ccccc1.Cl,1.06155,Inactive,55329997,CC(N)C(O)c1ccccc1.Cl,DYWNLSQWJMTVGJ-UHFFFAOYSA-N,9065.0,187.076391748,1.489,46.25
Cc1onc(-c2ccccc2Cl)c1C(=O)NC1C(=O)N2C1SC(C)(C)C2C(=O)[O-].[Na+],1.03937,Inactive,55453576,Cc1onc(-c2ccccc2Cl)c1C(=O)NC1C(=O)N2C1SC(C)(C)C2C(=O)[O-].[Na+],SCLZRKVZRBKZCR-UHFFFAOYSA-M,23699856.0,457.047513604,-1.7819799999999977,115.57
COc1ccc2c(c1)[nH]c1c(C)nccc12,0.896595,Inactive,55592621,COc1ccc2c(c1)[nH]c1c(C)nccc12,BXNJHAXVSOCGBA-UHFFFAOYSA-N,5280953.0,212.094963004,3.033120000000001,37.91
O=[N+]([O-])C(Br)(CO)CO,0.047519,Active,55625421,O=[N+]([O-])C(Br)(CO)CO,LVDKZNITIUWNER-UHFFFAOYSA-N,2450.0,198.948019772,-0.6611,83.60000000000001
[O-][n+]1ccccc1S[Zn]Sc1cccc[n+]1[O-],0.0505685,Active,55714748,[O-][n+]1ccccc1S[Zn]Sc1cccc[n+]1[O-],OTPSWLRZXRHDNX-UHFFFAOYSA-L,26041.0,315.931861696,1.7502999999999995,53.88
CN(C)CCC=C1c2ccccc2Sc2ccc(Cl)cc21.Cl,0.728045,Inactive,55723416,CN(C)CCC=C1c2ccccc2Sc2ccc(Cl)cc21.Cl,YWKRLOSRDGPEJR-UHFFFAOYSA-N,102265.0,351.061525968,5.609800000000004,3.24
Cl.NCCCC(N)C(=O)O,0.979095,Inactive,55735961,Cl.NCCCC(N)C(=O)O,GGTYBZJRPHEQDG-UHFFFAOYSA-N,71598.0,168.066555336,-0.4410000000000001,89.34
COc1ccc2c(c1OC)C(=O)OC2C1c2c(cc3c(c2OC)OCO3)CCN1C.Cl,0.051263,Active,56170587,COc1ccc2c(c1OC)C(=O)OC2C1c2c(cc3c(c2OC)OCO3)CCN1C.Cl,MFLVZFXCSKVCSH-UHFFFAOYSA-N,657273.0,449.124129788,3.3036000000000016,75.69000000000001
CCCCCC1C(=O)OC(C)C(NC(=O)c2cccc(NC=O)c2O)C(=O)OC(C)C1OC(=O)CC(C)C,0.84859,Inactive,56190090,CCCCCC1C(=O)OC(C)C(NC(=O)c2cccc(NC=O)c2O)C(=O)OC(C)C1OC(=O)CC(C)C,ZVYMCLIDNNTNCL-UHFFFAOYSA-N,2204.0,534.2577307959999,3.090300000000001,157.32999999999998
CCCCCCNC(=O)n1cc(F)c(=O)[nH]c1=O,0.46268,Inactive,56240604,CCCCCCNC(=O)n1cc(F)c(=O)[nH]c1=O,AOCCBINRVIKJHY-UHFFFAOYSA-N,2577.0,257.117569592,0.8136999999999999,83.96000000000001
C1CCc2nnnn2CC1,1.09965,Inactive,56255774,C1CCc2nnnn2CC1,CWRVKFFCRWGWCS-UHFFFAOYSA-N,5917.0,138.09054632,0.3994999999999999,43.6
Nc1nc(S)c2nc[nH]c2n1,0.86076,Inactive,56270100,Nc1nc(S)c2nc[nH]c2n1,WYWHKKSPHMUBEB-UHFFFAOYSA-N,2723601.0,167.02656616,0.2237999999999999,80.48
O=C(C=Cc1ccccc1)c1ccc(O)cc1O,0.916725,Inactive,56310019,O=C(C=Cc1ccccc1)c1ccc(O)cc1O,JUMSUVHHUVPSOY-UHFFFAOYSA-N,344530.0,240.078644244,2.9939000000000013,57.53
O=C(c1ccc(F)cc1)C1CCN(CCn2c(=O)[nH]c3ccccc3c2=O)CC1,0.92755,Inactive,56362568,O=C(c1ccc(F)cc1)C1CCN(CCn2c(=O)[nH]c3ccccc3c2=O)CC1,FPCCSQOGAWCVBH-UHFFFAOYSA-N,3822.0,395.164519784,2.423800000000001,75.17
COc1cc(OC)c(C(=O)CCCN2CCCC2)c(OC)c1.Cl,1.043,Inactive,56382827,COc1cc(OC)c(C(=O)CCCN2CCCC2)c(OC)c1.Cl,ZDPACSAHMZADFZ-UHFFFAOYSA-N,37170.0,343.155035992,3.192900000000002,48.0
[N-]=[N+]=CC(=O)OCC(N)C(=O)O,0.89322,Inactive,56455037,[N-]=[N+]=CC(=O)OCC(N)C(=O)O,MZZGOOYMKKIOOX-UHFFFAOYSA-N,830.0,173.043655704,-1.7578999999999994,126.02
CC=Cc1ccc2c(c1)OCO2,0.882925,Inactive,56510495,CC=Cc1ccc2c(c1)OCO2,VHVOLFRBFDOUSH-UHFFFAOYSA-N,8439.0,162.06807956,2.4484000000000004,18.46
Cc1c[nH]cn1,1.0457,Inactive,56616750,Cc1c[nH]cn1,XLSZMDLNRCVEIJ-UHFFFAOYSA-N,13195.0,82.053098192,0.7181199999999999,28.68
CCN(CC)Cc1ccc(Nc2ccnc3cc(Cl)ccc23)cc1O.Cl.Cl,0.88417,Inactive,56689407,CCN(CC)Cc1ccc(Nc2ccnc3cc(Cl)ccc23)cc1O.Cl.Cl,DHTLLULITDNQFA-UHFFFAOYSA-N,5702008.0,427.0984954279999,6.0228000000000055,48.39
CC(C)NCC(O)COc1cccc2ccccc12.Cl,1.005685,Inactive,56908856,CC(C)NCC(O)COc1cccc2ccccc12.Cl,ZMRUPTIKESYGQW-UHFFFAOYSA-N,62882.0,295.133906624,2.999300000000001,41.49
COc1ccc(NS(=O)(=O)c2ccc(N)cc2)nn1,0.953145,Inactive,56960973,COc1ccc(NS(=O)(=O)c2ccc(N)cc2)nn1,VLYWMPOKSSWJAL-UHFFFAOYSA-N,5330.0,280.063011244,0.8681999999999999,107.2
CC=NN(C)C=O,1.0458,Inactive,56990570,CC=NN(C)C=O,IMAGWKUTFZRWSB-UHFFFAOYSA-N,27932.0,100.063662876,0.0803,32.67
O=C(O)CCCN1C(=O)c2cccc3cccc(c23)C1=O,1.0991,Inactive,57131165,O=C(O)CCCN1C(=O)c2cccc3cccc(c23)C1=O,ZHXRDXTYPCPBTI-UHFFFAOYSA-N,145949.0,283.084457896,2.3006,74.68
CC1C=CC=CC=CC=CC=CC=CC=CC(OC2OC(C)C(O)C(N)C2O)CC(O)C(C(=O)O)C(O)CC(=O)CC(O)CC(O)CC(O)CC(=O)CCCC(=O)CC(=O)OC1C(C)CC(C)C(O)CC(=O)c1ccc(N)cc1,1.1135,Inactive,57150390,CC1C=CC=CC=CC=CC=CC=CC=CC(OC2OC(C)C(O)C(N)C2O)CC(O)C(C(=O)O)C(O)CC(=O)CC(O)CC(O)CC(O)CC(=O)CCCC(=O)CC(=O)OC1C(C)CC(C)C(O)CC(=O)c1ccc(N)cc1,OPGSFDUODIJJGF-UHFFFAOYSA-N,217684.0,1108.571913848,3.612400000000005,364.22
CC(=O)O[Hg]c1ccccc1,0.0564305,Active,57193273,CC(=O)O[Hg]c1ccccc1,XEBWQGVWTUSTLN-UHFFFAOYSA-M,9905811.0,338.023072496,0.8725,26.3
COC1C=COC2(C)Oc3c(C)c(O)c4c(O)c(c(C=NN5CCN(C)CC5)c(O)c4c3C2=O)NC(=O)C(C)=CC=CC(C)C(O)C(C)C(O)C(C)C(OC(C)=O)C1C,0.077718,Active,57286400,COC1C=COC2(C)Oc3c(C)c(O)c4c(O)c(c(C=NN5CCN(C)CC5)c(O)c4c3C2=O)NC(=O)C(C)=CC=CC(C)C(O)C(C)C(O)C(C)C(OC(C)=O)C1C,JQXXHWHPUNPDRT-UHFFFAOYSA-N,135512673.0,822.4051232960003,4.335420000000004,220.14999999999995
CC1=C(C(=O)O)N2C(=O)C(NC(=O)C(N)c3ccccc3)C2SC1,1.0265,Inactive,57494034,CC1=C(C(=O)O)N2C(=O)C(NC(=O)C(N)c3ccccc3)C2SC1,ZAIPMKNFIOOWCQ-UHFFFAOYSA-N,2666.0,347.0939770240001,0.4449000000000012,112.73
Cc1ccc(C2OC(CO)C(O)C(O)C2O)cc1Cc1ccc(-c2ccc(F)cc2)s1,0.979825,Inactive,57583984,Cc1ccc(C2OC(CO)C(O)C(O)C2O)cc1Cc1ccc(-c2ccc(F)cc2)s1,XTNGUQKDFGDXSJ-UHFFFAOYSA-N,74323022.0,444.1406731200001,2.968320000000001,90.15
CC(=O)OCC1=C(C(=O)[O-])N2C(=O)C(NC(=O)Cc3cccs3)C2SC1.[Na+],0.0434565,Active,57585884,CC(=O)OCC1=C(C(=O)[O-])N2C(=O)C(NC(=O)Cc3cccs3)C2SC1.[Na+],VUFGUVLLDPOSBC-UHFFFAOYSA-M,23689697.0,418.02692248000005,-3.738399999999995,115.84
CC1(C(=O)O)CCC2(C)CCC3(C)C(=CC(=O)C4C5(C)CCC(O)C(C)(C)C5CCC43C)C2C1,0.894225,Inactive,57611862,CC1(C(=O)O)CCC2(C)CCC3(C)C(=CC(=O)C4C5(C)CCC(O)C(C)(C)C5CCC43C)C2C1,MPDGHEJMBKOTSU-UHFFFAOYSA-N,3230.0,470.33960995199993,6.412600000000009,74.6
Cl.N=C(N)NC(=O)c1nc(Cl)c(N)nc1N,1.024895,Inactive,57652144,Cl.N=C(N)NC(=O)c1nc(Cl)c(N)nc1N,ACHKKGDWZVCSNH-UHFFFAOYSA-N,16230.0,265.024563268,-0.6605300000000001,156.79
Cc1cc(O)c2c(c1)C(=O)c1cc(O)cc(O)c1C2=O,0.923205,Inactive,57673020,Cc1cc(O)c2c(c1)C(=O)c1cc(O)cc(O)c1C2=O,RHMXXJGYXNZAPX-UHFFFAOYSA-N,3220.0,270.05282342,1.88722,94.83
C=C(C)C1Cc2c(ccc3c2OC2COc4cc(OC)c(OC)cc4C2C3=O)O1,1.01535,Inactive,57801923,C=C(C)C1Cc2c(ccc3c2OC2COc4cc(OC)c(OC)cc4C2C3=O)O1,JUVIOZPCNVVQFO-UHFFFAOYSA-N,5102.0,394.1416384239999,3.703300000000002,63.22
CCOC1OC2OC3(C)CCC4C(C)CCC(C1C)C24OO3,1.08765,Inactive,57935960,CCOC1OC2OC3(C)CCC4C(C)CCC(C1C)C24OO3,NLYNIRQVMRLPIQ-UHFFFAOYSA-N,500080.0,312.193673996,3.230900000000002,46.150000000000006
NC(Cc1cc(I)c(O)c(I)c1)C(=O)O.O.O,0.929055,Inactive,58007682,NC(Cc1cc(I)c(O)c(I)c1)C(=O)O.O.O,YWAGQOOMOOUEGY-UHFFFAOYSA-N,18505242.0,468.8883185159999,-0.0936000000000001,146.55
CN(C)CCN(Cc1ccc(Cl)cc1)c1ccccn1.Cl,1.003265,Inactive,58111131,CN(C)CCN(Cc1ccc(Cl)cc1)c1ccccn1.Cl,VEYWWAGBHABATA-UHFFFAOYSA-N,25294.0,325.11125303200004,3.7250000000000023,19.37
CC(COc1ccc(Oc2ccccc2)cc1)Oc1ccccn1,0.97223,Inactive,58195732,CC(COc1ccc(Oc2ccccc2)cc1)Oc1ccccn1,NHDHVHZZCFYRSB-UHFFFAOYSA-N,91753.0,321.136493468,4.720200000000004,40.58
Nc1nc(=O)c2c(CCc3ccc(C(=O)NC(CCC(=O)[O-])C(=O)[O-])cc3)c[nH]c2[nH]1.[Na+].[Na+],1.1315,Inactive,58222308,Nc1nc(=O)c2c(CCc3ccc(C(=O)NC(CCC(=O)[O-])C(=O)[O-])cc3)c[nH]c2[nH]1.[Na+].[Na+],NYDXNILOWQXUOF-UHFFFAOYSA-L,135828201.0,471.113071888,-7.99500000000001,196.92
Nc1nc(=O)[nH]cc1F,0.935495,Inactive,58248513,Nc1nc(=O)[nH]cc1F,XRECTZIEBJDKEO-UHFFFAOYSA-N,3366.0,129.033839968,-0.5088000000000001,71.77
O=C(C=Cc1ccccc1)c1ccc(OC2OC(CO)C(O)C(O)C2O)cc1O,0.945235,Inactive,58288342,O=C(C=Cc1ccccc1)c1ccc(OC2OC(CO)C(O)C(O)C2O)cc1O,SYDNPHFWTKACIZ-UHFFFAOYSA-N,5239685.0,402.1314676639999,0.4669999999999992,136.68
O=Cc1ccccc1OC1OC(CO)C(O)C(O)C1O,1.0651,Inactive,58334607,O=Cc1ccccc1OC1OC(CO)C(O)C(O)C1O,BGOFCVIGEYGEOF-UHFFFAOYSA-N,3788736.0,284.089602852,-1.3222000000000005,116.45000000000002
CC(=O)NCC1CN(c2ccc(N3CCOCC3)c(F)c2)C(=O)O1,0.700995,Inactive,58373987,CC(=O)NCC1CN(c2ccc(N3CCOCC3)c(F)c2)C(=O)O1,TYZROVQLWOKYKF-UHFFFAOYSA-N,3929.0,337.1437843399999,1.1235999999999997,71.11
CC(C=CC=C(C)C=CC1=C(C)C(=O)C(O)CC1(C)C)=CC=CC=C(C)C=CC=C(C)C=CC1=C(C)C(=O)C(O)CC1(C)C,1.0264,Inactive,58565520,CC(C=CC=C(C)C=CC1=C(C)C(=O)C(O)CC1(C)C)=CC=CC=C(C)C=CC=C(C)C=CC1=C(C)C(=O)C(O)CC1(C)C,MQZIGYBFDRPAKN-UHFFFAOYSA-N,2246.0,596.3865601439999,8.905400000000002,74.6
Cl.O=C1CCC2(O)C3Cc4ccc(O)c5c4C2(CCN3CC2CC2)C1O5,1.03235,Inactive,58729767,Cl.O=C1CCC2(O)C3Cc4ccc(O)c5c4C2(CCN3CC2CC2)C1O5,RHBRMCOKKKZVRY-UHFFFAOYSA-N,21863274.0,377.139385928,1.9472,70.0
COC1=CC(C)C2CC3OC(=O)CC4C(C)=C(OC)C(=O)C(C2(C)C1=O)C34C,1.0583,Inactive,58809494,COC1=CC(C)C2CC3OC(=O)CC4C(C)=C(OC)C(=O)C(C2(C)C1=O)C34C,IOSXSVZRTUWBHC-UHFFFAOYSA-N,4998.0,388.188588616,2.819000000000001,78.9
CCNC1CC(N)C(OC2OC(CN)=CCC2N)C(O)C1OC1OCC(C)(O)C(NC)C1O.O=S(=O)(O)O.O=S(=O)(O)O,1.10645,Inactive,58859057,CCNC1CC(N)C(OC2OC(CN)=CCC2N)C(O)C1OC1OCC(C)(O)C(NC)C1O.O=S(=O)(O)O.O=S(=O)(O)O,LOKMIGZKRZJVNT-UHFFFAOYSA-N,,671.23535774,-4.506300000000004,348.92999999999995
Nc1ccc(S(=O)(=O)Nc2ncccn2)cc1,1.0854,Inactive,58930282,Nc1ccc(S(=O)(=O)Nc2ncccn2)cc1,SEEPANYCNGTZFQ-UHFFFAOYSA-N,5215.0,250.05244656,0.8596000000000001,97.97
CC(NC(=NC#N)Nc1ccncc1)C(C)(C)C,1.0951,Inactive,58935546,CC(NC(=NC#N)Nc1ccncc1)C(C)(C)C,IVVNZDGDKPTYHK-UHFFFAOYSA-N,4826.0,245.164045608,2.3547800000000008,73.1
CC(=O)Oc1ccccc1C(=O)Nc1ncc([N+](=O)[O-])s1,0.525515,Inactive,59038974,CC(=O)Oc1ccccc1C(=O)Nc1ncc([N+](=O)[O-])s1,YQNQNVDNTFHQSW-UHFFFAOYSA-N,41684.0,307.026291388,2.2289000000000003,111.43
CN1C2CCC1CC(OC(=O)c1c[nH]c3ccccc13)C2.Cl,1.1271,Inactive,59119296,CN1C2CCC1CC(OC(=O)c1c[nH]c3ccccc13)C2.Cl,XIEGSJAEZIGKSA-UHFFFAOYSA-N,9818540.0,320.129155592,3.371700000000002,45.33
Cc1cccc(C)c1NC(=O)c1ccccc1C(=O)O,0.974605,Inactive,59450164,Cc1cccc(C)c1NC(=O)c1ccccc1C(=O)O,LLECMGGNFBKPRH-UHFFFAOYSA-N,71895.0,269.10519334,3.253940000000001,66.4
Nc1ccc([As](=O)(O)O)cc1,0.95515,Inactive,59492028,Nc1ccc([As](=O)(O)O)cc1,XKNKHVGWJDPIRJ-UHFFFAOYSA-N,7389.0,216.972014616,-1.1702000000000004,83.55000000000001
COc1cc2c(=O)c(-c3ccc4c(c3)OCO4)coc2c2c1OC(C)(C)C=C2,0.849005,Inactive,59719187,COc1cc2c(=O)c(-c3ccc4c(c3)OCO4)coc2c2c1OC(C)(C)C=C2,SQBVRNCDBATODN-UHFFFAOYSA-N,12309400.0,378.110338296,4.381500000000004,67.13000000000001
CN1CCN(c2c(F)cc3c(=O)c(C(=O)O)cn4c3c2OCN4C)CC1,0.0474895,Active,59783003,CN1CCN(c2c(F)cc3c(=O)c(C(=O)O)cn4c3c2OCN4C)CC1,BPFYOAJNDMUVBL-UHFFFAOYSA-N,60651.0,362.139033308,0.5083000000000002,78.25
O=C(O)c1cn(C2CC2)c2cc(N3CCNCC3)c(F)cc2c1=O,0.047841,Active,59856225,O=C(O)c1cn(C2CC2)c2cc(N3CCNCC3)c(F)cc2c1=O,MYSWGUAQZAJSOK-UHFFFAOYSA-N,2764.0,331.13321965599994,1.5833,74.57
CCC=CCC=CCC=CCC=CCC=CCCCC(=O)OCC,0.902335,Inactive,59895375,CCC=CCC=CCC=CCC=CCC=CCCCC(=O)OCC,SSQPWTVBQMWLSZ-UHFFFAOYSA-N,3298.0,330.255880328,6.471200000000007,26.3
CN(C)C1C(O)=C(C(N)=O)C(=O)C2(O)C(O)=C3C(=O)c4c(O)cccc4C(C)(O)C3C(O)C12.Cl,0.057815,Active,59964348,CN(C)C1C(O)=C(C(N)=O)C(=O)C2(O)C(O)=C3C(=O)c4c(O)cccc4C(C)(O)C3C(O)C12.Cl,UBDNTYUBJLXUNN-UHFFFAOYSA-N,,496.12485806,-0.8217999999999985,201.85
C#CC1(O)CCC2C3CCc4cc(O)ccc4C3CCC21C,0.81703,Inactive,60187623,C#CC1(O)CCC2C3CCc4cc(O)ccc4C3CCC21C,BFPYWIDHMRZLRN-UHFFFAOYSA-N,3285.0,296.177630008,3.612600000000002,40.46
O=C(NC(=O)c1ccccc1Cl)Nc1ccc(OC(F)(F)F)cc1,1.10005,Inactive,60500565,O=C(NC(=O)c1ccccc1Cl)Nc1ccc(OC(F)(F)F)cc1,XAIPTRIXGHTTNT-UHFFFAOYSA-N,47445.0,358.03320452,4.200500000000002,67.43
CC(C)NCC(O)COc1cccc2[nH]ccc12,0.91724,Inactive,60546287,CC(C)NCC(O)COc1cccc2[nH]ccc12,JZQKKSLKJUAGIC-UHFFFAOYSA-N,4828.0,248.15247788,1.9055999999999995,57.28
Cc1cc(O)cc(C)c1Cl,0.46338,Inactive,60630685,Cc1cc(O)cc(C)c1Cl,OSDLLIBGSJNGJE-UHFFFAOYSA-N,2723.0,156.034192588,2.662440000000001,20.23
CCCc1nc(C)c2c(=O)[nH]c(-c3cc(S(=O)(=O)N4CCN(CC)CC4)ccc3OCC)nn12.Cl,0.999255,Inactive,60645398,CCCc1nc(C)c2c(=O)[nH]c(-c3cc(S(=O)(=O)N4CCN(CC)CC4)ccc3OCC)nn12.Cl,XCMULUAPJXCOHI-UHFFFAOYSA-N,135404357.0,524.197252216,2.492220000000001,112.9
O=C(O)C(O)C(O)(Cc1ccc(O)cc1)C(=O)O,1.0721,Inactive,60770692,O=C(O)C(O)C(O)(Cc1ccc(O)cc1)C(=O)O,TUODPMGCCJSJRH-UHFFFAOYSA-N,120693.0,256.05830272400004,-0.8041000000000003,135.29
CC=C(C)C(=O)OC1CCC2(C)C3CCC4C5(O)CC(O)C6(O)C(CN7CC(C)CCC7C6(C)O)C5(O)CC42OC13O.Cl,1.07365,Inactive,60795997,CC=C(C)C(=O)OC1CCC2(C)C3CCC4C5(O)CC(O)C6(O)C(CN7CC(C)CCC7C6(C)O)C5(O)CC42OC13O.Cl,VSARLHXBMYVYSM-UHFFFAOYSA-N,44135000.0,627.31740986,1.4129999999999998,160.14999999999998
CC1NC(=O)C2CCCN2C(=O)C(CC(N)=O)NC(=O)C2CSSCC(N)C(=O)NC3CSSCC(NC1=O)C(=O)NC(C(C)O)C(=O)NCC(=O)NC(C(=O)NC(Cc1ccc(O)cc1)C(=O)O)CSSCC(NC(=O)C(Cc1ccc(O)cc1)NC(=O)C(CCC(=O)O)NC3=O)C(=O)N2,1.03007,Inactive,60824087,CC1NC(=O)C2CCCN2C(=O)C(CC(N)=O)NC(=O)C2CSSCC(N)C(=O)NC3CSSCC(NC1=O)C(=O)NC(C(C)O)C(=O)NCC(=O)NC(C(=O)NC(Cc1ccc(O)cc1)C(=O)O)CSSCC(NC(=O)C(Cc1ccc(O)cc1)NC(=O)C(CCC(=O)O)NC3=O)C(=O)N2,KXGCNMMJRFDFNR-UHFFFAOYSA-N,57458936.0,1525.3899205479993,-5.93920000000003,573.9099999999999
CC1=C(C)C(=O)C(C(CCCCCC(=O)O)c2ccccc2)=C(C)C1=O,1.1837,Inactive,60963567,CC1=C(C)C(=O)C(C(CCCCCC(=O)O)c2ccccc2)=C(C)C1=O,ZBVKEHDGYSLCCC-UHFFFAOYSA-N,2449.0,354.18310931199994,4.610000000000003,71.44
CC(C)(C)NCC(O)c1cc(Cl)c(N)c(Cl)c1.Cl,1.0819,Inactive,61381080,CC(C)(C)NCC(O)c1cc(Cl)c(N)c(Cl)c1.Cl,OPXKTCUYRHXSBK-UHFFFAOYSA-N,30849.0,312.056296268,3.418900000000001,58.28
CCCCCN(CCCCC)C(=O)C(CCC(=O)[O-])NC(=O)c1ccc(Cl)c(Cl)c1.[Na+],1.0567,Inactive,61442706,CCCCCN(CCCCC)C(=O)C(CCC(=O)[O-])NC(=O)c1ccc(Cl)c(Cl)c1.[Na+],JCNPYMDDOUQTBK-UHFFFAOYSA-M,23681233.0,480.155857112,0.8349000000000015,89.53999999999999
O=C(NC(O)C(Cl)(Cl)Cl)NC(O)C(Cl)(Cl)Cl,1.2084,Inactive,61560140,O=C(NC(O)C(Cl)(Cl)Cl)NC(O)C(Cl)(Cl)Cl,PPJXIHLNYDVTDI-UHFFFAOYSA-N,8313.0,351.850958132,1.6627999999999998,81.59
CC(=O)N(O)CCCCCNC(=O)CCC(=O)N(O)CCCCCNC(=O)CCC(=O)N(O)CCCCCN.CS(=O)(=O)O,0.94781,Inactive,61753075,CC(=O)N(O)CCCCCNC(=O)CCC(=O)N(O)CCCCCNC(=O)CCC(=O)N(O)CCCCCN.CS(=O)(=O)O,IDDIJAWJANBQLJ-UHFFFAOYSA-N,62881.0,656.3414774840002,0.4261000000000068,260.21
COc1ccc(-c2cc(=O)c3c(O)cc(O)cc3o2)cc1,1.1077,Inactive,61873189,COc1ccc(-c2cc(=O)c3c(O)cc(O)cc3o2)cc1,DANYIYRPLHHOCZ-UHFFFAOYSA-N,5280442.0,284.06847348400004,2.879800000000001,79.9
COc1cc(O)cc(OC)c1OC,1.0962,Inactive,61908519,COc1cc(O)cc(OC)c1OC,VTCDZPUMZAZMSB-UHFFFAOYSA-N,69505.0,184.073558864,1.418,47.92
O=C1C=C2CC3(O)COc4cc(O)ccc4C3=C2C=C1O,1.11995,Inactive,61977582,O=C1C=C2CC3(O)COc4cc(O)ccc4C3=C2C=C1O,MLWIYODOURBGPI-UHFFFAOYSA-N,,284.068473484,1.624,86.99000000000001
CN(Cc1cnc2nc(N)nc(N)c2n1)c1ccc(C(=O)NC(CCC(=O)O)C(=O)O)cc1.O,0.94322,Inactive,62063949,CN(Cc1cnc2nc(N)nc(N)c2n1)c1ccc(C(=O)NC(CCC(=O)O)C(=O)O)cc1.O,FPJYMUQSRFJSEW-UHFFFAOYSA-N,24207740.0,472.1818804879999,-0.5562999999999987,242.04
CCCCCOC(=O)Nc1nc(=O)n(C2OC(C)C(O)C2O)cc1F,1.0994,Inactive,62148780,CCCCCOC(=O)Nc1nc(=O)n(C2OC(C)C(O)C2O)cc1F,GAGWJHPBXLXJQN-UHFFFAOYSA-N,400633.0,359.149263644,0.7601999999999995,122.91
COC(=O)C1C(O)CCC2CN3CCc4c([nH]c5ccccc45)C3CC21,1.0049,Inactive,62184198,COC(=O)C1C(O)CCC2CN3CCc4c([nH]c5ccccc45)C3CC21,BLGXFZZNTVWLAY-UHFFFAOYSA-N,2866.0,354.194342692,2.647100000000001,65.56
NC(=O)C1CCCN1C(=O)C(Cc1c[nH]cn1)NC(=O)C1CCC(=O)N1,0.99485,Inactive,62280381,NC(=O)C1CCCN1C(=O)C(Cc1c[nH]cn1)NC(=O)C1CCC(=O)N1,XNSAINXGIQZQOO-UHFFFAOYSA-N,32281.0,362.170253184,-1.808099999999996,150.28
CC1OC(n2cc(F)c(=O)[nH]c2=O)C(O)C1O,1.002395,Inactive,62344019,CC1OC(n2cc(F)c(=O)[nH]c2=O)C(O)C1O,ZWAOHEXOSAUJHY-UHFFFAOYSA-N,3159.0,246.065199672,-1.6851999999999996,104.55
OC1C(O)C(O)C(O)C(O)C1O,1.1044,Inactive,62546456,OC1C(O)C(O)C(O)C(O)C1O,CDAISMWEOUEBRE-UHFFFAOYSA-N,892.0,180.063388104,-3.834600000000001,121.38
CCOC(=O)NNc1nncc2ccccc12.Cl,1.04584,Inactive,62617564,CCOC(=O)NNc1nncc2ccccc12.Cl,OMCOKCNIYWULQH-UHFFFAOYSA-N,19604.0,268.072703336,2.1246000000000005,76.14
Oc1c(Cl)cc(Cl)cc1Sc1cc(Cl)cc(Cl)c1O,0.20171,Inactive,62875211,Oc1c(Cl)cc(Cl)cc1Sc1cc(Cl)cc(Cl)c1O,JFIOVJDNOJYLKP-UHFFFAOYSA-N,2406.0,353.884261152,5.862600000000001,40.46
CN1C(=O)CC(C)(c2ccccc2)C1=O,1.10345,Inactive,63118944,CN1C(=O)CC(C)(c2ccccc2)C1=O,AJXPJJZHWIXJCJ-UHFFFAOYSA-N,6476.0,203.094628656,1.333,37.38
CC12CCC(=O)C=C1CCC1C2CCC2(C)C1CCC2(O)C(=O)CO,1.1381,Inactive,63142315,CC12CCC(=O)C=C1CCC1C2CCC2(C)C1CCC2(O)C(=O)CO,WHBHBVVOGNECLV-UHFFFAOYSA-N,227112.0,346.21440943999994,2.8108000000000017,74.6
O=C([O-])C(O)C(O)C(O)C(O)CO.[Na+],0.888765,Inactive,63359444,O=C([O-])C(O)C(O)C(O)C(O)CO.[Na+],UPMFZISCCZSDND-UHFFFAOYSA-M,517056.0,218.040246972,-7.823799999999997,141.28
CCN(CC)CCOC(=O)c1ccc(N)cc1.Cl,1.0773,Inactive,63414308,CCN(CC)CCOC(=O)c1ccc(N)cc1.Cl,HCBIBCJNVBAKAB-UHFFFAOYSA-N,5795.0,272.129155592,2.1892,55.56
Cl.NCC(=O)CCC(=O)O,1.21835,Inactive,63581312,Cl.NCC(=O)CCC(=O)O,ZLHFONARZHCSET-UHFFFAOYSA-N,123608.0,167.03492086,-0.1992000000000003,80.39
O=c1cc[nH]c(=O)[nH]1,1.14785,Inactive,63611440,O=c1cc[nH]c(=O)[nH]1,ISAKRJDGNUQOIC-UHFFFAOYSA-N,1174.0,112.027277368,-0.9368,65.72
CC(=O)OC1CC2CCC1(C)C2(C)C,0.977515,Inactive,63640824,CC(=O)OC1CC2CCC1(C)C2(C)C,KGEKLUUHTZCSIP-UHFFFAOYSA-N,6448.0,196.14632988,2.7643000000000013,26.3
CC(=O)Nc1nnc(S(N)(=O)=O)s1,1.09935,Inactive,63743403,CC(=O)Nc1nnc(S(N)(=O)=O)s1,BZKPWHYZMXOIDC-UHFFFAOYSA-N,1986.0,221.988132052,-0.8561000000000003,115.04
CC(CN(C)C)CN1c2ccccc2CCc2ccccc21.O=C(O)C=CC(=O)O,1.005145,Inactive,63824604,CC(CN(C)C)CN1c2ccccc2CCc2ccccc21.O=C(O)C=CC(=O)O,YDGHCKHAXOUQOS-UHFFFAOYSA-N,114766.0,410.2205574399999,3.8328000000000015,81.08
CC1(C)SC2C(NC(=O)C(C(=O)[O-])c3ccsc3)C(=O)N2C1C(=O)[O-].[Na+].[Na+],1.1487,Inactive,63833183,CC1(C)SC2C(NC(=O)C(C(=O)[O-])c3ccsc3)C(=O)N2C1C(=O)[O-].[Na+].[Na+],ZBBCUBMBMZNEME-UHFFFAOYSA-L,20823.0,428.008866728,-8.11340000000001,129.67000000000002
CCN(Cc1ccncc1)C(=O)C(CO)c1ccccc1,0.973075,Inactive,64140531,CCN(Cc1ccncc1)C(=O)C(CO)c1ccccc1,BGDKAVGWHJFAGW-UHFFFAOYSA-N,5593.0,284.15247788,2.2062,53.43000000000001
NC1CCCCC1N.O=C1O[Pt]OC1=O,0.99271,Inactive,64219800,NC1CCCCC1N.O=C1O[Pt]OC1=O,ZROHGHOFXNOHSO-UHFFFAOYSA-L,77994.0,397.060148028,-0.7861,104.64
Cn1c(=O)c2c(ncn2CC2OCCO2)n(C)c1=O,1.04075,Inactive,64304796,Cn1c(=O)c2c(ncn2CC2OCCO2)n(C)c1=O,HWXIGFIVGWUZAO-UHFFFAOYSA-N,50942.0,266.101504928,-1.1933999999999994,80.28
CCC1(c2ccccc2)NC(=O)N(C)C1=O,0.93061,Inactive,64340083,CCC1(c2ccccc2)NC(=O)N(C)C1=O,GMHKMTDVRCWUDX-UHFFFAOYSA-N,4060.0,218.105527688,1.4735000000000005,49.41
C[N+]1(CCCCC[N+]2(C)CCCC2)CCCC1.O=C([O-])C(O)C(O)C(=O)O.O=C([O-])C(O)C(O)C(=O)O,0.99223,Inactive,64648847,C[N+]1(CCCCC[N+]2(C)CCCC2)CCCC1.O=C([O-])C(O)C(O)C(=O)O.O=C([O-])C(O)C(O)C(=O)O,HSMKTIKKPMTUQH-UHFFFAOYSA-L,5702277.0,538.2737747839998,-4.277099999999989,235.78
NC(=O)NC(=O)Cc1ccccc1,1.06895,Inactive,64653388,NC(=O)NC(=O)Cc1ccccc1,XPFRXWCVYUEORT-UHFFFAOYSA-N,4753.0,178.07422756,0.4239999999999995,72.19
CC12CCC(=O)C=C1CCC1C2C(O)CC2(C)C1CCC2(O)C(=O)COP(=O)([O-])[O-].CC[NH+](CC)CC.CC[NH+](CC)CC,1.09965,Inactive,64935134,CC12CCC(=O)C=C1CCC1C2C(O)CC2(C)C1CCC2(O)C(=O)COP(=O)([O-])[O-].CC[NH+](CC)CC.CC[NH+](CC)CC,KBGCXUBOAUWAIS-UHFFFAOYSA-N,,644.4165535419999,0.4966000000000072,155.9
CN(C)C(=O)Oc1cccc([N+](C)(C)C)c1.[Br-],1.1915,Inactive,65057028,CN(C)C(=O)Oc1cccc([N+](C)(C)C)c1.[Br-],LULNWZDBKTWDGK-UHFFFAOYSA-M,8246.0,302.062989948,-1.052299999999998,29.540000000000003
CCCOc1ccccc1-c1nc2[nH]nnc2c(=O)[nH]1,1.0798,Inactive,65072741,CCCOc1ccccc1-c1nc2[nH]nnc2c(=O)[nH]1,REZGGXNDEMKIQB-UHFFFAOYSA-N,135399235.0,271.10692465600005,1.497,96.54999999999998
N=C(N)NOCCC(N)C(=O)O,0.83165,Inactive,65120478,N=C(N)NOCCC(N)C(=O)O,FSBIGDSBMBYOPN-UHFFFAOYSA-N,275.0,176.090940244,-1.7969299999999988,134.45
Cn1nnnc1SCC1=C(C(=O)[O-])N2C(=O)C(NC(=O)C(OC=O)c3ccccc3)C2SC1.[Na+],0.365255,Inactive,65341452,Cn1nnnc1SCC1=C(C(=O)[O-])N2C(=O)C(NC(=O)C(OC=O)c3ccccc3)C2SC1.[Na+],ICZOIXFFVKYXOM-UHFFFAOYSA-M,23669253.0,512.0548685439999,-4.375599999999993,159.43999999999997
O=C(Nc1c(Cl)cncc1Cl)c1ccc(OC(F)F)c(OCC2CC2)c1,1.0867,Inactive,65394540,O=C(Nc1c(Cl)cncc1Cl)c1ccc(OC(F)F)c(OCC2CC2)c1,MNDBXUUTURYVHR-UHFFFAOYSA-N,449193.0,402.034954108,5.030900000000003,60.45
C[N+]1([O-])C2CCC1CC(OC(=O)C(CO)c1ccccc1)C2,0.950665,Inactive,65401222,C[N+]1([O-])C2CCC1CC(OC(=O)C(CO)c1ccccc1)C2,HGWPFSBHDACWNL-UHFFFAOYSA-N,20710.0,305.162708216,1.9435,69.59
CC(C)(C)CC(C)(C)c1cc(Cc2cc(C(C)(C)CC(C)(C)C)cc(-n3nc4ccccc4n3)c2O)c(O)c(-n2nc3ccccc3n2)c1,1.05955,Inactive,65422950,CC(C)(C)CC(C)(C)c1cc(Cc2cc(C(C)(C)CC(C)(C)C)cc(-n3nc4ccccc4n3)c2O)c(O)c(-n2nc3ccccc3n2)c1,FQUNFJULCYSSOP-UHFFFAOYSA-N,3571576.0,658.3995248400001,9.583999999999996,101.88
O=C1O[Bi](O)Oc2ccccc21,1.0506,Inactive,65437165,O=C1O[Bi](O)Oc2ccccc21,ZREIPSZUJIFJNP-UHFFFAOYSA-K,53629521.0,361.99918234,0.213,55.760000000000005
CC1CC(OC(=O)C(O)c2ccccc2)CC(C)(C)C1,1.08705,Inactive,65479627,CC1CC(OC(=O)C(O)c2ccccc2)CC(C)(C)C1,WZHCOOQXZCIUNC-UHFFFAOYSA-N,2893.0,276.172544628,3.4780000000000024,46.53
O=C(O)CCc1nc2ccccc2[nH]1,0.83559,Inactive,65693119,O=C(O)CCc1nc2ccccc2[nH]1,XYWJNTOURDMTPI-UHFFFAOYSA-N,65708.0,190.07422756,1.5800999999999998,65.97999999999999
CC(Cc1ccc(O)c(O)c1)C(C)Cc1ccc(O)c(O)c1,0.978675,Inactive,65701452,CC(Cc1ccc(O)c(O)c1)C(C)Cc1ccc(O)c(O)c1,HCZKYJDFEPMADG-UHFFFAOYSA-N,4534.0,302.151809184,3.566400000000004,80.92
CC12CCC3C(CCC4(O)CC(O)CCC34C=O)C1(O)CCC2C1=CC(=O)OC1,0.97213,Inactive,65744623,CC12CCC3C(CCC4(O)CC(O)CCC34C=O)C1(O)CCC2C1=CC(=O)OC1,ODJLBQGVINUMMR-UHFFFAOYSA-N,5303.0,404.219888744,1.8982,104.06000000000002
NS(=O)(=O)c1cc2c(cc1Cl)N=CNS2(=O)=O,1.009085,Inactive,65901274,NS(=O)(=O)c1cc2c(cc1Cl)N=CNS2(=O)=O,JBMKAUGHUNFTOL-UHFFFAOYSA-N,2720.0,294.9488253519999,-0.0608999999999999,118.69
CON=C(C(=O)NC1C(=O)N2C(C(=O)[O-])=C(CSc3nc(=O)c([O-])nn3C)CSC12)c1csc(N)n1.O.O.O.[Na+].[Na+],0.0493745,Active,65925565,CON=C(C(=O)NC1C(=O)N2C(C(=O)[O-])=C(CSc3nc(=O)c([O-])nn3C)CSC12)c1csc(N)n1.O.O.O.[Na+].[Na+],XMCDZRXQAGFWAK-UHFFFAOYSA-L,,652.0416404640004,-11.631800000000004,315.38000000000005
Cc1ccc(S(=O)(=O)NC(=O)NN2CCCCCC2)cc1,1.05825,Inactive,66041055,Cc1ccc(S(=O)(=O)NC(=O)NN2CCCCCC2)cc1,OUDSBRTVNLOZBN-UHFFFAOYSA-N,5503.0,311.13036253200005,1.7739199999999995,78.50999999999999
O=C(C=CC=Cc1ccc2c(c1)OCO2)N1CCCCC1,1.0177,Inactive,66377290,O=C(C=CC=Cc1ccc2c(c1)OCO2)N1CCCCC1,MXXWOMGUGJBKIW-UHFFFAOYSA-N,4840.0,285.136493468,2.997200000000001,38.77
COc1cc2ncnc(Nc3ccc(F)c(Cl)c3)c2cc1OCCCN1CCOCC1,0.930015,Inactive,66390311,COc1cc2ncnc(Nc3ccc(F)c(Cl)c3)c2cc1OCCCN1CCOCC1,XGALLCVXEZPNRQ-UHFFFAOYSA-N,123631.0,446.152096528,4.275600000000003,68.74000000000001
CC1(C)OC2CC3C4CCC5=CC(=O)CCC5(C)C4(F)C(O)CC3(C)C2(C(=O)CCl)O1,0.978085,Inactive,66431175,CC1(C)OC2CC3C4CCC5=CC(=O)CCC5(C)C4(F)C(O)CC3(C)C2(C(=O)CCl)O1,MUQNGPZZQDCDFT-UHFFFAOYSA-N,3553.0,454.1922300239999,3.889300000000003,72.83
C=CCC1(C(C)CCC)C(=O)N=C([S-])NC1=O.[Na+],1.0337,Inactive,66514940,C=CCC1(C(C)CCC)C(=O)N=C([S-])NC1=O.[Na+],LYZGJWXNOGIVQA-UHFFFAOYSA-M,23677058.0,276.090843064,-1.4515999999999971,58.53
Nc1nc(=O)c2nc(CNc3ccc(C(=O)NC(CCC(=O)O)C(=O)O)cc3)cnc2[nH]1,0.996315,Inactive,66680489,Nc1nc(=O)c2nc(CNc3ccc(C(=O)NC(CCC(=O)O)C(=O)O)cc3)cnc2[nH]1,OVBPIULPVIDEAO-UHFFFAOYSA-N,135444779.0,441.139681328,-0.0447999999999994,213.27999999999997
CC(=O)Oc1ccc2c(C)cc(=O)oc2c1,1.0889,Inactive,66727207,CC(=O)Oc1ccc2c(C)cc(=O)oc2c1,HXVZGASCDAGAPS-UHFFFAOYSA-N,366.0,218.0579088,2.02672,56.510000000000005
Cl.NC(COP(=O)(O)O)C(=O)O,1.07945,Inactive,66788924,Cl.NC(COP(=O)(O)O)C(=O)O,SMQMATXRVFPROR-UHFFFAOYSA-N,,220.985601318,-1.0706000000000004,130.07999999999998
Cc1cc(CC(=O)O)n(C)c1C(=O)c1ccc(Cl)cc1,1.09645,Inactive,66942309,Cc1cc(CC(=O)O)n(C)c1C(=O)c1ccc(Cl)cc1,ZXVNMYWKKDOREA-UHFFFAOYSA-N,5733.0,291.066220988,2.8450200000000017,59.3
Cc1cc(O)c2c(c1)Cc1cccc(O)c1C2=O,0.895965,Inactive,67109982,Cc1cc(O)c2c(c1)Cc1cccc(O)c1C2=O,ZZBWSNKBZKPGAK-UHFFFAOYSA-N,68111.0,240.078644244,2.541420000000001,57.53
C=CC1(C)CC(=O)C2(O)C(C)(O1)C(OC(C)=O)C(O)C1C(C)(C)CCC(O)C12C,1.23535,Inactive,67256651,C=CC1(C)CC(=O)C2(O)C(C)(O1)C(OC(C)=O)C(O)C1C(C)(C)CCC(O)C12C,OHCQJHSOBUTRHG-UHFFFAOYSA-N,3413.0,410.230453428,1.5198999999999987,113.29000000000002
CCc1cccc2c3c([nH]c12)C(CC)(CC(=O)O)OCC3,1.0493,Inactive,67495633,CCc1cccc2c3c([nH]c12)C(CC)(CC(=O)O)OCC3,NNYBQONXHNTVIJ-UHFFFAOYSA-N,3308.0,287.152143532,3.383000000000002,62.32000000000001
Cc1c(O)c(=O)ccn1C,0.98516,Inactive,67614997,Cc1c(O)c(=O)ccn1C,TZXKOCQBRNJULO-UHFFFAOYSA-N,2972.0,139.063328528,0.3993199999999998,42.23
Nc1ccc(S(=O)(=O)Nc2nccs2)cc1,1.04755,Inactive,67677119,Nc1ccc(S(=O)(=O)Nc2nccs2)cc1,JNMRHUJNCSQMMB-UHFFFAOYSA-N,5340.0,255.013618528,1.5261,85.08
CC1(C)C(O)CC(=O)C2(C)C1CC(=O)C1(C)C2CCC2(C)C(c3ccoc3)OC(=O)C3OC321,1.0936,Inactive,67774843,CC1(C)C(O)CC(=O)C2(C)C1CC(=O)C1(C)C2CCC2(C)C(c3ccoc3)OC(=O)C3OC321,BSZLLSHGSWKZRE-UHFFFAOYSA-N,4207726.0,456.2148033639999,3.3929000000000027,106.34
COC1C(O)C(C)OC(OC2CCC3(C=O)C(CCC4C3CCC3(C)C(C5=CC(=O)OC5)CCC43O)C2)C1O,1.029,Inactive,67829714,COC1C(O)C(C)OC(OC2CCC3(C=O)C(CCC4C3CCC3(C)C(C5=CC(=O)OC5)CCC43O)C2)C1O,PMTSPAGBAFCORP-UHFFFAOYSA-N,4749.0,548.2985329879999,2.2892,131.75
COc1cc2nc(N3CCN(C(=O)C4COc5ccccc5O4)CC3)nc(N)c2cc1OC.CS(=O)(=O)O,1.04635,Inactive,67919594,COc1cc2nc(N3CCN(C(=O)C4COc5ccccc5O4)CC3)nc(N)c2cc1OC.CS(=O)(=O)O,VJECBOKJABCYMF-UHFFFAOYSA-N,62978.0,547.173683888,1.2218000000000009,166.64
CC(=O)c1c(O)cc(O)cc1O,0.863305,Inactive,68151575,CC(=O)c1c(O)cc(O)cc1O,XLEYFDVVXLMULC-UHFFFAOYSA-N,68073.0,168.042258736,1.006,77.76
CC(C)(C)C(=O)C(Oc1ccc(Cl)cc1)n1ccnc1,1.0436,Inactive,68186255,CC(C)(C)C(=O)C(Oc1ccc(Cl)cc1)n1ccnc1,OWEGWHBOCFMBLP-UHFFFAOYSA-N,37907.0,292.097855464,3.729300000000002,44.120000000000005
O=C(O)c1cc(N=Nc2ccc(S(=O)(=O)Nc3ccccn3)cc2)ccc1O,1.11015,Inactive,68228350,O=C(O)c1cc(N=Nc2ccc(S(=O)(=O)Nc3ccccn3)cc2)ccc1O,NCEXYHBECQHGNR-UHFFFAOYSA-N,5339.0,398.068490548,3.701600000000001,141.31
O=C(C=Cc1ccc(O)c(O)c1)OC1CC(O)(C(=O)O)CC(O)C1O,1.03725,Inactive,68317475,O=C(C=Cc1ccc(O)c(O)c1)OC1CC(O)(C(=O)O)CC(O)C1O,CWVRJTMFETXNAD-UHFFFAOYSA-N,348159.0,354.09508215599993,-0.6459000000000001,164.75
CC1=CC(=O)C2=C(C)CCC3C(C)C(=O)OC3C12,0.75751,Inactive,68422175,CC1=CC(=O)C2=C(C)CCC3C(C)C(=O)OC3C12,BJPSSVHNEGMBDQ-UHFFFAOYSA-N,291264.0,246.125594436,2.419600000000001,43.370000000000005
Cc1nccc2c1[nH]c1ccccc12,1.02741,Inactive,68441763,Cc1nccc2c1[nH]c1ccccc12,PSFDQSOCUJVVGF-UHFFFAOYSA-N,5281404.0,182.08439832,3.0245200000000008,28.68
CN1C(=O)CC(c2ccccc2)C1=O,1.04723,Inactive,68641301,CN1C(=O)CC(c2ccccc2)C1=O,WLWFNJKHKGIJNW-UHFFFAOYSA-N,6839.0,189.078978592,1.1588999999999998,37.38
O=c1[nH]cnc2c1ncn2C1CCC(CO)O1,0.609115,Inactive,68645750,O=c1[nH]cnc2c1ncn2C1CCC(CO)O1,BXZVVICBKDXVGW-UHFFFAOYSA-N,135422442.0,236.090940244,-0.2105,93.03
CCCCOc1cc(C(=O)OCCN(CC)CC)ccc1N.Cl,0.9547,Inactive,68777855,CCCCOc1cc(C(=O)OCCN(CC)CC)ccc1N.Cl,PRGUDWLMFLCODA-UHFFFAOYSA-N,22304.0,344.18667046800005,3.368100000000001,64.79
CCCC(=O)Nc1ccc(OCC(O)CNC(C)C)c(C(C)=O)c1.Cl,1.0744,Inactive,68839502,CCCC(=O)Nc1ccc(OCC(O)CNC(C)C)c(C(C)=O)c1.Cl,KTUFKADDDORSSI-UHFFFAOYSA-N,36816.0,372.181585088,2.787300000000001,87.66
O=C1OC2(c3ccc(O)cc3Oc3cc(O)ccc32)c2ccccc21,1.0911,Inactive,68866473,O=C1OC2(c3ccc(O)cc3Oc3cc(O)ccc32)c2ccccc21,GNBHRKFJIUUOQI-UHFFFAOYSA-N,16850.0,332.06847348400004,3.6658000000000017,75.99000000000001
Cc1cc(NS(=O)(=O)c2ccc(N)cc2)no1,0.972465,Inactive,68873314,Cc1cc(NS(=O)(=O)c2ccc(N)cc2)no1,JLKIGFTWXXRPMT-UHFFFAOYSA-N,5329.0,253.052112212,1.3660199999999998,98.22
CC(=O)Oc1ccc(C(c2ccc(OC(C)=O)cc2)c2ccccn2)cc1,1.0804,Inactive,68917286,CC(=O)Oc1ccc(C(c2ccc(OC(C)=O)cc2)c2ccccn2)cc1,KHOITXIGCFIULA-UHFFFAOYSA-N,2391.0,361.13140808800006,4.112400000000003,65.49000000000001
C1CNCCN1.CC12CCC3c4ccc(OS(=O)(=O)O)cc4CCC3C1CCC2=O,0.9652,Inactive,69192384,C1CNCCN1.CC12CCC3c4ccc(OS(=O)(=O)O)cc4CCC3C1CCC2=O,HZEQBCVBILBTEP-UHFFFAOYSA-N,21873159.0,436.203193124,2.4726,104.73000000000002
COC1CC2CCC(C)C(O)(O2)C(=O)C(=O)N2CCCCC2C(=O)OC(C(C)CC2CCC(O)C(OC)C2)CC(=O)C(C)C=C(C)C(O)C(OC)C(=O)C(C)CC(C)C=CC=CC=C1C,1.005645,Inactive,69332028,COC1CC2CCC(C)C(O)(O2)C(=O)C(=O)N2CCCCC2C(=O)OC(C(C)CC2CCC(O)C(OC)C2)CC(=O)C(C)C=C(C)C(O)C(OC)C(=O)C(C)CC(C)C=CC=CC=C1C,QFJCIRLUMZQUOT-UHFFFAOYSA-N,5040.0,913.555141588,6.180600000000006,195.42999999999995
CC[n+]1c(-c2ccccc2)c2cc(N)ccc2c2ccc(N)cc21.[Br-],0.91453,Inactive,69338722,CC[n+]1c(-c2ccccc2)c2cc(N)ccc2c2ccc(N)cc21.[Br-],ZMMJGEGLRURXTF-UHFFFAOYSA-N,14710.0,393.08405974,1.1358,55.92
COC(=O)C1=COC(OC2OC(CO)C(O)C(O)C2O)C2C(C)CC(=O)C12,1.1094,Inactive,69378962,COC(=O)C1=COC(OC2OC(CO)C(O)C(O)C2O)C2C(C)CC(=O)C12,HLXRWTJXGMHOFN-UHFFFAOYSA-N,273110.0,388.136946968,-1.942599999999998,151.98000000000002
COc1ccc(-c2c(O)c3c(OC)c4c(cc3oc2=O)OC(C)(C)C=C4)cc1,1.01712,Inactive,69552280,COc1ccc(-c2c(O)c3c(OC)c4c(cc3oc2=O)OC(C)(C)C=C4)cc1,MBZKDBQDALOSRP-UHFFFAOYSA-N,54677407.0,380.12598836,4.367000000000004,78.13000000000001
CC(C)=CCCC(C)=CCCC(C)=CCCC(C)=CCCC(C)=CCCC(C)=CCCC(C)=CCCC(C)=CCCC(C)=CCO,1.1244,Inactive,69621104,CC(C)=CCCC(C)=CCCC(C)=CCCC(C)=CCCC(C)=CCCC(C)=CCCC(C)=CCCC(C)=CCCC(C)=CCO,AFPLNGZPBSKHHQ-UHFFFAOYSA-N,83218.0,630.573966988,14.756899999999964,20.23
CC(C)=CC1C(C(=O)O)C1(C)C,0.910455,Inactive,69842031,CC(C)=CC1C(C(=O)O)C1(C)C,XLOPRKKSAJMMEW-UHFFFAOYSA-N,2743.0,168.115029752,2.3094,37.3
COc1ccc(-c2cc(=O)c3c(OC)c(OC)c(OC)cc3o2)cc1OC,0.9298,Inactive,69886937,COc1ccc(-c2cc(=O)c3c(OC)c(OC)c(OC)cc3o2)cc1OC,LKMNXYDUQXAUCZ-UHFFFAOYSA-N,145659.0,372.12090298,3.503000000000003,76.36000000000001
C=CCCCCCCCCC(=O)O,0.953645,Inactive,70118206,C=CCCCCCCCCC(=O)O,FRPZMMHWLSIFAZ-UHFFFAOYSA-N,5634.0,184.14632988,3.377800000000001,37.3
C[N+](C)(C)CC(=O)[O-].Cl,0.997045,Inactive,70120213,C[N+](C)(C)CC(=O)[O-].Cl,HOPSCVCBEOCPJZ-UHFFFAOYSA-N,11545.0,153.055656304,-1.1357,40.13
C=CCCCCCCCCCCCc1ccco1,0.98594,Inactive,70469358,C=CCCCCCCCCCCCc1ccco1,KNKVJBRMGKXDGO-UHFFFAOYSA-N,6857792.0,248.214015516,5.909100000000006,13.14
Cl.O=C(O)c1cn(-c2ccc(F)cc2)c2cc(N3CCNCC3)c(F)cc2c1=O,0.04564,Active,70553699,Cl.O=C(O)c1cn(-c2ccc(F)cc2)c2cc(N3CCNCC3)c(F)cc2c1=O,KNWODGJQLCISLC-UHFFFAOYSA-N,56207.0,421.100475556,2.7985000000000007,74.57
CC(=O)C1CCC2C3CCC4=CC(=O)CCC4(C)C3CCC12C,0.904175,Inactive,70741954,CC(=O)C1CCC2C3CCC4=CC(=O)CCC4(C)C3CCC12C,RJKFOVLPORLFTN-UHFFFAOYSA-N,4920.0,314.2245802,4.723500000000005,34.14
CNC(=O)Oc1ccc2c(c1)C1(C)CCN(C)C1N2C.O=S(=O)(O)O,0.83938,Inactive,70785955,CNC(=O)Oc1ccc2c(c1)C1(C)CCN(C)C1N2C.O=S(=O)(O)O,LLIODTIILSCNOH-UHFFFAOYSA-N,23365597.0,373.130756456,1.1211000000000004,119.41
C=CCC1(O)CCC2C3CCC4=CC(=O)CCC4=C3C=CC21C,1.0823,Inactive,70810244,C=CCC1(O)CCC2C3CCC4=CC(=O)CCC4=C3C=CC21C,VWAUPFMBXBWEQY-UHFFFAOYSA-N,13324.0,310.193280072,4.275600000000004,37.3
CCOc1cc(CC(=O)NC(CC(C)C)c2ccccc2N2CCCCC2)ccc1C(=O)O,0.843745,Inactive,70810924,CCOc1cc(CC(=O)NC(CC(C)C)c2ccccc2N2CCCCC2)ccc1C(=O)O,FAEKWTJYAYMJKF-UHFFFAOYSA-N,4547.0,452.267507632,5.219900000000005,78.87
CC1(C)SC2C(NC(=O)C(C(=O)[O-])c3ccccc3)C(=O)N2C1C(=O)[O-].[Na+].[Na+],1.102245,Inactive,70907274,CC1(C)SC2C(NC(=O)C(C(=O)[O-])c3ccccc3)C(=O)N2C1C(=O)[O-].[Na+].[Na+],RTYJTGSCYUUYAL-UHFFFAOYSA-L,12881143.0,422.052445792,-8.17490000000001,129.67000000000002
O=C(O)C1=CC(O)C(O)C(O)C1,1.03285,Inactive,71059568,O=C(O)C1=CC(O)C(O)C(O)C1,JXOHGGNKMLTUBP-UHFFFAOYSA-N,1094.0,174.05282342,-1.5162000000000004,97.99
O.O.OCC1OC(OC2OC(CO)C(O)C(O)C2O)C(O)C(O)C1O,1.1224,Inactive,71471940,O.O.OCC1OC(OC2OC(CO)C(O)C(O)C2O)C(O)C(O)C1O,DPVHGFAJLZWDOC-UHFFFAOYSA-N,16760683.0,378.1373408919999,-7.046599999999991,252.52999999999997
C=Cc1c(C)c2cc3[nH]c(cc4nc(cc5[nH]c(cc1n2)c(C)c5CCC(=O)O)c(CCC(=O)O)c4C)c(C)c3C=C,2.62745,Inactive,71617182,C=CC1=C(C)c2cc3[nH]c(cc4nc(cc5[nH]c(cc1n2)c(C)c5CCC(=O)O)C(CCC(=O)O)=C4C)c(C)c3C=C,KSFOVUSSGSKXFI-UHFFFAOYSA-N,145722103.0,562.2580055679999,7.504040000000007,131.96
CC[N+](C)(C)Cc1ccc(Br)cc1.Cc1ccc(S(=O)(=O)[O-])cc1,1.01665,Inactive,71643669,CC[N+](C)(C)Cc1ccc(Br)cc1.Cc1ccc(S(=O)(=O)[O-])cc1,WGKKOBZFJDFUAX-UHFFFAOYSA-M,5702182.0,413.0660267279999,3.9445200000000034,57.2
COc1cc(NS(C)(=O)=O)ccc1Nc1c2ccccc2nc2ccccc12,1.02302,Inactive,71734936,COc1cc(NS(C)(=O)=O)ccc1Nc1c2ccccc2nc2ccccc12,XCPGHVQEEXUHNC-UHFFFAOYSA-N,2179.0,393.1147124680001,4.511700000000003,80.32
COc1ccc2cccc(CCNC(C)=O)c2c1,1.0769,Inactive,71757762,COc1ccc2cccc(CCNC(C)=O)c2c1,YJYPHIXNFHFHND-UHFFFAOYSA-N,82148.0,243.125928784,2.527,38.33
OCCN1CC(O)C(O)C(O)C1CO,1.029945,Inactive,71804344,OCCN1CC(O)C(O)C(O)C1CO,IBAQFPQHRJAVAV-UHFFFAOYSA-N,51577.0,207.110672644,-3.262099999999999,104.39
CN1CCc2cc3c(cc2C1O)OCO3.Cl,1.013545,Inactive,72087524,CN1CCc2cc3c(cc2C1O)OCO3.Cl,DLNQCQJCIITVHC-UHFFFAOYSA-N,71833.0,243.066220988,1.3159,41.93000000000001
CC(=O)c1ccc2c(c1)N(CCCN(C)C)c1ccccc1S2.O=C(O)C=CC(=O)O,0.983055,Inactive,72535110,CC(=O)c1ccc2c(c1)N(CCCN(C)C)c1ccccc1S2.O=C(O)C=CC(=O)O,FQRHOOHLUYHMGG-UHFFFAOYSA-N,19189.0,442.1562429319999,4.155400000000002,98.15000000000002
Clc1ccc(COC(Cn2ccnc2)c2ccc(Cl)cc2Cl)cc1.O=[N+]([O-])O,0.94903,Inactive,72565892,Clc1ccc(COC(Cn2ccnc2)c2ccc(Cl)cc2Cl)cc1.O=[N+]([O-])O,DDXORDQKGIZAME-UHFFFAOYSA-N,68589.0,443.0206390319999,5.453700000000003,90.42
CCN(CC)CCCC(C)Nc1c2ccc(Cl)cc2nc2ccc(OC)cc12.Cl.Cl,1.1771,Inactive,72634172,CCN(CC)CCCC(C)Nc1c2ccc(Cl)cc2nc2ccc(OC)cc12.Cl.Cl,UDKVBVICMUEIKS-UHFFFAOYSA-N,6239.0,471.161095684,6.816000000000006,37.39
C=C1C(=O)OC2C1CCC(C)=CCCC1(C)OC21,0.976425,Inactive,72653488,C=C1C(=O)OC2C1CCC(C)=CCCC1(C)OC21,KTEXNACQROZXEV-UHFFFAOYSA-N,4692.0,248.1412445,2.7620000000000013,38.83
CC(=O)OC1CCC2(C)C(CCC3C2CC(=O)C2(C)C3CC3OC4(CCC(C)CO4)C(C)C32)C1,0.98233,Inactive,72698367,CC(=O)OC1CCC2(C)C(CCC3C2CC(=O)C2(C)C3CC3OC4(CCC(C)CO4)C(C)C32)C1,CVKZWRTYHCDWTE-UHFFFAOYSA-N,225767.0,472.3188745079999,5.543600000000006,61.83000000000001
Cc1c2oc3c(C)ccc(C(=O)OC(C)C4NC(=O)C(C(C)C)N(C)C(=O)CN(C)C(=O)C5CCCN5C(=O)C(C(C)C)NC4=O)c3nc-2c(C(=O)OC(C)C2NC(=O)C(C(C)C)N(C)C(=O)CN(C)C(=O)C3CCCN3C(=O)C(C(C)C)NC2=O)c(N)c1=O,0.75794,Inactive,72766875,Cc1c2oc3c(C)ccc(C(=O)OC(C)C4NC(=O)C(C(C)C)N(C)C(=O)CN(C)C(=O)C5CCCN5C(=O)C(C(C)C)NC4=O)c3nc-2c(C(=O)OC(C)C2NC(=O)C(C(C)C)N(C)C(=O)CN(C)C(=O)C3CCCN3C(=O)C(C(C)C)NC2=O)c(N)c1=O,QKRYGAZNLBVXHK-UHFFFAOYSA-N,45006140.0,1254.6284746719996,0.725640000000003,359.9799999999999
C1CCN2CC3CC(CN4CCCCC34)C2C1.O=S(=O)(O)O,1.0865,Inactive,73270648,C1CCN2CC3CC(CN4CCCCC34)C2C1.O=S(=O)(O)O,FCEHFCFHANDXMB-UHFFFAOYSA-N,230880.0,332.1769783759999,1.6923000000000004,81.08000000000001
CC(=O)OC1C2CCC3C(C)(O)C4CC(O)C(C)(C)C4(O)C(O)CC13CC2(C)O,1.1376,Inactive,73394317,CC(=O)OC1C2CCC3C(C)(O)C4CC(O)C(C)(C)C4(O)C(O)CC13CC2(C)O,NXCYBYJXCJWMRY-UHFFFAOYSA-N,231125.0,412.2461034919999,0.7390999999999996,127.45000000000002
Clc1ccccc1C(c1ccccc1)(c1ccccc1)n1ccnc1,1.20315,Inactive,73398722,Clc1ccccc1C(c1ccccc1)(c1ccccc1)n1ccnc1,VNFPBHJOKIVQEB-UHFFFAOYSA-N,2812.0,344.10802622400007,5.376700000000004,17.82
COc1ccc2[nH]c(S(=O)Cc3ncc(C)c(OC)c3C)nc2n1,1.10795,Inactive,73422530,COc1ccc2[nH]c(S(=O)Cc3ncc(C)c(OC)c3C)nc2n1,ZBFDAUIVDSSISP-UHFFFAOYSA-N,636411.0,346.10996143600005,2.29474,89.99000000000001
Nc1cccc2c1CN(C1CCC(=O)NC1=O)C2=O,1.1273,Inactive,73504798,Nc1cccc2c1CN(C1CCC(=O)NC1=O)C2=O,GOTYRUGSSMKFNF-UHFFFAOYSA-N,216326.0,259.095691276,0.0297999999999998,92.5
N#C[Fe-2](C#N)(C#N)(C#N)(C#N)N=O.O.O.[Na+].[Na+],0.99412,Inactive,73556487,N#C[Fe-2](C#N)(C#N)(C#N)(C#N)N=O.O.O.[Na+].[Na+],OIRZWVYIQXBRFC-UHFFFAOYSA-N,,297.948964048,-7.342899999999998,211.38
NC(=O)c1cnccn1,1.08865,Inactive,73722151,NC(=O)c1cnccn1,IPEHBUMCGVEMRF-UHFFFAOYSA-N,1046.0,123.04326178,-0.4245000000000001,68.87
CC12CCC(=O)C=C1CCC1C2C(O)CC2(C)C1CCC2(O)C(=O)COC(=O)CCC(=O)O,0.96093,Inactive,73776199,CC12CCC(=O)C=C1CCC1C2C(O)CC2(C)C1CCC2(O)C(=O)COC(=O)CCC(=O)O,VWQWXZAWFPZJDA-UHFFFAOYSA-N,3643.0,462.22536804799984,2.1973,138.2
COc1c(O)cccc1O,0.842975,Inactive,73886776,COc1c(O)cccc1O,QFYYAIBEHOEZKC-UHFFFAOYSA-N,121805.0,140.047344116,1.1063999999999996,49.69
COCCCOc1cc(CC(CC(N)C(O)CC(C(=O)NCC(C)(C)C(N)=O)C(C)C)C(C)C)ccc1OC.O=C(O)C=CC(=O)O,0.977765,Inactive,73963300,COCCCOc1cc(CC(CC(N)C(O)CC(C(=O)NCC(C)(C)C(N)=O)C(C)C)C(C)C)ccc1OC.O=C(O)C=CC(=O)O,RSFGNDXWVZPKJA-UHFFFAOYSA-N,74331761.0,667.4043950240001,3.0053000000000045,220.73
CN(C)C(CCOc1cccc2ccccc12)c1ccccc1.Cl,0.68552,Inactive,73998383,CN(C)C(CCOc1cccc2ccccc12)c1ccccc1.Cl,IHWDIQRWYNMKFM-UHFFFAOYSA-N,22313133.0,341.154642068,5.3334000000000055,12.47
CC(COc1ccccc1)N(CCCl)Cc1ccccc1.Cl,1.0185,Inactive,74211684,CC(COc1ccccc1)N(CCCl)Cc1ccccc1.Cl,VBCPVIWPDJVHAN-UHFFFAOYSA-N,6141.0,339.115669716,4.616700000000005,12.47
CCCCCCCCCCCCCCCCOc1nc2ccc(C)cc2c(=O)o1,1.01955,Inactive,74287339,CCCCCCCCCCCCCCCCOc1nc2ccc(C)cc2c(=O)o1,MVCQKIKWYUURMU-UHFFFAOYSA-N,9952916.0,401.292994108,7.356520000000009,52.33
CC(O)CN(CCN(CC(C)O)CC(C)O)CC(C)O,0.93835,Inactive,74420886,CC(O)CN(CCN(CC(C)O)CC(C)O)CC(C)O,NSOXQYCFHDMMGV-UHFFFAOYSA-N,7615.0,292.236207504,-0.8863999999999979,87.4
Cl.O=C(c1ccc(OCCN2CCCCC2)cc1)c1c(-c2ccc(O)cc2)sc2cc(O)ccc12,1.08635,Inactive,74496197,Cl.O=C(c1ccc(OCCN2CCCCC2)cc1)c1c(-c2ccc(O)cc2)sc2cc(O)ccc12,BKXVVCILCIUCLG-UHFFFAOYSA-N,54900.0,509.1427570559999,6.497000000000006,70.0
C#CC(C)(O)CC,1.0534,Inactive,74531700,C#CC(C)(O)CC,QXLPXWSKPNOQLE-UHFFFAOYSA-N,6494.0,98.07316494,0.7806,20.23
COc1ccc(C=CC(=O)Nc2ccccc2C(=O)O)cc1OC,0.9072,Inactive,74747668,COc1ccc(C=CC(=O)Nc2ccccc2C(=O)O)cc1OC,NZHGWWWHIYHZNX-UHFFFAOYSA-N,5527.0,327.110672644,3.0539000000000014,84.86
CC(C)Nc1ncccn1,0.953395,Inactive,74758123,CC(C)Nc1ncccn1,FTCYIGBVOHNHCD-UHFFFAOYSA-N,71169.0,137.095297352,1.2969,37.81
C=CCN=C=S,0.98068,Inactive,74827417,C=CCN=C=S,ZOJBYZNEUISWFT-UHFFFAOYSA-N,5971.0,99.01427016,1.2752,12.36
CC1OC(OC2C(O)CC(OC3C(O)CC(OC4CCC5(C)C(CCC6C5CCC5(C)C(C7=CC(=O)OC7)CCC65O)C4)OC3C)OC2C)CC(O)C1O,1.05843,Inactive,74949339,CC1OC(OC2C(O)CC(OC3C(O)CC(OC4CCC5(C)C(CCC6C5CCC5(C)C(C7=CC(=O)OC7)CCC65O)C4)OC3C)OC2C)CC(O)C1O,WDJUZGPOPHTGOT-UHFFFAOYSA-N,3061.0,764.4346921080001,3.2473000000000014,182.83
O=c1ccc2ccccc2o1,1.08715,Inactive,75153886,O=c1ccc2ccccc2o1,ZYGHJZDHTFUPRJ-UHFFFAOYSA-N,323.0,146.036779432,1.793,30.21
CC(CN(C)C)CN1c2ccccc2Sc2ccccc21.O=C(O)C(O)C(O)C(=O)O,0.970685,Inactive,75315281,CC(CN(C)C)CN1c2ccccc2Sc2ccccc21.O=C(O)C(O)C(O)C(=O)O,ZEEPCWVFSHMOPI-UHFFFAOYSA-N,5702128.0,448.1668076159998,2.3643999999999994,121.54
CCOC(=O)C(CCc1ccccc1)NC(C)C(=O)N1C(C(=O)O)CC2CCCC21,1.0312,Inactive,75328834,CCOC(=O)C(CCc1ccccc1)NC(C)C(=O)N1C(C(=O)O)CC2CCCC21,HDACQVRGBOVJII-UHFFFAOYSA-N,5038.0,416.231122124,2.3831999999999995,95.94
COc1cc2c3cc1Oc1cc(ccc1O)CC1c4c(cc(OC)c(O)c4Oc4ccc(cc4)CC3N(C)CC2)CC[N+]1(C)C.Cl.O.O.O.O.O.[Cl-],0.99537,Inactive,75335952,COc1cc2c3cc1Oc1cc(ccc1O)CC1c4c(cc(OC)c(O)c4Oc4ccc(cc4)CC3N(C)CC2)CC[N+]1(C)C.Cl.O.O.O.O.O.[Cl-],WMIZITXEJNQAQK-UHFFFAOYSA-N,78168870.0,770.294815844,0.0033000000000008,238.12
CCOC(=O)CC(SP(=S)(OC)OC)C(=O)OCC,1.04765,Inactive,75399033,CCOC(=O)CC(SP(=S)(OC)OC)C(=O)OCC,JXSJBGJIGXNWCI-UHFFFAOYSA-N,4004.0,330.036066958,2.1218000000000004,71.06
CC1(C)C(=O)C=CC2(C)C1CC(=O)C1(C)C2CCC2(C)C(c3ccoc3)OC(=O)C3OC321,1.11245,Inactive,75508115,CC1(C)C(=O)C=CC2(C)C1CC(=O)C1(C)C2CCC2(C)C(c3ccoc3)OC(=O)C3OC321,PMISPNORJONCHB-UHFFFAOYSA-N,1886.0,438.2042386799999,4.198100000000003,86.11000000000001
C=CC1CN2CCC1CC2C(O)c1ccnc2ccccc12,0.951225,Inactive,75610227,C=CC1CN2CCC1CC2C(O)c1ccnc2ccccc12,KMPWYEUPVWOPIM-UHFFFAOYSA-N,2757.0,294.173213324,3.164600000000002,36.36
COc1cc(O)c(C(C)=O)c(OC)c1,1.0452,Inactive,75879567,COc1cc(O)c(C(C)=O)c(OC)c1,FBUBVLUPUDBFME-UHFFFAOYSA-N,66654.0,196.073558864,1.612,55.760000000000005
CN(Cc1ccc(C(C)(C)C)cc1)Cc1cccc2ccccc12.Cl,1.089,Inactive,75994645,CN(Cc1ccc(C(C)(C)C)cc1)Cc1cccc2ccccc12.Cl,LJBSAUIFGPSHCN-UHFFFAOYSA-N,443867.0,353.19102757599995,6.191100000000006,3.24
CCCCN(CCCC)CCCOC(=O)c1ccc(N)cc1.O=S(=O)(O)O,0.985875,Inactive,75997482,CCCCN(CCCC)CCCOC(=O)c1ccc(N)cc1.O=S(=O)(O)O,REAJXHWQEFYUCV-UHFFFAOYSA-N,345939.0,404.1981077439999,3.0651,130.16
Cl.Cl.NCCc1c[nH]cn1,1.19065,Inactive,76036299,Cl.Cl.NCCc1c[nH]cn1,PPZMYIBUHIPZOS-UHFFFAOYSA-N,5818.0,183.033002712,0.7545000000000002,54.7
CCCSc1ccc2nc(NC(=O)OC)[nH]c2c1,1.0558,Inactive,76162378,CCCSc1ccc2nc(NC(=O)OC)[nH]c2c1,HXHWSAZORRCQMX-UHFFFAOYSA-N,2082.0,265.08849772,3.2433000000000005,67.00999999999999
CC(=O)NC(CCC(N)=O)C(=O)O,0.98207,Inactive,76235579,CC(=O)NC(CCC(N)=O)C(=O)O,KSMRODHGGIIXDV-UHFFFAOYSA-N,25561.0,188.079706864,-1.1587999999999987,109.49
CC(C)Oc1ccc2c(=O)c(-c3ccccc3)coc2c1,1.1165,Inactive,76519072,CC(C)Oc1ccc2c(=O)c(-c3ccccc3)coc2c1,SFBODOKJTYAUCM-UHFFFAOYSA-N,3747.0,280.109944372,4.247200000000003,39.44
C=CC(C)(O)CCC1C(C)(O)CCC2C(C)(C)CCCC21C,0.9532,Inactive,76522980,C=CC(C)(O)CCC1C(C)(O)CCC2C(C)(C)CCCC21C,XVULBTBTFGYVRC-UHFFFAOYSA-N,521332.0,308.271530392,4.697200000000005,40.46
COc1ccc(-c2coc3cc(O)ccc3c2=O)cc1,1.053,Inactive,76576979,COc1ccc(-c2coc3cc(O)ccc3c2=O)cc1,HKQYGTCOTHHOMP-UHFFFAOYSA-N,5280378.0,268.073558864,3.1742000000000017,59.67
CC(=O)OC1C(=O)C2(C)C(O)CC3OCC3(OC(C)=O)C2C(OC(=O)c2ccccc2)C2(O)CC(OC(=O)C(O)C(NC(=O)c3ccccc3)c3ccccc3)C(C)=C1C2(C)C,1.0545,Inactive,76657392,CC(=O)OC1C(=O)C2(C)C(O)CC3OCC3(OC(C)=O)C2C(OC(=O)c2ccccc2)C2(O)CC(OC(=O)C(O)C(NC(=O)c3ccccc3)c3ccccc3)C(C)=C1C2(C)C,RCINICONZNJXQF-UHFFFAOYSA-N,4666.0,853.3309553119999,3.735700000000003,221.29
CNC1C(O)C(OC2C(N)CC(N)C(OC3OC(CN)=CCC3N)C2O)OCC1(C)O.O=S(=O)(O)O,1.1784,Inactive,76833490,CNC1C(O)C(OC2C(N)CC(N)C(OC3OC(CN)=CCC3N)C2O)OCC1(C)O.O=S(=O)(O)O,JVTNJDPXUPRGIE-UHFFFAOYSA-N,5458403.0,545.2366780679998,-4.5043,288.32
CC1OC(OC2C(O)C(O)C(O)C(O)C2O)C(N)CC1NC(=N)C(=O)O.Cl,0.892335,Inactive,77241344,CC1OC(OC2C(O)C(O)C(O)C(O)C2O)C(N)CC1NC(=N)C(=O)O.Cl,ZDRBJJNXJOSCLR-UHFFFAOYSA-N,16757871.0,415.135757092,-3.906229999999994,218.81
Oc1ccc(Cl)c2cccnc12,0.42104,Inactive,77595738,Oc1ccc(Cl)c2cccnc12,CTQMJYWDVABFRZ-UHFFFAOYSA-N,2817.0,179.013791492,2.5938000000000008,33.120000000000005
CCN(CC)C(=O)C(C#N)=Cc1cc(O)c(O)c([N+](=O)[O-])c1,1.10365,Inactive,77687447,CCN(CC)C(=O)C(C#N)=Cc1cc(O)c(O)c([N+](=O)[O-])c1,JRURYQJSLYLRLN-UHFFFAOYSA-N,4659568.0,305.10117058,1.7813800000000002,127.70000000000002
CCC=CCC1=C(C)CCC1=O,0.878335,Inactive,77763700,CCC=CCC1=C(C)CCC1=O,XMLSXPIVAXONDL-UHFFFAOYSA-N,10261.0,164.120115132,3.022100000000002,17.07
O=C(OC1Cc2c(O)cc(O)cc2OC1c1cc(O)c(O)c(O)c1-c1c(C2Oc3cc(O)cc(O)c3CC2OC(=O)c2cc(O)c(O)c(O)c2)cc(O)c(O)c1O)c1cc(O)c(O)c(O)c1,1.0483,Inactive,77814484,O=C(OC1Cc2c(O)cc(O)cc2OC1c1cc(O)c(O)c(O)c1-c1c(C2Oc3cc(O)cc(O)c3CC2OC(=O)c2cc(O)c(O)c(O)c2)cc(O)c(O)c1O)c1cc(O)c(O)c(O)c1,YUULFXAQUWEYNP-UHFFFAOYSA-N,5152597.0,914.1541727280004,4.446800000000015,394.74000000000007
Cl.NC1=NCC2c3ccccc3Cc3ccccc3N12,1.13575,Inactive,77903997,Cl.NC1=NCC2c3ccccc3Cc3ccccc3N12,VKXSGUIOOQPGAF-UHFFFAOYSA-N,157313.0,285.103275192,2.888600000000001,41.62
COc1cc2c3cc1Oc1c(OC)c(OC)cc4c1C(Cc1cccc(c1)Oc1ccc(c(O)c1)CC3N(C)CC2)N(C)CC4.Cl.Cl,1.03435,Inactive,77983255,COc1cc2c3cc1Oc1c(OC)c(OC)cc4c1C(Cc1cccc(c1)Oc1ccc(c(O)c1)CC3N(C)CC2)N(C)CC4.Cl.Cl,SNFZOWCOEANLMI-UHFFFAOYSA-N,16757769.0,680.241992424,7.703000000000008,72.86
Nc1nc(N)nc(-c2cc(Cl)ccc2Cl)n1.O=C(O)C=CC(=O)O,1.0367,Inactive,78024313,Nc1nc(N)nc(-c2cc(Cl)ccc2Cl)n1.O=C(O)C=CC(=O)O,PJLVTVAIERNDEQ-UHFFFAOYSA-N,119549.0,371.018809192,1.7216,165.30999999999997
CC(C=CC1=C(C)CCCC1(C)C)=CC=CC(C)=CCO,0.99346,Inactive,78219992,CC(C=CC1=C(C)CCCC1(C)C)=CC=CC(C)=CCO,FPIPGXGPPPQFEQ-UHFFFAOYSA-N,1071.0,286.22966558,5.510300000000006,20.23
Cl.OC1CCCCC1N1CCC(c2ccccc2)CC1,1.12595,Inactive,78229404,Cl.OC1CCCCC1N1CCC(c2ccccc2)CC1,XJNUHVMJVWOYCW-UHFFFAOYSA-N,212231.0,295.170292132,3.591300000000002,23.47
CCN1CCN(c2cc3c(cc2F)c(=O)c(C(=O)O)cn3C2CC2)CC1,0.044921,Active,78269705,CCN1CCN(c2cc3c(cc2F)c(=O)c(C(=O)O)cn3C2CC2)CC1,SPFYMRJSYKOXGV-UHFFFAOYSA-N,71188.0,359.16451978400005,2.3156,65.78
NC(N)=Nc1nc(CSCCC(N)=NS(N)(=O)=O)cs1,1.00365,Inactive,78270384,NC(N)=Nc1nc(CSCCC(N)=NS(N)(=O)=O)cs1,XUFQPHANEAPEMJ-UHFFFAOYSA-N,3325.0,337.04493572,-0.7679999999999998,175.82999999999998
CC(C)CCCC(C)C1CCC2C3CC(=O)C4CC(O)CCC4(C)C3CCC12C,0.84396,Inactive,78589373,CC(C)CCCC(C)C1CCC2C3CC(=O)C4CC(O)CCC4(C)C3CCC12C,JQMQKOQOLPGBBE-UHFFFAOYSA-N,301398.0,402.349780712,6.647600000000009,37.3
CC(C)C(=O)Oc1ccc(CO)cc1C(CCN(C(C)C)C(C)C)c1ccccc1.O=C(O)C=CC(=O)O,0.804,Inactive,78658655,CC(C)C(=O)Oc1ccc(CO)cc1C(CCN(C(C)C)C(C)C)c1ccccc1.O=C(O)C=CC(=O)O,MWHXMIASLKXGBU-UHFFFAOYSA-N,74344602.0,527.2883026519999,5.092900000000004,124.37000000000002
CC(C)(Sc1cc(C(C)(C)C)c(O)c(C(C)(C)C)c1)Sc1cc(C(C)(C)C)c(O)c(C(C)(C)C)c1,1.07575,Inactive,78817957,CC(C)(Sc1cc(C(C)(C)C)c(O)c(C(C)(C)C)c1)Sc1cc(C(C)(C)C)c(O)c(C(C)(C)C)c1,FYPMFJGVHOHGLL-UHFFFAOYSA-N,4912.0,516.309572776,9.908299999999995,40.46
CN1CCN(C2=Nc3ccccc3Oc3ccc(Cl)cc32)CC1.O=C(O)CCC(=O)O,1.07655,Inactive,79193814,CN1CCN(C2=Nc3ccccc3Oc3ccc(Cl)cc32)CC1.O=C(O)CCC(=O)O,YQZBAXDVDZTKEQ-UHFFFAOYSA-N,71399.0,445.1404485479999,3.707200000000002,102.67
COC(=O)NN=Cc1c[n+]([O-])c2ccccc2[n+]1[O-],0.57424,Inactive,79278148,COC(=O)NN=Cc1c[n+]([O-])c2ccccc2[n+]1[O-],OVGGLBAWFMIPPY-UHFFFAOYSA-N,135403805.0,262.0702048,-0.2034999999999998,104.57
Nc1ccc(S(=O)(=O)Nc2ccccn2)cc1,0.964625,Inactive,79289859,Nc1ccc(S(=O)(=O)Nc2ccccn2)cc1,GECHUMIMRBOMGK-UHFFFAOYSA-N,5336.0,249.057197592,1.4646,85.08
COC(=O)NC(=S)Nc1ccccc1NC(=S)NC(=O)OC,1.007535,Inactive,79391569,COC(=O)NC(=S)Nc1ccccc1NC(=S)NC(=O)OC,QGHREAKMXXNCOA-UHFFFAOYSA-N,3032791.0,342.045646928,1.7921999999999998,100.72
CC1CCC2(OC1)OC1CC3C4CCC5CC(O)CCC5(C)C4CCC3(C)C1C2C,0.92409,Inactive,79427797,CC1CCC2(OC1)OC1CC3C4CCC5CC(O)CCC5(C)C4CCC3(C)C1C2C,GMBQZIIUCVWOCD-UHFFFAOYSA-N,219836.0,416.329045268,5.793800000000006,38.69
CCC(=O)OC1CCC2C3CCC4=CC(=O)CCC4(C)C3CCC12C,0.94992,Inactive,79633044,CCC(=O)OC1CCC2C3CCC4=CC(=O)CCC4(C)C3CCC12C,PDMMFKSKQVNJMI-UHFFFAOYSA-N,5410.0,344.235144884,4.840100000000005,43.370000000000005
CCCCC(CC)COC(=O)C=Cc1ccc(OC)cc1,0.94793,Inactive,79764696,CCCCC(CC)COC(=O)C=Cc1ccc(OC)cc1,YBGZDTIWKVFICR-UHFFFAOYSA-N,21630.0,290.188194692,4.468000000000004,35.53
Nc1cc(-c2ccncc2)c[nH]c1=O,1.002,Inactive,79852283,Nc1cc(-c2ccncc2)c[nH]c1=O,RNLQIBCLLYYYFJ-UHFFFAOYSA-N,3698.0,187.074561908,1.0191,71.77
C=C(C)C1CC=C(C(=O)O)CC1,0.772965,Inactive,79900953,C=C(C)C1CC=C(C(=O)O)CC1,CDSMSBUVCWHORP-UHFFFAOYSA-N,1256.0,166.099379688,2.3736000000000006,37.3
O=C(C=Cc1ccc(O)cc1)c1ccccc1,0.93108,Inactive,79904295,O=C(C=Cc1ccc(O)cc1)c1ccccc1,PWWCDTYUYPOAIU-UHFFFAOYSA-N,89340.0,224.083729624,3.2883000000000013,37.3
O=C([O-])C1=C(CSc2nnnn2CS(=O)(=O)[O-])CSC2C(NC(=O)C(O)c3ccccc3)C(=O)N12.[Na+].[Na+],0.043985,Active,80015098,O=C([O-])C1=C(CSc2nnnn2CS(=O)(=O)[O-])CSC2C(NC(=O)C(O)c3ccccc3)C(=O)N12.[Na+].[Na+],NAXFZVGOZUWLEP-UHFFFAOYSA-L,13591280.0,585.9987130320001,-8.586600000000008,210.57
NC(CSCSCC(N)C(=O)O)C(=O)O,0.91738,Inactive,80060569,NC(CSCSCC(N)C(=O)O)C(=O)O,JMQMNWIBUCGUDO-UHFFFAOYSA-N,253305.0,254.039498928,-0.7658999999999989,126.64
O=c1cccc(C=Cc2ccc3c(c2)OCO3)o1,1.06244,Inactive,80105067,O=c1cccc(C=Cc2ccc3c(c2)OCO3)o1,HVUYPPPEYCNSFQ-UHFFFAOYSA-N,85312600.0,242.0579088,2.538900000000001,48.67
O=C(O)c1cccnc1Nc1cccc(C(F)(F)F)c1,0.977995,Inactive,80143273,O=C(O)c1cccnc1Nc1cccc(C(F)(F)F)c1,JZFPYUNJRRFVQU-UHFFFAOYSA-N,4488.0,282.061612188,3.542200000000001,62.22
COc1ccc2c(c1)OC1c3ccc(OC)cc3OCC21,0.892985,Inactive,80153232,COc1ccc2c(c1)OC1c3ccc(OC)cc3OCC21,VPGIGLKLCFOWDN-UHFFFAOYSA-N,454892.0,284.104858992,3.313500000000001,36.92
CCCc1nc(C(C)(C)O)c(C(=O)O)n1Cc1ccc(-c2ccccc2-c2nn[nH]n2)cc1,1.0798,Inactive,80170804,CCCc1nc(C(C)(C)O)c(C(=O)O)n1Cc1ccc(-c2ccccc2-c2nn[nH]n2)cc1,VTRAEEWXHOVJFV-UHFFFAOYSA-N,158781.0,446.2066386920001,3.656600000000002,129.81
OCc1ccccc1O,1.1431,Inactive,80435243,OCc1ccccc1O,CQRYARSYNCAZFO-UHFFFAOYSA-N,5146.0,124.052429496,0.8844999999999998,40.46
CC(C)NCC(O)c1ccc(NS(C)(=O)=O)cc1.Cl,0.926725,Inactive,80531788,CC(C)NCC(O)c1ccc(NS(C)(=O)=O)cc1.Cl,VIDRYROWYFWGSY-UHFFFAOYSA-N,66245.0,308.096141212,1.5113,78.43
C#CC1(O)CCC2C3CCC4=CC(=O)CCC4(C)C3CCC21C,1.0627,Inactive,80572981,C#CC1(O)CCC2C3CCC4=CC(=O)CCC4(C)C3CCC21C,CHNXZKVNWQUJIB-UHFFFAOYSA-N,3288.0,312.208930136,3.882600000000004,37.3
C=C1CC2C3C=C(C)C4=CC(=O)CCC4(C)C3CCC2(C)C1(OC(C)=O)C(C)=O,1.06436,Inactive,80752299,C=C1CC2C3C=C(C)C4=CC(=O)CCC4(C)C3CCC2(C)C1(OC(C)=O)C(C)=O,UDKABVSQKJNZBH-UHFFFAOYSA-N,18020.0,396.230059504,4.741400000000004,60.440000000000005
COc1cccc2c1C(=O)c1c(O)c3c(c(O)c1C2=O)CC(O)(C(=O)CO)CC3OC1CC(N)C(O)C(C)O1.Cl,1.016995,Inactive,80908055,COc1cccc2c1C(=O)c1c(O)c3c(c(O)c1C2=O)CC(O)(C(=O)CO)CC3OC1CC(N)C(O)C(C)O1.Cl,MWWSFMDVAYGXBV-UHFFFAOYSA-N,21584061.0,579.1507384599998,0.4230999999999994,206.07
CNC(=NC#N)NCCSCc1nc[nH]c1C,1.07765,Inactive,80946631,CNC(=NC#N)NCCSCc1nc[nH]c1C,AQIXAKUUQRKLND-UHFFFAOYSA-N,2756.0,252.115715512,0.5973999999999997,88.88999999999999
CN1CCN(c2cc3c(cc2F)c(=O)c(C(=O)O)cn3-c2ccc(F)cc2)CC1.Cl,0.0477045,Active,80961675,CN1CCN(c2cc3c(cc2F)c(=O)c(C(=O)O)cn3-c2ccc(F)cc2)CC1.Cl,JFMGBGLSDVIOHL-UHFFFAOYSA-N,56205.0,435.11612562,3.140700000000002,65.78
O=c1cc(-c2cc(O)c(O)c(O)c2)oc2cc(O)cc(O)c12,0.994085,Inactive,81156597,O=c1cc(-c2cc(O)c(O)c(O)c2)oc2cc(O)cc(O)c12,ARSRJFRKVXALTF-UHFFFAOYSA-N,5281701.0,302.04265266,1.988,131.36
CN(C)Cc1c[nH]c2ccccc12,0.976295,Inactive,81233008,CN(C)Cc1c[nH]c2ccccc12,OCDGBSUVYYVKQZ-UHFFFAOYSA-N,6890.0,174.115698448,2.2295,19.03
O=C(O)c1cc(O)c(O)c(O)c1,1.1179,Inactive,81261438,O=C(O)c1cc(O)c(O)c(O)c1,LNTHITQWFMADLM-UHFFFAOYSA-N,370.0,170.021523292,0.5015999999999998,97.99
CC12CCC3c4ccc(OC(=O)N(CCCl)CCCl)cc4CCC3C1CCC2O,0.99211,Inactive,81266871,CC12CCC3c4ccc(OC(=O)N(CCCl)CCCl)cc4CCC3C1CCC2O,FRPJXPJMRWBBIH-UHFFFAOYSA-N,18140.0,439.168099212,5.182000000000006,49.77
Cl.NCCc1ccccc1,0.983315,Inactive,81519526,Cl.NCCc1ccccc1,SKHIBNDAFWIOPB-UHFFFAOYSA-N,9075.0,157.065827064,1.6096,26.02
COC1C(O)CC(=O)OC(C)CC=CC=CC(OC2CCC(N(C)C)C(C)O2)C(C)CC(CC=O)C1OC1OC(C)C(OC2CC(C)(O)C(O)C(C)O2)C(N(C)C)C1O,0.819255,Inactive,81523399,COC1C(O)CC(=O)OC(C)CC=CC=CC(OC2CCC(N(C)C)C(C)O2)C(C)CC(CC=O)C1OC1OC(C)C(OC2CC(C)(O)C(O)C(C)O2)C(N(C)C)C1O,ACTOXUHEUCPTEW-UHFFFAOYSA-N,5266.0,842.5140050480001,2.3251000000000075,195.38
NS(=O)(=O)c1cc(C2(O)NC(=O)c3ccccc32)ccc1Cl,0.98597,Inactive,81574430,NS(=O)(=O)c1cc(C2(O)NC(=O)c3ccccc32)ccc1Cl,JIVPVXMEBJLZRO-UHFFFAOYSA-N,2732.0,338.012805512,0.9242,109.49
CN(CCOc1ccc(CC2SC(=O)NC2=O)cc1)c1ccccn1.O=C(O)C=CC(=O)O,0.921075,Inactive,81740774,CN(CCOc1ccc(CC2SC(=O)NC2=O)cc1)c1ccccn1.O=C(O)C=CC(=O)O,SUFUKZSWUHZXAV-UHFFFAOYSA-N,77998.0,473.125671076,2.2027,146.13
CCCCCCCCCCCCCCCC(=O)OCC(O)CO,0.9336,Inactive,81810894,CCCCCCCCCCCCCCCC(=O)OCC(O)CO,QHZLMUACJMDIAE-UHFFFAOYSA-N,14900.0,330.27700969599994,4.364100000000005,66.76
CC1=C2C(=COC(C)C2C)C(O)=C(C(=O)O)C1=O,0.870195,Inactive,81856970,CC1=C2C(=COC(C)C2C)C(O)=C(C(=O)O)C1=O,CQIUKKVOEOPUDV-UHFFFAOYSA-N,,250.084123548,1.721,83.83000000000001
COC1C=CC23c4cc5c(cc4CN(CC2O)C3C1)OCO5,1.09885,Inactive,82371364,COC1C=CC23c4cc5c(cc4CN(CC2O)C3C1)OCO5,YGPRSGKVLATIHT-UHFFFAOYSA-N,500027.0,301.131408088,1.1866999999999996,51.16000000000001
COc1cccc(OC)c1O,1.076,Inactive,82461671,COc1cccc(OC)c1O,KLIDCXVFHGNTTM-UHFFFAOYSA-N,7041.0,154.06299418,1.4093999999999998,38.69
NCC1CCC(C(=O)O)CC1,1.1156,Inactive,82578261,NCC1CCC(C(=O)O)CC1,GYDJEQRTZSCIOI-UHFFFAOYSA-N,5526.0,157.11027872,0.8361000000000001,63.32000000000001
CC(CCc1ccccc1)NCC(O)c1ccc(O)c(C(N)=O)c1.Cl,1.09035,Inactive,82580925,CC(CCc1ccccc1)NCC(O)c1ccc(O)c(C(N)=O)c1.Cl,WQVZLXWQESQGIF-UHFFFAOYSA-N,71412.0,364.1553703400001,2.5572000000000004,95.57999999999998
Oc1ccc(Cl)cc1,1.00285,Inactive,82698521,Oc1ccc(Cl)cc1,WXNZTHHGJRFXKQ-UHFFFAOYSA-N,4684.0,128.00289246,2.0456,20.23
CCC(C)C1OC2(C=CC1C)CC1CC(CC=C(C)C(OC3CC(OC)C(OC4CC(OC)C(NC(C)=O)C(C)O4)C(C)O3)C(C)C=CC=C3COC4C(O)C(C)=CC(C(=O)O1)C34O)O2,0.997045,Inactive,82974910,CCC(C)C1OC2(C=CC1C)CC1CC(CC=C(C)C(OC3CC(OC)C(OC4CC(OC)C(NC(C)=O)C(C)O4)C(C)O3)C(C)C=CC=C3COC4C(O)C(C)=CC(C(=O)O1)C34O)O2,ZKWQQXZUCOBISE-UHFFFAOYSA-N,4868768.0,913.5187560800002,5.521200000000009,178.92999999999998
O=C1C=C2CC3(O)COc4c(ccc(O)c4O)C3=C2C=C1O,1.10255,Inactive,83001779,O=C1C=C2CC3(O)COc4c(ccc(O)c4O)C3=C2C=C1O,HLUCICHZHWJHLL-UHFFFAOYSA-N,,300.063388104,1.3295999999999997,107.22
Cl.Nc1c2c(nc3ccccc13)CCCC2,0.910695,Inactive,83013774,Cl.Nc1c2c(nc3ccccc13)CCCC2,ZUFVXZVXEJHHBN-UHFFFAOYSA-N,2723754.0,234.09237616,3.1176000000000013,38.91
COC(=O)C1C2CC3c4[nH]c5cc(OC)ccc5c4CCN3CC2CC(OC(=O)c2cc(OC)c(OC)c(OC)c2)C1OC,0.986195,Inactive,83078145,COC(=O)C1C2CC3c4[nH]c5cc(OC)ccc5c4CCN3CC2CC(OC(=O)c2cc(OC)c(OC)c(OC)c2)C1OC,QEVHRUUCFGRFIF-UHFFFAOYSA-N,5052.0,608.27338086,4.171100000000004,117.78000000000004
CC(=O)OCC(=O)C12N=C(C)OC1CC1C3CCC4=CC(=O)C=CC4(C)C3C(O)CC12C,1.11025,Inactive,83180103,CC(=O)OCC(=O)C12N=C(C)OC1CC1C3CCC4=CC(=O)C=CC4(C)C3C(O)CC12C,FBHSPRKOSMHSIF-UHFFFAOYSA-N,26709.0,441.215137712,2.5632,102.26
CC1(C)C(=O)C=CC2(C)C1=C(O)C(=O)C1(C)C2CCC2(C)C(c3ccoc3)CC3OC321,1.07395,Inactive,83256684,CC1(C)C(=O)C=CC2(C)C1=C(O)C(=O)C1(C)C2CCC2(C)C(c3ccoc3)CC3OC321,OQMUOVSEPOBWMK-UHFFFAOYSA-N,5136005.0,422.2093240599999,4.893300000000004,80.03999999999999
COc1ccc2cc3[n+](cc2c1OC)CCc1cc2c(cc1-3)OCO2.[Cl-],1.0591,Inactive,83386829,COc1ccc2cc3[n+](cc2c1OC)CCc1cc2c(cc1-3)OCO2.[Cl-],VKJGBAJNNALVAV-UHFFFAOYSA-M,12456.0,371.0924357359999,0.1002999999999998,40.8
O=C(NCc1ccccc1)OCCO,1.0768,Inactive,83412069,O=C(NCc1ccccc1)OCCO,YFLRYAVDPKONNX-UHFFFAOYSA-N,20787.0,195.089543276,0.9051,58.56
Cl.Nc1c(Br)cc(Br)cc1CNC1CCC(O)CC1,1.0907,Inactive,83511000,Cl.Nc1c(Br)cc(Br)cc1CNC1CCC(O)CC1,QNVKOSLOVOTXKF-UHFFFAOYSA-N,108013.0,411.955265108,3.6087000000000016,58.28
OCC(O)C(O)CO,0.882035,Inactive,83579799,OCC(O)C(O)CO,UNXHWFMMPAWVPI-UHFFFAOYSA-N,8998.0,122.0579088,-2.3071999999999995,80.92
CC(=O)OCC(=O)C1(O)CCC2C3CCC4=CC(=O)CCC4(C)C3C(O)CC21C,1.007815,Inactive,83611998,CC(=O)OCC(=O)C1(O)CCC2C3CCC4=CC(=O)CCC4(C)C3C(O)CC21C,ALEXXDVDDISNDU-UHFFFAOYSA-N,3641.0,404.219888744,2.3524000000000003,100.90000000000002
NC(Cc1cc(I)c(Oc2ccc(O)c(I)c2)c(I)c1)C(=O)[O-].[Na+],0.95125,Inactive,83862514,NC(Cc1cc(I)c(Oc2ccc(O)c(I)c2)c(I)c1)C(=O)[O-].[Na+],SBXXSUDPJJJJLC-UHFFFAOYSA-M,16760684.0,672.771996112,-0.3780000000000001,95.61
CC1=NCCC2c3ccc(O)cc3NC12,1.0672,Inactive,83882679,CC1=NCCC2c3ccc(O)cc3NC12,ZROHARDJZUDICW-UHFFFAOYSA-N,73440808.0,202.110613068,2.1345,44.620000000000005
CC1(C)SC2C(NC(=O)Cc3ccccc3)C(=O)N2C1C(=O)[O-].[K+],0.576135,Inactive,83888275,CC1(C)SC2C(NC(=O)Cc3ccccc3)C(=O)N2C1C(=O)[O-].[K+],IYNDLOXRXUOGIU-UHFFFAOYSA-M,517573.0,372.054609704,-3.4698999999999973,89.54
CC(=O)Oc1cccc(O)c1,1.0273,Inactive,83889405,CC(=O)Oc1cccc(O)c1,ZZPKZRHERLGEKA-UHFFFAOYSA-N,5055.0,152.047344116,1.3175,46.53
O=C(O)c1cccc(C(=O)O)n1,0.89073,Inactive,83968990,O=C(O)c1cccc(C(=O)O)n1,WJJMNDUMQPNECX-UHFFFAOYSA-N,10367.0,167.02185764,0.4779999999999999,87.49
CCc1oc2ccccc2c1C(=O)c1cc(Br)c(O)c(Br)c1,1.02841,Inactive,84001971,CCc1oc2ccccc2c1C(=O)c1cc(Br)c(O)c(Br)c1,WHQCHUCQKNIQEC-UHFFFAOYSA-N,2333.0,421.9153184439999,5.456800000000003,50.44
CC1CC2C3CC(F)C4=CC(=O)C=CC4(C)C3(F)C(O)CC2(C)C1(O)C(=O)COC(=O)C(C)(C)C,1.1331,Inactive,84030493,CC1CC2C3CC(F)C4=CC(=O)C=CC4(C)C3(F)C(O)CC2(C)C1(O)C(=O)COC(=O)C(C)(C)C,JWRMHDSINXPDHB-UHFFFAOYSA-N,3376.0,494.2479953119999,3.4407000000000023,100.9
COc1ccc2c(=O)cc(-c3ccccc3)oc2c1OC,0.902045,Inactive,84043398,COc1ccc2c(=O)cc(-c3ccccc3)oc2c1OC,KJRQQECDVUXBCO-UHFFFAOYSA-N,689014.0,282.089208928,3.4772000000000025,48.67
NCC1(CC(=O)O)CCCCC1,0.871945,Inactive,84234915,NCC1(CC(=O)O)CCCCC1,UGJMXCAKCUNAIE-UHFFFAOYSA-N,3446.0,171.125928784,1.3702999999999994,63.32000000000001
Cl.Clc1ccc(Cn2c(CN3CCCC3)nc3ccccc32)cc1,0.91971,Inactive,84238546,Cl.Clc1ccc(Cn2c(CN3CCCC3)nc3ccccc32)cc1,DNFMJYXRIMLMBZ-UHFFFAOYSA-N,14412.0,361.111253032,4.755600000000004,21.06
CC(=O)N=c1sc(S(N)(=O)=O)nn1C,0.97432,Inactive,84299221,CC(=O)N=c1sc(S(N)(=O)=O)nn1C,FLOSMHQXBMRNHR-UHFFFAOYSA-N,4100.0,236.003782116,-1.4237999999999995,107.41
COC1=C(OC)C(=O)C(CCCCCCCCCCO)=C(C)C1=O,1.048025,Inactive,84309377,COC1=C(OC)C(=O)C(CCCCCCCCCCO)=C(C)C1=O,JGPMMRGNQUBGND-UHFFFAOYSA-N,3686.0,338.20932406,3.4623000000000026,72.83000000000001
N#CCC(=O)NN,1.07775,Inactive,84473052,N#CCC(=O)NN,HPHBOJANXDKUQD-UHFFFAOYSA-N,8820.0,99.04326178,-1.11002,78.91
O=P([O-])([O-])F.[Na+].[Na+],1.0264,Inactive,84480702,O=P([O-])([O-])F.[Na+].[Na+],BFDWBSRJQZPEEB-UHFFFAOYSA-L,24266.0,143.93644727,-7.2074,63.19
CC(C)c1ccc2oc3nc(N)c(C(=O)O)cc3c(=O)c2c1,0.90321,Inactive,84485234,CC(C)c1ccc2oc3nc(N)c(C(=O)O)cc3c(=O)c2c1,SGRYPYWGNKJSDL-UHFFFAOYSA-N,2161.0,298.095356928,2.745,106.42000000000002
COC(=O)C1=C(C)NC(C)=C(C(=O)OC)C1c1ccccc1[N+](=O)[O-],0.912425,Inactive,84512392,COC(=O)C1=C(C)NC(C)=C(C(=O)OC)C1c1ccccc1[N+](=O)[O-],HYIMSNHJOBLJNT-UHFFFAOYSA-N,4485.0,346.11648629599995,2.1756,107.77
NS(=O)(=O)c1cc(C(=O)O)c(NCc2ccco2)cc1Cl,1.1178,Inactive,84601483,NS(=O)(=O)c1cc(C(=O)O)c(NCc2ccco2)cc1Cl,ZZUFCTLCJUWOSV-UHFFFAOYSA-N,3440.0,330.00772013200003,1.8907,122.63
COc1cc(Cc2cnc(N)nc2N)cc(OC)c1OC,0.044023,Active,84632098,COc1cc(Cc2cnc(N)nc2N)cc(OC)c1OC,IEDVJHCEMCRBQM-UHFFFAOYSA-N,5578.0,290.137890436,1.2575999999999998,105.51
Cc1c(C(=O)O)c(O)cc2c1C(=O)c1c(O)c(C3OC(CO)C(O)C(O)C3O)c(O)c(O)c1C2=O,1.09905,Inactive,84753700,Cc1c(C(=O)O)c(O)cc2c1C(=O)c1c(O)c(C3OC(CO)C(O)C(O)C3O)c(O)c(O)c1C2=O,DGQLVPJVXFOQEV-UHFFFAOYSA-N,14950.0,492.09039069999983,-1.1940800000000005,242.51
CN(C)C(=O)Oc1cc(OC(=O)N(C)C)cc(C(O)CNC(C)(C)C)c1.Cl,1.10275,Inactive,84808760,CN(C)C(=O)Oc1cc(OC(=O)N(C)C)cc(C(O)CNC(C)(C)C)c1.Cl,LBARATORRVNNQM-UHFFFAOYSA-N,54765.0,403.18739874,2.650700000000001,91.34
CC(=O)NC(CS)C(=O)O,1.09485,Inactive,84907684,CC(=O)NC(CS)C(=O)O,PWKSKIMOESPYIA-UHFFFAOYSA-N,581.0,163.030314148,-0.4945,66.4
CN1C2CCC1CC(OC(=O)C(CO)c1ccccc1)C2.O=S(=O)(O)O,1.1956,Inactive,85141085,CN1C2CCC1CC(OC(=O)C(CO)c1ccccc1)C2.O=S(=O)(O)O,VJFQPODMEGSXHC-UHFFFAOYSA-N,17184.0,387.13517314,1.2780999999999998,124.37
COc1cccc2c1C(=O)c1c(O)c3c(c(O)c1C2=O)CC(O)(C(=O)CO)CC3OC1CC(N)C(O)C(C)O1,1.016225,Inactive,85367704,COc1cccc2c1C(=O)c1c(O)c3c(c(O)c1C2=O)CC(O)(C(=O)CO)CC3OC1CC(N)C(O)C(C)O1,AOJJSUZBOXZQNB-UHFFFAOYSA-N,1691.0,543.1740607479999,0.0012999999999993,206.07
CCC1(c2ccccc2)C(=O)NC(=O)NC1=O,1.0268,Inactive,85478953,CCC1(c2ccccc2)C(=O)NC(=O)NC1=O,DDBREPKUVSBGFI-UHFFFAOYSA-N,4763.0,232.084792244,0.7004,75.27000000000001
Cc1ccc(C(=O)C(C)CN2CCCCC2)cc1.Cl,0.99049,Inactive,85515401,Cc1ccc(C(=O)C(C)CN2CCCCC2)cc1.Cl,ZBUVYROEHQQAKL-UHFFFAOYSA-N,92965.0,281.154642068,3.721520000000003,20.31
COC(=O)c1c(C)cc(OC(=O)c2c(C)cc(O)c(C=O)c2O)c(C)c1O,0.86666,Inactive,85541138,COC(=O)c1c(C)cc(OC(=O)c2c(C)cc(O)c(C=O)c2O)c(C)c1O,YLOYKYXNDHOHHT-UHFFFAOYSA-N,68066.0,374.100167536,2.546960000000001,130.36
CNC1CC(N)C(O)C(OC2OC(CO)C3OC4(OC(C(N)CO)C(O)C(O)C4O)OC3C2O)C1O,0.94917,Inactive,85687243,CNC1CC(N)C(O)C(OC2OC(CO)C3OC4(OC(C(N)CO)C(O)C(O)C4O)OC3C2O)C1O,ONCSSPOCYKWCTO-UHFFFAOYSA-N,73324260.0,527.2326382439999,-7.2705999999999955,272.05999999999995
CCN(CC)C(=O)C1(c2ccccc2)CC1CN.Cl,1.00314,Inactive,85796367,CCN(CC)C(=O)C1(c2ccccc2)CC1CN.Cl,XNCDYJFPRPDERF-UHFFFAOYSA-N,13208114.0,282.14989103600004,2.1932,46.33
COc1c(C)c2c(c(O)c1CC=C(C)CCC(=O)OCCN1CCOCC1)C(=O)OC2,0.92835,Inactive,85809537,COc1c(C)c2c(c(O)c1CC=C(C)CCC(=O)OCCN1CCOCC1)C(=O)OC2,RTGDFNSFWBGLEC-UHFFFAOYSA-N,4271.0,433.210052332,2.52402,94.53000000000002
CC(=O)OCC1=C(C(=O)[O-])N2C(=O)C(NC(=O)CSc3ccncc3)C2SC1.[Na+],0.79701,Inactive,85922843,CC(=O)OCC1=C(C(=O)[O-])N2C(=O)C(NC(=O)CSc3ccncc3)C2SC1.[Na+],VGEOUKPOQQEQSX-UHFFFAOYSA-M,23662401.0,445.037821512,-3.8552999999999953,128.73000000000002
CC12CCC(=O)C=C1C=CC1C2CCC2(C)C1CCC21CCC(=O)O1,1.18395,Inactive,86031729,CC12CCC(=O)C=C1C=CC1C2CCC2(C)C1CCC21CCC(=O)O1,UJVLDDZCTMKXJK-UHFFFAOYSA-N,319260.0,340.203844756,4.370100000000003,43.370000000000005
CCC1(C2OC(C3OC(O)(CO)C(C)CC3C)CC2C)CCC(C2(C)CCC3(CC(O)C(C)C(C(C)C(OC)C(C)C(=O)[O-])O3)O2)O1.[Na+],0.97272,Inactive,86163801,CCC1(C2OC(C3OC(O)(CO)C(C)CC3C)CC2C)CCC(C2(C)CCC3(CC(O)C(C)C(C(C)C(OC)C(C)C(=O)[O-])O3)O2)O1.[Na+],XOIQMTLWECTKJL-UHFFFAOYSA-M,16760571.0,692.4111570520001,-0.0577999999999914,156.2
CC(=O)NC1CCSC1=O,0.98162,Inactive,86262088,CC(=O)NC1CCSC1=O,NRFJZTXWLKPZAV-UHFFFAOYSA-N,14520.0,159.035399528,0.1546000000000001,46.17
CCC(C)C(=O)OC1CC2(C)C(c3ccoc3)OC(=O)CC23OC2(C)OC34C(OC(=O)C(C)C)C3(O)C(OC(=O)C5(C)OC5C)C5(C)CC3(O)C(C)(C5CC(=O)OC)C14O2,0.98159,Inactive,86621231,CCC(C)C(=O)OC1CC2(C)C(c3ccoc3)OC(=O)CC23OC2(C)OC34C(OC(=O)C(C)C)C3(O)C(OC(=O)C5(C)OC5C)C5(C)CC3(O)C(C)(C5CC(=O)OC)C14O2,BUVRFGBECZFCRL-UHFFFAOYSA-N,431218.0,844.3517503319999,3.3446000000000025,225.32
O=C(O)COc1nn(Cc2ccccc2)c2ccccc12,1.0682,Inactive,86793897,O=C(O)COc1nn(Cc2ccccc2)c2ccccc12,BYFMCKSPFYVMOU-UHFFFAOYSA-N,2313.0,282.100442308,2.548,64.35
C=C1CC=C(C)CCC2C1CC2(C)C,1.089,Inactive,86846785,C=C1CC=C(C)CCC2C1CC2(C)C,INOSMXBKABLUIL-UHFFFAOYSA-N,5153010.0,190.172150704,4.335100000000003,0.0
O=C(NCCCN1CCOCC1)c1ccc(Cl)cc1,1.0649,Inactive,86979503,O=C(NCCCN1CCOCC1)c1ccc(Cl)cc1,YYFGRAGNYHYWEZ-UHFFFAOYSA-N,65659.0,282.113505528,1.7921,41.57000000000001
NC(=O)c1ncn(C2OC(CO)C(O)C2O)c1O,0.96806,Inactive,87123606,NC(=O)c1ncn(C2OC(CO)C(O)C2O)c1O,HZQDCMWJEBCWBR-UHFFFAOYSA-N,4213.0,259.080435136,-2.7009,151.06
Clc1ccc(C(Cn2ccnc2)OCc2ccsc2Cl)c(Cl)c1,0.917425,Inactive,87171484,Clc1ccc(C(Cn2ccnc2)OCc2ccsc2Cl)c(Cl)c1,QXHHHPZILQDDPS-UHFFFAOYSA-N,5482.0,385.981417076,5.8629000000000016,27.05
CON=C(C(=O)NC1C(=O)N2C(C(=O)[O-])=C(COC(N)=O)CSC12)c1ccco1.[Na+],0.0464255,Active,87321960,CON=C(C(=O)NC1C(=O)N2C(C(=O)[O-])=C(COC(N)=O)CSC12)c1ccco1.[Na+],URDOHUPGIOGTKV-UHFFFAOYSA-M,53395156.0,446.0508287200001,-4.866699999999996,176.58999999999995
C=C1C2CCC3(C)C(c4ccoc4)OC(=O)CC13OC1CC(=O)C(C)(C)C(C(O)C(=O)OC)C12C,1.13755,Inactive,87455440,C=C1C2CCC3(C)C(c4ccoc4)OC(=O)CC13OC1CC(=O)C(C)(C)C(C(O)C(=O)OC)C12C,GOYZKWCPWBKPIG-UHFFFAOYSA-N,3978635.0,486.2253680479999,3.533100000000002,112.27000000000002
CCC(=O)OC(OP(=O)(CCCCc1ccccc1)CC(=O)N1CC(C2CCCCC2)CC1C(=O)[O-])C(C)C.[Na+],1.0056,Inactive,87579966,CCC(=O)OC(OP(=O)(CCCCc1ccccc1)CC(=O)N1CC(C2CCCCC2)CC1C(=O)[O-])C(C)C.[Na+],TVTJZMHAIQQZTL-UHFFFAOYSA-M,23694889.0,585.28313369,1.7906000000000024,113.04
COc1c2ccoc2nc2c(OC)c(OCC(O)C(C)(C)O)ccc12,1.018745,Inactive,87598397,COc1c2ccoc2nc2c(OC)c(OCC(O)C(C)(C)O)ccc12,FGANMDNHTVJAHL-UHFFFAOYSA-N,73416.0,347.136887392,2.5088,94.18000000000002
CS(=O)(=O)O.Oc1ccc(C2CNCCc3c2cc(O)c(O)c3Cl)cc1,0.95754,Inactive,87741486,CS(=O)(=O)O.Oc1ccc(C2CNCCc3c2cc(O)c(O)c3Cl)cc1,CVKUMNRCIJMVAR-UHFFFAOYSA-N,49659.0,401.06998604,2.2384000000000013,127.09000000000002
CCn1cc(C(=O)O)c(=O)c2cnc(N3CCCC3)nc21,1.09255,Inactive,87821278,CCn1cc(C(=O)O)c(=O)c2cnc(N3CCCC3)nc21,RCIMBBZXSXFZBV-UHFFFAOYSA-N,4855.0,288.122240372,1.1098,88.32
Cn1nnc2c(C(N)=O)ncn2c1=O,1.06395,Inactive,87863502,Cn1nnc2c(C(N)=O)ncn2c1=O,BPEGJWRSRHCHSN-UHFFFAOYSA-N,5394.0,194.055223432,-2.078099999999999,108.17000000000002
COc1ccc2c(c1)C(=O)N(CCc1ccc(S(=O)(=O)NC(=O)NC3CCCCC3)cc1)C(=O)C2(C)C,1.0545,Inactive,87880235,COc1ccc2c(c1)C(=O)N(CCc1ccc(S(=O)(=O)NC(=O)NC3CCCCC3)cc1)C(=O)C2(C)C,LLJFMFZYVVLQKT-UHFFFAOYSA-N,91610.0,527.2090067759999,3.518500000000002,121.88
COc1ccc(C(=O)NCc2ccc(OCCN(C)C)cc2)cc1OC,1.1218,Inactive,87937883,COc1ccc(C(=O)NCc2ccc(OCCN(C)C)cc2)cc1OC,QQQIECGTIMUVDS-UHFFFAOYSA-N,3792.0,358.189257312,2.574200000000001,60.03
CC1CC2C3CCC4=CC(=O)C=CC4(C)C3(Cl)C(O)CC2(C)C1(OC(=O)c1ccco1)C(=O)CCl,0.877135,Inactive,88001241,CC1CC2C3CCC4=CC(=O)C=CC4(C)C3(Cl)C(O)CC2(C)C1(OC(=O)c1ccco1)C(=O)CCl,WOFMFGQZHJDGCX-UHFFFAOYSA-N,4240.0,520.1419440399999,4.869200000000005,93.81
CC(C=CC1=C(C)CCCC1(C)C)=CC=CC(C)=CC(=O)O,0.950155,Inactive,88420793,CC(C=CC1=C(C)CCCC1(C)C)=CC=CC(C)=CC(=O)O,SHGAZHPCJJPHSC-UHFFFAOYSA-N,5538.0,300.208930136,5.602600000000005,37.3
COC(=O)Nc1nc2cc(C(=O)c3ccc(F)cc3)ccc2[nH]1,1.17585,Inactive,88576722,COC(=O)Nc1nc2cc(C(=O)c3ccc(F)cc3)ccc2[nH]1,CPEUVMUXAHMANV-UHFFFAOYSA-N,35802.0,313.08626946400005,3.111300000000001,84.07999999999998
CC(C)CCCC(C)N,1.0259,Inactive,88730849,CC(C)CCCC(C)N,QNIVIMYXGGFTAK-UHFFFAOYSA-N,10982.0,129.151749608,2.1599000000000004,26.02
COc1ccc(C(=O)c2ccccc2O)c(O)c1,0.931725,Inactive,88796543,COc1ccc(C(=O)c2ccccc2O)c(O)c1,MEZZCSHVIGVWFI-UHFFFAOYSA-N,8569.0,244.073558864,2.337400000000001,66.76
COc1cc2c(cc1C=O)OCO2,0.98889,Inactive,89094709,COc1cc2c(cc1C=O)OCO2,NCIYDDIPUGCVKX-UHFFFAOYSA-N,601861.0,180.042258736,1.2363999999999995,44.760000000000005
COc1ccc(C(C)=O)c(O)c1,0.860815,Inactive,89425968,COc1ccc(C(C)=O)c(O)c1,UILPJVPSNHJFIK-UHFFFAOYSA-N,11092.0,166.06299418,1.6034,46.53
CCn1cc(C(=O)O)c(=O)c2cnc(N3CCNCC3)nc21,0.0500505,Active,89463693,CCn1cc(C(=O)O)c(=O)c2cnc(N3CCNCC3)nc21,JOHZPMXAZQZXHR-UHFFFAOYSA-N,4831.0,303.133139404,-0.0807999999999999,100.35
COC1=C(CC=C(C)C)C(=O)c2ccccc2C1=O,0.90809,Inactive,89554941,COC1=C(CC=C(C)C)C(=O)c2ccccc2C1=O,NHTTYMNGELRKMP-UHFFFAOYSA-N,96950.0,256.10994437200003,3.322400000000002,43.370000000000005
O=C1CCc2cc(OCCCCc3nnnn3C3CCCCC3)ccc2N1,1.1878,Inactive,89656318,O=C1CCc2cc(OCCCCc3nnnn3C3CCCCC3)ccc2N1,RRGUKTPIGVIEKM-UHFFFAOYSA-N,2754.0,369.216475104,3.464700000000001,81.93
CNCCCN1c2ccccc2CCc2ccccc21.Cl,0.98247,Inactive,89664412,CNCCCN1c2ccccc2CCc2ccccc21.Cl,XAEWZDYWZHIUCT-UHFFFAOYSA-N,65327.0,302.154976416,3.954600000000004,15.27
CC(NC(C)(C)C)C(=O)c1cccc(Cl)c1.Cl,0.97647,Inactive,89706481,CC(NC(C)(C)C)C(=O)c1cccc(Cl)c1.Cl,HEYVINCGKDONRU-UHFFFAOYSA-N,62884.0,275.084369588,3.721100000000003,29.1
O=c1cc(-c2ccccc2)oc2cc(O)ccc12,0.945025,Inactive,89935338,O=c1cc(-c2ccccc2)oc2cc(O)ccc12,MQGPSCMMNJKMHQ-UHFFFAOYSA-N,5281894.0,238.06299418,3.1656000000000013,50.44
COc1ccc2cc1Oc1ccc(cc1)CC1c3c(cc4c(c3Oc3cc5c(cc3OC)CCN(C)C5C2)OCO4)CCN1C,0.844485,Inactive,89954262,COc1ccc2cc1Oc1ccc(cc1)CC1c3c(cc4c(c3Oc3cc5c(cc3OC)CCN(C)C5C2)OCO4)CCN1C,YVPXVXANRNDGTA-UHFFFAOYSA-N,360849.0,606.2729869359999,6.873900000000009,61.86000000000001
CCC(=O)OCC(=O)C1(OC(=O)CC)C(C)CC2C3CCC4=CC(=O)C=CC4(C)C3(Cl)C(O)CC21C,1.000325,Inactive,90308355,CCC(=O)OCC(=O)C1(OC(=O)CC)C(C)CC2C3CCC4=CC(=O)C=CC4(C)C3(Cl)C(O)CC21C,KUVIULQEHSCUHY-UHFFFAOYSA-N,2307.0,520.222781204,4.086800000000004,106.97
CC(=O)OC1CCC2(C)C(CCC3(C)C2CCC24OC(=O)C5(CCC(C)C(C)C52)CCC34C)C1(C)C,1.02432,Inactive,90338970,CC(=O)OC1CCC2(C)C(CCC3(C)C2CCC24OC(=O)C5(CCC(C)C(C)C52)CCC34C)C1(C)C,NJLCBLDWBHWOFU-UHFFFAOYSA-N,73819422.0,498.37091008,7.33500000000001,52.6
COC(=O)CC1C(C)(C)C(=O)C2CC3=C(CCC4(C)C3=CC(=O)OC4c3ccoc3)C1(C)C2=O,1.0186,Inactive,90411042,COC(=O)CC1C(C)(C)C(=O)C2CC3=C(CCC4(C)C3=CC(=O)OC4c3ccoc3)C1(C)C2=O,XLRKFSDSKCYZBE-UHFFFAOYSA-N,5133652.0,466.1991532999999,4.284100000000004,99.88
O=C1C=C2C=CC3CC2(O1)C1CCCCN31,1.02889,Inactive,90469382,O=C1C=C2C=CC3CC2(O1)C1CCCCN31,SWZMSZQQJRKFBP-UHFFFAOYSA-N,267769.0,217.11027872,1.405,29.54
CN1CCc2cccc3c2C1Cc1ccc(O)c(O)c1-3.Cl,1.04625,Inactive,90527965,CN1CCc2cccc3c2C1Cc1ccc(O)c(O)c1-3.Cl,SKYZYDSNJIOXRL-UHFFFAOYSA-N,5702010.0,303.102606496,3.271700000000003,43.7
C=CC1CN2CCC1CC2C(O)c1ccnc2ccc(OC)cc12.Cl,1.06625,Inactive,90567337,C=CC1CN2CCC1CC2C(O)c1ccnc2ccc(OC)cc12.Cl,LBSFSRMTJJPTCW-UHFFFAOYSA-N,6850727.0,360.16045572,3.595000000000003,45.59
CCC(COC(=O)c1cc(OC)c(OC)c(OC)c1)(c1ccccc1)N(C)C.O=C(O)C=CC(=O)O,0.992635,Inactive,90883111,CCC(COC(=O)c1cc(OC)c(OC)c(OC)c1)(c1ccccc1)N(C)C.O=C(O)C=CC(=O)O,FSRLGULMGJGKGI-UHFFFAOYSA-N,657267.0,503.215531636,3.448100000000001,131.83
CCCCCCCCC(=O)O,0.880595,Inactive,90946848,CCCCCCCCC(=O)O,FBUKVWPVBMHYJY-UHFFFAOYSA-N,8158.0,158.130679816,2.821600000000001,37.3
CC1=CC(=O)C2C(C)(C)CCCC2(C)C1(O)CCc1ccoc1,1.0332,Inactive,91032587,CC1=CC(=O)C2C(C)(C)CCCC2(C)C1(O)CCc1ccoc1,XDYGCIOWNPNVIH-UHFFFAOYSA-N,298767.0,316.203844756,4.304900000000004,50.44
CC1CCC2C(C)C(=O)OC3OC4(C)CCC1C32OO4,0.565745,Inactive,91049916,CC1CCC2C(C)C(=O)OC3OC4(C)CCC1C32OO4,BLUAFEHZUWYNDE-UHFFFAOYSA-N,2240.0,282.146723804,2.3949000000000007,53.99000000000001
CNC(=O)Oc1ccc2c(c1)C1(C)CCN(C)C1N2C,1.0715,Inactive,91052472,CNC(=O)Oc1ccc2c(c1)C1(C)CCN(C)C1N2C,PIJVFDBKTWXHHD-UHFFFAOYSA-N,4811.0,275.163376912,1.7739,44.81
Cc1cc(C(C)(C)CC(C)(C)C)ccc1OCCOCC[N+](C)(C)Cc1ccccc1.[Cl-],0.046349,Active,91316465,Cc1cc(C(C)(C)CC(C)(C)C)ccc1OCCOCC[N+](C)(C)Cc1ccccc1.[Cl-],QWZLBLDNRUUYQI-UHFFFAOYSA-M,5702238.0,461.306057328,3.384820000000002,18.46
O=C1CC(c2ccc(O)cc2)Oc2cc(O)cc(O)c21,0.968895,Inactive,91371595,O=C1CC(c2ccc(O)cc2)Oc2cc(O)cc(O)c21,FTVWIRXFELQLPI-UHFFFAOYSA-N,932.0,272.06847348400004,2.5099000000000014,86.99000000000001
O=C([O-])CCNC(=O)c1ccc(N=Nc2ccc(O)c(C(=O)[O-])c2)cc1.[Na+].[Na+],0.99921,Inactive,91486366,O=C([O-])CCNC(=O)c1ccc(N=Nc2ccc(O)c(C(=O)[O-])c2)cc1.[Na+].[Na+],CKMOQBVBEGCJGW-UHFFFAOYSA-L,135413496.0,401.059973696,-5.951099999999998,154.31
CCCCOc1ccc(OCCCN2CCOCC2)cc1.Cl,1.05885,Inactive,91555810,CCCCOc1ccc(OCCCN2CCOCC2)cc1.Cl,SYCBXBCPLUFJID-UHFFFAOYSA-N,73957.0,329.175771436,3.388400000000003,30.930000000000003
COC(=O)c1c(OC)cc2c(c1C)Oc1c(Cl)c(O)c(Cl)c(C)c1C(=O)O2,0.934785,Inactive,91589015,COC(=O)c1c(OC)cc2c(c1C)Oc1c(Cl)c(O)c(Cl)c(C)c1C(=O)O2,RPHAAJGBADUATP-UHFFFAOYSA-N,4565183.0,412.0116581479999,4.435940000000003,91.29
COc1ccccc1OCC(O)CN1CCN(CC(=O)Nc2c(C)cccc2C)CC1.Cl.Cl,1.04125,Inactive,91725176,COc1ccccc1OCC(O)CN1CCN(CC(=O)Nc2c(C)cccc2C)CC1.Cl.Cl,RJNSNFZXAZXOFX-UHFFFAOYSA-N,71279.0,499.20046196,3.151640000000002,74.27
N#CC(c1ccc(Cl)cc1)c1c(Cl)cc(-n2ncc(=O)[nH]c2=O)cc1Cl,0.80824,Inactive,91756397,N#CC(c1ccc(Cl)cc1)c1c(Cl)cc(-n2ncc(=O)[nH]c2=O)cc1Cl,ZSZFUDFOPOMEET-UHFFFAOYSA-N,456389.0,405.979108568,3.536480000000002,91.54
Cc1ccc(C(=CCN2CCCC2)c2ccccn2)cc1.Cl,0.877595,Inactive,91899664,Cc1ccc(C(=CCN2CCCC2)c2ccccn2)cc1.Cl,WYUYEJNGHIOFOC-UHFFFAOYSA-N,64690.0,314.154976416,4.339320000000004,16.130000000000003
CC(N)(Cc1ccc(O)c(O)c1)C(=O)O,1.1062,Inactive,92022173,CC(N)(Cc1ccc(O)c(O)c1)C(=O)O,CJCSPKMFHVPWAR-UHFFFAOYSA-N,4138.0,211.084457896,0.4423000000000001,103.78000000000002
C=C(C)C1CC=C(C)CC1,0.97469,Inactive,92162184,C=C(C)C1CC=C(C)CC1,XMGQYMWWDOXHJM-UHFFFAOYSA-N,22311.0,136.125200512,3.308900000000002,0.0
CCC(C)C(=O)OC1CC2(C)C(c3ccoc3)OC(=O)CC23OC2(C)OC34C(OC(C)=O)C3(O)C(OC(=O)C5(C)OC5C)C5(C)CC3(O)C(C)(C5CC(=O)OC)C14O2,0.745215,Inactive,92189223,CCC(C)C(=O)OC1CC2(C)C(c3ccoc3)OC(=O)CC23OC2(C)OC34C(OC(C)=O)C3(O)C(OC(=O)C5(C)OC5C)C5(C)CC3(O)C(C)(C5CC(=O)OC)C14O2,HPSILLNWMJOWNM-UHFFFAOYSA-N,3946675.0,816.3204502039999,2.708500000000001,225.32
CCC(=O)c1c(O)cc(O)cc1O,1.0627,Inactive,92501054,CCC(=O)c1c(O)cc(O)cc1O,PTHLEKANMPKYDB-UHFFFAOYSA-N,3362.0,182.0579088,1.3961,77.76
COc1cc(C2Oc3cc(C4Oc5cc(O)cc(O)c5C(=O)C4O)ccc3OC2CO)ccc1O,0.9397,Inactive,92593358,COc1cc(C2Oc3cc(C4Oc5cc(O)cc(O)c5C(=O)C4O)ccc3OC2CO)ccc1O,SEBFKMXJBCUCAI-UHFFFAOYSA-N,5213.0,482.1212969039999,2.3627,155.14
Oc1cc(O)c2c(c1)OC(c1cc(O)c(O)c(O)c1)C(O)C2c1c(O)cc(O)c2c1OC(c1cc(O)c(O)c(O)c1)C(O)C2c1c(O)cc(O)c2c1OC(c1cc(O)c(O)c(O)c1)C(O)C2,0.98533,Inactive,92780427,Oc1cc(O)c2c(c1)OC(c1cc(O)c(O)c(O)c1)C(O)C2c1c(O)cc(O)c2c1OC(c1cc(O)c(O)c(O)c1)C(O)C2c1c(O)cc(O)c2c1OC(c1cc(O)c(O)c(O)c1)C(O)C2,NVTLDVSBUJGIAD-UHFFFAOYSA-N,5152777.0,914.1905582360002,3.560700000000014,391.8300000000001
O=C([O-])c1ccccc1-c1c2cc(I)c(=O)c(I)c-2oc2c(I)c([O-])c(I)cc12.[Na+].[Na+],0.86148,Inactive,92828422,O=C([O-])c1ccccc1-c1c2cc(I)c(=O)c(I)c-2oc2c(I)c([O-])c(I)cc12.[Na+].[Na+],IINNWAYUJNWZRM-UHFFFAOYSA-L,27872.0,879.6189538520001,-1.5717,93.4
CCCCc1nc(Cl)c(CO)n1Cc1ccc(-c2ccccc2-c2nnn[nH]2)cc1,1.01395,Inactive,92858096,CCCCc1nc(Cl)c(CO)n1Cc1ccc(-c2ccccc2-c2nnn[nH]2)cc1,PSIFNNKUMBGKDQ-UHFFFAOYSA-N,3961.0,422.16218703600015,4.266800000000004,92.51
C=C(CC)C(=O)c1ccc(OCC(=O)O)c(Cl)c1Cl,1.07795,Inactive,92898166,C=C(CC)C(=O)c1ccc(OCC(=O)O)c(Cl)c1Cl,AVOLMBLBETYQHX-UHFFFAOYSA-N,3278.0,302.011264224,3.6057000000000015,63.60000000000001
OCC(O)C(O)C(O)C(O)C(O)CO,1.0572,Inactive,93007621,OCC(O)C(O)C(O)C(O)C(O)CO,OXQKEKGBFMQTML-UHFFFAOYSA-N,101748.0,212.089602852,-4.224499999999998,141.61
Cc1cc(NC(=O)C2=C(O)c3ccccc3S(=O)(=O)N2C)no1,1.038935,Inactive,93015849,Cc1cc(NC(=O)C2=C(O)c3ccccc3S(=O)(=O)N2C)no1,YYUAYBYLJSNDCX-UHFFFAOYSA-N,54677972.0,335.05759151600006,1.48242,112.74
O.O=C([O-])CC(O)(CC(=O)[O-])C(=O)[O-].[Li+].[Li+].[Li+],1.17,Inactive,93199512,O.O=C([O-])CC(O)(CC(=O)[O-])C(=O)[O-].[Li+].[Li+].[Li+],OSJRPECIECUBOG-UHFFFAOYSA-K,16211553.0,228.062105834,-15.065300000000002,172.12
O=C(NCC(O)CO)c1c(I)c(C(=O)NCC(O)CO)c(I)c(N(CCO)C(=O)CO)c1I,1.09895,Inactive,93441158,O=C(NCC(O)CO)c1c(I)c(C(=O)NCC(O)CO)c(I)c(N(CCO)C(=O)CO)c1I,AMDBBAQNWSUWGN-UHFFFAOYSA-N,3741.0,806.864673348,-2.016,199.89
CCC(C=CC(C)C1CCC2C3CC=C4CC(O)CCC4(C)C3CCC12C)C(C)C,1.1677,Inactive,93620795,CCC(C=CC(C)C1CCC2C3CC=C4CC(O)CCC4(C)C3CCC12C)C(C)C,HCXVJBMSMIARIN-UHFFFAOYSA-N,122544.0,412.370516156,7.8008000000000095,20.23
COc1ccc(C2CNC(=O)C2)cc1OC1CCCC1,1.06145,Inactive,93722697,COc1ccc(C2CNC(=O)C2)cc1OC1CCCC1,HJORMJIFDVBMOB-UHFFFAOYSA-N,5092.0,275.152143532,2.6201000000000008,47.56
CC12CCC(CC1)C(C)(C)O2,1.0604,Inactive,93925661,CC12CCC(CC1)C(C)(C)O2,WEEGYLXZBRQIMU-UHFFFAOYSA-N,2758.0,154.135765196,2.7441000000000013,9.23
CNS(=O)(=O)Cc1ccc2[nH]cc(CCN(C)C)c2c1,0.99276,Inactive,93950161,CNS(=O)(=O)Cc1ccc2[nH]cc(CCN(C)C)c2c1,KQKPFRSPSRPDEB-UHFFFAOYSA-N,5358.0,295.135447912,1.3211999999999997,65.2
Cl.NNc1nncc2ccccc12,1.012275,Inactive,94041660,Cl.NNc1nncc2ccccc12,ZUXNZUWOTSUBMN-UHFFFAOYSA-N,9351.0,196.051573968,1.3372,63.83
COc1c(-c2ccccc2)oc2cc(O)cc(O)c2c1=O,0.997715,Inactive,94324636,COc1c(-c2ccccc2)oc2cc(O)cc(O)c2c1=O,LYISDADPVOHJBJ-UHFFFAOYSA-N,5281946.0,284.068473484,2.8798000000000017,79.9
Cc1nc(-c2ccc(OCC(C)C)c(C#N)c2)sc1C(=O)O,0.83124,Inactive,94325157,Cc1nc(-c2ccc(OCC(C)C)c(C#N)c2)sc1C(=O)O,BQSJTQLCZDPROO-UHFFFAOYSA-N,134018.0,316.08816337199994,3.723200000000002,83.21
CC(=O)OC1(C(C)=O)CCC2C3C=C(Cl)C4=CC(=O)C5CC5C4(C)C3CCC21C,1.06585,Inactive,94491935,CC(=O)OC1(C(C)=O)CCC2C3C=C(Cl)C4=CC(=O)C5CC5C4(C)C3CCC21C,UWFYSQMTEOIJJG-UHFFFAOYSA-N,2914.0,416.175437088,4.607600000000004,60.440000000000005
Cc1c(C(N)=O)cc([N+](=O)[O-])cc1[N+](=O)[O-],1.006885,Inactive,94560541,Cc1c(C(N)=O)cc([N+](=O)[O-])cc1[N+](=O)[O-],ZEFNOZRLAWVAQF-UHFFFAOYSA-N,3092.0,225.038570324,0.91032,129.37
CCCCCc1c2c(cc(O)c1C(=O)O)OC(=O)c1c(cc(OC)cc1C(=O)CCCC)O2,0.696955,Inactive,94576117,CCCCCc1c2c(cc(O)c1C(=O)O)OC(=O)c1c(cc(OC)cc1C(=O)CCCC)O2,JHEWMLHQNRHTQX-UHFFFAOYSA-N,73157.0,456.178417856,5.529500000000004,119.36000000000004
CCOC(=O)c1ncn2c1CN(C)C(=O)c1cc(F)ccc1-2,1.031615,Inactive,94585381,CCOC(=O)c1ncn2c1CN(C)C(=O)c1cc(F)ccc1-2,OFBIFZUFASYYRE-UHFFFAOYSA-N,3373.0,303.101919528,1.7736999999999998,64.43
CCN(CCCc1ccccc1)CCCc1ccccc1.O=C(O)CC(O)(CC(=O)O)C(=O)O,0.88079,Inactive,94660609,CCN(CCCc1ccccc1)CCCc1ccccc1.O=C(O)CC(O)(CC(=O)O)C(=O)O,RYHCACJBKCOBTJ-UHFFFAOYSA-N,21718.0,473.2413524599999,3.3254,135.37
COc1cc2c(cc1OC)-c1cc3ccc(OC)c(OC)c3c[n+]1CC2.[Cl-],0.88656,Inactive,94762631,COc1cc2c(cc1OC)-c1cc3ccc(OC)c(OC)c3c[n+]1CC2.[Cl-],RLQYRXCUPVKSAW-UHFFFAOYSA-M,73442.0,387.123735864,0.3887999999999998,40.8
O=c1[nH]cnc2[nH]ncc12,1.119,Inactive,94833677,O=c1[nH]cnc2[nH]ncc12,OFCNXPDARWKPPY-UHFFFAOYSA-N,135401907.0,136.038510748,-0.3538,74.43
O=CC(O)C(O)C(O)CO,1.01515,Inactive,94835746,O=CC(O)C(O)C(O)CO,PYMYPHUHKUWMLA-UHFFFAOYSA-N,854.0,150.05282342,-2.7397000000000005,97.99
CN(C)CCOC(=O)COc1ccc(Cl)cc1.Cl,0.94033,Inactive,95129735,CN(C)CCOC(=O)COc1ccc(Cl)cc1.Cl,FIVHOHCAXWQPGC-UHFFFAOYSA-N,19379.0,293.058548764,2.2454000000000005,38.77
COC(=O)CC1C2(C)CC34OC5(C)OC6(C7C(=C(O)C(C)C)C(=O)OC(c8ccoc8)C7(C)C(OC(C)=O)C(OC(C)=O)C6(O5)C13C)C(OC(C)=O)C4(O)C2OC(=O)C(C)C,0.87616,Inactive,95131252,COC(=O)CC1C2(C)CC34OC5(C)OC6(C7C(=C(O)C(C)C)C(=O)OC(c8ccoc8)C7(C)C(OC(C)=O)C(OC(C)=O)C6(O5)C13C)C(OC(C)=O)C4(O)C2OC(=O)C(C)C,KVAGRMDUXLYLAZ-UHFFFAOYSA-N,54679057.0,858.3310148880001,3.665600000000003,239.08999999999995
CCN(CC)CCNC(=O)c1ccc(N)cc1.Cl,1.01248,Inactive,95144456,CCN(CC)CCNC(=O)c1ccc(N)cc1.Cl,ABTXGJFUQRCPNH-UHFFFAOYSA-N,66068.0,271.145140004,1.7621999999999995,58.36
NCc1ccccc1CC(=O)NC1C(=O)N2C(C(=O)O)=C(CSc3nnnn3CC(=O)O)CSC12,0.045326,Active,95241970,NCc1ccccc1CC(=O)NC1C(=O)N2C(C(=O)O)=C(CSc3nnnn3CC(=O)O)CSC12,SLAYUXIURFNXPG-UHFFFAOYSA-N,5229712.0,519.099473392,-0.7101999999999984,193.63
CCCCCCCCCCCCCCCC(=O)OCC(NC(=O)C(Cl)Cl)C(O)c1ccc([N+](=O)[O-])cc1,0.55934,Inactive,95314802,CCCCCCCCCCCCCCCC(=O)OCC(NC(=O)C(Cl)Cl)C(O)c1ccc([N+](=O)[O-])cc1,PXKHGMGELZGJQE-UHFFFAOYSA-N,10736.0,560.241992424,6.941200000000008,118.77
Cc1ccccc1C(=O)Nc1ccc(C(=O)N2CCCC(O)c3cc(Cl)ccc32)c(C)c1,0.82304,Inactive,95337471,Cc1ccccc1C(=O)Nc1ccc(C(=O)N2CCCC(O)c3cc(Cl)ccc32)c(C)c1,GYHCTFXIZSNGJT-UHFFFAOYSA-N,216237.0,448.15537034,5.683140000000005,69.64
CC1(C)SC2C(N3C(=O)C(c4ccccc4)NC3(C)C)C(=O)N2C1C(=O)[O-].[K+],0.0443235,Active,95413871,CC1(C)SC2C(N3C(=O)C(c4ccccc4)NC3(C)C)C(=O)N2C1C(=O)[O-].[K+],QRSPJBLLJXVPDD-UHFFFAOYSA-M,23691034.0,427.096808864,-2.9195999999999955,92.78
CC1(C)CCC2(C)CCC3(C)C(=CCC4C5(C)CCC(O)C(C)(C)C5CCC43C)C2C1,1.13195,Inactive,95525211,CC1(C)CCC2(C)CCC3(C)C(=CCC4C5(C)CCC(O)C(C)(C)C5CCC43C)C2C1,JFSHUTJDVKUMTJ-UHFFFAOYSA-N,225689.0,426.38616622,8.168900000000008,20.23
Cc1c(NC(C)C)c(=O)n(-c2ccccc2)n1C.Cl,1.1656,Inactive,95525368,Cc1c(NC(C)C)c(=O)n(-c2ccccc2)n1C.Cl,WJPVTNJDDFIBKU-UHFFFAOYSA-N,83592.0,281.12948994,2.726520000000001,38.96
O=C1CCC(C(=O)N2CSCC2C(=O)O)N1,1.01096,Inactive,95529717,O=C1CCC(C(=O)N2CSCC2C(=O)O)N1,UUTKICFRNVKFRG-UHFFFAOYSA-N,114751.0,244.051777864,-0.7488999999999997,86.71000000000001
COC(=O)NC(C(=O)NC(Cc1ccccc1)C(O)CN(Cc1ccc(-c2ccccn2)cc1)NC(=O)C(NC(=O)OC)C(C)(C)C)C(C)(C)C.O=S(=O)(O)O,0.916335,Inactive,95661578,COC(=O)NC(C(=O)NC(Cc1ccccc1)C(O)CN(Cc1ccc(-c2ccccn2)cc1)NC(=O)C(NC(=O)OC)C(C)(C)C)C(C)(C)C.O=S(=O)(O)O,DQSGVVGOPRWTKI-UHFFFAOYSA-N,76034172.0,802.3571275480003,3.5588000000000024,245.81999999999996
Cc1cnc(NC(=O)C2=C(O)c3ccccc3S(=O)(=O)N2C)s1,1.1355,Inactive,95821763,Cc1cnc(NC(=O)C2=C(O)c3ccccc3S(=O)(=O)N2C)s1,ZRVUJXDFFKFLMG-UHFFFAOYSA-N,54677470.0,351.034747896,1.95092,99.59999999999998
CC(=O)N(CC(O)CO)c1c(I)c(C(=O)NCCO)c(I)c(C(=O)NCC(O)CO)c1I,1.00518,Inactive,96039000,CC(=O)N(CC(O)CO)c1c(I)c(C(=O)NCCO)c(I)c(C(=O)NCC(O)CO)c1I,UUMLTINZBQPNGF-UHFFFAOYSA-N,3743.0,790.8697587280001,-0.9884,179.66
CC(Cc1ccc(O)c(O)c1)(NN)C(=O)O,0.88066,Inactive,96349140,CC(Cc1ccc(O)c(O)c1)(NN)C(=O)O,TZFNLOMSOLWIDK-UHFFFAOYSA-N,2563.0,226.095356928,-0.0531000000000001,115.81000000000002
COc1cc(OC)c2c(=O)c(OC)c(-c3ccccc3)oc2c1,1.017,Inactive,96375978,COc1cc(OC)c2c(=O)c(OC)c(-c3ccccc3)oc2c1,CBTHKWVPSIGKMI-UHFFFAOYSA-N,117900.0,312.099773612,3.485800000000003,57.900000000000006
CNC(=O)Oc1cccc2ccccc12,1.0508,Inactive,96570023,CNC(=O)Oc1cccc2ccccc12,CVXBEEMKQHEXEN-UHFFFAOYSA-N,6129.0,201.078978592,2.5580000000000007,38.33
CC(=O)Nc1ccc(S(=O)(=O)Nc2ccc([N+](=O)[O-])cc2)cc1,1.012765,Inactive,96750330,CC(=O)Nc1ccc(S(=O)(=O)Nc2ccc([N+](=O)[O-])cc2)cc1,GWBPFRGXNGPPMF-UHFFFAOYSA-N,5334.0,335.057591516,2.354,118.41
CC(=C(CCOP(=O)(O)O)SC(=O)c1ccccc1)N(C=O)Cc1cnc(C)nc1N,1.1025,Inactive,96857816,CC(=C(CCOP(=O)(O)O)SC(=O)c1ccccc1)N(C=O)Cc1cnc(C)nc1N,BTNNPSLJPBRMLZ-UHFFFAOYSA-N,2320.0,466.10759208600007,2.630119999999999,155.94000000000003
COc1ccc(-c2ccc3cc(C(=O)O)ccc3c2)cc1C12CC3CC(CC(C3)C1)C2,1.017885,Inactive,96861498,COc1ccc(-c2ccc3cc(C(=O)O)ccc3c2)cc1C12CC3CC(CC(C3)C1)C2,LZCDAPDGXCYOEH-UHFFFAOYSA-N,60164.0,412.203844756,6.681400000000005,46.53
COc1ccc2c(c1OC)C(=O)OC2C1c2cc3c(cc2CCN1C)OCO3,1.08575,Inactive,96863186,COc1ccc2c(c1OC)C(=O)OC2C1c2cc3c(cc2CCN1C)OCO3,JZUTXVTYJDCMDU-UHFFFAOYSA-N,1309.0,383.136887392,2.873200000000001,66.46000000000001
COc1ccc(C=O)cc1,1.02817,Inactive,96904409,COc1ccc(C=O)cc1,ZRSNZINYAWTAHE-UHFFFAOYSA-N,31244.0,136.052429496,1.5076999999999998,26.3
CN1CCN(C(=O)OC2c3nccnc3C(=O)N2c2ccc(Cl)cn2)CC1,1.0562,Inactive,96988972,CN1CCN(C(=O)OC2c3nccnc3C(=O)N2c2ccc(Cl)cn2)CC1,GBBSUAFBMRNDJC-UHFFFAOYSA-N,5735.0,388.105066084,1.5679999999999998,91.76
NS(=O)(=O)c1cc2c(cc1Cl)N=C(CSCc1ccccc1)NS2(=O)=O,1.027825,Inactive,97212702,NS(=O)(=O)c1cc2c(cc1Cl)N=C(CSCc1ccccc1)NS2(=O)=O,NDTSRXAMMQDVSW-UHFFFAOYSA-N,2343.0,430.983496608,2.2427,118.69
CCOC(=O)c1c(C)cc(O)cc1O,0.996745,Inactive,97318140,CCOC(=O)c1c(C)cc(O)cc1O,UQSRXQMIXSZGLA-UHFFFAOYSA-N,75653.0,196.073558864,1.58292,66.76
CC1OC(OC2C(Oc3cc(O)c4c(=O)cc(-c5ccc(O)cc5)oc4c3)OC(CO)C(O)C2O)C(O)C(O)C1O,1.0816,Inactive,97323810,CC1OC(OC2C(Oc3cc(O)c4c(=O)cc(-c5ccc(O)cc5)oc4c3)OC(CO)C(O)C2O)C(O)C(O)C1O,RPMNUQRUHXIGHK-UHFFFAOYSA-N,5459217.0,578.1635556399999,-1.0983000000000007,228.97
O=c1c(O)c(-c2ccccc2)oc2cccc(O)c12,0.975625,Inactive,97382133,O=c1c(O)c(-c2ccccc2)oc2cccc(O)c12,QHYWQIVTVQAKQF-UHFFFAOYSA-N,5393151.0,254.0579088,2.8712000000000013,70.67
COC(=O)CC1C(C)(C)C(=O)C2CC3=C4CC(=O)OC(c5ccoc5)C4(C)CCC3C1(C)C2=O,1.085,Inactive,97425044,COC(=O)CC1C(C)(C)C(=O)C2CC3=C4CC(=O)OC(c5ccoc5)C4(C)CCC3C1(C)C2=O,DNFJSIPZGYBGON-UHFFFAOYSA-N,267328.0,468.214803364,4.364000000000004,99.88
NC(Cc1cc(I)c(Oc2cc(I)c(O)c(I)c2)c(I)c1)C(=O)[O-].[Na+],0.99399,Inactive,97668590,NC(Cc1cc(I)c(Oc2cc(I)c(O)c(I)c2)c(I)c1)C(=O)[O-].[Na+],YDTFRJLNMPSCFM-UHFFFAOYSA-M,23670461.0,798.6686440800001,0.2265999999999998,95.61
O=C1CCCC2C3CC(CN12)C1CCCCN1C3.[O-][Cl+3]([O-])([O-])O,1.1768,Inactive,97848172,O=C1CCCC2C3CC(CN12)C1CCCCN1C3.[O-][Cl+3]([O-])([O-])O,DVZQTPMQQXAHSQ-UHFFFAOYSA-N,5351561.0,348.14519957999994,-2.252299999999994,112.96
CC(O)Cn1cnc2c1c(=O)n(C)c(=O)n2C,0.951165,Inactive,97926329,CC(O)Cn1cnc2c1c(=O)n(C)c(=O)n2C,KYHQZNGJUGFTGR-UHFFFAOYSA-N,4977.0,238.106590308,-1.1855,82.05000000000001
COc1cccc(C(=O)c2ccccc2)c1,0.849105,Inactive,97962227,COc1cccc(C(=O)c2ccccc2)c1,VMFJVWPCRCAWBS-UHFFFAOYSA-N,12451863.0,212.083729624,2.926200000000001,26.3
Oc1ccc(C=Cc2cc(O)cc(O)c2)cc1,1.03735,Inactive,98215629,Oc1ccc(C=Cc2cc(O)cc(O)c2)cc1,LUKBXSAWLPMMSZ-UHFFFAOYSA-N,5056.0,228.078644244,2.9738000000000016,60.69
CC1CCC2C(C)(C)C3CC12CCC3(C)O,1.0535,Inactive,98270862,CC1CCC2C(C)(C)C3CC12CCC3(C)O,SVURIXNDRWRAFU-UHFFFAOYSA-N,522667.0,222.198365452,3.609800000000003,20.23
CC(=O)OC1CCC2(C)C(CCC3C2CCC2(C)C3CC3OC4(CCC(C)CO4)C(C)C32)C1,1.13015,Inactive,98424451,CC(=O)OC1CCC2(C)C(CCC3C2CCC2(C)C3CC3OC4(CCC(C)CO4)C(C)C32)C1,LVRAKYNQYKVPIK-UHFFFAOYSA-N,313012.0,458.33960995199993,6.364600000000007,44.760000000000005
CC12CCCC(O)(C1)C1CC(C)(C)C1CC2,1.09885,Inactive,98521080,CC12CCCC(O)(C1)C1CC(C)(C)C1CC2,FUQAYSQLAOJBBC-UHFFFAOYSA-N,61125.0,222.198365452,3.7539000000000025,20.23
CCCCCC(CC(=O)O)C(=O)O,0.97315,Inactive,98597386,CCCCCC(CC(=O)O)C(=O)O,FNZSVEHJZREFPF-UHFFFAOYSA-N,3279659.0,188.104858992,1.7422000000000002,74.6
CCN(C(C)=O)c1cccc(-c2ccnc3c(C#N)cnn23)c1,1.061125,Inactive,98620747,CCN(C(C)=O)c1cccc(-c2ccnc3c(C#N)cnn23)c1,HUNXMJYCHXQEGX-UHFFFAOYSA-N,5719.0,305.12766010000007,2.6407800000000003,74.28999999999999
CCCC(NC(C)C(=O)N1C(C(=O)O)CC2CCCCC21)C(=O)O,1.01671,Inactive,98622630,CCCC(NC(C)C(=O)N1C(C(=O)O)CC2CCCCC21)C(=O)O,ODAIHABQVKJNIY-UHFFFAOYSA-N,4687013.0,340.199821996,1.4621,106.94
Cn1c([N+](=O)[O-])cnc1COC(N)=O,0.98022,Inactive,98945210,Cn1c([N+](=O)[O-])cnc1COC(N)=O,PQFRTXSWDXZRRS-UHFFFAOYSA-N,5094.0,200.054554736,-0.0764000000000001,113.28
Cl.Fc1ccc(C2CCNCC2COc2ccc3c(c2)OCO3)cc1,0.844415,Inactive,98996125,Cl.Fc1ccc(C2CCNCC2COc2ccc3c(c2)OCO3)cc1,GELRVIPPMNMYGS-UHFFFAOYSA-N,9951025.0,365.119399432,3.748300000000002,39.72
Cc1c(Cl)cccc1Nc1ncccc1C(=O)O,1.00755,Inactive,99131124,Cc1c(Cl)cccc1Nc1ncccc1C(=O)O,CLOMYZFHNHFSIQ-UHFFFAOYSA-N,28718.0,262.050905272,3.485220000000001,62.22
Cn1cnc2c1c(=O)[nH]c(=O)n2C,1.0116,Inactive,99244534,Cn1cnc2c1c(=O)[nH]c(=O)n2C,YAPQBXQYLJRXSA-UHFFFAOYSA-N,5429.0,180.064725496,-1.0397,72.68
NC(=O)c1ccc([N+](=O)[O-])cc1Cl,1.10895,Inactive,99390948,NC(=O)c1ccc([N+](=O)[O-])cc1Cl,GFGSZUNNBQXGMK-UHFFFAOYSA-N,2075.0,199.9988697,1.3471,86.23
CC(=O)OC1(C(C)=O)CCC2C3C=C(C)C4=CC(=O)CCC4(C)C3CCC21C,0.976795,Inactive,99499972,CC(=O)OC1(C(C)=O)CCC2C3C=C(C)C4=CC(=O)CCC4(C)C3CCC21C,RQZAXGRLVPAYTJ-UHFFFAOYSA-N,4048.0,384.230059504,4.575300000000005,60.440000000000005
OCC1OC(Oc2ccc(O)cc2)C(O)C(O)C1O,0.99262,Inactive,99506090,OCC1OC(Oc2ccc(O)cc2)C(O)C(O)C1O,BJRNKVDFDLYUGJ-UHFFFAOYSA-N,346.0,272.08960285200004,-1.4291000000000005,119.61
NCCCNCCCCNCCCN,1.10795,Inactive,99605331,NCCCNCCCCNCCCN,PFNFFQXMRSDOHW-UHFFFAOYSA-N,1103.0,202.215746832,-0.3565999999999977,76.1
CCCCNc1cc(C(=O)O)cc(S(N)(=O)=O)c1Oc1ccccc1,1.0315,Inactive,99623470,CCCCNc1cc(C(=O)O)cc(S(N)(=O)=O)c1Oc1ccccc1,MAEIEVLCKWDQJH-UHFFFAOYSA-N,2471.0,364.10929274,3.036500000000001,118.71999999999998
CC(=O)OC1CC2C(C)(C)C(O)CCC2(C)C2CCC3(C)C(c4ccoc4)OC(=O)C4OC43C12C,0.99785,Inactive,99770571,CC(=O)OC1CC2C(C)(C)C(O)CCC2(C)C2CCC3(C)C(c4ccoc4)OC(=O)C4OC43C12C,IVHWWYNBMIROCV-UHFFFAOYSA-N,3980897.0,486.2617535559999,4.576500000000005,98.5
CC(=O)c1cc2c(cc1O)OC(C)(C)C=C2,0.94648,Inactive,99797482,CC(=O)c1cc2c(cc1O)OC(C)(C)C=C2,SVUVYHFYZBCYRF-UHFFFAOYSA-N,100768.0,218.094294308,2.7790000000000017,46.53
Cl.NCc1ccc(S(N)(=O)=O)cc1,0.98297,Inactive,99808599,Cl.NCc1ccc(S(N)(=O)=O)cc1,SIACJRVYIPXFKS-UHFFFAOYSA-N,67313.0,222.022976272,0.2144999999999998,86.18
CC(=O)OC1CCC2(C)C(=CCC3C4CCC(=O)C4(C)CCC32)C1,1.0688,Inactive,99956106,CC(=O)OC1CCC2(C)C(=CCC3C4CCC(=O)C4(C)CCC32)C1,NCMZQTLCXHGLOK-UHFFFAOYSA-N,540877.0,330.21949482,4.450000000000005,43.370000000000005
COc1cc2c(c(OC)c1OC)-c1ccc(O)c(=O)cc1C(NC(C)=O)CC2,1.028995,Inactive,99997159,COc1cc2c(c(OC)c1OC)-c1ccc(O)c(=O)cc1C(NC(C)=O)CC2,PRGILOMAMBLWNG-UHFFFAOYSA-N,10156.0,385.15253745600006,2.568600000000001,94.09
