Compound_ID,SMILES,Sau_Mean_10uM,HepG2_Mean_10uM,HSkMC_Mean_10uM,IMR90_Mean_10uM,id,smiles,inchikey,pubchem_id,mwt,clogp,tpsa
BRD-K09353174,C[C@H]1CN([C@@H](C)CO)C(=O)c2cc(cnc2O[C@@H]1CN(C)C(=O)Cc1ccccn1)-c1cccc(c1)C(=O)N(C)C,0.920367631,1.076606343,0.9881724,1.037502879,10011302,C[C@H]1CN([C@@H](C)CO)C(=O)c2cc(-c3cccc(C(=O)N(C)C)c3)cnc2O[C@@H]1CN(C)C(=O)Cc1ccccn1,NKUWSRJFYIGIDK-NOMHHCBYSA-N,54621250.0,559.279469284,2.7666000000000004,116.17
BRD-K82165473,C[C@H]1CN([C@H](C)CO)C(=O)Cc2cc(ccc2O[C@H]1CN(C)C(=O)Nc1cccc2ccccc12)NS(=O)(=O)c1ccc(cc1)Cl,0.946893837,1.103298639,1.041655033,1.057806722,10033524,C[C@H](CO)N1C[C@H](C)[C@H](CN(C)C(=O)Nc2cccc3ccccc23)Oc2ccc(NS(=O)(=O)c3ccc(Cl)cc3)cc2CC1=O,VFHTVSLUTSUPRU-YBBGPBPVSA-N,44501864.0,664.212233584,5.606900000000005,128.28
BRD-K98301999,C[C@@H]1CN([C@@H](C)CO)C(=O)c2cccc(c2O[C@@H]1CN(C)Cc1ccc(cc1)C(=O)O)NC(=O)C1CC1,1.076734205,1.010662507,1.019365771,1.015669448,10033616,C[C@@H]1CN([C@@H](C)CO)C(=O)c2cccc(NC(=O)C3CC3)c2O[C@@H]1CN(C)Cc1ccc(C(=O)O)cc1,JIVQHRCMRGEILI-NXMSCROESA-N,44497177.0,509.25258584,3.085400000000001,119.41
BRD-K28083436,C[C@@H]1COC(=O)[C@@H](CC=CC[C@H](CC(=O)N(CCO)Cc2ccccc2)C(=O)N1)Cc1ccc(cc1)F,0.978950455,0.994762104,1.003517139,1.020671238,10051188,C[C@@H]1COC(=O)[C@H](Cc2ccc(F)cc2)CC=CC[C@H](CC(=O)N(CCO)Cc2ccccc2)C(=O)N1,LTIGQXAZCWNCKZ-SDUSCBPUSA-N,,510.25300044,3.4097000000000017,95.94
BRD-K27771781,C[C@H]1CN([C@H](C)CO)C(=O)c2cc(cnc2O[C@H]1CN(C)C(=O)c1cnccn1)C#CCC1CCCC1,1.075815017,0.983833715,1.005372262,1.003323545,10053946,C[C@H](CO)N1C[C@H](C)[C@H](CN(C)C(=O)c2cnccn2)Oc2ncc(C#CCC3CCCC3)cc2C1=O,FGPFMIQVQZWJRQ-DFIYOIEZSA-N,54622352.0,505.2689046,2.7957,108.75
BRD-K10416099,CCCN(C)C[C@H]1OCCCC[C@@H](C)Oc2ccc(cc2C(=O)N(C[C@H]1C)[C@@H](C)CO)NC(=O)Nc1ccc(cc1)OC,0.614085871,0.966075036,0.978144092,1.03896095,10056057,CCCN(C)C[C@H]1OCCCC[C@@H](C)Oc2ccc(NC(=O)Nc3ccc(OC)cc3)cc2C(=O)N([C@@H](C)CO)C[C@H]1C,QAGMOHWNXLCFPJ-XDAUYTPDSA-N,54614680.0,598.3730353200001,5.476500000000006,112.6
BRD-K11799866,COCC(=O)N1C[C@H](C)[C@@H](CN(C)C(=O)c2ccc(cc2OC[C@@H]1C)NC(=O)Nc1cccc(c1)F)OC,1.059911916,0.986570034,0.985998014,1.021263573,10057475,COCC(=O)N1C[C@H](C)[C@H](OC)CN(C)C(=O)c2ccc(NC(=O)Nc3cccc(F)c3)cc2OC[C@@H]1C,FGZVYTDOFXFLTK-LLJLJFOGSA-N,54635926.0,530.25406306,3.448700000000001,109.44
BRD-A80519968,CC[C@@H](NC1=NNC(=O)NC1=O)C(=O)OC,1.002001218,1.046115886,0.969168849,0.980884055,10062641,CC[C@@H](Nc1n[nH]c(=O)[nH]c1=O)C(=O)OC,UMSACCDTECHDOP-SCSAIBSYSA-N,727989.0,228.085854864,-1.178299999999999,116.93999999999998
BRD-K21826560,C[C@@H]1CCCCO[C@@H](CN(C)C(=O)C2CCCCC2)[C@@H](C)CN([C@@H](C)CO)C(=O)c2cc(ccc2O1)NC(=O)c1ccncc1,0.963101865,1.025841325,1.000725818,1.02114039,10074781,C[C@@H]1CCCCO[C@@H](CN(C)C(=O)C2CCCCC2)[C@@H](C)CN([C@@H](C)CO)C(=O)c2cc(NC(=O)c3ccncc3)ccc2O1,LKIIRWUIYHEPDR-ZQIYOYMASA-N,44492603.0,622.37303532,5.168100000000006,121.30000000000004
BRD-K52759296,COc1ccc(cc1)S(=O)(=O)N(C)C[C@@H]1OCCCC[C@H](C)Oc2ccc(cc2C(=O)N(C[C@@H]1C)[C@H](C)CO)NC(=O)Nc1c(noc1C)C,1.156521957,0.979919711,0.989118144,1.011976279,10075765,COc1ccc(S(=O)(=O)N(C)C[C@@H]2OCCCC[C@H](C)Oc3ccc(NC(=O)Nc4c(C)noc4C)cc3C(=O)N([C@H](C)CO)C[C@@H]2C)cc1,HDKQRQDNBFCTGM-DWLUSBQNSA-N,54616682.0,715.3250991479999,5.060240000000005,172.76999999999998
BRD-K13062874,C[C@@H]1CN([C@@H](C)CO)C(=O)Cc2cc(ccc2O[C@H]1CN(C)S(=O)(=O)c1c(noc1C)C)NS(=O)(=O)c1c(noc1C)C,0.95702873,0.990883618,1.020024764,0.952166562,10077949,Cc1noc(C)c1S(=O)(=O)Nc1ccc2c(c1)CC(=O)N([C@@H](C)CO)C[C@@H](C)[C@H](CN(C)S(=O)(=O)c1c(C)noc1C)O2,CUSPKWHGMANLHM-YPCHGGDPSA-N,54614542.0,639.203269764,2.1667799999999997,185.38
BRD-K01377751,C[C@@H]1CN([C@@H](C)CO)C(=O)c2cc(ccc2O[C@H]1CN(C)S(=O)(=O)C)NS(=O)(=O)c1ccc(cc1)C,1.019481726,0.992659973,0.983775774,1.037362287,10081625,Cc1ccc(S(=O)(=O)Nc2ccc3c(c2)C(=O)N([C@@H](C)CO)C[C@@H](C)[C@H](CN(C)S(C)(=O)=O)O3)cc1,MYWSIHKXEHZXDK-STSQHVNTSA-N,44486463.0,539.175992396,1.90732,133.32
BRD-K53857704,COc1ccc(cc1)S(=O)(=O)N[C@H]1CC[C@@H](CCNC(=O)CN2CCOCC2)O[C@H]1CO,0.871766074,0.990764017,1.00214268,0.949906841,10082736,COc1ccc(S(=O)(=O)N[C@H]2CC[C@@H](CCNC(=O)CN3CCOCC3)O[C@H]2CO)cc1,QMKXNPKBXXPBLD-IHPCNDPISA-N,54642178.0,471.203921396,-0.2794999999999962,126.43
BRD-K76013268,COc1ccc(cc1)S(=O)(=O)N1C[C@@H](O)COC[C@H]2O[C@@H](CC[C@@H]21)CC(=O)NCCN1CCCCC1,1.054337515,1.07124586,1.033493888,1.055406431,10106591,COc1ccc(S(=O)(=O)N2C[C@@H](O)COC[C@H]3O[C@H](CC(=O)NCCN4CCCCC4)CC[C@@H]32)cc1,HCJNGFAJDAYDCK-BKXMBWNOSA-N,54659040.0,525.250871588,0.9854000000000024,117.64
BRD-K77928479,Cc1cccc[n+]1C,0.933358654,1.008378183,1.026248444,0.963654838,10107079,Cc1cccc[n+]1C,UMZDENILBZKMFY-UHFFFAOYSA-N,70108.0,108.08077574009,0.81952,3.88
BRD-K21040167,C[C@@H]1CN([C@@H](C)CO)C(=O)Cc2cc(ccc2O[C@@H]1CN(C)CC1CC1)NC(=O)CCN1CCOCC1,0.928291625,1.010707362,0.996308268,0.960364887,10109058,C[C@@H]1CN([C@@H](C)CO)C(=O)Cc2cc(NC(=O)CCN3CCOCC3)ccc2O[C@@H]1CN(C)CC1CC1,IFEBRFLUWXZZQL-YZIHRLCOSA-N,44498504.0,516.331170508,1.838200000000001,94.57999999999998
BRD-K45700709,C[C@H]1CN([C@H](C)CO)C(=O)Cc2cc(ccc2O[C@H]1CN(C)Cc1ccc(cc1)C(F)(F)F)NC(=O)Nc1ccc2c(c1)OCO2,0.985054063,0.974434321,0.958458641,0.911363597,10113788,C[C@H](CO)N1C[C@H](C)[C@H](CN(C)Cc2ccc(C(F)(F)F)cc2)Oc2ccc(NC(=O)Nc3ccc4c(c3)OCO4)cc2CC1=O,UEDLRIRBQUSIHX-NOUQMAPCSA-N,44500246.0,642.2665195640001,5.359100000000005,112.6
BRD-K01350173,C[C@@H]1CCCCO[C@@H](CN(C)C(=O)Nc2ccc(cc2)F)[C@H](C)CN([C@H](C)CO)C(=O)c2cc(ccc2O1)NC(=O)Cc1ccccc1,1.544885761,1.022180827,1.072523556,0.967238949,10136345,C[C@@H]1CCCCO[C@@H](CN(C)C(=O)Nc2ccc(F)cc2)[C@H](C)CN([C@H](C)CO)C(=O)c2cc(NC(=O)Cc3ccccc3)ccc2O1,CMCZKHBVGKSQPY-WYOWBBOASA-N,54616667.0,662.3479634439999,5.966300000000007,120.44000000000004
BRD-K84669268,C[C@@H]1CN([C@@H](C)CO)C(=O)c2cccc(c2O[C@@H]1CN(C)S(=O)(=O)c1c(noc1C)C)NC(=O)C1CCOCC1,0.825454147,1.029651461,1.023077489,0.944474503,10154583,Cc1noc(C)c1S(=O)(=O)N(C)C[C@H]1Oc2c(NC(=O)C3CCOCC3)cccc2C(=O)N([C@@H](C)CO)C[C@H]1C,WJVMQJOIORRLFT-SAHWJRBASA-N,44488606.0,578.2410351760001,2.19734,151.51
BRD-K00440074,C[C@@H]1CN([C@@H](C)CO)C(=O)c2cc(ccc2O[C@@H]1CN(C)S(=O)(=O)C)NS(=O)(=O)C,0.97982212,0.979183913,0.997216398,0.993674557,10156128,C[C@@H]1CN([C@@H](C)CO)C(=O)c2cc(NS(C)(=O)=O)ccc2O[C@@H]1CN(C)S(C)(=O)=O,BPFRVQLDUKPSES-IIYDPXPESA-N,44486061.0,463.144692268,0.1696000000000015,133.32
BRD-K40480569,C[C@H]1CN([C@@H](C)CO)C(=O)c2cccc(c2O[C@@H]1CN(C)Cc1ccc(cc1)C(F)(F)F)NS(=O)(=O)c1ccc(cc1)Cl,1.14704937,1.021969979,1.031873818,0.918453222,10192345,C[C@H]1CN([C@@H](C)CO)C(=O)c2cccc(NS(=O)(=O)c3ccc(Cl)cc3)c2O[C@@H]1CN(C)Cc1ccc(C(F)(F)F)cc1,FJNSKGNJNIWDNP-OWOAZTCBSA-N,54614274.0,639.1781544959999,5.511700000000006,99.17999999999998
BRD-K98072304,C[C@@H]1CN([C@H](C)CO)S(=O)(=O)c2ccc(cc2O[C@@H]1CN(C)C(=O)NC1CCCC1)Br,1.087521767,0.990569131,1.00964686,1.026835596,10192815,C[C@@H]1CN([C@H](C)CO)S(=O)(=O)c2ccc(Br)cc2O[C@@H]1CN(C)C(=O)NC1CCCC1,SZIKTFJCEPOTBZ-SPYBWZPUSA-N,46903333.0,517.124604224,2.801700000000001,99.18
BRD-K28743782,C[C@H]1CCCCO[C@@H](CN(C)S(=O)(=O)c2ccc(cc2)F)[C@H](C)CN([C@H](C)CO)C(=O)c2cc(ccc2O1)NC(=O)CCC(F)(F)F,1.779497435,0.968270187,0.980734444,0.976300011,10199582,C[C@@H]1CN([C@H](C)CO)C(=O)c2cc(NC(=O)CCC(F)(F)F)ccc2O[C@@H](C)CCCCO[C@H]1CN(C)S(=O)(=O)c1ccc(F)cc1,GCCSVBOOKYDYKO-NBOGMJGSSA-N,44619965.0,689.2757845959999,5.222900000000006,125.48000000000002
BRD-K40988761,C[C@@H]1CN([C@H](C)CO)C(=O)Cc2cc(ccc2O[C@@H]1CN(C)Cc1ccncc1)NC(=O)Nc1cccc2ccccc12,0.923125738,0.865290176,0.998681951,0.96450856,10247759,C[C@@H]1CN([C@H](C)CO)C(=O)Cc2cc(NC(=O)Nc3cccc4ccccc34)ccc2O[C@@H]1CN(C)Cc1ccncc1,QYOWCAGNJDGPGP-GOFIJKOKSA-N,44496819.0,581.300204728,5.159800000000004,107.03
BRD-K64610608,COc1ccc(cc1)S(=O)(=O)N(C)C[C@@H]1Oc2c(cccc2C(=O)N(C[C@H]1C)[C@@H](C)CO)NC(=O)Nc1cccc2ccccc12,1.047866424,1.049200138,1.008348103,0.904527179,10248541,COc1ccc(S(=O)(=O)N(C)C[C@@H]2Oc3c(NC(=O)Nc4cccc5ccccc45)cccc3C(=O)N([C@@H](C)CO)C[C@H]2C)cc1,FXIXTIXYCSOXIT-UDKTZTBJSA-N,44489675.0,646.246120556,5.033200000000005,137.51
BRD-K77007241,C[C@H]1CCCCO[C@H](CN(C)C(=O)c2ccccc2)[C@@H](C)CN([C@H](C)CO)C(=O)c2cc(ccc2O1)NC(=O)Nc1ccc(cc1)C(F)(F)F,1.123119231,1.035473119,1.047841327,1.04191781,10251417,C[C@H](CO)N1C[C@H](C)[C@@H](CN(C)C(=O)c2ccccc2)OCCCC[C@H](C)Oc2ccc(NC(=O)Nc3ccc(C(F)(F)F)cc3)cc2C1=O,APBVAIRGVGPFOM-FMALNZMYSA-N,54616284.0,698.3291198200001,6.9171000000000085,120.44000000000004
BRD-K51585944,CO[C@@H]1CN(C)C(=O)c2cc(ccc2OC[C@@H](C)N(CCc2ccccc2)C[C@@H]1C)NC(=O)NC1CCCCC1,1.191926269,0.988588758,0.997323333,1.043427648,10252220,CO[C@@H]1CN(C)C(=O)c2cc(NC(=O)NC3CCCCC3)ccc2OC[C@@H](C)N(CCc2ccccc2)C[C@@H]1C,ONZMGLOOFFOJCP-FVBCXUTKSA-N,53382697.0,550.351905952,5.189500000000004,83.14
BRD-K62977886,O[C@H]1COC[C@H]2O[C@@H](CC[C@@H]2N(C1)S(=O)(=O)c1ccc(cc1)F)CC(=O)N[C@@H]1CCN(C1)Cc1ccccc1,0.850995436,1.081937057,0.968361387,0.992663593,10292488,O=C(C[C@@H]1CC[C@H]2[C@@H](COC[C@H](O)CN2S(=O)(=O)c2ccc(F)cc2)O1)N[C@@H]1CCN(Cc2ccccc2)C1,FOUHJPDBUQOMDO-OBOOOKMBSA-N,54659250.0,561.230885092,1.9045000000000007,108.40999999999998
BRD-A34074183,NC1=NC(=O)C[C@H](Cc2ccccc2)N1,0.948926865,0.921415339,1.018760038,1.020142133,10292529,NC1=NC(=O)C[C@H](Cc2ccccc2)N1,BCOIQAHGFQHDCM-VIFPVBQESA-N,,203.105862036,0.4322999999999993,67.47999999999999
BRD-K31080131,CO[C@@H]1CN(C)C(=O)c2cc(ccc2OC[C@H](C)N(C[C@@H]1C)Cc1ccc(cc1)OC)NC(=O)c1nc2ccccc2s1,1.07626333,0.996063208,1.000278341,0.996991942,10293017,COc1ccc(CN2C[C@H](C)[C@H](OC)CN(C)C(=O)c3cc(NC(=O)c4nc5ccccc5s4)ccc3OC[C@@H]2C)cc1,AYFIOZIDKGBGDF-IHMCZWCLSA-N,54636831.0,602.2562913160001,5.563400000000006,93.23
BRD-K92486419,C[C@H]1CN([C@@H](C)CO)C(=O)c2cc(cnc2O[C@@H]1CN(C)S(=O)(=O)c1ccccc1F)C#Cc1ccccc1F,1.281911752,0.974089586,0.999864293,1.036875854,10293489,C[C@H]1CN([C@@H](C)CO)C(=O)c2cc(C#Cc3ccccc3F)cnc2O[C@@H]1CN(C)S(=O)(=O)c1ccccc1F,OJOLSOFMTSTYEP-CUVVAGTFSA-N,54626963.0,569.179598468,3.3004000000000016,100.04
BRD-K75024193,C[C@@H]1CN([C@@H](C)CO)C(=O)c2cc(ccc2O[C@@H]1CN(C)C(=O)Nc1cccc2ccccc12)NC(=O)Nc1c(noc1C)C,0.904265515,1.024679187,0.970180987,0.994652288,10306077,Cc1noc(C)c1NC(=O)Nc1ccc2c(c1)C(=O)N([C@@H](C)CO)C[C@@H](C)[C@@H](CN(C)C(=O)Nc1cccc3ccccc13)O2,NMUJCIZGDIWAIF-WAPJKPAKSA-N,44490649.0,614.2852829360002,5.472640000000005,149.26999999999998
BRD-K19946105,COc1ccc(cc1)S(=O)(=O)N(C)C[C@H]1Oc2c(cccc2C(=O)N(C[C@@H]1C)[C@H](C)CO)NS(=O)(=O)c1cccs1,1.143941716,1.008844883,0.993168599,0.994217175,10310418,COc1ccc(S(=O)(=O)N(C)C[C@H]2Oc3c(NS(=O)(=O)c4cccs4)cccc3C(=O)N([C@H](C)CO)C[C@@H]2C)cc1,IJLAZHQCNRGIQT-XLNZFTOWSA-N,44488548.0,623.142978016,3.098300000000001,142.54999999999998
BRD-K59683426,COc1ccc2c3c(n(c2c1)C)[C@@H](CO)N(C[C@]13CN(C1)C(=O)Nc1cccc(c1)F)C(=O)C1CCOCC1,1.238017489,0.963111358,1.016981387,1.001105488,10310639,COc1ccc2c3c(n(C)c2c1)[C@@H](CO)N(C(=O)C1CCOCC1)CC31CN(C(=O)Nc2cccc(F)c2)C1,CXEJULGNLUYSDT-XMMPIXPASA-N,71759534.0,536.2434983759999,3.413700000000002,96.27
BRD-K98105926,C[C@H]1CN([C@@H](C)CO)C(=O)c2ccccc2-c2ccccc2CO[C@H]1CN(C)Cc1ccccc1C(F)(F)F,1.079407769,0.960179079,0.926381514,1.023696264,10310836,C[C@H]1CN([C@@H](C)CO)C(=O)c2ccccc2-c2ccccc2CO[C@H]1CN(C)Cc1ccccc1C(F)(F)F,FDAULICGQFNBRP-SYZUXVNWSA-N,60185708.0,540.25997764,5.862300000000007,53.01
BRD-K79928346,Nc1ccc(cc1)-c1ccc(cc1)N,0.915326716,1.053712338,1.031984502,1.03709834,10329893,Nc1ccc(-c2ccc(N)cc2)cc1,HFACYLZERDEVSX-UHFFFAOYSA-N,7111.0,184.100048384,2.518,52.04
DIETHYLSTILBESTROL,CCC(=C(CC)c1ccc(O)cc1)c1ccc(O)cc1,0.59482,0.794710398,0.96700161,0.560007986,10331935,CCC(=C(CC)c1ccc(O)cc1)c1ccc(O)cc1,RGLYKWWBQGJZGM-UHFFFAOYSA-N,3054.0,268.14632988,4.828600000000005,40.46
BRD-K91893881,C[C@H]1CN([C@H](C)CO)C(=O)c2cc(ccc2O[C@H]1CN(C)Cc1ccc(cc1)-c1ccccc1)NS(=O)(=O)c1ccc(cc1)C,1.251077328,0.89596582,0.837090071,0.958883054,10338267,Cc1ccc(S(=O)(=O)Nc2ccc3c(c2)C(=O)N([C@H](C)CO)C[C@H](C)[C@H](CN(C)Cc2ccc(-c4ccccc4)cc2)O3)cc1,RKFPRZNLXVJUNG-ULQPQYINSA-N,44485361.0,627.276692412,5.814920000000006,99.17999999999998
BRD-K56908085,COc1ccc(cc1)CN(C)C[C@@H]1OCCCC[C@@H](C)Oc2ccc(cc2C(=O)N(C[C@@H]1C)[C@H](C)CO)NC(=O)c1ccccc1,1.17106563,0.993905892,1.029795861,0.923481197,10341247,COc1ccc(CN(C)C[C@@H]2OCCCC[C@@H](C)Oc3ccc(NC(=O)c4ccccc4)cc3C(=O)N([C@H](C)CO)C[C@@H]2C)cc1,RRRJJHOCKYLCQN-INRPXOMJSA-N,44500484.0,631.362136288,5.875000000000007,100.57
BRD-K96968202,C[C@H]1CCCCO[C@H](CN(C)Cc2ccc(cc2)C(=O)Nc2ccccc2N)[C@@H](C)CN([C@H](C)CO)C(=O)c2cc(ccc2O1)N(C)C,1.175176927,1.004441163,1.037880889,0.960902668,10352221,C[C@H](CO)N1C[C@H](C)[C@@H](CN(C)Cc2ccc(C(=O)Nc3ccccc3N)cc2)OCCCC[C@H](C)Oc2ccc(N(C)C)cc2C1=O,QQMKKXIOTOMQPF-LVKBQDAUSA-N,71760430.0,659.404669796,5.514600000000006,120.6
BRD-K41161005,CCCC#Cc1ccc2c(c1)O[C@H](CN(C)Cc1ccc3c(c1)OCO3)[C@@H](C)CN([C@@H](C)CO)S2(=O)=O,1.474854461,1.005913298,0.915152855,0.985752201,10354793,CCCC#Cc1ccc2c(c1)O[C@H](CN(C)Cc1ccc3c(c1)OCO3)[C@@H](C)CN([C@@H](C)CO)S2(=O)=O,ZBCREHINDTUCBX-NOMHHCBYSA-N,54623094.0,528.2294078719999,3.4675000000000025,88.53999999999999
BRD-K24978625,N[C@@H]1CC[C@@H](CCn2cc(nn2)C2CCCCC2)O[C@H]1CO,1.088359669,0.959394639,1.020929241,1.15106438,10356087,N[C@@H]1CC[C@@H](CCn2cc(C3CCCCC3)nn2)O[C@H]1CO,YDEHNJGPJPHMHH-LZWOXQAQSA-N,54640245.0,308.221226136,1.5830999999999993,86.19000000000001
BRD-K29918010,N[C@H]1[C@H](O)O[C@H](CO)[C@@H](O)[C@@H]1O,1.066814286,0.992934954,1.042487817,1.026856242,10360450,N[C@@H]1[C@@H](O)[C@H](O)[C@@H](CO)O[C@H]1O,MSWZFWKMSRAUBD-QZABAPFNSA-N,441477.0,179.079372516,-3.2549999999999994,116.17000000000002
BRD-K23495731,C[C@H]1CN([C@H](C)CO)C(=O)c2cc(ccc2O[C@H]1CN(C)C(=O)Nc1cccc2ccccc12)NS(=O)(=O)c1ccc(cc1)C,1.019710135,1.056924498,0.973397724,1.014209916,10363028,Cc1ccc(S(=O)(=O)Nc2ccc3c(c2)C(=O)N([C@H](C)CO)C[C@H](C)[C@H](CN(C)C(=O)Nc2cccc4ccccc24)O3)cc1,JVTYUFLWHVRRBE-XNSHOJTPSA-N,44490596.0,630.251205936,5.333020000000005,128.28
BRD-K56761719,CO[C@@H]1CN(C)C(=O)c2cc(ccc2OC[C@H](C)N(C[C@@H]1C)C(=O)C1CCOCC1)NC(=O)C1CC1,0.950828899,1.024709454,1.008444584,0.972858731,10365524,CO[C@@H]1CN(C)C(=O)c2cc(NC(=O)C3CC3)ccc2OC[C@H](C)N(C(=O)C2CCOCC2)C[C@@H]1C,GAPZQUHMQDIXFX-LLJLJFOGSA-N,54632605.0,501.283885968,2.7943,97.41
BRD-K89048337,OC[C@H]1O[C@H]([C@H](O)[C@@H](O)[C@@H]1O)c1c(ccc2c1OC=C(C2=O)c1ccc(cc1)O)O,0.999615751,0.984871151,1.002131632,1.034088609,10367434,O=c1c(-c2ccc(O)cc2)coc2c([C@@H]3O[C@H](CO)[C@@H](O)[C@H](O)[C@H]3O)c(O)ccc12,HKEAFJYKMMKDOR-VPRICQMDSA-N,5281807.0,416.11073221999993,0.3860999999999993,160.82
BRD-K95816461,CC1(C)N(CCNC1=O)C(=O)c1ccco1,0.895340892,0.997152885,0.991382035,1.027385171,10370009,CC1(C)C(=O)NCCN1C(=O)c1ccco1,MRROFOZQKSVIOC-UHFFFAOYSA-N,16863773.0,222.100442308,0.6301999999999996,62.55
BRD-K86486204,C[C@H]1CN([C@H](C)CO)C(=O)c2cc(ccc2O[C@@H]1CN(C)C(=O)Nc1c(noc1C)C)NC(=O)Nc1ccc(cc1)C(F)(F)F,0.940421133,1.008272869,1.000161816,0.988921073,10370731,Cc1noc(C)c1NC(=O)N(C)C[C@H]1Oc2ccc(NC(=O)Nc3ccc(C(F)(F)F)cc3)cc2C(=O)N([C@H](C)CO)C[C@@H]1C,HLLYABHJSZMPPC-RJYGXOMWSA-N,44202474.0,632.2570175,5.338240000000005,149.27
BRD-A67976398,Cc1ccc2c(c1)C(=C(C(=O)N2)C1=NN([C@@H](C1)c1ccc(cc1)Br)C(=O)CCC(=O)O)c1ccccc1,0.419287359,0.98507539,0.992404584,1.044603839,10372199,Cc1ccc2[nH]c(=O)c(C3=NN(C(=O)CCC(=O)O)[C@H](c4ccc(Br)cc4)C3)c(-c3ccccc3)c2c1,MVYNQMRZRULRIE-DEOSSOPVSA-N,136902743.0,557.0950183479999,5.808520000000004,102.83
BRD-K91289705,Fc1ccccc1C(=O)N1CCNCC1,0.961370133,0.965628743,0.989855007,0.989575475,10384562,O=C(c1ccccc1F)N1CCNCC1,YUOYYPWFXYRVHK-UHFFFAOYSA-N,544862.0,208.101191256,0.8711,32.34
BRD-K10182289,C[C@H]1CN([C@@H](C)CO)S(=O)(=O)c2ccc(cc2O[C@@H]1CN(C)C(=O)c1cccc(c1)F)-c1cncnc1,0.958454878,1.025507972,1.008261351,1.178775883,10401069,C[C@H]1CN([C@@H](C)CO)S(=O)(=O)c2ccc(-c3cncnc3)cc2O[C@@H]1CN(C)C(=O)c1cccc(F)c1,YKMJVYSWBOXOTH-LLJLJFOGSA-N,54619149.0,528.1842692480001,2.823500000000001,112.93
BRD-K16665088,COc1cccc(c1)NC(=O)N1C[C@H](O)COC[C@@H]2O[C@H](CC[C@H]21)CC(=O)NCc1ccccc1F,0.892079147,1.019659348,0.991525795,1.010009389,10404299,COc1cccc(NC(=O)N2C[C@H](O)COC[C@@H]3O[C@@H](CC(=O)NCc4ccccc4F)CC[C@H]32)c1,XBRBVMDUTPVCPX-VSYWRSJOSA-N,54658958.0,501.227513964,2.6819999999999995,109.36
PEFLOXACIN MESYLATE,CCn1cc(C(=O)O)c(=O)c2cc(F)c(N3CCN(C)CC3)cc21.CS(=O)(=O)O,0.1882,1.030677782,0.989806178,1.361904669,10408082,CCn1cc(C(=O)O)c(=O)c2cc(F)c(N3CCN(C)CC3)cc21.CS(=O)(=O)O,HQQSBEDKMRHYME-UHFFFAOYSA-N,119525.0,429.136984708,1.1145000000000005,120.15
BRD-K58402180,CC(C)(C)OC(=O)Nc1ccccc1,1.128814777,0.995083931,1.029168806,0.903799607,10410187,CC(C)(C)OC(=O)Nc1ccccc1,KZZHPWMVEVZEFG-UHFFFAOYSA-N,137930.0,193.11027872,3.0336000000000007,38.33
BRD-K75308783,COc1cc(cc(c1)OC)Nc1nc2ccccc2nc1NS(=O)(=O)c1ccc(cc1)NC(=O)c1ccc(c(c1)OC)C,1.511461909,1.090087623,1.051423458,0.972912056,10415788,COc1cc(Nc2nc3ccccc3nc2NS(=O)(=O)c2ccc(NC(=O)c3ccc(C)c(OC)c3)cc2)cc(OC)c1,HJSSPYJVWLTYHG-UHFFFAOYSA-N,49867926.0,599.183854648,5.7607200000000045,140.76999999999998
BRD-K98571029,C[C@@H]1CN([C@H](C)CO)C(=O)c2cccc(c2O[C@@H]1CN(C)CC1CCCCC1)NC(=O)Nc1ccc(cc1)C(F)(F)F,0.164739192,0.079509884,0.687303291,0.103642613,10420839,C[C@@H]1CN([C@H](C)CO)C(=O)c2cccc(NC(=O)Nc3ccc(C(F)(F)F)cc3)c2O[C@@H]1CN(C)CC1CCCCC1,IVGISJLMDFIDFY-LGVUCKNBSA-N,44497994.0,590.307990452,6.081600000000006,94.14
BRD-K09085599,C[C@H]1CCCCO[C@@H](CN(C)C(=O)Nc2ccc(cc2)C(F)(F)F)[C@H](C)CN([C@@H](C)CO)C(=O)c2cc(ccc2O1)NS(=O)(=O)c1c(noc1C)C,2.370942455,1.013074371,0.985690012,1.001726882,10433355,Cc1noc(C)c1S(=O)(=O)Nc1ccc2c(c1)C(=O)N([C@@H](C)CO)C[C@@H](C)[C@H](CN(C)C(=O)Nc1ccc(C(F)(F)F)cc1)OCCCC[C@H](C)O2,KOGXUCMRWOSHRU-JVKDHZECSA-N,44619080.0,753.3019190920002,6.070440000000007,163.54000000000002
BRD-K40490682,OC[C@H]1O[C@@H](CC[C@H]1NC(=O)CN1CCOCC1)CC(=O)NCCc1ccncc1,1.030582974,0.962424777,0.985661384,1.028142563,10442933,O=C(C[C@@H]1CC[C@@H](NC(=O)CN2CCOCC2)[C@@H](CO)O1)NCCc1ccncc1,ZJAQJJRCHWWGEL-IPMKNSEASA-N,54640859.0,420.237270124,-0.512699999999995,113.02
BRD-K36463947,C[C@H]1CN([C@@H](C)CO)C(=O)Cc2cc(ccc2O[C@H]1CN(C)C)NC(=O)Cc1cn(c2ccccc12)C,0.947971907,1.023483315,0.97724799,0.99492846,10461127,C[C@H]1CN([C@@H](C)CO)C(=O)Cc2cc(NC(=O)Cc3cn(C)c4ccccc34)ccc2O[C@H]1CN(C)C,STGWCSQNSTYFHE-OSOCVKALSA-N,44502610.0,506.289305696,3.070100000000001,87.03999999999999
BRD-K25127909,COc1ccc(cc1)S(=O)(=O)N(C)C[C@@H]1Oc2ccc(cc2C(=O)N(C[C@@H]1C)[C@@H](C)CO)N(C)C,0.937924158,1.032951337,1.02027085,1.002103852,10468983,COc1ccc(S(=O)(=O)N(C)C[C@@H]2Oc3ccc(N(C)C)cc3C(=O)N([C@@H](C)CO)C[C@@H]2C)cc1,LZHWJEQSFVJFKG-XFAGBWLFSA-N,44492879.0,505.22465684,2.3020000000000005,99.62
BRD-K78424324,C[C@H]1CN([C@H](C)CO)S(=O)(=O)c2ccc(cc2O[C@H]1CN(C)C(=O)Cc1cccnc1)C#Cc1ccccc1F,0.971748789,0.991453011,0.982791589,1.058496864,10472729,C[C@H](CO)N1C[C@H](C)[C@H](CN(C)C(=O)Cc2cccnc2)Oc2cc(C#Cc3ccccc3F)ccc2S1(=O)=O,LZLPOFCGFILJQG-TYPXCFOJSA-N,54626469.0,565.2046703440001,3.090200000000001,100.04
BRD-K04695623,COc1ccc(cc1)S(=O)(=O)N(C)C[C@@H]1Oc2c(cccc2C(=O)N(C[C@@H]1C)[C@H](C)CO)NC(=O)Nc1cccc2ccccc12,1.265959745,0.993610224,1.017413252,1.00463942,10476529,COc1ccc(S(=O)(=O)N(C)C[C@@H]2Oc3c(NC(=O)Nc4cccc5ccccc45)cccc3C(=O)N([C@H](C)CO)C[C@@H]2C)cc1,FXIXTIXYCSOXIT-LWPQGVMLSA-N,44491899.0,646.246120556,5.033200000000005,137.51
BRD-K67107166,O[C@@H]1COC[C@H]2O[C@@H](CC[C@@H]2N(C1)Cc1ccccc1F)CC(=O)N[C@H]1CCN(C1)Cc1ccccc1,1.032091606,0.984957857,0.99212315,1.021924842,10476796,O=C(C[C@@H]1CC[C@H]2[C@@H](COC[C@@H](O)CN2Cc2ccccc2F)O1)N[C@H]1CCN(Cc2ccccc2)C1,SYGGXHBJBPLYDK-WZFFGLSISA-N,54659881.0,511.284634916,2.7158,74.27
BRD-K77281554,C[C@@H]1CN([C@@H](C)CO)C(=O)c2cc(ccc2O[C@@H]1CN(C)Cc1ccc(cc1)C(=O)O)NS(=O)(=O)C,0.93371437,1.141863887,0.987726843,1.051203073,10480353,C[C@@H]1CN([C@@H](C)CO)C(=O)c2cc(NS(C)(=O)=O)ccc2O[C@@H]1CN(C)Cc1ccc(C(=O)O)cc1,XDTSRQOGLKWZRM-SAHWJRBASA-N,44486700.0,519.2039213959999,2.1084,136.48
BRD-K80574047,C[C@@H]1CN([C@@H](C)CO)C(=O)c2cc(ccc2O[C@H]1CN(C)C(=O)NC1CCCCC1)NC(=O)CCCN(C)C,0.960208156,0.947279678,0.99757357,0.984814406,10482582,C[C@@H]1CN([C@@H](C)CO)C(=O)c2cc(NC(=O)CCCN(C)C)ccc2O[C@H]1CN(C)C(=O)NC1CCCCC1,HVZAAXCGJPPTNA-SWYRRKHMSA-N,44493694.0,545.3577196040001,3.161100000000002,114.45
BRD-K06860050,C[C@@H]1COCCS(=O)(=O)N1C,0.966449063,0.946395634,0.981152982,1.011200557,10487917,C[C@@H]1COCCS(=O)(=O)N1C,VATDUDQJFZPJFU-ZCFIWIBFSA-N,,179.061614276,-0.3332999999999999,46.61000000000001
BRD-K46498981,COc1ccccc1CNC(=O)C[C@@H]1C[C@@H]2[C@@H](Oc3ccc(cc32)NC(=O)c2cccnc2)[C@H](CO)O1,1.031803061,1.001179849,0.992186702,0.959533774,10489547,COc1ccccc1CNC(=O)C[C@@H]1C[C@H]2c3cc(NC(=O)c4cccnc4)ccc3O[C@H]2[C@H](CO)O1,FJJBSMMGLKBUIQ-YSDDDFLKSA-N,54646654.0,503.205635648,3.043400000000001,119.01
BRD-K78008305,O=C(NN1CCOCC1)Nc1ccno1,0.970876621,1.004272437,1.011294714,1.070647846,10526611,O=C(Nc1ccno1)NN1CCOCC1,ZYUYTKQZHVDDII-UHFFFAOYSA-N,2744689.0,212.090940244,0.0432999999999997,79.63000000000001
BRD-K69737135,C[C@@H]1CN([C@@H](C)CO)C(=O)Cc2cc(ccc2O[C@@H]1CN(C)Cc1ccc(cc1)Oc1ccccc1)NC(=O)Nc1ccc(cc1)C(F)(F)F,0.981714251,0.632029498,0.565057412,0.879903747,10546445,C[C@@H]1CN([C@@H](C)CO)C(=O)Cc2cc(NC(=O)Nc3ccc(C(F)(F)F)cc3)ccc2O[C@@H]1CN(C)Cc1ccc(Oc2ccccc2)cc1,GFBGNCUTLBGSKQ-USUMGCFOSA-N,44502839.0,690.302905072,7.422700000000007,103.37
BRD-K28093369,C[C@@H]1CN([C@@H](C)CO)C(=O)c2cccc(c2O[C@H]1CN(C)S(=O)(=O)c1ccc(cc1)F)NS(=O)(=O)C,1.018485804,1.064424421,1.101358306,1.031051286,10550478,C[C@@H]1CN([C@@H](C)CO)C(=O)c2cccc(NS(C)(=O)=O)c2O[C@H]1CN(C)S(=O)(=O)c1ccc(F)cc1,YPCKTIHWMUJDGY-XFQAVAEZSA-N,44495606.0,543.15092052,1.7380000000000004,133.32
BRD-K07498724,C[C@H]1CCCCO[C@H](CN(C)C(=O)Nc2ccc(cc2)F)[C@@H](C)CN([C@@H](C)CO)C(=O)c2cc(ccc2O1)NC(=O)Nc1ccccc1,1.188737574,0.9375838,1.001715737,1.005424484,10556542,C[C@H]1CCCCO[C@H](CN(C)C(=O)Nc2ccc(F)cc2)[C@@H](C)CN([C@@H](C)CO)C(=O)c2cc(NC(=O)Nc3ccccc3)ccc2O1,BBXPKJIBDBGFBT-DXCNDIKUSA-N,54618028.0,663.343212412,6.429100000000007,132.47000000000003
BRD-K14040705,COc1cccc(c1)C#Cc1ccc(cc1)[C@@H]1[C@@H](CO)N2[C@@H]1CN(CC2=O)S(=O)(=O)c1ccccc1C,1.555647544,0.972059821,1.013939716,0.987442303,10589068,COc1cccc(C#Cc2ccc([C@@H]3[C@@H](CO)N4C(=O)CN(S(=O)(=O)c5ccccc5C)C[C@H]34)cc2)c1,AGCBKWYNCIYAQL-GEBXHLAXSA-N,60191331.0,516.171892996,2.7632200000000013,87.15
BRD-K19988829,C[C@H]1CCCCO[C@H](CN(C)Cc2ccc(cc2)C(F)(F)F)[C@@H](C)CN([C@H](C)CO)C(=O)c2cc(ccc2O1)NC(=O)c1ccccc1,1.367861707,0.914836404,1.008109204,1.015217206,10592098,C[C@H](CO)N1C[C@H](C)[C@@H](CN(C)Cc2ccc(C(F)(F)F)cc2)OCCCC[C@H](C)Oc2ccc(NC(=O)c3ccccc3)cc2C1=O,KVYNYDNSHYPGTF-VAQOQGKESA-N,54616956.0,669.338956232,6.885200000000009,91.34
BRD-A58986205,OCCCCCCN1[C@@H]2C(=O)N(CC=C[C@@]32O[C@@H]2C=CCOC(=O)[C@@H]2[C@H]3C1=O)c1ccc(cc1)Cl,1.304883546,1.043984426,0.988278945,0.97332996,10637156,O=C1OCC=C[C@H]2O[C@@]34C=CCN(c5ccc(Cl)cc5)C(=O)[C@H]3N(CCCCCCO)C(=O)[C@@H]4[C@@H]12,HFMPRQVKHJDIBR-ABRUXBDKSA-N,,500.171414328,2.4893,96.38
BRD-K80932317,CC(C)NC(=O)Nc1ccc2c(c1)C(=O)N(C[C@@H](C)[C@@H](CN(C)S(=O)(=O)c1cn(cn1)C)OCCCC[C@H](C)O2)[C@@H](C)CO,0.891714752,1.078402108,0.97817577,0.991396702,10639487,CC(C)NC(=O)Nc1ccc2c(c1)C(=O)N([C@@H](C)CO)C[C@@H](C)[C@@H](CN(C)S(=O)(=O)c1cn(C)cn1)OCCCC[C@H](C)O2,HWNPXKMEKYPYHZ-GRSOWLQASA-N,44493602.0,636.330518876,3.0662000000000025,155.32999999999998
BRD-K86061323,C[C@@H]1CCCCO[C@@H](CN(C)C(=O)Cc2ccccc2)[C@@H](C)CN([C@@H](C)CO)C(=O)c2cc(ccc2O1)NC(=O)CCC(F)(F)F,1.079025646,0.986173332,0.972965864,1.017592879,10655015,C[C@@H]1CCCCO[C@@H](CN(C)C(=O)Cc2ccccc2)[C@@H](C)CN([C@@H](C)CO)C(=O)c2cc(NC(=O)CCC(F)(F)F)ccc2O1,SNFAYUJNRBAEJM-INVAMZEASA-N,54615186.0,649.333870852,5.464200000000006,108.41000000000004
BRD-K48590501,COCCOC(=O)N1C(=O)[C@@]2([C@H]([C@H]3N([C@@H]([C@@H](OC3=O)c3ccccc3)c3ccccc3)[C@H]2c2ccccc2OCCO)C(=O)NC[C@H](O)c2ccccc2)c2cc(ccc21)C#Cc1ccc(cc1)OC,1.490826982,1.070453922,1.052250269,1.03149108,10657441,COCCOC(=O)N1C(=O)[C@@]2(c3cc(C#Cc4ccc(OC)cc4)ccc31)[C@H](c1ccccc1OCCO)N1[C@H](c3ccccc3)[C@H](c3ccccc3)OC(=O)[C@H]1[C@@H]2C(=O)NC[C@H](O)c1ccccc1,YYMKUNLFNRSYBE-IQDVFOKFSA-N,6730451.0,941.352359452,6.764400000000009,173.39999999999998
BRD-K39877322,OC[C@@H]1[C@H]2CN3C(=O)C(=CC=C3[C@H]2N[C@H]1C(=O)NCCN1CCCC1)c1ccccc1,0.951995245,0.983368901,1.012967699,0.95828892,10660903,O=C(NCCN1CCCC1)[C@@H]1N[C@@H]2c3ccc(-c4ccccc4)c(=O)n3C[C@@H]2[C@H]1CO,QEIMHPNGETZQGL-KRXUUXHPSA-N,54662891.0,422.23179082,0.978500000000001,86.60000000000001
BRD-K73577714,CCCC(=O)Nc1ccc2c(c1)OC[C@H](C)N(C[C@@H](C)[C@@H](CN(C)C2=O)OC)S(=O)(=O)c1cn(cn1)C,0.979501411,1.068784452,1.049591652,1.0020782,10666318,CCCC(=O)Nc1ccc2c(c1)OC[C@H](C)N(S(=O)(=O)c1cn(C)cn1)C[C@@H](C)[C@H](OC)CN(C)C2=O,YAZPLJHKVLFFGT-KGVIQGDOSA-N,54633316.0,535.246454904,2.3536,123.07
BRD-K55883850,C[C@@H]1CN([C@H](C)CO)C(=O)c2cc(ccc2O[C@@H]1CN(C)S(=O)(=O)c1cn(cn1)C)NS(=O)(=O)c1c(noc1C)C,1.069072897,0.969936491,0.990632942,0.972357749,10672183,Cc1noc(C)c1S(=O)(=O)Nc1ccc2c(c1)C(=O)N([C@H](C)CO)C[C@@H](C)[C@@H](CN(C)S(=O)(=O)c1cn(C)cn1)O2,DLFREARZPKMJOO-XCGNWRKASA-N,44488404.0,610.187954048,1.36654,177.17000000000002
BRD-K36975521,CC(C)(N)c1cn(nn1)CC1CCN(CC1)C(=O)c1ccccc1-n1cccn1,0.869728311,1.034508101,0.980354651,1.028620108,10704080,CC(C)(N)c1cn(CC2CCN(C(=O)c3ccccc3-n3cccn3)CC2)nn1,VRIURTAEHIQBFJ-UHFFFAOYSA-N,46986583.0,393.22770848400006,2.209999999999999,94.86
BRD-K56321215,C[C@H]1CCCCO[C@H](CN(C)CC2CC2)[C@@H](C)CN([C@H](C)CO)C(=O)c2cc(ccc2O1)NC(=O)NC1CCCCC1,0.872177836,1.136051799,0.996431752,0.984045211,10707090,C[C@H](CO)N1C[C@H](C)[C@@H](CN(C)CC2CC2)OCCCC[C@H](C)Oc2ccc(NC(=O)NC3CCCCC3)cc2C1=O,OYTWRKZESVKYOW-TXHDDHBJSA-N,44497335.0,586.409420828,5.278100000000005,103.37
BRD-K09019812,C[C@@H]1CCCCO[C@@H](CN(C)CC2CC2)[C@H](C)CN([C@@H](C)CO)C(=O)c2cc(ccc2O1)NC(=O)Nc1ccccc1,1.159092902,1.032991855,1.005785843,0.987473961,10710633,C[C@@H]1CCCCO[C@@H](CN(C)CC2CC2)[C@H](C)CN([C@@H](C)CO)C(=O)c2cc(NC(=O)Nc3ccccc3)ccc2O1,WSGOBIVUANXEAU-FXIKWKPTSA-N,54615056.0,580.3624706359999,5.467900000000006,103.37
BRD-K63177377,CC(C)(CCCCCC(O)CCCCCC(C)(C)C(=O)O)C(=O)O,1.030070244,1.024857229,1.03956375,1.043259278,10715670,CC(C)(CCCCCC(O)CCCCCC(C)(C)C(=O)O)C(=O)O,HYHMLYSLQUKXKP-UHFFFAOYSA-N,10472693.0,344.2562742519999,4.469900000000003,94.83
BRD-K77225887,C[C@@H]1CCCCO[C@@H](CN(C)S(=O)(=O)c2ccc(cc2)F)[C@H](C)CN([C@@H](C)CO)C(=O)c2cc(ccc2O1)NS(=O)(=O)c1ccc(cc1)C,1.215031205,0.998169281,1.02368918,1.093923487,10718342,Cc1ccc(S(=O)(=O)Nc2ccc3c(c2)C(=O)N([C@@H](C)CO)C[C@@H](C)[C@H](CN(C)S(=O)(=O)c2ccc(F)cc2)OCCCC[C@@H](C)O3)cc1,QVHOUQFQIBTSDR-VUYBWUDLSA-N,54617433.0,719.271035652,5.051120000000005,142.55
BRD-K21022990,C[C@H]1CN([C@H](C)CO)C(=O)Cc2cc(ccc2O[C@@H]1CN(C)C(=O)Nc1ccc2c(c1)OCO2)NS(=O)(=O)c1c(noc1C)C,0.877281281,1.016468898,1.009871213,1.016446897,10734335,Cc1noc(C)c1S(=O)(=O)Nc1ccc2c(c1)CC(=O)N([C@H](C)CO)C[C@H](C)[C@@H](CN(C)C(=O)Nc1ccc3c(c1)OCO3)O2,DLILJDZYEGYIAP-HQWTYURQSA-N,54614349.0,643.2311987639999,3.133840000000001,172.76999999999998
BRD-K12225653,C[C@H]1CN([C@@H](C)CO)C(=O)c2cc(cnc2O[C@H]1CN(C)C(=O)c1cccnc1)-c1ccc(cc1)C(=O)N(C)C,1.299699741,0.959957424,0.989861073,1.00148643,10758387,C[C@H]1CN([C@@H](C)CO)C(=O)c2cc(-c3ccc(C(=O)N(C)C)cc3)cnc2O[C@H]1CN(C)C(=O)c1cccnc1,VCCVFAYJTMFBQW-DYLHXGEVSA-N,54627654.0,545.26381922,2.8377000000000008,116.17
BRD-K15092527,C[C@@H]1CN([C@H](C)CO)C(=O)c2cc(ccc2O[C@@H]1CN(C)S(=O)(=O)c1cn(cn1)C)NS(=O)(=O)C,0.916484183,0.961500323,0.998407241,0.989574373,10763020,C[C@@H]1CN([C@H](C)CO)C(=O)c2cc(NS(C)(=O)=O)ccc2O[C@@H]1CN(C)S(=O)(=O)c1cn(C)cn1,VQAZZDMJWKCCIX-SPYBWZPUSA-N,44489008.0,529.166490332,0.3324000000000012,151.14
BRD-K32444139,OCCN(Cc1ccccc1)C(=O)C[C@H]1CC=CC[C@H](NC(=O)OCC2c3ccccc3-c3ccccc32)C(=O)OC[C@H](Cc2ccccc2)NC1=O,0.956726471,0.779527731,0.546602436,0.112477514,10774932,O=C(N[C@H]1CC=CC[C@H](CC(=O)N(CCO)Cc2ccccc2)C(=O)N[C@@H](Cc2ccccc2)COC1=O)OCC1c2ccccc2-c2ccccc21,PEMOETYPSSOCKA-XEAFTEEUSA-N,,715.3257507799999,5.541800000000005,134.27
BRD-K31597898,C[C@@H]1CN([C@@H](C)CO)C(=O)c2cccc(c2O[C@H]1CN(C)Cc1ccc2c(c1)OCO2)NC(=O)C1CC1,1.056636574,0.980213674,0.964875025,1.066685624,10789379,C[C@@H]1CN([C@@H](C)CO)C(=O)c2cccc(NC(=O)C3CC3)c2O[C@H]1CN(C)Cc1ccc2c(c1)OCO2,AIXLPKOKBZXXLV-UZEJHQAJSA-N,44498338.0,509.25258584,3.1159000000000017,100.57
BRD-A19328822,CC[C@@H](C)N1NC(=O)C=C1N,1.152200376,0.962770467,1.005161111,0.931397616,10796938,CC[C@@H](C)n1[nH]c(=O)cc1N,RXDUGOJOOXUICD-RXMQYKEDSA-N,801262.0,155.105862036,0.7296000000000002,63.81
BRD-K61861910,COCC#Cc1cnc2c(c1)C(=O)N(C[C@H](C)[C@@H](CN(C)C(=O)Nc1cc(ccc1F)F)O2)[C@H](C)CO,1.120597562,1.044340749,1.012010328,1.047616285,10846966,COCC#Cc1cnc2c(c1)C(=O)N([C@H](C)CO)C[C@H](C)[C@@H](CN(C)C(=O)Nc1cc(F)ccc1F)O2,SYMAGNSCDPNOSH-YGKZAACZSA-N,54618143.0,516.2184265,2.741700000000002,104.23
BRD-K14553427,C[C@@H]1CN([C@@H](C)CO)C(=O)Cc2cc(ccc2O[C@H]1CN(C)S(=O)(=O)c1ccccc1)NS(=O)(=O)c1ccc(cc1)F,1.163010552,0.997578751,1.015429026,1.070303132,10858790,C[C@@H]1CN([C@@H](C)CO)C(=O)Cc2cc(NS(=O)(=O)c3ccc(F)cc3)ccc2O[C@H]1CN(C)S(=O)(=O)c1ccccc1,YFCVYZPKCSKPDI-GGJMMHKRSA-N,44617608.0,619.182220648,3.0962000000000014,133.32
BRD-K28176812,C[C@H]1CN([C@H](C)CO)C(=O)c2cccc(c2O[C@H]1CN(C)C(=O)Nc1ccccc1)NS(=O)(=O)C,1.029573867,1.008279604,0.973032118,0.966914051,10864230,C[C@H](CO)N1C[C@H](C)[C@H](CN(C)C(=O)Nc2ccccc2)Oc2c(NS(C)(=O)=O)cccc2C1=O,IVMIUGATAXIJQF-FVJLSDCUSA-N,44488056.0,504.204255744,2.442100000000001,128.28
BRD-K82252544,C[C@@H](O)C#Cc1cnc2c(c1)C(=O)N(C[C@H](C)[C@H](CN(C)C(=O)CN1CCOCC1)O2)[C@@H](C)CO,0.931557628,0.987466909,0.980883001,0.983367617,10867648,C[C@@H](O)C#Cc1cnc2c(c1)C(=O)N([C@@H](C)CO)C[C@H](C)[C@H](CN(C)C(=O)CN1CCOCC1)O2,LKSTXRLQOBYGSE-VWNVYAMZSA-N,54630568.0,488.2634848719999,-0.175399999999997,115.67000000000002
BRD-K15672523,C[C@@H]1CN([C@@H](C)CO)C(=O)c2cccc(c2O[C@H]1CN(C)S(=O)(=O)c1ccc(cc1)F)NC(=O)Nc1cccc2ccccc12,0.898439793,0.970903754,0.972266607,0.961650146,10882575,C[C@@H]1CN([C@@H](C)CO)C(=O)c2cccc(NC(=O)Nc3cccc4ccccc34)c2O[C@H]1CN(C)S(=O)(=O)c1ccc(F)cc1,LHUPWNMUDNKYCT-DGIFUFQNSA-N,44500453.0,634.2261340599999,5.163700000000005,128.28
BRD-K69886508,COc1ccc(cc1)S(=O)(=O)N[C@H]1CC[C@@H](CC(=O)N2CCC(CC2)Cc2ccccc2)O[C@@H]1CO,1.06812006,0.933071628,1.015969039,1.014474411,10883817,COc1ccc(S(=O)(=O)N[C@H]2CC[C@@H](CC(=O)N3CCC(Cc4ccccc4)CC3)O[C@@H]2CO)cc1,JXWMWOXWMMUZLT-AYRHNUGRSA-N,54638317.0,516.229407872,2.7534000000000014,105.17
BRD-K42056004,COc1ccc(cc1)CN(C)C[C@H]1Oc2c(cccc2C(=O)N(C[C@@H]1C)[C@@H](C)CO)NS(=O)(=O)C,0.943360833,1.028956188,1.029317011,1.026258047,10887643,COc1ccc(CN(C)C[C@H]2Oc3c(NS(C)(=O)=O)cccc3C(=O)N([C@@H](C)CO)C[C@@H]2C)cc1,IAKBBZLEORGFOS-IUKKYPGJSA-N,44486182.0,505.22465684,2.4188,108.41
BRD-K53397767,CCC(=O)N(C)C[C@@H]1Oc2ncc(cc2C(=O)N(C[C@H]1C)[C@@H](C)CO)C#C[C@@H](C)O,1.015654066,0.998707863,0.98514084,1.000971038,10889571,CCC(=O)N(C)C[C@@H]1Oc2ncc(C#C[C@@H](C)O)cc2C(=O)N([C@@H](C)CO)C[C@H]1C,GRGKGKAZGUFMOE-OLMMMNRUSA-N,54630079.0,417.226371092,0.9024,103.20000000000002
BRD-K70724010,C[C@H]1CN([C@@H](C)CO)C(=O)c2cccc(c2O[C@@H]1CN(C)Cc1ccc(cc1)C(=O)Nc1ccccc1N)NS(=O)(=O)c1cn(cn1)C,0.912027903,1.007767204,0.966555546,1.041053484,10905322,C[C@H]1CN([C@@H](C)CO)C(=O)c2cccc(NS(=O)(=O)c3cn(C)cn3)c2O[C@@H]1CN(C)Cc1ccc(C(=O)Nc2ccccc2N)cc1,CQTMRYBSHCQYHQ-ZTNZZFSWSA-N,44507436.0,675.2839030320001,3.4075000000000006,172.12
BRD-K74001094,OC(=O)c1ccc(c(c1)C(=O)O)O,0.774029805,0.981532282,1.085166641,1.032053851,10917075,O=C(O)c1ccc(O)c(C(=O)O)c1,BCEQKAQCUWUNML-UHFFFAOYSA-N,12490.0,182.021523292,0.7886,94.83
TRICHLORFON,COP(=O)(OC)C(O)C(Cl)(Cl)Cl,0.90657,0.971051654,0.960115133,0.778410126,10917543,COP(=O)(OC)C(O)C(Cl)(Cl)Cl,NFACJZMKEDPNKN-UHFFFAOYSA-N,5853.0,255.922578406,2.1609000000000003,55.760000000000005
BRD-K98812007,C[C@@H]1CN([C@@H](C)CO)C(=O)c2cccc(c2O[C@H]1CN(C)Cc1ccc(c(c1)Cl)Cl)NS(=O)(=O)c1ccc(cc1)Cl,1.231828465,0.989630591,1.060937637,1.112697436,10929364,C[C@@H]1CN([C@@H](C)CO)C(=O)c2cccc(NS(=O)(=O)c3ccc(Cl)cc3)c2O[C@H]1CN(C)Cc1ccc(Cl)c(Cl)c1,URXZZUBQVMOKIH-RYTUXRKISA-N,44498300.0,639.112825164,5.799700000000006,99.17999999999998
BRD-K29925212,CC(=C)/C=C\1/C=CC(=O)C(=C1)C,0.459288595,0.908688009,0.990086273,1.008196491,10931170,C=C(C)/C=C1/C=CC(=O)C(C)=C1,URRXOUHZIHBLGJ-UHFFFAOYSA-N,4442235.0,160.088815004,2.5741000000000005,17.07
BRD-K85351001,C[C@H]1CN([C@H](C)CO)C(=O)c2cccc(c2O[C@@H]1CN(C)Cc1ccccc1)NS(=O)(=O)c1cn(cn1)C,1.009180374,1.082034262,1.012554121,1.004589806,10933973,C[C@H](CO)N1C[C@H](C)[C@@H](CN(C)Cc2ccccc2)Oc2c(NS(=O)(=O)c3cn(C)cn3)cccc2C1=O,HMMMABCRUWFTQZ-DCLXLUIPSA-N,44202719.0,541.23589022,2.5730000000000004,117.0
BRD-K58702459,C[C@H]1CCCCO[C@H](CN(C)S(=O)(=O)c2ccccc2)[C@H](C)CN([C@H](C)CO)C(=O)c2cc(ccc2O1)NC(=O)Nc1ccc(cc1)F,0.91538748,0.978667131,0.99493804,0.959371824,10938892,C[C@@H]1CN([C@H](C)CO)C(=O)c2cc(NC(=O)Nc3ccc(F)cc3)ccc2O[C@@H](C)CCCCO[C@@H]1CN(C)S(=O)(=O)c1ccccc1,YMBJCSHUNHBBJI-BEXWAKDESA-N,44619405.0,684.299299,5.585900000000007,137.51000000000002
BRD-K31894795,CCOC(=O)c1snc2c1NC=NC2=O,1.025079216,0.91335837,1.037016299,1.006999551,10939787,CCOC(=O)c1snc2c(=O)nc[nH]c12,WZNXAPOURYLMKA-UHFFFAOYSA-N,135450649.0,225.020812084,0.5563,84.94
BRD-K17450570,COc1cc2c(cc1OC)CN(CC2)C(=O)[C@H]1[C@H]2N([C@@H]([C@@H](OC2=O)c2ccccc2)c2ccccc2)[C@@H](c2ccccc2OCCO)[C@]11C(=O)Nc2ccc(cc21)C#CC1(O)CCCCCC1,1.311516581,0.957841408,1.001880428,0.926995088,10946959,COc1cc2c(cc1OC)CN(C(=O)[C@H]1[C@@H]3C(=O)O[C@@H](c4ccccc4)[C@@H](c4ccccc4)N3[C@@H](c3ccccc3OCCO)[C@]13C(=O)Nc1ccc(C#CC4(O)CCCCCC4)cc13)CC2,NPHYJLDMGDCBES-SYYAGSLLSA-N,6729258.0,901.39383034,7.36760000000001,147.1
BRD-K40182918,C[C@H]1CCCCO[C@H](CN(C)Cc2ccc(cc2)C(=O)O)[C@@H](C)CN([C@H](C)CO)C(=O)c2cc(ccc2O1)NS(=O)(=O)c1cccs1,1.047432129,1.085390003,1.011154937,1.016836768,10949114,C[C@H](CO)N1C[C@H](C)[C@@H](CN(C)Cc2ccc(C(=O)O)cc2)OCCCC[C@H](C)Oc2ccc(NS(=O)(=O)c3cccs3)cc2C1=O,YHNJHBLLPAXULX-TXHDDHBJSA-N,44618811.0,687.2648074000001,5.174600000000005,145.71
BRD-K44189028,C[C@H]1CN([C@@H](C)CO)C(=O)CCCn2cc(nn2)CO[C@@H]1CN(C)C(=O)Oc1cccc2ccccc12,1.004539384,0.966440733,1.025278874,1.010526398,10955702,C[C@H]1CN([C@@H](C)CO)C(=O)CCCn2cc(nn2)CO[C@@H]1CN(C)C(=O)Oc1cccc2ccccc12,SUQKGVARFDJMIR-ZYLNGJIFSA-N,44505753.0,509.26381922,3.0866000000000007,110.02
BRD-K45130843,COc1cccc(c1)S(=O)(=O)N(C)C[C@H]1Oc2ncc(cc2C(=O)N(C[C@H]1C)[C@@H](C)CO)C#CCC(C)C,1.196120816,1.005114731,1.014857139,0.908535006,10957887,COc1cccc(S(=O)(=O)N(C)C[C@H]2Oc3ncc(C#CCC(C)C)cc3C(=O)N([C@@H](C)CO)C[C@H]2C)c1,RWCYONGKCINDSM-YZIHRLCOSA-N,54627684.0,543.2403069039999,3.0286000000000017,109.27
BRD-K31381968,C[C@H]1CN([C@@H](C)CO)C(=O)Cc2cc(ccc2O[C@H]1CN(C)CC1CC1)NS(=O)(=O)c1ccccc1,0.976763805,1.039912075,0.998480552,1.028992854,10959038,C[C@H]1CN([C@@H](C)CO)C(=O)Cc2cc(NS(=O)(=O)c3ccccc3)ccc2O[C@H]1CN(C)CC1CC1,XSKZWYKMANYZLR-DYLHXGEVSA-N,44503759.0,515.245392284,2.9782,99.17999999999998
BRD-K91958092,OC(=O)CSCC(=O)N1CCCCC1,0.908413202,0.960141398,1.013107806,1.00343945,10978819,O=C(O)CSCC(=O)N1CCCCC1,FKLFIGFFMAEGRD-UHFFFAOYSA-N,822179.0,217.07726434,0.8167000000000002,57.61
BRD-K48805944,C[C@H]1CN([C@H](C)CO)S(=O)(=O)c2ccc(cc2O[C@@H]1CN(C)S(=O)(=O)c1ccc(cc1)F)C#Cc1ccncc1,1.054005964,0.920824973,0.980066276,0.971535558,10981923,C[C@H](CO)N1C[C@H](C)[C@@H](CN(C)S(=O)(=O)c2ccc(F)cc2)Oc2cc(C#Cc3ccncc3)ccc2S1(=O)=O,YKPSJTGOQQELHG-FYQCMVGJSA-N,54627933.0,587.1560059,2.7098000000000004,117.11
BRD-K62930950,C[C@@H]1CN([C@@H](C)CO)C(=O)Cc2cc(ccc2O[C@H]1CN(C)C(=O)Nc1ccccc1)NC(=O)CCCN(C)C,0.961175005,0.959510063,1.005655066,1.063867784,10984095,C[C@@H]1CN([C@@H](C)CO)C(=O)Cc2cc(NC(=O)CCCN(C)C)ccc2O[C@H]1CN(C)C(=O)Nc1ccccc1,IJRODGNDQARYQX-VHSZZVNMSA-N,44488789.0,553.3264194760001,3.2798000000000016,114.45
BRD-K97174071,C[C@H]1CN([C@H](C)CO)C(=O)Cc2cc(ccc2O[C@H]1CN(C)S(=O)(=O)c1cccs1)NC(=O)CCN1CCOCC1,1.05371168,1.003234724,0.999613999,1.019756127,10985593,C[C@H](CO)N1C[C@H](C)[C@H](CN(C)S(=O)(=O)c2cccs2)Oc2ccc(NC(=O)CCN3CCOCC3)cc2CC1=O,FMSOLVKCJDJSSJ-BKSPAHHJSA-N,44488637.0,608.2338416200001,1.878600000000001,128.72
BRD-K34924461,COc1cccc(c1)S(=O)(=O)N(C)C[C@@H]1Oc2ncc(cc2C(=O)N(C[C@H]1C)[C@H](C)CO)C#CCN(C)C,0.946151533,1.026508292,1.003262826,1.088456554,10991331,COc1cccc(S(=O)(=O)N(C)C[C@@H]2Oc3ncc(C#CCN(C)C)cc3C(=O)N([C@H](C)CO)C[C@H]2C)c1,PFCSGZNTMIIGGP-FHAGJXEFSA-N,46903578.0,544.235555872,1.544100000000001,112.51
BRD-K57164992,C[C@@H]1CN([C@@H](C)CO)C(=O)c2cccc(c2O[C@@H]1CN(C)S(=O)(=O)c1ccc(cc1)C)NC(=O)c1ccncc1,0.858769074,0.909694475,1.016734691,0.975296832,10998805,Cc1ccc(S(=O)(=O)N(C)C[C@H]2Oc3c(NC(=O)c4ccncc4)cccc3C(=O)N([C@@H](C)CO)C[C@H]2C)cc1,IGIPABHUNJZEMU-YZIHRLCOSA-N,44497953.0,566.219905808,3.183120000000001,129.14
8-HYDROXYCARAPINIC ACID,CC1(C)C(=O)C2CC3(O)C4=CC(=O)OC(c5ccoc5)C4(C)CCC3C(C)(C2=O)C1CC(=O)O,0.921835,0.955026812,0.991779665,0.8243,11006400,CC1(C)C(=O)C2CC3(O)C4=CC(=O)OC(c5ccoc5)C4(C)CCC3C(C)(C2=O)C1CC(=O)O,UKTUQKGXNWDYAI-UHFFFAOYSA-N,73324255.0,470.19406792,3.2464000000000013,131.11
BRD-K74136057,Nc1ccc(c(c1)Cl)Oc1ccc2ccccc2c1Cl,0.182670908,0.921476913,1.032820032,0.984235448,11027339,Nc1ccc(Oc2ccc3ccccc3c2Cl)c(Cl)c1,JNYADWQVJJAPDS-UHFFFAOYSA-N,4416190.0,303.021769332,5.521100000000002,35.25
BRD-K67799472,C[C@H]1CN([C@@H](C)CO)C(=O)Cc2cc(ccc2O[C@@H]1CN(C)Cc1ccc(cc1)C(F)(F)F)NC(=O)Nc1ccccc1,0.885951304,0.863298865,0.524308135,0.98952215,11030023,C[C@H]1CN([C@@H](C)CO)C(=O)Cc2cc(NC(=O)Nc3ccccc3)ccc2O[C@@H]1CN(C)Cc1ccc(C(F)(F)F)cc1,RRTIWHGSFRWPSK-IHMCZWCLSA-N,44501967.0,598.276690324,5.630400000000005,94.14
BRD-K21841725,C[C@H]1CN([C@@H](C)CO)C(=O)c2cccc(c2O[C@@H]1CN(C)Cc1ccc(cc1)Oc1ccccc1)NC(=O)CCCCCC(=O)Nc1ccccc1N,1.185947369,0.904849687,1.007900316,1.027343001,11033087,C[C@H]1CN([C@@H](C)CO)C(=O)c2cccc(NC(=O)CCCCCC(=O)Nc3ccccc3N)c2O[C@@H]1CN(C)Cc1ccc(Oc2ccccc2)cc1,IFLLFBGKWUQYRJ-XOYPNWLESA-N,44507991.0,721.3839343519999,6.940900000000006,146.46
BRD-K85569630,C[C@@H]1CCCCO[C@@H](CN(C)S(=O)(=O)C)[C@H](C)CN([C@H](C)CO)C(=O)c2cc(ccc2O1)NS(=O)(=O)C,1.075934898,0.972114507,0.949374704,0.999187159,11033861,C[C@@H]1CCCCO[C@@H](CN(C)S(C)(=O)=O)[C@H](C)CN([C@H](C)CO)C(=O)c2cc(NS(C)(=O)=O)ccc2O1,TUSMLOGCLZCZDA-ZQAYVECASA-N,54616075.0,563.2335072719999,1.7450000000000017,142.55
BRD-K40734350,NC(=O)c1c(c(n2c1CCC2)C(=S)N)N,0.844529392,0.998475653,0.997050403,1.039730616,11054060,NC(=O)c1c(N)c(C(N)=S)n2c1CCC2,IDJKQCXGKIUNDU-UHFFFAOYSA-N,5113491.0,224.073182004,-0.2504000000000003,100.06
BRD-K81341251,Clc1ccccc1C(C#N)(c1ccccc1)c1ccccc1,1.320836198,1.023477604,1.008399694,1.05197241,11087035,N#CC(c1ccccc1)(c1ccccc1)c1ccccc1Cl,JHNRTPKGSCVKKC-UHFFFAOYSA-N,9861261.0,303.081477128,5.197980000000004,23.79
BRD-K13660244,C[C@H]1CN([C@H](C)CO)C(=O)c2cc(ccc2O[C@H]1CN(C)C(=O)Nc1ccc(cc1)C(F)(F)F)NC(=O)Cc1ccccc1,0.968412663,0.865555162,0.947642197,1.026123249,11100404,C[C@H](CO)N1C[C@H](C)[C@H](CN(C)C(=O)Nc2ccc(C(F)(F)F)cc2)Oc2ccc(NC(=O)Cc3ccccc3)cc2C1=O,PRDAOTFPZPBVJB-GTNJKRJXSA-N,44492755.0,612.25595488,5.270600000000005,111.21
BRD-K53398965,COCCOC(=O)N1C(=O)[C@]2([C@@H]([C@@H]3N([C@H]([C@H](OC3=O)c3ccccc3)c3ccccc3)[C@@H]2c2ccccc2OCCO)C(=O)N)c2cc(ccc21)C#CCNC(=O)N,0.906985403,1.156908488,1.01662041,1.108695364,11104970,COCCOC(=O)N1C(=O)[C@@]2(c3cc(C#CCNC(N)=O)ccc31)[C@H](C(N)=O)[C@H]1C(=O)O[C@H](c3ccccc3)[C@H](c3ccccc3)N1[C@@H]2c1ccccc1OCCO,DALLZMNSLLJFPZ-HTWKETGVSA-N,6731729.0,787.285342512,3.0113000000000003,213.05
BRD-K62292363,COCC#Cc1cnc2c(c1)C(=O)N(C[C@H](C)[C@@H](CN(C)C(=O)c1ccc3c(c1)OCO3)O2)[C@H](C)CO,1.050234063,1.059069685,0.979447064,1.037730476,11110292,COCC#Cc1cnc2c(c1)C(=O)N([C@H](C)CO)C[C@H](C)[C@@H](CN(C)C(=O)c1ccc3c(c1)OCO3)O2,DQYGPTCEZDMWBJ-HOOSLVGPSA-N,54624672.0,509.2162003319999,1.8005,110.66
BRD-K46576029,COc1ccc(cc1)NC(=O)N(C)C[C@@H]1OCCCC[C@H](C)Oc2ccc(cc2C(=O)N(C[C@@H]1C)[C@@H](C)CO)NC(=O)c1ccccc1,1.133035552,1.045535705,1.058548132,0.982074436,11113449,COc1ccc(NC(=O)N(C)C[C@@H]2OCCCC[C@H](C)Oc3ccc(NC(=O)c4ccccc4)cc3C(=O)N([C@@H](C)CO)C[C@@H]2C)cc1,RWLNXFIBHRUEBF-GAIIXZKLSA-N,54616864.0,660.3522998760001,5.906900000000007,129.67
BRD-K53101583,C[C@@H]1CN([C@@H](C)CO)C(=O)Cc2cc(ccc2O[C@@H]1CN(C)S(=O)(=O)c1cn(cn1)C)NC(=O)Nc1ccccc1,0.86864449,1.042827538,1.067249374,1.024556776,11139515,C[C@@H]1CN([C@@H](C)CO)C(=O)Cc2cc(NC(=O)Nc3ccccc3)ccc2O[C@@H]1CN(C)S(=O)(=O)c1cn(C)cn1,KZNDWTIWOYLQTJ-OHUGHZGNSA-N,44496357.0,584.2417038720001,2.5338000000000003,146.10000000000002
BRD-K47636083,C[C@H]1CCCCO[C@@H](CN(C)CC2CCCCC2)[C@H](C)CN([C@@H](C)CO)C(=O)c2cc(ccc2O1)NS(=O)(=O)c1ccc(cc1)C,0.940372991,1.082149255,1.000718614,0.994998168,11149279,Cc1ccc(S(=O)(=O)Nc2ccc3c(c2)C(=O)N([C@@H](C)CO)C[C@@H](C)[C@H](CN(C)CC2CCCCC2)OCCCC[C@H](C)O3)cc1,YKADZYQVAJPHMU-RDJYNFKMSA-N,44619186.0,657.3811574799998,6.103420000000007,108.41
BRD-K04178736,C[C@H]1CN([C@@H](C)CO)C(=O)c2cc(ccc2O[C@@H]1CN(C)C(=O)Nc1ccc(cc1)C(F)(F)F)NC(=O)CCC(F)(F)F,0.784135039,1.024599044,1.008419976,1.020136211,11152865,C[C@H]1CN([C@@H](C)CO)C(=O)c2cc(NC(=O)CCC(F)(F)F)ccc2O[C@@H]1CN(C)C(=O)Nc1ccc(C(F)(F)F)cc1,YGSKPMJEACRFEQ-HKARXFIJSA-N,44487125.0,618.227689444,5.370400000000005,111.21
BRD-A06306608,CCCN1C(=O)C[C@@H](N2CCOCC2)C1=O,0.902745613,1.030529579,1.029463544,0.93849057,11160114,CCCN1C(=O)C[C@@H](N2CCOCC2)C1=O,GLONYUXZWKJOBJ-SECBINFHSA-N,7379262.0,226.131742436,-0.1439000000000003,49.85
BRD-K87310788,CN1CCN(CC1)C(=O)C[C@@H]1C[C@@H]2[C@@H](Oc3ccc(cc32)NS(=O)(=O)c2ccc(cc2)F)[C@@H](CO)O1,0.940501243,1.056735497,0.997904226,0.997825552,11183608,CN1CCN(C(=O)C[C@@H]2C[C@H]3c4cc(NS(=O)(=O)c5ccc(F)cc5)ccc4O[C@H]3[C@@H](CO)O2)CC1,ZMRFIBIYPCNTDV-FJSLEZNWSA-N,54648301.0,519.1839348999999,1.7849999999999993,108.41
BRD-K74500967,CCS(=O)(=O)N1C[C@]2(C1)CN([C@H](CO)c1c2c2ccc(cc2n1C)OC)C(=O)Nc1c(noc1C)C,0.919953517,1.000342456,1.012566232,1.033474932,11193500,CCS(=O)(=O)N1CC2(CN(C(=O)Nc3c(C)noc3C)[C@H](CO)c3c2c2ccc(OC)cc2n3C)C1,PSZHRIQHSJFRCN-LJQANCHMSA-N,60187160.0,517.199504712,2.2759400000000003,130.14
BRD-K29286627,O[C@H]1COC[C@H]2O[C@H](CC[C@@H]2N(C1)C(=O)c1cnccn1)CC(=O)N1CCN(CC1)c1ccccc1,0.905691506,1.02766554,0.990513177,1.054163779,11195168,O=C(C[C@H]1CC[C@H]2[C@@H](COC[C@H](O)CN2C(=O)c2cnccn2)O1)N1CCN(c2ccccc2)CC1,LCHNJAZNAXXEPD-CJTFWIGWSA-N,54657527.0,495.2481691560001,0.9650000000000004,108.32999999999998
BRD-K29023692,COc1ccc(cc1)COC[C@]12NC(=O)N([C@@H]([C@H]2CO[Si](C)(C)C(C)(C)C)c2ccccc2O1)C(=O)c1ccccc1,1.134983159,0.931317878,1.030586774,1.032065062,11261498,COc1ccc(COC[C@]23NC(=O)N(C(=O)c4ccccc4)[C@H](c4ccccc4O2)[C@H]3CO[Si](C)(C)C(C)(C)C)cc1,GJROBPCOQXWTHD-FXAGPDLLSA-N,,588.26556353,6.545400000000007,86.33000000000001
BRD-K62214870,C[C@@H]1CN([C@@H](C)CO)C(=O)Cc2cc(ccc2O[C@H]1CN(C)S(=O)(=O)c1c(noc1C)C)NC(=O)Cc1cn(c2ccccc12)C,1.012860353,1.048442462,1.013251746,0.96222304,11281539,Cc1noc(C)c1S(=O)(=O)N(C)C[C@@H]1Oc2ccc(NC(=O)Cc3cn(C)c4ccccc34)cc2CC(=O)N([C@@H](C)CO)C[C@H]1C,YSVOKJWJLAKWCL-QPPRZBLKSA-N,44487633.0,651.272669652,3.4340400000000013,147.21
BRD-K64465212,C[C@@H]1CCCCO[C@@H](CN(C)Cc2ccc(c(c2)Cl)Cl)[C@H](C)CN([C@@H](C)CO)C(=O)c2cc(ccc2O1)NS(=O)(=O)c1cccs1,1.074924049,0.9281339,0.992098763,1.016345668,11288364,C[C@@H]1CCCCO[C@@H](CN(C)Cc2ccc(Cl)c(Cl)c2)[C@H](C)CN([C@@H](C)CO)C(=O)c2cc(NS(=O)(=O)c3cccs3)ccc2O1,VIOGDUQZNOFWDO-WDCHQWTNSA-N,54616198.0,711.197033456,6.783200000000009,108.41
BRD-K68228449,COCC#Cc1ccc2c(c1)O[C@@H](CN(C)Cc1ccccc1F)[C@H](C)CN([C@@H](C)CO)S2(=O)=O,1.32350815,1.005297927,0.988582418,1.010321517,11289773,COCC#Cc1ccc2c(c1)O[C@@H](CN(C)Cc1ccccc1F)[C@H](C)CN([C@@H](C)CO)S2(=O)=O,JQAMUOLHJPIMRA-RNHFSVANSA-N,54623759.0,504.209421376,2.724200000000002,79.31
BRD-K21420222,C[C@@H]1CCCCO[C@@H](CN(C)Cc2ccncc2)[C@@H](C)CN([C@@H](C)CO)C(=O)c2cc(ccc2O1)NC(=O)NC1CCCCC1,1.042284413,0.995908341,0.986465716,0.989598471,11308258,C[C@@H]1CCCCO[C@@H](CN(C)Cc2ccncc2)[C@@H](C)CN([C@@H](C)CO)C(=O)c2cc(NC(=O)NC3CCCCC3)ccc2O1,NGSMHOKAGHIENU-IULAASEQSA-N,44619885.0,623.4046697959999,5.463300000000006,116.26000000000002
BRD-K54797573,C[C@@H]1CN([C@H](C)CO)C(=O)c2cc(ccc2O[C@@H]1CN(C)Cc1ccncc1)NS(=O)(=O)c1c(noc1C)C,0.91461695,1.051681485,0.970639603,1.016058877,11309065,Cc1noc(C)c1S(=O)(=O)Nc1ccc2c(c1)C(=O)N([C@H](C)CO)C[C@@H](C)[C@@H](CN(C)Cc1ccncc1)O2,UXWYALJGLGZMOD-QJMRKGMQSA-N,44493349.0,557.23080484,2.839340000000001,138.1
BRD-K89211941,CN1C(=O)SN(C1=O)c1ccccc1,0.794184466,1.013329699,1.018404319,1.019124565,11322306,Cn1c(=O)sn(-c2ccccc2)c1=O,KWKUDDYECAOINY-UHFFFAOYSA-N,2732726.0,208.030648496,0.5976999999999999,44.0
BRD-K90926693,C[C@@H]1CCCCO[C@H](CN(C)C(=O)Nc2c(noc2C)C)[C@@H](C)CN([C@H](C)CO)C(=O)c2cc(ccc2O1)NC(=O)Nc1ccc(cc1)F,1.084257415,1.041741481,0.99106473,0.988271387,11353942,Cc1noc(C)c1NC(=O)N(C)C[C@H]1OCCCC[C@@H](C)Oc2ccc(NC(=O)Nc3ccc(F)cc3)cc2C(=O)N([C@H](C)CO)C[C@@H]1C,WPRGDLITSLZKOA-JFTQGMRCSA-N,44504292.0,682.349026064,6.033940000000007,158.49999999999997
BRD-K19135685,CC(C)(C)[C@@H](COC(=O)[C@H](CCC=C)Cc1ccc(cc1)F)NC(=O)[C@H](CC=C)CC(=O)N(CCO)Cc1ccccc1,1.357424552,0.960519306,1.03717435,1.084427798,11393792,C=CCC[C@H](Cc1ccc(F)cc1)C(=O)OC[C@@H](NC(=O)[C@H](CC=C)CC(=O)N(CCO)Cc1ccccc1)C(C)(C)C,YKSSAHYSMSEORO-QPWMFTQFSA-N,,594.3469008239999,5.628200000000007,95.94
BRD-K20875709,CC(C)CC#Cc1ccc2c(c1)O[C@H](CN(C)C(=O)c1cnccn1)[C@H](C)CN([C@@H](C)CO)S2(=O)=O,1.080807339,0.976105647,0.977990522,1.00850152,11395468,CC(C)CC#Cc1ccc2c(c1)O[C@H](CN(C)C(=O)c1cnccn1)[C@H](C)CN([C@@H](C)CO)S2(=O)=O,ALBVOUUIQWHTKA-JXALWOEJSA-N,54618126.0,514.2249911880001,2.4150000000000005,112.93
BRD-K61658614,O=C(Cc1nn[nH]n1)NS(=O)(=O)c1ccccc1,0.943653179,0.983774155,1.044013049,0.963552615,11397125,O=C(Cc1nn[nH]n1)NS(=O)(=O)c1ccccc1,SKKOUOXYADBPKI-UHFFFAOYSA-N,,267.042610148,-0.7526999999999997,117.7
BRD-K45835269,C[C@@H]1CN([C@H](C)CO)C(=O)c2cc(ccc2O[C@@H]1CN(C)C(=O)Nc1ccc(cc1)C(F)(F)F)NC(=O)Cc1ccccc1,1.14523017,1.00679845,1.046693813,1.074948739,11437762,C[C@@H]1CN([C@H](C)CO)C(=O)c2cc(NC(=O)Cc3ccccc3)ccc2O[C@@H]1CN(C)C(=O)Nc1ccc(C(F)(F)F)cc1,PRDAOTFPZPBVJB-UMQWNRPGSA-N,44618747.0,612.25595488,5.270600000000005,111.21
BRD-K80417754,C[C@@H]1CN([C@H](C)CO)S(=O)(=O)c2ccc(cc2O[C@H]1CN(C)C(=O)c1ccccn1)C#Cc1ccc(cc1)F,1.139227387,1.006014608,1.003111489,1.012113764,11438141,C[C@@H]1CN([C@H](C)CO)S(=O)(=O)c2ccc(C#Cc3ccc(F)cc3)cc2O[C@H]1CN(C)C(=O)c1ccccn1,MVVVHRUOCXTXIN-GNMOFYLKSA-N,54624411.0,551.1890202800001,3.1613000000000016,100.04
BRD-A78882835,COc1ccc(cc1)C#Cc1ccc2c(c1)[C@@]1([C@H]([C@H]3N([C@@H]([C@@H](OC3=O)c3ccccc3)c3ccccc3)[C@H]1c1ccc(cc1)OCCO)C(=O)O)C(=O)N2C(=O)N[C@@H](C)c1ccccc1,0.492106558,0.8560931,0.533021266,0.837996185,11454242,COc1ccc(C#Cc2ccc3c(c2)[C@@]2(C(=O)N3C(=O)N[C@@H](C)c3ccccc3)[C@H](c3ccc(OCCO)cc3)N3[C@H](c4ccccc4)[C@H](c4ccccc4)OC(=O)[C@H]3[C@@H]2C(=O)O)cc1,NKBWKJKMLSKZOI-LQXTWHARSA-N,,867.3155800200001,7.687000000000009,154.94000000000003
BRD-K66275406,CN(C)CC(=O)N1C[C@H]2[C@H]([C@@H](CO)N2C(=O)C1)c1ccc(cc1)C#Cc1cccnc1,0.948514636,1.004442171,0.994324172,1.004647388,11458452,CN(C)CC(=O)N1CC(=O)N2[C@H](CO)[C@H](c3ccc(C#Cc4cccnc4)cc3)[C@@H]2C1,KFJWWFDUKTYHIL-YZUZCNPQSA-N,,418.200490692,0.5405000000000013,76.98
BRD-K18632320,C[C@@H]1CN([C@@H](C)CO)C(=O)c2cc(ccc2O[C@H]1CN(C)C(=O)Nc1cccc2ccccc12)NS(=O)(=O)c1cccs1,0.805153365,0.996796156,0.986622858,1.093450033,11477698,C[C@@H]1CN([C@@H](C)CO)C(=O)c2cc(NS(=O)(=O)c3cccs3)ccc2O[C@H]1CN(C)C(=O)Nc1cccc2ccccc12,GCBYCYVRDJZEMB-GGJMMHKRSA-N,44488861.0,622.191976808,5.0861000000000045,128.28
BRD-K65251181,C[C@H]1CN([C@H](C)CO)C(=O)Cc2cc(ccc2O[C@@H]1CN(C)C(=O)Nc1cccc2ccccc12)NC(=O)Nc1ccc(cc1)C(F)(F)F,1.175594996,0.976501788,1.045274245,0.988720503,11482983,C[C@H](CO)N1C[C@H](C)[C@@H](CN(C)C(=O)Nc2cccc3ccccc23)Oc2ccc(NC(=O)Nc3ccc(C(F)(F)F)cc3)cc2CC1=O,NDCIBRXOAJOQMT-HWZYRGQPSA-N,44616421.0,677.2825039760002,6.815500000000006,123.24
BRD-K81250090,C[C@@H]1CN([C@H](C)CO)C(=O)Cc2cc(ccc2O[C@@H]1CN(C)Cc1ccc(cc1)-c1ccccc1)NC(=O)Cc1ccccc1,0.774965153,0.820839044,1.004547086,0.974149259,11495938,C[C@@H]1CN([C@H](C)CO)C(=O)Cc2cc(NC(=O)Cc3ccccc3)ccc2O[C@@H]1CN(C)Cc1ccc(-c2ccccc2)cc1,UBMFRUBMXOVEAJ-IKXMMLORSA-N,44500948.0,605.325356856,5.815800000000007,82.10999999999999
BRD-K84747634,C[C@H]1CCn2cc(nn2)COC[C@@H](Cc2ccccc2)NC(=O)[C@@H](C)CCn2cc(nn2)COC[C@@H](Cc2ccccc2)NC1=O,0.976132464,1.07338873,0.982081546,0.972960151,11498336,C[C@H]1CCn2cc(nn2)COC[C@@H](Cc2ccccc2)NC(=O)[C@@H](C)CCn2cc(nn2)COC[C@@H](Cc2ccccc2)NC1=O,BUUWTRNMKPRWRV-SRPPIYJJSA-N,134828907.0,628.348551888,3.124000000000001,138.08
BRD-K77649435,Cn1cnc(c1)S(=O)(=O)N[C@@H]1C=C[C@H](CC(=O)N2CCN(CC2)c2ccccc2)O[C@@H]1CO,0.94592134,1.005987907,0.99081406,1.017940705,11512078,Cn1cnc(S(=O)(=O)N[C@@H]2C=C[C@H](CC(=O)N3CCN(c4ccccc4)CC3)O[C@@H]2CO)c1,ADNYLXRIKBBTKJ-VAMGGRTRSA-N,60187448.0,475.188940028,0.1218000000000017,117.0
BRD-K86997557,COc1ccccc1CNC(=O)C[C@H]1C[C@@H]2[C@@H](Oc3ccc(cc32)NC(=O)c2ccc3c(c2)OCO3)[C@@H](CO)O1,1.196949372,0.982579129,1.007856415,0.979254669,11529866,COc1ccccc1CNC(=O)C[C@H]1C[C@H]2c3cc(NC(=O)c4ccc5c(c4)OCO5)ccc3O[C@H]2[C@@H](CO)O1,IQCMSFSSZNINGU-ZNGJXQNXSA-N,54646139.0,546.20021592,3.3771000000000018,124.58
BRD-K08625782,C[C@H]1CN([C@@H](C)CO)C(=O)Cc2cc(ccc2O[C@H]1CN(C)S(=O)(=O)c1ccccc1)NS(=O)(=O)c1ccc(cc1)F,1.046978851,1.153375853,1.045192821,1.074747909,11538034,C[C@H]1CN([C@@H](C)CO)C(=O)Cc2cc(NS(=O)(=O)c3ccc(F)cc3)ccc2O[C@H]1CN(C)S(=O)(=O)c1ccccc1,YFCVYZPKCSKPDI-CZBREUMFSA-N,44503510.0,619.182220648,3.0962000000000014,133.32
BRD-K35116405,COc1ccc(cc1)NC(=O)N(C)C[C@H]1Oc2c(cccc2C(=O)N(C[C@@H]1C)[C@H](C)CO)NC(=O)c1ccc(cc1)-c1nccs1,0.970436127,1.015431593,1.000795122,1.015033385,11550688,COc1ccc(NC(=O)N(C)C[C@H]2Oc3c(NC(=O)c4ccc(-c5nccs5)cc4)cccc3C(=O)N([C@H](C)CO)C[C@@H]2C)cc1,OOXLWNZEICMUID-DKGMKSHISA-N,44495132.0,643.2464549040001,5.455000000000006,133.32999999999998
BRD-K59644140,C[C@H]1CN([C@@H](C)CO)C(=O)Cc2cc(ccc2O[C@@H]1CN(C)S(=O)(=O)c1cn(cn1)C)NC(=O)C1CC1,0.887908313,1.042464332,0.996060398,0.985751484,11634018,C[C@H]1CN([C@@H](C)CO)C(=O)Cc2cc(NC(=O)C3CC3)ccc2O[C@@H]1CN(C)S(=O)(=O)c1cn(C)cn1,IBBDIFSHFZIJBO-PNLZDCPESA-N,44491424.0,533.23080484,1.2383000000000004,134.07000000000002
BRD-K47912799,C[C@@H]1CN([C@@H](C)CO)C(=O)c2cc(ccc2O[C@@H]1CN(C)S(=O)(=O)c1c(noc1C)C)NS(=O)(=O)c1cn(cn1)C,0.953151099,1.041942141,0.970408273,0.998398193,11644331,Cc1noc(C)c1S(=O)(=O)N(C)C[C@H]1Oc2ccc(NS(=O)(=O)c3cn(C)cn3)cc2C(=O)N([C@@H](C)CO)C[C@H]1C,DBDQGEIOPQZXIR-ZMPRRUGASA-N,44492415.0,610.1879540479999,1.36654,177.17000000000002
BRD-K62514994,COc1ccc(cc1)[Si](C)(C)[C@H]1[C@H](C)[C@]2(O[C@@H]1CCn1cc(nn1)[C@H](O)c1ccccc1)C(=O)N(Cc1cccc(c1)N1CCC1=O)c1ccccc12,0.978841465,0.938581231,1.008034395,1.019776384,12188832,COc1ccc([Si](C)(C)[C@@H]2[C@@H](CCn3cc([C@H](O)c4ccccc4)nn3)O[C@]3(C(=O)N(Cc4cccc(N5CCC5=O)c4)c4ccccc43)[C@H]2C)cc1,HXTYAJYTYVNFPH-SOEMBBJYSA-N,23863841.0,727.31899607,5.958200000000007,110.01999999999998
BRD-K38960028,CCS(=O)(=O)N1C[C@]2(CN(C2)C(=O)Nc2ccc(cc2F)F)c2c(n(c3cc(ccc23)OC)C)[C@@H]1CO,1.1649721,1.007721873,0.986977233,0.92635817,12207244,CCS(=O)(=O)N1CC2(CN(C(=O)Nc3ccc(F)cc3F)C2)c2c(n(C)c3cc(OC)ccc23)[C@@H]1CO,BPMZEIFGXOMWHH-NRFANRHFSA-N,,534.174847436,2.9493000000000014,104.11
BRD-K80827573,Cc1ccc(nn1)N1CCC(CN)CC1,1.022485114,0.987884462,1.032399099,1.114710702,12277809,Cc1ccc(N2CCC(CN)CC2)nn1,YOPXTUUVPOGLPP-UHFFFAOYSA-N,61785605.0,206.153146576,0.96012,55.040000000000006
BRD-K27519465,CC(C)(C)OC(=O)N1CC(C1)C(=O)O,1.110034579,0.983490584,0.992032508,0.997365145,12430574,CC(C)(C)OC(=O)N1CC(C(=O)O)C1,NCADHSLPNSTDMJ-UHFFFAOYSA-N,2755981.0,201.10010796,0.9379,66.84
BRD-K79353080,NC1=NC(=O)N(C=C1)[C@@H]1O[C@@H](C[C@H]1O)CO,1.214774857,1.000276991,0.921778875,0.966503929,12470193,Nc1ccn([C@@H]2O[C@H](CO)C[C@H]2O)c(=O)n1,ZHHOTKZTEUZTHX-SHYZEUOFSA-N,145986.0,227.090605896,-1.5338000000000005,110.6
BRD-K83946740,C[C@@H]1CN([C@H](C)CO)C(=O)Cc2cc(ccc2O[C@H]1CN(C)S(=O)(=O)c1ccccc1)NC(=O)C1CC1,1.227687689,0.964184225,0.982616257,1.039500177,12516837,C[C@@H]1CN([C@H](C)CO)C(=O)Cc2cc(NC(=O)C3CC3)ccc2O[C@H]1CN(C)S(=O)(=O)c1ccccc1,MWSPHKIBVREWDU-RRQZXNHTSA-N,44497700.0,529.22465684,2.5048000000000004,116.25
BRD-K76654917,C[C@@H]1CCCCO[C@H](CN(C)C(=O)c2ccccc2)[C@@H](C)CN([C@H](C)CO)C(=O)c2cc(ccc2O1)NC(=O)Nc1cccc2ccccc12,1.019045679,1.021086082,0.983034681,1.011819231,12593809,C[C@@H]1CCCCO[C@H](CN(C)C(=O)c2ccccc2)[C@@H](C)CN([C@H](C)CO)C(=O)c2cc(NC(=O)Nc3cccc4ccccc34)ccc2O1,ZTWYVZXVILLOCP-UTYYDOLNSA-N,44504262.0,680.357385256,7.051500000000009,120.44000000000004
BRD-K28270890,C[C@@H]1CCCCO[C@H](CN(C)Cc2ccc(cc2)C(F)(F)F)[C@H](C)CN([C@H](C)CO)C(=O)c2cc(ccc2O1)NC(=O)c1ccccc1,1.165365113,0.957816487,0.98027835,1.018850812,12604457,C[C@@H]1CCCCO[C@H](CN(C)Cc2ccc(C(F)(F)F)cc2)[C@H](C)CN([C@H](C)CO)C(=O)c2cc(NC(=O)c3ccccc3)ccc2O1,KVYNYDNSHYPGTF-CYCDCDHJSA-N,54616954.0,669.338956232,6.885200000000009,91.34
BRD-K41229103,OCCN(Cc1ccccc1)C(=O)C[C@@H](CC=C)C(=O)N[C@@H](COC(=O)[C@H](CCC=C)Cc1ccc(cc1)F)Cc1c[nH]c2ccccc12,1.420311904,0.617866615,0.645119707,0.960065423,12879165,C=CCC[C@H](Cc1ccc(F)cc1)C(=O)OC[C@@H](Cc1c[nH]c2ccccc12)NC(=O)[C@H](CC=C)CC(=O)N(CCO)Cc1ccccc1,PVEHXQZUOGFZJL-ZGJMHZNISA-N,44201827.0,667.342149792,6.306100000000006,111.73
BRD-K38992484,CCN1[C@@H]([C@@H](CO)[C@@H]2CN3C(=O)C(=CC=C3[C@@H]21)c1cccnc1)C(=O)NCCc1cn(cn1)C,1.145956182,0.995108415,1.032537564,0.995182729,12930649,CCN1[C@H](C(=O)NCCc2cn(C)cn2)[C@@H](CO)[C@@H]2Cn3c(ccc(-c4cccnc4)c3=O)[C@@H]21,FXZJYAHVDBTLOZ-RLBLXZPPSA-N,54662670.0,462.23793882000007,0.9862000000000004,105.28000000000002
BRD-A94033181,N[C@@H](Cc1ccccn1)c1ccccc1,0.937046146,0.983634539,0.998599343,1.010339428,13032748,N[C@@H](Cc1ccccn1)c1ccccc1,FWUQWDCOOWEXRY-ZDUSSCGKSA-N,9794203.0,198.115698448,2.3241000000000005,38.91
BRD-K93841192,CCOC(=O)c1cccc(c1)[C@@H]1CC(=O)N([C@@H]1C(=O)Nc1cccc2cccnc12)C(=O)OCc1ccccc1,1.290120212,0.99106884,0.972052151,0.97700877,13048963,CCOC(=O)c1cccc([C@@H]2CC(=O)N(C(=O)OCc3ccccc3)[C@@H]2C(=O)Nc2cccc3cccnc23)c1,FHEJVMPCZCYURU-CUBQBAPOSA-N,,537.1899855839999,5.071500000000005,114.90000000000002
BRD-K92046896,CCOC(=O)C1CCNCC1,0.907033341,1.022406524,0.967076803,0.979579989,13070884,CCOC(=O)C1CCNCC1,RUJPPJYDHHAEEK-UHFFFAOYSA-N,70770.0,157.11027872,0.5490999999999997,38.33
BRD-K12145385,C[C@H]1CN([C@@H](C)CO)C(=O)CCCn2cc(nn2)CO[C@@H]1CN(C)Cc1ccc2c(c1)OCCN2C,1.014572968,0.983009527,1.089324938,0.953036426,13122881,C[C@H]1CN([C@@H](C)CO)C(=O)CCCn2cc(nn2)CO[C@@H]1CN(C)Cc1ccc2c(c1)OCCN2C,VRVGAAPGNIASDT-ZYLNGJIFSA-N,44488169.0,500.31110376,1.7632000000000003,96.19
BRD-K98072542,CCOC(=O)c1c(n(c2cc(c(cc12)OC)Br)-c1ccccc1)CN1CCN(CC1)Cc1ccccc1,1.266609341,0.963307054,0.996341543,1.03640376,13284682,CCOC(=O)c1c(CN2CCN(Cc3ccccc3)CC2)n(-c2ccccc2)c2cc(Br)c(OC)cc12,NKKQQYDGUORKPA-UHFFFAOYSA-N,1043160.0,561.162703984,5.896100000000006,46.940000000000005
BRD-K88240275,C[C@@H]1CCCCO[C@H](CN(C)Cc2ccc3c(c2)OCO3)[C@H](C)CN([C@@H](C)CO)C(=O)c2cc(ccc2O1)NC(=O)Nc1ccccc1,1.174646108,0.932620033,0.95249857,1.006919638,13330388,C[C@@H]1CCCCO[C@H](CN(C)Cc2ccc3c(c2)OCO3)[C@H](C)CN([C@@H](C)CO)C(=O)c2cc(NC(=O)Nc3ccccc3)ccc2O1,QMSRDXNXTCXAEC-IHLWBQKJSA-N,44616579.0,660.352299876,5.986800000000007,121.83
BRD-K20327050,COCC(=O)N1C[C@@H]2OCCN([C@H]2C1)c1ncccn1,1.025017498,0.963356529,0.983090308,1.000143257,13450844,COCC(=O)N1C[C@@H]2OCCN(c3ncccn3)[C@H]2C1,ZOQAMVJRHJQDKN-QWRGUYRKSA-N,125227939.0,278.137890436,-0.4609999999999987,67.78999999999999
BRD-K91545726,CC1=C(CC=C)C(=O)N=C(N)N1,1.002067741,1.080445134,1.002049984,0.976824615,13466985,C=CCc1c(C)[nH]c(N)nc1=O,GHNPMIYKCHMCDS-UHFFFAOYSA-N,135426856.0,165.090211972,0.3890200000000001,71.77000000000001
BRD-K53446095,O[C@H]1COC[C@@H]2O[C@@H](CC[C@H]2N(C1)C(=O)CCN1CCCCC1)CC(=O)NCCCN1CCOCC1,1.041838778,0.998748449,1.047789482,0.825825871,13520203,O=C(C[C@@H]1CC[C@@H]2[C@H](COC[C@H](O)CN2C(=O)CCN2CCCCC2)O1)NCCCN1CCOCC1,ABIUWRGHKLCHNU-QPXUXIHVSA-N,,510.341735192,0.2269000000000056,103.81
BRD-K37760860,COc1ccc(cc1)NC(=O)N(C)C[C@@H]1Oc2ccc(cc2CC(=O)N(C[C@H]1C)[C@H](C)CO)NC(=O)CCCCCC(=O)Nc1ccccc1N,0.947763336,1.018690998,1.01259584,1.076096529,13756356,COc1ccc(NC(=O)N(C)C[C@@H]2Oc3ccc(NC(=O)CCCCCC(=O)Nc4ccccc4N)cc3CC(=O)N([C@H](C)CO)C[C@H]2C)cc1,VQMOVXKWAXETFY-UVNCRYBCSA-N,44506907.0,702.3740979400001,5.118000000000003,175.56
BRD-K39017054,COc1ccc2c3c(n(c2c1)C)[C@H](CO)N(C[C@]13CN(C1)S(=O)(=O)c1cn(cn1)C)C(=O)Nc1ccc(cc1)F,0.916321759,1.012439337,0.982150842,0.993464198,13800320,COc1ccc2c3c(n(C)c2c1)[C@H](CO)N(C(=O)Nc1ccc(F)cc1)CC31CN(S(=O)(=O)c2cn(C)cn2)C1,GSFSHJGWCPBMNU-QFIPXVFZSA-N,71759260.0,568.190417248,2.5829000000000004,121.93
BRD-K02085818,C[C@H]1CN([C@@H](C)CO)C(=O)c2cccc(c2O[C@@H]1CN(C)S(=O)(=O)c1ccc(cc1)Cl)NS(=O)(=O)C,0.930146327,1.001863787,0.979194343,1.022863392,14013105,C[C@H]1CN([C@@H](C)CO)C(=O)c2cccc(NS(C)(=O)=O)c2O[C@@H]1CN(C)S(=O)(=O)c1ccc(Cl)cc1,WIWYWMZYRXQRKJ-CKJXQJPGSA-N,44488014.0,559.12136998,2.252300000000001,133.32
BRD-K09751206,NCC1(CCCC1)c1cccs1,0.998044428,0.990819867,0.989982093,0.943299221,14121215,NCC1(c2cccs2)CCCC1,MDNIELHLGOAGCL-UHFFFAOYSA-N,16495144.0,181.09252048,2.518600000000001,26.02
BRD-K35329743,CNC(=O)CN1CCOCC21CCN(CC2)c1cc(ncn1)OC,1.017482565,0.984928075,1.095333302,1.05310762,14262495,CNC(=O)CN1CCOCC12CCN(c1cc(OC)ncn1)CC2,NHDUTCYJHJLIMC-UHFFFAOYSA-N,97396325.0,335.19573966,-0.0975999999999981,79.82000000000001
BRD-K75386678,C[C@@H]1CN([C@H](C)CO)C(=O)c2cccc(c2O[C@H]1CN(C)Cc1ccc(cc1)C(=O)Nc1ccccc1N)NC(=O)Nc1ccc(cc1)F,0.703578128,1.093956209,1.001328052,0.821644206,14274206,C[C@@H]1CN([C@H](C)CO)C(=O)c2cccc(NC(=O)Nc3ccc(F)cc3)c2O[C@H]1CN(C)Cc1ccc(C(=O)Nc2ccccc2N)cc1,NGQWRAJVXVPGQM-PYAKLNENSA-N,44506721.0,668.3122466320001,5.656300000000004,149.26
BRD-K86672661,COc1ccc2c3c(n(c2c1)C)[C@H](CO)N(CC1CCOCC1)C[C@]13CN(C1)C(=O)Cc1cccnc1,0.985582833,1.006415498,1.014429179,1.007439884,14349203,COc1ccc2c3c(n(C)c2c1)[C@H](CO)N(CC1CCOCC1)CC31CN(C(=O)Cc2cccnc2)C1,XXABPZXWSKVPFT-VWLOTQADSA-N,,504.273655632,2.6802,80.06
BRD-K66517037,C[C@@H]1CCCCO[C@@H](CN(C)Cc2ccc(c(c2)Cl)Cl)[C@@H](C)CN([C@H](C)CO)C(=O)c2cc(ccc2O1)NC(=O)Cc1ccccc1,2.31142989,0.801606531,0.824074057,1.034619962,14501530,C[C@@H]1CCCCO[C@@H](CN(C)Cc2ccc(Cl)c(Cl)c2)[C@@H](C)CN([C@H](C)CO)C(=O)c2cc(NC(=O)Cc3ccccc3)ccc2O1,QWTHGLUFUCUWTA-MJZSVGSSSA-N,44504502.0,683.2892769639999,7.102100000000009,91.34
BRD-K88278778,OC[C@@H]1O[C@@H](CCNC(=O)CN2CCOCC2)CC[C@H]1NC(=O)Cc1ccccn1,1.148658499,1.004270917,1.038297469,0.89880342,14655367,O=C(CN1CCOCC1)NCC[C@H]1CC[C@@H](NC(=O)Cc2ccccn2)[C@H](CO)O1,CAYTZIHCJIWWNW-QRVBRYPASA-N,54640011.0,420.237270124,-0.512699999999995,113.02
BRD-K96884051,C[C@H]1CN([C@H](C)CO)C(=O)c2cc(ccc2O[C@@H]1CN(C)S(=O)(=O)c1c(noc1C)C)NC(=O)Nc1ccc2c(c1)OCO2,1.17034085,0.957375595,1.006247463,1.024070738,14663687,Cc1noc(C)c1S(=O)(=O)N(C)C[C@H]1Oc2ccc(NC(=O)Nc3ccc4c(c3)OCO4)cc2C(=O)N([C@H](C)CO)C[C@@H]1C,MTFDVIIDZKMIIW-PAPQREIWSA-N,71759921.0,629.2155487000001,3.204940000000001,172.76999999999998
BRD-K78952028,C[C@@H]1CN([C@@H](C)CO)C(=O)Cc2cc(ccc2O[C@@H]1CN(C)C(=O)NC1CCCCC1)NC(=O)Nc1ccc(cc1)C(F)(F)F,1.499175177,0.44887767,0.219439009,0.571381919,14679402,C[C@@H]1CN([C@@H](C)CO)C(=O)Cc2cc(NC(=O)Nc3ccc(C(F)(F)F)cc3)ccc2O[C@@H]1CN(C)C(=O)NC1CCCCC1,PYUZWDDNGSNMOZ-PHVLTXCSSA-N,44489794.0,633.3138041040002,5.472500000000004,123.24
BRD-K40060703,COc1ccc(cc1)S(=O)(=O)N(C)C[C@@H]1OCc2cn(nn2)CCCC(=O)N(C[C@H]1C)[C@@H](C)CO,0.958779435,0.987618907,0.997640373,0.942114605,14714702,COc1ccc(S(=O)(=O)N(C)C[C@@H]2OCc3cn(nn3)CCCC(=O)N([C@@H](C)CO)C[C@H]2C)cc1,AWVASGRLDZTAAI-FGSXEWAUSA-N,44505727.0,509.2308048400001,1.1319000000000004,127.09
BRD-K82196541,CN(C)[C@H]1CCN(C1)Cc1ccc(cc1C(F)(F)F)C(=O)Nc1ccc(c(c1)Nc1nccc(n1)-c1cncnc1)C,0.898685838,0.585480734,0.645134674,0.535196395,14799779,Cc1ccc(NC(=O)c2ccc(CN3CC[C@H](N(C)C)C3)c(C(F)(F)F)c2)cc1Nc1nccc(-c2cncnc2)n1,ZGBAJMQHJDFTQJ-DEOSSOPVSA-N,11387605.0,576.2572922720001,5.392620000000004,99.17
BRD-A00854455,CN(C[C@H]1C[C@@H](O[C@@H](O1)c1ccc(cc1)NC(=O)CCCCCCC(=O)O)c1ccccc1)Cc1ccccc1,0.995595805,1.064914699,1.013127831,1.053594845,14804229,CN(Cc1ccccc1)C[C@H]1C[C@H](c2ccccc2)O[C@H](c2ccc(NC(=O)CCCCCCC(=O)O)cc2)O1,MTOSAWMMMPIQJR-ZAPWPRAASA-N,,544.29372238,6.727700000000007,88.10000000000001
BRD-K94450842,COc1ccc(cc1)NC(=O)Nc1ccc2c(c1)C(=O)N(C[C@@H](C)[C@H](CN(C)S(=O)(=O)C)O2)[C@@H](C)CO,0.843072126,1.065855139,0.991279331,1.044334205,14889943,COc1ccc(NC(=O)Nc2ccc3c(c2)C(=O)N([C@@H](C)CO)C[C@@H](C)[C@H](CN(C)S(C)(=O)=O)O3)cc1,AEDFVLATHNACOE-DGGJZMOXSA-N,44492683.0,534.2148204279999,2.4507,137.51
BRD-K59846935,C[C@H]1CN([C@H](C)CO)C(=O)c2cc(cnc2O[C@H]1CN(C)C(=O)Nc1cccc2ccccc12)C#Cc1ccc(cc1)C(F)(F)F,0.804217234,0.984198879,0.97565351,0.990767352,14903068,C[C@H](CO)N1C[C@H](C)[C@H](CN(C)C(=O)Nc2cccc3ccccc23)Oc2ncc(C#Cc3ccc(C(F)(F)F)cc3)cc2C1=O,RVIGWZREYZHPMJ-LWPQGVMLSA-N,44505722.0,630.245390196,6.037400000000006,95.0
BRD-K03132250,C[C@H]1CCCCO[C@H](CN(C)Cc2ccc3c(c2)OCO3)[C@H](C)CN([C@H](C)CO)C(=O)c2cc(ccc2O1)NC(=O)Nc1ccccc1,0.902250928,0.944002325,0.997793855,0.938936321,15113425,C[C@@H]1CN([C@H](C)CO)C(=O)c2cc(NC(=O)Nc3ccccc3)ccc2O[C@@H](C)CCCCO[C@@H]1CN(C)Cc1ccc2c(c1)OCO2,QMSRDXNXTCXAEC-MCYUDXQTSA-N,44618155.0,660.352299876,5.986800000000007,121.83
BRD-K21968643,C[C@@H]1CCCCO[C@H](CN(C)S(=O)(=O)c2c(noc2C)C)[C@H](C)CN([C@@H](C)CO)C(=O)c2cc(ccc2O1)NC(=O)Nc1cccc2ccccc12,1.220721469,0.962914143,1.000742177,1.03280675,15316333,Cc1noc(C)c1S(=O)(=O)N(C)C[C@H]1OCCCC[C@@H](C)Oc2ccc(NC(=O)Nc3cccc4ccccc34)cc2C(=O)N([C@@H](C)CO)C[C@H]1C,XTTDECDTILSQIX-LVDDARDMSA-N,54615522.0,735.3301845279999,6.204840000000007,163.54
BRD-K12143238,C[C@H]1CN([C@@H](C)CO)C(=O)c2cccc(c2O[C@@H]1CN(C)S(=O)(=O)c1cn(cn1)C)NS(=O)(=O)c1ccc(cc1)C,1.020147823,0.990041632,1.003851809,1.025400498,15937649,Cc1ccc(S(=O)(=O)Nc2cccc3c2O[C@H](CN(C)S(=O)(=O)c2cn(C)cn2)[C@@H](C)CN([C@@H](C)CO)C3=O)cc1,FLBXVLBQBSACSG-MZLICYQSSA-N,44496143.0,605.19779046,2.07012,151.14
PYRVINIUM PAMOATE,Cc1cc(C=Cc2ccc3cc(N(C)C)ccc3[n+]2C)c(C)n1-c1ccccc1.O=C([O-])c1cc2ccccc2c(Cc2c(O)c(C(=O)O)cc3ccccc23)c1O,1.94535,0.250843046,0.817423307,0.208931617,16248567,Cc1cc(C=Cc2ccc3cc(N(C)C)ccc3[n+]2C)c(C)n1-c1ccccc1.O=C([O-])c1cc2ccccc2c(Cc2c(O)c(C(=O)O)cc3ccccc23)c1O,ZFWFZMYQXOKWIY-UHFFFAOYSA-M,54713170.0,769.315186096,8.364940000000004,129.94
BRD-K68731139,OC[C@H]1O[C@@H](C[C@H]2[C@@H]1Oc1ccc(cc12)NC(=O)C1CCOCC1)CC(=O)NCc1ccc2c(c1)OCO2,1.192206839,1.0219388,1.020606271,1.022027604,16257691,O=C(C[C@@H]1C[C@@H]2c3cc(NC(=O)C4CCOCC4)ccc3O[C@@H]2[C@@H](CO)O1)NCc1ccc2c(c1)OCO2,MOISLORHFJLABX-UTMJBXDJSA-N,54646698.0,524.215865984,2.4813,124.58
BRD-K96919778,OC(=O)c1csc2c1CCCCC2,1.259376451,1.001272397,1.01402246,1.003237116,16735884,O=C(O)c1csc2c1CCCCC2,LVAMTNXEXAHKJV-UHFFFAOYSA-N,6623208.0,196.055800624,2.715200000000001,37.3
BRD-K03116744,CO[C@H]1CN(C)C(=O)c2ccc(cc2OC[C@@H](C)N(C[C@@H]1C)Cc1ccccc1C(=O)O)NC(=O)Nc1ccccc1F,1.01280915,1.016216264,1.036599706,0.916818315,16761632,CO[C@H]1CN(C)C(=O)c2ccc(NC(=O)Nc3ccccc3F)cc2OC[C@@H](C)N(Cc2ccccc2C(=O)O)C[C@@H]1C,UVCFUAKKGJETNH-FONBTEPMSA-N,54633798.0,592.2697131240001,5.174100000000005,120.44
BRD-K87483971,C[C@H]1CCCCO[C@@H](CN(C)S(=O)(=O)c2ccc(cc2)C)[C@H](C)CN([C@H](C)CO)C(=O)c2cc(ccc2O1)NC(=O)Nc1ccc(cc1)C(F)(F)F,1.452175249,1.003877311,1.035915914,0.964402385,16993350,Cc1ccc(S(=O)(=O)N(C)C[C@@H]2OCCCC[C@H](C)Oc3ccc(NC(=O)Nc4ccc(C(F)(F)F)cc4)cc3C(=O)N([C@H](C)CO)C[C@H]2C)cc1,DKMNMMOULXBMMY-GHVZQYPWSA-N,44618197.0,748.3117555039998,6.774020000000009,137.51000000000002
BRD-K12297523,C[C@@H]1CN([C@H](C)CO)C(=O)Cc2cc(ccc2O[C@@H]1CN(C)Cc1ccc(cc1)-c1ccccc1)NC(=O)c1ccncc1,0.402112384,0.772258954,0.857602171,0.890957988,17030427,C[C@@H]1CN([C@H](C)CO)C(=O)Cc2cc(NC(=O)c3ccncc3)ccc2O[C@@H]1CN(C)Cc1ccc(-c2ccccc2)cc1,IQSVNIDGIMJPQN-WAWDLJLISA-N,44502088.0,592.30495576,5.281900000000006,95.0
BRD-K59462400,C[C@@H]1CCCCO[C@H](CN(C)C(=O)Nc2ccc3c(c2)OCO3)[C@H](C)CN([C@H](C)CO)C(=O)c2cc(ccc2O1)NC(=O)Nc1ccc(cc1)C(F)(F)F,1.029558335,1.005837713,1.006909744,0.967164539,17032642,C[C@@H]1CCCCO[C@H](CN(C)C(=O)Nc2ccc3c(c2)OCO3)[C@H](C)CN([C@H](C)CO)C(=O)c2cc(NC(=O)Nc3ccc(C(F)(F)F)cc3)ccc2O1,CVJLGRQJBJPQNN-JSBMBLEWSA-N,44616356.0,757.3298480919999,7.0375000000000085,150.93
BRD-K96663576,C[C@H](NC(=O)C[C@@H]1O[C@@H](CO)[C@@H](NC(=O)CN2CCOCC2)C=C1)c1ccccc1,0.978891104,0.978799525,1.024554567,0.930185741,17150143,C[C@H](NC(=O)C[C@H]1C=C[C@H](NC(=O)CN2CCOCC2)[C@H](CO)O1)c1ccccc1,NQVHKOMHSOOYQX-RNQOJCNYSA-N,54640505.0,417.226371092,0.3868000000000022,100.13
BRD-K34798837,C[C@@H]1CCCCO[C@@H](CN(C)S(=O)(=O)C)[C@H](C)CN([C@@H](C)CO)C(=O)c2cc(ccc2O1)NC(=O)CCCN(C)C,0.904288951,1.006864504,0.986079867,0.976372527,17218211,C[C@@H]1CCCCO[C@@H](CN(C)S(C)(=O)=O)[C@H](C)CN([C@@H](C)CO)C(=O)c2cc(NC(=O)CCCN(C)C)ccc2O1,XJLXIOLTLBOFKC-IDIXZGLXSA-N,44618708.0,598.3400209399999,2.653800000000003,128.72000000000003
BRD-K12466594,CO[C@@H]1CN(C)C(=O)c2ccc(cc2OC[C@H](C)N(C[C@H]1C)C(=O)C1CCOCC1)NC(=O)C1CC1,1.108118299,0.990901914,0.976112005,0.979762382,17249686,CO[C@@H]1CN(C)C(=O)c2ccc(NC(=O)C3CC3)cc2OC[C@H](C)N(C(=O)C2CCOCC2)C[C@H]1C,ASSVLOKWLPHVBU-NXMSCROESA-N,54637589.0,501.283885968,2.7943,97.41
FORMESTANE,CC1=C2CCC3C4CCC(=O)C4(C)CCC3C2(C)CCC1=O,1.0391,0.971272871,1.005381004,0.900512928,17310325,CC1=C2CCC3C4CCC(=O)C4(C)CCC3C2(C)CCC1=O,ISMVMNHPEDSOTR-UHFFFAOYSA-N,4375537.0,300.208930136,4.477500000000004,34.14
BRD-K08777248,C[C@@H]1CCCCO[C@@H](CN(C)C(=O)Nc2ccc(cc2)F)[C@H](C)CN([C@@H](C)CO)C(=O)c2cc(ccc2O1)NS(=O)(=O)c1ccccc1,0.938727739,1.015369144,1.014645791,1.055788338,17329476,C[C@@H]1CCCCO[C@@H](CN(C)C(=O)Nc2ccc(F)cc2)[C@H](C)CN([C@@H](C)CO)C(=O)c2cc(NS(=O)(=O)c3ccccc3)ccc2O1,NWAOHTRJRZZISF-PIMCHDTMSA-N,44490403.0,684.299299,5.585900000000006,137.51000000000002
BRD-K19255978,C[C@@H]1CN([C@H](C)CO)C(=O)c2cc(cnc2O[C@H]1CN(C)S(=O)(=O)c1ccccc1F)C#Cc1ccncc1,1.017810033,0.971858404,1.069937583,0.915187371,17476689,C[C@@H]1CN([C@H](C)CO)C(=O)c2cc(C#Cc3ccncc3)cnc2O[C@H]1CN(C)S(=O)(=O)c1ccccc1F,LPYZTTBLZBJPPF-FHAGJXEFSA-N,54627340.0,552.1842692480001,2.5563,112.93
BRD-K93445052,COc1ccc(cc1)CN(C)C[C@@H]1Oc2ccc(cc2C(=O)N(C[C@H]1C)[C@H](C)CO)NC(=O)Cn1cnnn1,1.009963468,1.010010446,1.012095155,0.969036928,17721857,COc1ccc(CN(C)C[C@@H]2Oc3ccc(NC(=O)Cn4cnnn4)cc3C(=O)N([C@H](C)CO)C[C@H]2C)cc1,KOLIFEMIJDNSLG-RRQZXNHTSA-N,44489515.0,537.2699672200001,1.6725,134.94
BRD-K68594563,CCCC1CCC(CC1)c1ccc(cc1)OC(=O)c1ccco1,1.255128851,0.937571315,0.998238889,0.977410244,17798575,CCCC1CCC(c2ccc(OC(=O)c3ccco3)cc2)CC1,WHQCOLNUVIKQAU-UHFFFAOYSA-N,3947935.0,312.172544628,5.5727000000000055,39.44
BRD-K03794229,CCc1nccn1CC(=O)N[C@H]1C[C@H](N(C)C1)C(=O)OC,0.953796135,1.031743024,1.034790738,0.9318542,17839746,CCc1nccn1CC(=O)N[C@H]1C[C@@H](C(=O)OC)N(C)C1,DJWAZENKABCGSC-QWRGUYRKSA-N,50978751.0,294.169190564,-0.192599999999999,76.46000000000001
BRD-K70213953,CO[C@@H]1CN(C)C(=O)c2cc(ccc2OC[C@H](C)N(C[C@H]1C)Cc1ccc(cc1)OC)NC(=O)c1nc2ccccc2s1,1.022677974,0.882735854,0.992854092,1.016232908,17929690,COc1ccc(CN2C[C@@H](C)[C@H](OC)CN(C)C(=O)c3cc(NC(=O)c4nc5ccccc5s4)ccc3OC[C@@H]2C)cc1,AYFIOZIDKGBGDF-UETOGOEVSA-N,54636836.0,602.2562913160001,5.563400000000006,93.23
BRD-K60379529,C[C@H]1CCCCO[C@H](CN(C)CC2CC2)[C@@H](C)CN([C@H](C)CO)C(=O)c2cc(ccc2O1)NC(=O)Nc1cccc2ccccc12,0.851217524,1.021056326,1.028339137,0.968049481,17959717,C[C@H](CO)N1C[C@H](C)[C@@H](CN(C)CC2CC2)OCCCC[C@H](C)Oc2ccc(NC(=O)Nc3cccc4ccccc34)cc2C1=O,RPQNKPQYAVBHIP-BTHRYZMCSA-N,44497778.0,630.3781207,6.621100000000008,103.37
BRD-K07565392,C[C@H]1CN([C@@H](C)CO)C(=O)c2cccc(c2O[C@@H]1CN(C)C(=O)Nc1ccc(cc1)C(F)(F)F)NC(=O)Nc1ccc(cc1)C(F)(F)F,0.327458412,0.648000237,0.718398418,0.488166996,18027669,C[C@H]1CN([C@@H](C)CO)C(=O)c2cccc(NC(=O)Nc3ccc(C(F)(F)F)cc3)c2O[C@@H]1CN(C)C(=O)Nc1ccc(C(F)(F)F)cc1,KOXMSPSJYAKKJP-LZJCXSABSA-N,44496166.0,681.2385884760001,6.752200000000006,123.24
BRD-K67971972,CC(C)NC(=O)N(C)C[C@@H]1Oc2ccc(cc2CC(=O)N(C[C@@H]1C)[C@@H](C)CO)NS(=O)(=O)c1cccs1,1.052805038,1.071437657,1.041866331,1.022126926,18225771,CC(C)NC(=O)N(C)C[C@@H]1Oc2ccc(NS(=O)(=O)c3cccs3)cc2CC(=O)N([C@@H](C)CO)C[C@@H]1C,WWWFPYGMHUNVFO-SPEDKVCISA-N,44493531.0,552.207626872,2.747700000000001,128.28
BRD-K60104874,C[C@@H]1CN([C@@H](C)CO)C(=O)Cc2cc(ccc2O[C@H]1CN(C)S(=O)(=O)c1cn(cn1)C)NC(=O)C1CCCCC1,0.906409536,1.001760955,1.01140804,0.917257663,18266679,C[C@@H]1CN([C@@H](C)CO)C(=O)Cc2cc(NC(=O)C3CCCCC3)ccc2O[C@H]1CN(C)S(=O)(=O)c1cn(C)cn1,NRWOSEMAFAPBEJ-RNHFSVANSA-N,44618346.0,575.2777550320001,2.4086,134.07000000000002
BRD-K37839110,COc1ccc(cc1)S(=O)(=O)N(C)C[C@H]1Oc2cc(ccc2S(=O)(=O)N(C[C@H]1C)[C@@H](C)CO)C1=CCCC1,1.321645322,1.001397511,1.012824923,1.032710517,18353900,COc1ccc(S(=O)(=O)N(C)C[C@H]2Oc3cc(C4=CCCC4)ccc3S(=O)(=O)N([C@@H](C)CO)C[C@H]2C)cc1,UZJLXWXORSFUFR-BVFVYWQFSA-N,54624482.0,564.196393492,3.3518000000000026,113.45
BRD-A45118945,CO[C@H]1C[C@@H](O[C@@H](C)[C@@H]1O)O[C@H]1[C@H](C)[C@@H](O[C@H]2O[C@H](C)C[C@@H]([C@H]2O)N(C)C)[C@@H](C)C[C@]2(CO2)C(=O)[C@H](C)[C@@H](O)[C@@H](C)[C@@H](C)OC(=O)[C@@H]1C,0.099481431,0.937397542,0.999380959,1.067417116,18422696,CO[C@H]1C[C@H](O[C@H]2[C@H](C)[C@@H](O[C@H]3O[C@H](C)C[C@H](N(C)C)[C@H]3O)[C@@H](C)C[C@]3(CO3)C(=O)[C@H](C)[C@@H](O)[C@@H](C)[C@@H](C)OC(=O)[C@@H]2C)O[C@@H](C)[C@@H]1O,RZPAKFUAFGMUPI-UKMHKRLNSA-N,,687.419376392,1.9085000000000043,165.98
BRD-K67709691,C[C@@H]1CN([C@H](C)CO)C(=O)c2cccc(c2O[C@@H]1CN(C)Cc1ccc(cc1)-c1ccccc1)NC(=O)Nc1cccc2ccccc12,1.012397157,0.993143962,0.968779038,0.936892236,18494688,C[C@@H]1CN([C@H](C)CO)C(=O)c2cccc(NC(=O)Nc3cccc4ccccc34)c2O[C@@H]1CN(C)Cc1ccc(-c2ccccc2)cc1,LKMICWCZFURRFG-SSTDCRPMSA-N,44500141.0,642.320605824,7.502900000000007,94.14
BRD-K61920698,Cc1ccccc1NC(=N)N=C(N)N,0.956983464,0.896040145,0.997042649,0.996233586,18570003,Cc1ccccc1NC(=N)N=C(N)N,SQZCAOHYQSOZCE-UHFFFAOYSA-N,7155.0,191.117095416,0.6150900000000002,100.28
BRD-K25281182,C[C@@H]1CCCCO[C@@H](CN(C)Cc2ccc(cc2)C(F)(F)F)[C@H](C)CN([C@@H](C)CO)C(=O)c2cc(ccc2O1)NS(=O)(=O)c1ccc(cc1)Cl,1.280496196,0.849299609,0.709952387,1.065079001,18615549,C[C@@H]1CCCCO[C@@H](CN(C)Cc2ccc(C(F)(F)F)cc2)[C@H](C)CN([C@@H](C)CO)C(=O)c2cc(NS(=O)(=O)c3ccc(Cl)cc3)ccc2O1,QMCFBRPLMVFDBX-FXKJGQKXSA-N,44498669.0,739.2669695000001,7.087100000000009,108.41
BRD-K04829984,Cc1ccc(n1C)C(=N)NO,0.937565435,0.932639975,0.98286751,0.99729625,18778288,Cc1ccc(C(=N)NO)n1C,JARMDBDCZSRKRJ-UHFFFAOYSA-N,592716.0,153.090211972,0.6376899999999999,61.040000000000006
BRD-K38168750,C(Nc1nn[nH]n1)c1ccccc1,0.957141587,1.011780677,1.012743265,1.046791472,18805738,c1ccc(CNc2nn[nH]n2)cc1,XONYMCKGFMQQFX-UHFFFAOYSA-N,561398.0,175.085795288,0.8118,66.49000000000001
BRD-K99792113,C[C@H]1CN([C@H](C)CO)C(=O)c2cc(ccc2O[C@@H]1CN(C)Cc1ccc(cc1)C(=O)Nc1ccccc1N)NC(=O)Cc1cn(c2ccccc12)C,0.999365085,0.986301663,1.046532379,0.900067151,18955936,C[C@H](CO)N1C[C@H](C)[C@@H](CN(C)Cc2ccc(C(=O)Nc3ccccc3N)cc2)Oc2ccc(NC(=O)Cc3cn(C)c4ccccc34)cc2C1=O,AOGINIYPPPQZNW-PJZRLIRTSA-N,44506425.0,702.3529685720001,5.546100000000004,142.16
BRD-M31554628,CC=CC1=CC=C2[C@@H]3[C@H](CN2C1=O)[C@@H](CO)[C@@H](N3S(=O)(=O)C)C(=O)NC1CCC1,0.944355661,0.953197668,1.017587764,0.934730356,19054848,CC=Cc1ccc2n(c1=O)C[C@@H]1[C@@H](CO)[C@H](C(=O)NC3CCC3)N(S(C)(=O)=O)[C@H]21,PAYAOWLRSKMCTG-XYVMCAHJSA-N,,421.167141964,0.4733000000000003,108.71
BRD-K17190976,COc1cccc(c1)S(=O)(=O)N(C)C[C@@H]1Oc2ncc(cc2C(=O)N(C[C@@H]1C)[C@H](C)CO)C#CCC(C)C,1.180364486,1.000218419,1.021008076,1.180213875,19114722,COc1cccc(S(=O)(=O)N(C)C[C@@H]2Oc3ncc(C#CCC(C)C)cc3C(=O)N([C@H](C)CO)C[C@@H]2C)c1,RWCYONGKCINDSM-UZINWLIJSA-N,54627683.0,543.2403069039999,3.0286000000000017,109.27
BRD-K26160216,COc1ccc(cc1)S(=O)(=O)N(C)C[C@@H]1OCCCC[C@@H](C)Oc2ccc(cc2C(=O)N(C[C@@H]1C)[C@H](C)CO)NS(=O)(=O)C,0.860002241,1.038786923,0.987801826,1.006765325,19201335,COc1ccc(S(=O)(=O)N(C)C[C@@H]2OCCCC[C@@H](C)Oc3ccc(NS(C)(=O)=O)cc3C(=O)N([C@H](C)CO)C[C@@H]2C)cc1,JUOXCHYNLBCSIN-KUFVDZEESA-N,44503411.0,655.25972202,3.182900000000002,151.78
BRD-K73940227,C[C@@H]1CCCCO[C@@H](CN(C)S(=O)(=O)c2cccs2)[C@H](C)CN([C@@H](C)CO)C(=O)c2cc(ccc2O1)NC(=O)Nc1ccc(cc1)C(F)(F)F,0.969291055,0.937231371,0.987352447,1.021997183,19209394,C[C@@H]1CCCCO[C@@H](CN(C)S(=O)(=O)c2cccs2)[C@H](C)CN([C@@H](C)CO)C(=O)c2cc(NC(=O)Nc3ccc(C(F)(F)F)cc3)ccc2O1,QBAADSDIBGVMBK-IFVFNEAISA-N,54615792.0,740.2525263759999,6.527100000000008,137.51000000000002
BRD-K22854900,CC(C)NC(=O)Nc1ccc2c(c1)C(=O)N(C[C@H](C)[C@@H](CN(C)C(=O)Nc1ccccc1)OCCCC[C@H](C)O2)[C@H](C)CO,0.978347576,1.072992824,0.994629977,1.014415369,19370997,CC(C)NC(=O)Nc1ccc2c(c1)C(=O)N([C@H](C)CO)C[C@H](C)[C@@H](CN(C)C(=O)Nc1ccccc1)OCCCC[C@H](C)O2,GBDHSNMZLIRBLK-YDXRHMNESA-N,44487478.0,611.3682842879999,5.175900000000006,132.47
CARPROFEN,CC(C(=O)O)c1ccc2c(c1)[nH]c1ccc(Cl)cc12,1.3092,1.006805248,1.024685005,0.86189935,19604530,CC(C(=O)O)c1ccc2c(c1)[nH]c1ccc(Cl)cc12,PUXBGTOOZJQSKH-UHFFFAOYSA-N,2581.0,273.055656304,4.162600000000002,53.09
BRD-K94293090,CN1[C@H]2CC[C@@H](CC(=O)Nc3cn(nc3C)C)O[C@@H]2COc2ccc(cc2C1=O)NC(=O)C1CCOCC1,0.993739832,1.027036049,0.976956181,1.066825532,19828468,Cc1nn(C)cc1NC(=O)C[C@@H]1CC[C@H]2[C@@H](COc3ccc(NC(=O)C4CCOCC4)cc3C(=O)N2C)O1,KFDLRFOLOVMTJG-NGYIFUPDSA-N,54654496.0,525.2587338399999,2.50302,124.02
CHLORPROMAZINE HYDROCHLORIDE,CN(C)CCCN1c2ccccc2Sc2ccc(Cl)cc21.Cl,0.9513,0.109973188,1.002414829,0.309830215,19836146,CN(C)CCCN1c2ccccc2Sc2ccc(Cl)cc21.Cl,FBSMERQALIEGJT-UHFFFAOYSA-N,6240.0,354.072425,5.316200000000005,6.48
BRD-K98366950,C[C@H]1CN([C@@H](C)CO)C(=O)c2cccc(c2O[C@@H]1CN(C)C(=O)Nc1ccc(cc1)F)NC(=O)c1ccc(cc1)-c1nccs1,0.988787549,1.151846984,1.010328881,1.00196034,19977010,C[C@H]1CN([C@@H](C)CO)C(=O)c2cccc(NC(=O)c3ccc(-c4nccs4)cc3)c2O[C@@H]1CN(C)C(=O)Nc1ccc(F)cc1,OUOUQNCHWBNMRZ-YHGPEZAFSA-N,44496154.0,631.2264684080001,5.585500000000005,124.1
BRD-K46375028,C[C@H]1CCCCO[C@H](CN(C)Cc2ccc(cc2)C(F)(F)F)[C@@H](C)CN([C@@H](C)CO)C(=O)c2cc(ccc2O1)NC(=O)CCC(F)(F)F,1.11273568,0.881724451,1.09302263,1.070742086,20053086,C[C@H]1CCCCO[C@H](CN(C)Cc2ccc(C(F)(F)F)cc2)[C@@H](C)CN([C@@H](C)CO)C(=O)c2cc(NC(=O)CCC(F)(F)F)ccc2O1,QKQHOPFIEPLIHC-ZUHGBKBGSA-N,54616699.0,689.32634086,6.913900000000009,91.34
BRD-K85119394,COc1cccc(c1)S(=O)(=O)N(C)C[C@@H]1Oc2cc(ccc2S(=O)(=O)N(C[C@H]1C)[C@@H](C)CO)C1=CCCC1,1.193162311,0.917504131,0.991365664,0.961357409,20428846,COc1cccc(S(=O)(=O)N(C)C[C@@H]2Oc3cc(C4=CCCC4)ccc3S(=O)(=O)N([C@@H](C)CO)C[C@H]2C)c1,UASLWQYOELVMOC-GOHWNWGWSA-N,54630716.0,564.196393492,3.3518000000000026,113.45
BRD-K16387957,C[C@H]1CCCCO[C@@H](CN(C)C(=O)Nc2cccc3ccccc23)[C@@H](C)CN([C@H](C)CO)C(=O)c2cc(ccc2O1)NC(=O)Nc1c(noc1C)C,0.845778182,0.93774671,0.860051011,0.977333979,20431748,Cc1noc(C)c1NC(=O)Nc1ccc2c(c1)C(=O)N([C@H](C)CO)C[C@H](C)[C@H](CN(C)C(=O)Nc1cccc3ccccc13)OCCCC[C@H](C)O2,CWMJDOJYANGBBJ-LFSBMLFJSA-N,54615370.0,714.37409794,7.048040000000008,158.5
BRD-A13347637,CNC(=O)[C@H]1Cc2ccccc2N1C(=O)COC,0.94055915,1.038196923,1.031725294,0.882185955,20637302,CNC(=O)[C@H]1Cc2ccccc2N1C(=O)COC,SMQRWATWTLZWHI-LLVKDONJSA-N,,248.116092372,0.3366999999999995,58.64
BRD-K35672560,OC1CN(C1)C(=O)c1cc2n(n1)CCCO2,0.950955629,0.997220823,1.013001834,1.017442725,21156836,O=C(c1cc2n(n1)CCCO2)N1CC(O)C1,UVOCEGGMORZTPC-UHFFFAOYSA-N,71789397.0,223.095691276,-0.5177000000000003,67.59
BRD-K79597417,C[C@H]1CN([C@H](C)CO)C(=O)c2cccc(c2O[C@H]1CN(C)C(=O)Nc1cccc2ccccc12)NC(=O)Nc1ccc(cc1)C(F)(F)F,0.437796504,0.850088538,0.941415799,0.977101538,21165735,C[C@H](CO)N1C[C@H](C)[C@H](CN(C)C(=O)Nc2cccc3ccccc23)Oc2c(NC(=O)Nc3ccc(C(F)(F)F)cc3)cccc2C1=O,GZGZRZHUQSOLRL-ZQLNOWDWSA-N,44499722.0,663.2668539120001,6.886600000000006,123.24
BRD-K86606617,C[C@H]1CN([C@H](C)CO)C(=O)Cc2cc(ccc2O[C@@H]1CN(C)Cc1ccc(cc1)C(F)(F)F)NC(=O)C1CCCCC1,0.971005472,0.907355414,0.979112017,0.981752003,21169904,C[C@H](CO)N1C[C@H](C)[C@@H](CN(C)Cc2ccc(C(F)(F)F)cc2)Oc2ccc(NC(=O)C3CCCCC3)cc2CC1=O,AUKBORHYFMVOGK-DKGMKSHISA-N,54614411.0,589.3127414840001,5.505200000000006,82.10999999999999
BRD-K37396521,COc1cccc(c1)S(=O)(=O)N[C@H]1CC[C@H](CC(=O)NC2CCC2)O[C@@H]1CO,0.935890532,1.029269993,0.980551065,0.990691317,21200563,COc1cccc(S(=O)(=O)N[C@H]2CC[C@H](CC(=O)NC3CCC3)O[C@@H]2CO)c1,GRMRXMHUYFRXRQ-BPQIPLTHSA-N,54642775.0,412.166807616,0.9408,113.96
BRD-K05420178,CCC(=O)N(C)C[C@H]1Oc2ncc(cc2C(=O)N(C[C@H]1C)[C@H](C)CO)C#C[C@H](C)O,0.88564028,1.036357166,1.02243674,0.943299956,21536687,CCC(=O)N(C)C[C@H]1Oc2ncc(C#C[C@H](C)O)cc2C(=O)N([C@H](C)CO)C[C@H]1C,GRGKGKAZGUFMOE-OAFZBRQQSA-N,54630090.0,417.226371092,0.9024,103.20000000000002
BRD-K54975387,OC[C@@H]1O[C@@H](CC[C@@H]1NC(=O)CN1CCOCC1)CCn1cc(nn1)C1CCCC1,0.978795142,1.014196489,1.016738536,1.042303238,21690836,O=C(CN1CCOCC1)N[C@H]1CC[C@@H](CCn2cc(C3CCCC3)nn2)O[C@H]1CO,OZJMNVHGPSQGCB-BJLQDIEVSA-N,60192196.0,421.2689046000001,0.682700000000001,101.74
BRD-A56111188,CC(C)(O)[C@@H](O)Cc1cc(ccc1O[C@H]1O[C@@H](CO)[C@@H](O)[C@@H](O)[C@@H]1O)O,0.973922574,0.958085946,1.026015363,1.022581277,21802749,CC(C)(O)[C@@H](O)Cc1cc(O)ccc1O[C@H]1O[C@@H](CO)[C@@H](O)[C@@H](O)[C@@H]1O,RWYAWVSDAVROAY-DERJNBNXSA-N,,374.15768241199993,-1.7548000000000004,160.07
BRD-K58918780,C[C@@H]1CN([C@@H](C)CO)C(=O)c2cc(ccc2O[C@@H]1CN(C)Cc1ccc(cc1)C(=O)O)NC(=O)CCCN(C)C,0.914075873,1.05806209,0.97761831,0.93755606,21902540,C[C@@H]1CN([C@@H](C)CO)C(=O)c2cc(NC(=O)CCCN(C)C)ccc2O[C@@H]1CN(C)Cc1ccc(C(=O)O)cc1,NGHZCWRCBPRMGW-PBDKAQRYSA-N,44490089.0,554.310435064,3.0172000000000017,122.65
BRD-K57322038,CC(=O)NCCCC[C@@H]1NC(=O)[C@H]2C[C@H]([C@H](N2C1=O)c1ccc(cc1)O)C(=O)NCCCCCCNC(=O)CS,0.955105276,1.026181083,1.000646603,1.005196245,22082435,CC(=O)NCCCC[C@@H]1NC(=O)[C@H]2C[C@@H](C(=O)NCCCCCCNC(=O)CS)[C@@H](c3ccc(O)cc3)N2C1=O,LBJJEBLPFKSTNK-STAYPELNSA-N,23806687.0,575.277755032,1.177800000000002,156.94
BRD-K65824004,C[C@@H]1CCCCO[C@@H](CN(C)Cc2ccc3c(c2)OCO3)[C@@H](C)CN([C@@H](C)CO)C(=O)c2cc(ccc2O1)NC(=O)Nc1cccc2ccccc12,0.801557337,0.957840318,0.983251277,1.062928185,22083332,C[C@@H]1CCCCO[C@@H](CN(C)Cc2ccc3c(c2)OCO3)[C@@H](C)CN([C@@H](C)CO)C(=O)c2cc(NC(=O)Nc3cccc4ccccc34)ccc2O1,FKTABSPDLVGIRZ-WCPWLJRRSA-N,44616457.0,710.36794994,7.140000000000009,121.83
BRD-K02378068,C[C@H]1CN([C@H](C)CO)C(=O)c2cc(cnc2O[C@@H]1CN(C)Cc1cccc(c1)C(=O)O)C#CCN(C)C,0.941489444,1.062985585,0.963482302,1.034419081,22097796,C[C@H](CO)N1C[C@H](C)[C@@H](CN(C)Cc2cccc(C(=O)O)c2)Oc2ncc(C#CCN(C)C)cc2C1=O,HDGDOHARVKYEIP-WZOHSFFVSA-N,54627331.0,508.268570252,2.045,106.44
LOXOPROFEN,CC(C(=O)O)c1ccc(CC2CCCC2=O)cc1,0.98413,1.166815297,1.00631236,0.759232862,22143321,CC(C(=O)O)c1ccc(CC2CCCC2=O)cc1,YMBXTVYHTMGZDW-UHFFFAOYSA-N,3965.0,246.125594436,2.7864000000000013,54.37
BRD-K95758743,C[C@@H]1CCCCO[C@@H](CN(C)S(=O)(=O)c2ccc(cc2)C)[C@H](C)CN([C@H](C)CO)C(=O)c2cc(ccc2O1)NC(=O)Nc1ccc(cc1)F,0.969324502,0.828923234,0.967732705,1.001195407,22368433,Cc1ccc(S(=O)(=O)N(C)C[C@@H]2OCCCC[C@@H](C)Oc3ccc(NC(=O)Nc4ccc(F)cc4)cc3C(=O)N([C@H](C)CO)C[C@H]2C)cc1,COUIPFZTPIWDMT-WYOWBBOASA-N,54617190.0,698.3149490639998,5.894320000000007,137.51000000000002
BRD-K16215623,COc1ccc(cc1)CN(C)C[C@@H]1OCCCC[C@H](C)Oc2ccc(cc2C(=O)N(C[C@@H]1C)[C@H](C)CO)NC(=O)c1ccncc1,1.030435949,0.941699873,0.981810544,0.977238664,22451558,COc1ccc(CN(C)C[C@@H]2OCCCC[C@H](C)Oc3ccc(NC(=O)c4ccncc4)cc3C(=O)N([C@H](C)CO)C[C@@H]2C)cc1,SACXWSAQDFIOTK-FBTROWELSA-N,54615972.0,632.3573852559999,5.270000000000006,113.46
BRD-K44475046,C[C@H]1CN([C@@H](C)CO)C(=O)Cc2cc(ccc2O[C@H]1CN(C)C(=O)Nc1c(noc1C)C)NC(=O)CCN1CCOCC1,1.0219313,0.98878004,1.011861636,1.053592021,22609344,Cc1noc(C)c1NC(=O)N(C)C[C@@H]1Oc2ccc(NC(=O)CCN3CCOCC3)cc2CC(=O)N([C@@H](C)CO)C[C@@H]1C,FIEIINSMCXJDMB-DYLHXGEVSA-N,44488117.0,600.327147748,2.2651400000000006,149.71
BRD-K16263903,C[C@@H]1CN([C@@H](C)CO)C(=O)c2cc(ccc2O[C@H]1CN(C)Cc1ccc(cc1)C(=O)Nc1ccccc1N)NC(=O)Cc1ccccc1,0.856069509,1.005890005,1.043213111,0.835548216,22647254,C[C@@H]1CN([C@@H](C)CO)C(=O)c2cc(NC(=O)Cc3ccccc3)ccc2O[C@H]1CN(C)Cc1ccc(C(=O)Nc2ccccc2N)cc1,UIYINHUYAPQKND-AWYDNWMNSA-N,44506395.0,649.3264194760001,5.054400000000003,137.23
BRD-K08130208,CC(C)NC(=O)Nc1ccc2c(c1)C(=O)N(C[C@H](C)[C@H](CN(C)Cc1ccc(c(c1)Cl)Cl)OCCCC[C@@H](C)O2)[C@H](C)CO,1.394912913,0.940646558,1.027966408,0.92107561,22649219,CC(C)NC(=O)Nc1ccc2c(c1)C(=O)N([C@H](C)CO)C[C@H](C)[C@H](CN(C)Cc1ccc(Cl)c(Cl)c1)OCCCC[C@@H](C)O2,HKSFCOHXYYHSIL-WLCCTRHUSA-N,44503128.0,650.300175996,6.450800000000008,103.37000000000002
BRD-K34910991,C[C@@H]1CN([C@@H](C)CO)C(=O)c2cc(ccc2O[C@@H]1CN(C)Cc1ccc(cc1)-c1ccccc1)NS(=O)(=O)c1c(noc1C)C,1.054917778,0.915884128,0.962384225,1.010409219,22867640,Cc1noc(C)c1S(=O)(=O)Nc1ccc2c(c1)C(=O)N([C@@H](C)CO)C[C@@H](C)[C@@H](CN(C)Cc1ccc(-c3ccccc3)cc1)O2,OGBXEBANXWCRBY-MEYXWREJSA-N,44491762.0,632.266856,5.111340000000005,125.20999999999998
BRD-K49148529,Cc1ccc2nncn2n1,1.072556575,1.045264867,1.018855779,1.037388496,22872511,Cc1ccc2nncn2n1,YGHABLOINYBGJN-UHFFFAOYSA-N,584075.0,134.059246192,0.4327199999999997,43.08
BRD-K45879845,C[C@H]1CN([C@@H](C)CO)C(=O)c2cccc(c2O[C@H]1CN(C)S(=O)(=O)c1cn(cn1)C)NS(=O)(=O)c1ccc(cc1)Cl,1.027267704,1.023528965,0.986868685,1.000322091,23010698,C[C@H]1CN([C@@H](C)CO)C(=O)c2cccc(NS(=O)(=O)c3ccc(Cl)cc3)c2O[C@H]1CN(C)S(=O)(=O)c1cn(C)cn1,SSXRUGOYQUCVMG-BSRJHKFKSA-N,44494872.0,625.143168044,2.4151000000000007,151.14
BRD-K97364711,OC[C@@H]1O[C@H](C[C@@H]2[C@H]1Oc1ccc(cc12)NC(=O)Cc1ccncc1)CC(=O)NCCN1CCCCC1,1.102004085,0.97728515,0.990439965,1.046086642,23248142,O=C(C[C@H]1C[C@H]2c3cc(NC(=O)Cc4ccncc4)ccc3O[C@H]2[C@H](CO)O1)NCCN1CCCCC1,FBZDSUDTYUQYGJ-IBFWWDTPSA-N,54646157.0,508.268570252,2.2494,113.02
BRD-K32429978,C[C@@H]1CCCCO[C@H](CN(C)S(=O)(=O)c2cccs2)[C@@H](C)CN([C@@H](C)CO)C(=O)c2cc(ccc2O1)NC(=O)Cc1ccccc1,1.166197752,0.956356939,0.971803644,1.029545149,23802965,C[C@@H]1CCCCO[C@H](CN(C)S(=O)(=O)c2cccs2)[C@@H](C)CN([C@@H](C)CO)C(=O)c2cc(NC(=O)Cc3ccccc3)ccc2O1,HCQLERWFCRODCT-PZTYDPALSA-N,44487453.0,671.26989278,5.045500000000005,125.48000000000002
BRD-K59155687,C[C@@H]1CN([C@H](C)CO)S(=O)(=O)c2ccc(cc2O[C@@H]1CN(C)C(=O)c1cccc(c1)F)C#CC1CC1,1.164207535,0.997400392,1.016648378,0.992062071,23829919,C[C@@H]1CN([C@H](C)CO)S(=O)(=O)c2ccc(C#CC3CC3)cc2O[C@@H]1CN(C)C(=O)c1cccc(F)c1,VIOYSSVCFLGZJY-MPCDZSKCSA-N,54618353.0,514.193771312,3.128000000000002,87.15
BRD-K96961924,C[C@@H]1CN([C@@H](C)CO)C(=O)c2cc(ccc2O[C@H]1CN(C)S(=O)(=O)c1cccs1)NS(=O)(=O)C,0.98955947,1.050681023,0.996196214,1.090307456,23924828,C[C@@H]1CN([C@@H](C)CO)C(=O)c2cc(NS(C)(=O)=O)ccc2O[C@H]1CN(C)S(=O)(=O)c1cccs1,WRKUQCZLDGSMRT-VCBZYWHSSA-N,44492184.0,531.116763268,1.6604,133.32
BRD-K60201385,C[C@@H]1CCCCO[C@@H](CN(C)C(=O)Nc2ccc(cc2)C(F)(F)F)[C@@H](C)CN([C@@H](C)CO)C(=O)c2cc(ccc2O1)NC(=O)C1CCCCC1,1.007582842,0.960352864,1.013616276,0.985255517,23992416,C[C@@H]1CCCCO[C@@H](CN(C)C(=O)Nc2ccc(C(F)(F)F)cc2)[C@@H](C)CN([C@@H](C)CO)C(=O)c2cc(NC(=O)C3CCCCC3)ccc2O1,GRAXKQBKPHZDEX-UWWLJTJFSA-N,44616966.0,704.376070012,7.183600000000009,120.44000000000004
BRD-A34744124,C1C[C@H](S[C@H](C1)c1ccccc1)c1ccccc1,0.971561565,1.103861358,1.027634996,1.009529445,24293402,c1ccc([C@@H]2CCC[C@H](c3ccccc3)S2)cc1,WGVHOPHBSLEVFP-CALCHBBNSA-N,7065627.0,254.112921576,5.386100000000004,0.0
BRD-K40034561,CCS(=O)(=O)Nc1ccc2c(c1)C(=O)N(C)[C@@H]1CC[C@H](CC(=O)NCc3ccccc3F)O[C@@H]1CO2,0.93999657,1.017355171,1.006578867,1.042727708,24407488,CCS(=O)(=O)Nc1ccc2c(c1)C(=O)N(C)[C@@H]1CC[C@H](CC(=O)NCc3ccccc3F)O[C@@H]1CO2,MAZJZTZSELFTOO-JMUQELJHSA-N,54654467.0,519.1839348999999,2.674400000000001,114.04000000000002
BRD-K96713271,C[C@@H]1CCCCO[C@@H](CN(C)Cc2ccccc2)[C@@H](C)CN([C@@H](C)CO)C(=O)c2cc(ccc2O1)NC(=O)NC1CCCCC1,1.038863277,0.860204973,0.993795342,1.038093307,24515869,C[C@@H]1CCCCO[C@@H](CN(C)Cc2ccccc2)[C@@H](C)CN([C@@H](C)CO)C(=O)c2cc(NC(=O)NC3CCCCC3)ccc2O1,XGLSMMGHXCTLET-YLLWZLIASA-N,44616462.0,622.409420828,6.068300000000006,103.37
BRD-K98657610,CN1CCN(CC1)C(=O)C[C@H]1O[C@@H](CO)[C@H](NC(=O)Nc2c(noc2C)C)C=C1,1.185450473,0.931174215,1.005655944,0.995620642,24674479,Cc1noc(C)c1NC(=O)N[C@@H]1C=C[C@@H](CC(=O)N2CCN(C)CC2)O[C@H]1CO,QKJIXQBKLPFZFO-XHSDSOJGSA-N,54643780.0,407.216869028,0.2615400000000019,120.17000000000002
BRD-K30756899,Cn1nccc1-c1cccc(c1)CN,1.096242434,0.977970734,1.003119621,0.998938571,24722071,Cn1nccc1-c1cccc(CN)c1,UPQOTZRZQXMJNT-UHFFFAOYSA-N,24229625.0,187.110947416,1.5457999999999998,43.84
BRD-K09597601,CC1=CN(C[C@H](N)C(=O)O)C(=O)N(Cc2ccsc2C(=O)O)C1=O,0.945670747,1.008811542,1.009189662,1.036013119,24736355,Cc1cn(C[C@H](N)C(=O)O)c(=O)n(Cc2ccsc2C(=O)O)c1=O,ZTAZUCRXCRXNSU-VIFPVBQESA-N,6420160.0,353.0681562,-0.4616799999999988,144.62
BRD-A36596439,NC[C@@H](N1CCc2ccccc2C1)c1ccco1,0.886774187,1.003319236,0.976516321,1.003689158,24803856,NC[C@H](c1ccco1)N1CCc2ccccc2C1,NHSIPJWBPBZHNW-CQSZACIVSA-N,28756144.0,242.141913196,2.3377,42.4
BRD-K62676709,NC(=N)NCCN1CCCCCCC1,0.938583001,1.02746334,1.001650442,0.965525127,24908297,N=C(N)NCCN1CCCCCCC1,ACGDKVXYNVEAGU-UHFFFAOYSA-N,3518.0,198.184446704,0.7355699999999996,65.14
BRD-K60665737,C[C@H]1CN([C@@H](C)CO)C(=O)c2cc(ccc2O[C@H]1CN(C)C(=O)NC1CCCCC1)NS(=O)(=O)C,0.936632024,0.984804907,0.984488843,0.976590562,25051675,C[C@H]1CN([C@@H](C)CO)C(=O)c2cc(NS(C)(=O)=O)ccc2O[C@H]1CN(C)C(=O)NC1CCCCC1,FFDUSLHWORSYSR-HOIFWPIMSA-N,44491282.0,510.251205936,2.2523,128.28
BRD-K56574173,CN(C)CC#Cc1ccc(cc1)[C@H]1[C@H](CO)N2[C@@H]1CN(CC2=O)C(=O)c1cccnc1,1.077499228,1.008870104,1.05266007,0.936078105,25075875,CN(C)CC#Cc1ccc([C@@H]2[C@H]3CN(C(=O)c4cccnc4)CC(=O)N3[C@H]2CO)cc1,RPFGCVKQQLZDTH-FUPPJEDESA-N,71758945.0,418.200490692,0.8059999999999998,76.98
BRD-K25556664,COCCNC(=O)C[C@@H]1C[C@@H]2[C@@H](Oc3ccc(cc32)NC(=O)COC)[C@@H](CO)O1,0.881572233,0.973931802,1.01433467,0.945128082,25602970,COCCNC(=O)C[C@@H]1C[C@H]2c3cc(NC(=O)COC)ccc3O[C@H]2[C@@H](CO)O1,SHBCFUNHSZQMRX-BQCJVYABSA-N,54648460.0,408.1896512359999,0.4186000000000012,115.35
"1,2alpha-EPOXYDEACETOXYDIHYDROGEDUNIN",CC1(C)C(=O)C2OC2C2(C)C1CC(O)C1(C)C2CCC2(C)C(c3ccoc3)OC(=O)C3OC321,1.1291,0.949992479,1.01488058,0.98673007,25715442,CC1(C)C(=O)C2OC2C2(C)C1CC(O)C1(C)C2CCC2(C)C(c3ccoc3)OC(=O)C3OC321,UIUKQADPLSFRBN-UHFFFAOYSA-N,628811.0,456.2148033639999,3.201100000000002,101.8
BRD-K25813173,C[C@@H]1CN([C@@H](C)CO)C(=O)c2cc(ccc2O[C@H]1CN(C)S(=O)(=O)C)NC(=O)CCN1CCOCC1,1.005504011,0.980360579,0.99036291,0.989356158,26247637,C[C@@H]1CN([C@@H](C)CO)C(=O)c2cc(NC(=O)CCN3CCOCC3)ccc2O[C@H]1CN(C)S(C)(=O)=O,YCHVEUQITJYTKK-FGSXEWAUSA-N,44486487.0,526.246120556,0.4589000000000018,128.72
BRD-K64808037,COc1ccc(cc1)CN(C)C[C@H]1OCCCC[C@@H](C)Oc2ccc(cc2C(=O)N(C[C@H]1C)[C@H](C)CO)NS(=O)(=O)c1c(noc1C)C,1.140711182,1.015209786,1.014340308,1.03097534,26259654,COc1ccc(CN(C)C[C@H]2OCCCC[C@@H](C)Oc3ccc(NS(=O)(=O)c4c(C)noc4C)cc3C(=O)N([C@H](C)CO)C[C@H]2C)cc1,IMAZABZUGRGYGK-NZICMRGFSA-N,44620175.0,686.3349355600001,5.028340000000006,143.66999999999996
BRD-K11048814,C[C@@H]1CN([C@H](C)CO)C(=O)Cc2cc(ccc2O[C@H]1CN(C)Cc1ccc(cc1)C(=O)Nc1ccccc1N)NC(=O)CCC(F)(F)F,0.817263944,0.998021295,1.041962305,0.929504483,26318590,C[C@@H]1CN([C@H](C)CO)C(=O)Cc2cc(NC(=O)CCC(F)(F)F)ccc2O[C@H]1CN(C)Cc1ccc(C(=O)Nc2ccccc2N)cc1,QQBXNGROOKAAKB-PKIAKLFDSA-N,44506905.0,669.3138041040002,5.083100000000004,137.23
BRD-K73418978,CN(C)CCCCCCNC(=O)[C@@H]1C[C@H]2N([C@@H]1c1cccc(c1)OCCO)C(=O)CNC2=O,1.054627263,1.014477235,1.024807783,1.05458723,27066041,CN(C)CCCCCCNC(=O)[C@@H]1C[C@@H]2C(=O)NCC(=O)N2[C@@H]1c1cccc(OCCO)c1,YUXQQBVTNNWDQF-KCZVDYSFSA-N,23806106.0,460.2685702519999,0.6839000000000016,111.21
BRD-K43598155,CCCN1C[C@H](C)[C@@H](CN(C)C(=O)c2cc(ccc2OC[C@H]1C)NS(=O)(=O)c1cn(cn1)C)OC,0.906917731,0.988310741,1.00356278,0.981415994,27161438,CCCN1C[C@H](C)[C@H](OC)CN(C)C(=O)c2cc(NS(=O)(=O)c3cn(C)cn3)ccc2OC[C@H]1C,IOCJUWCARVZLCE-NJNPRVFISA-N,54636616.0,507.251540284,2.4369000000000005,106.0
BRD-K57303873,COc1ccc(cc1)NC(=O)Nc1ccc2c(c1)C(=O)N(C[C@@H](C)[C@@H](CN(C)Cc1ccc(c(c1)Cl)Cl)O2)[C@H](C)CO,1.218547315,1.00093448,1.034848808,0.980004769,27162393,COc1ccc(NC(=O)Nc2ccc3c(c2)C(=O)N([C@H](C)CO)C[C@@H](C)[C@@H](CN(C)Cc2ccc(Cl)c(Cl)c2)O3)cc1,NSMSPMOTHNKTFY-NIAOJTHTSA-N,44488500.0,614.206275612,5.998100000000006,103.37
BRD-K68398262,CC(C)NC(=O)Nc1cccc2c1O[C@H](CN(C)Cc1ccc(cc1)Oc1ccccc1)[C@H](C)CN([C@H](C)CO)C2=O,1.074071837,1.153108877,0.985261336,1.027066275,27250263,CC(C)NC(=O)Nc1cccc2c1O[C@H](CN(C)Cc1ccc(Oc3ccccc3)cc1)[C@H](C)CN([C@H](C)CO)C2=O,XUJOVIDEPKHWGK-BOYVUMAVSA-N,44496748.0,574.3155204440001,5.360900000000006,103.37
BRD-K60932633,CO[C@H]1CN(C)C(=O)c2cc(ccc2OC[C@H](C)N(C[C@@H]1C)C(=O)Cc1ccccn1)NC(=O)C1CC1,0.903644341,1.007139556,0.994291072,1.074757399,27281548,CO[C@H]1CN(C)C(=O)c2cc(NC(=O)C3CC3)ccc2OC[C@H](C)N(C(=O)Cc2ccccn2)C[C@@H]1C,HCZWFODQKFSZHJ-MHPIHPPYSA-N,54632403.0,508.268570252,3.0054000000000007,101.07
BRD-A68593933,OC[C@H]1O[C@@H](O[C@H]2[C@@H](O)[C@@H](CO)O[C@@H](O[C@H]3[C@@H](O)[C@@H](O)O[C@@H](CO)[C@@H]3O)[C@@H]2O)[C@@H](O)[C@@H](O)[C@@H]1O,2.16679527,1.000917764,1.034874688,0.892521609,27303024,OC[C@@H]1O[C@H](O)[C@H](O)[C@H](O[C@@H]2O[C@H](CO)[C@H](O)[C@H](O[C@@H]3O[C@H](CO)[C@@H](O)[C@H](O)[C@@H]3O)[C@H]2O)[C@H]1O,DBTMGCOVALSLOR-VGLCBDNFSA-N,,504.1690349439998,-7.572999999999988,268.67999999999995
BRD-K65587721,C[C@H]1CCCCO[C@@H](CN(C)C(=O)Cc2ccccc2)[C@@H](C)CN([C@H](C)CO)C(=O)c2cc(ccc2O1)NC(=O)Nc1ccc(cc1)F,1.049759802,0.986532882,0.988583051,1.030062013,27456872,C[C@H](CO)N1C[C@H](C)[C@H](CN(C)C(=O)Cc2ccccc2)OCCCC[C@H](C)Oc2ccc(NC(=O)Nc3ccc(F)cc3)cc2C1=O,OIMKOVUMAGLQLA-FBTROWELSA-N,44488772.0,662.3479634439999,5.966300000000007,120.44000000000004
BRD-K51988059,COCC(=O)Nc1ccc2c(c1)C(=O)N(C)[C@@H]1CC[C@H](CC(=O)NCc3ccc(cc3)OC)O[C@@H]1CO2,0.967303769,1.027268966,1.003747785,1.04523223,27487074,COCC(=O)Nc1ccc2c(c1)C(=O)N(C)[C@@H]1CC[C@H](CC(=O)NCc3ccc(OC)cc3)O[C@@H]1CO2,HTSORKLKEIPCLA-KIFXHHALSA-N,54655961.0,511.231850396,2.3671999999999995,115.43000000000002
CYCLOPENTOLATE HYDROCHLORIDE,CN(C)CCOC(=O)C(c1ccccc1)C1(O)CCCC1.Cl,1.0533,1.068810439,0.996500347,1.079065425,27654529,CN(C)CCOC(=O)C(c1ccccc1)C1(O)CCCC1.Cl,RHKZVMUBMXGOLL-UHFFFAOYSA-N,22162.0,327.160121372,2.601900000000001,49.77
BRD-A21136439,CN1[C@@H]2CC[C@H]1C[C@H](O)C2,1.027532653,1.045648032,0.986895354,0.986193871,27712491,CN1[C@@H]2CC[C@H]1C[C@H](O)C2,CYHOMWAPJJPNMW-RNLVFQAGSA-N,,141.1153641,0.6038999999999999,23.47
BRD-K98578858,C[C@H]1CCCCO[C@H](CN(C)Cc2ccc(cc2)C(=O)O)[C@@H](C)CN([C@@H](C)CO)C(=O)c2cc(ccc2O1)NC(=O)NC1CCCCC1,0.963570873,1.031008713,0.99823486,0.994487833,27717761,C[C@H]1CCCCO[C@H](CN(C)Cc2ccc(C(=O)O)cc2)[C@@H](C)CN([C@@H](C)CO)C(=O)c2cc(NC(=O)NC3CCCCC3)ccc2O1,LIAUIQFCLKJRCD-CBUCOWSNSA-N,44620811.0,666.399250068,5.766500000000005,140.67000000000002
BRD-K01826783,C[C@@H](N)C(=O)OC(C)(C)Cc1ccc(cc1)Cl,1.154634,0.948015527,0.980731018,1.00382791,27812838,C[C@@H](N)C(=O)OC(C)(C)Cc1ccc(Cl)cc1,FZSPJBYOKQPKCD-SECBINFHSA-N,23622192.0,255.102606496,2.5515000000000008,52.32000000000001
BRD-K87814332,C[C@H]1CN([C@@H](C)CO)C(=O)Cc2cc(ccc2O[C@@H]1CN(C)CC1CCCCC1)NC(=O)Nc1ccc(cc1)C(F)(F)F,0.689937757,0.940350322,0.369051332,0.964591892,28243143,C[C@H]1CN([C@@H](C)CO)C(=O)Cc2cc(NC(=O)Nc3ccc(C(F)(F)F)cc3)ccc2O[C@@H]1CN(C)CC1CCCCC1,DOYVPIVJJALYPS-IHMCZWCLSA-N,44501925.0,604.323640516,6.010500000000006,94.14
BRD-K21244508,COc1ccc(cc1)S(=O)(=O)N(C)C[C@H]1OCCCC[C@H](C)Oc2ccc(cc2C(=O)N(C[C@H]1C)[C@@H](C)CO)NC(=O)Nc1ccc(cc1)F,1.010247086,1.006861354,1.01139524,0.981778951,28252802,COc1ccc(S(=O)(=O)N(C)C[C@H]2OCCCC[C@H](C)Oc3ccc(NC(=O)Nc4ccc(F)cc4)cc3C(=O)N([C@@H](C)CO)C[C@H]2C)cc1,FXDHYMXYKIHEMU-MJQNYGCISA-N,44616723.0,714.3098636839999,5.594500000000006,146.74
BRD-K04038286,C[C@H]1CCCCO[C@@H](CN(C)C(=O)Nc2ccc3c(c2)OCO3)[C@H](C)CN([C@@H](C)CO)C(=O)c2cc(ccc2O1)NC(=O)Nc1c(noc1C)C,1.179802251,1.009399708,0.987987988,1.020691051,28531111,Cc1noc(C)c1NC(=O)Nc1ccc2c(c1)C(=O)N([C@@H](C)CO)C[C@@H](C)[C@H](CN(C)C(=O)Nc1ccc3c(c1)OCO3)OCCCC[C@H](C)O2,CUSQONBGSJHOTJ-GBVLRREOSA-N,44616517.0,708.3482771159998,5.6235400000000055,176.95999999999998
BRD-K42648786,CSc1nc(cc(n1)Cl)Cl,0.979213905,0.949029332,0.981063262,1.13815909,28584911,CSc1nc(Cl)cc(Cl)n1,FCMLONIWOAGZJX-UHFFFAOYSA-N,80531.0,193.947224488,2.505300000000001,25.78
BRD-K51919433,C[C@@H]1CN([C@H](C)CO)S(=O)(=O)c2ccc(cc2O[C@@H]1CN(C)C(=O)Nc1c(noc1C)C)C#CCN(C)C,0.899932327,0.960460988,0.989053982,0.993792014,28689757,Cc1noc(C)c1NC(=O)N(C)C[C@H]1Oc2cc(C#CCN(C)C)ccc2S(=O)(=O)N([C@H](C)CO)C[C@H]1C,VDMKPEMKUHBDOL-PMAPCBKXSA-N,54623278.0,547.2464549040001,2.13704,128.45000000000002
BRD-K32547816,CN1[C@@H]2CC[C@H](CC(=O)N[C@H]3CCN(C3)Cc3ccccc3)O[C@@H]2COc2ccc(cc2C1=O)NC(=O)c1cnccn1,1.01489678,1.04231334,0.98985213,1.059919483,28852001,CN1C(=O)c2cc(NC(=O)c3cnccn3)ccc2OC[C@H]2O[C@@H](CC(=O)N[C@H]3CCN(Cc4ccccc4)C3)CC[C@H]21,HJSUWZUIIQDZFE-JREZCLDISA-N,54654610.0,584.2747182519998,2.8903,125.99
BRD-K15300149,C[C@H]1CN([C@H](C)CO)C(=O)Cc2cc(ccc2O[C@@H]1CN(C)S(=O)(=O)c1ccccc1)NC(=O)Cn1cnnn1,0.876802144,1.014575528,0.995498053,1.036831525,28899276,C[C@H](CO)N1C[C@H](C)[C@@H](CN(C)S(=O)(=O)c2ccccc2)Oc2ccc(NC(=O)Cn3cnnn3)cc2CC1=O,WNDIKUCSLOQWAR-XLNZFTOWSA-N,44490976.0,571.221302776,0.7815000000000007,159.84999999999997
BRD-K95118577,CC(C)CC(=O)C(=O)O,1.028171995,1.050615986,1.042413047,0.974589421,28951266,CC(C)CC(=O)C(=O)O,BKAJNAXTPSGJCU-UHFFFAOYSA-N,70.0,130.06299418,0.6861999999999999,54.370000000000005
BRD-K74976866,O[C@@H]1Cc2ccccc2[C@H]1O,1.006099971,1.018236916,0.997208264,0.986656577,28984687,O[C@@H]1Cc2ccccc2[C@H]1O,YKXXBEOXRPZVCC-RKDXNWHRSA-N,247603.0,150.06807956,0.637,40.46
BRD-K33377378,CC(=N)NCCC[C@H](N)C(=O)O,0.924688864,1.024946611,0.979021792,1.006705155,29052864,CC(=N)NCCC[C@H](N)C(=O)O,UYZFAUAYFLEHRC-LURJTMIESA-N,107984.0,173.11642672,-0.2347299999999997,99.2
BRD-K29468037,C[C@H]1CCCCO[C@H](CN(C)C(=O)Nc2ccccc2)[C@H](C)CN([C@@H](C)CO)C(=O)c2cc(ccc2O1)NS(=O)(=O)c1ccc(cc1)Cl,1.097403352,1.056246313,1.053331267,0.95118535,29213819,C[C@@H]1CN([C@@H](C)CO)C(=O)c2cc(NS(=O)(=O)c3ccc(Cl)cc3)ccc2O[C@@H](C)CCCCO[C@@H]1CN(C)C(=O)Nc1ccccc1,XHJLZMDFNGLORX-PHAQOQMTSA-N,44617753.0,700.26974846,6.100200000000007,137.51000000000002
BRD-K26595227,O[C@@H]1COC[C@@H]2O[C@H](CC[C@H]2N(C1)S(=O)(=O)c1ccc(cc1)F)CC(=O)N[C@H]1CCN(C1)Cc1ccccc1,1.070226856,0.971617605,1.007195028,0.925774771,29238978,O=C(C[C@H]1CC[C@@H]2[C@H](COC[C@@H](O)CN2S(=O)(=O)c2ccc(F)cc2)O1)N[C@H]1CCN(Cc2ccccc2)C1,FOUHJPDBUQOMDO-PJTAAJMISA-N,54659249.0,561.230885092,1.9045000000000007,108.40999999999998
BRD-K06680897,C[C@H]1CN([C@@H](C)CO)C(=O)c2cc(ccc2O[C@@H]1CN(C)C(=O)Nc1c(noc1C)C)NS(=O)(=O)C,1.015294528,1.142299265,0.998275725,0.960752732,29602997,Cc1noc(C)c1NC(=O)N(C)C[C@H]1Oc2ccc(NS(C)(=O)=O)cc2C(=O)N([C@@H](C)CO)C[C@@H]1C,ACWCMIFRIQBEAW-PJSUUKDQSA-N,44492735.0,523.210069396,2.04694,154.31
BRD-K30727429,C[C@H]1CCCCO[C@@H](CN(C)C(=O)c2ccncc2)[C@@H](C)CN([C@H](C)CO)C(=O)c2cc(ccc2O1)NS(=O)(=O)C,1.050848073,0.966423667,0.984744513,1.022845215,29620187,C[C@H](CO)N1C[C@H](C)[C@H](CN(C)C(=O)c2ccncc2)OCCCC[C@H](C)Oc2ccc(NS(C)(=O)=O)cc2C1=O,ZAAHQRHFTYYOOD-RJESQKRESA-N,44492631.0,590.277420684,3.0208000000000013,138.37
BRD-K01589058,C[C@H]1CN([C@@H](C)CO)C(=O)c2cc(ccc2O[C@@H]1CN(C)Cc1ccc2c(c1)OCO2)NC(=O)CCN1CCOCC1,1.012835077,1.026083972,0.997913965,1.017076177,29625022,C[C@H]1CN([C@@H](C)CO)C(=O)c2cc(NC(=O)CCN3CCOCC3)ccc2O[C@@H]1CN(C)Cc1ccc2c(c1)OCO2,XFYGDHSRHMGQGD-IHMCZWCLSA-N,44485964.0,582.305349684,2.428200000000001,113.04
BRD-K82327227,COc1ccc(cc1)S(=O)(=O)N(C)C[C@@H]1Oc2ccc(cc2C(=O)N(C[C@H]1C)[C@H](C)CO)NC(=O)Nc1c(noc1C)C,1.097837018,1.152023111,1.081956543,0.870315089,29658013,COc1ccc(S(=O)(=O)N(C)C[C@@H]2Oc3ccc(NC(=O)Nc4c(C)noc4C)cc3C(=O)N([C@H](C)CO)C[C@H]2C)cc1,KAIFSXNQEUFTRX-KABRZNFWSA-N,44487062.0,615.236284144,3.484840000000002,163.53999999999996
BRD-K54476947,CO[C@@H]1CN(C)C(=O)c2cc(ccc2OC[C@H](C)N(C[C@H]1C)Cc1ccc(cc1)-c1ccccn1)NC(=O)NC(C)C,1.140273141,1.018921951,1.008579913,1.01777332,29696447,CO[C@@H]1CN(C)C(=O)c2cc(NC(=O)NC(C)C)ccc2OC[C@H](C)N(Cc2ccc(-c3ccccn3)cc2)C[C@H]1C,DZGZFXRKNSZUSK-ULPIOCOXSA-N,54633695.0,573.331504856,5.284700000000004,96.03
BRD-K70203879,C[C@@H]1CN([C@H](C)CO)C(=O)Cc2cc(ccc2O[C@@H]1CN(C)C(=O)Nc1cccc2ccccc12)NS(=O)(=O)c1ccc(cc1)C,0.949581819,1.020503731,1.042235815,1.041653943,29783199,Cc1ccc(S(=O)(=O)Nc2ccc3c(c2)CC(=O)N([C@H](C)CO)C[C@@H](C)[C@@H](CN(C)C(=O)Nc2cccc4ccccc24)O3)cc1,LXEIAJZKEXQMLW-WTBTXGFSSA-N,44502568.0,644.266856,5.261920000000004,128.28
BRD-K73809982,COc1cccc(c1)S(=O)(=O)Nc1ccc2c(c1)[C@@H]1C[C@H](CC(=O)NCc3ccccc3F)O[C@@H](CO)[C@@H]1O2,1.060389588,0.996567713,0.99837149,1.054477272,29908696,COc1cccc(S(=O)(=O)Nc2ccc3c(c2)[C@@H]2C[C@H](CC(=O)NCc4ccccc4F)O[C@@H](CO)[C@@H]2O3)c1,UQAGOAYYXRCKNS-BYAUNOKSSA-N,54646313.0,556.167950488,3.336000000000002,123.19
BRD-K27778053,CCCNC(=O)Nc1ccc2c(c1)C(=O)N(C)C[C@H](OC)[C@@H](C)CN([C@@H](C)CO2)C(=O)C1CCOCC1,0.922543375,1.03079559,0.983328607,1.021535505,30117778,CCCNC(=O)Nc1ccc2c(c1)C(=O)N(C)C[C@H](OC)[C@@H](C)CN(C(=O)C1CCOCC1)[C@@H](C)CO2,UKJACKYBKVUGQZ-JXQFQVJHSA-N,54636208.0,518.310435064,2.9773000000000014,109.44
BRD-K83980058,C[C@@H]1CN([C@H](C)CO)C(=O)c2cc(cnc2O[C@H]1CN(C)C(=O)CCN1CCCCC1)C#Cc1ccccc1,0.998942386,1.039496141,1.01521417,0.889223274,30258268,C[C@@H]1CN([C@H](C)CO)C(=O)c2cc(C#Cc3ccccc3)cnc2O[C@H]1CN(C)C(=O)CCN1CCCCC1,WQRFMJSZHNZOBJ-GKAFBRTNSA-N,54625775.0,532.30495576,3.0359000000000016,86.21
BRD-K67569223,C[C@H]1CN([C@H](C)CO)C(=O)c2cccc(c2O[C@@H]1CN(C)S(=O)(=O)c1cn(cn1)C)NS(=O)(=O)c1ccc(cc1)Cl,1.026916623,1.027386397,0.970953119,1.007976287,30302580,C[C@H](CO)N1C[C@H](C)[C@@H](CN(C)S(=O)(=O)c2cn(C)cn2)Oc2c(NS(=O)(=O)c3ccc(Cl)cc3)cccc2C1=O,SSXRUGOYQUCVMG-YZZKKUAISA-N,44490200.0,625.143168044,2.4151000000000007,151.14
BRD-K95241801,CC(C)NC(=O)Nc1ccc2c(c1)C(=O)N(C[C@@H](C)[C@@H](CN(C)Cc1ccc(cc1)-c1ccccc1)O2)[C@H](C)CO,1.236597789,0.922647886,0.992012146,0.935804577,30357865,CC(C)NC(=O)Nc1ccc2c(c1)C(=O)N([C@H](C)CO)C[C@@H](C)[C@@H](CN(C)Cc1ccc(-c3ccccc3)cc1)O2,KRCYYDXJFSFYMC-OVMXQCPESA-N,44493837.0,558.320605824,5.235600000000006,94.14
BRD-K48266244,C[C@@H]1CCCCO[C@@H](CN(C)Cc2ccccc2)[C@H](C)CN([C@H](C)CO)C(=O)c2cc(ccc2O1)NC(=O)CCC(F)(F)F,1.062897246,1.0403187,1.031679348,0.925329131,30535720,C[C@@H]1CCCCO[C@@H](CN(C)Cc2ccccc2)[C@H](C)CN([C@H](C)CO)C(=O)c2cc(NC(=O)CCC(F)(F)F)ccc2O1,OMPYFAIFRLVIFJ-GBRARVNLSA-N,44494598.0,621.338956232,5.895100000000007,91.34
BRD-K29260445,CC(C)(C)OC(=O)N1CCC(N)CC1,0.98420862,1.015481131,1.020504095,0.929174042,30582190,CC(C)(C)OC(=O)N1CCC(N)CC1,LZRDHSFPLUWYAX-UHFFFAOYSA-N,1268291.0,200.15247788,1.3445999999999998,55.56
BRD-A02886970,CO[C@]1(COc2ccccc2O1)C(=O)NN,1.124669613,0.99346548,0.980398957,1.033819569,30670349,CO[C@@]1(C(=O)NN)COc2ccccc2O1,OEHXYEPGCQALMS-JTQLQIEISA-N,7114748.0,224.079706864,-0.2096000000000001,82.81
BRD-K32648402,C[C@H]1CN([C@@H](C)CO)C(=O)c2cc(cnc2O[C@H]1CN(C)C(=O)C1CCOCC1)C#CC1(O)CCCC1,0.961313307,0.996536049,0.99133184,1.003615551,30877626,C[C@H]1CN([C@@H](C)CO)C(=O)c2cc(C#CC3(O)CCCC3)cnc2O[C@H]1CN(C)C(=O)C1CCOCC1,FLFHXFOLABGIIH-SKPFHBQLSA-N,54618371.0,513.2838859679999,1.8432999999999995,112.43
BRD-K20028052,CCCN(C)C[C@H]1OCCCC[C@@H](C)Oc2ccc(cc2C(=O)N(C[C@H]1C)[C@@H](C)CO)NC(=O)Nc1ccccc1,0.959839564,0.978862548,0.994325736,1.035061529,30922812,CCCN(C)C[C@H]1OCCCC[C@@H](C)Oc2ccc(NC(=O)Nc3ccccc3)cc2C(=O)N([C@@H](C)CO)C[C@H]1C,MWWGHCHVGSQFNB-FJRSXGRASA-N,54614718.0,568.362470636,5.467900000000006,103.37
BRD-K80355663,CC(=O)N1C[C@@H]2CCN(C[C@H]2C1)c1ncccn1,0.901142887,0.979415718,1.027461319,1.071333281,30925280,CC(=O)N1C[C@@H]2CN(c3ncccn3)CC[C@H]2C1,HTJVLAVVIMPSCO-RYUDHWBXSA-N,125222689.0,246.148061196,0.7811999999999995,49.330000000000005
BRD-K89847204,C[C@@H]1CNS(=O)(=O)CO1,1.007744938,1.10541403,1.027678503,0.992012584,31354946,C[C@@H]1CNS(=O)(=O)CO1,RTWGYFMOJQIMHI-SCSAIBSYSA-N,169449032.0,151.030314148,-0.718,55.400000000000006
BRD-K91399333,C[C@@H]1CN([C@H](C)CO)C(=O)c2cc(ccc2O[C@H]1CN(C)C(=O)NC1CCCCC1)NC(=O)Nc1cccc2ccccc12,1.201682655,1.086983275,0.896008832,0.982144526,31388982,C[C@@H]1CN([C@H](C)CO)C(=O)c2cc(NC(=O)Nc3cccc4ccccc34)ccc2O[C@H]1CN(C)C(=O)NC1CCCCC1,QXYCJPXUIIEYFH-PKIAKLFDSA-N,44490007.0,601.3264194760001,5.678000000000004,123.24
BRD-K82439864,Nc1ncnc2n(cc(c12)I)[C@@H]1O[C@H](CO)[C@@H](O)[C@H]1O,0.846989138,0.81197334,1.06682629,0.107277815,31479744,Nc1ncnc2c1c(I)cn2[C@@H]1O[C@H](CO)[C@@H](O)[C@H]1O,WHSIXKUPQCKWBY-IOSLPCCCSA-N,97297.0,391.9981528959999,-0.7703999999999998,126.65
BRD-A20079477,CCN(CC)C(=O)C1=NO[C@]2(CCNC2)C1,0.94948621,1.041423497,0.987590198,1.028401146,31502900,CCN(CC)C(=O)C1=NO[C@]2(CCNC2)C1,BFHQHRFURQSXFA-LLVKDONJSA-N,,225.147726848,0.3631999999999996,53.93000000000001
BRD-K94152349,C[C@H]1CN([C@@H](C)CO)C(=O)c2cc(cnc2O[C@@H]1CN(C)C(=O)Cc1ccncc1)C#Cc1ccccc1F,0.714799376,0.987255113,0.985765405,0.991668754,31788325,C[C@H]1CN([C@@H](C)CO)C(=O)c2cc(C#Cc3ccccc3F)cnc2O[C@@H]1CN(C)C(=O)Cc1ccncc1,IKXQBUOOWDZZTO-NOMHHCBYSA-N,54629535.0,530.232933692,2.936700000000001,95.86
BRD-K32605418,C[C@@H]1CN([C@@H](C)CO)C(=O)c2cc(ccc2O[C@@H]1CN(C)Cc1ccc(cc1)C(=O)Nc1ccccc1N)NC(=O)Nc1ccccc1,0.832687034,0.800514946,0.957714534,0.920071876,31835136,C[C@@H]1CN([C@@H](C)CO)C(=O)c2cc(NC(=O)Nc3ccccc3)ccc2O[C@@H]1CN(C)Cc1ccc(C(=O)Nc2ccccc2N)cc1,GQVRJEGSXSCMGQ-RDXDNIQESA-N,44506394.0,650.3216684440001,5.517200000000003,149.26
BRD-K83806684,C[C@H]1CCCCO[C@@H](CN(C)Cc2ccc(c(c2)Cl)Cl)[C@H](C)CN([C@H](C)CO)C(=O)c2cc(ccc2O1)NC(=O)Nc1c(noc1C)C,0.85460666,0.985877775,1.012375577,1.040865754,31862648,Cc1noc(C)c1NC(=O)Nc1ccc2c(c1)C(=O)N([C@H](C)CO)C[C@@H](C)[C@H](CN(C)Cc1ccc(Cl)c(Cl)c1)OCCCC[C@H](C)O2,WPLKSFDFDQWVHJ-QZXSGBKVSA-N,49842948.0,703.2903395839999,7.169740000000008,129.4
BRD-K39397248,CNC[C@@H]1OCCCC[C@@H](C)Oc2ccc(cc2C(=O)N(C[C@H]1C)[C@@H](C)CO)NC(=O)Nc1ccc(cc1)C(F)(F)F,0.729068374,1.045350462,1.00448864,0.949049187,31863436,CNC[C@@H]1OCCCC[C@@H](C)Oc2ccc(NC(=O)Nc3ccc(C(F)(F)F)cc3)cc2C(=O)N([C@@H](C)CO)C[C@H]1C,JTLOVMZMVDHICP-RBZJZWSTSA-N,54614793.0,594.302905072,5.364300000000006,112.16
BRD-K24307790,C[C@@H]1CN([C@@H](C)CO)C(=O)c2cccc(c2O[C@@H]1CN(C)Cc1ccc2c(c1)OCO2)NC(=O)C1CCOCC1,0.911445385,1.037332004,1.035429651,0.920296796,31923968,C[C@@H]1CN([C@@H](C)CO)C(=O)c2cccc(NC(=O)C3CCOCC3)c2O[C@@H]1CN(C)Cc1ccc2c(c1)OCO2,NQBSYXGUJZNUSC-IOKPGSKQSA-N,44485606.0,553.278800588,3.132500000000001,109.8
EDOXABAN TOSYLATE HYDRATE,CN1CCc2nc(C(=O)NC3CC(C(=O)N(C)C)CCC3NC(=O)C(=O)Nc3ccc(Cl)cn3)sc2C1.Cc1ccc(S(=O)(=O)O)cc1.O,1.0943,1.114912596,1.005079146,0.985272265,31943209,CN1CCc2nc(C(=O)NC3CC(C(=O)N(C)C)CCC3NC(=O)C(=O)Nc3ccc(Cl)cn3)sc2C1.Cc1ccc(S(=O)(=O)O)cc1.O,PSMMNJNZVZZNOI-UHFFFAOYSA-N,87252201.0,737.2068309200001,1.7066200000000027,222.5
BRD-K24191730,C[C@H]1CN([C@H](C)CO)S(=O)(=O)c2ccc(cc2O[C@@H]1CN(C)C(=O)c1ccncc1)-c1cccc(c1)C#N,1.023621803,0.941745512,1.000507319,1.110267472,32036686,C[C@H](CO)N1C[C@H](C)[C@@H](CN(C)C(=O)c2ccncc2)Oc2cc(-c3cccc(C#N)c3)ccc2S1(=O)=O,VWUCQBGGJOIZNN-OUDXUNEISA-N,54619588.0,534.1936910600001,3.161080000000002,123.83
BRD-K26898036,C[C@@H]1CCCCO[C@@H](CN(C)S(=O)(=O)c2ccccc2)[C@@H](C)CN([C@H](C)CO)C(=O)c2cc(ccc2O1)NC(=O)Nc1cccc2ccccc12,0.910273515,0.943646876,0.983236941,1.052783509,32095920,C[C@@H]1CCCCO[C@@H](CN(C)S(=O)(=O)c2ccccc2)[C@@H](C)CN([C@H](C)CO)C(=O)c2cc(NC(=O)Nc3cccc4ccccc34)ccc2O1,CBWNKCGJFIPCLT-MZXQNBQBSA-N,44501107.0,716.324370876,6.6000000000000085,137.51000000000002
BRD-K92738327,C[C@@H]1CN([C@@H](C)CO)C(=O)Cc2cc(ccc2O[C@H]1CN(C)C(=O)Nc1ccccc1)NC(=O)Cn1cnnn1,0.924273695,0.988749441,0.992785774,0.978906524,32264734,C[C@@H]1CN([C@@H](C)CO)C(=O)Cc2cc(NC(=O)Cn3cnnn3)ccc2O[C@H]1CN(C)C(=O)Nc1ccccc1,DGXAQCGOKSYNOF-IMWIBFENSA-N,44487609.0,550.2652161880002,1.6246999999999991,154.81
BRD-K10978603,COc1ccc(cc1)S(=O)(=O)Nc1ccc2c(c1)C(=O)N(C[C@@H](C)[C@H](CN(C)C(=O)Nc1ccc(cc1)F)OCCCC[C@@H](C)O2)[C@H](C)CO,1.049546972,1.023802845,1.001200483,0.999423683,32531652,COc1ccc(S(=O)(=O)Nc2ccc3c(c2)C(=O)N([C@H](C)CO)C[C@@H](C)[C@H](CN(C)C(=O)Nc2ccc(F)cc2)OCCCC[C@@H](C)O3)cc1,OBZCLBIQAQDRDY-FXRKCPOXSA-N,44616927.0,714.309863684,5.594500000000006,146.73999999999998
BRD-K59188100,C[C@H]1CN([C@@H](C)CO)C(=O)Cc2cc(ccc2O[C@@H]1CN(C)C(=O)NC1CCCCC1)NC(=O)c1ccncc1,0.936203657,0.995327066,1.016233716,0.994669728,32642180,C[C@H]1CN([C@@H](C)CO)C(=O)Cc2cc(NC(=O)c3ccncc3)ccc2O[C@@H]1CN(C)C(=O)NC1CCCCC1,OBYISRQTVLJVSP-NOMHHCBYSA-N,44493054.0,551.310769412,3.4570000000000007,124.1
BRD-K08656311,C[C@H]1CN([C@@H](C)CO)C(=O)Cc2cc(ccc2O[C@@H]1CN(C)Cc1ccc(cc1)C(=O)Nc1ccccc1N)NC(=O)C1CCCCC1,0.889438563,1.0269388,0.965823095,0.924560568,32671855,C[C@H]1CN([C@@H](C)CO)C(=O)Cc2cc(NC(=O)C3CCCCC3)ccc2O[C@@H]1CN(C)Cc1ccc(C(=O)Nc2ccccc2N)cc1,CMTIPOGQFXEGCZ-SFXKCFQESA-N,44508006.0,655.3733696680001,5.320900000000004,137.23
BRD-K90629246,C[C@H]1CN([C@@H](C)CO)C(=O)c2cc(ccc2O[C@@H]1CN(C)S(=O)(=O)c1ccccc1)NC(=O)CCN1CCOCC1,1.066255162,0.996808787,1.027073546,0.87143518,32758684,C[C@H]1CN([C@@H](C)CO)C(=O)c2cc(NC(=O)CCN3CCOCC3)ccc2O[C@@H]1CN(C)S(=O)(=O)c1ccccc1,TVSKJTJGUYONLO-BCQCSXDESA-N,44487742.0,588.26177062,1.8882000000000003,128.72
DULOXETINE HYDROCHLORIDE,CNCCC(Oc1cccc2ccccc12)c1cccs1.Cl,1.0439,0.335070673,0.995124869,0.303796921,32940980,CNCCC(Oc1cccc2ccccc12)c1cccs1.Cl,BFFSMCNJSOPUAY-UHFFFAOYSA-N,11966283.0,333.09541294,5.052700000000004,21.26
BRD-K14540993,CC(=O)NCCCC[C@@H]1NC(=O)[C@@H]2C[C@@H]([C@@H](N2C1=O)c1cccc(c1)OCCO)C(=O)NCCCCCNC(=O)CS,0.860993798,1.041296399,1.006550546,0.956897532,32994937,CC(=O)NCCCC[C@@H]1NC(=O)[C@@H]2C[C@H](C(=O)NCCCCCNC(=O)CS)[C@H](c3cccc(OCCO)c3)N2C1=O,QYTPVRASYMSUHC-IGRGDXOOSA-N,23975052.0,605.2883197159999,0.4532000000000041,166.17000000000002
BRD-K69191459,COc1ccc(cc1)NC(=O)N(C)C[C@@H]1Oc2ccc(cc2C(=O)N(C[C@@H]1C)[C@@H](C)CO)NS(=O)(=O)c1cn(cn1)C,0.863453593,1.043759074,0.998531122,1.01194525,33037530,COc1ccc(NC(=O)N(C)C[C@@H]2Oc3ccc(NS(=O)(=O)c4cn(C)cn4)cc3C(=O)N([C@@H](C)CO)C[C@@H]2C)cc1,YZUPLTZBNUKSOV-MHPIHPPYSA-N,44487292.0,600.2366184919999,2.6135,155.32999999999998
FLUPIRTINE MALEATE,CCOC(=O)Nc1ccc(NCc2ccc(F)cc2)nc1N.O=C(O)C=CC(=O)O,1.10305,0.939635203,1.023298658,1.02136546,33073569,CCOC(=O)Nc1ccc(NCc2ccc(F)cc2)nc1N.O=C(O)C=CC(=O)O,DPYIXBFZUMCMJM-UHFFFAOYSA-N,53275.0,420.144512612,2.6952,163.87
BRD-K97488852,CC(C)(C)[S@@+]([O-])N1Cc2cc(nc(c2[C@H]1CCO)-c1ccc(cc1)-c1ccc(cc1)C#N)C(=O)NCc1ccc2c(c1)OCO2,1.098494746,0.992738925,1.009048526,1.011738967,33073793,CC(C)(C)[S@@+]([O-])N1Cc2cc(C(=O)NCc3ccc4c(c3)OCO4)nc(-c3ccc(-c4ccc(C#N)cc4)cc3)c2[C@H]1CCO,AREVTTRQIKJNMU-DPJMWLGRSA-N,,622.2249911880001,5.647280000000006,130.77
BRD-K11501217,C[C@H]1CCCCO[C@H](CN(C)C(=O)CCC(F)(F)F)[C@@H](C)CN([C@H](C)CO)C(=O)c2cc(ccc2O1)NC(=O)Cc1ccccc1,1.161252866,1.07002759,1.01578068,0.994016272,33286769,C[C@H](CO)N1C[C@H](C)[C@@H](CN(C)C(=O)CCC(F)(F)F)OCCCC[C@H](C)Oc2ccc(NC(=O)Cc3ccccc3)cc2C1=O,HVALLSCEVKXZGC-YDXRHMNESA-N,44495011.0,649.333870852,5.464200000000006,108.41000000000004
BRD-K87492806,CN1[C@@H]2CC[C@@H](CC(=O)NCCc3ccncc3)O[C@@H]2COc2ccc(cc2C1=O)NS(=O)(=O)c1ccc(cc1)C,0.870939316,0.971666747,0.992894754,0.96983813,33318873,Cc1ccc(S(=O)(=O)Nc2ccc3c(c2)C(=O)N(C)[C@@H]2CC[C@@H](CC(=O)NCCc4ccncc4)O[C@@H]2CO3)cc1,KPGMTKVYFCJESC-DANFDKMISA-N,54654126.0,578.2199058079999,3.3204200000000004,126.93
NIMODIPINE,COCCOC(=O)C1=C(C)NC(C)=C(C(=O)OC(C)C)C1c1cccc([N+](=O)[O-])c1,1.29185,0.978481199,1.029350869,0.777921032,33324661,COCCOC(=O)C1=C(C)NC(C)=C(C(=O)OC(C)C)C1c1cccc([N+](=O)[O-])c1,UIAGMCDKSXEBJQ-UHFFFAOYSA-N,4497.0,418.174001172,2.970800000000001,117.0
BRD-K24002047,C[C@H]1CN([C@@H](C)CO)S(=O)(=O)c2ccc(cc2O[C@H]1CN(C)C(=O)Cc1ccncc1)C1=CCCC1,0.967159434,0.972797825,1.012000917,1.052849804,33349723,C[C@H]1CN([C@@H](C)CO)S(=O)(=O)c2ccc(C3=CCCC3)cc2O[C@H]1CN(C)C(=O)Cc1ccncc1,ZXOCSHLRVHMIRD-RLSLOFABSA-N,54630795.0,513.22974222,3.1186000000000016,100.04
BRD-K67901620,CC(C)c1cc(c(c(c1)C(C)C)CC(=O)NS(=O)(=O)Oc1c(cccc1C(C)C)C(C)C)C(C)C,1.081893018,0.112609172,0.056542431,0.165429951,33731373,CC(C)c1cc(C(C)C)c(CC(=O)NS(=O)(=O)Oc2c(C(C)C)cccc2C(C)C)c(C(C)C)c1,PTQXTEKSNBVPQJ-UHFFFAOYSA-N,166558.0,501.291279856,7.286100000000008,72.47
BRD-K22246116,COc1ccc2c3c([nH]c2c1)[C@H](CO)N(Cc1ccccc1)C[C@]13CCN(CC1)C(=O)Nc1cccc(c1)F,0.673890904,1.025177182,0.981333704,0.951918097,33951050,COc1ccc2c3c([nH]c2c1)[C@H](CO)N(Cc1ccccc1)CC31CCN(C(=O)Nc2cccc(F)c2)CC1,URLGLTUQUZZHFW-MHZLTWQESA-N,60186720.0,528.253669136,5.430500000000005,80.83000000000001
BRD-K69690963,NC(=N)SCCN1C(=O)c2ccccc2C1=O,0.958487079,0.937871139,0.984879261,1.015574781,34009627,N=C(N)SCCN1C(=O)c2ccccc2C1=O,XXNPWNLDWANULI-UHFFFAOYSA-N,416363.0,249.057197592,0.90927,87.25
BRD-A28509177,Cc1nnn2c1COC[C@H](CNS(=O)(=O)C)C2,0.883287266,1.088553063,0.999803929,1.046245356,34014455,Cc1nnn2c1COC[C@H](CNS(C)(=O)=O)C2,QPEHRIMJIYCCFX-MRVPVSSYSA-N,,260.094311372,-0.7178799999999985,86.10999999999999
BRD-K16570384,COc1cccc(c1)NC(=O)N1C[C@H](O)COC[C@H]2O[C@@H](CC[C@@H]21)CC(=O)NCCCN1CCOCC1,1.026129625,1.035410204,0.974501114,1.024053518,34057805,COc1cccc(NC(=O)N2C[C@H](O)COC[C@H]3O[C@H](CC(=O)NCCCN4CCOCC4)CC[C@@H]32)c1,LIUAUVOSLGXEPU-TWDDROGUSA-N,54659003.0,520.28969962,1.0650000000000013,121.83
BRD-K04090746,C[C@@H]1CCCCO[C@H](CN(C)C(=O)Nc2ccc3c(c2)OCO3)[C@H](C)CN([C@@H](C)CO)C(=O)c2cc(ccc2O1)NC(=O)Nc1ccccc1,0.998496407,0.943417832,0.986188955,0.998081563,34408715,C[C@@H]1CCCCO[C@H](CN(C)C(=O)Nc2ccc3c(c2)OCO3)[C@H](C)CN([C@@H](C)CO)C(=O)c2cc(NC(=O)Nc3ccccc3)ccc2O1,KFWWQROBCNWPLM-SUCLBKFRSA-N,54617646.0,689.3424634639998,6.018700000000006,150.93
BRD-K71256672,C[C@@H]1CCCCO[C@@H](CN(C)Cc2ccc(cc2)C(F)(F)F)[C@@H](C)CN([C@@H](C)CO)C(=O)c2cc(ccc2O1)NC(=O)Nc1cccc2ccccc12,0.815458579,0.984266095,0.99592772,1.027849988,34512788,C[C@@H]1CCCCO[C@@H](CN(C)Cc2ccc(C(F)(F)F)cc2)[C@@H](C)CN([C@@H](C)CO)C(=O)c2cc(NC(=O)Nc3cccc4ccccc34)ccc2O1,IOGICXGLCRDSGV-FJROBMQKSA-N,44617362.0,734.3655053279999,8.430100000000007,103.37
BRD-K08607084,COc1ccc(cc1)NC(=O)N(C)C[C@@H]1OCCCC[C@@H](C)Oc2ccc(cc2C(=O)N(C[C@H]1C)[C@H](C)CO)NC(=O)Cc1ccccc1,1.51034862,1.006634933,0.98896637,1.047348857,34727031,COc1ccc(NC(=O)N(C)C[C@@H]2OCCCC[C@@H](C)Oc3ccc(NC(=O)Cc4ccccc4)cc3C(=O)N([C@H](C)CO)C[C@H]2C)cc1,QCMJPWQZARRNTL-GBJJYOARSA-N,44616788.0,674.3679499400001,5.835800000000007,129.67
BRD-K85806982,C[C@H](O)C#Cc1cnc2c(c1)C(=O)N(C[C@H](C)[C@@H](CN(C)C(=O)C)O2)[C@H](C)CO,1.037793092,1.003414328,0.983843184,1.044554545,34845771,CC(=O)N(C)C[C@H]1Oc2ncc(C#C[C@H](C)O)cc2C(=O)N([C@H](C)CO)C[C@@H]1C,FHGUGJSHYZRSAF-QCUYGVNKSA-N,54623360.0,403.2107210279999,0.5123000000000004,103.20000000000002
PHENOLSULFONPHTHALEIN,O=S1(=O)OC(c2ccc(O)cc2)(c2ccc(O)cc2)c2ccccc21,1.08695,0.948565588,0.981910484,0.830167478,35111676,O=S1(=O)OC(c2ccc(O)cc2)(c2ccc(O)cc2)c2ccccc21,BELBBZDIHDAJOR-UHFFFAOYSA-N,4766.0,354.056194548,3.108600000000001,83.83000000000001
BRD-K27291875,COc1ccc(cc1)NC(=O)N(C)C[C@H]1OCCCC[C@@H](C)Oc2ccc(cc2C(=O)N(C[C@H]1C)[C@H](C)CO)NC(=O)Nc1ccc(cc1)C(F)(F)F,1.07342455,0.864981632,1.02161007,1.044738998,35214086,COc1ccc(NC(=O)N(C)C[C@H]2OCCCC[C@@H](C)Oc3ccc(NC(=O)Nc4ccc(C(F)(F)F)cc4)cc3C(=O)N([C@H](C)CO)C[C@H]2C)cc1,ACQXGQRETPVUSO-CZWSTMTISA-N,54618066.0,743.350583536,7.317400000000009,141.7
BRD-K13660715,C[C@H]1CN([C@H](C)CO)C(=O)c2cccc(c2O[C@H]1CN(C)Cc1ccc(cc1)-c1ccccc1)NC(=O)C1CCOCC1,1.037795443,1.084937765,1.023435895,1.044256271,35505803,C[C@H](CO)N1C[C@H](C)[C@H](CN(C)Cc2ccc(-c3ccccc3)cc2)Oc2c(NC(=O)C3CCOCC3)cccc2C1=O,OTQHSGBYHWOBMV-UNTHUGQZSA-N,44499524.0,585.320271476,5.070800000000005,91.34
BRD-K11573765,C[C@@H]1CN([C@@H](C)CO)C(=O)c2cccc(c2O[C@@H]1CN(C)S(=O)(=O)c1ccc(cc1)F)NC(=O)C1CC1,0.864879541,0.961332918,0.98346348,1.054280975,35539690,C[C@@H]1CN([C@@H](C)CO)C(=O)c2cccc(NC(=O)C3CC3)c2O[C@@H]1CN(C)S(=O)(=O)c1ccc(F)cc1,ORCPKGLTRDJQBA-SAHWJRBASA-N,44499914.0,533.199584964,2.7150000000000007,116.25
BRD-K13182717,COc1ccc(cc1)S(=O)(=O)N(C)C[C@H]1Oc2c(cccc2C(=O)N(C[C@@H]1C)[C@@H](C)CO)NS(=O)(=O)c1cccs1,1.090986544,1.015408982,1.048285759,0.961551849,35834892,COc1ccc(S(=O)(=O)N(C)C[C@H]2Oc3c(NS(=O)(=O)c4cccs4)cccc3C(=O)N([C@@H](C)CO)C[C@@H]2C)cc1,IJLAZHQCNRGIQT-AXHZCLLHSA-N,44484417.0,623.142978016,3.098300000000001,142.54999999999998
BRD-K82825412,COCC(=O)Nc1ccc2c(c1)C(=O)N(C)[C@H]1CC[C@H](CC(=O)NCc3ccc(cc3)OC)O[C@H]1CO2,1.024544883,0.963553659,0.990770704,1.015358524,35849998,COCC(=O)Nc1ccc2c(c1)C(=O)N(C)[C@H]1CC[C@H](CC(=O)NCc3ccc(OC)cc3)O[C@H]1CO2,HTSORKLKEIPCLA-SFLYRZDNSA-N,54655960.0,511.231850396,2.3671999999999995,115.43000000000002
BRD-K09295674,NS(=O)(=O)c1ccc(cc1)C(=O)O,0.871685589,1.011666149,1.024760549,1.042529306,35888936,NS(=O)(=O)c1ccc(C(=O)O)cc1,UCAGLBKTLXCODC-UHFFFAOYSA-N,8739.0,201.009578704,0.0321999999999999,97.46
BRD-K52932858,COCC(=O)Nc1ccc2c(c1)OC[C@H](C)N(C[C@@H](C)[C@@H](CN(C)C2=O)OC)C(=O)c1ccccc1F,0.97029297,1.047487676,1.00893118,0.91023976,36131008,COCC(=O)Nc1ccc2c(c1)OC[C@H](C)N(C(=O)c1ccccc1F)C[C@@H](C)[C@H](OC)CN(C)C2=O,SKGDHEHUMDACHN-NXMSCROESA-N,54633663.0,515.243164028,3.057000000000002,97.41000000000004
BRD-K39733634,CCCCC1=NN(C(=O)N1Cc1ccc(cc1)-c1ccccc1S(=O)(=O)NC(=O)c1sccc1C)c1ccccc1C(F)(F)F,0.135347143,1.02819255,0.997013958,1.114590417,36220318,CCCCc1nn(-c2ccccc2C(F)(F)F)c(=O)n1Cc1ccc(-c2ccccc2S(=O)(=O)NC(=O)c2sccc2C)cc1,MMDNKTXNUZFVKD-UHFFFAOYSA-N,9961192.0,654.158232068,6.599320000000006,103.06
BRD-K09264110,COCC#Cc1ccc2c(c1)O[C@H](CN(C)S(=O)(=O)c1cccc(c1)OC)[C@H](C)CN([C@@H](C)CO)S2(=O)=O,1.213202202,1.007833673,0.997656746,1.031524621,36242972,COCC#Cc1ccc2c(c1)O[C@H](CN(C)S(=O)(=O)c1cccc(OC)c1)[C@H](C)CN([C@@H](C)CO)S2(=O)=O,ZXJISFXGGDRHOY-OHUGHZGNSA-N,54625196.0,566.1756580480001,1.7824000000000004,122.68
BRD-K09617413,C[C@@H]1CN([C@H](C)CO)C(=O)c2cc(ccc2O[C@H]1CN(C)Cc1ccc(cc1)Oc1ccccc1)NC(=O)Nc1cccc2ccccc12,0.886072657,0.732299578,0.992560305,0.867835474,36296716,C[C@@H]1CN([C@H](C)CO)C(=O)c2cc(NC(=O)Nc3cccc4ccccc34)ccc2O[C@H]1CN(C)Cc1ccc(Oc2ccccc2)cc1,USVAWBHVHLMWLD-KMRPOYNRSA-N,44486521.0,658.3155204440001,7.628200000000008,103.37
CARNOSIC ACID,CC(C)c1cc2c(c(O)c1O)C1(C(=O)O)CCCC(C)(C)C1CC2,1.10235,0.993289087,0.977711077,1.080999856,36336219,CC(C)c1cc2c(c(O)c1O)C1(C(=O)O)CCCC(C)(C)C1CC2,QRYRORQUOLYVBU-UHFFFAOYSA-N,5024746.0,332.198759376,4.316100000000004,77.76
BRD-K76876210,C[C@@H]1CN([C@H](C)CO)C(=O)c2cccc(c2O[C@@H]1CN(C)S(=O)(=O)c1cccs1)NC(=O)Nc1cccc2ccccc12,0.904102003,0.87520567,0.999130927,1.017551719,36480102,C[C@@H]1CN([C@H](C)CO)C(=O)c2cccc(NC(=O)Nc3cccc4ccccc34)c2O[C@@H]1CN(C)S(=O)(=O)c1cccs1,XNHZQQLIHVNGMI-LGVUCKNBSA-N,44495375.0,622.1919768080002,5.0861000000000045,128.28
BRD-K50359829,CC(C)NC(=O)N(C)C[C@@H]1Oc2cc(ccc2S(=O)(=O)N(C[C@@H]1C)[C@H](C)CO)C#Cc1cccc(c1)F,1.315444699,0.975734035,1.009995823,0.985475599,36626535,CC(C)NC(=O)N(C)C[C@@H]1Oc2cc(C#Cc3cccc(F)c3)ccc2S(=O)(=O)N([C@H](C)CO)C[C@@H]1C,GCLSKYJYFXHQJH-DFIYOIEZSA-N,54627429.0,531.220320408,3.0439000000000016,99.18
BRD-K92111086,COC(=O)C[C@@H]1CC[C@H]2[C@@H](COC[C@H](O)CN2S(=O)(=O)c2ccc(cc2)F)O1,0.973389274,1.062379925,0.971353897,0.995990287,36664569,COC(=O)C[C@@H]1CC[C@H]2[C@@H](COC[C@H](O)CN2S(=O)(=O)c2ccc(F)cc2)O1,AIGOEKQFFFCKHV-YQFWSFKMSA-N,54658308.0,417.1257513279999,0.6867999999999996,102.37000000000002
BRD-K12897602,OC[C@@H]1O[C@@H](CC(=O)NC2CCC2)C=C[C@@H]1NC(=O)CN1CCOCC1,0.930058104,1.037105298,0.97684904,0.970374437,36778977,O=C(C[C@H]1C=C[C@H](NC(=O)CN2CCOCC2)[C@H](CO)O1)NC1CCC1,SRCKIDNRSVGBQD-PMPSAXMXSA-N,54645371.0,367.210721028,-0.8218999999999963,100.13
BRD-K40367826,FC(F)(F)Oc1ccc(cc1)C1=C(NC(=O)c2ccc(cc2)Br)C(=O)c2ccccc2C1=O,1.158839879,0.935613146,0.983058293,0.720330244,36829814,O=C(NC1=C(c2ccc(OC(F)(F)F)cc2)C(=O)c2ccccc2C1=O)c1ccc(Br)cc1,WTJCMNNDEMJLFZ-UHFFFAOYSA-N,56642991.0,514.998004656,5.568000000000003,72.47
BRD-A69612786,C[C@H]1C=C(CCCO)C/C(=N/P(=O)(Oc2ccccc2)Oc2ccccc2)N1Cc1cccc(c1)OC(F)(F)F,0.470261332,1.159648607,1.038224386,0.950649077,36861284,C[C@H]1C=C(CCCO)C/C(=N/P(=O)(Oc2ccccc2)Oc2ccccc2)N1Cc1cccc(OC(F)(F)F)c1,WSDJYMRDAJKTGC-QFIPXVFZSA-N,,574.18444335,7.542900000000007,80.59
BRD-K37709428,ONC(=O)CCCCCNC(=O)OCc1ccc(cc1)CO[C@H]1C[C@H](C=C(O1)C(=O)N1CCN(CC1)Cc1ccccc1)c1ccccc1,1.057539373,0.977039908,1.006405519,1.017304565,36912210,O=C(CCCCCNC(=O)OCc1ccc(CO[C@H]2C[C@@H](c3ccccc3)C=C(C(=O)N3CCN(Cc4ccccc4)CC3)O2)cc1)NO,VGRCCPIWCZSXLZ-MSEJLTFDSA-N,,670.336649812,5.253700000000005,129.67000000000002
BRD-K26588450,COc1ccc(cc1)NC(=O)Nc1cccc2c1O[C@@H](CN(C)Cc1ccc(cc1)-c1ccccc1)[C@H](C)CN([C@@H](C)CO)C2=O,0.876301327,0.953041067,0.9864718,0.980247225,37079468,COc1ccc(NC(=O)Nc2cccc3c2O[C@@H](CN(C)Cc2ccc(-c4ccccc4)cc2)[C@H](C)CN([C@@H](C)CO)C3=O)cc1,JQPAJQARRJIYSV-BCIXQDHQSA-N,44494150.0,622.3155204440002,6.358300000000008,103.37
BRD-A49987276,O=C(C[C@H]1NC(=O)NC1=O)NCc1[nH]nc2c1CCC2,0.893361893,1.040672745,1.017740262,0.964638937,37200985,O=C(C[C@H]1NC(=O)NC1=O)NCc1[nH]nc2c1CCC2,KWOHIMVKIDTOBY-MRVPVSSYSA-N,99940251.0,277.11748934,-0.8872999999999998,115.98
BRD-K33939755,COCC#Cc1ccc2c(c1)O[C@@H](CN(C)S(=O)(=O)c1ccc(cc1)C)[C@@H](C)CN([C@H](C)CO)S2(=O)=O,1.31965799,1.053643711,1.002413478,1.019970534,37399817,COCC#Cc1ccc2c(c1)O[C@@H](CN(C)S(=O)(=O)c1ccc(C)cc1)[C@@H](C)CN([C@H](C)CO)S2(=O)=O,UHTWELFHWWILSH-BKSPAHHJSA-N,54627421.0,550.180743428,2.082220000000001,113.45
BRD-K28548520,C[C@@H]1CCCCO[C@H](CN(C)C(=O)Nc2c(noc2C)C)[C@@H](C)CN([C@@H](C)CO)C(=O)c2cc(ccc2O1)NC(=O)Cc1ccccc1,1.105105198,0.968533591,0.981169915,0.983887941,37680725,Cc1noc(C)c1NC(=O)N(C)C[C@H]1OCCCC[C@@H](C)Oc2ccc(NC(=O)Cc3ccccc3)cc2C(=O)N([C@@H](C)CO)C[C@@H]1C,MUMMUGGPDFBDAE-SOMIUFQXSA-N,54615864.0,663.3631989080001,5.432040000000005,146.46999999999997
BRD-K93983903,Cc1ccc(cc1)Nc1nc(c(s1)C)-c1ccc(cc1)C,1.004326119,1.006271315,1.041048353,1.022799059,37701149,Cc1ccc(Nc2nc(-c3ccc(C)cc3)c(C)s2)cc1,LVPRSVKWTVJMGG-UHFFFAOYSA-N,740984.0,294.119069576,5.478960000000004,24.92
BRD-K72437079,C[C@H]1CCCCO[C@@H](CN(C)S(=O)(=O)c2ccc(cc2)F)[C@H](C)CN([C@@H](C)CO[Si](C)(C)C(C)(C)C)C(=O)c2cc(ccc2O1)NC(=O)Nc1ccccc1,1.038568294,0.865329684,0.955941656,0.921157638,37773769,C[C@@H]1CN([C@@H](C)CO[Si](C)(C)C(C)(C)C)C(=O)c2cc(NC(=O)Nc3ccccc3)ccc2O[C@@H](C)CCCCO[C@H]1CN(C)S(=O)(=O)c1ccc(F)cc1,HFLDKSMIEKKGPR-VGTNMCJWSA-N,49849916.0,798.3857759780001,8.615400000000006,126.51000000000002
BRD-K05856152,ONC(=O)/C=C/c1cccc(c1)-c1cn(nn1)CC(=O)N1CCC2(CC1)N(CNC2=O)c1ccccc1,1.030526554,1.049280698,1.010457729,1.038819144,38059773,O=C(/C=C/c1cccc(-c2cn(CC(=O)N3CCC4(CC3)C(=O)NCN4c3ccccc3)nn2)c1)NO,VRFKPGIBTYRBGE-UHFFFAOYSA-N,,501.212452344,1.4188000000000005,132.69
BRD-K93382660,C[C@@H]1CN([C@H](C)CO)C(=O)c2cccc(c2O[C@@H]1CN(C)S(=O)(=O)c1ccc(cc1)F)NC(=O)C1CCOCC1,0.871404875,0.958239123,0.99783151,0.920369174,38076364,C[C@@H]1CN([C@H](C)CO)C(=O)c2cccc(NC(=O)C3CCOCC3)c2O[C@@H]1CN(C)S(=O)(=O)c1ccc(F)cc1,UJVGXYBCLFCBHP-MPCDZSKCSA-N,44500136.0,577.225799712,2.731600000000001,125.48
BRD-K90230495,CNC[C@@H]1Oc2ccc(cc2C(=O)N(C[C@@H]1C)[C@H](C)CO)NS(=O)(=O)c1cn(cn1)C,1.057841583,0.968841903,1.002492176,1.073751568,38084689,CNC[C@@H]1Oc2ccc(NS(=O)(=O)c3cn(C)cn3)cc2C(=O)N([C@H](C)CO)C[C@@H]1C,GRHNBKJIURRPED-IYOUNJFTSA-N,44487852.0,451.1889400280001,0.6604,125.79
BRD-K30719222,C[C@@H]1CN([C@H](C)CO)C(=O)Cc2cc(ccc2O[C@@H]1CN(C)C(=O)Nc1ccccc1)NC(=O)Nc1cccc2ccccc12,1.025147326,1.01172995,0.999583741,1.098152028,38108273,C[C@@H]1CN([C@H](C)CO)C(=O)Cc2cc(NC(=O)Nc3cccc4ccccc34)ccc2O[C@@H]1CN(C)C(=O)Nc1ccccc1,SDGYLMDZYUPOHC-GOFIJKOKSA-N,44503233.0,609.2951193480001,5.796700000000005,123.24
BRD-K00532814,C[C@H]1CN([C@@H](C)CO)C(=O)Cc2cc(ccc2O[C@H]1CN(C)S(=O)(=O)c1ccc(cc1)C)NS(=O)(=O)c1cccs1,0.868073262,1.041291596,0.998573682,1.016849117,38123568,Cc1ccc(S(=O)(=O)N(C)C[C@@H]2Oc3ccc(NS(=O)(=O)c4cccs4)cc3CC(=O)N([C@@H](C)CO)C[C@@H]2C)cc1,PUEMRAQLFHZGBR-WOVHNISZSA-N,44498120.0,621.1637134599999,3.327020000000002,133.32
BRD-K94201686,C[C@@H]1CCCCO[C@H](CN(C)S(=O)(=O)c2ccc(cc2)F)[C@@H](C)CN([C@@H](C)CO)C(=O)c2cc(ccc2O1)NC(=O)Nc1cccc2ccccc12,1.003698635,0.908432072,0.988532093,1.024814038,38138658,C[C@@H]1CCCCO[C@H](CN(C)S(=O)(=O)c2ccc(F)cc2)[C@@H](C)CN([C@@H](C)CO)C(=O)c2cc(NC(=O)Nc3cccc4ccccc34)ccc2O1,JULRJNZAKKAGPA-WYIQMCGHSA-N,44617272.0,734.3149490639998,6.7391000000000085,137.51000000000002
BRD-K07766869,COc1ccc(cc1)CN(C)C[C@H]1OCCCC[C@H](C)Oc2ccc(cc2C(=O)N(C[C@H]1C)[C@@H](C)CO)NC(=O)NC1CCCCC1,0.96038302,0.895997659,0.99285565,1.002972885,38214204,COc1ccc(CN(C)C[C@H]2OCCCC[C@H](C)Oc3ccc(NC(=O)NC4CCCCC4)cc3C(=O)N([C@@H](C)CO)C[C@H]2C)cc1,ZMXRTTQUHKREAD-JCLAXVLHSA-N,44620140.0,652.4199855119999,6.076900000000006,112.6
BRD-K81965223,COCC(=O)Nc1ccc2c(c1)OC[C@H](C)N(C[C@@H](C)[C@H](CN(C)C2=O)OC)Cc1ccccc1OC,0.949100947,0.995038682,1.019141913,0.918167193,38230822,COCC(=O)Nc1ccc2c(c1)OC[C@H](C)N(Cc1ccccc1OC)C[C@@H](C)[C@@H](OC)CN(C)C2=O,QLZPZBLSBLKARK-GOHWNWGWSA-N,54636059.0,513.2838859679999,3.2863000000000016,89.57000000000002
BRD-K37636869,C[C@H]1CN([C@@H](C)CO)C(=O)c2cccc(c2O[C@@H]1CN(C)S(=O)(=O)c1cn(cn1)C)NS(=O)(=O)c1ccccc1,1.053289795,1.069747041,1.010523218,1.063798036,38363540,C[C@H]1CN([C@@H](C)CO)C(=O)c2cccc(NS(=O)(=O)c3ccccc3)c2O[C@@H]1CN(C)S(=O)(=O)c1cn(C)cn1,PQHOGXIAAGVYKU-SFYKDHMMSA-N,44495727.0,591.182140396,1.7617000000000005,151.14
BRD-K60162984,CC(C)NC(=O)N(C)C[C@H]1Oc2ccc(cc2CC(=O)N(C[C@H]1C)[C@H](C)CO)NS(=O)(=O)c1ccc(cc1)F,1.021562493,1.032923194,1.03349878,0.998794142,38399740,CC(C)NC(=O)N(C)C[C@H]1Oc2ccc(NS(=O)(=O)c3ccc(F)cc3)cc2CC(=O)N([C@H](C)CO)C[C@H]1C,SLFKXCCTUFBCPY-MPCDZSKCSA-N,44502148.0,564.241784124,2.8253000000000013,128.28
BRD-K57830670,CO[C@H]1CN(C)C(=O)c2cc(ccc2OC[C@H](C)N(C[C@H]1C)C(=O)CN(C)C)NC(=O)c1ccccc1,0.882900448,1.015717904,0.993174949,1.020597167,38568369,CO[C@H]1CN(C)C(=O)c2cc(NC(=O)c3ccccc3)ccc2OC[C@H](C)N(C(=O)CN(C)C)C[C@H]1C,OXVANDDYVOZFBN-RNHFSVANSA-N,54634099.0,510.284220316,2.8331000000000017,91.42
BRD-K65086352,C[C@@H]1CCCCO[C@H](CN(C)C(=O)CCCN(C)C)[C@H](C)CN([C@@H](C)CO)C(=O)c2cc(ccc2O1)NS(=O)(=O)C,0.900876023,1.075369132,0.97358919,1.040463896,38575133,C[C@@H]1CCCCO[C@H](CN(C)C(=O)CCCN(C)C)[C@H](C)CN([C@@H](C)CO)C(=O)c2cc(NS(C)(=O)=O)ccc2O1,MTZUJVYQNWSRMQ-QSGNWFJVSA-N,44618770.0,598.34002094,2.653800000000003,128.72
BRD-K28085823,C[C@H]1CN([C@H](C)CO)C(=O)c2c(c3ccccc3n2C)-c2ccccc2CO[C@@H]1CN(C)C(=O)c1cc(cc(c1)Cl)Cl,0.763100461,0.741006274,0.8517854,0.914409861,38627166,C[C@H](CO)N1C[C@H](C)[C@@H](CN(C)C(=O)c2cc(Cl)cc(Cl)c2)OCc2ccccc2-c2c(n(C)c3ccccc23)C1=O,XHSQRYCQVHKXLF-BNJCFXFUSA-N,60183969.0,607.2004619599999,6.282200000000007,75.01
BRD-K77070141,O[C@@H]1COC[C@@H]2O[C@@H](CC[C@H]2N(C1)C(=O)Nc1ccc(cc1)C(F)(F)F)CC(=O)NCCc1ccncc1,0.160076618,0.94429078,1.005829351,0.949023053,38712332,O=C(C[C@@H]1CC[C@@H]2[C@H](COC[C@@H](O)CN2C(=O)Nc2ccc(C(F)(F)F)cc2)O1)NCCc1ccncc1,OXBJYJVOMYCWNM-GPJHCHHRSA-N,54659146.0,536.224654752,2.990600000000001,113.02
BRD-K31643572,C[C@@H]1CN([C@H](C)CO)C(=O)Cc2cc(ccc2O[C@@H]1CN(C)C(=O)Nc1ccc(cc1)F)NC(=O)Nc1ccc(cc1)C(F)(F)F,0.989014893,0.81864022,0.955589897,0.81632069,38715181,C[C@@H]1CN([C@H](C)CO)C(=O)Cc2cc(NC(=O)Nc3ccc(C(F)(F)F)cc3)ccc2O[C@@H]1CN(C)C(=O)Nc1ccc(F)cc1,RQTRYXLLRXLSJE-NCXSOUSFSA-N,44498112.0,645.2574321000001,5.8014000000000046,123.24
BRD-K98714523,C[C@@H]1CCCCO[C@@H](CN(C)C(=O)Nc2ccc(cc2)C(F)(F)F)[C@@H](C)CN([C@H](C)CO)C(=O)c2cc(ccc2O1)NS(=O)(=O)c1cccs1,1.044746195,0.987102469,1.034071648,0.872610359,38865550,C[C@@H]1CCCCO[C@@H](CN(C)C(=O)Nc2ccc(C(F)(F)F)cc2)[C@@H](C)CN([C@H](C)CO)C(=O)c2cc(NS(=O)(=O)c3cccs3)ccc2O1,MAFQTNOLKRXSIQ-YTNVWYNJSA-N,44501814.0,740.2525263760001,6.527100000000008,137.51000000000002
BRD-K00678041,C[C@H]1CN([C@@H](C)CO)C(=O)c2cccc(c2O[C@@H]1CN(C)Cc1ccc(c(c1)Cl)Cl)NC(=O)C1CCCCC1,1.4358815,0.885218449,0.99780916,1.00604401,38925089,C[C@H]1CN([C@@H](C)CO)C(=O)c2cccc(NC(=O)C3CCCCC3)c2O[C@@H]1CN(C)Cc1ccc(Cl)c(Cl)c1,OFNMEGUDOANJDK-OWOAZTCBSA-N,44497893.0,575.231762088,5.864300000000005,82.10999999999999
BRD-K48812527,C[C@H]1COC(=O)[C@H](CC=CC[C@@H](CC(=O)N[C@@H](CO)Cc2ccccc2)C(=O)N1)CC(=O)OC(C)(C)C,0.941350381,1.052384199,1.003054463,1.00176734,38953658,C[C@H]1COC(=O)[C@@H](CC(=O)OC(C)(C)C)CC=CC[C@@H](CC(=O)N[C@@H](CO)Cc2ccccc2)C(=O)N1,CNWUADJOXCLDJI-KZKAQZJJSA-N,,516.2835516199999,2.4584,131.03
BRD-K38807453,C[C@H]1CCCCO[C@H](CN(C)CC2CCCCC2)[C@H](C)CN([C@@H](C)CO)C(=O)c2cc(ccc2O1)NS(=O)(=O)c1c(noc1C)C,1.143644931,0.937061952,0.998819863,1.034249778,38985844,Cc1noc(C)c1S(=O)(=O)Nc1ccc2c(c1)C(=O)N([C@@H](C)CO)C[C@@H](C)[C@@H](CN(C)CC1CCCCC1)OCCCC[C@H](C)O2,WIHMVTBVTHNAAG-FLWJLJKUSA-N,54615692.0,662.3713210679999,5.3998400000000055,134.44
BRD-K10934705,CC(C)(O)/C=C/C(=O)[C@](C)(O)[C@H]1[C@H](O)C[C@@]2(C)[C@@H]3CC=C4[C@@H](C=C(O[C@@H]5O[C@H](CO)[C@@H](O)[C@H](O)[C@H]5O)C(=O)C4(C)C)[C@]3(C)C(=O)C[C@]12C,0.991043704,1.075121681,0.989183512,1.031282971,39011264,CC(C)(O)/C=C/C(=O)[C@](C)(O)[C@H]1[C@H](O)C[C@@]2(C)[C@@H]3CC=C4[C@@H](C=C(O[C@@H]5O[C@H](CO)[C@@H](O)[C@H](O)[C@H]5O)C(=O)C4(C)C)[C@]3(C)C(=O)C[C@]12C,LIIOJBIJVPGVGO-HPCBBFKLSA-N,169089.0,676.3458771039998,0.8778999999999995,211.28
BRD-K77746132,C[C@H]1CN([C@H](C)CO)C(=O)c2cccc(c2O[C@@H]1CN(C)S(=O)(=O)c1ccc(cc1)C)NC(=O)c1cc(nn1C)C,0.970457952,1.026283809,0.989901331,1.04174811,39154217,Cc1ccc(S(=O)(=O)N(C)C[C@H]2Oc3c(NC(=O)c4cc(C)nn4C)cccc3C(=O)N([C@H](C)CO)C[C@@H]2C)cc1,FIQJACGDOIFRIQ-JDRJUVJTSA-N,44499289.0,583.2464549040001,2.830040000000001,134.07
BRD-K92420976,C[C@@H]1CCCCO[C@H](CN(C)C(=O)Nc2cccc3ccccc23)[C@H](C)CN([C@@H](C)CO)C(=O)c2cc(ccc2O1)NS(=O)(=O)C,0.990202449,1.001045174,1.015591107,0.883117434,39286620,C[C@@H]1CCCCO[C@H](CN(C)C(=O)Nc2cccc3ccccc23)[C@H](C)CN([C@@H](C)CO)C(=O)c2cc(NS(C)(=O)=O)ccc2O1,HOIMYILLWMYKCP-PWRUDQNKSA-N,44618403.0,654.308720812,5.170700000000006,137.51000000000002
BRD-K26347783,CC(C)CC#Cc1ccc2c(c1)O[C@H](CN(C)S(=O)(=O)c1cccc(c1)F)[C@H](C)CN([C@H](C)CO)S2(=O)=O,1.371704744,0.998322335,1.007788473,1.084901767,39349525,CC(C)CC#Cc1ccc2c(c1)O[C@H](CN(C)S(=O)(=O)c1cccc(F)c1)[C@H](C)CN([C@H](C)CO)S2(=O)=O,ZRGAWVIUTGDVOZ-IPVFLDMMSA-N,54626192.0,566.19205706,3.312600000000002,104.22
BRD-K13797589,CC1(C)OC(=O)C2([C@@H](CC(=O)C[C@@H]2c2ccc(cc2)-c2cccc(c2)-c2ccc(cc2)C(=O)O)c2ccccc2)C(=O)O1,0.490103814,1.03123673,1.016256254,1.065682995,39418856,CC1(C)OC(=O)C2(C(=O)O1)[C@@H](c1ccc(-c3cccc(-c4ccc(C(=O)O)cc4)c3)cc1)CC(=O)C[C@H]2c1ccccc1,HEUBOXBYENRFRN-IOWSJCHKSA-N,,574.1991533,6.771600000000007,106.97
BRD-K93061377,CCN(CC)/[N+](=N/OCOC(=O)C)[O-],1.106400335,1.020191463,1.033508454,1.02296752,39419057,CCN(CC)/[N+]([O-])=N/OCOC(C)=O,NZMFKFGVIPMXHU-UHFFFAOYSA-N,378448.0,205.10625596,0.6578999999999999,77.2
BRD-K31895350,C[C@H]1CN([C@@H](C)CO)C(=O)c2cc(ccc2O[C@H]1CN(C)C(=O)Nc1ccc2c(c1)OCO2)NC(=O)C1CC1,0.992448136,0.925625656,0.975878477,1.013696091,39533579,C[C@H]1CN([C@@H](C)CO)C(=O)c2cc(NC(=O)C3CC3)ccc2O[C@H]1CN(C)C(=O)Nc1ccc2c(c1)OCO2,QYYXGHRGMRCFCC-TZPNTHKFSA-N,44487932.0,538.242749428,3.147800000000001,129.67000000000002
BRD-K98662970,C[C@@H]1CN([C@H](C)CO)C(=O)Cc2cc(ccc2O[C@@H]1CN(C)Cc1ccc(cc1)Oc1ccccc1)NC(=O)Nc1ccc2c(c1)OCO2,0.903415278,0.161000314,0.967311548,0.617184007,39788962,C[C@@H]1CN([C@H](C)CO)C(=O)Cc2cc(NC(=O)Nc3ccc4c(c3)OCO4)ccc2O[C@@H]1CN(C)Cc1ccc(Oc2ccccc2)cc1,OYNIYJJSCYRIFI-PDOBOUQHSA-N,44501414.0,666.3053496840001,6.132600000000006,121.83
BRD-K73587017,COc1ccc(cc1)S(=O)(=O)N(C)C[C@H]1Oc2ccc(cc2CC(=O)N(C[C@H]1C)[C@H](C)CO)NC(=O)Cc1ccccc1,0.970529281,1.008323411,0.995671849,0.973341831,39795442,COc1ccc(S(=O)(=O)N(C)C[C@H]2Oc3ccc(NC(=O)Cc4ccccc4)cc3CC(=O)N([C@H](C)CO)C[C@H]2C)cc1,OXRZZFWFBJBVHG-IQLGONJTSA-N,44492571.0,609.2508715879999,3.3461000000000016,125.48
BRD-K23688998,C[C@@H]1CN([C@H](C)CO)C(=O)c2cc(ccc2O[C@@H]1CN(C)S(=O)(=O)c1cn(cn1)C)NS(=O)(=O)c1ccccc1,0.869092347,0.980643791,0.999195737,0.984958352,40011736,C[C@@H]1CN([C@H](C)CO)C(=O)c2cc(NS(=O)(=O)c3ccccc3)ccc2O[C@@H]1CN(C)S(=O)(=O)c1cn(C)cn1,SVLZFOKDCNSNIY-KHCICDEESA-N,44490124.0,591.182140396,1.7616999999999998,151.14
BRD-K72964264,CN1[C@@H]2CC[C@@H](CC(=O)NCc3ccccc3F)O[C@@H]2COc2ccc(cc2C1=O)NC(=O)C1CCOCC1,0.919155903,1.035489213,1.032246187,0.881996233,40200843,CN1C(=O)c2cc(NC(=O)C3CCOCC3)ccc2OC[C@H]2O[C@H](CC(=O)NCc3ccccc3F)CC[C@H]21,DPTUGZGKCKYDIY-BBVWWWHTSA-N,54657059.0,539.2431640279999,3.2779000000000016,106.2
BRD-K98522977,O[C@@H]1COC[C@H]2O[C@@H](CC[C@@H]2N(C1)C(=O)c1ccccn1)CC(=O)NC1CCC1,0.921299022,1.032929405,1.02400162,1.075055282,40364261,O=C(C[C@@H]1CC[C@H]2[C@@H](COC[C@@H](O)CN2C(=O)c2ccccn2)O1)NC1CCC1,PBSPTXLCKNYIOO-PBWTXFEYSA-N,54658743.0,403.210721028,0.8898999999999995,100.99
BRD-K03460235,COc1ccc(cc1)NC(=O)N(C)C[C@H]1OCCCC[C@H](C)Oc2ccc(cc2C(=O)N(C[C@H]1C)[C@@H](C)CO)NC(=O)NC(C)C,1.046074757,1.009221764,0.993838,1.058644074,40389999,COc1ccc(NC(=O)N(C)C[C@H]2OCCCC[C@H](C)Oc3ccc(NC(=O)NC(C)C)cc3C(=O)N([C@@H](C)CO)C[C@H]2C)cc1,ZPBITYIMYZEVMT-AOHZZOSCSA-N,54615545.0,641.378848972,5.184500000000005,141.7
BRD-K02160434,Cc1cc(nc(n1)C#N)C,0.994156321,1.009001911,0.992781375,0.994090403,40429179,Cc1cc(C)nc(C#N)n1,UJUJKEOTNKJDHF-UHFFFAOYSA-N,870742.0,133.063997224,0.96512,49.57
BRD-K61088929,C[C@@H]1CN([C@H](C)CO)C(=O)c2cccc(c2O[C@@H]1CN(C)S(=O)(=O)C)NC(=O)NC1CCCCC1,0.987878312,1.02518569,1.002157937,0.988944921,40434761,C[C@@H]1CN([C@H](C)CO)C(=O)c2cccc(NC(=O)NC3CCCCC3)c2O[C@@H]1CN(C)S(C)(=O)=O,LFGJXFPUWVSSCO-CBGDNZLLSA-N,44494791.0,510.251205936,2.2523,128.28
BRD-K67947355,CC(C)C[C@@H]1NC(=O)[C@@H]2C[C@@H]([C@@H](N2C1=O)c1ccc(cc1)O)C(=O)OCCOc1ccc(cc1)[C@H]1N2[C@@H]([C@@H](C(=O)OCC=C)[C@]11C(=O)Nc3ccc(cc31)I)C(=O)O[C@@H]([C@@H]2c1ccccc1)c1ccccc1,1.331994271,1.001112686,0.973570183,0.943819423,40458219,C=CCOC(=O)[C@@H]1[C@H]2C(=O)O[C@H](c3ccccc3)[C@H](c3ccccc3)N2[C@H](c2ccc(OCCOC(=O)[C@H]3C[C@H]4C(=O)N[C@@H](CC(C)C)C(=O)N4[C@H]3c3ccc(O)cc3)cc2)[C@@]12C(=O)Nc1ccc(I)cc12,GTLFSDYZSFQHDZ-AVRAVGGJSA-N,23947508.0,1084.2755565159998,7.421900000000007,190.11
BRD-K58989260,C[C@@H]1CCCCO[C@H](CN(C)C(=O)Nc2c(noc2C)C)[C@H](C)CN([C@H](C)CO)C(=O)c2cc(ccc2O1)NC(=O)Cc1ccccc1,0.988636621,1.010581589,0.997137799,1.004055628,40522620,Cc1noc(C)c1NC(=O)N(C)C[C@H]1OCCCC[C@@H](C)Oc2ccc(NC(=O)Cc3ccccc3)cc2C(=O)N([C@H](C)CO)C[C@H]1C,MUMMUGGPDFBDAE-MTCUJEMASA-N,44498611.0,663.3631989080001,5.432040000000005,146.46999999999997
BRD-K61397060,CC(C)NC(=O)N(C)C[C@@H]1Oc2cc(ccc2S(=O)(=O)N(C[C@@H]1C)[C@H](C)CO)C#Cc1ccccn1,0.949122161,1.000716145,0.989516178,0.97552128,40559794,CC(C)NC(=O)N(C)C[C@@H]1Oc2cc(C#Cc3ccccn3)ccc2S(=O)(=O)N([C@H](C)CO)C[C@@H]1C,XIBGLMHOKNPPLY-ROKPMTFOSA-N,54623510.0,514.224991188,2.2998000000000003,112.07
BRD-K06800716,C[C@@H]1CN([C@@H](C)CO)C(=O)c2cc(cnc2O[C@H]1CN(C)S(=O)(=O)c1cccc(c1)F)C#CC1CCCC1,1.305916028,0.895502352,0.942593237,0.953937145,40812170,C[C@@H]1CN([C@@H](C)CO)C(=O)c2cc(C#CC3CCCC3)cnc2O[C@H]1CN(C)S(=O)(=O)c1cccc(F)c1,FVCHMQYVSNASHY-GOHWNWGWSA-N,54630979.0,543.220320408,3.303200000000002,100.04
BRD-K11622523,COc1ccc(cc1)S(=O)(=O)N(C)C[C@@H]1OCCCC[C@@H](C)Oc2ccc(cc2C(=O)N(C[C@H]1C)[C@H](C)CO)NS(=O)(=O)C,1.000813522,0.985134333,1.013501315,0.929780296,40922802,COc1ccc(S(=O)(=O)N(C)C[C@@H]2OCCCC[C@@H](C)Oc3ccc(NS(C)(=O)=O)cc3C(=O)N([C@H](C)CO)C[C@H]2C)cc1,JUOXCHYNLBCSIN-OFKKAEEBSA-N,54616313.0,655.25972202,3.182900000000002,151.78
BRD-K03370161,Cc1ccc(cc1)S(=O)(=O)N1CCNCC1,1.134621181,0.963030882,0.988764441,0.993318285,41053609,Cc1ccc(S(=O)(=O)N2CCNCC2)cc1,VHFDYFUMWJSVCA-UHFFFAOYSA-N,704295.0,240.093248752,0.5889199999999999,49.41
BRD-K68257831,C[C@H]1CN([C@@H](C)CO)C(=O)c2cc(ccc2O[C@H]1CN(C)S(=O)(=O)c1ccccc1)NC(=O)CCCN(C)C,1.020514636,1.024529778,1.011283656,0.992717991,41126668,C[C@H]1CN([C@@H](C)CO)C(=O)c2cc(NC(=O)CCCN(C)C)ccc2O[C@H]1CN(C)S(=O)(=O)c1ccccc1,RYGUZWJSQXSRBK-WOVHNISZSA-N,44493858.0,560.266856,2.5077000000000007,119.49
BRD-K99597257,C[C@@H]1CN([C@H](C)CO)C(=O)c2cc(ccc2O[C@H]1CN(C)Cc1ccncc1)NC(=O)CCN1CCOCC1,0.870232118,1.065758643,0.991274401,1.005983578,41138107,C[C@@H]1CN([C@H](C)CO)C(=O)c2cc(NC(=O)CCN3CCOCC3)ccc2O[C@H]1CN(C)Cc1ccncc1,VXKDMLCNRLNBMM-LOYIFYEOSA-N,44491662.0,539.310769412,2.094500000000001,107.47
BRD-K39768941,COc1ccc(cc1)S(=O)(=O)Nc1ccc2c(c1)CC(=O)N(C[C@@H](C)[C@H](CN(C)Cc1ccc(cc1)-c1ccccc1)O2)[C@H](C)CO,0.944551701,0.747785669,0.87258774,0.703398568,41444179,COc1ccc(S(=O)(=O)Nc2ccc3c(c2)CC(=O)N([C@H](C)CO)C[C@@H](C)[C@H](CN(C)Cc2ccc(-c4ccccc4)cc2)O3)cc1,RZMKFQMJULYPIX-HXIALRTDSA-N,44501011.0,657.287257096,5.444000000000006,108.41
BRD-K98851173,COc1cc2c(cc1OC)CN(CC2)C(=O)[C@@H]1[C@@H]2N([C@H]([C@H](OC2=O)c2ccccc2)c2ccccc2)[C@H](c2ccc(cc2)OCCO)[C@@]11C(=O)Nc2ccc(cc21)C#CC1=CCCCC1,1.406355406,1.000091766,1.00591912,1.103065351,41555542,COc1cc2c(cc1OC)CN(C(=O)[C@@H]1[C@H]3C(=O)O[C@H](c4ccccc4)[C@H](c4ccccc4)N3[C@H](c3ccc(OCCO)cc3)[C@@]13C(=O)Nc1ccc(C#CC4=CCCCC4)cc13)CC2,LVRMHCJGRNIUJL-YJFULZIISA-N,6729456.0,869.367615592,7.782700000000009,126.87
BRD-K71319626,C[C@H]1CN([C@@H](C)CO)C(=O)c2cc(ccc2O[C@@H]1CN(C)Cc1ccc(c(c1)Cl)Cl)NS(=O)(=O)c1cccs1,1.129938806,1.037339525,0.968415132,0.962892658,41565323,C[C@H]1CN([C@@H](C)CO)C(=O)c2cc(NS(=O)(=O)c3cccs3)ccc2O[C@@H]1CN(C)Cc1ccc(Cl)c(Cl)c1,AATIEZKZMFDISZ-DPOKWSEZSA-N,44487719.0,611.108218452,5.207800000000005,99.17999999999998
BRD-K05669308,CCC(=O)Nc1ccc2c(c1)OC[C@@H](C)N(C[C@@H](C)[C@@H](CN(C)C2=O)OC)C(=O)CN1CCOCC1,1.202036574,0.961649428,0.985126281,1.048764757,41651687,CCC(=O)Nc1ccc2c(c1)OC[C@@H](C)N(C(=O)CN1CCOCC1)C[C@@H](C)[C@H](OC)CN(C)C2=O,NQTWUKGAHCTDGB-DNVFCKCGSA-N,54634418.0,504.29478499999993,1.6999000000000015,100.65
BRD-K90513690,CO[C@H]1C[C@H](C)[C@@H](OC)C2=CC(=O)C=C(NC(=O)/C(=C/C=C\[C@H](OC)[C@@H](OC(=O)N)/C(=C/[C@H](C)[C@H]1O)C)C)C2=O,0.688259026,1.029061665,1.001978764,0.956439416,41686590,CO[C@H]1/C=C\C=C(/C)C(=O)NC2=CC(=O)C=C(C2=O)[C@H](OC)[C@@H](C)C[C@H](OC)[C@H](O)[C@@H](C)/C=C(\C)[C@@H]1OC(N)=O,DWFFHRSGCPBMKD-UKHYHDJGSA-N,,560.2733808599999,2.0592000000000006,163.48
BRD-K94480226,O[C@H]1COC[C@@H]2O[C@@H](CC[C@H]2N(C1)C(=O)c1cnccn1)CC(=O)NCc1ccc(cc1)Oc1ccccc1,0.910251187,1.022418623,1.01879331,0.880316581,41969502,O=C(C[C@@H]1CC[C@@H]2[C@H](COC[C@H](O)CN2C(=O)c2cnccn2)O1)NCc1ccc(Oc2ccccc2)cc1,PYTZHGBIVUXMTM-LWKGULTFSA-N,54658937.0,532.232184744,2.7249,123.11
FLUTAMIDE,CC(C)C(=O)Nc1ccc([N+](=O)[O-])c(C(F)(F)F)c1,0.88313,0.899581075,0.993987282,0.8383992,41980728,CC(C)C(=O)Nc1ccc([N+](=O)[O-])c(C(F)(F)F)c1,MKXKFYHWDHIYRV-UHFFFAOYSA-N,3397.0,276.07217687200006,3.2081000000000017,72.24
BRD-K17086379,CN(C)C(=O)C[C@@H]1CC[C@@H]2[C@H](COC[C@@H](O)CN2S(=O)(=O)c2ccccc2)O1,1.060303266,1.133641432,1.050159738,0.97919021,42063898,CN(C)C(=O)C[C@@H]1CC[C@@H]2[C@H](COC[C@@H](O)CN2S(=O)(=O)c2ccccc2)O1,UTCINOJCUIPVBV-ONIAQPFYSA-N,54658908.0,412.1668076159999,0.462900000000001,96.38
BRD-K67093830,COc1cccc(c1)-c1ccc2c(c1)O[C@H](CN(C)C(=O)C1CC1)[C@H](C)CN([C@H](C)CO)S2(=O)=O,1.053389448,1.03950514,1.047471613,0.863373857,42168683,COc1cccc(-c2ccc3c(c2)O[C@H](CN(C)C(=O)C2CC2)[C@H](C)CN([C@H](C)CO)S3(=O)=O)c1,BHTYXYRTADOCRI-QZTZHPFYSA-N,54628477.0,502.2137578079999,2.9992000000000023,96.38
BRD-K59245761,CCCCN1CNC(=S)NC1,1.020181664,0.895292064,0.98661049,1.023605923,42309738,CCCCN1CNC(=S)NC1,WSCQSKLSWOQFNU-UHFFFAOYSA-N,3034134.0,173.09866848,0.4812000000000002,27.3
BRD-K55947193,C[C@H]1CN([C@@H](C)CO)C(=O)c2cc(ccc2O[C@H]1CN(C)Cc1ccc(cc1)Oc1ccccc1)NS(=O)(=O)c1ccc(cc1)F,1.184550803,1.047467164,0.99596037,1.091376533,42334507,C[C@H]1CN([C@@H](C)CO)C(=O)c2cc(NS(=O)(=O)c3ccc(F)cc3)ccc2O[C@H]1CN(C)Cc1ccc(Oc2ccccc2)cc1,PSWWDIXZTPANEG-SNCSJZQCSA-N,44484226.0,647.246535156,5.770900000000006,108.41
BRD-K16612454,C[C@@H]1CN([C@@H](C)CO)C(=O)c2cccc(c2O[C@H]1CN(C)S(=O)(=O)c1ccc2ncsc2c1)NC(=O)Nc1cccc2ccccc12,0.729575708,0.983548916,0.973820666,1.030615292,42449050,C[C@@H]1CN([C@@H](C)CO)C(=O)c2cccc(NC(=O)Nc3cccc4ccccc34)c2O[C@H]1CN(C)S(=O)(=O)c1ccc2ncsc2c1,SYOJCJGVIZYQRI-DGIFUFQNSA-N,46912173.0,673.2028758399999,5.634300000000006,141.17000000000002
BRD-K06582043,COCC#Cc1cnc2c(c1)C(=O)N(C[C@H](C)[C@@H](CN(C)C(=O)Nc1ccc(cc1)OC)O2)[C@@H](C)CO,0.874547556,1.057908519,1.000498521,1.046549536,42545573,COCC#Cc1cnc2c(c1)C(=O)N([C@@H](C)CO)C[C@H](C)[C@@H](CN(C)C(=O)Nc1ccc(OC)cc1)O2,ZSBREJBQOAFZBO-AXHZCLLHSA-N,54627523.0,510.2478348079999,2.472100000000001,113.46
BRD-A08782466,CCN1CC[C@]2(CN(CC32CCN(CC3)Cc2cnn(c2)C)S(=O)(=O)C)C1=O,0.990858849,0.995495005,1.004381901,1.030781039,42730960,CCN1CC[C@]2(CN(S(C)(=O)=O)CC23CCN(Cc2cnn(C)c2)CC3)C1=O,SQIXYWVUXDHDKW-IBGZPJMESA-N,97360559.0,409.2147608519999,0.5161000000000022,78.75
BRD-A82265247,Fc1ccc(cc1)S(=O)(=O)N1CCO[C@@H]1CNC(=O)C(=O)NCCN1CCOCC1,1.036835764,0.993583986,1.031865124,0.92155551,42751418,O=C(NCCN1CCOCC1)C(=O)NC[C@H]1OCCN1S(=O)(=O)c1ccc(F)cc1,LJILNDNWSWGMOH-MRXNPFEDSA-N,30469329.0,444.14788374,-1.2626999999999955,117.28
BRD-K38601854,C[C@H]1CN([C@H](C)CO)C(=O)c2cccc(c2O[C@H]1CN(C)S(=O)(=O)c1ccc(cc1)F)NS(=O)(=O)c1ccc(cc1)F,1.047687493,1.034576224,0.967071401,0.98940934,42772350,C[C@H](CO)N1C[C@H](C)[C@H](CN(C)S(=O)(=O)c2ccc(F)cc2)Oc2c(NS(=O)(=O)c3ccc(F)cc3)cccc2C1=O,IWXBPKNLJDGCTB-ANSQWYIGSA-N,44498055.0,623.1571487719999,3.306400000000002,133.32
BRD-K77986266,C[C@@H]1CN([C@H](C)CO)S(=O)(=O)c2ccc(cc2O[C@@H]1CN(C)S(=O)(=O)C)C#CCN(C)C,0.962118273,1.047985127,0.998576168,0.997423866,42775117,C[C@@H]1CN([C@H](C)CO)S(=O)(=O)c2ccc(C#CCN(C)C)cc2O[C@@H]1CN(C)S(C)(=O)=O,KFACFKMRGIWWEP-MBOZVWFJSA-N,54623000.0,487.181077776,0.2597000000000025,107.46
BRD-K57789378,C[C@H]1CN([C@@H](C)CO)C(=O)c2cc(ccc2O[C@@H]1CN(C)S(=O)(=O)c1ccc(cc1)Cl)NS(=O)(=O)C,0.930888759,0.886568883,0.968141306,0.963241365,42876924,C[C@H]1CN([C@@H](C)CO)C(=O)c2cc(NS(C)(=O)=O)ccc2O[C@@H]1CN(C)S(=O)(=O)c1ccc(Cl)cc1,UJUHAFPZSMKGKI-PONJGIIJSA-N,44484079.0,559.12136998,2.2523,133.32
BRD-K21691498,COc1ccc(cc1)CN(C)C[C@@H]1OCCCC[C@@H](C)Oc2ccc(cc2C(=O)N(C[C@H]1C)[C@@H](C)CO)NS(=O)(=O)c1cccs1,1.128541568,0.990869469,1.014929551,0.94860499,42929706,COc1ccc(CN(C)C[C@@H]2OCCCC[C@@H](C)Oc3ccc(NS(=O)(=O)c4cccs4)cc3C(=O)N([C@@H](C)CO)C[C@H]2C)cc1,URUYPBZFUNKRKA-IXTDCBFRSA-N,44498235.0,673.285542844,5.485000000000007,117.64
BRD-K74012095,CC1=CC=C(C(=O)O)C(=O)N1,1.016991045,0.968802717,1.017299617,1.121556755,42930954,Cc1ccc(C(=O)O)c(=O)[nH]1,XRIHTJYXIHOBDQ-UHFFFAOYSA-N,94960.0,153.042593084,0.3815199999999998,70.16
BRD-K85501960,C[C@@H]1CCCCO[C@H](CN(C)Cc2ccc(cc2)C(F)(F)F)[C@H](C)CN([C@@H](C)CO)C(=O)c2cc(ccc2O1)NC(=O)Nc1ccc(cc1)F,1.032749787,0.806991813,1.028465159,1.007176356,42932081,C[C@@H]1CCCCO[C@H](CN(C)Cc2ccc(C(F)(F)F)cc2)[C@H](C)CN([C@@H](C)CO)C(=O)c2cc(NC(=O)Nc3ccc(F)cc3)ccc2O1,PIPSXTOHKBCCEO-SUCLBKFRSA-N,54617193.0,702.340433452,7.416000000000009,103.37
BRD-K20342806,CN1CCN(CC1)C(=O)C[C@H]1O[C@@H](CO)[C@H](NS(=O)(=O)c2cccc(c2)F)C=C1,0.873043686,1.092847487,0.978237503,1.014171131,43242565,CN1CCN(C(=O)C[C@@H]2C=C[C@@H](NS(=O)(=O)c3cccc(F)c3)[C@H](CO)O2)CC1,BAJOMULNWMTCGT-JQHSSLGASA-N,54639127.0,427.157720152,-0.0473999999999976,99.18
BRD-K01173734,COc1ccccc1C#Cc1ccc2c(c1)O[C@H](CN(C)Cc1ccncc1)[C@H](C)CN([C@@H](C)CO)S2(=O)=O,1.224815455,0.923112146,1.039448466,0.901807834,43283925,COc1ccccc1C#Cc1ccc2c(c1)O[C@H](CN(C)Cc1ccncc1)[C@H](C)CN([C@@H](C)CO)S2(=O)=O,SKMQGQQMIDBVBZ-RLPNJSHFSA-N,54630181.0,549.2297422199999,3.390600000000003,92.2
BRD-K48936411,CN(C)C(=O)N1C[C@@H]2COC[C@@]2(CN2CCOCC2)C1,0.966666642,0.993886574,1.03485087,1.041034554,43424515,CN(C)C(=O)N1C[C@@H]2COC[C@@]2(CN2CCOCC2)C1,ICEDGBWTXQNFOM-TZMCWYRMSA-N,125215182.0,283.18959166,-0.0513999999999983,45.25
BRD-K93816275,CCOC(=O)c1cc2c(c(n1)-c1cccc(c1)-c1cccc(c1)F)[C@H](CCO)N(C2)S(=O)C(C)(C)C,0.758086671,0.997741965,0.983250724,1.049692833,43683300,CCOC(=O)c1cc2c(c(-c3cccc(-c4cccc(F)c4)c3)n1)[C@H](CCO)N(S(=O)C(C)(C)C)C2,BFUMNRXOBOWQIQ-YIDLWOTISA-N,56835596.0,510.1988566920001,5.432700000000007,79.73
BRD-K56174544,Cn1cnc(c1)S(=O)(=O)N1C[C@H](O)COC[C@@H]2O[C@@H](CC[C@H]21)CC(=O)NCc1cc(cc(c1)F)F,0.988528166,0.976250277,1.000896911,0.977450063,43703554,Cn1cnc(S(=O)(=O)N2C[C@H](O)COC[C@@H]3O[C@H](CC(=O)NCc4cc(F)cc(F)c4)CC[C@H]32)c1,MZQNPFHKPQODBR-HAGHYFMRSA-N,54659955.0,514.169762056,0.7028000000000005,122.99
BRD-K02703973,C[C@@H]1CN([C@@H](C)CO)S(=O)(=O)c2ccc(cc2O[C@@H]1CN(C)Cc1cncnc1)-c1ccccc1F,1.183014473,0.977400125,0.975662318,1.005753914,43707005,C[C@@H]1CN([C@@H](C)CO)S(=O)(=O)c2ccc(-c3ccccc3F)cc2O[C@@H]1CN(C)Cc1cncnc1,LMCYGWFVACRRKL-HHJKRLRDSA-N,54626547.0,514.2050046920001,3.183300000000002,95.86
BRD-K30630976,C[C@H]1CCCCO[C@H](CN(C)S(=O)(=O)c2ccc(cc2)C)[C@@H](C)CN([C@H](C)CO)C(=O)c2cc(ccc2O1)NC(=O)Nc1ccc2c(c1)OCO2,1.212050569,1.089031152,1.083091935,0.987331669,43795448,Cc1ccc(S(=O)(=O)N(C)C[C@H]2OCCCC[C@H](C)Oc3ccc(NC(=O)Nc4ccc5c(c4)OCO5)cc3C(=O)N([C@H](C)CO)C[C@@H]2C)cc1,FIXJXFANFVNVGW-BTHRYZMCSA-N,54617236.0,724.3142001159999,5.483920000000007,155.97
BRD-K21247811,C[C@H]1CN([C@H](C)CO)C(=O)c2cc(ccc2O[C@@H]1CN(C)S(=O)(=O)c1ccc(cc1)F)NC(=O)Cn1cnnn1,0.987516537,1.019979681,0.992059059,0.992735523,43901955,C[C@H](CO)N1C[C@H](C)[C@@H](CN(C)S(=O)(=O)c2ccc(F)cc2)Oc2ccc(NC(=O)Cn3cnnn3)cc2C1=O,YAUTWUKMHZNSET-YGKZAACZSA-N,44491593.0,575.1962309,0.9917,159.84999999999997
BRD-A07141445,CC(=O)N[C@@H](CC(=O)O)C(=O)N[C@@H](CCC(=O)O)C(=O)O,1.010970219,0.957957518,1.010343694,1.058972066,43902092,CC(=O)N[C@@H](CC(=O)O)C(=O)N[C@@H](CCC(=O)O)C(=O)O,OPVPGKGADVGKTG-BQBZGAKWSA-N,188803.0,304.090665472,-1.5999999999999988,170.09999999999997
BRD-K19965080,C[C@@H]1CN([C@@H](C)CO)C(=O)CCCn2nncc2CO[C@@H]1CN(C)S(=O)(=O)c1ccc(cc1)Oc1ccccc1,1.120604306,0.996294472,1.015543387,1.032765815,43905839,C[C@@H]1CN([C@@H](C)CO)C(=O)CCCn2nncc2CO[C@@H]1CN(C)S(=O)(=O)c1ccc(Oc2ccccc2)cc1,QEXGJGRYUGYWJV-UMTXDNHDSA-N,44505541.0,571.246454904,2.9156000000000004,127.09
BRD-K13719665,COCC#Cc1ccc2c(c1)O[C@@H](CN(C)C(=O)c1ccccc1)[C@H](C)CN([C@H](C)CO)S2(=O)=O,1.073612754,0.954183388,1.021886408,1.028022732,44116413,COCC#Cc1ccc2c(c1)O[C@@H](CN(C)C(=O)c1ccccc1)[C@H](C)CN([C@H](C)CO)S2(=O)=O,WSOKTICHCDBIRE-REHUZNOOSA-N,54623478.0,500.1981077439999,2.225300000000001,96.38
CEFADROXIL,CC1=C(C(=O)O)N2C(=O)C(NC(=O)C(N)c3ccc(O)cc3)C2SC1,0.79046,0.926267736,1.013666809,0.968666623,44144396,CC1=C(C(=O)O)N2C(=O)C(NC(=O)C(N)c3ccc(O)cc3)C2SC1,BOEGTKLJZSQCCD-UHFFFAOYSA-N,2610.0,363.088891644,0.150500000000001,132.96
BRD-K64176200,COc1ccc(cc1)CCN1C(=O)[C@]2(Cc3ccccc31)[C@@H](N(Cc1ccccc1)C(=O)c1ccccc12)c1ccc(cc1)COC(=O)NCCCCCC(=O)NO,0.922619316,1.071264466,1.004923702,1.034007936,44224509,COc1ccc(CCN2C(=O)[C@@]3(Cc4ccccc42)c2ccccc2C(=O)N(Cc2ccccc2)[C@H]3c2ccc(COC(=O)NCCCCCC(=O)NO)cc2)cc1,VFVCGEFSFSOFNE-ZUFNAWNRSA-N,,780.3522998760001,7.454300000000009,137.51
BRD-K33726204,C[C@H]1CN([C@@H](C)CO)C(=O)Cc2cc(ccc2O[C@@H]1CN(C)S(=O)(=O)c1cccs1)NC(=O)CCN1CCOCC1,1.109528567,0.986093304,1.004425554,0.999014042,44251430,C[C@H]1CN([C@@H](C)CO)C(=O)Cc2cc(NC(=O)CCN3CCOCC3)ccc2O[C@@H]1CN(C)S(=O)(=O)c1cccs1,FMSOLVKCJDJSSJ-STWLZBDKSA-N,44485710.0,608.2338416200001,1.878600000000001,128.72
BRD-K37749127,COc1ccc(cc1)NC(=O)N(C)C[C@H]1Oc2cc(ccc2S(=O)(=O)N(C[C@@H]1C)[C@H](C)CO)C#CCN(C)C,1.16782586,0.990461956,0.994840274,1.03011814,44549326,COc1ccc(NC(=O)N(C)C[C@H]2Oc3cc(C#CCN(C)C)ccc3S(=O)(=O)N([C@H](C)CO)C[C@@H]2C)cc1,BTAXIRVUQPPFKV-LZCXECNNSA-N,54627366.0,558.251205936,2.540800000000001,111.65
BRD-K56527861,C[C@@H]1CN([C@@H](C)CO)C(=O)c2cc(ccc2O[C@H]1CN(C)C(=O)Nc1c(noc1C)C)NC(=O)Cn1cnnn1,0.962724478,1.126311652,0.965883392,1.033936643,44684242,Cc1noc(C)c1NC(=O)N(C)C[C@@H]1Oc2ccc(NC(=O)Cn3cnnn3)cc2C(=O)N([C@@H](C)CO)C[C@H]1C,XDRXITHCKHBCSU-WIEQDCTASA-N,44489634.0,555.2553797760002,1.3006400000000005,180.84
BRD-K72898849,COc1cc(c(c(c1Cl)-c1ccc2nc(ncc2c1)Nc1c(cccc1NC(=O)C=C)C)Cl)OC,1.027220268,0.756843007,1.021777469,0.764554842,44752356,C=CC(=O)Nc1cccc(C)c1Nc1ncc2cc(-c3c(Cl)c(OC)cc(OC)c3Cl)ccc2n1,TXEBNKKOLVBTFK-UHFFFAOYSA-N,72710839.0,508.106895924,6.7973200000000045,85.37000000000002
BRD-K12324787,C[C@@H]1CN([C@H](C)CO)C(=O)c2cccc(c2O[C@@H]1CN(C)Cc1ccc(cc1)C(=O)O)NC(=O)c1cc(nn1C)C,0.971185419,1.003084896,0.990824752,0.981263441,44786180,Cc1cc(C(=O)Nc2cccc3c2O[C@H](CN(C)Cc2ccc(C(=O)O)cc2)[C@H](C)CN([C@H](C)CO)C3=O)n(C)n1,HCWMKQYEAWMZMO-YMJPAYASSA-N,44499757.0,563.274383904,3.0311200000000014,137.23000000000002
BRD-K56179300,CC(=CCC[C@@](C)(O)C=C)C,0.860574067,1.07185849,0.968035433,0.985684911,44862627,C=C[C@](C)(O)CCC=C(C)C,CDOSHBSSFJOMGT-JTQLQIEISA-N,443158.0,154.135765196,2.6698000000000013,20.23
BRD-K68491913,Clc1ccc(cc1)OC(=O)c1sc2ccccc2c1Cl,1.121228209,1.027209698,1.084045319,1.054629593,44959281,O=C(Oc1ccc(Cl)cc1)c1sc2ccccc2c1Cl,NYANKWBSPPDSFP-UHFFFAOYSA-N,833497.0,321.962205856,5.4273000000000025,26.3
BRD-K36164005,C[C@H]1CN([C@@H](C)CO)C(=O)CCCn2cc(nn2)CO[C@@H]1CN(C)S(=O)(=O)c1ccc(cc1)-c1ccccc1,0.850974174,1.037193104,0.985903932,0.95543706,45050269,C[C@H]1CN([C@@H](C)CO)C(=O)CCCn2cc(nn2)CO[C@@H]1CN(C)S(=O)(=O)c1ccc(-c2ccccc2)cc1,KKXDONJUIJKAIN-BCQCSXDESA-N,44505146.0,555.2515402839999,2.790300000000001,117.86
BRD-K63671911,C[C@H]1CN([C@H](C)CO)C(=O)c2cccc(c2O[C@H]1CN(C)S(=O)(=O)c1cn(cn1)C)NS(=O)(=O)C,0.916937049,1.024682915,0.979243668,0.959943309,45339734,C[C@H](CO)N1C[C@H](C)[C@H](CN(C)S(=O)(=O)c2cn(C)cn2)Oc2c(NS(C)(=O)=O)cccc2C1=O,KBLDESISJTZKPD-DAYGRLMNSA-N,44483802.0,529.166490332,0.3324000000000021,151.14
BRD-K92488350,CN(C)c1nc(c2cnn(c2n1)C)NCCO,0.999577057,1.010123028,1.006012601,1.096111042,45378781,CN(C)c1nc(NCCO)c2cnn(C)c2n1,NKRROJRFTFPGFT-UHFFFAOYSA-N,7216374.0,236.138559132,-0.1665000000000004,79.10000000000001
BRD-K66919137,C[C@@H]1CN([C@@H](C)CO)C(=O)Cc2cc(ccc2O[C@H]1CN(C)C(=O)Nc1ccc(cc1)F)NC(=O)Nc1cccc2ccccc12,1.099616892,1.076753433,0.988474594,1.02831421,45442279,C[C@@H]1CN([C@@H](C)CO)C(=O)Cc2cc(NC(=O)Nc3cccc4ccccc34)ccc2O[C@H]1CN(C)C(=O)Nc1ccc(F)cc1,OVKYAUBKHHVWBJ-MODXFSQWSA-N,44616942.0,627.2856975360002,5.935800000000005,123.24
BRD-K55137639,C[C@@H]1CN([C@@H](C)CO)C(=O)Cc2cc(ccc2O[C@H]1CN(C)C(=O)Nc1ccc(cc1)C(F)(F)F)NS(=O)(=O)c1ccc(cc1)Cl,1.095423934,1.176448137,1.100577976,0.943938453,45735738,C[C@@H]1CN([C@@H](C)CO)C(=O)Cc2cc(NS(=O)(=O)c3ccc(Cl)cc3)ccc2O[C@H]1CN(C)C(=O)Nc1ccc(C(F)(F)F)cc1,AOOWTWOAVFKVAZ-HNPLUWAHSA-N,54614241.0,682.1839681480001,5.4725000000000055,128.28
BRD-K53343225,C[C@H]1CCCCO[C@H](CN(C)S(=O)(=O)c2ccccc2)[C@@H](C)CN([C@@H](C)CO)C(=O)c2cc(ccc2O1)NC(=O)Nc1cccc2ccccc12,1.197966884,1.018100178,1.04806999,0.950875998,45841604,C[C@H]1CCCCO[C@H](CN(C)S(=O)(=O)c2ccccc2)[C@@H](C)CN([C@@H](C)CO)C(=O)c2cc(NC(=O)Nc3cccc4ccccc34)ccc2O1,CBWNKCGJFIPCLT-CWJVHARTSA-N,54617786.0,716.324370876,6.6000000000000085,137.51000000000002
BRD-K38585149,CCOC(=O)C1=CNC=NC1=O,0.952900961,1.052682762,1.002453902,1.020829486,45869486,CCOC(=O)c1c[nH]cnc1=O,PLMIZYMXBHSARX-UHFFFAOYSA-N,96347.0,168.053492116,-0.0533999999999998,72.05000000000001
BRD-K62130095,COCC(=O)N[C@H]1C=C[C@H](CC(=O)N2CCCCC2)O[C@@H]1CO,0.904741461,1.023507372,1.013025715,0.943211492,45934148,COCC(=O)N[C@H]1C=C[C@H](CC(=O)N2CCCCC2)O[C@@H]1CO,BHRCWANBCSKYFS-HZSPNIEDSA-N,54639074.0,326.184171932,-0.163899999999999,88.10000000000001
BRD-K18582087,Cn1cnc(c1)S(=O)(=O)N1C[C@H](O)COC[C@H]2O[C@@H](CC[C@@H]21)CC(=O)NC1CCCC1,1.03033641,1.024353462,1.045008234,1.107004265,46100826,Cn1cnc(S(=O)(=O)N2C[C@H](O)COC[C@H]3O[C@H](CC(=O)NC4CCCC4)CC[C@@H]32)c1,QENUMWMCMHNVCJ-XLAORIBOSA-N,54660584.0,456.204255744,0.1670000000000016,122.99
BRD-K66351637,O=S(=O)(Nn1cnnc1)c1ccccc1,0.918802536,1.059076633,0.996405834,0.984026822,46143250,O=S(=O)(Nn1cnnc1)c1ccccc1,DPLZRNFOHUBEDT-UHFFFAOYSA-N,555204.0,224.036796496,0.2104999999999994,76.88
BRD-K91090457,C[C@H]1CCCCO[C@H](CN(C)C(=O)Nc2ccc(cc2)C(F)(F)F)[C@H](C)CN([C@@H](C)CO)C(=O)c2cc(ccc2O1)NS(=O)(=O)c1ccccc1,1.189556649,0.989222565,0.873901074,0.939330475,46268778,C[C@@H]1CN([C@@H](C)CO)C(=O)c2cc(NS(=O)(=O)c3ccccc3)ccc2O[C@@H](C)CCCCO[C@@H]1CN(C)C(=O)Nc1ccc(C(F)(F)F)cc1,RIWPGCWMYFCJEG-PHAQOQMTSA-N,54617044.0,734.2961054400001,6.465600000000007,137.51000000000002
BRD-A90252868,COC(=O)[C@H](Cc1ccccc1)N1CC2=C[C@@H]([C@@H](O)CCn3cc(nn3)CCC(=O)NO)N3N([C@@H]2[C@H](O1)C1CC1)C(=O)N(C)C3=O,0.907405358,0.975152503,0.993507888,0.986065102,46452589,COC(=O)[C@H](Cc1ccccc1)N1CC2=C[C@@H]([C@@H](O)CCn3cc(CCC(=O)NO)nn3)n3c(=O)n(C)c(=O)n3[C@@H]2[C@@H](C2CC2)O1,GKMKPLUIMWDESJ-VHFKECKOSA-N,,638.2812601760002,-0.338499999999996,187.97
BRD-K90734182,C[C@H]1CCCCO[C@H](CN(C)S(=O)(=O)c2ccc(cc2)C)[C@H](C)CN([C@H](C)CO)C(=O)c2cc(ccc2O1)NC(=O)Nc1ccccc1,1.045775387,1.007554159,1.004103824,1.040728208,46486893,Cc1ccc(S(=O)(=O)N(C)C[C@H]2OCCCC[C@H](C)Oc3ccc(NC(=O)Nc4ccccc4)cc3C(=O)N([C@H](C)CO)C[C@H]2C)cc1,NUFPJBMQCUUNGC-OAGJSAJJSA-N,54615956.0,680.3243708759999,5.755220000000007,137.51000000000002
BRD-K92379455,C[C@H]1CN([C@@H](C)CO)S(=O)(=O)c2ccc(cc2O[C@@H]1CN(C)C(=O)c1ccccn1)C#Cc1ccccc1,1.02351401,1.010556264,1.011810726,0.986469652,46630914,C[C@H]1CN([C@@H](C)CO)S(=O)(=O)c2ccc(C#Cc3ccccc3)cc2O[C@@H]1CN(C)C(=O)c1ccccn1,OLHFYSBAVZSGEZ-BCQCSXDESA-N,60185718.0,533.198442092,3.0222000000000016,100.04
BRD-A09840326,OC[C@H]1O[C@@H](C[C@@H]1O)Nc1ccccc1,0.841715084,0.998897418,1.017683898,0.953802098,46910249,OC[C@H]1O[C@H](Nc2ccccc2)C[C@@H]1O,OYCBOKNPGJKONC-AXFHLTTASA-N,7052093.0,209.10519334,0.5666999999999999,61.72
BRD-K25596166,C[C@@H]1CN([C@@H](C)CO)C(=O)Cc2cc(ccc2O[C@@H]1CN(C)S(=O)(=O)c1cccs1)NC(=O)CCCN(C)C,1.019308737,0.977068698,0.954982209,0.978301772,46922573,C[C@@H]1CN([C@@H](C)CO)C(=O)Cc2cc(NC(=O)CCCN(C)C)ccc2O[C@@H]1CN(C)S(=O)(=O)c1cccs1,XBYJXPCTIGBQFU-JXALWOEJSA-N,44496803.0,580.238927,2.4981,119.49
BRD-K49899088,C[C@H]1CN([C@H](C)CO)C(=O)Cc2cc(ccc2O[C@@H]1CN(C)Cc1ccc(cc1)C(=O)O)NC(=O)Cn1cnnn1,0.885677604,1.034866348,0.991799198,0.990615754,47014447,C[C@H](CO)N1C[C@H](C)[C@@H](CN(C)Cc2ccc(C(=O)O)cc2)Oc2ccc(NC(=O)Cn3cnnn3)cc2CC1=O,KJXXJYJLMSHPPW-OSWQYVSFSA-N,44497809.0,565.2648818399999,1.2910000000000017,163.01
BRD-K24318409,CC(=O)OC[C@H]1OC[C@H](OC(=O)C)[C@@H](OC(=O)C)[C@H]1OC(=O)C,0.791437512,1.010242435,1.029128492,0.956759451,47017676,CC(=O)OC[C@H]1OC[C@H](OC(C)=O)[C@@H](OC(C)=O)[C@H]1OC(C)=O,ULWHEXUWXLOVPV-ZOBORPQBSA-N,6710916.0,332.11073222,-0.2565999999999995,114.43
BRD-K60759206,CN1CCN(CC1)C(=O)C[C@@H]1CC[C@H]2[C@H](COc3ccc(cc3C(=O)N2C)NC(=O)c2cscn2)O1,0.980256475,1.06271702,0.966539134,1.045785316,47059364,CN1CCN(C(=O)C[C@@H]2CC[C@H]3[C@H](COc4ccc(NC(=O)c5cscn5)cc4C(=O)N3C)O2)CC1,MBWHXZFHLNKYMT-XJABCFGWSA-N,54654155.0,513.204590092,1.9400999999999995,104.31
BRD-K92042036,C[C@H]1CN([C@H](C)CO)C(=O)c2cc(ccc2O[C@H]1CN(C)Cc1ccccc1)NC(=O)CCCCCC(=O)Nc1ccccc1N,1.084484778,0.963652245,1.002681693,1.000944703,47244186,C[C@H](CO)N1C[C@H](C)[C@H](CN(C)Cc2ccccc2)Oc2ccc(NC(=O)CCCCCC(=O)Nc3ccccc3N)cc2C1=O,FYUDBAMLWPXVFL-REYAJUCUSA-N,44506256.0,629.357719604,5.148600000000004,137.23
BRD-K70540473,C[C@H]1CCCCO[C@@H](CN(C)Cc2ccccc2)[C@H](C)CN([C@H](C)CO)C(=O)c2cc(ccc2O1)NC(=O)C1CCCCC1,0.830737143,0.939932138,0.995643038,1.051667118,47278334,C[C@@H]1CN([C@H](C)CO)C(=O)c2cc(NC(=O)C3CCCCC3)ccc2O[C@@H](C)CCCCO[C@H]1CN(C)Cc1ccccc1,NEWUPOOZNLAAQT-UYICUSKSSA-N,49843194.0,607.398521796,6.132900000000007,91.34
BRD-K79483334,COc1ccc(cc1)NC(=O)N(C)C[C@@H]1Oc2c(cccc2C(=O)N(C[C@H]1C)[C@H](C)CO)NC(=O)C1CCOCC1,0.880674849,1.06731533,1.001566155,1.074515101,47295779,COc1ccc(NC(=O)N(C)C[C@@H]2Oc3c(NC(=O)C4CCOCC4)cccc3C(=O)N([C@H](C)CO)C[C@H]2C)cc1,PONAXCTYUQIVCB-KYTVRQNUSA-N,44496126.0,568.28969962,3.444300000000002,129.67
BRD-K72005094,COc1cc2c(cc1OC)C(=O)NCC2,1.048740683,0.896883838,0.994071703,1.029263513,47323289,COc1cc2c(cc1OC)C(=O)NCC2,MQKFSXLBPPCAGR-UHFFFAOYSA-N,610097.0,207.089543276,0.9897,47.56
BRD-K62536698,C[C@@H]1CN([C@@H](C)CO)C(=O)c2cc(cnc2O[C@H]1CN(C)C(=O)c1cccnc1)-c1ccc(cc1)C(=O)N(C)C,1.051978126,1.016164701,1.013317018,1.104900244,47381375,C[C@@H]1CN([C@@H](C)CO)C(=O)c2cc(-c3ccc(C(=O)N(C)C)cc3)cnc2O[C@H]1CN(C)C(=O)c1cccnc1,VCCVFAYJTMFBQW-GOHWNWGWSA-N,54627649.0,545.26381922,2.8377000000000008,116.17
BRD-K47558670,C[C@@H]1CN([C@@H](C)CO)C(=O)Cc2cc(ccc2O[C@@H]1CN(C)Cc1ccc(cc1)C(F)(F)F)NC(=O)Nc1ccccc1,0.598604223,0.697772801,0.715355349,1.013793641,47604450,C[C@@H]1CN([C@@H](C)CO)C(=O)Cc2cc(NC(=O)Nc3ccccc3)ccc2O[C@@H]1CN(C)Cc1ccc(C(F)(F)F)cc1,RRTIWHGSFRWPSK-UETOGOEVSA-N,44502838.0,598.276690324,5.630400000000005,94.14
BRD-K65110764,COC(=O)CNS(=O)(=O)c1ccsc1C(=O)OC,1.026119089,0.912029148,0.999982245,1.041335769,47760042,COC(=O)CNS(=O)(=O)c1ccsc1C(=O)OC,KUTKKTKUSGIBPZ-UHFFFAOYSA-N,717593.0,293.002779072,-0.0140000000000002,98.77
BRD-K37107620,OC[C@H](Cc1ccccc1)NC(=O)C[C@@H]1CC=CC[C@@H](NC(=O)OCC2c3ccccc3-c3ccccc32)C(=O)OC[C@H](Cc2ccccc2)NC1=O,0.814650915,1.010872344,1.029797133,1.04615283,47829792,O=C(C[C@@H]1CC=CC[C@@H](NC(=O)OCC2c3ccccc3-c3ccccc32)C(=O)OC[C@H](Cc2ccccc2)NC1=O)N[C@H](CO)Cc1ccccc1,QEHNZZOMPYGTJH-YGGLUXATSA-N,,715.3257507799999,5.240500000000004,143.06000000000003
BRD-K58748191,C[C@@H]1CCCCO[C@@H](CN(C)Cc2ccccc2)[C@@H](C)CN([C@@H](C)CO)C(=O)c2cc(ccc2O1)NS(=O)(=O)c1cccs1,1.084770773,0.995127724,1.002278424,1.048548499,47844805,C[C@@H]1CCCCO[C@@H](CN(C)Cc2ccccc2)[C@@H](C)CN([C@@H](C)CO)C(=O)c2cc(NS(=O)(=O)c3cccs3)ccc2O1,NLNOREAGNASAOL-PDTFHCFTSA-N,44492615.0,643.2749781599999,5.476400000000007,108.41
BRD-K11477112,CO[C@@H]1CN(C)C(=O)c2cc(ccc2OC[C@H](C)N(C[C@H]1C)C(=O)CN(C)C)NC(=O)Nc1ccccc1,0.947944173,1.040515427,1.002619112,0.89791959,47945653,CO[C@@H]1CN(C)C(=O)c2cc(NC(=O)Nc3ccccc3)ccc2OC[C@H](C)N(C(=O)CN(C)C)C[C@H]1C,XWLPDPDFVWQKHJ-OHUGHZGNSA-N,54633540.0,525.2951193480001,3.224800000000001,103.45
BRD-K93721607,C[C@H]1CN([C@@H](C)CO)C(=O)c2cccc(c2O[C@H]1CN(C)S(=O)(=O)c1cccs1)NC(=O)c1ccncc1,0.914836748,1.034971046,1.000305097,0.924248231,47952936,C[C@H]1CN([C@@H](C)CO)C(=O)c2cccc(NC(=O)c3ccncc3)c2O[C@H]1CN(C)S(=O)(=O)c1cccs1,UMUMDIXYWKRRCG-SPEDKVCISA-N,44496267.0,558.1606766800002,2.9362000000000013,129.14
BRD-K78573876,OC(=O)/C=C/C(=O)Nc1nccs1,0.907980808,1.022446407,0.985921393,1.055283717,47958617,O=C(O)/C=C/C(=O)Nc1nccs1,UUHHOCIQPDUBSP-UHFFFAOYSA-N,255361.0,198.009913052,0.7223999999999997,79.28999999999999
BRD-K60479766,CCCNC(=O)N(C)C[C@@H]1Oc2cc(ccc2S(=O)(=O)N(C[C@@H]1C)[C@H](C)CO)-c1ccccc1F,1.108553206,0.977863041,1.015573377,0.86169974,47967781,CCCNC(=O)N(C)C[C@@H]1Oc2cc(-c3ccccc3F)ccc2S(=O)(=O)N([C@H](C)CO)C[C@@H]1C,YZGVRROAGSWMNC-IXFSTUDKSA-N,54619890.0,507.220320408,3.312700000000002,99.18
BRD-K02193160,C[C@H]1CN([C@@H](C)CO)C(=O)c2cc(cnc2O[C@@H]1CN(C)C(=O)Nc1cc(ccc1F)F)C#CCN(C)C,0.940051191,1.017884378,1.029734856,0.941046454,47983666,C[C@H]1CN([C@@H](C)CO)C(=O)c2cc(C#CCN(C)C)cnc2O[C@@H]1CN(C)C(=O)Nc1cc(F)ccc1F,NXNNTLLENCNWNJ-LLJLJFOGSA-N,54626525.0,529.250060976,2.656900000000001,98.24
BRD-K32413672,COc1ccc(cc1)S(=O)(=O)N(C)C[C@H]1Oc2ccc(cc2CC(=O)N(C[C@@H]1C)[C@H](C)CO)NC(=O)Nc1c(noc1C)C,0.948944766,1.140145025,0.998565321,1.002404849,48096171,COc1ccc(S(=O)(=O)N(C)C[C@H]2Oc3ccc(NC(=O)Nc4c(C)noc4C)cc3CC(=O)N([C@H](C)CO)C[C@@H]2C)cc1,IUARVXVZSOWMSN-DSNGTPCMSA-N,54614239.0,629.251934208,3.4137400000000007,163.53999999999996
BRD-K02244218,Cc1cc2ccccc2n1CCN,0.909217954,0.973796651,0.98149842,1.067643475,48108021,Cc1cc2ccccc2n1CCN,PZTWBKQLMZMJDN-UHFFFAOYSA-N,2049534.0,174.115698448,1.90842,30.95
BRD-K33958240,C[C@@H]1CCCCO[C@@H](CN(C)Cc2ccccc2)[C@H](C)CN([C@@H](C)CO)C(=O)c2cc(ccc2O1)NS(=O)(=O)c1ccc(cc1)F,0.931403111,1.011011599,0.986401352,0.975811,48197894,C[C@@H]1CCCCO[C@@H](CN(C)Cc2ccccc2)[C@H](C)CN([C@@H](C)CO)C(=O)c2cc(NS(=O)(=O)c3ccc(F)cc3)ccc2O1,AOVZEKKCHSEONH-VUYBWUDLSA-N,54617127.0,655.3091354119999,5.554000000000007,108.41
BRD-K02048216,C[C@H]1CN([C@H](C)CO)C(=O)c2cccc(c2O[C@@H]1CN(C)Cc1ccc(cc1)C(=O)Nc1ccccc1N)NC(=O)c1nc2ccccc2s1,1.040712369,0.885127394,0.960416757,0.866690801,48430095,C[C@H](CO)N1C[C@H](C)[C@@H](CN(C)Cc2ccc(C(=O)Nc3ccccc3N)cc2)Oc2c(NC(=O)c3nc4ccccc4s3)cccc2C1=O,QLYAZMSBNLAUET-JOUUIMRQSA-N,44507050.0,692.2780893800001,5.735200000000005,150.12
NITROMIDE,NC(=O)c1cc([N+](=O)[O-])cc([N+](=O)[O-])c1,0.96156,0.919176932,0.99099911,1.15361138,48452209,NC(=O)c1cc([N+](=O)[O-])cc([N+](=O)[O-])c1,UUKWKUSGGZNXGA-UHFFFAOYSA-N,4511.0,211.02292026,0.6018999999999999,129.37
BRD-K62948183,COc1ccc(cc1)NC(=O)N(C)C[C@@H]1OCCCC[C@H](C)Oc2ccc(cc2C(=O)N(C[C@H]1C)[C@H](C)CO)NC(=O)C1CCCCC1,0.902762989,1.002212645,1.011274547,0.985994359,48513753,COc1ccc(NC(=O)N(C)C[C@@H]2OCCCC[C@H](C)Oc3ccc(NC(=O)C4CCCCC4)cc3C(=O)N([C@H](C)CO)C[C@H]2C)cc1,SSDPHNXAXFTDFA-GHVZQYPWSA-N,44617177.0,666.3992500680001,6.173400000000008,129.67
BRD-K88606952,COCC(=O)N(C)C[C@H]1Oc2cc(ccc2S(=O)(=O)N(C[C@H]1C)[C@@H](C)CO)C#Cc1cccnc1,1.029281214,0.956351432,0.996525154,1.070282619,48524932,COCC(=O)N(C)C[C@H]1Oc2cc(C#Cc3cccnc3)ccc2S(=O)(=O)N([C@@H](C)CO)C[C@H]1C,UDDMVFRUSJXUEW-SELNLUPBSA-N,54618619.0,501.193356712,1.354800000000001,109.27
BRD-A06914641,COC(=O)[C@H](Cc1ccccc1)N1CC2=C[C@@H]([C@@H](O)CCn3cc(nn3)-c3ccc(s3)C(=O)NO)N3N([C@@H]2[C@H](O1)C1CC1)C(=O)N(C)C3=O,0.890834259,1.00850686,1.006454185,0.990648677,48565539,COC(=O)[C@H](Cc1ccccc1)N1CC2=C[C@@H]([C@@H](O)CCn3cc(-c4ccc(C(=O)NO)s4)nn3)n3c(=O)n(C)c(=O)n3[C@@H]2[C@@H](C2CC2)O1,ATGKZJGPWZBKBE-UNIGOUJVSA-N,,692.2376811120002,1.0710000000000002,187.97
BRD-K41136094,Cc1ccccc1-c1ncc(o1)-c1ccc(cc1)Br,1.213302,1.010630923,0.986634718,1.033506313,48657132,Cc1ccccc1-c1ncc(-c2ccc(Br)cc2)o1,LPGSLDJZUSSNGV-UHFFFAOYSA-N,2798249.0,313.010226104,5.079520000000002,26.03
BRD-K49516340,C[C@H]1CCCCO[C@@H](CN(C)C(=O)c2ccccc2)[C@H](C)CN([C@@H](C)CO)C(=O)c2cc(ccc2O1)NC(=O)Nc1ccc2c(c1)OCO2,1.013561622,1.107837277,0.968351465,1.037446071,48757992,C[C@@H]1CN([C@@H](C)CO)C(=O)c2cc(NC(=O)Nc3ccc4c(c3)OCO4)ccc2O[C@@H](C)CCCCO[C@H]1CN(C)C(=O)c1ccccc1,DOWVVPKNMVLDNM-IUVSGJEMSA-N,44487494.0,674.3315644320002,5.627000000000006,138.9
BRD-A86589169,Cc1ccc(cc1)[C@@H](N)c1ccncc1,0.963962408,1.0119418,0.986738458,0.972032559,49017354,Cc1ccc([C@@H](N)c2ccncc2)cc1,AYXZNLMVLLGRKR-CYBMUJFWSA-N,25769625.0,198.115698448,2.4381200000000005,38.91
BRD-K26292988,C[C@@H]1CN([C@H](C)CO)C(=O)c2cc(cnc2O[C@H]1CN(C)C(=O)c1cnccn1)/C=C/c1ccccc1,1.037532915,1.067081025,0.990711849,0.954271191,49052409,C[C@@H]1CN([C@H](C)CO)C(=O)c2cc(/C=C/c3ccccc3)cnc2O[C@H]1CN(C)C(=O)c1cnccn1,PYTNMJPAALFGKU-FHAGJXEFSA-N,,501.237604472,3.034300000000001,108.75
BRD-K16564322,C[C@@H]1CN([C@@H](C)CO)C(=O)c2cccc(c2O[C@@H]1CN(C)S(=O)(=O)c1cn(cn1)C)NS(=O)(=O)c1cn(cn1)C,0.931730999,0.999779948,0.985897706,1.00805946,49273451,C[C@@H]1CN([C@@H](C)CO)C(=O)c2cccc(NS(=O)(=O)c3cn(C)cn3)c2O[C@@H]1CN(C)S(=O)(=O)c1cn(C)cn1,NXGBEENSYWKQCK-FUHIMQAGSA-N,44492974.0,595.188288396,0.4952000000000017,168.96000000000004
BRD-K38543615,C[C@@H]1CN([C@H](C)CO)C(=O)c2c(c3ccccc3n2C)-c2ccccc2CO[C@@H]1CN(C)Cc1ccc2c(c1)OCCN2C,1.046911692,0.898171542,0.988340036,0.928207803,49306333,C[C@@H]1CN([C@H](C)CO)C(=O)c2c(c3ccccc3n2C)-c2ccccc2CO[C@@H]1CN(C)Cc1ccc2c(c1)OCCN2C,MCGBAAIIZRDNLV-WTBTXGFSSA-N,60183908.0,596.336255888,5.1638000000000055,70.41
BRD-A52905598,CN(Cc1cccc(c1)OCC[C@H]1CCCCN1C(=O)C1=CC(=C(C)NC1=O)C)Cc1cccc2cccnc12,0.913507374,0.951975696,0.996340583,1.001630687,49519745,Cc1cc(C(=O)N2CCCC[C@@H]2CCOc2cccc(CN(C)Cc3cccc4cccnc34)c2)c(=O)[nH]c1C,ZCPWPQGOGFMQLB-MUUNZHRXSA-N,98268173.0,538.294391076,5.6357400000000055,78.53
BRD-K22998618,C[C@@H]1CCCCO[C@@H](CN(C)S(=O)(=O)c2ccccc2)[C@@H](C)CN([C@@H](C)CO)C(=O)c2cc(ccc2O1)NC(=O)Nc1ccc(cc1)F,1.24725388,0.978347757,1.007200005,1.015208336,49598098,C[C@@H]1CCCCO[C@@H](CN(C)S(=O)(=O)c2ccccc2)[C@@H](C)CN([C@@H](C)CO)C(=O)c2cc(NC(=O)Nc3ccc(F)cc3)ccc2O1,YMBJCSHUNHBBJI-UWWLJTJFSA-N,44618622.0,684.299299,5.585900000000007,137.51000000000002
BRD-K65790118,C[C@H]1CN([C@@H](C)CO)C(=O)CCCn2cc(nn2)CO[C@H]1CN(C)C(=O)c1cc(on1)-c1ccccc1,0.942544956,1.068155946,0.975405477,0.996070331,49625317,C[C@H]1CN([C@@H](C)CO)C(=O)CCCn2cc(nn2)CO[C@H]1CN(C)C(=O)c1cc(-c2ccccc2)on1,XYWPMUCHOREPKK-JXQFQVJHSA-N,44486951.0,510.259068188,2.2298,126.82
BRD-K79611517,C[C@@H]1CN([C@@H](C)CO)C(=O)c2cc(ccc2O[C@H]1CN(C)S(=O)(=O)c1ccc(cc1)C)NC(=O)Cn1cnnn1,0.980097568,1.011811984,0.989853799,0.980822149,49635526,Cc1ccc(S(=O)(=O)N(C)C[C@@H]2Oc3ccc(NC(=O)Cn4cnnn4)cc3C(=O)N([C@@H](C)CO)C[C@H]2C)cc1,ZPFWJEAUXLWEOK-IMWIBFENSA-N,44202344.0,571.221302776,1.1610200000000004,159.84999999999997
BRD-K09939296,C[C@@H]1CN([C@H](C)CO)C(=O)c2cc(ccc2O[C@@H]1CN(C)C(=O)Nc1cccc2ccccc12)NS(=O)(=O)c1ccccc1,1.1075322,0.876195617,0.993852091,1.020731058,49687919,C[C@@H]1CN([C@H](C)CO)C(=O)c2cc(NS(=O)(=O)c3ccccc3)ccc2O[C@@H]1CN(C)C(=O)Nc1cccc2ccccc12,YYZWSZVOQAKCJW-CEFNRUSXSA-N,44488976.0,616.235555872,5.024600000000005,128.28
BRD-K27291791,C[C@H]1CCCCO[C@@H](CN(C)S(=O)(=O)c2c(noc2C)C)[C@H](C)CN([C@@H](C)CO)C(=O)c2cc(ccc2O1)NC(=O)Nc1ccccc1,0.952804415,0.997538583,0.992410108,1.034585575,50116292,Cc1noc(C)c1S(=O)(=O)N(C)C[C@@H]1OCCCC[C@H](C)Oc2ccc(NC(=O)Nc3ccccc3)cc2C(=O)N([C@@H](C)CO)C[C@H]1C,KZSBRNBISBNPJF-WIZGYELTSA-N,44620196.0,685.3145344639998,5.051640000000004,163.54
BRD-K94157828,COc1ccc(cc1)S(=O)(=O)N(C)C[C@@H]1OCc2cnnn2CCCC(=O)N(C[C@H]1C)[C@H](C)CO,0.868518566,1.031709508,1.033416241,0.991561072,50125361,COc1ccc(S(=O)(=O)N(C)C[C@@H]2OCc3cnnn3CCCC(=O)N([C@H](C)CO)C[C@H]2C)cc1,QVFRXOMYJDWMPT-HMFYCAOWSA-N,44505728.0,509.2308048400001,1.1319000000000004,127.09
BRD-K51315463,OC[C@H](Cc1ccccc1)NC(=O)C[C@H](CC=C)C(=O)NC[C@@H](OC(=O)[C@H](CCC=C)Cc1ccc(cc1)F)c1ccccc1,1.148973888,1.013646934,0.724028805,1.049077942,50254431,C=CCC[C@H](Cc1ccc(F)cc1)C(=O)O[C@H](CNC(=O)[C@@H](CC=C)CC(=O)N[C@H](CO)Cc1ccccc1)c1ccccc1,UMSXKPYDDCMRPB-CQTJZZDYSA-N,,614.3156006959999,5.6535000000000055,104.73000000000002
BRD-K23168681,COc1ccc(cc1)S(=O)(=O)N(C)C[C@H]1Oc2ccc(cc2CC(=O)N(C[C@H]1C)[C@H](C)CO)NC(=O)c1ccncc1,0.925044038,1.009084216,0.973972611,1.043740992,50295409,COc1ccc(S(=O)(=O)N(C)C[C@H]2Oc3ccc(NC(=O)c4ccncc4)cc3CC(=O)N([C@H](C)CO)C[C@H]2C)cc1,ARGQYBRCQDTIFU-UMQWNRPGSA-N,44502128.0,596.2304704919999,2.8122000000000007,138.37
DIATRIZOIC ACID,CC(=O)Nc1c(I)c(NC(C)=O)c(I)c(C(=O)O)c1I,0.974255,1.027272254,0.971746269,1.083992308,50315105,CC(=O)Nc1c(I)c(NC(C)=O)c(I)c(C(=O)O)c1I,YVPYQUNUQOZFHG-UHFFFAOYSA-N,2140.0,613.769650768,3.1154,95.5
BRD-K27011186,COc1ccc(cc1)S(=O)(=O)N(C)C[C@@H]1OCCCC[C@@H](C)Oc2ccc(cc2C(=O)N(C[C@@H]1C)[C@@H](C)CO)NS(=O)(=O)c1ccc(cc1)Cl,0.972740019,0.919034071,1.025092465,1.060829949,50375276,COc1ccc(S(=O)(=O)N(C)C[C@@H]2OCCCC[C@@H](C)Oc3ccc(NS(=O)(=O)c4ccc(Cl)cc4)cc3C(=O)N([C@@H](C)CO)C[C@@H]2C)cc1,VMPKWWBSXOYPIR-DLVGFNCXSA-N,60192657.0,751.236399732,5.265600000000005,151.78
BRD-K15465341,C[C@H]1CN([C@@H](C)CO)C(=O)c2cc(ccc2O[C@H]1CN(C)S(=O)(=O)c1c(noc1C)C)NS(=O)(=O)c1c(noc1C)C,0.875991893,1.013582835,0.997831203,1.014518475,50419104,Cc1noc(C)c1S(=O)(=O)Nc1ccc2c(c1)C(=O)N([C@@H](C)CO)C[C@H](C)[C@H](CN(C)S(=O)(=O)c1c(C)noc1C)O2,BDGYBJMILQXLIW-NPGVVQFXSA-N,44616688.0,625.1876196999999,2.2378799999999988,185.38
BRD-K68765459,COc1ccc(cc1)NC(=O)Nc1ccc2c(c1)C(=O)N(C[C@H](C)[C@H](CN(C)C(=O)C1CCCCC1)OCCCC[C@@H](C)O2)[C@@H](C)CO,0.942671739,0.979765389,0.990681279,0.981645539,50625372,COc1ccc(NC(=O)Nc2ccc3c(c2)C(=O)N([C@@H](C)CO)C[C@H](C)[C@H](CN(C)C(=O)C2CCCCC2)OCCCC[C@@H](C)O3)cc1,BGLDXYVALRKHCQ-ZUDLYUOYSA-N,54615314.0,666.399250068,6.173400000000008,129.67
BRD-K54543575,CO[C@@H]1CN(C)C(=O)c2cc(ccc2OC[C@@H](C)N(C[C@H]1C)C(=O)C)NC(=O)Nc1ccc2c(c1)OCO2,0.873951372,0.995795802,0.920206163,1.025671427,50708401,CO[C@@H]1CN(C)C(=O)c2cc(NC(=O)Nc3ccc4c(c3)OCO4)ccc2OC[C@@H](C)N(C(C)=O)C[C@H]1C,GAXPUQOVFGRPKG-RYUVBPIJSA-N,54631842.0,526.242749428,3.4118000000000004,118.67000000000002
BRD-A17650923,OCCCCCCN1[C@@H]2C(=O)N(CC=C[C@@]32O[C@@H]2C=CCOC(=O)[C@@H]2[C@H]3C1=O)Cn1nnc2ccccc12,1.274212801,0.994089467,1.009502677,0.904054407,50976685,O=C1OCC=C[C@H]2O[C@@]34C=CCN(Cn5nnc6ccccc65)C(=O)[C@H]3N(CCCCCCO)C(=O)[C@@H]4[C@@H]12,VMNGWZFZMFKNRE-DHADCPQOSA-N,,521.227433712,1.0337000000000005,127.09
BRD-K73336173,C[C@H]1CCCCO[C@H](CN(C)C(=O)C2CCCCC2)[C@@H](C)CN([C@H](C)CO)C(=O)c2cc(ccc2O1)NS(=O)(=O)c1ccc(cc1)Cl,0.98649822,1.018692313,1.0120117,1.03379453,51037721,C[C@H](CO)N1C[C@H](C)[C@@H](CN(C)C(=O)C2CCCCC2)OCCCC[C@H](C)Oc2ccc(NS(=O)(=O)c3ccc(Cl)cc3)cc2C1=O,YKSLXRUXKLNNEB-FMALNZMYSA-N,54616784.0,691.30579962,5.975000000000008,125.48000000000002
BRD-M93163052,C[C@@H]1CC=CC[C@@H](NC(=O)[C@@H](Cc2ccccc2)N(C)C(=O)c2ccccc2O1)c1ccc2c(c1)OCO2,1.935551291,0.821071774,1.016700857,1.040782921,51119679,C[C@@H]1CC=CC[C@H](c2ccc3c(c2)OCO3)NC(=O)[C@@H](Cc2ccccc2)N(C)C(=O)c2ccccc2O1,PKGGRPDYQUVPQM-LPPUWEFUSA-N,,512.2311221239999,5.073400000000005,77.10000000000001
BRD-K62343697,C[C@@H]1CCCCO[C@@H](CN(C)C(=O)Nc2ccccc2)[C@H](C)CN([C@H](C)CO)C(=O)c2cc(ccc2O1)NC(=O)c1ccncc1,1.13802517,1.005511222,1.025582375,1.058287764,51275300,C[C@@H]1CCCCO[C@@H](CN(C)C(=O)Nc2ccccc2)[C@H](C)CN([C@H](C)CO)C(=O)c2cc(NC(=O)c3ccncc3)ccc2O1,VVGHVASGYMTNDF-ZYMMPZCLSA-N,54617153.0,631.3369841599999,5.293300000000006,133.33000000000004
BRD-K66818202,CO[C@H]1CN(C)C(=O)c2cc(ccc2OC[C@H](C)N(C[C@H]1C)C(=O)Nc1c(noc1C)C)NC(=O)Nc1cccc(c1)Cl,1.068396165,1.067727549,1.038177474,0.967397798,51326507,CO[C@H]1CN(C)C(=O)c2cc(NC(=O)Nc3cccc(Cl)c3)ccc2OC[C@H](C)N(C(=O)Nc2c(C)noc2C)C[C@H]1C,SKGMVCRTBVTXER-ZENTWMBTSA-N,54635774.0,612.2463105840001,5.626940000000005,138.27
BRD-K29804555,C[C@H]1CN([C@H](C)CO)C(=O)c2cc(ccc2O[C@H]1CN(C)S(=O)(=O)c1ccc(cc1)Cl)NC(=O)C1CC1,1.131960629,0.98535845,1.040368237,0.951775958,51402496,C[C@H](CO)N1C[C@H](C)[C@H](CN(C)S(=O)(=O)c2ccc(Cl)cc2)Oc2ccc(NC(=O)C3CC3)cc2C1=O,ISYFMJXYMJMUKD-SRGWNRLKSA-N,44484753.0,549.170034424,3.229300000000001,116.25
BRD-K94437787,C[C@@H]1CCCCO[C@H](CN(C)C(=O)Nc2ccc3c(c2)OCO3)[C@@H](C)CN([C@H](C)CO)C(=O)c2cc(ccc2O1)NC(=O)c1ccncc1,1.034359619,1.017349951,0.98182161,1.025837597,51493687,C[C@@H]1CCCCO[C@H](CN(C)C(=O)Nc2ccc3c(c2)OCO3)[C@@H](C)CN([C@H](C)CO)C(=O)c2cc(NC(=O)c3ccncc3)ccc2O1,HFKGGHVJJVKTJL-PXHXSQDOSA-N,44503628.0,675.3268133999999,5.022000000000005,151.79000000000002
BRD-K92707657,CN1CCN(CC1)C(=O)C[C@@H]1CC[C@@H]2[C@H](COc3ccc(cc3C(=O)N2C)NC(=O)C2CCOCC2)O1,0.994531215,0.99564209,0.986182674,1.081255657,51652720,CN1CCN(C(=O)C[C@@H]2CC[C@@H]3[C@H](COc4ccc(NC(=O)C5CCOCC5)cc4C(=O)N3C)O2)CC1,HKYXYLDUIXPRSO-FJIJXJHWSA-N,54654373.0,514.279134936,1.596400000000001,100.65
BRD-K88307214,C1CC[N+]2(C1)CCN(CC2)c1ncccn1,0.96726541,0.908596981,1.016849479,0.912100357,51657657,c1cnc(N2CC[N+]3(CCCC3)CC2)nc1,RCXFJYVHZBXWRS-UHFFFAOYSA-N,657506.0,219.16042302809,0.9071999999999996,29.020000000000003
BRD-K69480055,CCCN(C)C[C@@H]1OCCCC[C@@H](C)Oc2ccc(cc2C(=O)N(C[C@@H]1C)[C@H](C)CO)NC(=O)CCC(F)(F)F,1.076193358,0.993625839,0.994790984,1.019862578,51747416,CCCN(C)C[C@@H]1OCCCC[C@@H](C)Oc2ccc(NC(=O)CCC(F)(F)F)cc2C(=O)N([C@H](C)CO)C[C@@H]1C,ZWQRBFIYGZIGKO-BOCITWAFSA-N,44504536.0,573.338956232,5.104900000000006,91.34
BRD-K30270755,Cn1cnc(c1)S(=O)(=O)N1C[C@H](O)COC[C@H]2O[C@H](CC[C@@H]21)CC(=O)NCc1cccc(c1)F,0.802486482,1.015223498,1.022857045,1.01971662,51751075,Cn1cnc(S(=O)(=O)N2C[C@H](O)COC[C@H]3O[C@@H](CC(=O)NCc4cccc(F)c4)CC[C@@H]32)c1,PSOMVEOYXZFBLO-ZGXWSNOMSA-N,54658014.0,496.179183868,0.5637000000000008,122.99
BRD-K35953312,CCC(=O)N[C@@H]1C=C[C@@H](CC(=O)OC)O[C@H]1CO,0.85316912,0.99882408,0.999741208,1.072542474,51829393,CCC(=O)N[C@@H]1C=C[C@@H](CC(=O)OC)O[C@H]1CO,FSRWVHNAALREIT-AEJSXWLSSA-N,54639365.0,257.12632270800003,-0.2397999999999999,84.86000000000001
BRD-K14315695,C[C@H]1CN([C@@H](C)CO)C(=O)c2cc(ccc2O[C@H]1CN(C)CC1CCCCC1)NC(=O)CCCCCC(=O)Nc1ccccc1N,0.967979165,0.819810082,0.990062139,0.880982237,52000546,C[C@H]1CN([C@@H](C)CO)C(=O)c2cc(NC(=O)CCCCCC(=O)Nc3ccccc3N)ccc2O[C@H]1CN(C)CC1CCCCC1,HSCCSOBZYXDVBZ-YGIZDMHFSA-N,44506158.0,635.404669796,5.528700000000004,137.23
BRD-K12100749,C[C@H]1CN([C@H](C)CO)C(=O)c2cccc(c2O[C@H]1CN(C)Cc1ccc(cc1)C(=O)Nc1ccccc1N)NC(=O)Nc1ccc(cc1)C(F)(F)F,0.768435032,1.023274512,1.049713933,1.046826907,52043159,C[C@H](CO)N1C[C@H](C)[C@H](CN(C)Cc2ccc(C(=O)Nc3ccccc3N)cc2)Oc2c(NC(=O)Nc3ccc(C(F)(F)F)cc3)cccc2C1=O,FZTSQENAZFZQAT-LOTJKCTMSA-N,44506690.0,718.3090530720001,6.536000000000006,149.26
BRD-K62993927,CN1[C@@H]2CC[C@@H](CC(=O)NCCN3CCCCC3)O[C@H]2COc2ccc(cc2C1=O)NS(=O)(=O)c1cccc(c1)F,1.00405422,1.059182176,0.955965474,0.967271053,52047107,CN1C(=O)c2cc(NS(=O)(=O)c3cccc(F)c3)ccc2OC[C@@H]2O[C@H](CC(=O)NCCN3CCCCC3)CC[C@H]21,TUUZOQPHVDGSNW-RWUBSVTLSA-N,54654138.0,588.2417841239999,2.9993000000000016,117.28
BRD-K14693164,O[C@@H]1COC[C@H]2O[C@@H](CC[C@@H]2N(C1)S(=O)(=O)c1cccc(c1)Cl)CC(=O)NCc1ccc2c(c1)OCO2,0.990058125,1.024866507,1.033120506,1.055895703,52063616,O=C(C[C@@H]1CC[C@H]2[C@@H](COC[C@@H](O)CN2S(=O)(=O)c2cccc(Cl)c2)O1)NCc1ccc2c(c1)OCO2,ZUHKNVAEXFENPH-OEEHMVQOSA-N,,552.1333145680001,2.073199999999999,123.63
BRD-K28317319,C[C@H]1CN([C@@H](C)CO)C(=O)CCCn2cc(nn2)CO[C@H]1CN(C)S(=O)(=O)c1cn(cn1)C,0.94791637,1.048090953,0.961964689,1.01640487,52125251,C[C@H]1CN([C@@H](C)CO)C(=O)CCCn2cc(nn2)CO[C@H]1CN(C)S(=O)(=O)c1cn(C)cn1,XRGVJRBSJVDRTA-BQFCYCMXSA-N,44488150.0,483.226388156,-0.1431999999999975,135.68
BRD-K17811935,C[C@H]1CCCCO[C@H](CN(C)Cc2ccncc2)[C@@H](C)CN([C@H](C)CO)C(=O)c2cc(ccc2O1)NC(=O)Nc1cccc2ccccc12,1.011083308,1.108109762,1.057719632,1.113921781,52257968,C[C@H](CO)N1C[C@H](C)[C@@H](CN(C)Cc2ccncc2)OCCCC[C@H](C)Oc2ccc(NC(=O)Nc3cccc4ccccc34)cc2C1=O,HLXFKLZFUORLAI-QYSSBLRPSA-N,44618939.0,667.3733696679999,6.806300000000008,116.26000000000002
BRD-K07577534,COc1ccc(cc1)CN(C)C[C@H]1OCCCC[C@H](C)Oc2ccc(cc2C(=O)N(C[C@@H]1C)[C@H](C)CO)NS(=O)(=O)c1ccc(cc1)F,1.125091286,0.980047647,0.993961544,1.044189596,52407498,COc1ccc(CN(C)C[C@H]2OCCCC[C@H](C)Oc3ccc(NS(=O)(=O)c4ccc(F)cc4)cc3C(=O)N([C@H](C)CO)C[C@@H]2C)cc1,LNOBJJNUIUOEAB-BTHRYZMCSA-N,54616988.0,685.319700096,5.562600000000007,117.64
BRD-K65644237,C[C@H]1CCCCO[C@@H](CN(C)Cc2ccccc2)[C@@H](C)CN([C@H](C)CO)C(=O)c2cc(ccc2O1)NC(=O)Nc1ccc2c(c1)OCO2,1.00714459,0.942369021,0.995171839,0.995593618,52478706,C[C@H](CO)N1C[C@H](C)[C@H](CN(C)Cc2ccccc2)OCCCC[C@H](C)Oc2ccc(NC(=O)Nc3ccc4c(c3)OCO4)cc2C1=O,WAZWVLWQIWHNSB-HJBDBDOVSA-N,44494113.0,660.352299876,5.986800000000007,121.83
BRD-K59352745,C[C@@H]1CCCCO[C@@H](CN(C)CC2CCCCC2)[C@H](C)CN([C@H](C)CO)C(=O)c2cc(ccc2O1)NC(=O)Cc1ccccc1,1.033745781,0.957839572,1.006382123,1.060649288,52510329,C[C@@H]1CCCCO[C@@H](CN(C)CC2CCCCC2)[C@H](C)CN([C@H](C)CO)C(=O)c2cc(NC(=O)Cc3ccccc3)ccc2O1,IHZYFXOZGBHWPQ-JKWBJBSGSA-N,44620738.0,621.4141718599999,6.175400000000007,91.34
BRD-K71866766,C[C@@H]1CCCCO[C@@H](CN(C)Cc2ccc3c(c2)OCO3)[C@H](C)CN([C@H](C)CO)C(=O)c2cc(ccc2O1)NS(=O)(=O)c1ccc(cc1)C,1.087079835,0.948184517,1.003640503,0.956570252,52561220,Cc1ccc(S(=O)(=O)Nc2ccc3c(c2)C(=O)N([C@H](C)CO)C[C@@H](C)[C@H](CN(C)Cc2ccc4c(c2)OCO4)OCCCC[C@@H](C)O3)cc1,AXBDLHZRWNTTPP-DBFLYIEGSA-N,54615685.0,695.3240365280001,5.452020000000006,126.87
BRD-K21110715,C[C@@H]1CN([C@@H](C)CO)S(=O)(=O)c2ccc(cc2O[C@H]1CN(C)C(=O)c1ccncc1)C#Cc1ccncc1,1.04002562,1.056756594,0.972563696,1.000266419,52561347,C[C@@H]1CN([C@@H](C)CO)S(=O)(=O)c2ccc(C#Cc3ccncc3)cc2O[C@H]1CN(C)C(=O)c1ccncc1,YNHDBOHQSNMXEZ-SWYRRKHMSA-N,54629826.0,534.1936910600001,2.4172,112.93
BRD-K20863480,COc1ccc(cc1)CN(C)C[C@@H]1Oc2c(cccc2C(=O)N(C[C@H]1C)[C@@H](C)CO)NS(=O)(=O)C,0.985298747,1.016055715,1.004293548,1.06086022,52591289,COc1ccc(CN(C)C[C@@H]2Oc3c(NS(C)(=O)=O)cccc3C(=O)N([C@@H](C)CO)C[C@H]2C)cc1,IAKBBZLEORGFOS-STSQHVNTSA-N,44484391.0,505.22465684,2.4188,108.41
BRD-K27945168,C[C@H]1CN([C@H](C)CO)C(=O)c2cccc(c2O[C@@H]1CN(C)CC1CCCCC1)NC(=O)Cn1cnnn1,1.453825137,0.98771893,0.99646104,1.019002372,52646410,C[C@H](CO)N1C[C@H](C)[C@@H](CN(C)CC2CCCCC2)Oc2c(NC(=O)Cn3cnnn3)cccc2C1=O,YENQJEOTNMVTSV-YCRNBWNJSA-N,,513.3063527280001,2.044,125.71
BRD-K73973893,OC1(CCN(CC1)C(=O)CCCCCNC1=NC(=S)Nc2ccccc21)c1cccc(c1)C(F)(F)F,1.219313221,0.942393871,1.012499795,0.788202599,52767126,O=C(CCCCCNc1nc(=S)[nH]c2ccccc12)N1CCC(O)(c2cccc(C(F)(F)F)c2)CC1,YMPQATFOPIJVNZ-UHFFFAOYSA-N,46370651.0,518.196331828,5.793690000000005,81.25
BRD-K11823142,C[C@H]1CN([C@@H](C)CO)C(=O)c2cc(ccc2O[C@@H]1CN(C)S(=O)(=O)c1ccc(cc1)Cl)NS(=O)(=O)c1c(noc1C)C,1.235691666,1.007722009,0.978405347,1.003140257,52874708,Cc1noc(C)c1S(=O)(=O)Nc1ccc2c(c1)C(=O)N([C@@H](C)CO)C[C@H](C)[C@@H](CN(C)S(=O)(=O)c1ccc(Cl)cc1)O2,NTUSSASAJLMJNB-XOWTYJCDSA-N,44485349.0,640.142833696,3.2864400000000016,159.34999999999997
BRD-A45155232,CNC(=O)CN1CCOC[C@@]2(C1)CN(CCO2)C(=O)c1ccn[nH]1,0.960865444,1.013030169,1.0057327,0.885005516,52989262,CNC(=O)CN1CCOC[C@@]2(C1)CN(C(=O)c1ccn[nH]1)CCO2,CVIWVJHTDIKAJP-OAHLLOKOSA-N,,337.1750042160001,-1.3008999999999968,99.79000000000002
BRD-K80168919,C[C@@H]1CCCCO[C@H](CN(C)C(=O)C2CCCCC2)[C@@H](C)CN([C@H](C)CO)C(=O)c2cc(ccc2O1)NS(=O)(=O)c1ccccc1,0.962207965,0.942792383,1.006913618,1.061356518,53136866,C[C@@H]1CCCCO[C@H](CN(C)C(=O)C2CCCCC2)[C@@H](C)CN([C@H](C)CO)C(=O)c2cc(NS(=O)(=O)c3ccccc3)ccc2O1,LBSWGOFICLFHSX-ZJXZHUIYSA-N,134829937.0,657.344771972,5.321600000000006,125.48000000000002
BRD-K12255976,C[C@@H]1CN([C@@H](C)CO)C(=O)Cc2cc(ccc2O[C@H]1CN(C)Cc1ccc(cc1)-c1ccccc1)NC(=O)Nc1ccc2c(c1)OCO2,0.956928396,0.876856695,1.003150078,0.75391908,53144077,C[C@@H]1CN([C@@H](C)CO)C(=O)Cc2cc(NC(=O)Nc3ccc4c(c3)OCO4)ccc2O[C@H]1CN(C)Cc1ccc(-c2ccccc2)cc1,AIDUNWUCHWLKPO-UYVJAXBASA-N,54614462.0,650.3104350640001,6.007300000000006,112.6
BRD-K35726014,C[C@@H]1CCCCO[C@H](CN(C)C(=O)Nc2ccc3c(c2)OCO3)[C@H](C)CN([C@@H](C)CO)C(=O)c2cc(ccc2O1)NC(=O)Nc1ccc2c(c1)OCO2,1.191332051,1.024745985,1.043144652,0.927020789,53202843,C[C@@H]1CCCCO[C@H](CN(C)C(=O)Nc2ccc3c(c2)OCO3)[C@H](C)CN([C@@H](C)CO)C(=O)c2cc(NC(=O)Nc3ccc4c(c3)OCO4)ccc2O1,YCCVIZGAYTYUHW-MFHGVJGRSA-N,44498185.0,733.3322927039999,5.747400000000006,169.39
BRD-K54558492,C[C@H]1CN([C@H](C)CO)C(=O)c2cc(cnc2O[C@H]1CN(C)Cc1cccc(c1)C(F)(F)F)C#CCN(C)C,1.050848369,1.02830925,0.97076306,1.010999132,53272659,C[C@H](CO)N1C[C@H](C)[C@H](CN(C)Cc2cccc(C(F)(F)F)c2)Oc2ncc(C#CCN(C)C)cc2C1=O,IPKWQNPTBHBRBY-DFIYOIEZSA-N,44505109.0,532.26612564,3.3656000000000024,69.13999999999999
BRD-K11226492,CC(C)NC(=O)Nc1ccc2c(c1)C(=O)N(C[C@@H](C)[C@H](CN(C)C(=O)Nc1ccc(cc1)F)OCCCC[C@H](C)O2)[C@@H](C)CO,0.96640935,1.04752444,1.009902549,0.929350675,53386026,CC(C)NC(=O)Nc1ccc2c(c1)C(=O)N([C@@H](C)CO)C[C@@H](C)[C@H](CN(C)C(=O)Nc1ccc(F)cc1)OCCCC[C@H](C)O2,QICBDKXUELZOLV-QAAVFVPKSA-N,44616520.0,629.358862476,5.315000000000007,132.47
BRD-K81720722,C/C=C/c1ccc2c(c1)O[C@@H](CN(C)C(=O)c1ccc3c(c1)OCO3)[C@H](C)CN([C@H](C)CO)S2(=O)=O,1.045327283,1.038854589,1.018658791,0.958252642,53405879,C/C=C/c1ccc2c(c1)O[C@@H](CN(C)C(=O)c1ccc3c(c1)OCO3)[C@H](C)CN([C@H](C)CO)S2(=O)=O,AVPQTLGTPGNTAF-GGUMNFRJSA-N,,516.193022364,2.9892000000000025,105.61
BRD-K31138600,C[C@H]1CN([C@H](C)CO)C(=O)c2cccc(c2O[C@@H]1CN(C)C(=O)Nc1cccc2ccccc12)NC(=O)Nc1ccc2c(c1)OCO2,1.029343412,1.033983894,0.98214577,1.04166607,53415154,C[C@H](CO)N1C[C@H](C)[C@@H](CN(C)C(=O)Nc2cccc3ccccc23)Oc2c(NC(=O)Nc3ccc4c(c3)OCO4)cccc2C1=O,VTWWFCBSVBCWKT-BTOMHAHJSA-N,44498883.0,639.2692985240002,5.596500000000005,141.7
BRD-K77564438,CC(C)N1C[C@@H]2CN(CC=C)C(=O)[C@@H]2C1,1.17034795,0.955391414,1.045714081,0.979800084,53643421,C=CCN1C[C@H]2CN(C(C)C)C[C@H]2C1=O,ZMKRCKHOMNCWNE-WDEREUQCSA-N,124810286.0,208.15756326,0.971,23.55
BRD-K73459720,C[C@@H]1CCCCO[C@@H](CN(C)CC2CC2)[C@H](C)CN([C@H](C)CO)C(=O)c2cc(ccc2O1)NC(=O)Nc1ccc2c(c1)OCO2,1.111167971,1.005930974,0.97494201,1.02271967,53680638,C[C@@H]1CCCCO[C@@H](CN(C)CC2CC2)[C@H](C)CN([C@H](C)CO)C(=O)c2cc(NC(=O)Nc3ccc4c(c3)OCO4)ccc2O1,HYEFXMLKRFQNEN-RICRHEPGSA-N,44618970.0,624.352299876,5.1966000000000045,121.83
BRD-K53494354,C[C@H]1CN([C@H](C)CO)C(=O)c2cc(ccc2O[C@@H]1CN(C)Cc1ccc2c(c1)OCO2)NC(=O)Nc1ccc(cc1)C(F)(F)F,0.760537426,0.549506767,0.673378713,0.988608029,53904203,C[C@H](CO)N1C[C@H](C)[C@@H](CN(C)Cc2ccc3c(c2)OCO3)Oc2ccc(NC(=O)Nc3ccc(C(F)(F)F)cc3)cc2C1=O,HSYUUPPAKBJHIW-HQLBTAIYSA-N,44488241.0,628.2508695,5.4302000000000055,112.6
BRD-K82756643,COc1ccc(cc1)NC(=O)Nc1cccc2c1O[C@@H](CN(C)Cc1ccc(cc1)-c1ccccc1)[C@@H](C)CN([C@H](C)CO)C2=O,1.266896517,0.975411152,1.011076462,0.829300661,54138339,COc1ccc(NC(=O)Nc2cccc3c2O[C@@H](CN(C)Cc2ccc(-c4ccccc4)cc2)[C@@H](C)CN([C@H](C)CO)C3=O)cc1,JQPAJQARRJIYSV-SCZOVYFASA-N,44498760.0,622.3155204440002,6.358300000000008,103.37
BRD-K91568452,C[C@@H]1CN([C@H](C)CO)S(=O)(=O)c2ccc(cc2O[C@H]1CN(C)C(=O)C1CCOCC1)C1=CCCCC1,1.098277046,1.010500383,1.001458739,1.017520388,54197611,C[C@@H]1CN([C@H](C)CO)S(=O)(=O)c2ccc(C3=CCCCC3)cc2O[C@H]1CN(C)C(=O)C1CCOCC1,QGQQAQHDJARTFG-FHAGJXEFSA-N,54619367.0,520.260708,3.297600000000002,96.38
BRD-K88485670,CCCN(C)C[C@H]1OCCCC[C@@H](C)Oc2ccc(cc2C(=O)N(C[C@H]1C)[C@@H](C)CO)NC(=O)c1ccccc1,1.08961938,1.025543338,1.026734523,0.893063824,54351424,CCCN(C)C[C@H]1OCCCC[C@@H](C)Oc2ccc(NC(=O)c3ccccc3)cc2C(=O)N([C@@H](C)CO)C[C@H]1C,DPWBPPWCHVQSHF-FJRSXGRASA-N,54614930.0,553.351571604,5.076200000000006,91.34
BRD-K01245973,COc1ccc(cc1)S(=O)(=O)N(C)C[C@H]1Oc2cc(ccc2S(=O)(=O)N(C[C@@H]1C)[C@H](C)CO)C#CC1CCCC1,1.291842969,0.980128537,1.023921755,0.950693326,54370821,COc1ccc(S(=O)(=O)N(C)C[C@H]2Oc3cc(C#CC4CCCC4)ccc3S(=O)(=O)N([C@H](C)CO)C[C@@H]2C)cc1,ZVNXGMIOBNLKAN-PFPZSTESSA-N,54631132.0,590.212043556,3.326200000000002,113.45
BRD-K08037284,COC(=O)C1=CO[C@@H](O[C@@H]2O[C@H](CO)[C@@H](O)[C@H](O)[C@H]2O)/C(=C/C)[C@@H]1CC(=O)OCCc1ccc(c(c1)O)O,0.909776263,1.038995427,0.970394402,0.942992226,54450881,C/C=C1/[C@H](O[C@@H]2O[C@H](CO)[C@@H](O)[C@H](O)[C@H]2O)OC=C(C(=O)OC)[C@H]1CC(=O)OCCc1ccc(O)c(O)c1,RFWGABANNQMHMZ-HYYSZPHDSA-N,91607.0,540.1842910839999,-0.6342,201.67
BRD-K17252116,C[C@@H]1CN([C@H](C)CO)C(=O)Cc2cc(ccc2O[C@@H]1CN(C)Cc1ccc(cc1)C(F)(F)F)NC(=O)Nc1ccc(cc1)C(F)(F)F,1.267981864,0.092098923,0.180786523,1.006517878,54543437,C[C@@H]1CN([C@H](C)CO)C(=O)Cc2cc(NC(=O)Nc3ccc(C(F)(F)F)cc3)ccc2O[C@@H]1CN(C)Cc1ccc(C(F)(F)F)cc1,OFYJPRSBIVOGOZ-GVNDJSPXSA-N,44501204.0,666.264074952,6.649200000000006,94.14
BRD-K20850664,Cc1n[nH]c(c1S(=O)(=O)N1CCCC1)C,1.023794454,0.99840687,0.990708381,0.979775001,54544372,Cc1n[nH]c(C)c1S(=O)(=O)N1CCCC1,JZSPPJHGZBWPDI-UHFFFAOYSA-N,4736860.0,229.08849772,0.8110399999999998,66.06
BRD-K50144730,C[C@@H]1CN([C@H](C)CO)C(=O)Cc2cc(ccc2O[C@@H]1CN(C)S(=O)(=O)c1cccs1)NS(=O)(=O)c1cccs1,0.959520252,1.122645187,0.978579445,1.043132182,54566880,C[C@@H]1CN([C@H](C)CO)C(=O)Cc2cc(NS(=O)(=O)c3cccs3)ccc2O[C@@H]1CN(C)S(=O)(=O)c1cccs1,PRDVEBQUYJDHSR-JBYIUTFZSA-N,44502849.0,613.104484332,3.0801000000000007,133.32
BRD-K21498250,CO[C@H](CN(C)C(=O)c1ccc2c(c1)OCO2)[C@H](C)CN([C@@H](C)CO)S(=O)(=O)c1ccc(cc1)Cl,1.30682083,0.956711202,1.041284452,0.976006254,54568714,CO[C@H](CN(C)C(=O)c1ccc2c(c1)OCO2)[C@H](C)CN([C@@H](C)CO)S(=O)(=O)c1ccc(Cl)cc1,KWUJCNXGEDOTIS-SAHWJRBASA-N,54649273.0,526.154050012,2.863500000000001,105.61
BRD-K09395335,COc1ccc(cc1)CN(C)C[C@@H]1OCCCC[C@H](C)Oc2ccc(cc2C(=O)N(C[C@@H]1C)[C@H](C)CO)NC(=O)NC(C)C,0.914394483,0.983492478,0.994426524,0.993515184,54586526,COc1ccc(CN(C)C[C@@H]2OCCCC[C@H](C)Oc3ccc(NC(=O)NC(C)C)cc3C(=O)N([C@H](C)CO)C[C@@H]2C)cc1,JCVAFPCEYZSYDX-FBIDWWCOSA-N,44617865.0,612.3886853839999,5.152600000000005,112.6
BRD-K63415536,CC(C)CC#Cc1ccc2c(c1)O[C@@H](CN(C)C(=O)C1CCOCC1)[C@@H](C)CN([C@@H](C)CO)S2(=O)=O,0.938007671,0.988711333,0.98432911,0.977506738,54608115,CC(C)CC#Cc1ccc2c(c1)O[C@@H](CN(C)C(=O)C1CCOCC1)[C@@H](C)CN([C@@H](C)CO)S2(=O)=O,QPOBIWTVIRBYPL-WATLYSKOSA-N,54629927.0,520.2607079999999,2.7378000000000013,96.38
BRD-K17837433,C[C@H]1CN([C@@H](C)CO)C(=O)Cc2cc(ccc2O[C@@H]1CN(C)S(=O)(=O)c1cn(cn1)C)NC(=O)CCC(F)(F)F,0.89840829,0.99659162,1.011544116,0.980709264,54635550,C[C@H]1CN([C@@H](C)CO)C(=O)Cc2cc(NC(=O)CCC(F)(F)F)ccc2O[C@@H]1CN(C)S(=O)(=O)c1cn(C)cn1,RDTJTMGEDOVSEE-XGHQBKJUSA-N,44503588.0,589.2181894680001,2.1708,134.07000000000002
BRD-K69645952,C[C@@H]1CCCCO[C@H](CN(C)S(=O)(=O)c2ccc(cc2)C)[C@H](C)CN([C@@H](C)CO)C(=O)c2cc(ccc2O1)NS(=O)(=O)c1ccc(cc1)C,1.130613417,0.960100773,1.013996197,1.063743061,54668051,Cc1ccc(S(=O)(=O)Nc2ccc3c(c2)C(=O)N([C@@H](C)CO)C[C@@H](C)[C@@H](CN(C)S(=O)(=O)c2ccc(C)cc2)OCCCC[C@@H](C)O3)cc1,TWITWBWSJUAADS-YYTNDBLASA-N,44620792.0,715.296107528,5.220440000000005,142.55
BRD-K80262108,Nc1ccncc1N,0.810870679,1.015682529,0.99689107,0.942050166,54798989,Nc1ccncc1N,OYTKINVCDFNREN-UHFFFAOYSA-N,5918.0,109.063997224,0.2460000000000001,64.92999999999999
BRD-K19678433,C[C@H]1CN([C@@H](C)CO)S(=O)(=O)c2ccc(cc2O[C@H]1CN(C)C(=O)Nc1ccc2c(c1)OCO2)C#Cc1ccncc1,0.887002348,0.882458666,0.974276004,0.974833163,55045646,C[C@H]1CN([C@@H](C)CO)S(=O)(=O)c2ccc(C#Cc3ccncc3)cc2O[C@H]1CN(C)C(=O)Nc1ccc2c(c1)OCO2,OYKBHWDUAQJSNT-CZBREUMFSA-N,54618766.0,592.1991703639999,3.1426000000000016,130.53000000000003
BRD-K57976664,C[C@@H]1CN([C@@H](C)CO)C(=O)Cc2cc(ccc2O[C@@H]1CN(C)S(=O)(=O)c1c(noc1C)C)NC(=O)Nc1ccc2c(c1)OCO2,0.981068986,1.0335858,1.009786512,1.033598531,55111679,Cc1noc(C)c1S(=O)(=O)N(C)C[C@H]1Oc2ccc(NC(=O)Nc3ccc4c(c3)OCO4)cc2CC(=O)N([C@@H](C)CO)C[C@H]1C,MWCVFAIKIBHHKS-DLEQGYHRSA-N,44619995.0,643.2311987640002,3.13384,172.76999999999998
BRD-K31687946,CC(C)NC(=O)N(C)C[C@@H]1Oc2c(cccc2C(=O)N(C[C@@H]1C)[C@@H](C)CO)NC(=O)C1CCCCC1,0.882403326,0.873654543,0.982269447,1.024047053,55725070,CC(C)NC(=O)N(C)C[C@@H]1Oc2c(NC(=O)C3CCCCC3)cccc2C(=O)N([C@@H](C)CO)C[C@@H]1C,PKCNCLZVHJVMFK-YDHSSHFGSA-N,44498440.0,502.315520444,3.4753000000000016,111.21
BRD-K14938990,C[C@@H]1CN([C@H](C)CO)C(=O)Cc2cc(ccc2O[C@H]1CN(C)Cc1ccc(cc1)Oc1ccccc1)NS(=O)(=O)c1ccc(cc1)Cl,0.962038383,0.856452026,0.139847446,0.677118319,55761269,C[C@@H]1CN([C@H](C)CO)C(=O)Cc2cc(NS(=O)(=O)c3ccc(Cl)cc3)ccc2O[C@H]1CN(C)Cc1ccc(Oc2ccccc2)cc1,KHFPDWFEACXBKS-DGHZZKTQSA-N,44500582.0,677.23263468,6.214100000000006,108.41
BRD-K06906610,C[C@H]1CCCCO[C@@H](CN(C)Cc2ccc(cc2)C(F)(F)F)[C@@H](C)CN([C@H](C)CO)C(=O)c2cc(ccc2O1)NC(=O)NC1CCCCC1,0.892907857,0.972839494,1.018454956,0.99816351,56016454,C[C@H](CO)N1C[C@H](C)[C@H](CN(C)Cc2ccc(C(F)(F)F)cc2)OCCCC[C@H](C)Oc2ccc(NC(=O)NC3CCCCC3)cc2C1=O,ZGZURALGAMDSDO-FBTROWELSA-N,54615561.0,690.3968054559999,7.087100000000008,103.37
BRD-K22338845,COCC#Cc1ccc2c(c1)O[C@H](CN(C)Cc1ccccc1F)[C@H](C)CN([C@H](C)CO)S2(=O)=O,1.181117747,0.976733833,1.051262024,1.085231315,56106829,COCC#Cc1ccc2c(c1)O[C@H](CN(C)Cc1ccccc1F)[C@H](C)CN([C@H](C)CO)S2(=O)=O,JQAMUOLHJPIMRA-UMEGOILYSA-N,54623764.0,504.209421376,2.724200000000002,79.31
BRD-K77989909,C[C@@H]1CN([C@@H](C)CO)C(=O)c2cccc(c2O[C@H]1CN(C)S(=O)(=O)c1ccc(cc1)OC(F)(F)F)NC(=O)Nc1cccc2ccccc12,0.97380782,0.178658305,0.993577952,1.019493079,56163219,C[C@@H]1CN([C@@H](C)CO)C(=O)c2cccc(NC(=O)Nc3cccc4ccccc34)c2O[C@H]1CN(C)S(=O)(=O)c1ccc(OC(F)(F)F)cc1,SWXZWSFNHJAZSM-DGIFUFQNSA-N,46912181.0,700.21785512,5.923200000000006,137.51000000000002
BRD-K65553219,C[C@@H]1CN([C@@H](C)CO)C(=O)Cc2cc(ccc2O[C@H]1CN(C)C(=O)Nc1ccc(cc1)F)NC(=O)C1CC1,0.941056583,1.032237904,1.024267883,1.04771807,56256162,C[C@@H]1CN([C@@H](C)CO)C(=O)Cc2cc(NC(=O)C3CC3)ccc2O[C@H]1CN(C)C(=O)Nc1ccc(F)cc1,WJHODSHFSGDTTO-UZEJHQAJSA-N,44495576.0,526.25914844,3.4871000000000016,111.21
BRD-K28594540,C[C@H]1CN([C@H](C)CO)C(=O)CCCn2nncc2CO[C@H]1CN(C)S(=O)(=O)c1ccc(cc1)C#N,1.048046025,1.045712012,1.022864374,1.044949693,56287765,C[C@H](CO)N1C[C@H](C)[C@H](CN(C)S(=O)(=O)c2ccc(C#N)cc2)OCc2cnnn2CCCC1=O,IWUIUQUZQCTJMH-SVMVAKDDSA-N,44496394.0,504.21548912399993,0.9949800000000006,141.64999999999998
BRD-K06668298,CS(=O)(=O)CCC/C(=N\OS(=O)(=O)O)S[C@@H]1O[C@H](CO)[C@@H](O)[C@H](O)[C@H]1O,0.941352628,0.996646273,1.012248681,1.013873582,56435822,CS(=O)(=O)CCC/C(=N\OS(=O)(=O)O)S[C@@H]1O[C@H](CO)[C@@H](O)[C@H](O)[C@H]1O,OFKKQTQFWWIRBD-ZHVGPZTNSA-N,656531.0,439.0276734919999,-2.522799999999997,200.25
BRD-K22581039,CC(C)c1noc(n1)CNC(=O)CN,1.0782932,1.087076789,0.988541963,1.004562788,56460645,CC(C)c1noc(CNC(=O)CN)n1,PODVRSOZAKWEPO-UHFFFAOYSA-N,71668570.0,198.111675688,-0.2320999999999994,94.04
BRD-K44218853,COc1ccc(cc1)S(=O)(=O)Nc1ccc2c(c1)C(=O)N(C[C@H](C)[C@H](CN(C)C(=O)Nc1ccc(cc1)C(F)(F)F)OCCCC[C@@H](C)O2)[C@@H](C)CO,1.213699148,0.934196416,1.071891309,1.146471613,56485598,COc1ccc(S(=O)(=O)Nc2ccc3c(c2)C(=O)N([C@@H](C)CO)C[C@H](C)[C@H](CN(C)C(=O)Nc2ccc(C(F)(F)F)cc2)OCCCC[C@@H](C)O3)cc1,ZETMRDHMCISLLD-DLVGFNCXSA-N,54615504.0,764.3066701240001,6.474200000000008,146.73999999999998
BRD-K00004314,CC(C)C[C@H](NC(=O)[C@H]1O[C@@H]1C(=O)O)C(=O)NCCCCNC(=N)N,1.092942063,0.927040768,0.922646753,0.918568054,56767675,CC(C)C[C@H](NC(=O)[C@H]1O[C@@H]1C(=O)O)C(=O)NCCCCNC(=N)N,LTLYEAJONXGNFG-DCAQKATOSA-N,123985.0,357.2012189640001,-1.251229999999997,169.93
BRD-K20486179,COCC(=O)N1C[C@H](C)[C@H](CN(C)C(=O)c2ccc(cc2OC[C@@H]1C)NC(=O)c1ccc(cc1)F)OC,0.992413132,1.005605695,1.044595325,0.941118666,56771018,COCC(=O)N1C[C@H](C)[C@@H](OC)CN(C)C(=O)c2ccc(NC(=O)c3ccc(F)cc3)cc2OC[C@@H]1C,KLLMHBMLZNELKB-XFAGBWLFSA-N,60184653.0,515.243164028,3.0570000000000013,97.41
AZELASTINE HYDROCHLORIDE,CN1CCCC(n2nc(Cc3ccc(Cl)cc3)c3ccccc3c2=O)CC1.Cl,1.02691,0.934752643,0.991882901,0.512016911,56861037,CN1CCCC(n2nc(Cc3ccc(Cl)cc3)c3ccccc3c2=O)CC1.Cl,YEJAJYAHJQIWNU-UHFFFAOYSA-N,54360.0,417.13746778,4.719300000000006,38.13
BRD-K91999569,COc1ccc(cc1)NC(=O)N(C)C[C@H]1Oc2ccc(cc2CC(=O)N(C[C@@H]1C)[C@@H](C)CO)NS(=O)(=O)c1cn(cn1)C,0.974152279,1.012716176,1.013619281,1.061046622,56902920,COc1ccc(NC(=O)N(C)C[C@H]2Oc3ccc(NS(=O)(=O)c4cn(C)cn4)cc3CC(=O)N([C@@H](C)CO)C[C@@H]2C)cc1,SZTFBCUMJPGCCS-CUVVAGTFSA-N,44504218.0,614.252268556,2.5424,155.32999999999998
BRD-K14868045,COC(=O)CCN1C=CC(=O)NC1=O,0.967777027,0.987477869,0.998875409,0.98175623,56931321,COC(=O)CCn1ccc(=O)[nH]c1=O,WFCIIRXTEXKYTF-UHFFFAOYSA-N,7536486.0,198.0640568,-0.9003000000000005,81.16
BRD-K28323293,C1CCC2=C(C1)SC1=C(CCCC1)C2c1ccccc1,0.88183973,1.030575014,0.98703352,1.07776779,56981973,c1ccc(C2C3=C(CCCC3)SC3=C2CCCC3)cc1,WQQJYAFILMPRIN-UHFFFAOYSA-N,6620789.0,282.144221704,6.173200000000005,0.0
BRD-K73111932,Nc1ccc(cn1)S(=O)(=O)N,0.907549787,1.002654206,1.010735238,0.987756371,56982713,Nc1ccc(S(N)(=O)=O)cn1,VXPQZDZQAWMEHT-UHFFFAOYSA-N,459534.0,173.025897464,-0.6888000000000001,99.07
BRD-K03246618,C[C@H]1CN([C@H](C)CO)C(=O)Cc2cc(ccc2O[C@@H]1CN(C)S(=O)(=O)c1cccs1)NS(=O)(=O)c1ccc(cc1)F,1.017805093,1.026270454,1.021579566,0.949136598,57058252,C[C@H](CO)N1C[C@H](C)[C@@H](CN(C)S(=O)(=O)c2cccs2)Oc2ccc(NS(=O)(=O)c3ccc(F)cc3)cc2CC1=O,ICGJMNFIRUJJTH-OSWQYVSFSA-N,54614557.0,625.138641584,3.157700000000001,133.32
BRD-K16052555,C[C@@H]1CN([C@H](C)CO)C(=O)c2cccc(c2O[C@H]1CN(C)S(=O)(=O)c1ccccc1)NS(=O)(=O)c1ccc(cc1)F,1.143250559,1.054991958,0.979246792,0.977931091,57265517,C[C@@H]1CN([C@H](C)CO)C(=O)c2cccc(NS(=O)(=O)c3ccc(F)cc3)c2O[C@H]1CN(C)S(=O)(=O)c1ccccc1,UVXAFLJBJDTYHD-KYTVRQNUSA-N,44495633.0,605.1665705839999,3.167300000000002,133.32
BRD-K75397686,COc1ccc(cc1)NC(=O)Nc1ccc2c(c1)C(=O)N(C[C@H](C)[C@@H](CN(C)S(=O)(=O)c1ccc(cc1)C)OCCCC[C@H](C)O2)[C@H](C)CO,0.948009448,1.043083764,1.007509498,1.091593525,57356281,COc1ccc(NC(=O)Nc2ccc3c(c2)C(=O)N([C@H](C)CO)C[C@H](C)[C@@H](CN(C)S(=O)(=O)c2ccc(C)cc2)OCCCC[C@H](C)O3)cc1,BDNYNCJCVRKWRV-WMVXZGOPSA-N,44620318.0,710.3349355600001,5.763820000000007,146.73999999999998
BRD-K16316484,C[C@@H]1CN([C@@H](C)CO)C(=O)c2cccc(c2O[C@H]1CN(C)S(=O)(=O)c1ccc(cc1)Cl)NC(=O)c1cc(nn1C)C,0.841049915,1.01284578,1.014556835,0.941847637,57437470,Cc1cc(C(=O)Nc2cccc3c2O[C@@H](CN(C)S(=O)(=O)c2ccc(Cl)cc2)[C@H](C)CN([C@@H](C)CO)C3=O)n(C)n1,YJZQJXHMOOPQPU-MIAKESKMSA-N,44498327.0,603.191832488,3.1750200000000017,134.07
BRD-K99081154,C[C@@H]1CN([C@@H](C)CO)C(=O)c2cc(ccc2O[C@H]1CN(C)S(=O)(=O)c1cn(cn1)C)NC(=O)CCCCCC(=O)Nc1ccccc1N,0.961364668,1.019575136,1.026662011,0.907962992,57723766,C[C@@H]1CN([C@@H](C)CO)C(=O)c2cc(NC(=O)CCCCCC(=O)Nc3ccccc3N)ccc2O[C@H]1CN(C)S(=O)(=O)c1cn(C)cn1,KXWRGXLXIQTPBT-AFKLWXAFSA-N,44506244.0,683.31011778,3.0708,189.19000000000003
ROTENONE,C=C(C)C1Cc2c(ccc3c2OC2COc4cc(OC)c(OC)cc4C2C3=O)O1,1.1704,0.336216753,1.041912907,0.606263037,57801923,C=C(C)C1Cc2c(ccc3c2OC2COc4cc(OC)c(OC)cc4C2C3=O)O1,JUVIOZPCNVVQFO-UHFFFAOYSA-N,5102.0,394.1416384239999,3.703300000000002,63.22
BRD-K05339787,C[C@@H]1CN([C@@H](C)CO)C(=O)Cc2cc(ccc2O[C@@H]1CN(C)Cc1ccc(cc1)C(=O)Nc1ccccc1N)NC(=O)C1CCCCC1,1.016765865,0.985546069,1.0357844,0.854603066,57860267,C[C@@H]1CN([C@@H](C)CO)C(=O)Cc2cc(NC(=O)C3CCCCC3)ccc2O[C@@H]1CN(C)Cc1ccc(C(=O)Nc2ccccc2N)cc1,CMTIPOGQFXEGCZ-USUMGCFOSA-N,44507102.0,655.3733696680001,5.320900000000004,137.23
BRD-K31092858,C[C@@H]1CN([C@H](C)CO)C(=O)Cc2cc(ccc2O[C@H]1CN(C)S(=O)(=O)c1ccc(cc1)C)NC(=O)CCCN(C)C,1.063968509,0.970583486,1.032646894,1.028425183,57871975,Cc1ccc(S(=O)(=O)N(C)C[C@@H]2Oc3ccc(NC(=O)CCCN(C)C)cc3CC(=O)N([C@H](C)CO)C[C@H]2C)cc1,XRMWMGSRLWBNTK-MRJKTFCFSA-N,44503087.0,588.298156128,2.745020000000001,119.49
BRD-K39156670,C[C@H]1CN([C@@H](C)CO)C(=O)c2ccccc2-c2ccccc2CO[C@H]1CN(C)C(=O)Nc1ccc(cc1)F,1.270903799,1.003667974,0.997008693,0.988502394,58007386,C[C@H]1CN([C@@H](C)CO)C(=O)c2ccccc2-c2ccccc2CO[C@H]1CN(C)C(=O)Nc1ccc(F)cc1,CYZHERASHFZITE-CZBREUMFSA-N,56835555.0,519.2533347880001,5.014500000000004,82.11
BRD-K65738831,COc1ccc2c3c(n(c2c1)C)[C@@H](CO)N(C[C@]13CN(CC2CCOCC2)C1)C(=O)c1ccc(cc1)F,0.951141066,0.996722326,1.028109672,0.982168297,58038533,COc1ccc2c3c(n(C)c2c1)[C@@H](CO)N(C(=O)c1ccc(F)cc1)CC31CN(CC2CCOCC2)C1,YGYSTBHWEFBZQP-RUZDIDTESA-N,60185198.0,507.2533347879999,3.4954000000000027,67.17000000000002
BRD-K71795689,C[C@H]1CN([C@H](C)CO)C(=O)c2cccc(c2O[C@H]1CN(C)Cc1ccc(cc1)C(F)(F)F)NC(=O)Nc1ccc(cc1)C(F)(F)F,1.324811898,0.966032735,0.957682188,1.012365403,58106908,C[C@H](CO)N1C[C@H](C)[C@H](CN(C)Cc2ccc(C(F)(F)F)cc2)Oc2c(NC(=O)Nc3ccc(C(F)(F)F)cc3)cccc2C1=O,FUZWWGXSJONWBM-VKIDHGPPSA-N,44498771.0,652.248424888,6.720300000000005,94.14
BRD-A16113914,C[N+](C)(C)[C@H]1[C@@H](O)O[C@@H]2[C@@H](O)CO[C@@H]21,0.993848308,0.984177736,0.974704814,1.059904887,58163443,C[N+](C)(C)[C@@H]1[C@H]2OC[C@H](O)[C@H]2O[C@@H]1O,JWGSLHUUFGFOCS-CBHQDSPSSA-N,6979184.0,204.12303447609,-1.4618999999999984,58.92
BRD-K44261129,CC(C)NC(=O)Nc1ccc2c(c1)C(=O)N(C[C@H](C)[C@@H](CN(C)Cc1ccc(cc1)-c1ccccc1)O2)[C@@H](C)CO,1.26999317,0.946490389,0.981869576,0.972359573,58230637,CC(C)NC(=O)Nc1ccc2c(c1)C(=O)N([C@@H](C)CO)C[C@H](C)[C@@H](CN(C)Cc1ccc(-c3ccccc3)cc1)O2,KRCYYDXJFSFYMC-ISTJGCCRSA-N,44484675.0,558.320605824,5.235600000000006,94.14
BRD-K82853842,ONC(=O)CCCCCNC(=O)OCCCCO[C@@H]1C[C@@H](C=C(O1)C(=O)N1CCN(CC1)Cc1ccccc1)c1ccc(cc1)C(F)(F)F,0.842356872,0.997988642,1.036206186,0.909228103,58275694,O=C(CCCCCNC(=O)OCCCCO[C@@H]1C[C@H](c2ccc(C(F)(F)F)cc2)C=C(C(=O)N2CCN(Cc3ccccc3)CC2)O1)NO,WBDXWDRLBUQHHK-NSJVFKKDSA-N,,690.32403444,5.352500000000006,129.67000000000002
BRD-K73031555,COc1ccc(cc1)CN(C)C[C@H]1OCCCC[C@H](C)Oc2ccc(cc2C(=O)N(C[C@@H]1C)[C@@H](C)CO)NC(=O)Nc1c(noc1C)C,0.966585212,1.074422241,0.977521678,0.983037138,58392832,COc1ccc(CN(C)C[C@H]2OCCCC[C@H](C)Oc3ccc(NC(=O)Nc4c(C)noc4C)cc3C(=O)N([C@@H](C)CO)C[C@@H]2C)cc1,MGPHRGGOYUUWIR-FMNMDZGISA-N,44485107.0,665.3788489719999,5.871540000000007,138.63
BRD-K62426841,Cc1ccc(cc1C)N1NC(=O)/C(=N/O)C1=O,0.884901709,0.983033623,1.024183214,1.012967419,58419750,Cc1ccc(N2NC(=O)/C(=N/O)C2=O)cc1C,XBGSGOXLJPNEND-UHFFFAOYSA-N,,233.080041212,0.51144,82.0
BRD-K36262466,CC(=O)N[C@@H]1[C@@H](O)C[C@](O)(O[C@H]1[C@H](O)[C@H](O)CO)C(=O)O,0.966874696,1.0463924,1.000645267,1.020565039,58430246,CC(=O)N[C@H]1[C@H]([C@H](O)[C@H](O)CO)O[C@](O)(C(=O)O)C[C@@H]1O,SQVRNKJHWKZAKO-PFQGKNLYSA-N,445063.0,309.105981188,-3.871799999999996,176.78
BRD-K26155924,NNC(=O)Oc1ccccc1,1.036894776,1.041845728,1.022584921,0.993085036,58436226,NNC(=O)Oc1ccccc1,DNDTZRSLSJSECH-UHFFFAOYSA-N,134791.0,152.058577496,0.6486999999999998,64.35
BRD-K32131676,COCC(=O)N1C[C@@H](C)[C@H](CN(C)C(=O)c2ccc(cc2OC[C@H]1C)NC(=O)Nc1cccc(c1)F)OC,1.212991024,0.981828113,1.00988244,0.923769084,58550362,COCC(=O)N1C[C@@H](C)[C@@H](OC)CN(C)C(=O)c2ccc(NC(=O)Nc3cccc(F)c3)cc2OC[C@H]1C,FGZVYTDOFXFLTK-GGUMNFRJSA-N,54635925.0,530.25406306,3.448700000000001,109.44
BRD-K57308318,C[C@@H]1CCCCO[C@H](CN(C)Cc2ccc3c(c2)OCO3)[C@@H](C)CN([C@H](C)CO)C(=O)c2cc(ccc2O1)NC(=O)Nc1c(noc1C)C,0.917583087,0.966140367,1.00696356,1.114179232,58734903,Cc1noc(C)c1NC(=O)Nc1ccc2c(c1)C(=O)N([C@H](C)CO)C[C@H](C)[C@@H](CN(C)Cc1ccc3c(c1)OCO3)OCCCC[C@@H](C)O2,XRBIRTQBHKTKGW-XWMGVVOCSA-N,44503389.0,679.358113528,5.591640000000006,147.86
BRD-K64257929,CNC[C@@H]1Oc2cc(ccc2S(=O)(=O)N(C[C@H]1C)[C@@H](C)CO)C#CCN(C)C,1.037665301,1.064892234,1.011961649,1.00388937,58952637,CNC[C@@H]1Oc2cc(C#CCN(C)C)ccc2S(=O)(=O)N([C@@H](C)CO)C[C@H]1C,YIDCJSIMEGPZQS-GJYPPUQNSA-N,54621647.0,409.203527472,0.5877000000000012,82.11
BRD-K87544517,OC(=O)c1ccc2nncn2c1,0.931737026,0.989255217,0.985459672,0.998385259,58965897,O=C(O)c1ccc2nncn2c1,GWQOULMRAFJVRD-UHFFFAOYSA-N,44558558.0,163.0381764,0.4274999999999999,67.49
BRD-K07625763,C[C@H]1CN([C@H](C)CO)C(=O)c2cc(cnc2O[C@H]1CN(C)S(=O)(=O)c1cn(cn1)C)C#Cc1ccc(cc1)F,1.187131528,0.986106614,0.986916136,1.011277409,59116495,C[C@H](CO)N1C[C@H](C)[C@H](CN(C)S(=O)(=O)c2cn(C)cn2)Oc2ncc(C#Cc3ccc(F)cc3)cc2C1=O,GBYOGHSEEPJQJL-GLDPYIMESA-N,44505920.0,555.1951682800001,1.8948000000000005,117.86
BRD-K96590353,C[C@@H]1CN([C@H](C)CO)C(=O)Cc2cc(ccc2O[C@H]1CN(C)S(=O)(=O)C)NS(=O)(=O)c1ccccc1,0.987436118,1.046249751,0.984627891,1.070111547,59128621,C[C@@H]1CN([C@H](C)CO)C(=O)Cc2cc(NS(=O)(=O)c3ccccc3)ccc2O[C@H]1CN(C)S(C)(=O)=O,JVBHNRJYPLIRJH-PNCHPQGNSA-N,44504159.0,539.175992396,1.5278,133.32
BRD-K82183397,CCS(=O)(=O)N1C[C@]2(CN(Cc3cc(ccc3F)F)C2)c2c(n(c3cc(ccc23)OC)C)[C@H]1CO,0.817895258,0.99594278,0.987414092,0.970076883,59303594,CCS(=O)(=O)N1CC2(CN(Cc3cc(F)ccc3F)C2)c2c(n(C)c3cc(OC)ccc23)[C@H]1CO,JKZXCQABYDFYBL-JOCHJYFZSA-N,,505.184683848,2.917400000000002,75.01
BRD-K29319111,COC(=O)c1c2oc(c1C(=O)OC)C(=O)N[C@@H](Cc1ccccc1)Cn1cc(nn1)CNC(=O)[C@H](Cc1ccccc1)NC(=O)N[C@H](CC2)COC(=O)NCCCCCC(=O)NO,1.105188397,0.959649811,1.009502669,0.99654545,59305590,COC(=O)c1c2oc(c1C(=O)OC)C(=O)N[C@@H](Cc1ccccc1)Cn1cc(nn1)CNC(=O)[C@H](Cc1ccccc1)NC(=O)N[C@@H](COC(=O)NCCCCCC(=O)NO)CC2,HRCSXVXVBNOCSF-HZFRXHCASA-N,,873.3657180720002,2.119100000000004,283.44
BRD-K85841003,C[C@@H]1CN([C@@H](C)CO)C(=O)c2cc(ccc2O[C@@H]1CN(C)Cc1ccc(cc1)Oc1ccccc1)NC(=O)C1CC1,1.161893069,0.95795247,1.000444451,0.968926806,59381000,C[C@@H]1CN([C@@H](C)CO)C(=O)c2cc(NC(=O)C3CC3)ccc2O[C@@H]1CN(C)Cc1ccc(Oc2ccccc2)cc1,RTXFVRNHBHIUDV-IKBQMQIHSA-N,44486663.0,557.2889713479999,5.179500000000004,91.34
BRD-K40729266,C[C@@H]1CN([C@H](C)CO)C(=O)c2c(c3ccccc3n2C)-c2ccccc2CO[C@H]1CN(C)Cc1cccc(c1)O,0.974954383,1.015491102,1.020951581,0.924528516,59548516,C[C@@H]1CN([C@H](C)CO)C(=O)c2c(c3ccccc3n2C)-c2ccccc2CO[C@H]1CN(C)Cc1cccc(O)c1,DXNHWVNJBJSZGC-JWUQWVJQSA-N,60184607.0,541.294056728,5.040800000000006,78.17
BRD-K22768669,C[C@@H]1CN([C@@H](C)CO)C(=O)c2cccc(c2O[C@H]1CN(C)C(=O)Nc1ccc(cc1)C(F)(F)F)NS(=O)(=O)c1ccc(cc1)C,0.656655774,1.136551952,0.995397553,0.998763068,59695083,Cc1ccc(S(=O)(=O)Nc2cccc3c2O[C@@H](CN(C)C(=O)Nc2ccc(C(F)(F)F)cc2)[C@H](C)CN([C@@H](C)CO)C3=O)cc1,DDSCLAZWRCKZSX-BUEREQSYSA-N,44495165.0,648.2229405,5.1986200000000045,128.28
BRD-K76016292,C[C@H]1CN([C@@H](C)CO)C(=O)Cc2cc(ccc2O[C@H]1CN(C)Cc1ccc2c(c1)OCO2)NS(=O)(=O)c1ccccc1,1.147394875,0.985038077,1.03410506,1.036520655,59695152,C[C@H]1CN([C@@H](C)CO)C(=O)Cc2cc(NS(=O)(=O)c3ccccc3)ccc2O[C@H]1CN(C)Cc1ccc2c(c1)OCO2,UCFUIHLHJQJJKY-PWWNZBMUSA-N,44486276.0,595.2352215239999,3.497100000000001,117.64
BRD-K54410116,CC(C)(C)[S@@](=O)N1Cc2cc(nc(c2[C@H]1CCO)-c1cccc(c1)-c1cccnc1)C(=O)N[C@@H]1CCN(C1)Cc1ccccc1,0.815304683,0.978177291,0.994246922,1.012654979,59782550,CC(C)(C)[S@@](=O)N1Cc2cc(C(=O)N[C@@H]3CCN(Cc4ccccc4)C3)nc(-c3cccc(-c4cccnc4)c3)c2[C@H]1CCO,OXCAKDYULKMTMJ-PFFFZIHFSA-N,54649374.0,623.2930111720001,5.516200000000005,98.66
IPRATROPIUM BROMIDE,CC(C)[N+]1(C)C2CCC1CC(OC(=O)C(CO)c1ccccc1)C2.[Br-],0.964795,1.049131754,0.982157592,1.115473412,60264487,CC(C)[N+]1(C)C2CCC1CC(OC(=O)C(CO)c1ccccc1)C2.[Br-],LHLMOSXCXGLMMN-UHFFFAOYSA-M,31098.0,411.14090592,-0.1418999999999979,46.53
BRD-K76196010,C[C@@H]1CCCCO[C@H](CN(C)S(=O)(=O)c2cccs2)[C@@H](C)CN([C@H](C)CO)C(=O)c2cc(ccc2O1)NC(=O)Nc1c(noc1C)C,0.940283349,1.070702806,0.998683676,1.091712886,60348555,Cc1noc(C)c1NC(=O)Nc1ccc2c(c1)C(=O)N([C@H](C)CO)C[C@H](C)[C@@H](CN(C)S(=O)(=O)c1cccs1)OCCCC[C@@H](C)O2,ONRCQBDAOHRTAI-CLYWQNBRSA-N,44500480.0,691.2709553999999,5.113140000000005,163.54000000000002
FENBUFEN,O=C(O)CCC(=O)c1ccc(-c2ccccc2)cc1,1.1487,0.997232727,1.001050504,1.067841288,60423471,O=C(O)CCC(=O)c1ccc(-c2ccccc2)cc1,ZPAKPRAICRBAOD-UHFFFAOYSA-N,3335.0,254.094294308,3.4011000000000022,54.37
BRD-K80607298,Nc1cccc(c1)OCc1ccccc1,1.08527524,0.947216462,1.013506903,1.025960508,60597168,Nc1cccc(OCc2ccccc2)c1,IGPFOKFDBICQMC-UHFFFAOYSA-N,92892.0,199.099714036,2.847800000000001,35.25
BRD-K94831826,CO[C@@H]1CN(C)C(=O)c2cc(ccc2OC[C@@H](C)N(C[C@@H]1C)Cc1ccccn1)NS(=O)(=O)CC(F)(F)F,1.026968252,1.015252588,1.051057973,0.884931742,60599104,CO[C@@H]1CN(C)C(=O)c2cc(NS(=O)(=O)CC(F)(F)F)ccc2OC[C@@H](C)N(Cc2ccccn2)C[C@@H]1C,YFTKZPWGCAXANX-YZZKKUAISA-N,54636537.0,558.2123758160001,3.3918000000000017,101.07
CLOBETASOL PROPIONATE,CCC(=O)OC1(C(=O)CCl)C(C)CC2C3CCC4=CC(=O)C=CC4(C)C3(F)C(O)CC21C,1.030745,1.037831716,1.018675979,1.12351255,60884809,CCC(=O)OC1(C(=O)CCl)C(C)CC2C3CCC4=CC(=O)C=CC4(C)C3(F)C(O)CC21C,CBGUOGMQLZIXBE-UHFFFAOYSA-N,2791.0,466.192230024,4.103100000000003,80.67
BRD-K19664252,COc1ccc(cc1)CN(C)C[C@@H]1Oc2c(cccc2C(=O)N(C[C@H]1C)[C@@H](C)CO)NC(=O)CCCCCC(=O)Nc1ccccc1N,1.144677026,0.980810327,0.988379216,0.995268947,60932980,COc1ccc(CN(C)C[C@@H]2Oc3c(NC(=O)CCCCCC(=O)Nc4ccccc4N)cccc3C(=O)N([C@@H](C)CO)C[C@H]2C)cc1,RAVCAUXVLRIDJQ-GJCZEXATSA-N,44506603.0,659.3682842879999,5.157200000000004,146.46
BRD-K45449910,CCS(=O)(=O)N1C[C@]2(CCN(CC2)Cc2cccc(c2)OC)c2c(n(c3cc(ccc23)OC)C)[C@@H]1CO,1.244907289,0.949009552,1.009934716,0.983289136,61009676,CCS(=O)(=O)N1CC2(CCN(Cc3cccc(OC)c3)CC2)c2c(n(C)c3cc(OC)ccc23)[C@@H]1CO,HTIZWBCQNMZNPL-VWLOTQADSA-N,,527.245392284,3.428000000000003,84.24000000000001
BRD-K29442481,C[C@H]1CCCCO[C@@H](CN(C)C(=O)Nc2ccc(cc2)F)[C@H](C)CN([C@H](C)CO)C(=O)c2cc(ccc2O1)NS(=O)(=O)c1c(noc1C)C,1.001600144,1.036653552,1.040697759,0.930039491,61055757,Cc1noc(C)c1S(=O)(=O)Nc1ccc2c(c1)C(=O)N([C@H](C)CO)C[C@@H](C)[C@H](CN(C)C(=O)Nc1ccc(F)cc1)OCCCC[C@H](C)O2,RMEBDOONAJZVRK-XSIZLMRRSA-N,49843191.0,703.305112652,5.190740000000005,163.54000000000002
BRD-K98243987,C[C@@H]1CCCCO[C@H](CN(C)S(=O)(=O)c2ccc(cc2)Cl)[C@@H](C)CN([C@@H](C)CO)C(=O)c2cc(ccc2O1)NC(=O)c1ccncc1,1.053545355,0.820676864,1.008831947,1.069707575,61134807,C[C@@H]1CCCCO[C@H](CN(C)S(=O)(=O)c2ccc(Cl)cc2)[C@@H](C)CN([C@@H](C)CO)C(=O)c2cc(NC(=O)c3ccncc3)ccc2O1,ZEQHQVLLYPVAJX-SOMIUFQXSA-N,44616370.0,686.2540983959999,5.103500000000006,138.37
BRD-K48030533,COc1ccc(cc1)CNCC(=O)O,0.939334046,1.11261549,1.022207168,1.032597314,61207798,COc1ccc(CNCC(=O)O)cc1,QEOHOHDWOLGNLN-UHFFFAOYSA-N,302090.0,195.089543276,0.8694,58.56
BRD-K46489288,C[C@@H]1CN([C@H](C)CO)C(=O)c2cc(cnc2O[C@@H]1CN(C)S(=O)(=O)c1ccccc1F)C#Cc1cccnc1,0.996870574,1.032335734,0.990273852,1.022406042,61336393,C[C@@H]1CN([C@H](C)CO)C(=O)c2cc(C#Cc3cccnc3)cnc2O[C@@H]1CN(C)S(=O)(=O)c1ccccc1F,QUERDMQYNZTGQF-UMEGOILYSA-N,54618734.0,552.1842692480001,2.5563,112.93
BRD-K46285932,C[C@@H]1CN([C@@H](C)CO)C(=O)Cc2cc(ccc2O[C@@H]1CN(C)Cc1ccc(cc1)C(=O)Nc1ccccc1N)NC(=O)NC1CCCCC1,0.837183747,0.957698373,0.961255862,0.93574089,61390684,C[C@@H]1CN([C@@H](C)CO)C(=O)Cc2cc(NC(=O)NC3CCCCC3)ccc2O[C@@H]1CN(C)Cc1ccc(C(=O)Nc2ccccc2N)cc1,XOJDVVMUWTXSDO-USUMGCFOSA-N,44508042.0,670.3842687000001,5.256300000000003,149.26
SPECTINOMYCIN HYDROCHLORIDE,CNC1C(O)C(NC)C2OC3(O)C(=O)CC(C)OC3OC2C1O.Cl.Cl,0.92519,1.020449867,1.000670692,1.140955802,61552043,CNC1C(O)C(NC)C2OC3(O)C(=O)CC(C)OC3OC2C1O.Cl.Cl,FOGDPGQSHLLYIK-UHFFFAOYSA-N,21881164.0,404.111706532,-2.081999999999998,129.51
BRD-K04648493,C[C@@H]1CCCCO[C@@H](CN(C)Cc2ccccc2)[C@H](C)CN([C@@H](C)CO)C(=O)c2cc(ccc2O1)NS(=O)(=O)c1ccc(cc1)C,1.134126396,0.945675032,0.990530009,0.975218806,61571307,Cc1ccc(S(=O)(=O)Nc2ccc3c(c2)C(=O)N([C@@H](C)CO)C[C@@H](C)[C@H](CN(C)Cc2ccccc2)OCCCC[C@@H](C)O3)cc1,KOKOKXHYQUPZOB-XMUPGDTHSA-N,54616068.0,651.3342072879999,5.723320000000007,108.41
BRD-K69293991,C[C@H]1CN([C@H](C)CO)C(=O)c2cc(ccc2O[C@H]1CN(C)Cc1ccc2c(c1)OCO2)NC(=O)Cn1cnnn1,1.09453758,0.983036574,0.976730296,0.988330313,61708879,C[C@H](CO)N1C[C@H](C)[C@H](CN(C)Cc2ccc3c(c2)OCO3)Oc2ccc(NC(=O)Cn3cnnn3)cc2C1=O,UPHBCCJIXQZIIG-ATLLOTDBSA-N,54631156.0,551.2492317760001,1.3926,144.17000000000002
BRD-K61458197,CC1=CC[C@@H](CC1)C(C)(C)O,0.856858314,0.990531489,0.981334918,1.007553849,62067793,CC1=CC[C@H](C(C)(C)O)CC1,WUOACPNHFRMFPN-VIFPVBQESA-N,442501.0,154.135765196,2.5037000000000007,20.23
BRD-K38126069,C[C@H]1CCCCO[C@H](CN(C)Cc2ccc(cc2)C(=O)O)[C@H](C)CN([C@H](C)CO)C(=O)c2cc(ccc2O1)NS(=O)(=O)c1ccc(cc1)F,0.991156342,1.03692954,1.02061346,1.005808379,62254968,C[C@@H]1CN([C@H](C)CO)C(=O)c2cc(NS(=O)(=O)c3ccc(F)cc3)ccc2O[C@@H](C)CCCCO[C@@H]1CN(C)Cc1ccc(C(=O)O)cc1,MRWPZXMCFYTAJK-YUKNNVIKSA-N,54617011.0,699.2989646520001,5.2522000000000055,145.71
BRD-K81793037,C[C@H]1CN([C@H](C)CO)C(=O)c2cc(ccc2O[C@H]1CN(C)S(=O)(=O)c1cccs1)NS(=O)(=O)c1ccccc1,1.103219783,0.980596275,1.0151316,0.98720399,62313779,C[C@H](CO)N1C[C@H](C)[C@H](CN(C)S(=O)(=O)c2cccs2)Oc2ccc(NS(=O)(=O)c3ccccc3)cc2C1=O,NEJFTABTHXHYFG-GLDPYIMESA-N,44483540.0,593.1324133319999,3.089700000000001,133.32
BRD-K39836428,COCC(=O)N1C[C@H]2[C@H]([C@H](CO)N2C(=O)C1)c1ccc(cc1)C#Cc1cccnc1,1.033486908,1.014886994,0.964751442,0.956097884,62339029,COCC(=O)N1CC(=O)N2[C@@H](CO)[C@H](c3ccc(C#Cc4cccnc4)cc3)[C@@H]2C1,IDXMZBVXTZPHLV-SXWKCWPCSA-N,60185699.0,405.1688562160001,0.6253000000000006,82.97
BRD-K20998338,C[C@@H](O)C#Cc1ccc2c(c1)O[C@@H](CN(C)C(=O)c1ccncc1)[C@@H](C)CN([C@@H](C)CO)S2(=O)=O,1.097775418,0.962585651,0.992091589,0.999032154,62380368,C[C@@H](O)C#Cc1ccc2c(c1)O[C@@H](CN(C)C(=O)c1ccncc1)[C@@H](C)CN([C@@H](C)CO)S2(=O)=O,WQUBGFQTQNFVAU-XWQURZDVSA-N,54630467.0,501.193356712,1.3547,120.27
BRD-K81572902,OC[C@H]1O[C@H](CC[C@H]1NC(=O)c1ccc2c(c1)OCO2)CC(=O)N1CCOCC1,0.938190342,1.038267737,0.968661379,1.034223304,62471045,O=C(N[C@@H]1CC[C@H](CC(=O)N2CCOCC2)O[C@@H]1CO)c1ccc2c(c1)OCO2,QGLUNKSPMGXQAS-IIDMSEBBSA-N,54642423.0,406.174001172,0.3025000000000009,106.56
BRD-K57932197,C[C@H]1CN([C@@H](C)CO)C(=O)c2cccc(c2O[C@@H]1CN(C)Cc1ccc(cc1)C(=O)Nc1ccccc1N)NC(=O)Nc1ccc(cc1)F,0.957904622,1.010947998,0.969394467,0.83223719,62572574,C[C@H]1CN([C@@H](C)CO)C(=O)c2cccc(NC(=O)Nc3ccc(F)cc3)c2O[C@@H]1CN(C)Cc1ccc(C(=O)Nc2ccccc2N)cc1,NGQWRAJVXVPGQM-YHJOQWEYSA-N,44507160.0,668.3122466320001,5.656300000000004,149.26
LARIXINIC ACID,Cc1occc(=O)c1O,0.90244,1.001177929,0.931418243,0.969256809,62663306,Cc1occc(=O)c1O,XPCTZQVDEJYUGT-UHFFFAOYSA-N,8369.0,126.031694052,0.6538199999999998,50.44
BRD-A56405568,COc1ccc(cc1)[C@@H]([C@H](Cc1ccccc1)OC(=O)C)N1C[C@@H](NC(=O)C(Cl)(Cl)Cl)[C@H]2[C@@H](ON=C2[C@@H]1Cc1ccccc1)c1ccccc1,1.178940632,1.020698983,1.001234598,1.042924348,62735948,COc1ccc([C@@H]([C@H](Cc2ccccc2)OC(C)=O)N2C[C@@H](NC(=O)C(Cl)(Cl)Cl)[C@@H]3C(=NO[C@H]3c3ccccc3)[C@@H]2Cc2ccccc2)cc1,QHTWVEDUYBWCBN-RYYTWPMCSA-N,,733.187704356,7.436300000000007,89.46000000000001
BRD-K19615002,CN(CC(=O)O)C(=N)N,0.950876014,1.103873806,0.958796483,1.004813802,62840825,CN(CC(=O)O)C(=N)N,CVSVTCORWBXHQV-UHFFFAOYSA-N,586.0,131.069476528,-1.1037299999999988,90.41
BRD-K27002801,CC(C)(C)OC(=O)C[C@H](CC=C)C(=O)OC[C@@H](Cc1c[nH]c2ccccc12)NC(=O)[C@@H](CC=C)CC(=O)N(CCO)Cc1ccccc1,1.425709363,0.950476014,1.016960946,0.972415137,62851000,C=CC[C@@H](CC(=O)N(CCO)Cc1ccccc1)C(=O)N[C@@H](COC(=O)[C@@H](CC=C)CC(=O)OC(C)(C)C)Cc1c[nH]c2ccccc12,MLBVZRDRDGIHKH-GSBZAIBZSA-N,44201538.0,659.357050908,5.266000000000005,138.03
BRD-K60945471,CC(C)NC(=O)Nc1ccc2c(c1)CC(=O)N(C[C@@H](C)[C@@H](CN(C)S(=O)(=O)c1c(noc1C)C)O2)[C@H](C)CO,0.93311958,0.990703426,1.015758655,0.97756525,62853306,Cc1noc(C)c1S(=O)(=O)N(C)C[C@H]1Oc2ccc(NC(=O)NC(C)C)cc2CC(=O)N([C@H](C)CO)C[C@H]1C,ZAUKJSIMJFTPRR-SEPYTNNBSA-N,44494009.0,565.2570195879998,2.29104,154.30999999999997
BRD-K38431962,C[C@H]1CN([C@@H](C)CO)C(=O)c2cccc(c2O[C@@H]1CN(C)C(=O)NC1CCCCC1)NC(=O)c1cc(nn1C)C,0.952456419,1.034155461,0.989357577,0.935100709,62871950,Cc1cc(C(=O)Nc2cccc3c2O[C@H](CN(C)C(=O)NC2CCCCC2)[C@@H](C)CN([C@@H](C)CO)C3=O)n(C)n1,CNYPWWVGQUPDGP-JVFUWBCBSA-N,44495234.0,554.3216684440001,3.175020000000001,129.03
BRD-K57220648,C[C@@H]1CN([C@@H](C)CO)C(=O)Cc2cc(ccc2O[C@@H]1CN(C)S(=O)(=O)c1ccc(cc1)Cl)NC(=O)Cn1cnnn1,1.195618745,0.984542727,1.002491938,0.950933491,62885658,C[C@@H]1CN([C@@H](C)CO)C(=O)Cc2cc(NC(=O)Cn3cnnn3)ccc2O[C@@H]1CN(C)S(=O)(=O)c1ccc(Cl)cc1,DHQOMDZVFCGUDK-NXMSCROESA-N,44503739.0,605.1823304239999,1.4348999999999992,159.84999999999997
BRD-K85425189,COc1ccc(cc1)S(=O)(=O)N(C)C[C@@H]1Oc2ccc(cc2CC(=O)N(C[C@H]1C)[C@@H](C)CO)NC(=O)Cc1ccccc1,0.963781284,1.057208485,0.999911425,1.032515569,62965087,COc1ccc(S(=O)(=O)N(C)C[C@@H]2Oc3ccc(NC(=O)Cc4ccccc4)cc3CC(=O)N([C@@H](C)CO)C[C@H]2C)cc1,OXRZZFWFBJBVHG-HFZPWKHCSA-N,44495099.0,609.2508715879999,3.3461000000000016,125.48
BRD-K76309489,C[C@@H]1CCCCO[C@@H](CN(C)S(=O)(=O)c2cn(cn2)C)[C@@H](C)CN([C@@H](C)CO)C(=O)c2cc(ccc2O1)N(C)C,1.039801152,1.030214569,1.029504142,1.026850709,63077204,C[C@@H]1CCCCO[C@@H](CN(C)S(=O)(=O)c2cn(C)cn2)[C@@H](C)CN([C@@H](C)CO)C(=O)c2cc(N(C)C)ccc2O1,UJYZNBPSVBHVBP-IFOBJOEFSA-N,44494517.0,579.30905516,2.6023000000000005,117.44
BRD-K53501350,COc1ccc(cc1)S(=O)(=O)N[C@@H]1CC[C@H](CC(=O)N2CCN(CC2)c2ccccc2)O[C@@H]1CO,0.984284453,0.976285908,1.001662684,1.029297718,63082614,COc1ccc(S(=O)(=O)N[C@@H]2CC[C@H](CC(=O)N3CCN(c4ccccc4)CC3)O[C@@H]2CO)cc1,ICWHYEIFENWFHJ-GMKZXUHWSA-N,54642118.0,503.209006776,1.6208999999999998,108.41
BRD-K21268222,CCNC(=O)[C@@H]1[C@@H](CO)[C@@H]2CN3C(=O)C(=CC=C3[C@H]1N2S(=O)(=O)c1cn(cn1)C)C1=CCCC1,0.988090743,1.03612089,0.992302197,1.04855257,63235969,CCNC(=O)[C@@H]1[C@@H](CO)[C@@H]2Cn3c(ccc(C4=CCCC4)c3=O)[C@H]1N2S(=O)(=O)c1cn(C)cn1,RELZLTQSXGLSDZ-XIGKFDRGSA-N,60192600.0,487.1889400280001,0.6377000000000015,126.53
BRD-K03399306,O[C@H]1COC[C@H]2O[C@H](CC[C@@H]2N(C1)Cc1ccccc1F)CC(=O)N[C@@H]1CCN(C1)Cc1ccccc1,1.096876474,1.008278447,0.998416062,1.060130872,63276346,O=C(C[C@H]1CC[C@H]2[C@@H](COC[C@H](O)CN2Cc2ccccc2F)O1)N[C@@H]1CCN(Cc2ccccc2)C1,SYGGXHBJBPLYDK-MVQJAVDMSA-N,54659871.0,511.284634916,2.7158,74.27
BRD-K27945483,CO[C@@H]1CN(C)C(=O)c2ccc(cc2OC[C@H](C)N(C[C@@H]1C)C(=O)NC(C)C)NS(=O)(=O)c1ccccc1,0.996020909,1.005039763,1.030835156,1.140435641,63345151,CO[C@@H]1CN(C)C(=O)c2ccc(NS(=O)(=O)c3ccccc3)cc2OC[C@H](C)N(C(=O)NC(C)C)C[C@@H]1C,VGEAOMRMXWKHAS-ZYLNGJIFSA-N,54633831.0,546.251205936,3.4114000000000013,117.28
BRD-K81929579,C[C@H]1CCCCO[C@@H](CN(C)C(=O)c2ccccc2)[C@@H](C)CN([C@H](C)CO)C(=O)c2cc(ccc2O1)NS(=O)(=O)c1ccc(cc1)Cl,1.28260153,0.995354785,1.026684974,0.99027841,63397588,C[C@H](CO)N1C[C@H](C)[C@H](CN(C)C(=O)c2ccccc2)OCCCC[C@H](C)Oc2ccc(NS(=O)(=O)c3ccc(Cl)cc3)cc2C1=O,QNLIKPBFVANLLI-CEMVDLCSSA-N,54616815.0,685.258849428,5.708500000000007,125.48000000000002
BRD-A07971098,COc1ccc(cc1)[C@@H](NC(=O)C1CCN(CCOc2ccc(cc2Cl)Cl)CC1)c1ccco1,0.925741767,1.113062444,1.052132778,1.012575083,63476292,COc1ccc([C@@H](NC(=O)C2CCN(CCOc3ccc(Cl)cc3Cl)CC2)c2ccco2)cc1,LVTVNQFWFYCGAA-RUZDIDTESA-N,,502.142612736,5.591600000000006,63.94
BRD-K77120024,C[C@@H]1CN([C@@H](C)CO)C(=O)CCCn2cc(nn2)CO[C@H]1CN(C)C(=O)Nc1ccccc1C(F)(F)F,1.04216708,0.996095781,0.975513766,1.037195024,63558085,C[C@@H]1CN([C@@H](C)CO)C(=O)CCCn2cc(nn2)CO[C@H]1CN(C)C(=O)Nc1ccccc1C(F)(F)F,DTQFALQSFDATTM-WWMYMODYSA-N,44491453.0,526.251538196,2.9853000000000014,112.82
BRD-K93364295,C[C@@H]1CN([C@H](C)CO)C(=O)c2cc(ccc2O[C@H]1CN(C)S(=O)(=O)c1cn(cn1)C)NC(=O)NC1CCCCC1,1.008516987,1.03235482,0.993222131,0.99491497,63714968,C[C@@H]1CN([C@H](C)CO)C(=O)c2cc(NC(=O)NC3CCCCC3)ccc2O[C@H]1CN(C)S(=O)(=O)c1cn(C)cn1,AHKXCOWKPVORNY-IECBHUPTSA-N,44493220.0,576.2730040000001,2.4151,146.10000000000002
TRIMIPRAMINE MALEATE,CC(CN(C)C)CN1c2ccccc2CCc2ccccc21.O=C(O)C=CC(=O)O,0.977265,0.83537897,0.999393411,0.588160924,63824604,CC(CN(C)C)CN1c2ccccc2CCc2ccccc21.O=C(O)C=CC(=O)O,YDGHCKHAXOUQOS-UHFFFAOYSA-N,114766.0,410.2205574399999,3.8328000000000015,81.08
BRD-K06680606,C[C@H]1CN([C@H](C)CO)C(=O)c2cc(ccc2O[C@@H]1CN(C)S(=O)(=O)c1ccccc1)NC(=O)c1ccncc1,0.911159244,1.059568,0.988378966,1.025230255,64055583,C[C@H](CO)N1C[C@H](C)[C@@H](CN(C)S(=O)(=O)c2ccccc2)Oc2ccc(NC(=O)c3ccncc3)cc2C1=O,SINRCUUNNJXTTC-OUDXUNEISA-N,44202343.0,552.204255744,2.8747000000000007,129.14
BRD-K72369578,NCC(=O)O,0.89240394,1.028167232,0.991803199,1.033677616,64085911,NCC(=O)O,DHMQDGOQFOQNFH-UHFFFAOYSA-N,750.0,75.0320284,-0.9703,63.32000000000001
BRD-A08545227,N[C@H](c1ccc2c(c1)OCCO2)c1ccco1,1.081004369,0.992402295,1.00723854,0.982500457,64170207,N[C@H](c1ccc2c(c1)OCCO2)c1ccco1,MDZMAVNONYUYSJ-CYBMUJFWSA-N,7449344.0,231.089543276,2.0989,57.620000000000005
BRD-K45955804,CC(C)NC(=O)Nc1ccc2c(c1)CC(=O)N(C[C@@H](C)[C@H](CN(C)S(=O)(=O)c1cn(cn1)C)O2)[C@H](C)CO,1.066754703,0.98601523,1.006027096,1.07939216,64204957,CC(C)NC(=O)Nc1ccc2c(c1)CC(=O)N([C@H](C)CO)C[C@@H](C)[C@H](CN(C)S(=O)(=O)c1cn(C)cn1)O2,TWXBXUBMVHFCTR-HMFYCAOWSA-N,44500590.0,550.257353936,1.419700000000002,146.1
OXALIPLATIN,NC1CCCCC1N.O=C1O[Pt]OC1=O,0.94807,0.886855698,1.014943787,0.787185131,64219800,NC1CCCCC1N.O=C1O[Pt]OC1=O,ZROHGHOFXNOHSO-UHFFFAOYSA-L,77994.0,397.060148028,-0.7861,104.64
BRD-K39703431,COc1ccccc1C#Cc1ccc2c(c1)O[C@@H](CN(C)Cc1cncnc1)[C@H](C)CN([C@@H](C)CO)S2(=O)=O,1.385350947,0.959158366,0.832816027,0.943662775,64460407,COc1ccccc1C#Cc1ccc2c(c1)O[C@@H](CN(C)Cc1cncnc1)[C@H](C)CN([C@@H](C)CO)S2(=O)=O,YLMWHHWYIGARGO-WENCSYSZSA-N,54627672.0,550.2249911880001,2.785600000000002,105.09
BRD-K25924895,CN(C)CCCNC(=O)C[C@@H]1CC[C@@H]2[C@@H](COc3ccc(cc3C(=O)N2C)NC(=O)c2ccc3c(c2)OCO3)O1,0.983964229,0.980602012,0.992384882,0.994496447,64501967,CN(C)CCCNC(=O)C[C@@H]1CC[C@@H]2[C@@H](COc3ccc(NC(=O)c4ccc5c(c4)OCO5)cc3C(=O)N2C)O1,AKZIZXABTINSBR-UNIVCBNLSA-N,54656410.0,552.258399492,2.5062000000000006,118.67000000000004
BRD-K35090513,C[C@H]1CCCCO[C@H](CN(C)Cc2ccccc2)[C@@H](C)CN([C@H](C)CO)C(=O)c2cc(ccc2O1)NC(=O)c1ccncc1,0.910648063,1.051382598,1.001855974,0.950507367,64725251,C[C@H](CO)N1C[C@H](C)[C@@H](CN(C)Cc2ccccc2)OCCCC[C@H](C)Oc2ccc(NC(=O)c3ccncc3)cc2C1=O,OANCONKVZGQSHB-LIHQSLCGSA-N,54615042.0,602.346820572,5.261400000000006,104.23
BRD-K67335387,C[C@@H]1CN([C@@H](C)CO)C(=O)CCCn2cc(nn2)CO[C@H]1CN(C)S(=O)(=O)c1cccc(c1)C#N,1.000494856,1.060643445,0.985933593,0.965660252,64798716,C[C@@H]1CN([C@@H](C)CO)C(=O)CCCn2cc(nn2)CO[C@H]1CN(C)S(=O)(=O)c1cccc(C#N)c1,ZSOBJUWVLKLZGD-FGSXEWAUSA-N,44505144.0,504.21548912399993,0.9949800000000006,141.64999999999998
BRD-K88461310,C[C@@H]1CCCCO[C@H](CN(C)C(=O)Nc2ccc(cc2)F)[C@H](C)CN([C@@H](C)CO)C(=O)c2cc(ccc2O1)NC(=O)CCCN(C)C,1.011389425,1.030019977,0.983437543,1.033413107,64807803,C[C@@H]1CCCCO[C@H](CN(C)C(=O)Nc2ccc(F)cc2)[C@H](C)CN([C@@H](C)CO)C(=O)c2cc(NC(=O)CCCN(C)C)ccc2O1,TZJBKPCEZOCDET-VUKRRIEASA-N,44616730.0,657.3901626039999,5.065400000000005,123.68000000000002
BRD-K15541734,CC(C)c1ccc(c(c1)O)C,0.92669225,0.977451503,0.987508721,1.00279708,64873980,Cc1ccc(C(C)C)cc1O,RECUKUPTGUEGMW-UHFFFAOYSA-N,10364.0,150.104465068,2.824020000000001,20.23
BRD-K88447092,C[C@@H]1CCCCO[C@H](CN(C)C(=O)Nc2cccc3ccccc23)[C@@H](C)CN([C@@H](C)CO)C(=O)c2cc(ccc2O1)N(C)C,0.815735125,1.030344337,1.026592986,1.032359124,64889160,C[C@@H]1CCCCO[C@H](CN(C)C(=O)Nc2cccc3ccccc23)[C@@H](C)CN([C@@H](C)CO)C(=O)c2cc(N(C)C)ccc2O1,UBYZDEGPUXBRQE-GMNHBYEWSA-N,44487456.0,604.3624706359999,5.865200000000007,94.58
BRD-K88448667,C[C@@H]1CCCCO[C@@H](CN(C)C(=O)Nc2ccc(cc2)F)[C@@H](C)CN([C@@H](C)CO)C(=O)c2cc(ccc2O1)NC(=O)CCCN(C)C,1.138026603,0.990776755,0.97967339,1.001612484,64984108,C[C@@H]1CCCCO[C@@H](CN(C)C(=O)Nc2ccc(F)cc2)[C@@H](C)CN([C@@H](C)CO)C(=O)c2cc(NC(=O)CCCN(C)C)ccc2O1,TZJBKPCEZOCDET-ZQIYOYMASA-N,44497725.0,657.3901626039999,5.065400000000005,123.68000000000002
BRD-K75595810,CC(C)CC#Cc1ccc2c(c1)O[C@H](CN(C)S(=O)(=O)c1ccc(cc1)F)[C@H](C)CN([C@@H](C)CO)S2(=O)=O,1.370902036,1.003419635,1.019855574,0.947910965,65100353,CC(C)CC#Cc1ccc2c(c1)O[C@H](CN(C)S(=O)(=O)c1ccc(F)cc1)[C@H](C)CN([C@@H](C)CO)S2(=O)=O,ULJKHWQRDIVXQP-YZIHRLCOSA-N,54619839.0,566.19205706,3.312600000000002,104.22
BRD-K32836359,C[C@H]1CCCCO[C@@H](CN(C)Cc2ccc(cc2)C(F)(F)F)[C@@H](C)CN([C@@H](C)CO)C(=O)c2cc(ccc2O1)NC(=O)CCC(F)(F)F,1.479684129,0.748442491,1.002386445,0.981313224,65175009,C[C@H]1CCCCO[C@@H](CN(C)Cc2ccc(C(F)(F)F)cc2)[C@@H](C)CN([C@@H](C)CO)C(=O)c2cc(NC(=O)CCC(F)(F)F)ccc2O1,QKQHOPFIEPLIHC-CQUCHYGKSA-N,44497263.0,689.32634086,6.913900000000009,91.34
BRD-K61230716,[O-][NH2+][O-],1.158456272,0.946786558,0.999131539,1.039490905,65490101,[O-][NH2+][O-],ROODZSDSPAHHIS-UHFFFAOYSA-N,129009887.0,48.00910188391,-1.4546,62.73
BRD-A88548733,CC(O)(CN)C1CC1,1.078523015,0.992565778,1.02346401,1.083127299,65534867,CC(O)(CN)C1CC1,PSDJRLLXPKWQLH-UHFFFAOYSA-N,21109692.0,115.099714036,0.1060999999999996,46.25
BRD-K57149982,COc1ccccc1NC(=O)N(C)C[C@@H]1Oc2ncc(cc2C(=O)N(C[C@@H]1C)[C@@H](C)CO)Br,0.903656095,1.007262729,1.051490134,1.057949622,65591422,COc1ccccc1NC(=O)N(C)C[C@@H]1Oc2ncc(Br)cc2C(=O)N([C@@H](C)CO)C[C@@H]1C,VHCWNMHMOJODGV-AVYPCKFXSA-N,54622108.0,520.132132128,3.236700000000002,104.23
BRD-K85694079,C[C@@H]1CCCCO[C@H](CN(C)C(=O)Nc2ccc(cc2)C(F)(F)F)[C@H](C)CN([C@H](C)CO)C(=O)c2cc(ccc2O1)NS(=O)(=O)C,1.032353718,0.916348141,1.017763713,1.095619874,65606691,C[C@@H]1CCCCO[C@H](CN(C)C(=O)Nc2ccc(C(F)(F)F)cc2)[C@H](C)CN([C@H](C)CO)C(=O)c2cc(NS(C)(=O)=O)ccc2O1,JQKHDUWQEWCERO-SOLZYKTISA-N,44485799.0,672.2804553760001,5.036300000000005,137.51000000000002
BRD-K92906726,C[C@H]1CN([C@H](C)CO)C(=O)c2cc(ccc2O[C@@H]1CN(C)S(=O)(=O)c1ccc(cc1)Cl)NS(=O)(=O)C,1.02756516,0.995133291,0.987457929,1.047592849,65777517,C[C@H](CO)N1C[C@H](C)[C@@H](CN(C)S(=O)(=O)c2ccc(Cl)cc2)Oc2ccc(NS(C)(=O)=O)cc2C1=O,UJUHAFPZSMKGKI-WJONJSRFSA-N,44493162.0,559.12136998,2.2523,133.32
BRD-K34076874,C[C@H]1CN([C@H](C)CO)C(=O)Cc2cc(ccc2O[C@H]1CN(C)C(=O)Nc1ccc2c(c1)OCO2)N(C)C,0.80131297,1.019763177,1.025197843,0.97177268,65809886,C[C@H](CO)N1C[C@H](C)[C@H](CN(C)C(=O)Nc2ccc3c(c2)OCO3)Oc2ccc(N(C)C)cc2CC1=O,UVGUUEZCVXVZPI-ATLLOTDBSA-N,44494930.0,512.263484872,2.794200000000001,103.81
BRD-K60974172,Oc1ccc(cc1)[C@@H]1[C@@H](C[C@H]2N1C(=O)[C@@H]1CCCN1C2=O)C(=O)OCCOc1ccc(cc1)[C@H]1N2[C@@H]([C@@H](C(=O)OCC=C)[C@]11C(=O)Nc3ccccc31)C(=O)O[C@@H]([C@@H]2c1ccccc1)c1ccccc1,1.440216112,1.009019095,1.026456031,1.153511969,66207980,C=CCOC(=O)[C@@H]1[C@H]2C(=O)O[C@H](c3ccccc3)[C@H](c3ccccc3)N2[C@H](c2ccc(OCCOC(=O)[C@@H]3C[C@@H]4C(=O)N5CCC[C@H]5C(=O)N4[C@@H]3c3ccc(O)cc3)cc2)[C@@]12C(=O)Nc1ccccc12,SZLCGBMHLAKHRV-CYVRVKDBSA-N,23975058.0,942.34760842,6.277400000000006,181.32
BRD-K57828999,C[C@@H]1CCCCO[C@@H](CN(C)S(=O)(=O)c2ccc(cc2)C)[C@@H](C)CN([C@@H](C)CO)C(=O)c2cc(ccc2O1)NC(=O)C1CCCCC1,0.814433053,1.018459944,0.996307939,1.034452275,66370126,Cc1ccc(S(=O)(=O)N(C)C[C@@H]2OCCCC[C@@H](C)Oc3ccc(NC(=O)C4CCCCC4)cc3C(=O)N([C@@H](C)CO)C[C@@H]2C)cc1,KRQYVKIRCIVBMN-YLLWZLIASA-N,44618115.0,671.3604220359999,5.630020000000006,125.48000000000002
BRD-K15042254,C[C@H]1CCCCO[C@H](CN(C)C(=O)Nc2ccc3c(c2)OCO3)[C@@H](C)CN([C@@H](C)CO)C(=O)c2cc(ccc2O1)NS(=O)(=O)c1ccccc1,0.919531716,1.028862966,0.992594296,0.986042355,66480692,C[C@H]1CCCCO[C@H](CN(C)C(=O)Nc2ccc3c(c2)OCO3)[C@@H](C)CN([C@@H](C)CO)C(=O)c2cc(NS(=O)(=O)c3ccccc3)ccc2O1,LRPAWUWVBVRACH-NAJARDBOSA-N,44618788.0,710.298550052,5.175500000000005,155.97
BRD-K24734935,Nc1ccc(cc1)N1CC(=O)NC1=C,0.971996949,1.011395108,0.994112582,1.062148967,66569082,C=C1NC(=O)CN1c1ccc(N)cc1,XIWYTEQTXZDMKQ-UHFFFAOYSA-N,,189.090211972,0.6761999999999999,58.36
BRD-K32545692,COc1ccc(cc1)S(=O)(=O)Nc1ccc2c(c1)C(=O)N(C[C@H](C)[C@H](CN(C)C(=O)Nc1ccc(cc1)C(F)(F)F)OCCCC[C@@H](C)O2)[C@H](C)CO,1.004533728,0.98037686,1.005940832,0.948658507,66588117,COc1ccc(S(=O)(=O)Nc2ccc3c(c2)C(=O)N([C@H](C)CO)C[C@H](C)[C@H](CN(C)C(=O)Nc2ccc(C(F)(F)F)cc2)OCCCC[C@@H](C)O3)cc1,ZETMRDHMCISLLD-VBEKBXFHSA-N,44502794.0,764.3066701240001,6.474200000000008,146.73999999999998
BRD-A27691778,OC(=O)CCC(=O)N[C@H]1CCCCNC1=O,0.924333866,0.908320108,1.011473595,1.069823716,66601477,O=C(O)CCC(=O)N[C@H]1CCCCNC1=O,MYVAZNVHDCWAAU-ZETCQYMHSA-N,6930772.0,228.111006992,-0.3639000000000005,95.5
ACETYL HYMETOCHROME,CC(=O)Oc1ccc2c(C)cc(=O)oc2c1,0.93758,0.972685077,1.004229079,1.004889711,66727207,CC(=O)Oc1ccc2c(C)cc(=O)oc2c1,HXVZGASCDAGAPS-UHFFFAOYSA-N,366.0,218.0579088,2.02672,56.510000000000005
BRD-K69970357,C[C@H]1CCCCO[C@H](CN(C)C(=O)Nc2cccc3ccccc23)[C@@H](C)CN([C@H](C)CO)C(=O)c2cc(ccc2O1)NC(=O)CCC(F)(F)F,1.025878871,0.859327802,1.011470287,0.972073807,66774619,C[C@H](CO)N1C[C@H](C)[C@@H](CN(C)C(=O)Nc2cccc3ccccc23)OCCCC[C@H](C)Oc2ccc(NC(=O)CCC(F)(F)F)cc2C1=O,HMQPBDADQSKPRA-FMALNZMYSA-N,54615368.0,700.3447698839999,7.080200000000009,120.44000000000004
BRD-K58167158,C[C@H]1CCCCO[C@@H](CN(C)S(=O)(=O)c2ccccc2)[C@@H](C)CN([C@H](C)CO)C(=O)c2cc(ccc2O1)NC(=O)Nc1ccccc1,1.384222292,0.999312063,1.015406536,0.850819277,66876743,C[C@H](CO)N1C[C@H](C)[C@H](CN(C)S(=O)(=O)c2ccccc2)OCCCC[C@H](C)Oc2ccc(NC(=O)Nc3ccccc3)cc2C1=O,CZQDXIOBQDPKBT-IZPIQJOWSA-N,44494107.0,666.308720812,5.446800000000006,137.51000000000002
BRD-K72739617,CCn1c(nc2c1C(=O)N(CC(=O)N)C(=O)N2C)-n1nc(cc1C)C,0.815749934,1.004449599,0.995559517,0.95663044,66883643,CCn1c(-n2nc(C)cc2C)nc2c1c(=O)n(CC(N)=O)c(=O)n2C,DXMRQNBWZNGXRH-UHFFFAOYSA-N,16854986.0,345.154937468,-0.7955599999999987,122.73
BRD-K22774647,CN1CCN(CC1)C(=O)C[C@@H]1CC[C@@H]2[C@@H](COc3ccc(cc3C(=O)N2C)NC(=O)c2cccs2)O1,1.03205995,1.030538734,0.995705591,1.041486772,67026386,CN1CCN(C(=O)C[C@@H]2CC[C@@H]3[C@@H](COc4ccc(NC(=O)c5cccs5)cc4C(=O)N3C)O2)CC1,UYMSSIWHPXFKAT-CZTZKLFOSA-N,71760159.0,512.209341124,2.5451000000000006,91.42
BRD-K23513304,C[C@@H]1CN([C@@H](C)CO)C(=O)c2cc(ccc2O[C@H]1CN(C)Cc1ccccc1)NC(=O)CCCN(C)C,0.958427454,1.003659313,0.987332796,1.016561411,67126904,C[C@@H]1CN([C@@H](C)CO)C(=O)c2cc(NC(=O)CCCN(C)C)ccc2O[C@H]1CN(C)Cc1ccccc1,DVROWRXPELZBKK-VHSZZVNMSA-N,44489448.0,510.320605824,3.3190000000000017,85.34999999999998
BRD-K13773325,C[C@H](N)CCP(=O)(O)O,0.940262549,1.04522125,1.001341992,0.973877608,67164201,C[C@H](N)CCP(=O)(O)O,MJINPOMKSVZKFL-BYPYZUCNSA-N,16760129.0,153.055479874,-0.0985999999999998,83.55000000000001
BRD-K00902247,C[C@@H]1CN([C@H](C)CO)C(=O)c2cc(ccc2O[C@H]1CN(C)S(=O)(=O)c1ccc(cc1)C)NS(=O)(=O)c1cn(cn1)C,1.016552583,1.096901437,1.009505133,1.088744736,67292376,Cc1ccc(S(=O)(=O)N(C)C[C@@H]2Oc3ccc(NS(=O)(=O)c4cn(C)cn4)cc3C(=O)N([C@H](C)CO)C[C@H]2C)cc1,WJPVYWLJXLMKHK-FHAGJXEFSA-N,44483443.0,605.1977904599999,2.07012,151.14
BRD-K24396733,NC[C@@H]1O[C@@H](Cc2c(c(ccc21)O)O)C12CC3CC(CC(C3)C2)C1,0.123752715,0.911267672,0.987525604,0.093280865,67643171,NC[C@@H]1O[C@H](C23CC4CC(CC(C4)C2)C3)Cc2c1ccc(O)c2O,QLJOSZATCBCBDR-DFKUFRTHSA-N,6603703.0,329.199093724,3.255300000000002,75.71000000000001
BRD-K65064613,C[C@@H]1CN([C@@H](C)CO)C(=O)c2cccc(c2O[C@H]1CN(C)S(=O)(=O)c1ccc2c(c1)OCCCO2)NC(=O)Nc1cccc2ccccc12,1.083650903,0.982207669,0.97345015,1.005460817,67713137,C[C@@H]1CN([C@@H](C)CO)C(=O)c2cccc(NC(=O)Nc3cccc4ccccc34)c2O[C@H]1CN(C)S(=O)(=O)c1ccc2c(c1)OCCCO2,JOWFOMWMBJRPSY-CBUPUIKESA-N,46912152.0,688.2566852399999,5.185900000000005,146.74
BRD-K77538677,C[C@H]1CN([C@@H](C)CO)C(=O)Cc2cc(ccc2O[C@H]1CN(C)Cc1ccc(cc1)C(=O)Nc1ccccc1N)NS(=O)(=O)C,1.07300718,1.02263368,0.990421678,1.018171429,67825330,C[C@H]1CN([C@@H](C)CO)C(=O)Cc2cc(NS(C)(=O)=O)ccc2O[C@H]1CN(C)Cc1ccc(C(=O)Nc2ccccc2N)cc1,OELUKIBPVFGWPS-PWWNZBMUSA-N,44507315.0,623.2777550320002,3.1736000000000004,154.29999999999998
BRD-K24811698,C[C@H]1CN([C@H](C)CO)C(=O)Cc2cc(ccc2O[C@@H]1CN(C)S(=O)(=O)c1ccccc1)NS(=O)(=O)c1ccc(cc1)C,1.028866761,1.036713681,0.992930794,1.009271164,67875673,Cc1ccc(S(=O)(=O)Nc2ccc3c(c2)CC(=O)N([C@H](C)CO)C[C@H](C)[C@@H](CN(C)S(=O)(=O)c2ccccc2)O3)cc1,MGSCZTDFMFVTBN-QFWOEDSFSA-N,44617333.0,615.207292524,3.2655200000000013,133.32
BRD-K74429632,CCS(=O)(=O)Nc1ccc2c(c1)C(=O)N(C)[C@H]1CC[C@@H](CC(=O)N3CCN(C)CC3)O[C@H]1CO2,0.89768082,1.016141598,1.025995551,0.894623272,67918577,CCS(=O)(=O)Nc1ccc2c(c1)C(=O)N(C)[C@H]1CC[C@@H](CC(=O)N3CCN(C)CC3)O[C@H]1CO2,RRCKKFPVDDPSKT-CUWPLCDZSA-N,54654000.0,494.219905808,0.992900000000002,108.49
BRD-K33374482,C[C@@H]1CN([C@@H](C)CO)C(=O)Cc2cc(ccc2O[C@H]1CN(C)Cc1ccc(cc1)-c1ccccc1)NC(=O)Nc1cccc2ccccc12,1.140552532,0.98435526,1.00850547,1.008331606,67979497,C[C@@H]1CN([C@@H](C)CO)C(=O)Cc2cc(NC(=O)Nc3cccc4ccccc34)ccc2O[C@H]1CN(C)Cc1ccc(-c2ccccc2)cc1,DVQUFFYKIBJZKN-RCFCZGBRSA-N,44498270.0,656.336255888,7.431800000000008,94.14
BRD-K43873782,CC1=NCCN=C(C)C1N1CCOCC1,0.940718043,1.004307311,1.01064341,1.085407922,68027515,CC1=NCCN=C(C)C1N1CCOCC1,IRIFKFJYIUJFKE-UHFFFAOYSA-N,,209.152812228,0.6226,37.19
BRD-K33492236,COc1ccc(cc1)S(=O)(=O)N(C)C[C@@H]1Oc2ncc(cc2C(=O)N(C[C@@H]1C)[C@H](C)CO)/C=C/C,0.990670471,0.97681712,0.994492702,1.073117048,68093881,C/C=C/c1cnc2c(c1)C(=O)N([C@H](C)CO)C[C@H](C)[C@H](CN(C)S(=O)(=O)c1ccc(OC)cc1)O2,KZXOHUVNEXQFEB-IXFSTUDKSA-N,,503.209006776,2.664100000000001,109.27
BRD-K75221329,C[C@H]1CN([C@@H](C)CO)C(=O)Cc2cc(ccc2O[C@@H]1CN(C)Cc1ccc(cc1)C(=O)Nc1ccccc1N)NC(=O)Nc1ccccc1,0.820697517,0.997870485,1.001680932,1.047006332,68294055,C[C@H]1CN([C@@H](C)CO)C(=O)Cc2cc(NC(=O)Nc3ccccc3)ccc2O[C@@H]1CN(C)Cc1ccc(C(=O)Nc2ccccc2N)cc1,AMEWTOKWBIKYEC-SFXKCFQESA-N,44507082.0,664.3373185080001,5.446100000000004,149.26
BRD-K37631859,CN(C)CC#Cc1ccc(cc1)[C@@H]1[C@H](CO)N2CCCCN(C[C@@H]12)C(=O)CN(C)C,1.020832804,1.002342235,0.975944138,1.059500286,68320630,CN(C)CC#Cc1ccc([C@@H]2[C@H](CO)N3CCCCN(C(=O)CN(C)C)C[C@@H]23)cc1,ANSRUPVIDFXLMK-FIXSFTCYSA-N,54667019.0,412.283826392,0.9124000000000017,50.260000000000005
BRD-K45114236,C[C@@H]1CN([C@@H](C)CO)C(=O)c2cccc(c2O[C@@H]1CN(C)C(=O)Nc1cccc2ccccc12)NC(=O)C1CCCCC1,1.137400526,1.068347374,0.98683435,0.956918784,68435391,C[C@@H]1CN([C@@H](C)CO)C(=O)c2cccc(NC(=O)C3CCCCC3)c2O[C@@H]1CN(C)C(=O)Nc1cccc2ccccc12,UMANEWLBPPFLCQ-DUELTEGESA-N,44497105.0,586.3155204440001,5.742600000000006,111.21
BRD-K27325410,CC(C)NC(=O)Nc1ccc2c(c1)C(=O)N(C[C@H](C)[C@@H](CN(C)S(=O)(=O)c1ccc(cc1)Cl)O2)[C@@H](C)CO,1.084513506,0.970377542,0.983394292,1.019450211,68436958,CC(C)NC(=O)Nc1ccc2c(c1)C(=O)N([C@@H](C)CO)C[C@H](C)[C@@H](CN(C)S(=O)(=O)c1ccc(Cl)cc1)O2,NMFHWISFZINRTB-LLJLJFOGSA-N,44484726.0,566.1965835199999,3.4107000000000025,128.28
BRD-K65482844,C[C@@H]1CCCCO[C@@H](CN(C)Cc2ccc(cc2)C(=O)O)[C@@H](C)CN([C@H](C)CO)C(=O)c2cc(ccc2O1)NC(=O)Nc1ccccc1,0.938047094,1.069114068,0.959948131,1.019653182,68602887,C[C@@H]1CCCCO[C@@H](CN(C)Cc2ccc(C(=O)O)cc2)[C@@H](C)CN([C@H](C)CO)C(=O)c2cc(NC(=O)Nc3ccccc3)ccc2O1,SNWPULXWIHILLO-DOKVQHETSA-N,44501986.0,660.352299876,5.956300000000007,140.67000000000002
FURAZOLIDONE,O=C1OCCN1N=Cc1ccc([N+](=O)[O-])o1,0.1876,0.775293299,0.99436149,1.072330754,68769304,O=C1OCCN1N=Cc1ccc([N+](=O)[O-])o1,PLHJDBGFXBMTGZ-UHFFFAOYSA-N,3435.0,225.038570324,0.9739,98.18
TOLMETIN SODIUM,Cc1ccc(C(=O)c2ccc(CC(=O)[O-])n2C)cc1.[Na+],0.965565,1.014266038,0.954238712,0.949824684,68795074,Cc1ccc(C(=O)c2ccc(CC(=O)[O-])n2C)cc1.[Na+],QGUALMNFRILWRA-UHFFFAOYSA-M,23665411.0,279.087137588,-2.139079999999997,62.13
BRD-K52085037,C[N+](C)(C)CCCC[C@@H]1NC(=O)[C@@H]2C[C@@H]([C@@H](N2C1=O)c1cccc(c1)OCCO)C(=O)OCCOc1ccc(cc1)[C@H]1N2[C@@H]([C@@H](C(=O)OCC=C)[C@]11C(=O)Nc3ccccc31)C(=O)O[C@@H]([C@@H]2c1ccccc1)c1ccccc1,0.674966373,0.970182806,1.011311241,1.128932251,69161356,C=CCOC(=O)[C@@H]1[C@H]2C(=O)O[C@H](c3ccccc3)[C@H](c3ccccc3)N2[C@H](c2ccc(OCCOC(=O)[C@H]3C[C@H]4C(=O)N[C@@H](CCCC[N+](C)(C)C)C(=O)N4[C@H]3c3cccc(OCCO)c3)cc2)[C@@]12C(=O)Nc1ccccc12,YVFODKGYGWEVSE-XFAFEJABSA-O,23891062.0,1060.4702489720898,6.313200000000009,199.34
BRD-A65493270,C[C@H]1O[C@@H](O[C@H]2[C@@H](O)CO[C@@H](O[C@H]3[C@@H](O)[C@@H](C)O[C@@H](O[C@H]4[C@H](O[C@@H](C)[C@@H](O)[C@@H]4O[C@H]4OC[C@@H](O)[C@@H](O)[C@@H]4O)OC(=O)[C@]45CCC(C)(C)C[C@@H]5C5=CC[C@H]6[C@@]7(C)C[C@@H](O)[C@@H](O[C@H]8O[C@@H](C)[C@@H](O)[C@@H](O[C@H]9OC[C@@H](O)[C@@H](O[C@H]%10OC[C@@H](O[C@H]%11OC[C@@](O)(CO)[C@@H]%11O)[C@@H](O)[C@@H]%10O)[C@@H]9O)[C@@H]8O)[C@@](C)(CO)[C@@H]7CC[C@@]6(C)[C@@]5(C)C[C@@H]4O)[C@@H]3O)[C@@H]2O)[C@@H](O)[C@@H](O)[C@@H]1O,0.878317532,0.919258721,0.985483355,0.871401153,69283835,C[C@@H]1O[C@H](O[C@@H]2[C@H](O)C[C@@]3(C)[C@@H](CC[C@]4(C)[C@H]3CC=C3[C@H]5CC(C)(C)CC[C@@]5(C(=O)O[C@H]5O[C@@H](C)[C@@H](O)[C@H](O[C@H]6OC[C@@H](O)[C@@H](O)[C@@H]6O)[C@H]5O[C@@H]5O[C@H](C)[C@H](O)[C@H](O[C@@H]6OC[C@H](O)[C@H](O[C@@H]7O[C@H](C)[C@@H](O)[C@H](O)[C@@H]7O)[C@H]6O)[C@H]5O)[C@@H](O)C[C@@]34C)[C@]2(C)CO)[C@@H](O)[C@H](O[C@H]2OC[C@@H](O)[C@@H](O[C@H]3OC[C@@H](O[C@H]4OC[C@@](O)(CO)[C@@H]4O)[C@@H](O)[C@@H]3O)[C@@H]2O)[C@@H]1O,NYLXZEFPNUPWNO-KJSUFJFHSA-N,,1748.7880181359988,-8.692800000000062,648.5000000000003
BRD-K52672291,C[C@H]1CN([C@H](C)CO)C(=O)c2cc(ccc2O[C@@H]1CN(C)S(=O)(=O)C)N(C)C,0.951047337,1.09046113,1.012835816,1.017470864,69299660,C[C@H](CO)N1C[C@H](C)[C@@H](CN(C)S(C)(=O)=O)Oc2ccc(N(C)C)cc2C1=O,BWBCCZYHDOLGJF-PMUMKWKESA-N,44202287.0,413.1984420920001,0.8641000000000005,90.39
BRD-K99445164,COc1ccc(cc1)S(=O)(=O)Nc1ccc2c(c1)C(=O)N(C[C@@H](C)[C@@H](CN(C)C(=O)CCC(F)(F)F)OCCCC[C@H](C)O2)[C@@H](C)CO,1.264212091,1.004129552,1.047843846,0.938491667,69348797,COc1ccc(S(=O)(=O)Nc2ccc3c(c2)C(=O)N([C@@H](C)CO)C[C@@H](C)[C@@H](CN(C)C(=O)CCC(F)(F)F)OCCCC[C@H](C)O3)cc1,VBSJOUJBVYCLSD-DLWGQWRRSA-N,44616476.0,701.2957710920001,5.092400000000006,134.70999999999998
VERBENALIN,COC(=O)C1=COC(OC2OC(CO)C(O)C(O)C2O)C2C(C)CC(=O)C12,1.01735,0.900471036,1.011094301,0.900211347,69378962,COC(=O)C1=COC(OC2OC(CO)C(O)C(O)C2O)C2C(C)CC(=O)C12,HLXRWTJXGMHOFN-UHFFFAOYSA-N,273110.0,388.136946968,-1.942599999999998,151.98000000000002
BRD-K21433317,CCCC#Cc1ccc2c(c1)O[C@@H](CN(C)Cc1ccc3c(c1)OCO3)[C@@H](C)CN([C@@H](C)CO)S2(=O)=O,1.153155714,1.039714881,1.034297218,1.000497845,69518374,CCCC#Cc1ccc2c(c1)O[C@@H](CN(C)Cc1ccc3c(c1)OCO3)[C@@H](C)CN([C@@H](C)CO)S2(=O)=O,ZBCREHINDTUCBX-IZVMNLJQSA-N,54623098.0,528.2294078719999,3.4675000000000025,88.53999999999999
BRD-K33033774,CC1=CC(=O)NN1,0.936627341,0.990909782,0.974571532,1.08050345,69705277,Cc1cc(=O)[nH][nH]1,WGVHNCAJPFIFCR-UHFFFAOYSA-N,319771.0,98.048012812,0.0114199999999998,48.65
BRD-K50674548,OC[C@H]1O[C@H](C[C@@H]2[C@H]1Oc1ccc(cc12)NS(=O)(=O)c1ccc(cc1)F)CC(=O)NC1CCCC1,1.115499838,0.974191201,1.003657574,1.013478005,69708614,O=C(C[C@H]1C[C@H]2c3cc(NS(=O)(=O)c4ccc(F)cc4)ccc3O[C@H]2[C@@H](CO)O1)NC1CCCC1,MPIVLFKNNLWJON-NGCSHXQWSA-N,54648966.0,504.173035868,3.0698000000000016,113.95999999999998
BRD-K55248499,C[C@H]1CCCCO[C@H](CN(C)S(=O)(=O)c2cccs2)[C@H](C)CN([C@H](C)CO)C(=O)c2cc(ccc2O1)NC(=O)Nc1ccccc1,1.147135759,0.970509942,1.060736877,0.950161865,69752120,C[C@@H]1CN([C@H](C)CO)C(=O)c2cc(NC(=O)Nc3ccccc3)ccc2O[C@@H](C)CCCCO[C@@H]1CN(C)S(=O)(=O)c1cccs1,UAPVNYAVVOPKKX-ZASNTINBSA-N,54617479.0,672.2651417479999,5.508300000000006,137.51000000000002
BRD-K19667527,C[C@@H]1CN([C@H](C)CO)S(=O)(=O)c2ccc(cc2O[C@@H]1CN(C)C(=O)Nc1ccc(cc1)F)C#CC1(O)CCCC1,1.098703866,0.977535016,1.029842186,0.922727962,69819800,C[C@@H]1CN([C@H](C)CO)S(=O)(=O)c2ccc(C#CC3(O)CCCC3)cc2O[C@@H]1CN(C)C(=O)Nc1ccc(F)cc1,VKNIOIDXUYQURP-IPVFLDMMSA-N,54621129.0,573.230885092,3.4148000000000014,119.41
FLORFENICOL,CS(=O)(=O)c1ccc(C(O)C(CF)NC(=O)C(Cl)Cl)cc1,0.18801,1.028409156,1.010535498,0.99377282,70019855,CS(=O)(=O)c1ccc(C(O)C(CF)NC(=O)C(Cl)Cl)cc1,AYIRNRDRBQJXIF-UHFFFAOYSA-N,5201447.0,357.000462508,1.3815,83.47
BRD-K94244811,C[C@@H]1CCCCO[C@@H](CN(C)C(=O)NC2CCCCC2)[C@H](C)CN([C@H](C)CO)C(=O)c2cc(ccc2O1)NS(=O)(=O)c1cccs1,1.146288873,1.000913376,1.021390585,1.012267358,70450856,C[C@@H]1CCCCO[C@@H](CN(C)C(=O)NC2CCCCC2)[C@H](C)CN([C@H](C)CO)C(=O)c2cc(NS(=O)(=O)c3cccs3)ccc2O1,GIIPPIKUEBWVDR-GBRARVNLSA-N,44616925.0,678.3120919400001,5.318500000000006,137.51000000000002
BRD-K69842111,C[C@@H]1CCCCO[C@@H](CN(C)C(=O)NC2CCCCC2)[C@@H](C)CN([C@@H](C)CO)C(=O)c2cc(ccc2O1)NC(=O)c1ccccc1,1.078658543,0.99869179,1.002781001,0.965536061,70502051,C[C@@H]1CCCCO[C@@H](CN(C)C(=O)NC2CCCCC2)[C@@H](C)CN([C@@H](C)CO)C(=O)c2cc(NC(=O)c3ccccc3)ccc2O1,CYEHKRHZCYHURA-IULAASEQSA-N,44618875.0,636.3886853839999,5.708500000000006,120.44000000000004
ACAMPROSATE CALCIUM,CC(=O)NCCCS(=O)(=O)[O-].CC(=O)NCCCS(=O)(=O)[O-].[Ca+2],0.973295,1.033675996,0.993974951,1.047064402,70624773,CC(=O)NCCCS(=O)(=O)[O-].CC(=O)NCCCS(=O)(=O)[O-].[Ca+2],BUVGWDNTAWHSKI-UHFFFAOYSA-L,155434.0,400.0286985799999,-2.265199999999996,172.6
BRD-K87573133,C[C@H]1CN([C@@H](C)CO)C(=O)c2cc(ccc2O[C@H]1CN(C)C(=O)Nc1c(noc1C)C)NC(=O)CCCN(C)C,1.010488478,0.97920981,1.001530676,1.056846523,70723589,Cc1noc(C)c1NC(=O)N(C)C[C@@H]1Oc2ccc(NC(=O)CCCN(C)C)cc2C(=O)N([C@@H](C)CO)C[C@@H]1C,QRXGFODFKCEVPT-XFAGBWLFSA-N,44485576.0,558.316583064,2.9557400000000014,140.48000000000002
BRD-K52718759,COc1ccc(cc1)NC(=O)N(C)C[C@@H]1OCCCC[C@@H](C)Oc2ccc(cc2C(=O)N(C[C@H]1C)[C@@H](C)CO)NC(=O)c1ccccc1,0.981563705,1.06720691,1.006707617,1.030738208,70811840,COc1ccc(NC(=O)N(C)C[C@@H]2OCCCC[C@@H](C)Oc3ccc(NC(=O)c4ccccc4)cc3C(=O)N([C@@H](C)CO)C[C@H]2C)cc1,RWLNXFIBHRUEBF-VUYBWUDLSA-N,44618060.0,660.3522998760001,5.906900000000007,129.67
BRD-K82273517,C[C@@H]1CCCCO[C@H](CN(C)C(=O)Nc2c(noc2C)C)[C@@H](C)CN([C@H](C)CO)C(=O)c2cc(ccc2O1)NS(=O)(=O)c1ccc(cc1)C,0.986471431,0.98745694,1.007452554,1.038408398,70812177,Cc1ccc(S(=O)(=O)Nc2ccc3c(c2)C(=O)N([C@H](C)CO)C[C@H](C)[C@@H](CN(C)C(=O)Nc2c(C)noc2C)OCCCC[C@@H](C)O3)cc1,OUJBPOBLHVPJKV-YGEVIRGBSA-N,44498486.0,699.330184528,5.360060000000005,163.53999999999996
BRD-K18185203,COCC#Cc1ccc2c(c1)O[C@H](CN(C)C(=O)Nc1ccccc1F)[C@@H](C)CN([C@H](C)CO)S2(=O)=O,0.983765937,1.05891294,0.976022069,1.015050394,70835739,COCC#Cc1ccc2c(c1)O[C@H](CN(C)C(=O)Nc1ccccc1F)[C@@H](C)CN([C@H](C)CO)S2(=O)=O,SCAGSFUEOIDWQV-XLNZFTOWSA-N,54623675.0,533.199584964,2.7561000000000013,108.41
SHIKIMIC ACID,O=C(O)C1=CC(O)C(O)C(O)C1,0.97211,0.971571549,1.014701908,0.972182552,71059568,O=C(O)C1=CC(O)C(O)C(O)C1,JXOHGGNKMLTUBP-UHFFFAOYSA-N,1094.0,174.05282342,-1.5162000000000004,97.99
BRD-K80272917,C[C@H]1CN([C@H](C)CO)C(=O)c2cccc(c2O[C@H]1CN(C)S(=O)(=O)c1ccc(cc1)C)NC(=O)c1cc(nn1C)C,1.140903744,0.99417298,1.017820005,1.125474716,71100985,Cc1ccc(S(=O)(=O)N(C)C[C@@H]2Oc3c(NC(=O)c4cc(C)nn4C)cccc3C(=O)N([C@H](C)CO)C[C@@H]2C)cc1,FIQJACGDOIFRIQ-UTAZYMRLSA-N,44499535.0,583.2464549040001,2.830040000000001,134.07
BRD-K44161636,C/C=C/c1ccc2c(c1)O[C@@H](CN(C)S(=O)(=O)c1ccccc1)[C@@H](C)CN([C@@H](C)CO)S2(=O)=O,1.523149955,0.968772963,1.0237456,1.032449172,71151646,C/C=C/c1ccc2c(c1)O[C@@H](CN(C)S(=O)(=O)c1ccccc1)[C@@H](C)CN([C@@H](C)CO)S2(=O)=O,NAGPJJKSGURZNT-YDHSSHFGSA-N,139032460.0,508.170178744,2.809000000000001,104.22
BRD-K14470056,C[C@@H]1CN([C@@H](C)CO)C(=O)c2cc(ccc2O[C@H]1CN(C)C(=O)Nc1ccc(cc1)C(F)(F)F)NS(=O)(=O)C,0.984925122,1.002624186,1.010075613,0.963259666,71196194,C[C@@H]1CN([C@@H](C)CO)C(=O)c2cc(NS(C)(=O)=O)ccc2O[C@H]1CN(C)C(=O)Nc1ccc(C(F)(F)F)cc1,FXGMTXOCFPDCBH-VVBPWWLESA-N,44492696.0,572.191640372,3.4609000000000014,128.28
BRD-K07211097,C[C@H]1CCCCO[C@@H](CN(C)S(=O)(=O)C)[C@@H](C)CN([C@H](C)CO)C(=O)c2cc(ccc2O1)NS(=O)(=O)c1cn(cn1)C,0.965090414,0.995932787,0.989928266,0.980472378,71415576,C[C@H](CO)N1C[C@H](C)[C@H](CN(C)S(C)(=O)=O)OCCCC[C@H](C)Oc2ccc(NS(=O)(=O)c3cn(C)cn3)cc2C1=O,UPKKHCLQSJRPJS-PDFGSZSQSA-N,54616031.0,629.2553053359998,1.907800000000002,160.37
BRD-K49594049,COc1ccc(cc1)S(=O)(=O)N(C)C[C@@H]1OCCCC[C@@H](C)Oc2ccc(cc2C(=O)N(C[C@@H]1C)[C@H](C)CO)NC(=O)Nc1ccc2c(c1)OCO2,0.980136919,0.922891287,1.011227332,0.961454325,71502472,COc1ccc(S(=O)(=O)N(C)C[C@@H]2OCCCC[C@@H](C)Oc3ccc(NC(=O)Nc4ccc5c(c4)OCO5)cc3C(=O)N([C@H](C)CO)C[C@@H]2C)cc1,VTGYLMAVXSFULI-OVDHPMSYSA-N,44504525.0,740.309114736,5.184100000000005,165.2
BRD-K43776910,CC(C)NC(=O)N(C)C[C@H]1Oc2c(cccc2C(=O)N(C[C@H]1C)[C@@H](C)CO)NC(=O)Nc1ccc2c(c1)OCO2,0.903749203,1.036203323,0.974822271,1.048239305,71535059,CC(C)NC(=O)N(C)C[C@H]1Oc2c(NC(=O)Nc3ccc4c(c3)OCO4)cccc2C(=O)N([C@@H](C)CO)C[C@H]1C,DCIKUPGCQMUSCO-NXMSCROESA-N,44499560.0,555.269298524,3.329200000000001,141.7
BRD-K90943743,C[C@@H]1CCCCO[C@H](CN(C)C(=O)CCCN(C)C)[C@@H](C)CN([C@H](C)CO)C(=O)c2cc(ccc2O1)NC(=O)Nc1cccc2ccccc12,1.029730377,1.05310848,0.973786823,1.008555038,71572602,C[C@@H]1CCCCO[C@H](CN(C)C(=O)CCCN(C)C)[C@@H](C)CN([C@H](C)CO)C(=O)c2cc(NC(=O)Nc3cccc4ccccc34)ccc2O1,PIHXRFMPKWCMAO-YQZQOYNKSA-N,44501060.0,689.4152344799999,6.079500000000008,123.68
BRD-K04279553,C[C@H]1CCCCO[C@H](CN(C)S(=O)(=O)c2ccccc2)[C@H](C)CN([C@@H](C)CO)C(=O)c2cc(ccc2O1)NS(=O)(=O)c1ccc(cc1)Cl,0.966828154,0.853839862,1.007769254,1.028073509,71858090,C[C@@H]1CN([C@@H](C)CO)C(=O)c2cc(NS(=O)(=O)c3ccc(Cl)cc3)ccc2O[C@@H](C)CCCCO[C@@H]1CN(C)S(=O)(=O)c1ccccc1,AFIPPTVZZVNDIJ-PHAQOQMTSA-N,44620020.0,721.225835048,5.257000000000007,142.55
BRD-A45628729,C[C@H]1CCc2c(sc(c2C#N)/N=C/C=C/c2ccccc2)C1,1.066498647,1.076373123,1.05171172,0.939596697,71947238,C[C@H]1CCc2c(sc(/N=C/C=C/c3ccccc3)c2C#N)C1,FGQLBGBXYBWIOX-AWEZNQCLSA-N,,306.119069576,5.160280000000005,36.15
BRD-K91935685,Cc1ccc(cc1)S(=O)(=O)N[C@@H](Cc1ccccc1)C(=O)NCCCn1cc(nn1)CCC(=O)NO,0.753699914,1.00907576,1.042896166,1.016748533,72021473,Cc1ccc(S(=O)(=O)N[C@@H](Cc2ccccc2)C(=O)NCCCn2cc(CCC(=O)NO)nn2)cc1,FPKBFOUBCJEMHC-QFIPXVFZSA-N,,514.19983906,1.1206200000000008,155.30999999999997
BRD-A44701612,CC(C)[C@@]1(NC(=O)[C@H]2C[C@H]3[C@@H](Cc4c[nH]c5cccc3c45)N(C)C2)O[C@@]2(O)[C@H]3CCCN3C(=O)[C@@H](Cc3ccccc3)N2C1=O,0.996944572,0.992930881,0.980517811,1.045799872,72074625,CC(C)[C@@]1(NC(=O)[C@H]2C[C@@H]3c4cccc5[nH]cc(c45)C[C@H]3N(C)C2)O[C@@]2(O)[C@H]3CCCN3C(=O)[C@@H](Cc3ccccc3)N2C1=O,DEQITUUQPICUMR-YSVLLKSTSA-N,,611.310769412,2.7172,118.21
BRD-K16966765,C[C@@H]1CN([C@@H](C)CO)C(=O)Cc2cc(ccc2O[C@H]1CN(C)C(=O)Nc1cccc2ccccc12)NC(=O)CCC(F)(F)F,1.749130801,0.983319648,0.992719853,1.125157708,72515409,C[C@@H]1CN([C@@H](C)CO)C(=O)Cc2cc(NC(=O)CCC(F)(F)F)ccc2O[C@H]1CN(C)C(=O)Nc1cccc2ccccc12,QFRXUVVOSLWYNG-GGJMMHKRSA-N,44491571.0,614.271604944,5.433700000000004,111.21
BRD-K65401339,C[C@H]1CN([C@H](C)CO)C(=O)c2cc(ccc2O[C@H]1CN(C)S(=O)(=O)c1cccs1)NS(=O)(=O)c1cn(cn1)C,0.992261011,0.953719454,0.987585593,1.025809811,72661059,C[C@H](CO)N1C[C@H](C)[C@H](CN(C)S(=O)(=O)c2cccs2)Oc2ccc(NS(=O)(=O)c3cn(C)cn3)cc2C1=O,WCIIFYQIXHFQSD-FVJLSDCUSA-N,44487837.0,597.1385613319999,1.8231999999999997,151.14
BRD-K35836133,COc1ccc(cc1)NC(=O)Nc1cccc2c1O[C@@H](CN(C)Cc1ccc(cc1)C(=O)Nc1ccccc1N)[C@@H](C)CN([C@H](C)CO)C2=O,1.09705126,0.976004564,1.040131706,0.941385889,72684153,COc1ccc(NC(=O)Nc2cccc3c2O[C@@H](CN(C)Cc2ccc(C(=O)Nc4ccccc4N)cc2)[C@@H](C)CN([C@H](C)CO)C3=O)cc1,KPWIEHUIZOJQLP-SGQICDRISA-N,44507954.0,680.3322331280001,5.525800000000005,158.48999999999998
BRD-K99327402,C[C@@H]1CN([C@H](C)CO)C(=O)c2cc(ccc2O[C@H]1CN(C)S(=O)(=O)c1cn(cn1)C)NS(=O)(=O)c1ccccc1,0.94551458,1.022242516,1.015289651,0.955690781,73025775,C[C@@H]1CN([C@H](C)CO)C(=O)c2cc(NS(=O)(=O)c3ccccc3)ccc2O[C@H]1CN(C)S(=O)(=O)c1cn(C)cn1,SVLZFOKDCNSNIY-IECBHUPTSA-N,44490003.0,591.182140396,1.7616999999999998,151.14
BRD-K40979466,C[C@H]1CCCCO[C@@H](CN(C)C(=O)Nc2ccccc2)[C@@H](C)CN([C@H](C)CO)C(=O)c2cc(ccc2O1)NS(=O)(=O)c1cccs1,0.969084495,1.001118749,1.016453309,1.112134358,73081863,C[C@H](CO)N1C[C@H](C)[C@H](CN(C)C(=O)Nc2ccccc2)OCCCC[C@H](C)Oc2ccc(NS(=O)(=O)c3cccs3)cc2C1=O,WHXZQCYSSMPAMT-SODQHWRNSA-N,54617551.0,672.265141748,5.508300000000006,137.51000000000002
BRD-K52955163,C[C@H]1CCCCO[C@H](CN(C)C(=O)NC2CCCCC2)[C@@H](C)CN([C@H](C)CO)C(=O)c2cc(ccc2O1)NC(=O)Nc1ccc(cc1)C(F)(F)F,1.31856495,1.006767072,1.021770501,1.070370512,73083179,C[C@H](CO)N1C[C@H](C)[C@@H](CN(C)C(=O)NC2CCCCC2)OCCCC[C@H](C)Oc2ccc(NC(=O)Nc3ccc(C(F)(F)F)cc3)cc2C1=O,MJLMJXYCUJDZRA-FMALNZMYSA-N,54617778.0,719.3869690439999,7.119000000000008,132.47000000000003
BRD-K68110581,C[C@@H]1CN([C@H](C)CO)C(=O)Cc2cc(ccc2O[C@H]1CN(C)Cc1ccc(cc1)-c1ccccc1)NC(=O)C1CCCCC1,1.186676387,1.031808656,1.036191633,1.068114482,73142674,C[C@@H]1CN([C@H](C)CO)C(=O)Cc2cc(NC(=O)C3CCCCC3)ccc2O[C@H]1CN(C)Cc1ccc(-c2ccccc2)cc1,DYCZSMLKMCKUPF-NVOANOBXSA-N,44503293.0,597.356656984,6.153400000000007,82.10999999999999
BRD-K29273866,COc1ccc(cc1)S(=O)(=O)Nc1ccc2c(c1)C(=O)N(C[C@H](C)[C@H](CN(C)S(=O)(=O)C)OCCCC[C@@H](C)O2)[C@@H](C)CO,1.095433231,0.984499097,0.988516168,0.974583441,73257377,COc1ccc(S(=O)(=O)Nc2ccc3c(c2)C(=O)N([C@@H](C)CO)C[C@H](C)[C@H](CN(C)S(C)(=O)=O)OCCCC[C@@H](C)O3)cc1,IUQZJOHZICLGIR-DGGNIJSCSA-N,54616294.0,655.2597220199999,3.1829000000000023,151.77999999999997
BRD-K70897430,CC(C)CNC(=O)[C@]1(CC(=O)N(Cc2ccccc2C(F)(F)F)[C@@H]1c1ccc(cc1I)CO)Sc1ccc(cc1)C,1.570434082,0.961194185,1.001572951,0.833747823,73282253,Cc1ccc(S[C@]2(C(=O)NCC(C)C)CC(=O)N(Cc3ccccc3C(F)(F)F)[C@@H]2c2ccc(CO)cc2I)cc1,RLPYUUYHMDFHFJ-PQHLKRTFSA-N,24868825.0,696.1130465440001,6.887620000000007,69.64
BRD-K48925927,CO[C@H]1CN(C)C(=O)c2ccc(cc2OC[C@@H](C)N(C[C@@H]1C)S(=O)(=O)c1cn(cn1)C)NC(=O)C,1.131473579,0.952078098,0.99147137,1.032179619,73307755,CO[C@H]1CN(C)C(=O)c2ccc(NC(C)=O)cc2OC[C@@H](C)N(S(=O)(=O)c2cn(C)cn2)C[C@@H]1C,MNMKHUSZJYICID-MRUHUIDDSA-N,54636265.0,507.2151547760001,1.5734000000000004,123.07000000000002
BRD-K63937292,C[C@H]1CN([C@H](C)CO)C(=O)c2cccc(c2O[C@H]1CN(C)S(=O)(=O)c1ccc(cc1)C)NC(=O)Nc1cccc2ccccc12,0.98533002,1.005711818,0.966279618,0.970558063,73346958,Cc1ccc(S(=O)(=O)N(C)C[C@@H]2Oc3c(NC(=O)Nc4cccc5ccccc45)cccc3C(=O)N([C@H](C)CO)C[C@@H]2C)cc1,VPRUVRPQZVHKTA-JLELKNTQSA-N,71759659.0,630.251205936,5.333020000000006,128.28
BRD-K05024623,C[C@H]1CN([C@@H](C)CO)C(=O)c2cccc(c2O[C@@H]1CN(C)C(=O)Nc1ccc2c(c1)OCO2)NC(=O)Nc1cccc2ccccc12,1.010495867,0.964156627,0.986450448,1.010060853,73498740,C[C@H]1CN([C@@H](C)CO)C(=O)c2cccc(NC(=O)Nc3cccc4ccccc34)c2O[C@@H]1CN(C)C(=O)Nc1ccc2c(c1)OCO2,XHIWFYJFSNYMOA-GUARRIROSA-N,44495714.0,639.269298524,5.596500000000005,141.70000000000002
BRD-K45089742,C[C@@H]1CN([C@H](C)CO)C(=O)Cc2cc(ccc2O[C@@H]1CN(C)S(=O)(=O)c1ccccc1)NC(=O)Cn1cnnn1,1.112452373,1.056101773,1.052302956,1.036528854,73526817,C[C@@H]1CN([C@H](C)CO)C(=O)Cc2cc(NC(=O)Cn3cnnn3)ccc2O[C@@H]1CN(C)S(=O)(=O)c1ccccc1,WNDIKUCSLOQWAR-KHCICDEESA-N,44488082.0,571.221302776,0.7815000000000007,159.84999999999997
HYDROCORTISONE HEMISUCCINATE,CC12CCC(=O)C=C1CCC1C2C(O)CC2(C)C1CCC2(O)C(=O)COC(=O)CCC(=O)O,0.97438,1.101478536,0.969638843,1.21030789,73776199,CC12CCC(=O)C=C1CCC1C2C(O)CC2(C)C1CCC2(O)C(=O)COC(=O)CCC(=O)O,VWQWXZAWFPZJDA-UHFFFAOYSA-N,3643.0,462.22536804799984,2.1973,138.2
BRD-K91402651,C[C@H]1CCCCO[C@@H](CN(C)Cc2ccc(cc2)C(F)(F)F)[C@@H](C)CN([C@@H](C)CO)C(=O)c2cc(ccc2O1)NC(=O)C1CCCCC1,1.42736663,0.91721702,1.007859761,0.986289386,73954732,C[C@H]1CCCCO[C@@H](CN(C)Cc2ccc(C(F)(F)F)cc2)[C@@H](C)CN([C@@H](C)CO)C(=O)c2cc(NC(=O)C3CCCCC3)ccc2O1,RGDWZLATWUCGFS-GAIIXZKLSA-N,54616055.0,675.3859064239999,7.15170000000001,91.34
BRD-K59029042,C[C@H]1CN([C@@H](C)CO)C(=O)Cc2cc(ccc2O[C@@H]1CN(C)CC1CC1)NS(=O)(=O)c1cn(cn1)C,0.946648492,1.015148509,1.000531507,0.99656157,74099358,C[C@H]1CN([C@@H](C)CO)C(=O)Cc2cc(NS(=O)(=O)c3cn(C)cn3)ccc2O[C@@H]1CN(C)CC1CC1,PLDSJUDSPTVOFJ-IUKKYPGJSA-N,44495928.0,519.251540284,1.7117000000000002,117.0
BRD-K44257629,C[C@@H]1CN([C@H](C)CO)C(=O)c2cc(ccc2O[C@H]1CN(C)Cc1ccc(cc1)Oc1ccccc1)NC(=O)Cc1ccccc1,1.277838619,0.795781107,1.044825992,1.039826137,74207773,C[C@@H]1CN([C@H](C)CO)C(=O)c2cc(NC(=O)Cc3ccccc3)ccc2O[C@H]1CN(C)Cc1ccc(Oc2ccccc2)cc1,DHCQKYJUILKYHB-NVOANOBXSA-N,44202907.0,607.304621412,6.012200000000006,91.34
BRD-K27393415,Cc1cccc(c1NC(=O)c1cc(c(cc1O)Cl)S(=O)(=O)N)C,0.926861794,1.070791999,0.997179499,0.968311202,74236102,Cc1cccc(C)c1NC(=O)c1cc(S(N)(=O)=O)c(Cl)cc1O,MTZBBNMLMNBNJL-UHFFFAOYSA-N,26618.0,354.04410564,2.562140000000001,109.49
TILETAMINE HYDROCHLORIDE,CCNC1(c2cccs2)CCCCC1=O.Cl,1.0432,0.949416411,1.016862879,0.683406602,74252291,CCNC1(c2cccs2)CCCCC1=O.Cl,ZUYKJZQOPXDNOK-UHFFFAOYSA-N,26534.0,259.079762876,3.117800000000002,29.1
BRD-K10722141,C[C@@H]1CN([C@H](C)CO)C(=O)CCCn2cc(nn2)CO[C@@H]1CN(C)C(=O)Nc1ccc(cc1)C(C)(C)C,1.042921191,1.021456845,0.980920118,0.977168595,74314503,C[C@@H]1CN([C@H](C)CO)C(=O)CCCn2cc(nn2)CO[C@@H]1CN(C)C(=O)Nc1ccc(C(C)(C)C)cc1,APMQHRQBDHMONS-YOSAUDMPSA-N,44505840.0,514.326753824,3.264000000000001,112.82
BRD-K94423047,COc1ccc(cc1)S(=O)(=O)Nc1ccc2c(c1)C(=O)N(C[C@@H](C)[C@H](CN(C)S(=O)(=O)c1cccs1)O2)[C@H](C)CO,1.09482662,1.007269046,1.012221428,0.966161778,74318767,COc1ccc(S(=O)(=O)Nc2ccc3c(c2)C(=O)N([C@H](C)CO)C[C@@H](C)[C@H](CN(C)S(=O)(=O)c2cccs2)O3)cc1,UCZKSCNKTZTGQZ-RRQZXNHTSA-N,44493893.0,623.142978016,3.0983000000000023,142.54999999999998
BRD-K08817424,COc1ccc(cc1)NC(=O)N(C)C[C@H]1OCCCC[C@@H](C)Oc2ccc(cc2C(=O)N(C[C@@H]1C)[C@@H](C)CO)NS(=O)(=O)c1ccccc1,0.990396863,1.046724039,0.994298234,1.024540952,74368871,COc1ccc(NC(=O)N(C)C[C@H]2OCCCC[C@@H](C)Oc3ccc(NS(=O)(=O)c4ccccc4)cc3C(=O)N([C@@H](C)CO)C[C@@H]2C)cc1,QLQQWAASQCHBDH-NSWWAWACSA-N,44618924.0,696.319285496,5.455400000000006,146.73999999999998
BRD-K41580366,C[C@@H]1CN([C@@H](C)CO)C(=O)Cc2cc(ccc2O[C@H]1CN(C)Cc1ccc(cc1)C(=O)Nc1ccccc1N)NS(=O)(=O)c1ccc(cc1)Cl,0.798684579,1.02449696,0.999305513,0.99715991,74410645,C[C@@H]1CN([C@@H](C)CO)C(=O)Cc2cc(NS(=O)(=O)c3ccc(Cl)cc3)ccc2O[C@H]1CN(C)Cc1ccc(C(=O)Nc2ccccc2N)cc1,UGALTWQJAJNGEN-LXKIIJEASA-N,54614229.0,719.2544327440003,5.256300000000004,154.29999999999998
RALOXIFENE HYDROCHLORIDE,Cl.O=C(c1ccc(OCCN2CCCCC2)cc1)c1c(-c2ccc(O)cc2)sc2cc(O)ccc12,0.856215,0.690634629,1.01257209,0.509851534,74496197,Cl.O=C(c1ccc(OCCN2CCCCC2)cc1)c1c(-c2ccc(O)cc2)sc2cc(O)ccc12,BKXVVCILCIUCLG-UHFFFAOYSA-N,54900.0,509.1427570559999,6.497000000000006,70.0
BRD-K00356746,C[C@@H]1CCCCO[C@H](CN(C)C(=O)Nc2ccc3c(c2)OCO3)[C@H](C)CN([C@H](C)CO)C(=O)c2cc(ccc2O1)NS(=O)(=O)c1ccc(cc1)F,0.921112378,1.008642857,0.99442022,1.009662261,74522265,C[C@@H]1CCCCO[C@H](CN(C)C(=O)Nc2ccc3c(c2)OCO3)[C@H](C)CN([C@H](C)CO)C(=O)c2cc(NS(=O)(=O)c3ccc(F)cc3)ccc2O1,WIZIKPIPUSFIQI-JSBMBLEWSA-N,44620294.0,728.28912824,5.314600000000006,155.97
BRD-K76438090,C[C@@H]1CCCCO[C@H](CN(C)C(=O)NC2CCCCC2)[C@H](C)CN([C@@H](C)CO)C(=O)c2cc(ccc2O1)NC(=O)Nc1cccc2ccccc12,1.277286985,0.971825922,0.963466406,1.020625976,74631548,C[C@@H]1CCCCO[C@H](CN(C)C(=O)NC2CCCCC2)[C@H](C)CN([C@@H](C)CO)C(=O)c2cc(NC(=O)Nc3cccc4ccccc34)ccc2O1,DTNITAAWUQGUSN-FDMJIEIISA-N,44616344.0,701.4152344799999,7.253400000000008,132.47000000000003
BRD-K78052079,C[C@@H]1CN([C@@H](C)CO)C(=O)c2cc(ccc2O[C@H]1CN(C)S(=O)(=O)c1cn(cn1)C)NS(=O)(=O)c1ccc(cc1)Cl,1.109111214,0.99159381,1.01759162,1.007580431,74749773,C[C@@H]1CN([C@@H](C)CO)C(=O)c2cc(NS(=O)(=O)c3ccc(Cl)cc3)ccc2O[C@H]1CN(C)S(=O)(=O)c1cn(C)cn1,CNWRJTBGIZQNID-YTZAWJCFSA-N,44485225.0,625.143168044,2.4151000000000007,151.14
BRD-K77237384,CC(C)CC#Cc1cnc2c(c1)C(=O)N(C[C@H](C)[C@H](CN(C)S(=O)(=O)c1cn(cn1)C)O2)[C@@H](C)CO,1.060895285,1.006359091,0.983909161,0.943390327,74869851,CC(C)CC#Cc1cnc2c(c1)C(=O)N([C@@H](C)CO)C[C@H](C)[C@H](CN(C)S(=O)(=O)c1cn(C)cn1)O2,XJRSEOGEGDSSIC-IPJJNNNSSA-N,54625450.0,517.2358902199999,1.7535000000000005,117.86000000000004
BRD-K48779964,C[C@H]1CN([C@H](C)CO)C(=O)c2cc(cnc2O[C@@H]1CN(C)C(=O)Nc1ccc2c(c1)OCO2)-c1ccncc1,1.194588997,0.972099047,0.999740418,1.027139263,75105958,C[C@H](CO)N1C[C@H](C)[C@@H](CN(C)C(=O)Nc2ccc3c(c2)OCO3)Oc2ncc(-c3ccncc3)cc2C1=O,JTXQLQOSVDZCLU-YYULODDRSA-N,54627361.0,533.227433712,3.2563000000000013,126.35
BRD-K81072793,COc1ccc(cc1)[Si](C)(C)[C@@H]1[C@@H](C)[C@@]2(O[C@H]1CCn1cc(nn1)[C@H](O)c1ccccc1)C(=O)N(CC=C)c1ccccc12,1.392897609,0.966569621,1.034268369,0.976704087,75124577,C=CCN1C(=O)[C@@]2(O[C@@H](CCn3cc([C@H](O)c4ccccc4)nn3)[C@H]([Si](C)(C)c3ccc(OC)cc3)[C@H]2C)c2ccccc21,DTOYEKGFPUWMMM-IPOJOBJZSA-N,23747966.0,608.28188229,5.207300000000005,89.71
BRD-K33143701,COCC(=O)Nc1ccc2c(c1)C(=O)N(C)C[C@H](OC)[C@H](C)CN([C@@H](C)CO2)C(=O)Cc1ccccn1,0.919409036,1.074913429,1.046543754,0.923619934,75280550,COCC(=O)Nc1ccc2c(c1)C(=O)N(C)C[C@H](OC)[C@H](C)CN(C(=O)Cc1ccccn1)[C@@H](C)CO2,QWVVBCOMLYTMQV-IMWIBFENSA-N,54636654.0,512.263484872,2.2418000000000013,110.3
BRD-K62499920,C[C@H]1CN([C@@H](C)CO)C(=O)c2cccc(c2O[C@H]1CN(C)Cc1ccc(cc1)-c1ccccc1)NC(=O)c1ccncc1,0.957641253,1.094448481,1.037781923,1.124162242,75427446,C[C@H]1CN([C@@H](C)CO)C(=O)c2cccc(NC(=O)c3ccncc3)c2O[C@H]1CN(C)Cc1ccc(-c2ccccc2)cc1,NLDQNXPJJNOIIK-CAHKVJEUSA-N,44500167.0,578.289305696,5.353000000000005,95.0
BRD-K32593492,C[C@H]1CCCCO[C@H](CN(C)Cc2ccc(cc2)C(F)(F)F)[C@@H](C)CN([C@H](C)CO)C(=O)c2cc(ccc2O1)NC(=O)c1ccncc1,1.067574675,1.020878552,1.018500834,0.992692124,75544966,C[C@H](CO)N1C[C@H](C)[C@@H](CN(C)Cc2ccc(C(F)(F)F)cc2)OCCCC[C@H](C)Oc2ccc(NC(=O)c3ccncc3)cc2C1=O,ULSHRNFHFOMVNH-FMALNZMYSA-N,44619177.0,670.3342051999999,6.280200000000008,104.23
CINCHONIDINE,C=CC1CN2CCC1CC2C(O)c1ccnc2ccccc12,0.85131,0.923669275,0.996601815,0.93892395,75610227,C=CC1CN2CCC1CC2C(O)c1ccnc2ccccc12,KMPWYEUPVWOPIM-UHFFFAOYSA-N,2757.0,294.173213324,3.164600000000002,36.36
BRD-K30226162,O[C@H]1COC[C@H]2O[C@@H](CC[C@@H]2N(C1)C(=O)c1cccnc1)CC(=O)NCc1ccc(cc1)-c1ccccc1,1.255626733,0.999340807,0.983859714,1.035123016,76083585,O=C(C[C@@H]1CC[C@H]2[C@@H](COC[C@H](O)CN2C(=O)c2cccnc2)O1)NCc1ccc(-c2ccccc2)cc1,YFVNJWJCKWNIAW-WXIAYYLYSA-N,54659630.0,515.242021156,3.204600000000001,100.99
BRD-K49040541,OC[C@@H]1O[C@@H](CCNC(=O)CN2CCOCC2)CC[C@@H]1NC(=O)c1ccc2c(c1)OCO2,0.817978674,1.02916812,1.013671516,1.043463296,76116788,O=C(CN1CCOCC1)NCC[C@H]1CC[C@H](NC(=O)c2ccc3c(c2)OCO3)[C@H](CO)O1,NAHOTKSUDDAWEB-UWVAXJGDSA-N,54639821.0,449.216200332,-0.1078999999999985,118.59
BRD-K58078384,COc1cccc(c1)C#Cc1ccc2c(c1)O[C@@H](CN(C)C(=O)CN1CCOCC1)[C@@H](C)CN([C@@H](C)CO)S2(=O)=O,1.028802726,1.001246119,0.989938188,0.715532369,76153321,COc1cccc(C#Cc2ccc3c(c2)O[C@@H](CN(C)C(=O)CN2CCOCC2)[C@@H](C)CN([C@@H](C)CO)S3(=O)=O)c1,LVFBFIQAQUGEAN-LXWOLXCRSA-N,54629899.0,585.250871588,1.6542000000000008,108.85
BRD-K00003165,NC(=N)N/N=C/1\CCc2c(cccc21)C(=N)N,0.853068835,1.02348984,0.798497098,0.575790976,76156248,N=C(N)N/N=C1\CCc2c(C(=N)N)cccc21,CYPGNVSXMAUSJY-UHFFFAOYSA-N,123782.0,230.127994448,0.1040399999999998,124.13
BRD-K78616383,C[C@@H]1CCCCO[C@@H](CN(C)C(=O)Nc2ccc(cc2)C(F)(F)F)[C@H](C)CN([C@@H](C)CO)C(=O)c2cc(ccc2O1)NC(=O)Nc1ccc(cc1)F,1.450855536,0.999711834,1.027914216,1.038458937,76213274,C[C@@H]1CCCCO[C@@H](CN(C)C(=O)Nc2ccc(C(F)(F)F)cc2)[C@H](C)CN([C@@H](C)CO)C(=O)c2cc(NC(=O)Nc3ccc(F)cc3)ccc2O1,YOPXVAOAMXXDLX-HONCMWONSA-N,54618081.0,731.33059704,7.447900000000009,132.47000000000003
BRD-K04682247,C[C@@H]1CN([C@@H](C)CO)C(=O)c2cccc(c2O[C@@H]1CN(C)S(=O)(=O)c1cn(cn1)C)NS(=O)(=O)c1ccc(cc1)Cl,1.057574468,1.026722607,1.032968424,0.996868702,76243071,C[C@@H]1CN([C@@H](C)CO)C(=O)c2cccc(NS(=O)(=O)c3ccc(Cl)cc3)c2O[C@@H]1CN(C)S(=O)(=O)c1cn(C)cn1,SSXRUGOYQUCVMG-IEGUWTFLSA-N,44495850.0,625.143168044,2.4151000000000007,151.14
BRD-K57394762,C[C@H]1CN([C@@H](C)CO)C(=O)Cc2cc(ccc2O[C@@H]1CN(C)S(=O)(=O)c1c(noc1C)C)NS(=O)(=O)c1ccccc1,1.078671108,1.03803824,1.034501842,0.876583174,76261263,Cc1noc(C)c1S(=O)(=O)N(C)C[C@H]1Oc2ccc(NS(=O)(=O)c3ccccc3)cc2CC(=O)N([C@@H](C)CO)C[C@@H]1C,LHODTEJNPAMENI-LZJCXSABSA-N,44618479.0,620.1974561119999,2.56194,159.35
BRD-K28967721,C[C@H]1CN([C@H](C)CO)S(=O)(=O)c2ccc(cc2O[C@@H]1CN(C)C(=O)NC1CCCC1)-c1cncnc1,0.952569712,1.049794494,0.981669925,0.839250184,76269794,C[C@H](CO)N1C[C@H](C)[C@@H](CN(C)C(=O)NC2CCCC2)Oc2cc(-c3cncnc3)ccc2S1(=O)=O,AUPYYQGPGZPJFB-YZZKKUAISA-N,54625583.0,517.2358902200001,2.4962,124.96
BRD-A20047611,N#C[C@H]1NCc2cnnn2Cc2ccccc21,0.963859397,1.007812032,0.984477649,1.033836237,76294673,N#C[C@H]1NCc2cnnn2Cc2ccccc21,FOSXAHRHZIUMFU-GFCCVEGCSA-N,,225.101445352,0.9942799999999996,66.53
BRD-K39441024,COC(=O)[C@]1(Cc2ccccc2N=[N+]=[N-])N=C(O[C@@H]1c1ccccc1N=[N+]=[N-])c1ccc(cc1)OCCCO,1.576203765,0.583483579,0.868629717,0.932744139,76330375,COC(=O)[C@]1(Cc2ccccc2N=[N+]=[N-])N=C(c2ccc(OCCCO)cc2)O[C@@H]1c1ccccc1N=[N+]=[N-],NKLOTRQBXJFNSF-SHQCIBLASA-N,23975603.0,527.1917169,6.004000000000005,174.87
BRD-K76263697,COc1ccc(cc1)S(=O)(=O)Nc1ccc2c(c1)C(=O)N(C[C@H](C)[C@H](CN(C)C(=O)Nc1ccccc1)OCCCC[C@@H](C)O2)[C@@H](C)CO,0.815736833,0.968762964,1.005133314,1.034099545,76411696,COc1ccc(S(=O)(=O)Nc2ccc3c(c2)C(=O)N([C@@H](C)CO)C[C@H](C)[C@H](CN(C)C(=O)Nc2ccccc2)OCCCC[C@@H](C)O3)cc1,OMXGIFPVQOYVQB-ZUDLYUOYSA-N,54617980.0,696.319285496,5.455400000000006,146.73999999999998
BRD-K69480729,O[C@H]1COC[C@H]2O[C@@H](CC[C@@H]2N(C1)C(=O)Nc1ccc(cc1)C(F)(F)F)CC(=O)NCc1ccncn1,1.098880277,1.001606102,1.034052463,1.094917942,76451954,O=C(C[C@@H]1CC[C@H]2[C@@H](COC[C@H](O)CN2C(=O)Nc2ccc(C(F)(F)F)cc2)O1)NCc1ccncn1,OCXYOIUDPCCGIO-IVAOSVALSA-N,,523.2042536560001,2.3431000000000006,125.91
BRD-K83820188,O[C@H]1COC[C@@H]2O[C@H](CC[C@H]2N(C1)C(=O)Nc1ccc(c(c1)Cl)Cl)CC(=O)NCc1ccc(c(c1)Cl)Cl,0.226201809,0.70969996,1.015417945,0.963193841,76465599,O=C(C[C@H]1CC[C@@H]2[C@H](COC[C@H](O)CN2C(=O)Nc2ccc(Cl)c(Cl)c2)O1)NCc1ccc(Cl)c(Cl)c1,XYSJWOZTUWPSNJ-UOGRCSNTSA-N,54660317.0,589.0704816839999,5.147900000000004,100.13
BRD-K45600709,C[C@@H]1CN([C@H](C)CO)C(=O)Cc2cc(ccc2O[C@@H]1CN(C)C(=O)Nc1ccc(cc1)C(F)(F)F)NC(=O)C1CCCCC1,0.972807024,1.092236287,0.941039621,1.006876789,76476502,C[C@@H]1CN([C@H](C)CO)C(=O)Cc2cc(NC(=O)C3CCCCC3)ccc2O[C@@H]1CN(C)C(=O)Nc1ccc(C(F)(F)F)cc1,HRCCXQVUXRXGLB-UMQWNRPGSA-N,44504117.0,618.302905072,5.537100000000005,111.21
BRD-K24628245,N#Cc1cccnc1N1CCNCC1,0.985931603,1.000883625,0.995021441,1.003001938,76736353,N#Cc1cccnc1N1CCNCC1,QSMNQUURWIAXAA-UHFFFAOYSA-N,2737203.0,188.106196384,0.3628799999999999,51.95
BRD-K98427832,C[C@H]1CCCCO[C@@H](CN(C)S(=O)(=O)c2ccc(cc2)Cl)[C@@H](C)CN([C@H](C)CO)C(=O)c2cc(ccc2O1)NC(=O)Nc1ccccc1,1.101304399,0.985651269,1.01641093,0.89568706,76840535,C[C@H](CO)N1C[C@H](C)[C@H](CN(C)S(=O)(=O)c2ccc(Cl)cc2)OCCCC[C@H](C)Oc2ccc(NC(=O)Nc3ccccc3)cc2C1=O,DUKXZLKTXLAZHK-CEMVDLCSSA-N,54617209.0,700.26974846,6.100200000000007,137.51000000000002
BRD-K06359202,C[C@@H]1CN([C@H](C)CO)C(=O)Cc2cc(ccc2O[C@H]1CN(C)Cc1ccncc1)NS(=O)(=O)c1ccc(cc1)C,0.984757315,0.97369777,0.994872552,1.013782006,76940216,Cc1ccc(S(=O)(=O)Nc2ccc3c(c2)CC(=O)N([C@H](C)CO)C[C@@H](C)[C@H](CN(C)Cc2ccncc2)O3)cc1,VIFDCVGSJWJUQF-SGQNLQFHSA-N,44486321.0,566.2562913160001,3.471820000000002,112.07
BRD-K07590624,C[C@H]1CN([C@@H](C)CO)C(=O)c2cccc(c2O[C@H]1CN(C)Cc1ccc(cc1)Oc1ccccc1)NC(=O)C1CC1,0.712618254,1.033355198,0.989956605,1.064989835,76984519,C[C@H]1CN([C@@H](C)CO)C(=O)c2cccc(NC(=O)C3CC3)c2O[C@H]1CN(C)Cc1ccc(Oc2ccccc2)cc1,GHLGUBAWDNIZDR-ZRLASMASSA-N,44498043.0,557.2889713479999,5.179500000000004,91.34
BRD-K96812714,C[C@@H]1CN([C@H](C)CO)C(=O)c2cc(cnc2O[C@@H]1CN(C)S(=O)(=O)c1ccccc1)-c1cccc(c1)C(=O)N(C)C,0.996115503,1.01383553,1.011396316,0.899794033,76992482,C[C@@H]1CN([C@H](C)CO)C(=O)c2cc(-c3cccc(C(=O)N(C)C)c3)cnc2O[C@@H]1CN(C)S(=O)(=O)c1ccccc1,GYMQUQFWPBAZQS-LGVUCKNBSA-N,54620147.0,580.235555872,2.991200000000002,120.34999999999998
BRD-K48710618,O[C@@H]1COC[C@@H]2O[C@@H](CC[C@H]2N(C1)C(=O)c1ccncc1)CC(=O)NCc1ccc(cc1)-c1ccccc1,0.950006263,0.942737471,0.980072418,0.99266356,77002886,O=C(C[C@@H]1CC[C@@H]2[C@H](COC[C@@H](O)CN2C(=O)c2ccncc2)O1)NCc1ccc(-c2ccccc2)cc1,LGPONOAYVPFFDU-BPXGVECKSA-N,54660184.0,515.242021156,3.204600000000001,100.99
BRD-K55589958,C[C@H]1CN([C@@H](C)CO)C(=O)c2cccc(c2O[C@H]1CN(C)Cc1ccc(cc1)-c1ccccc1)NS(=O)(=O)c1c(noc1C)C,1.121346233,0.98369555,1.000818897,0.968864344,77239554,Cc1noc(C)c1S(=O)(=O)Nc1cccc2c1O[C@@H](CN(C)Cc1ccc(-c3ccccc3)cc1)[C@@H](C)CN([C@@H](C)CO)C2=O,IYMBSSBPAUBVDA-BVXAZASISA-N,44499977.0,632.266856,5.111340000000005,125.20999999999998
BRD-K97707303,C[C@H]1CCCCO[C@H](CN(C)Cc2ccccc2)[C@@H](C)CN([C@H](C)CO)C(=O)c2cc(ccc2O1)NC(=O)CCC(F)(F)F,0.980260804,0.969185632,0.997054355,1.057484389,77246537,C[C@H](CO)N1C[C@H](C)[C@@H](CN(C)Cc2ccccc2)OCCCC[C@H](C)Oc2ccc(NC(=O)CCC(F)(F)F)cc2C1=O,OMPYFAIFRLVIFJ-YDXRHMNESA-N,44495506.0,621.338956232,5.895100000000007,91.34
BRD-K71553020,C[C@H]1CN([C@H](C)CO)C(=O)c2cccc(c2O[C@H]1CN(C)Cc1ccc(cc1)C(=O)O)NS(=O)(=O)c1cn(cn1)C,1.013748401,0.944260851,1.019921134,1.006865121,77647565,C[C@H](CO)N1C[C@H](C)[C@H](CN(C)Cc2ccc(C(=O)O)cc2)Oc2c(NS(=O)(=O)c3cn(C)cn3)cccc2C1=O,DDQLYIUKNQCJGE-GLDPYIMESA-N,44499314.0,585.2257194599998,2.2712000000000003,154.3
BRD-K36031364,Cc1ccc(cc1)S[C@@]1(CC(=O)N(Cc2cc(cc(c2)C(F)(F)F)C(F)(F)F)[C@@H]1c1ccc(cc1I)CO)C(=O)NCC(F)(F)F,1.157389364,1.104323894,1.016940989,0.841913218,78019547,Cc1ccc(S[C@]2(C(=O)NCC(F)(F)F)CC(=O)N(Cc3cc(C(F)(F)F)cc(C(F)(F)F)c3)[C@@H]2c2ccc(CO)cc2I)cc1,KBITUFCSNQNREB-XNMGPUDCSA-N,23863234.0,790.0408656080001,7.812720000000008,69.64
BRD-K89025447,C[C@@H]1CN([C@@H](C)CO)C(=O)c2cc(ccc2O[C@H]1CN(C)C(=O)Nc1cccc2ccccc12)NS(=O)(=O)c1ccccc1,0.957310774,1.016629014,1.036690454,0.994235168,78124483,C[C@@H]1CN([C@@H](C)CO)C(=O)c2cc(NS(=O)(=O)c3ccccc3)ccc2O[C@H]1CN(C)C(=O)Nc1cccc2ccccc12,YYZWSZVOQAKCJW-UDKTZTBJSA-N,44487651.0,616.235555872,5.024600000000005,128.28
BRD-K31735375,C[C@H]1CN([C@@H](C)CO)C(=O)CCCn2nncc2CO[C@@H]1CN(C)Cc1ccc2c(c1)OCCN2C,1.038194522,0.99974955,0.983855066,1.001529548,78169029,C[C@H]1CN([C@@H](C)CO)C(=O)CCCn2nncc2CO[C@@H]1CN(C)Cc1ccc2c(c1)OCCN2C,OKVDUKBBVHEMKE-ZYLNGJIFSA-N,44494940.0,500.31110376,1.7632000000000003,96.19
BRD-K37843047,C[C@@H]1CN([C@H](C)CO)C(=O)Cc2cc(ccc2O[C@@H]1CN(C)Cc1ccc(cc1)C(=O)Nc1ccccc1N)NC(=O)NC1CCCCC1,1.172443,0.842110565,1.057551885,0.926002657,78173282,C[C@@H]1CN([C@H](C)CO)C(=O)Cc2cc(NC(=O)NC3CCCCC3)ccc2O[C@@H]1CN(C)Cc1ccc(C(=O)Nc2ccccc2N)cc1,XOJDVVMUWTXSDO-AZAGJHQNSA-N,44508032.0,670.3842687000001,5.256300000000003,149.26
BRD-K14635151,C[C@H]1CN([C@@H](C)CO)C(=O)c2cccc(c2O[C@@H]1CN(C)Cc1ccncc1)NS(=O)(=O)c1cn(cn1)C,1.001690369,1.019508814,0.971213977,1.029266772,78279088,C[C@H]1CN([C@@H](C)CO)C(=O)c2cccc(NS(=O)(=O)c3cn(C)cn3)c2O[C@@H]1CN(C)Cc1ccncc1,JVQPOMMMJKOIOX-SFYKDHMMSA-N,44494236.0,542.2311391880002,1.968,129.89
BRD-A83256920,CC(=O)N[C@@H](Cc1cccc(c1)F)C(=O)O,1.09895183,0.977404465,1.052943016,0.969813391,78351437,CC(=O)N[C@@H](Cc1cccc(F)c1)C(=O)O,LKXNJLVPYPXTDY-JTQLQIEISA-N,87179.0,225.080121464,0.9574999999999998,66.4
BRD-K13361299,C[C@@H]1CCCCO[C@@H](CN(C)S(=O)(=O)c2ccc(cc2)C)[C@H](C)CN([C@H](C)CO)C(=O)c2cc(ccc2O1)NC(=O)Nc1ccc(cc1)C(F)(F)F,1.373275371,0.940940802,0.977416986,0.989319413,78385681,Cc1ccc(S(=O)(=O)N(C)C[C@@H]2OCCCC[C@@H](C)Oc3ccc(NC(=O)Nc4ccc(C(F)(F)F)cc4)cc3C(=O)N([C@H](C)CO)C[C@H]2C)cc1,DKMNMMOULXBMMY-WYOWBBOASA-N,44620612.0,748.3117555039998,6.774020000000009,137.51000000000002
BRD-K01817716,CC(C)NC(=O)N(C)C[C@@H]1OCc2cn(nn2)CCCC(=O)N(C[C@@H]1C)[C@H](C)CO,0.991463238,1.066402299,1.016308018,1.033920908,78476657,CC(C)NC(=O)N(C)C[C@@H]1OCc2cn(nn2)CCCC(=O)N([C@H](C)CO)C[C@@H]1C,UNRRBHFUILMFRI-JZXOWHBKSA-N,44485071.0,424.279803632,0.8524000000000012,112.82
BRD-A63772607,COC(=O)/C/1=C/CC[C@@]2(C)O[C@@H]2[C@H]2OC(=O)C(=C)[C@@H]2[C@@H](OC(=O)C(=C)CO)[C@@H]1OC(=O)C,0.890978614,0.870764517,0.862655288,1.101353639,78681746,C=C(CO)C(=O)O[C@@H]1[C@H]2C(=C)C(=O)O[C@@H]2[C@H]2O[C@]2(C)CC/C=C(/C(=O)OC)[C@H]1OC(C)=O,VEDURDVODKSADF-NVKOURDFSA-N,,450.1525970319999,0.5268999999999993,137.96
BRD-K50991695,COc1ccc(cc1)S(=O)(=O)Nc1ccc2c(c1)C(=O)N(C[C@@H](C)[C@@H](CN(C)Cc1ccccc1)OCCCC[C@H](C)O2)[C@@H](C)CO,0.892389463,0.994543909,1.018862739,1.002822799,78686740,COc1ccc(S(=O)(=O)Nc2ccc3c(c2)C(=O)N([C@@H](C)CO)C[C@@H](C)[C@@H](CN(C)Cc2ccccc2)OCCCC[C@H](C)O3)cc1,WHHBJCPZUISITP-JCLAXVLHSA-N,44498177.0,667.329121908,5.423500000000007,117.64
BRD-K82602524,CC(C)NC(=O)Nc1ccc2c(c1)C(=O)N(C)[C@H]1CC[C@H](CC(=O)NCc3ccc(cc3)F)O[C@H]1CO2,0.987464138,1.033034964,0.968475135,0.909209247,78718554,CC(C)NC(=O)Nc1ccc2c(c1)C(=O)N(C)[C@H]1CC[C@H](CC(=O)NCc3ccc(F)cc3)O[C@H]1CO2,CMDXATVLXHEPLP-SFLYRZDNSA-N,54654377.0,512.2434983759999,3.442700000000002,109.0
BRD-K95666496,COc1ccc(cc1)CNC(=O)c1cc2c(c(n1)-c1cccc(c1)-c1cccc(c1)C#N)[C@@H](CCO)N(C2)[S@](=O)C(C)(C)C,0.759186662,1.039431628,0.997302235,0.989814858,78748203,COc1ccc(CNC(=O)c2cc3c(c(-c4cccc(-c5cccc(C#N)c5)c4)n2)[C@@H](CCO)N([S@](=O)C(C)(C)C)C3)cc1,NEVKZQRLDPRUMB-VRESAINUSA-N,54649384.0,608.245726632,5.927180000000007,115.54999999999998
BRD-K72933250,CC(=O)N[C@H]1CC[C@@H](CCNC(=O)C2CC2)O[C@@H]1CO,0.88911795,0.990611021,0.98136381,1.119530511,78752377,CC(=O)N[C@H]1CC[C@@H](CCNC(=O)C2CC2)O[C@@H]1CO,GIRVAELHWNMQPN-RWMBFGLXSA-N,54639272.0,284.173607248,-0.0526999999999994,87.66000000000001
BRD-K77100795,C[C@@H]1CCCCO[C@H](CN(C)C(=O)Nc2c(noc2C)C)[C@H](C)CN([C@@H](C)CO)C(=O)c2cc(ccc2O1)NS(=O)(=O)c1ccc(cc1)Cl,1.144014726,0.992437431,1.012671022,1.016951881,78871762,Cc1noc(C)c1NC(=O)N(C)C[C@H]1OCCCC[C@@H](C)Oc2ccc(NS(=O)(=O)c3ccc(Cl)cc3)cc2C(=O)N([C@@H](C)CO)C[C@H]1C,NURNMJCDAGOQRW-VHKBYXBQSA-N,54617167.0,719.2755621120001,5.705040000000007,163.53999999999996
BRD-K54782708,C[C@H]1CN([C@@H](C)CO)C(=O)Cc2cc(ccc2O[C@@H]1CN(C)Cc1ccc(cc1)C(=O)Nc1ccccc1N)NC(=O)Nc1cccc2ccccc12,0.914788609,1.054408752,0.989408886,1.113096337,78905105,C[C@H]1CN([C@@H](C)CO)C(=O)Cc2cc(NC(=O)Nc3cccc4ccccc34)ccc2O[C@@H]1CN(C)Cc1ccc(C(=O)Nc2ccccc2N)cc1,CDIQXANOTLSTIU-OTWDAAOWSA-N,44507076.0,714.3529685720001,6.599300000000006,149.26
BRD-K05357743,C[C@H]1CN([C@@H](C)CO)C(=O)c2cc(cnc2O[C@H]1CN(C)S(=O)(=O)c1ccccc1F)C#Cc1cccnc1,0.94267331,1.033064523,0.973737596,0.982802081,78928121,C[C@H]1CN([C@@H](C)CO)C(=O)c2cc(C#Cc3cccnc3)cnc2O[C@H]1CN(C)S(=O)(=O)c1ccccc1F,QUERDMQYNZTGQF-RLSLOFABSA-N,54618980.0,552.1842692480001,2.5563,112.93
BRD-K80070732,NC(=O)[C@H]1[C@H]2N([C@@H]([C@@H](OC2=O)c2ccccc2)c2ccccc2)[C@@H](c2ccc(cc2)O)[C@]11C(=O)Nc2ccc(cc21)C#CC1(O)CCCCCC1,0.489417063,1.010048558,1.01109204,0.969283032,79220185,NC(=O)[C@H]1[C@@H]2C(=O)O[C@@H](c3ccccc3)[C@@H](c3ccccc3)N2[C@@H](c2ccc(O)cc2)[C@]12C(=O)Nc1ccc(C#CC3(O)CCCCCC3)cc12,VUJXOGBFPYHAJJ-GRIBLKTHSA-N,6729342.0,681.2838859679999,5.585300000000006,142.19
BRD-K50233394,COC[C@@H]1CNN1C(=O)OC(C)(C)C,0.908359901,0.964593718,1.012867003,0.990503925,79248870,COC[C@@H]1CNN1C(=O)OC(C)(C)C,HONXRVQGYTZWEI-ZETCQYMHSA-N,,202.131742436,0.7566999999999997,50.8
BRD-K20578404,O=C/1/C(=C/C=C/c2ccco2)CCC\C1=C/C=C/c1ccco1,0.687586114,0.995660621,1.034416538,0.921404242,79961921,O=C1/C(=C/C=C/c2ccco2)CCC/C1=C\C=C\c1ccco1,SHPLADCLSRWYLI-UHFFFAOYSA-N,3118924.0,306.125594436,5.205000000000004,43.35
BRD-K46570675,COc1ccc(cc1)NC(=O)N(C)C[C@H]1Oc2ccc(cc2CC(=O)N(C[C@H]1C)[C@H](C)CO)NS(=O)(=O)c1c(noc1C)C,0.987620317,0.983959071,0.995731029,0.963039983,80112230,COc1ccc(NC(=O)N(C)C[C@H]2Oc3ccc(NS(=O)(=O)c4c(C)noc4C)cc3CC(=O)N([C@H](C)CO)C[C@H]2C)cc1,HFXOINBCEUOJGX-DRGJWEBESA-N,44501614.0,629.251934208,3.4137400000000016,163.53999999999996
BRD-K77506379,C[C@H]1CN([C@@H](C)CO)C(=O)c2cc(cnc2O[C@@H]1CN(C)C(=O)Cc1cccnc1)C#CCc1ccccc1,0.882471571,0.99799636,1.016179646,1.007661259,80221839,C[C@H]1CN([C@@H](C)CO)C(=O)c2cc(C#CCc3ccccc3)cnc2O[C@@H]1CN(C)C(=O)Cc1cccnc1,POWYSMBHWKDLMY-UXWDXCIHSA-N,54623684.0,526.258005568,2.992000000000001,95.86
BRD-K32577924,C[C@@H]1CCCCO[C@H](CN(C)C(=O)c2ccncc2)[C@H](C)CN([C@@H](C)CO)C(=O)c2cc(ccc2O1)NS(=O)(=O)c1cn(cn1)C,0.952124327,0.978929323,1.003677484,1.028255716,80255050,C[C@@H]1CCCCO[C@H](CN(C)C(=O)c2ccncc2)[C@H](C)CN([C@@H](C)CO)C(=O)c2cc(NS(=O)(=O)c3cn(C)cn3)ccc2O1,ODNWKNHKBXENDA-CDLOMYRSSA-N,44618513.0,656.2992187479999,3.183600000000002,156.19
BRD-K59755197,COc1ccc(cc1)S(=O)(=O)Nc1ccc2c(c1)[C@@H]1C[C@@H](CC(=O)NCC3CC3)O[C@H](CO)[C@@H]1O2,0.959160133,0.904487559,0.99270275,0.986587013,80285935,COc1ccc(S(=O)(=O)Nc2ccc3c(c2)[C@@H]2C[C@@H](CC(=O)NCC4CC4)O[C@H](CO)[C@@H]2O3)cc1,UYFCGOQSYKFWAJ-FJSLEZNWSA-N,54646601.0,502.1773722999999,2.4067000000000007,123.19
BRD-K31639254,NCCCN,0.899331249,1.006661684,1.018045014,1.052537556,80329399,NCCCN,XFNJVJPLKCPIBV-UHFFFAOYSA-N,428.0,74.08439831999999,-0.7060999999999997,52.04
BRD-K98702230,COc1ccc(cc1)NC(=O)N(C)C[C@H]1OCCCC[C@H](C)Oc2ccc(cc2C(=O)N(C[C@@H]1C)[C@H](C)CO)NC(=O)Cc1ccccc1,1.109905262,0.957383662,1.012865949,1.013325665,80351400,COc1ccc(NC(=O)N(C)C[C@H]2OCCCC[C@H](C)Oc3ccc(NC(=O)Cc4ccccc4)cc3C(=O)N([C@H](C)CO)C[C@@H]2C)cc1,QCMJPWQZARRNTL-WMVXZGOPSA-N,44618688.0,674.3679499400001,5.835800000000007,129.67
BRD-K34356413,C[C@@H]1CCCCO[C@H](CN(C)S(=O)(=O)c2cccs2)[C@@H](C)CN([C@H](C)CO)C(=O)c2cc(ccc2O1)NC(=O)Cc1ccccc1,1.070514521,0.963967141,0.995727273,1.010992652,80386896,C[C@@H]1CCCCO[C@H](CN(C)S(=O)(=O)c2cccs2)[C@@H](C)CN([C@H](C)CO)C(=O)c2cc(NC(=O)Cc3ccccc3)ccc2O1,HCQLERWFCRODCT-BCVXLEMTSA-N,44489708.0,671.26989278,5.045500000000005,125.48000000000002
BRD-K86386124,C[C@H]1CN([C@H](C)CO)C(=O)Cc2cc(ccc2O[C@@H]1CN(C)Cc1ccc(cc1)C(=O)O)NC(=O)C1CC1,1.077539003,0.993586411,1.010820963,1.031119051,80423285,C[C@H](CO)N1C[C@H](C)[C@@H](CN(C)Cc2ccc(C(=O)O)cc2)Oc2ccc(NC(=O)C3CC3)cc2CC1=O,RHIGXZRNAAHAOD-GNBJCERTSA-N,54614183.0,523.268235904,3.0143000000000004,119.41
BRD-K31756121,O[C@@H]1COC[C@H]2O[C@@H](CC[C@@H]2N(C1)S(=O)(=O)c1ccc(cc1)Oc1ccccc1)CC(=O)NCCN1CCCCC1,0.960763344,0.977792291,0.991399268,1.017051635,80516519,O=C(C[C@@H]1CC[C@H]2[C@@H](COC[C@@H](O)CN2S(=O)(=O)c2ccc(Oc3ccccc3)cc2)O1)NCCN1CCCCC1,HPTSJZYKVJBYQH-CUXDRXKNSA-N,,587.266521652,2.769100000000001,117.64
BRD-K18094514,C[C@H]1CCCCO[C@H](CN(C)Cc2ccc3c(c2)OCO3)[C@H](C)CN([C@@H](C)CO)C(=O)c2cc(ccc2O1)NS(=O)(=O)c1ccc(cc1)Cl,0.906069675,1.049220104,0.957213458,0.987667608,81099685,C[C@@H]1CN([C@@H](C)CO)C(=O)c2cc(NS(=O)(=O)c3ccc(Cl)cc3)ccc2O[C@@H](C)CCCCO[C@@H]1CN(C)Cc1ccc2c(c1)OCO2,XMCNJBIDJBGVOV-QVEDPAKJSA-N,54617311.0,715.2694141120002,5.797000000000007,126.87
BRD-K98645489,OC[C@@H]1O[C@@H](CCNS(=O)(=O)c2cccc(c2)F)CC[C@H]1NS(=O)(=O)c1cccc(c1)Cl,1.078221818,1.030036589,0.971964,0.999956286,81139170,O=S(=O)(NCC[C@H]1CC[C@@H](NS(=O)(=O)c2cccc(Cl)c2)[C@H](CO)O1)c1cccc(F)c1,GRRXLXQWHDYMCG-AHRSYUTCSA-N,54641722.0,506.074834388,2.0344999999999995,121.79999999999998
GALLIC ACID,O=C(O)c1cc(O)c(O)c(O)c1,1.0709,0.961806687,1.032372652,1.078956163,81261438,O=C(O)c1cc(O)c(O)c(O)c1,LNTHITQWFMADLM-UHFFFAOYSA-N,370.0,170.021523292,0.5015999999999998,97.99
BRD-K69202524,C[C@@H]1CN([C@H](C)CO)C(=O)c2cccc(c2O[C@H]1CN(C)C(=O)Nc1c(noc1C)C)NC(=O)Nc1ccc(cc1)C(F)(F)F,0.935555659,0.977786104,1.026072544,1.115011644,81326498,Cc1noc(C)c1NC(=O)N(C)C[C@@H]1Oc2c(NC(=O)Nc3ccc(C(F)(F)F)cc3)cccc2C(=O)N([C@H](C)CO)C[C@H]1C,WHXGIVVADSTARL-OJLQRUNKSA-N,44492479.0,632.2570175,5.338240000000005,149.27
BRD-K60211597,C[C@H]1CN([C@H](C)CO)S(=O)(=O)c2ccc(cc2O[C@H]1CN(C)C(=O)Nc1ccccc1)C#CC1(O)CCCC1,1.090377614,1.015792336,1.026268825,1.129300025,81481148,C[C@H](CO)N1C[C@H](C)[C@H](CN(C)C(=O)Nc2ccccc2)Oc2cc(C#CC3(O)CCCC3)ccc2S1(=O)=O,HHWNOEPHACMZIF-VRUMLPLGSA-N,54627496.0,555.240306904,3.2757000000000023,119.41
BRD-K75992781,CC(C)NC(=O)N(C)C[C@@H]1OCCCC[C@H](C)Oc2ccc(cc2C(=O)N(C[C@H]1C)[C@@H](C)CO)NC(=O)Nc1cccc2ccccc12,0.857840043,1.12217794,0.957577315,1.024677541,81501212,CC(C)NC(=O)N(C)C[C@@H]1OCCCC[C@H](C)Oc2ccc(NC(=O)Nc3cccc4ccccc34)cc2C(=O)N([C@@H](C)CO)C[C@H]1C,LVHUREGXDWDZJE-IAYPMUAMSA-N,44496922.0,661.383934352,6.329100000000007,132.47
BRD-A35512821,CCn1nc(c(c1C)[C@@H](C)N)C,0.860287442,0.985325473,1.000113768,0.968929624,81643358,CCn1nc(C)c([C@@H](C)N)c1C,QKZKNPUAVZUVON-ZCFIWIBFSA-N,8038942.0,167.142247544,1.53954,43.84
BRD-K18696029,C[C@@H]1CN([C@@H](C)CO)C(=O)c2cccc(c2O[C@@H]1CN(C)Cc1ccc(cc1)-c1ccccc1)NC(=O)Nc1ccc(cc1)F,0.821080196,0.73815552,0.557757772,0.793223698,81819443,C[C@@H]1CN([C@@H](C)CO)C(=O)c2cccc(NC(=O)Nc3ccc(F)cc3)c2O[C@@H]1CN(C)Cc1ccc(-c2ccccc2)cc1,NPROPWLENAWEMC-RNDKRWLGSA-N,44499932.0,610.295533948,6.488800000000007,94.14
BRD-K00003494,C[C@@]1(CC[C@H](O)C[C@@H]1CO)[C@H]1CC[C@@]2(C)[C@@H](CCC2=C)[C@@H]1CN,1.146384639,1.026326991,1.07132031,0.927349213,81954392,C=C1CC[C@H]2[C@H](CN)[C@@H]([C@@]3(C)CC[C@H](O)C[C@@H]3CO)CC[C@]12C,MDEJTPWQNNMAQF-BVMLLJBZSA-N,76965484.0,321.26677936000004,3.1034000000000006,66.48
BRD-K41542612,CCCN1C(=O)N(C=C(C#N)C1=O)C1CC1,1.017631123,1.02203525,0.995484228,0.992120853,82034048,CCCn1c(=O)c(C#N)cn(C2CC2)c1=O,CVZJBTBZULIAQT-UHFFFAOYSA-N,2823226.0,219.100776656,0.62658,67.78999999999999
BRD-K72053205,C[C@@H]1CN([C@H](C)CO)C(=O)Cc2cc(ccc2O[C@H]1CN(C)Cc1ccc(cc1)Oc1ccccc1)NS(=O)(=O)c1ccccc1,0.837487261,0.881806977,0.993528152,1.037577833,82129754,C[C@@H]1CN([C@H](C)CO)C(=O)Cc2cc(NS(=O)(=O)c3ccccc3)ccc2O[C@H]1CN(C)Cc1ccc(Oc2ccccc2)cc1,LRCXRAHVEGXQLE-NVOANOBXSA-N,44500997.0,643.2716070320001,5.560700000000006,108.41
BRD-K93057170,C[C@H]1CCCCO[C@@H](CN(C)S(=O)(=O)c2ccccc2)[C@H](C)CN([C@H](C)CO)C(=O)c2cc(ccc2O1)NC(=O)Nc1ccc(cc1)F,0.956349738,0.912499545,0.973694337,0.950759849,82228080,C[C@@H]1CN([C@H](C)CO)C(=O)c2cc(NC(=O)Nc3ccc(F)cc3)ccc2O[C@@H](C)CCCCO[C@H]1CN(C)S(=O)(=O)c1ccccc1,YMBJCSHUNHBBJI-DWAIMSSFSA-N,49843268.0,684.299299,5.585900000000007,137.51000000000002
BRD-K36206486,C[C@H]1CCCCO[C@H](CN(C)CC2CC2)[C@@H](C)CN([C@H](C)CO)C(=O)c2cc(ccc2O1)NS(=O)(=O)C,0.901166344,1.013011709,0.988260096,0.953865119,82257317,C[C@H](CO)N1C[C@H](C)[C@@H](CN(C)CC2CC2)OCCCC[C@H](C)Oc2ccc(NS(C)(=O)=O)cc2C1=O,DRBRVKGUSIXHOZ-KKPNIWNPSA-N,54615048.0,539.3029071599999,3.195400000000002,108.41
BRD-K01792210,C[C@@H]1CCCCO[C@@H](CN(C)C(=O)Nc2ccc3c(c2)OCO3)[C@H](C)CN([C@@H](C)CO)C(=O)c2cc(ccc2O1)NC(=O)Nc1ccccc1,1.089417007,1.035743836,1.040594356,0.952710649,82322350,C[C@@H]1CCCCO[C@@H](CN(C)C(=O)Nc2ccc3c(c2)OCO3)[C@H](C)CN([C@@H](C)CO)C(=O)c2cc(NC(=O)Nc3ccccc3)ccc2O1,KFWWQROBCNWPLM-FXKJGQKXSA-N,54617650.0,689.3424634639998,6.018700000000006,150.93
BRD-K08374820,C[C@H]1CCCCO[C@H](CN(C)C(=O)c2ccccc2)[C@@H](C)CN([C@@H](C)CO)C(=O)c2cc(ccc2O1)NS(=O)(=O)c1ccc(cc1)F,1.057561321,1.006060219,0.988579848,0.986647496,82355922,C[C@H]1CCCCO[C@H](CN(C)C(=O)c2ccccc2)[C@@H](C)CN([C@@H](C)CO)C(=O)c2cc(NS(=O)(=O)c3ccc(F)cc3)ccc2O1,DQFLMASQWKSVIC-DXCNDIKUSA-N,54616356.0,669.288399968,5.194200000000007,125.48000000000002
BRD-K46024927,C[C@H]1CN([C@@H](C)CO)C(=O)c2cccc(c2O[C@H]1CN(C)S(=O)(=O)c1cn(cn1)C)NS(=O)(=O)c1ccc(cc1)F,0.918043439,1.016342952,1.00865468,0.960723972,82358292,C[C@H]1CN([C@@H](C)CO)C(=O)c2cccc(NS(=O)(=O)c3ccc(F)cc3)c2O[C@H]1CN(C)S(=O)(=O)c1cn(C)cn1,ISSNNDUSBFKKCG-BSRJHKFKSA-N,44202037.0,609.172718584,1.9008000000000005,151.14
BRD-K99077373,C[C@@H]1CCCCO[C@@H](CN(C)C(=O)Nc2ccc3c(c2)OCO3)[C@@H](C)CN([C@H](C)CO)C(=O)c2cc(ccc2O1)NS(=O)(=O)c1cccs1,0.99085949,1.025458792,1.006557381,1.066305234,82519021,C[C@@H]1CCCCO[C@@H](CN(C)C(=O)Nc2ccc3c(c2)OCO3)[C@@H](C)CN([C@H](C)CO)C(=O)c2cc(NS(=O)(=O)c3cccs3)ccc2O1,GIJLPJMFDHZBNA-WLCCTRHUSA-N,44504517.0,716.254970988,5.237000000000005,155.97
BRD-K18094679,COc1ccc(cc1)CN(C)C[C@H]1Oc2ccc(cc2CC(=O)N(C[C@@H]1C)[C@H](C)CO)NC(=O)Cn1cnnn1,1.145945,0.962963124,1.065496865,0.997856915,82526118,COc1ccc(CN(C)C[C@H]2Oc3ccc(NC(=O)Cn4cnnn4)cc3CC(=O)N([C@H](C)CO)C[C@@H]2C)cc1,OOUQWHPLRYTRFF-OUDXUNEISA-N,44485832.0,551.2856172840001,1.6014,134.94
BRD-K22081896,OC(=O)CC(CC(=O)O)C(=O)O,0.932408327,1.056260021,1.014130556,0.996408609,82709192,O=C(O)CC(CC(=O)O)C(=O)O,KQTIIICEAUMSDG-UHFFFAOYSA-N,14925.0,176.032087976,-0.3634000000000002,111.9
BRD-K78424199,C[C@H]1CN([C@H](C)CO)C(=O)c2cc(ccc2O[C@@H]1CN(C)C(=O)NC1CCCCC1)NC(=O)Cn1cnnn1,0.995150799,1.10002146,1.062820832,1.046037771,82859210,C[C@H](CO)N1C[C@H](C)[C@@H](CN(C)C(=O)NC2CCCCC2)Oc2ccc(NC(=O)Cn3cnnn3)cc2C1=O,URMAPZMJIHCQKR-YZZKKUAISA-N,44202521.0,542.2965163160002,1.506000000000001,154.81
BRD-K29997052,C[C@@H]1CN([C@@H](C)CO)C(=O)c2cc(ccc2O[C@@H]1CN(C)C(=O)Nc1cccc2ccccc12)NS(=O)(=O)c1ccccc1,1.267691834,0.95396707,0.990055255,1.096263978,82863828,C[C@@H]1CN([C@@H](C)CO)C(=O)c2cc(NS(=O)(=O)c3ccccc3)ccc2O[C@@H]1CN(C)C(=O)Nc1cccc2ccccc12,YYZWSZVOQAKCJW-IKBQMQIHSA-N,44487239.0,616.235555872,5.024600000000005,128.28
BRD-K83701679,C[C@H]1CCCCO[C@@H](CN(C)C(=O)c2ccccc2)[C@@H](C)CN([C@@H](C)CO)C(=O)c2cc(ccc2O1)NC(=O)Nc1ccc(cc1)C(F)(F)F,0.846333171,0.978355838,1.000463919,1.013464633,82896355,C[C@H]1CCCCO[C@@H](CN(C)C(=O)c2ccccc2)[C@@H](C)CN([C@@H](C)CO)C(=O)c2cc(NC(=O)Nc3ccc(C(F)(F)F)cc3)ccc2O1,APBVAIRGVGPFOM-GHTOCUPCSA-N,44620392.0,698.3291198200001,6.9171000000000085,120.44000000000004
BRD-K73025137,C[C@@H]1CN([C@H](C)CO)C(=O)Cc2cc(ccc2O[C@H]1CN(C)S(=O)(=O)c1ccccc1)NC(=O)Nc1c(noc1C)C,1.094370161,1.06691364,1.080540204,0.982285881,82931725,Cc1noc(C)c1NC(=O)Nc1ccc2c(c1)CC(=O)N([C@H](C)CO)C[C@@H](C)[C@H](CN(C)S(=O)(=O)c1ccccc1)O2,DREOLLAWVILHHY-UDCNLSRBSA-N,44488138.0,599.2413695240001,3.405140000000001,154.31
BRD-K72815261,Cc1ccccc1S(=O)(=O)N1C[C@H](O)COC[C@@H]2O[C@@H](CC[C@H]21)CC(=O)NCCc1ccncc1,0.968288598,1.046926144,1.040570357,0.936361281,83078881,Cc1ccccc1S(=O)(=O)N1C[C@H](O)COC[C@@H]2O[C@H](CC(=O)NCCc3ccncc3)CC[C@H]21,RGHMZXCIFRMVHK-GPJHCHHRSA-N,,503.209006776,1.4370199999999995,118.06000000000002
BRD-K57778965,COc1ccc(cc1)NC(=O)Nc1ccc2c(c1)CC(=O)N(C[C@H](C)[C@@H](CN(C)C(=O)Nc1cccc3ccccc13)O2)[C@H](C)CO,0.906450196,1.088487554,0.933855196,1.070340285,83194611,COc1ccc(NC(=O)Nc2ccc3c(c2)CC(=O)N([C@H](C)CO)C[C@H](C)[C@@H](CN(C)C(=O)Nc2cccc4ccccc24)O3)cc1,ZWNDWMOYQIOUJJ-BCWKHWSNSA-N,44620219.0,639.305684032,5.805300000000005,132.47
BRD-K28724753,C[C@@H]1CCCCO[C@@H](CN(C)C(=O)C2CCCCC2)[C@H](C)CN([C@H](C)CO)C(=O)c2cc(ccc2O1)NC(=O)NC1CCCCC1,1.190732757,1.000771816,1.037047979,1.080908226,83520802,C[C@@H]1CCCCO[C@@H](CN(C)C(=O)C2CCCCC2)[C@H](C)CN([C@H](C)CO)C(=O)c2cc(NC(=O)NC3CCCCC3)ccc2O1,CFGJOJXWGKVQCJ-CDNUTCOBSA-N,54615728.0,642.4356355760001,5.975000000000006,120.44000000000004
LIOTHYRONINE (L- isomer) SODIUM,NC(Cc1cc(I)c(Oc2ccc(O)c(I)c2)c(I)c1)C(=O)[O-].[Na+],1.10075,0.841786574,1.000903389,0.66644334,83862514,NC(Cc1cc(I)c(Oc2ccc(O)c(I)c2)c(I)c1)C(=O)[O-].[Na+],SBXXSUDPJJJJLC-UHFFFAOYSA-M,16760684.0,672.771996112,-0.3780000000000001,95.61
BRD-A76374656,OCCN[C@H]1[C@@H]2CNC[C@@H]2c2ccccc21,0.948220684,1.040763982,0.958837257,1.010582567,83866058,OCCN[C@@H]1c2ccccc2[C@H]2CNC[C@H]21,XPXASDMEFOHZKL-JHJVBQTASA-N,,218.141913196,0.6261999999999996,44.29
BENZBROMARONE,CCc1oc2ccccc2c1C(=O)c1cc(Br)c(O)c(Br)c1,0.19137,0.866658642,1.177037505,0.799925678,84001971,CCc1oc2ccccc2c1C(=O)c1cc(Br)c(O)c(Br)c1,WHQCHUCQKNIQEC-UHFFFAOYSA-N,2333.0,421.9153184439999,5.456800000000003,50.44
BRD-A59552297,OC[C@H]1O[C@@H](OC[C@H]2O[C@@H](O[C@@H](C#N)c3ccccc3)[C@H](O)[C@@H](O)[C@@H]2O)[C@H](O)[C@@H](O)[C@@H]1O,0.955912119,1.007538825,0.989907255,1.031688974,84343821,N#C[C@H](O[C@@H]1O[C@H](CO[C@@H]2O[C@H](CO)[C@@H](O)[C@H](O)[C@H]2O)[C@@H](O)[C@H](O)[C@H]1O)c1ccccc1,XUCIJNAGGSZNQT-JHSLDZJXSA-N,656516.0,457.1584106839999,-3.1080199999999985,202.32
BRD-K24427624,CCS(=O)(=O)Nc1ccc2c(c1)C(=O)N(C)[C@H]1CC[C@@H](CC(=O)NCc3ccccc3F)O[C@@H]1CO2,0.93804266,1.015006567,0.984643145,1.074503627,84462077,CCS(=O)(=O)Nc1ccc2c(c1)C(=O)N(C)[C@H]1CC[C@@H](CC(=O)NCc3ccccc3F)O[C@@H]1CO2,MAZJZTZSELFTOO-AVCGJXAMSA-N,54654465.0,519.1839348999999,2.674400000000001,114.04000000000002
BRD-K07522124,CN1CCN(CC1)C(=O)C[C@H]1CC[C@@H]2[C@H](COC[C@H](O)CN2S(=O)(=O)c2ccccc2C)O1,0.976147423,0.968474394,1.005735627,0.930591683,84531108,Cc1ccccc1S(=O)(=O)N1C[C@@H](O)COC[C@@H]2O[C@@H](CC(=O)N3CCN(C)CC3)CC[C@H]21,AEYAMMVRWLJFNH-NCYKPQTJSA-N,54657994.0,481.22465684,0.4571200000000031,99.62000000000002
BRD-K21400671,CO[C@H]1CN(C)C(=O)c2cc(ccc2OC[C@H](C)N(C[C@H]1C)C(=O)C1CCCCC1)NS(=O)(=O)C,0.976700825,1.033210591,1.034823454,0.911587258,84757862,CO[C@H]1CN(C)C(=O)c2cc(NS(C)(=O)=O)ccc2OC[C@H](C)N(C(=O)C2CCCCC2)C[C@H]1C,CMGCQRLDOYXYEQ-STSQHVNTSA-N,54637439.0,509.255956968,2.971000000000001,105.25
BRD-K14576091,CC(C)NC(=O)N(C)C[C@@H]1Oc2cc(ccc2S(=O)(=O)N(C[C@H]1C)[C@@H](C)CO)C#Cc1ccc(cc1)F,1.245030938,1.023821437,1.033067647,1.031060657,85246370,CC(C)NC(=O)N(C)C[C@@H]1Oc2cc(C#Cc3ccc(F)cc3)ccc2S(=O)(=O)N([C@@H](C)CO)C[C@H]1C,AWPYKVBHDRHJIQ-RNHFSVANSA-N,54622778.0,531.220320408,3.0439000000000016,99.18
BRD-K16464475,CCN(CC)C(=O)C1CCNCC1,0.907276025,1.034228824,0.964382418,0.975004305,85263099,CCN(CC)C(=O)C1CCNCC1,HLKAXMBNTHBWKS-UHFFFAOYSA-N,410920.0,184.15756326,0.8543999999999998,32.34
BRD-K47437131,C[C@@H](O)C#Cc1cnc2c(c1)C(=O)N(C[C@H](C)[C@@H](CN(C)C(=O)CN1CCOCC1)O2)[C@@H](C)CO,1.083586401,1.032065543,1.008084341,1.10494425,85411101,C[C@@H](O)C#Cc1cnc2c(c1)C(=O)N([C@@H](C)CO)C[C@H](C)[C@@H](CN(C)C(=O)CN1CCOCC1)O2,LKSTXRLQOBYGSE-PSHVLCQKSA-N,54630561.0,488.2634848719999,-0.175399999999997,115.67000000000002
BRD-K75199490,COc1ccccc1C#Cc1ccc2c(c1)O[C@H](CN(C)Cc1ccncc1)[C@H](C)CN([C@H](C)CO)S2(=O)=O,1.245877076,0.872074593,0.99335885,1.012380385,85465019,COc1ccccc1C#Cc1ccc2c(c1)O[C@H](CN(C)Cc1ccncc1)[C@H](C)CN([C@H](C)CO)S2(=O)=O,SKMQGQQMIDBVBZ-VDWGHMIBSA-N,54630182.0,549.2297422199999,3.390600000000003,92.2
ELLAGIC ACID,O=c1oc2c(O)c(O)cc3c(=O)oc4c(O)c(O)cc1c4c23,1.0747,0.862283068,1.016784189,0.604194626,85525712,O=c1oc2c(O)c(O)cc3c(=O)oc4c(O)c(O)cc1c4c23,AFSDNFLWKVMVRB-UHFFFAOYSA-N,5281855.0,302.006267152,1.3127999999999995,141.34
BRD-K50711071,COc1ccc(cc1)NC(=O)Nc1ccc2c(c1)C(=O)N(C[C@H](C)[C@@H](CN(C)Cc1ccc(c(c1)Cl)Cl)O2)[C@@H](C)CO,1.058323471,0.959679827,0.997599756,1.005091344,85618984,COc1ccc(NC(=O)Nc2ccc3c(c2)C(=O)N([C@@H](C)CO)C[C@H](C)[C@@H](CN(C)Cc2ccc(Cl)c(Cl)c2)O3)cc1,NSMSPMOTHNKTFY-QWQFASRJSA-N,44492231.0,614.206275612,5.998100000000006,103.37
BRD-K27071718,COc1ccc(cc1)S(=O)(=O)N(C)C[C@@H]1Oc2ccc(cc2C(=O)N(C[C@@H]1C)[C@H](C)CO)NC(=O)C1CC1,1.034166409,1.011357578,0.999406726,0.995103404,85634026,COc1ccc(S(=O)(=O)N(C)C[C@@H]2Oc3ccc(NC(=O)C4CC4)cc3C(=O)N([C@H](C)CO)C[C@@H]2C)cc1,KWNGNKJPUWPYJX-ATLLOTDBSA-N,44486003.0,545.21957146,2.5845,125.48
BRD-K38037917,CN(C)CCCNC(=O)C[C@H]1CC[C@H]2[C@@H](COC[C@@H](O)CN2S(=O)(=O)c2ccc(cc2)Cl)O1,0.915359205,0.980519336,1.014766899,1.053976571,85743990,CN(C)CCCNC(=O)C[C@H]1CC[C@H]2[C@@H](COC[C@@H](O)CN2S(=O)(=O)c2ccc(Cl)cc2)O1,NJKGITFUOGWCFU-IZZBFERCSA-N,,503.185684488,1.096000000000002,108.41
BRD-K75206002,CC(C)NC(=O)N(C)C[C@H]1Oc2ccc(cc2CC(=O)N(C[C@H]1C)[C@@H](C)CO)NS(=O)(=O)c1ccc(cc1)C,1.066347129,0.979390431,0.993195856,1.048677783,85797259,Cc1ccc(S(=O)(=O)Nc2ccc3c(c2)CC(=O)N([C@@H](C)CO)C[C@@H](C)[C@@H](CN(C)C(=O)NC(C)C)O3)cc1,DNNXCRJXPXMIDM-YZIHRLCOSA-N,44502525.0,560.266856,2.994620000000001,128.28
BRD-K27389079,COc1ccc(cc1)S(=O)(=O)Nc1ccc2c(c1)C(=O)N(C[C@H](C)[C@@H](CN(C)S(=O)(=O)c1cn(cn1)C)OCCCC[C@H](C)O2)[C@H](C)CO,1.004129977,1.005368669,0.981016314,1.119156848,85838186,COc1ccc(S(=O)(=O)Nc2ccc3c(c2)C(=O)N([C@H](C)CO)C[C@H](C)[C@@H](CN(C)S(=O)(=O)c2cn(C)cn2)OCCCC[C@H](C)O3)cc1,HRANYFDCXZEPRE-TXHDDHBJSA-N,46903795.0,721.281520084,3.345700000000002,169.59999999999994
BRD-K75749846,C[C@@H]1CN([C@@H](C)CO)C(=O)c2cccc(c2O[C@H]1CN(C)C(=O)Nc1ccc2c(c1)OCO2)NC(=O)Nc1ccc(cc1)C(F)(F)F,0.632508362,0.924949602,0.98278955,0.963512762,85854686,C[C@@H]1CN([C@@H](C)CO)C(=O)c2cccc(NC(=O)Nc3ccc(C(F)(F)F)cc3)c2O[C@H]1CN(C)C(=O)Nc1ccc2c(c1)OCO2,DDKAONHFXKEPHW-RYTUXRKISA-N,44499662.0,657.241033088,5.462100000000005,141.70000000000002
BRD-K48813213,OC(=O)[C@@H]1CCCNC1,1.112599625,0.963176413,1.030236098,0.920837172,86192317,O=C(O)[C@@H]1CCCNC1,XJLSEXAGTJCILF-RXMQYKEDSA-N,1796509.0,129.078978592,0.0706,49.33
BRD-K04230416,COc1ccc(cc1)C(=O)Nc1ccc2c(c1)C(=O)N(C)[C@@H]1CC[C@@H](CC(=O)NCC3CC3)O[C@H]1CO2,1.080870414,0.976554008,0.957647884,0.911796408,86308243,COc1ccc(C(=O)Nc2ccc3c(c2)C(=O)N(C)[C@@H]2CC[C@@H](CC(=O)NCC4CC4)O[C@H]2CO3)cc1,IGRBOWQNYYEHHT-PWWKTKHKSA-N,54654398.0,507.236935776,3.244400000000001,106.20000000000002
BRD-K12510149,CC(C)NC(=O)N(C)C[C@H]1Oc2c(cccc2C(=O)N(C[C@@H]1C)[C@@H](C)CO)NC(=O)C1CCCCC1,0.902474661,1.111863702,0.976371123,1.012211259,86416572,CC(C)NC(=O)N(C)C[C@H]1Oc2c(NC(=O)C3CCCCC3)cccc2C(=O)N([C@@H](C)CO)C[C@@H]1C,PKCNCLZVHJVMFK-SFYKDHMMSA-N,44499860.0,502.315520444,3.4753000000000016,111.21
BRD-K23404017,COc1cccc(c1)NC(=O)N[C@H]1C=C[C@@H](CC(=O)N2CCOCC2)O[C@H]1CO,0.957077664,1.019550499,1.008923037,0.962530259,86426243,COc1cccc(NC(=O)N[C@H]2C=C[C@@H](CC(=O)N3CCOCC3)O[C@H]2CO)c1,DEUGGSUTAOAWFI-BZSNNMDCSA-N,54640133.0,405.189985584,0.7500999999999998,109.36
BRD-K67369686,CCCC#Cc1ccc2c(c1)O[C@H](CN(C)C(=O)c1cnccn1)[C@H](C)CN([C@H](C)CO)S2(=O)=O,1.148399505,1.02790663,1.011198336,1.001429056,86430195,CCCC#Cc1ccc2c(c1)O[C@H](CN(C)C(=O)c1cnccn1)[C@H](C)CN([C@H](C)CO)S2(=O)=O,NFUHXJMXVVTKFG-DNVFCKCGSA-N,54625829.0,500.20934112399993,2.169,112.93
BRD-K82082713,OC[C@H]1O[C@H](CC[C@@H]1NC(=O)c1cnccn1)CC(=O)NCc1ccccc1F,0.943749706,1.044610775,1.003235325,0.949199035,86465441,O=C(C[C@H]1CC[C@H](NC(=O)c2cnccn2)[C@@H](CO)O1)NCc1ccccc1F,MINIXHYBIVPWCS-UWWQBHOKSA-N,54640887.0,402.170333436,0.9605,113.44
BRD-K09772181,CN1[C@H]2CC[C@@H](CC(=O)NCC(F)(F)F)O[C@H]2COc2ccc(cc2C1=O)NC(=O)c1cccs1,1.053685061,0.943138971,1.080769581,0.962033436,86578995,CN1C(=O)c2cc(NC(=O)c3cccs3)ccc2OC[C@@H]2O[C@H](CC(=O)NCC(F)(F)F)CC[C@@H]21,MZLAOYNCCFHIEG-ZVZYQTTQSA-N,54655484.0,511.138876528,3.449600000000002,96.97
BRD-K07617517,C[C@H]1CN([C@H](C)CO)C(=O)Cc2cc(ccc2O[C@@H]1CN(C)C(=O)Nc1ccc2c(c1)OCO2)NC(=O)Cn1cnnn1,1.043115089,0.963546991,1.044501464,0.950603843,86671334,C[C@H](CO)N1C[C@H](C)[C@@H](CN(C)C(=O)Nc2ccc3c(c2)OCO3)Oc2ccc(NC(=O)Cn3cnnn3)cc2CC1=O,KKPQOTOQVLGYFO-YYULODDRSA-N,44620619.0,594.2550454279999,1.3533999999999995,173.26999999999998
BRD-K22127577,CC1(COC1)COc1ccc2n(cnc2c1)-c1ccc2cccc(c2n1)N1CCC(N)CC1,0.964309128,0.061711828,0.096169954,0.057844605,86970951,CC1(COc2ccc3c(c2)ncn3-c2ccc3cccc(N4CCC(N)CC4)c3n2)COC1,DYNHJHQFHQTFTP-UHFFFAOYSA-N,10366136.0,443.2321251680001,3.916500000000002,78.43
BRD-K62399882,COc1ccc(cc1)NC(=O)Nc1ccc2c(c1)C(=O)N(C[C@H](C)[C@H](CN(C)Cc1ccc(cc1)C(F)(F)F)OCCCC[C@@H](C)O2)[C@H](C)CO,1.766739004,1.020825146,1.036915309,1.00401043,86991004,COc1ccc(NC(=O)Nc2ccc3c(c2)C(=O)N([C@H](C)CO)C[C@H](C)[C@H](CN(C)Cc2ccc(C(F)(F)F)cc2)OCCCC[C@@H](C)O3)cc1,MQYRYLVPTZBBHK-MJZSVGSSSA-N,44502746.0,714.3604199480001,7.285500000000009,112.6
BRD-K01649522,C[C@@H]1CN([C@H](C)CO)C(=O)Cc2cc(ccc2O[C@@H]1CN(C)S(=O)(=O)c1cn(cn1)C)NS(=O)(=O)c1ccccc1,0.907432677,0.999270504,1.002965273,0.952870827,87044428,C[C@@H]1CN([C@H](C)CO)C(=O)Cc2cc(NS(=O)(=O)c3ccccc3)ccc2O[C@@H]1CN(C)S(=O)(=O)c1cn(C)cn1,PTAZNSQXNNLAJJ-UMEGOILYSA-N,44501234.0,605.19779046,1.6906000000000003,151.14
BRD-K43142490,CO[C@@H]1CN(C)C(=O)c2ccc(cc2OC[C@@H](C)N(C[C@H]1C)C(=O)c1ccc(cc1)F)NC(=O)Nc1ccc(cc1)F,1.202973047,0.98398392,1.006392747,1.001050185,87233597,CO[C@@H]1CN(C)C(=O)c2ccc(NC(=O)Nc3ccc(F)cc3)cc2OC[C@@H](C)N(C(=O)c2ccc(F)cc2)C[C@H]1C,PLOYMQLPWGFRKQ-NCXSOUSFSA-N,54633989.0,580.2497266280001,5.255200000000005,100.21
BRD-K11212377,C[C@H]1CN([C@H](C)CO)C(=O)c2cccc(c2O[C@H]1CN(C)Cc1ccc(cc1)-c1ccccc1)NS(=O)(=O)c1ccc(cc1)F,0.750487594,0.839257017,0.979382451,1.013373772,87242069,C[C@H](CO)N1C[C@H](C)[C@H](CN(C)Cc2ccc(-c3ccccc3)cc2)Oc2c(NS(=O)(=O)c3ccc(F)cc3)cccc2C1=O,JMGJNBNLVSLZKK-DVIHYUSWSA-N,44499872.0,631.251620536,5.645600000000006,99.17999999999998
BRD-K66946621,COc1ccc(cc1)NC(=O)N(C)C[C@@H]1OCCCC[C@H](C)Oc2ccc(cc2C(=O)N(C[C@@H]1C)[C@H](C)CO)NS(=O)(=O)c1ccccc1,1.06461874,1.041754881,1.019973056,0.921220845,87274993,COc1ccc(NC(=O)N(C)C[C@@H]2OCCCC[C@H](C)Oc3ccc(NS(=O)(=O)c4ccccc4)cc3C(=O)N([C@H](C)CO)C[C@@H]2C)cc1,QLQQWAASQCHBDH-FBTROWELSA-N,44617375.0,696.319285496,5.455400000000006,146.73999999999998
BRD-K69866218,C[C@@H]1CN([C@H](C)CO)C(=O)c2cc(ccc2O[C@H]1CN(C)S(=O)(=O)c1ccccc1)NC(=O)Nc1cccc2ccccc12,1.135427916,0.993783499,1.040355054,1.023107997,87275803,C[C@@H]1CN([C@H](C)CO)C(=O)c2cc(NC(=O)Nc3cccc4ccccc34)ccc2O[C@H]1CN(C)S(=O)(=O)c1ccccc1,ZZSWPSDAZJTJBI-PKIAKLFDSA-N,44489534.0,616.235555872,5.024600000000004,128.28
BRD-K65022068,CN1CCN(CC1)C(=O)C[C@@H]1CC[C@H]2[C@H](COc3ccc(cc3C(=O)N2C)NC(=O)c2ccc(c(c2)F)F)O1,0.966082403,0.990609036,0.998585769,0.999115404,87308599,CN1CCN(C(=O)C[C@@H]2CC[C@H]3[C@H](COc4ccc(NC(=O)c5ccc(F)c(F)c5)cc4C(=O)N3C)O2)CC1,CJUHRFRVPNBZSN-QXWFJRNPSA-N,54657202.0,542.234076564,2.761800000000001,91.42
BRD-K39017644,OC[C@H]1O[C@H](CCNC(=O)Cc2ccccn2)CC[C@H]1NC(=O)CN1CCOCC1,1.029489987,0.97732983,1.01774524,0.996248766,87312132,O=C(Cc1ccccn1)NCC[C@@H]1CC[C@@H](NC(=O)CN2CCOCC2)[C@@H](CO)O1,RLKWOXOHJMZSAQ-IPMKNSEASA-N,54645326.0,420.237270124,-0.5126999999999959,113.02
BRD-K07247745,C[C@@H]1CN([C@@H](C)CO)C(=O)Cc2cc(ccc2O[C@H]1CN(C)Cc1ccc(cc1)-c1ccccc1)NS(=O)(=O)c1ccccc1,0.782555056,0.976824562,0.992307405,0.964346269,87318383,C[C@@H]1CN([C@@H](C)CO)C(=O)Cc2cc(NS(=O)(=O)c3ccccc3)ccc2O[C@H]1CN(C)Cc1ccc(-c2ccccc2)cc1,QMWRRMYICQUONI-RYOMNGFGSA-N,54614601.0,627.276692412,5.435400000000006,99.17999999999998
CEFUROXIME SODIUM,CON=C(C(=O)NC1C(=O)N2C(C(=O)[O-])=C(COC(N)=O)CSC12)c1ccco1.[Na+],0.195155,0.98251732,0.984901369,1.11172459,87321960,CON=C(C(=O)NC1C(=O)N2C(C(=O)[O-])=C(COC(N)=O)CSC12)c1ccco1.[Na+],URDOHUPGIOGTKV-UHFFFAOYSA-M,53395156.0,446.0508287200001,-4.866699999999996,176.58999999999995
BRD-K91688598,C[C@H]1CN([C@H](C)CO)S(=O)(=O)c2ccc(cc2O[C@H]1CN(C)S(=O)(=O)c1ccc(cc1)C)C#Cc1ccccc1,1.156089948,0.990080373,1.008549207,0.990196185,87425394,Cc1ccc(S(=O)(=O)N(C)C[C@@H]2Oc3cc(C#Cc4ccccc4)ccc3S(=O)(=O)N([C@H](C)CO)C[C@@H]2C)cc1,LVFBZVYYLLWVFC-IRYADYCUSA-N,54625172.0,582.185828808,3.4841200000000025,104.22
BRD-K87458009,CCS(=O)(=O)N1C[C@]2(C1)CN([C@H](CO)c1[nH]c3cc(ccc3c12)OC)C(=O)Nc1c(noc1C)C,0.971557047,0.999038602,1.009960162,1.062722778,87429262,CCS(=O)(=O)N1CC2(CN(C(=O)Nc3c(C)noc3C)[C@H](CO)c3[nH]c4cc(OC)ccc4c32)C1,DXDVJROCPRKFRC-GOSISDBHSA-N,60190036.0,503.183854648,2.26554,141.00000000000003
BRD-A70370096,C[C@@H](Oc1ccccc1)c1ccn[nH]1,1.179895184,0.955238797,1.020376645,0.971762825,87449392,C[C@@H](Oc1ccccc1)c1ccn[nH]1,NLJDPJOZCWCBSP-SECBINFHSA-N,7062360.0,188.094963004,2.5497,37.91
METHICILLIN SODIUM,COc1cccc(OC)c1C(=O)NC1C(=O)N2C1SC(C)(C)C2C(=O)[O-].[Na+],0.174185,0.904488381,1.016606961,0.932765728,87452685,COc1cccc(OC)c1C(=O)NC1C(=O)N2C1SC(C)(C)C2C(=O)[O-].[Na+],MGFZNWDWOKASQZ-UHFFFAOYSA-M,23675749.0,402.086151608,-3.381599999999997,108.0
BRD-K00573290,COc1ccc(cc1)CN(C)C[C@H]1OCCCC[C@H](C)Oc2ccc(cc2C(=O)N(C[C@H]1C)[C@@H](C)CO)NC(=O)Nc1ccc(cc1)C(F)(F)F,0.306135428,0.21178623,0.196000052,0.249119027,87512088,COc1ccc(CN(C)C[C@H]2OCCCC[C@H](C)Oc3ccc(NC(=O)Nc4ccc(C(F)(F)F)cc4)cc3C(=O)N([C@@H](C)CO)C[C@H]2C)cc1,XGMQKVJTWVADHD-WMBRHFINSA-N,54618025.0,714.360419948,7.28550000000001,112.6
BRD-K20227428,C[C@H]1C[C@H]2CNCC[C@@H]2O1,1.046330047,1.010229947,0.974977136,0.996525224,87698718,C[C@H]1C[C@H]2CNCC[C@@H]2O1,XPIMHZZYRMKPNT-FXQIFTODSA-N,100023866.0,141.1153641,0.7733000000000001,21.26
BRD-K24542925,C[C@H]1CN([C@H](C)CO)C(=O)c2cc(ccc2O[C@H]1CN(C)S(=O)(=O)C)NS(=O)(=O)c1ccccc1,0.971809036,1.005592726,0.987875088,0.99165392,87705599,C[C@H](CO)N1C[C@H](C)[C@H](CN(C)S(C)(=O)=O)Oc2ccc(NS(=O)(=O)c3ccccc3)cc2C1=O,QLCODNABGFHHJW-JKSBSHDWSA-N,44485370.0,525.1603423319999,1.5989,133.32
BRD-K88545916,C[C@@H]1CN([C@H](C)CO)C(=O)c2cc(ccc2O[C@@H]1CN(C)Cc1ccc(c(c1)Cl)Cl)NC(=O)Cc1cn(c2ccccc12)C,1.114460679,0.77527505,0.844948089,0.996973024,87731665,C[C@@H]1CN([C@H](C)CO)C(=O)c2cc(NC(=O)Cc3cn(C)c4ccccc34)ccc2O[C@@H]1CN(C)Cc1ccc(Cl)c(Cl)c1,WSWWOBQXWOAKQJ-VOSQCMCKSA-N,44491808.0,636.227011056,6.018400000000006,87.03999999999999
BRD-K85930698,Cc1ccc(cc1)S(=O)(=O)N1C[C@H](O)COC[C@@H]2O[C@H](CC[C@H]21)CC(=O)NCc1ccc2c(c1)OCO2,1.214670837,0.953507341,0.995932729,1.000016507,87991738,Cc1ccc(S(=O)(=O)N2C[C@H](O)COC[C@@H]3O[C@@H](CC(=O)NCc4ccc5c(c4)OCO5)CC[C@H]32)cc1,HNAQDDNENYJUKU-SJHHWCTQSA-N,54657810.0,532.187936984,1.7282199999999992,123.63000000000002
BRD-K88074877,CO[C@H]1CN(C)C(=O)c2cc(ccc2OC[C@@H](C)N(C[C@H]1C)Cc1nccs1)NS(=O)(=O)CC(F)(F)F,1.049398914,1.005615042,1.011970842,0.996139059,88162123,CO[C@H]1CN(C)C(=O)c2cc(NS(=O)(=O)CC(F)(F)F)ccc2OC[C@@H](C)N(Cc2nccs2)C[C@H]1C,CQZVRHUHRGDROH-QINHECLXSA-N,54631510.0,564.1687967519999,3.4533000000000023,101.07
ACETYL-DIHYDRO-7-EPIKHIVORIN,CC(=O)OC1CC2CC(OC(C)=O)C3(C)C(CCC4(C)C(c5ccoc5)OC(OC(C)=O)C5OC543)C2(C)C(OC(C)=O)C1,1.047815,1.031624619,0.995408174,1.568261061,88384311,CC(=O)OC1CC2CC(OC(C)=O)C3(C)C(CCC4(C)C(c5ccoc5)OC(OC(C)=O)C5OC543)C2(C)C(OC(C)=O)C1,XHERMGQOIKLUHI-UHFFFAOYSA-N,168314095.0,602.2727121639999,4.415400000000004,140.10000000000002
BRD-K24776959,C[C@@H]1CCCCO[C@H](CN(C)Cc2ccc(cc2)C(F)(F)F)[C@H](C)CN([C@H](C)CO)C(=O)c2cc(ccc2O1)NS(=O)(=O)c1c(noc1C)C,1.233397214,1.051405365,1.02066817,1.006975126,88727592,Cc1noc(C)c1S(=O)(=O)Nc1ccc2c(c1)C(=O)N([C@H](C)CO)C[C@@H](C)[C@@H](CN(C)Cc1ccc(C(F)(F)F)cc1)OCCCC[C@@H](C)O2,CBAAPWVHONFTKW-JNOFGXDLSA-N,54615106.0,724.311755504,6.038540000000007,134.44
BRD-K33508440,O=C(CSc1nnc(n1C1CCCCC1)-c1ccccc1)Nc1ccc(cc1)S(=O)(=O)Nc1ccccn1,1.089841143,1.012393727,1.003576741,0.95320916,88775240,O=C(CSc1nnc(-c2ccccc2)n1C1CCCCC1)Nc1ccc(S(=O)(=O)Nc2ccccn2)cc1,DVGMJCGZCMUJLO-UHFFFAOYSA-N,4252498.0,548.166430756,5.3769000000000045,118.87
BRD-K00003468,CC(C)C[C@H](NC(=O)[C@H](CO)NC(=O)CNC(=O)[C@H](CC(C)C)NC(=O)[C@H](CCC(=O)O)NC(=O)[C@H](Cc1ccc(cc1)O)NC(=O)[C@H](CO)NC(=O)[C@H](CC(=O)N)NC(=O)[C@H](Cc1ccccc1)NC(=O)[C@H](CO)NC(=O)[C@@H](N)CSSC[C@H](N)C(=O)N[C@@H](Cc1ccc(cc1)O)C(=O)NCC(=O)N[C@@H](CCCNC(=N)N)C(=O)N[C@@H](CCCCN)C(=O)N[C@@H](CCCCN)C(=O)N[C@@H](CCCNC(=N)N)C(=O)N[C@@H](CCCNC(=N)N)C(=O)N[C@@H](CCC(=O)N)C(=O)N[C@@H](CCCNC(=N)N)C(=O)N[C@@H](CCCNC(=N)N)C(=O)N[C@@H](CCCNC(=N)N)C(=O)O)C(=O)O,0.847290611,0.972515648,0.987279055,1.057744691,88892588,CC(C)C[C@H](NC(=O)[C@H](CO)NC(=O)CNC(=O)[C@H](CC(C)C)NC(=O)[C@H](CCC(=O)O)NC(=O)[C@H](Cc1ccc(O)cc1)NC(=O)[C@H](CO)NC(=O)[C@H](CC(N)=O)NC(=O)[C@H](Cc1ccccc1)NC(=O)[C@H](CO)NC(=O)[C@@H](N)CSSC[C@H](N)C(=O)N[C@@H](Cc1ccc(O)cc1)C(=O)NCC(=O)N[C@@H](CCCNC(=N)N)C(=O)N[C@@H](CCCCN)C(=O)N[C@@H](CCCCN)C(=O)N[C@@H](CCCNC(=N)N)C(=O)N[C@@H](CCCNC(=N)N)C(=O)N[C@@H](CCC(N)=O)C(=O)N[C@@H](CCCNC(=N)N)C(=O)N[C@@H](CCCNC(=N)N)C(=O)N[C@@H](CCCNC(=N)N)C(=O)O)C(=O)O,XPXZTVWPRKJTAA-PJKOMPQUSA-N,56843747.0,2878.4667504480026,-16.31308000000007,1385.8099999999993
BRD-K68041812,C[C@@H]1CN([C@@H](C)CO)C(=O)c2cc(cnc2O[C@@H]1CN(C)C(=O)Cc1cccnc1)C#CC1(O)CCCC1,0.922123829,1.029749073,1.020590591,0.95843277,88961397,C[C@@H]1CN([C@@H](C)CO)C(=O)c2cc(C#CC3(O)CCCC3)cnc2O[C@@H]1CN(C)C(=O)Cc1cccnc1,XZDMLRGMHLQVSQ-TYBLODHISA-N,54619197.0,520.268570252,2.054399999999999,116.09
BRD-K15462479,C[C@H]1CN([C@H](C)CO)C(=O)Cc2cc(ccc2O[C@H]1CN(C)C(=O)NC1CCCCC1)NC(=O)C1CC1,0.886047319,1.02510117,1.006851624,0.979557629,89067970,C[C@H](CO)N1C[C@H](C)[C@H](CN(C)C(=O)NC2CCCCC2)Oc2ccc(NC(=O)C3CC3)cc2CC1=O,UMLSKRZUIZLNCO-CEYNDMKZSA-N,44500717.0,514.3155204440001,3.158200000000001,111.21
BRD-A09970240,CC(=O)N1c2ccccc2C2=NNC(=S)N[C@@]12O,0.883781059,0.92330974,0.990220618,1.015736579,89123512,CC(=O)N1c2ccccc2C2=NNC(=S)N[C@]21O,SUPPGHRYZFAMEH-LLVKDONJSA-N,699108.0,262.05244656,-0.1189999999999998,76.96000000000001
BRD-K54977500,C[C@@H]1CCCCO[C@@H](CN(C)C(=O)CCCN(C)C)[C@H](C)CN([C@H](C)CO)C(=O)c2cc(ccc2O1)NS(=O)(=O)c1cn(cn1)C,0.869508894,1.026916951,1.026330611,0.987099094,89134334,C[C@@H]1CCCCO[C@@H](CN(C)C(=O)CCCN(C)C)[C@H](C)CN([C@H](C)CO)C(=O)c2cc(NS(=O)(=O)c3cn(C)cn3)ccc2O1,HJEAOCUSKKXBDN-IKOOFXLXSA-N,44616656.0,664.3618190039999,2.816600000000004,146.54000000000002
BRD-A19401019,C[C@@H](N)Cc1ccc(cc1C)N(C)C,1.18419378,1.00205912,1.015272659,0.948336057,89156041,Cc1cc(N(C)C)ccc1C[C@@H](C)N,HFQMYSHATTXRTC-SNVBAGLBSA-N,6336525.0,192.16264864,1.95072,29.26
BRD-K95406029,COCCN1C[C@H]2CN(C[C@H]2C1=O)Cc1cnn(c1)C,0.951289437,1.052695508,0.98241834,1.010838684,89158243,COCCN1C[C@H]2CN(Cc3cnn(C)c3)C[C@H]2C1=O,FOUSNWUHVIKERU-CHWSQXEVSA-N,124815511.0,278.174275944,-0.0432999999999985,50.6
BRD-K54836627,CCCn1c(nc2c1C(=O)N(C)C(=O)N2C)N,1.134947651,1.00471348,1.016664469,1.012752859,89340135,CCCn1c(N)nc2c1c(=O)n(C)c(=O)n2C,KYJQNGNWPOAWML-UHFFFAOYSA-N,699821.0,237.12257472,-0.5740999999999998,87.84
BRD-K51954117,C[C@@H]1CN([C@H](C)CO)C(=O)c2cccc(c2O[C@H]1CN(C)Cc1ccc(cc1)C(F)(F)F)NC(=O)NC1CCCCC1,0.728354439,0.996311394,1.057307467,0.974314541,89378032,C[C@@H]1CN([C@H](C)CO)C(=O)c2cccc(NC(=O)NC3CCCCC3)c2O[C@H]1CN(C)Cc1ccc(C(F)(F)F)cc1,NHGHJDDGJPIKGB-GNMOFYLKSA-N,44494652.0,590.307990452,5.511700000000005,94.14
BRD-K26161397,CO[C@@H]1CN(C)C(=O)c2cc(ccc2OC[C@H](C)N(C[C@H]1C)S(=O)(=O)C)NS(=O)(=O)C,1.237374617,0.96838638,0.996053067,1.078743091,89594338,CO[C@@H]1CN(C)C(=O)c2cc(NS(C)(=O)=O)ccc2OC[C@H](C)N(S(C)(=O)=O)C[C@H]1C,JGILLHKCGZDGGM-QWQRMKEZSA-N,54633928.0,477.160342332,0.8237000000000019,122.32
BRD-K55398864,C[C@H]1CN([C@H](C)CO)C(=O)c2cccc(c2O[C@@H]1CN(C)Cc1ccncc1)NS(=O)(=O)c1cccs1,0.969015729,1.026101473,0.969360498,1.012671809,89811801,C[C@H](CO)N1C[C@H](C)[C@@H](CN(C)Cc2ccncc2)Oc2c(NS(=O)(=O)c3cccs3)cccc2C1=O,AIDNMMLWUKBAII-YCRNBWNJSA-N,44202459.0,544.1814121240001,3.296000000000002,112.07
BRD-K80555075,C[C@H]1CCCCO[C@H](CN(C)C(=O)Nc2ccc(cc2)F)[C@@H](C)CN([C@H](C)CO)C(=O)c2cc(ccc2O1)NC(=O)NC1CCCCC1,0.962754695,1.051697439,1.020808179,0.897326224,89978890,C[C@H](CO)N1C[C@H](C)[C@@H](CN(C)C(=O)Nc2ccc(F)cc2)OCCCC[C@H](C)Oc2ccc(NC(=O)NC3CCCCC3)cc2C1=O,YUMPKBOHFCUQDK-FMALNZMYSA-N,44620824.0,669.3901626039999,6.239300000000007,132.47000000000003
BRD-K84171997,COc1ccc(cc1)S(=O)(=O)N(C)C[C@@H]1Oc2ccc(cc2C(=O)N(C[C@H]1C)[C@H](C)CO)NS(=O)(=O)c1ccc(cc1)F,1.182183127,1.03812484,0.995225886,0.981624001,90006722,COc1ccc(S(=O)(=O)N(C)C[C@@H]2Oc3ccc(NS(=O)(=O)c4ccc(F)cc4)cc3C(=O)N([C@H](C)CO)C[C@H]2C)cc1,BIWNHCYYAWPRMW-HIRWGAFWSA-N,44483399.0,635.177135268,3.1759000000000013,142.54999999999998
BRD-M26598983,O[C@@H]1CS[C@H]2[C@@H]1C(=O)N(C2=O)c1ccccc1,0.967580301,1.073674018,1.037854905,0.95339829,90129609,O=C1[C@@H]2[C@H](O)CS[C@@H]2C(=O)N1c1ccccc1,GYZCJJFXCXTRCR-BBBLOLIVSA-N,122364119.0,249.045964212,0.6523000000000001,57.61
BRD-K67091959,C[C@H]1CCCCO[C@@H](CN(C)C(=O)Nc2ccc(cc2)F)[C@@H](C)CN([C@H](C)CO)C(=O)c2cc(ccc2O1)NC(=O)C1CCCCC1,1.881315442,0.950067111,1.036169607,1.020087434,90146216,C[C@H](CO)N1C[C@H](C)[C@H](CN(C)C(=O)Nc2ccc(F)cc2)OCCCC[C@H](C)Oc2ccc(NC(=O)C3CCCCC3)cc2C1=O,FREJHIVSNFXFII-CEMVDLCSSA-N,54616550.0,654.3792635719999,6.303900000000008,120.44000000000004
BRD-K39769219,NCC[C@@H]1CC[C@@H](NC(=O)C2CCCC2)[C@@H](CO)O1,0.902393173,1.00792558,1.00640592,1.006957531,90181267,NCC[C@@H]1CC[C@@H](NC(=O)C2CCCC2)[C@@H](CO)O1,PPUDITRYCHNXLX-YNEHKIRRSA-N,54645535.0,270.194342692,0.5500999999999996,84.58
BRD-K31322231,C[C@H]1CN([C@@H](C)CO)C(=O)c2cccc(c2O[C@H]1CN(C)C(=O)Nc1ccccc1)NS(=O)(=O)c1c(noc1C)C,0.932144768,0.937638075,1.023509486,0.962652668,90214068,Cc1noc(C)c1S(=O)(=O)Nc1cccc2c1O[C@@H](CN(C)C(=O)Nc1ccccc1)[C@@H](C)CN([C@@H](C)CO)C2=O,VJBUUIZMLILIFI-XFAGBWLFSA-N,44493493.0,585.2257194599999,3.4762400000000024,154.31
BRD-K49265089,COc1cccc(c1)C#Cc1ccc2c(c1)O[C@@H](CN(C)C(=O)C)[C@@H](C)CN([C@@H](C)CO)S2(=O)=O,1.37327464,0.891689627,0.986631054,0.987564717,90394160,COc1cccc(C#Cc2ccc3c(c2)O[C@@H](CN(C)C(C)=O)[C@@H](C)CN([C@@H](C)CO)S3(=O)=O)c1,OHPZYOBQRAYBMQ-MHPIHPPYSA-N,54621161.0,500.1981077439999,2.341900000000001,96.38
BRD-K11911764,C[C@H]1CN([C@@H](C)CO)C(=O)c2c(c3ccccc3n2C)-c2ccccc2CO[C@@H]1CN(C)C(=O)Nc1ccccc1C(F)(F)F,0.964834403,1.008938241,1.001922734,1.00145595,90493256,C[C@H]1CN([C@@H](C)CO)C(=O)c2c(c3ccccc3n2C)-c2ccccc2CO[C@@H]1CN(C)C(=O)Nc1ccccc1C(F)(F)F,GIYRPBNEUDIOAC-IHMCZWCLSA-N,60193646.0,622.276690324,6.385900000000007,87.04
BRD-K00313209,OC[C@H]1O[C@@H]2O[C@H]3[C@H](O)[C@@H](O)[C@H](O[C@@H]3CO)O[C@H]3[C@H](O)[C@@H](O)[C@H](O[C@@H]3CO)O[C@H]3[C@H](O)[C@@H](O)[C@H](O[C@@H]3CO)O[C@H]3[C@H](O)[C@@H](O)[C@H](O[C@@H]3CO)O[C@H]3[C@H](O)[C@@H](O)[C@H](O[C@@H]3CO)O[C@H]1[C@H](O)[C@H]2O,0.919695312,0.992964002,0.985862114,0.866739252,90641672,OC[C@H]1O[C@@H]2O[C@H]3[C@H](O)[C@@H](O)[C@@H](O[C@H]4[C@H](O)[C@@H](O)[C@@H](O[C@H]5[C@H](O)[C@@H](O)[C@@H](O[C@H]6[C@H](O)[C@@H](O)[C@@H](O[C@H]7[C@H](O)[C@@H](O)[C@@H](O[C@H]1[C@H](O)[C@H]2O)O[C@@H]7CO)O[C@@H]6CO)O[C@@H]5CO)O[C@@H]4CO)O[C@@H]3CO,HFHDHCJBZVLPGP-RWMJIURBSA-N,444913.0,972.3169405200002,-13.054800000000023,474.9000000000002
BRD-K33225083,Cc1ccccc1NC(=O)C(C)(C)C,0.942284189,1.005823573,0.999688626,1.017515333,90641911,Cc1ccccc1NC(=O)C(C)(C)C,CSGRQLUGMVFNON-UHFFFAOYSA-N,2734005.0,191.131014164,2.979620000000001,29.1
BRD-K13597771,COc1ccc(cc1)NC(=O)N(C)C[C@@H]1Oc2c(cccc2C(=O)N(C[C@@H]1C)[C@@H](C)CO)NS(=O)(=O)c1cn(cn1)C,0.891423046,0.995497258,1.023985831,1.133266264,90672783,COc1ccc(NC(=O)N(C)C[C@@H]2Oc3c(NS(=O)(=O)c4cn(C)cn4)cccc3C(=O)N([C@@H](C)CO)C[C@@H]2C)cc1,OFUFKPCTKSQGAV-JXQFQVJHSA-N,44497603.0,600.2366184919999,2.6135,155.32999999999998
BRD-K13972916,Cc1noc(c1CN1CCNCC1)C,0.922934477,1.01594489,1.017885204,0.955318039,91000894,Cc1noc(C)c1CN1CCNCC1,LJPFGGDQLGMPPG-UHFFFAOYSA-N,2772401.0,195.137162164,0.6966399999999999,41.3
BRD-K41722399,C[C@H]1CCCCO[C@H](CN(C)S(=O)(=O)c2ccc(cc2)F)[C@H](C)CN([C@H](C)CO)C(=O)c2cc(ccc2O1)NC(=O)Nc1ccc(cc1)F,0.950381178,1.084646913,1.093494097,0.974136746,91071896,C[C@@H]1CN([C@H](C)CO)C(=O)c2cc(NC(=O)Nc3ccc(F)cc3)ccc2O[C@@H](C)CCCCO[C@@H]1CN(C)S(=O)(=O)c1ccc(F)cc1,NMTQQMCQIMWYJL-IGMYRTRTSA-N,54617886.0,702.2898771879999,5.725000000000007,137.51000000000002
SPHONDIN,COc1cc2ccc(=O)oc2c2ccoc12,1.17145,0.9546047,1.000326254,0.954737625,91310013,COc1cc2ccc(=O)oc2c2ccoc12,DLCJNIBLOSKIQW-UHFFFAOYSA-N,108104.0,216.042258736,2.5478000000000005,52.58
BRD-K00335660,C[C@@H]1CN([C@H](C)CO)C(=O)Cc2cc(ccc2O[C@@H]1CN(C)Cc1ccc(cc1)C(=O)O)NS(=O)(=O)c1cn(cn1)C,0.997502619,1.04644359,0.980382788,1.010506555,91328667,C[C@@H]1CN([C@H](C)CO)C(=O)Cc2cc(NS(=O)(=O)c3cn(C)cn3)ccc2O[C@@H]1CN(C)Cc1ccc(C(=O)O)cc1,CSRYUIWVLNLVTL-XMERXJNXSA-N,44504792.0,599.2413695239999,2.2001,154.3
BRD-K82506675,COc1ccc2c3c([nH]c2c1)[C@H](CO)N(C[C@]13CCN(CC1)S(=O)(=O)c1ccccc1)C(=O)c1cnccn1,0.915573194,1.037676877,0.987941025,1.009749242,91600515,COc1ccc2c3c([nH]c2c1)[C@H](CO)N(C(=O)c1cnccn1)CC31CCN(S(=O)(=O)c2ccccc2)CC1,NBKRKHJUOCDRRQ-DEOSSOPVSA-N,134829601.0,547.1889400279999,2.878400000000002,128.72
BRD-K67711039,COc1ccc(cc1)NC(=O)N(C)C[C@@H]1Oc2c(cccc2C(=O)N(C[C@@H]1C)[C@H](C)CO)NC(=O)c1ccc(cc1)-c1nccs1,0.956217391,0.983417543,0.977270244,0.99375619,91661937,COc1ccc(NC(=O)N(C)C[C@@H]2Oc3c(NC(=O)c4ccc(-c5nccs5)cc4)cccc3C(=O)N([C@H](C)CO)C[C@@H]2C)cc1,OOXLWNZEICMUID-KERYWQKISA-N,44499322.0,643.2464549040001,5.455000000000006,133.32999999999998
BRD-K07438407,C[C@@H]1CN([C@@H](C)CO)C(=O)Cc2cc(ccc2O[C@H]1CN(C)C(=O)Nc1ccc2c(c1)OCO2)NS(=O)(=O)C,0.871231763,1.051477609,0.992445276,1.013033873,92005295,C[C@@H]1CN([C@@H](C)CO)C(=O)Cc2cc(NS(C)(=O)=O)ccc2O[C@H]1CN(C)C(=O)Nc1ccc2c(c1)OCO2,UNLCZPDVVCDXAA-KCYKTTMJSA-N,54614426.0,562.209735048,2.0996999999999995,146.74
BRD-A26310479,CC(C)C[C@H]1CC(=O)N=C(N)N1,1.034428597,0.99699872,1.008179993,1.107593648,92104377,CC(C)C[C@H]1CC(=O)N=C(N)N1,CADOGKVSDSOXSO-LURJTMIESA-N,92655386.0,169.1215121,0.2357000000000002,67.48
BRD-K50620824,C[C@@H]1CCCCO[C@@H](CN(C)C(=O)c2ccccc2)[C@H](C)CN([C@H](C)CO)C(=O)c2cc(ccc2O1)NC(=O)CCC(F)(F)F,1.123328675,1.006639619,0.940357289,1.032279989,92478732,C[C@@H]1CCCCO[C@@H](CN(C)C(=O)c2ccccc2)[C@H](C)CN([C@H](C)CO)C(=O)c2cc(NC(=O)CCC(F)(F)F)ccc2O1,UZQCDHBLLCHCGK-XTGAJNFRSA-N,54616830.0,635.318220788,5.535300000000007,108.41000000000004
BRD-K73179985,C[C@H]1CN([C@@H](C)CO)C(=O)Cc2cc(ccc2O[C@@H]1CN(C)C(=O)Nc1ccccc1)NS(=O)(=O)c1c(noc1C)C,1.083997639,0.943003739,1.00489829,0.996096156,92851254,Cc1noc(C)c1S(=O)(=O)Nc1ccc2c(c1)CC(=O)N([C@@H](C)CO)C[C@H](C)[C@@H](CN(C)C(=O)Nc1ccccc1)O2,ZRWZVVAUHBUDNL-LZJCXSABSA-N,44485695.0,599.241369524,3.405140000000001,154.31
BRD-K14913565,NC1(CCC1)c1ccc(cc1)F,0.932158361,1.00246256,0.990915421,1.026527004,92891096,NC1(c2ccc(F)cc2)CCC1,PAPAYUQUJVLXAF-UHFFFAOYSA-N,24274285.0,165.095377604,2.1636,26.02
BRD-K52982364,C[C@H]1CN([C@H](C)CO)C(=O)Cc2cc(ccc2O[C@H]1CN(C)Cc1ccc(cc1)-c1ccccc1)NC(=O)NC1CCCCC1,1.07756053,0.927184656,1.015270988,1.043783673,93113259,C[C@H](CO)N1C[C@H](C)[C@H](CN(C)Cc2ccc(-c3ccccc3)cc2)Oc2ccc(NC(=O)NC3CCCCC3)cc2CC1=O,CMLTYIJXOZVOLL-ULQPQYINSA-N,44502806.0,612.367556016,6.088800000000006,94.14
BRD-K75844394,CC(CO)(CO)NS(=O)(=O)c1ccccc1,1.024615081,0.990377651,0.983478997,1.013542397,93789524,CC(CO)(CO)NS(=O)(=O)c1ccccc1,FXFLFZLWSZEBBU-UHFFFAOYSA-N,720899.0,245.07217896,-0.2918000000000003,86.63
BRD-K57927692,C[C@H]1CN([C@@H](C)CO)C(=O)c2cccc(c2O[C@@H]1CN(C)Cc1ccc(cc1)-c1ccccc1)NC(=O)Nc1ccc2c(c1)OCO2,0.87299039,1.072042456,0.991545739,1.069600086,94155971,C[C@H]1CN([C@@H](C)CO)C(=O)c2cccc(NC(=O)Nc3ccc4c(c3)OCO4)c2O[C@@H]1CN(C)Cc1ccc(-c2ccccc2)cc1,NXXFVICVKMKDAU-JCGBMYGUSA-N,44494737.0,636.294785,6.078400000000006,112.6
BRD-K69909928,C[C@H]1CCCCO[C@H](CN(C)C(=O)Nc2ccc3c(c2)OCO3)[C@@H](C)CN([C@H](C)CO)C(=O)c2cc(ccc2O1)NC(=O)Nc1ccc(cc1)F,1.12839617,1.043416966,0.975679361,1.007059506,94163071,C[C@H](CO)N1C[C@H](C)[C@@H](CN(C)C(=O)Nc2ccc3c(c2)OCO3)OCCCC[C@H](C)Oc2ccc(NC(=O)Nc3ccc(F)cc3)cc2C1=O,MGVYWVSCIBUFMD-MEEIBLSFSA-N,44619068.0,707.3330416519999,6.157800000000007,150.93
BRD-K90826533,Nc1nc(nc(n1)-c1ccccc1)N,0.958033901,0.961505103,0.991244151,0.998122936,94187967,Nc1nc(N)nc(-c2ccccc2)n1,GZVHEAJQGPRDLQ-UHFFFAOYSA-N,7064.0,187.085795288,0.7030000000000001,90.71
BRD-K51173882,C[C@H]1CCCCO[C@@H](CN(C)C(=O)C2CCCCC2)[C@@H](C)CN([C@H](C)CO)C(=O)c2cc(ccc2O1)NC(=O)NC1CCCCC1,1.106144081,0.890749757,0.997217946,0.997885944,94273635,C[C@H](CO)N1C[C@H](C)[C@H](CN(C)C(=O)C2CCCCC2)OCCCC[C@H](C)Oc2ccc(NC(=O)NC3CCCCC3)cc2C1=O,CFGJOJXWGKVQCJ-IZPIQJOWSA-N,44618764.0,642.4356355760001,5.975000000000006,120.44000000000004
CHLORMADINONE ACETATE,CC(=O)OC1(C(C)=O)CCC2C3C=C(Cl)C4=CC(=O)CCC4(C)C3CCC21C,1.15545,1.003176319,1.005069089,1.309045402,94286953,CC(=O)OC1(C(C)=O)CCC2C3C=C(Cl)C4=CC(=O)CCC4(C)C3CCC21C,QMBJSIBWORFWQT-UHFFFAOYSA-N,2714.0,404.175437088,4.751700000000005,60.440000000000005
BRD-K29733039,CO[C@@H]1C[C@@H](CC[C@H]1OP(=O)(C)C)C[C@@H](C)[C@@H]1CC(=O)[C@H](C)/C=C(\C)[C@@H](O)[C@@H](OC)C(=O)[C@H](C)C[C@H](C)/C=C/C=C\C=C(/C)[C@H](C[C@@H]2CC[C@@H](C)[C@@](O)(O2)C(=O)C(=O)N2CCCC[C@H]2C(=O)O1)OC,1.175114721,1.043174335,0.991459083,0.704435837,94359121,CO[C@H]1C[C@@H]2CC[C@@H](C)[C@@](O)(O2)C(=O)C(=O)N2CCCC[C@H]2C(=O)O[C@H]([C@H](C)C[C@@H]2CC[C@@H](OP(C)(C)=O)[C@H](OC)C2)CC(=O)[C@H](C)/C=C(\C)[C@@H](O)[C@@H](OC)C(=O)[C@H](C)C[C@H](C)/C=C/C=C\C=C\1C,BUROJSBIWGDYCN-DHGBBOBXSA-N,123533033.0,989.562942998,7.74260000000001,201.5
BRD-K24692365,COCC#Cc1cnc2c(c1)C(=O)N(C[C@H](C)[C@@H](CN(C)S(=O)(=O)c1cccc(c1)OC)O2)[C@H](C)CO,1.084155735,0.9535823,1.009995443,1.000795952,94397371,COCC#Cc1cnc2c(c1)C(=O)N([C@H](C)CO)C[C@H](C)[C@@H](CN(C)S(=O)(=O)c1cccc(OC)c1)O2,CXFYFCSHAJQJEJ-XLNZFTOWSA-N,54627703.0,531.2039213959998,1.6289000000000002,118.5
DINITOLMIDE,Cc1c(C(N)=O)cc([N+](=O)[O-])cc1[N+](=O)[O-],0.99374,0.988722153,1.002983621,1.170949114,94560541,Cc1c(C(N)=O)cc([N+](=O)[O-])cc1[N+](=O)[O-],ZEFNOZRLAWVAQF-UHFFFAOYSA-N,3092.0,225.038570324,0.91032,129.37
BRD-K63841267,C[C@@H]1CN([C@H](C)CO)C(=O)Cc2cc(ccc2O[C@@H]1CN(C)Cc1ccc(cc1)C(=O)Nc1ccccc1N)NC(=O)CCC(F)(F)F,0.885181476,1.066853178,0.976147807,0.952725383,94657832,C[C@@H]1CN([C@H](C)CO)C(=O)Cc2cc(NC(=O)CCC(F)(F)F)ccc2O[C@@H]1CN(C)Cc1ccc(C(=O)Nc2ccccc2N)cc1,QQBXNGROOKAAKB-CEFNRUSXSA-N,44508028.0,669.3138041040002,5.083100000000004,137.23
BRD-K50986229,C[C@@H]1CN([C@@H](C)CO)C(=O)c2cc(ccc2O[C@@H]1CN(C)S(=O)(=O)C)NC(=O)Cn1cnnn1,0.91974731,1.008767328,1.009538816,0.968172689,94732001,C[C@@H]1CN([C@@H](C)CO)C(=O)c2cc(NC(=O)Cn3cnnn3)ccc2O[C@@H]1CN(C)S(C)(=O)=O,BAZWTORXTCRKMR-QWQRMKEZSA-N,44491786.0,495.1900026480001,-0.5766999999999975,159.84999999999997
BRD-K62544320,C[C@H]1CCCCO[C@H](CN(C)S(=O)(=O)c2cccs2)[C@H](C)CN([C@H](C)CO)C(=O)c2cc(ccc2O1)NC(=O)Nc1cccc2ccccc12,1.193559072,1.057945577,1.007474624,0.932731886,94750880,C[C@@H]1CN([C@H](C)CO)C(=O)c2cc(NC(=O)Nc3cccc4ccccc34)ccc2O[C@@H](C)CCCCO[C@@H]1CN(C)S(=O)(=O)c1cccs1,VTNPAMWLOZFMEQ-BWLKTWDLSA-N,54615218.0,722.280791812,6.661500000000008,137.51000000000002
BRD-A07763468,OC(=O)CC[C@H]1CCC(=O)N1,0.945856533,0.903031729,0.98472911,1.014306327,94823439,O=C(O)CC[C@H]1CCC(=O)N1,CSBJIXVKDCZBPF-RXMQYKEDSA-N,7083926.0,157.073893212,0.1297999999999999,66.39999999999999
XYLOSE,O=CC(O)C(O)C(O)CO,0.959285,0.925607103,1.006711525,0.990007015,94835746,O=CC(O)C(O)C(O)CO,PYMYPHUHKUWMLA-UHFFFAOYSA-N,854.0,150.05282342,-2.7397000000000005,97.99
BRD-K30316035,COc1ccc(cc1)C#Cc1cnc2c(c1)C(=O)N(C[C@H](C)[C@H](CN(C)C(=O)CC1CC1)O2)[C@@H](C)CO,1.073817041,0.982750279,0.985940575,1.021360814,94995895,COc1ccc(C#Cc2cnc3c(c2)C(=O)N([C@@H](C)CO)C[C@H](C)[C@H](CN(C)C(=O)CC2CC2)O3)cc1,DPWYORMJDFEMPA-DYLHXGEVSA-N,54618825.0,505.25767122,2.9686000000000017,92.2
BRD-K33152096,O[C@H]1COC[C@H]2O[C@H](CC[C@@H]2N(C1)S(=O)(=O)c1ccc(cc1)Cl)CC(=O)NCCN1CCCCC1,1.351106662,0.980143602,1.002619618,0.964008185,95370811,O=C(C[C@H]1CC[C@H]2[C@@H](COC[C@H](O)CN2S(=O)(=O)c2ccc(Cl)cc2)O1)NCCN1CCCCC1,QDBHDTVABPFXGM-YXPKMTABSA-N,60193673.0,529.201334552,1.6302000000000003,108.40999999999998
BRD-K70607332,C[C@H]1CN([C@@H](C)CO)S(=O)(=O)c2ccc(cc2O[C@H]1CN(C)Cc1ccncc1)C#CC(C)(C)O,0.988025496,1.001187096,1.003045051,1.00903508,95428966,C[C@H]1CN([C@@H](C)CO)S(=O)(=O)c2ccc(C#CC(C)(C)O)cc2O[C@H]1CN(C)Cc1ccncc1,WLXWLVBFXATLOI-SKPFHBQLSA-N,54623476.0,501.2297422200001,2.1046,103.2
BRD-K11224669,C[C@H]1CN([C@@H](C)CO)C(=O)c2cc(ccc2O[C@@H]1CN(C)Cc1ccc(cc1)C(F)(F)F)NC(=O)Nc1ccccc1,0.925729688,0.805461155,0.98261918,1.025595123,95573907,C[C@H]1CN([C@@H](C)CO)C(=O)c2cc(NC(=O)Nc3ccccc3)ccc2O[C@@H]1CN(C)Cc1ccc(C(F)(F)F)cc1,RUOZLMFIBHXSJW-YHGPEZAFSA-N,44491123.0,584.26104026,5.701500000000005,94.14
BRD-K90247053,C[C@@H]1CCCCO[C@H](CN(C)C(=O)NC2CCCCC2)[C@H](C)CN([C@H](C)CO)C(=O)c2cc(ccc2O1)NC(=O)Cc1ccccc1,1.106284774,1.060152578,0.983912611,1.014235042,95601136,C[C@@H]1CCCCO[C@H](CN(C)C(=O)NC2CCCCC2)[C@H](C)CN([C@H](C)CO)C(=O)c2cc(NC(=O)Cc3ccccc3)ccc2O1,AKXNFALRDHHLHC-GWZRSYOGSA-N,44616871.0,650.404335448,5.637400000000006,120.44000000000004
BRD-K28885900,COCCNC(=O)C[C@@H]1CC[C@H]2[C@H](COc3ccc(cc3C(=O)N2C)NS(=O)(=O)c2ccc(cc2)Cl)O1,0.988853006,1.014061879,1.025456675,0.944802449,95679478,COCCNC(=O)C[C@@H]1CC[C@H]2[C@H](COc3ccc(NS(=O)(=O)c4ccc(Cl)cc4)cc3C(=O)N2C)O1,LXVVTJIZWLYICJ-HARLFGEKSA-N,54654968.0,551.14929898,2.6741,123.27
BRD-K04689071,COc1ccc(cc1)NC(=O)N(C)C[C@@H]1OCCCC[C@@H](C)Oc2ccc(cc2C(=O)N(C[C@H]1C)[C@H](C)CO)NC(=O)Nc1ccccc1,1.336281739,1.001694837,1.058681458,1.075533761,95717772,COc1ccc(NC(=O)N(C)C[C@@H]2OCCCC[C@@H](C)Oc3ccc(NC(=O)Nc4ccccc4)cc3C(=O)N([C@H](C)CO)C[C@H]2C)cc1,ALWZSNOZQCMYGQ-WYOWBBOASA-N,44497375.0,675.3631989080001,6.298600000000008,141.7
BRD-K31289532,CN1CCO[C@H]2CCN(C[C@H]21)C(=O)c1ccn(n1)C,0.926809702,1.078912743,0.982417281,1.051684332,95765855,CN1CCO[C@H]2CCN(C(=O)c3ccn(C)n3)C[C@H]21,ZHRMBXPCNDECOB-NEPJUHHUSA-N,125210122.0,264.15862588,-0.0348000000000006,50.6
BRD-K57115335,C[C@@H]1CN([C@H](C)CO)C(=O)Cc2cc(ccc2O[C@H]1CN(C)C(=O)Nc1ccc(cc1)C(F)(F)F)NS(=O)(=O)C,0.922689988,0.969370719,1.018297163,0.943774251,95785209,C[C@@H]1CN([C@H](C)CO)C(=O)Cc2cc(NS(C)(=O)=O)ccc2O[C@H]1CN(C)C(=O)Nc1ccc(C(F)(F)F)cc1,ULBVSTNRUTTXDI-QZMQVMSPSA-N,44492011.0,586.2072904360001,3.389800000000001,128.28
CAPREOMYCIN SULFATE [4mM],N=C1NCCC(C2NC(=O)C(=CNC(N)=O)NC(=O)C(CNC(=O)CC(N)CCCN)NC(=O)C(CO)NC(=O)C(N)CNC2=O)N1.O=S(=O)(O)O,1.05465,1.036461754,0.977098813,0.96826615,95822662,N=C1NCCC(C2NC(=O)C(=CNC(N)=O)NC(=O)C(CNC(=O)CC(N)CCCN)NC(=O)C(CO)NC(=O)C(N)CNC2=O)N1.O=S(=O)(O)O,AJQVUIHGEOLMDY-UHFFFAOYSA-N,14975.0,766.3140339120002,-8.677930000000016,450.5199999999999
BRD-K25982265,Nc1ccccc1N1CCNCC1,0.834151994,1.021818404,1.004139866,0.982110383,95848145,Nc1ccccc1N1CCNCC1,TZWRXFPFRACRLO-UHFFFAOYSA-N,430956.0,177.12659748,0.6783999999999999,41.29
PICEID,OCC1OC(Oc2cc(O)cc(C=Cc3ccc(O)cc3)c2)C(O)C(O)C1O,0.95614,0.927931766,1.013610274,0.785024372,95917801,OCC1OC(Oc2cc(O)cc(C=Cc3ccc(O)cc3)c2)C(O)C(O)C1O,HSTZMXCBWJGKHG-UHFFFAOYSA-N,393787.0,390.131467664,0.4468999999999994,139.84
BRD-K23576288,C[C@H]1COC(=O)[C@@H](CC=CC[C@@H](CC(=O)N[C@H](CO)Cc2ccccc2)C(=O)N1)Cc1ccc(cc1)F,0.994006135,0.969421492,1.010144676,0.993455621,96041461,C[C@H]1COC(=O)[C@H](Cc2ccc(F)cc2)CC=CC[C@@H](CC(=O)N[C@H](CO)Cc2ccccc2)C(=O)N1,GGQZATUPSKWRKH-VIRINCGLSA-N,,510.25300044,3.1084000000000005,104.73000000000002
BRD-K93177448,C[C@@H]1CN([C@H](C)CO)C(=O)c2cccc(c2O[C@@H]1CN(C)C(=O)Nc1ccc(cc1)F)NC(=O)c1ccc(cc1)-c1nccs1,0.963223425,0.976599418,0.940349767,1.073433917,96071458,C[C@@H]1CN([C@H](C)CO)C(=O)c2cccc(NC(=O)c3ccc(-c4nccs4)cc3)c2O[C@@H]1CN(C)C(=O)Nc1ccc(F)cc1,OUOUQNCHWBNMRZ-UMQWNRPGSA-N,44498070.0,631.2264684080001,5.585500000000005,124.1
BRD-K40234190,CCCN(C)C[C@@H]1OCCCC[C@@H](C)Oc2ccc(cc2C(=O)N(C[C@@H]1C)[C@H](C)CO)NC(=O)C1CCCCC1,1.202929829,0.973677448,1.031232647,1.02700953,96185712,CCCN(C)C[C@@H]1OCCCC[C@@H](C)Oc2ccc(NC(=O)C3CCCCC3)cc2C(=O)N([C@H](C)CO)C[C@@H]1C,MWWDCVWIRARQFX-RPQPUBLWSA-N,44502943.0,559.398521796,5.342700000000005,91.34
BRD-K23098375,C[C@@H]1CCCCO[C@H](CN(C)CC2CC2)[C@@H](C)CN([C@H](C)CO)C(=O)c2cc(ccc2O1)NC(=O)CCC(F)(F)F,1.279991661,1.085813007,1.103019033,0.894428398,96400195,C[C@@H]1CCCCO[C@H](CN(C)CC2CC2)[C@@H](C)CN([C@H](C)CO)C(=O)c2cc(NC(=O)CCC(F)(F)F)ccc2O1,PHMVYNHJMOYKRN-HRGDABNKSA-N,44501766.0,585.338956232,5.104900000000006,91.34
BRD-K86949613,C[C@@H]1CCCCO[C@@H](CN(C)C(=O)Cc2ccccc2)[C@@H](C)CN([C@H](C)CO)C(=O)c2cc(ccc2O1)NC(=O)Nc1ccc(cc1)F,0.76471696,1.012173262,0.979867041,0.991542672,96564162,C[C@@H]1CCCCO[C@@H](CN(C)C(=O)Cc2ccccc2)[C@@H](C)CN([C@H](C)CO)C(=O)c2cc(NC(=O)Nc3ccc(F)cc3)ccc2O1,OIMKOVUMAGLQLA-DOKVQHETSA-N,44489727.0,662.3479634439999,5.966300000000007,120.44000000000004
BRD-K97923783,OC[C@@H]1O[C@H](CC(=O)NC2CCC2)C=C[C@H]1NC(=O)CN1CCOCC1,0.919311273,1.03245178,0.994271362,0.977523929,96697013,O=C(C[C@@H]1C=C[C@@H](NC(=O)CN2CCOCC2)[C@H](CO)O1)NC1CCC1,SRCKIDNRSVGBQD-XHSDSOJGSA-N,54645377.0,367.210721028,-0.8218999999999963,100.13
BRD-K39551305,C[C@@H]1CN([C@H](C)CO)S(=O)(=O)c2ccc(cc2O[C@@H]1CN(C)S(=O)(=O)c1ccccc1)Br,1.19637902,0.997431173,1.016660293,1.054887322,96725813,C[C@@H]1CN([C@H](C)CO)S(=O)(=O)c2ccc(Br)cc2O[C@@H]1CN(C)S(=O)(=O)c1ccccc1,HIPOFMXLOVDGIW-JXXFODFXSA-N,54625033.0,546.049390684,2.5384,104.22
BRD-K55418700,CC(C)(O)c1coc(c1)S(=O)(=O)NC(=O)Nc1c2c(cc3c1CCC3)CCC2,1.151946647,0.962635924,0.992578235,1.08001072,96734118,CC(C)(O)c1coc(S(=O)(=O)NC(=O)Nc2c3c(cc4c2CCC4)CCC3)c1,HUUSXLKCTQDPGL-UHFFFAOYSA-N,9910393.0,404.140592868,2.994800000000001,108.64
BRD-K49578147,COc1ccccc1C(=O)Nc1ccc2c(c1)C(=O)N(C)[C@@H]1CC[C@@H](CC(=O)NCc3ccc(c(c3)Cl)Cl)O[C@@H]1CO2,1.209903379,0.888835885,0.958479954,1.067679238,96806917,COc1ccccc1C(=O)Nc1ccc2c(c1)C(=O)N(C)[C@@H]1CC[C@@H](CC(=O)NCc3ccc(Cl)c(Cl)c3)O[C@@H]1CO2,ASXFRKIPNMTMAF-CHDKBHGASA-N,54654648.0,611.158991072,5.341400000000005,106.20000000000002
BRD-K77502932,COc1ccc2c3c(n(c2c1)C)[C@H](CO)N(C[C@]13CN(C1)C(=O)c1ccccn1)S(=O)(=O)c1ccc(cc1)C,1.186269703,0.988711503,1.079110796,1.011220487,96810245,COc1ccc2c3c(n(C)c2c1)[C@H](CO)N(S(=O)(=O)c1ccc(C)cc1)CC31CN(C(=O)c2ccccn2)C1,AGGYLPBOERKGHY-VWLOTQADSA-N,60185189.0,546.19369106,3.022020000000002,104.97
BRD-A80383043,N[C@@H](C(=O)O)c1ccc(c(c1)O)C(=O)O,0.92197769,0.994374001,0.994735843,1.013214618,96864525,N[C@@H](C(=O)O)c1ccc(C(=O)O)c(O)c1,GXZSAQLJWLCLOX-SSDOTTSWSA-N,6604709.0,211.048072388,0.1748,120.85
BRD-K51779559,COc1cccc(c1)NC(=O)N[C@H]1C=C[C@@H](CC(=O)N2CCOCC2)O[C@@H]1CO,0.897779099,1.01814327,0.994869892,1.024455818,96868305,COc1cccc(NC(=O)N[C@H]2C=C[C@@H](CC(=O)N3CCOCC3)O[C@@H]2CO)c1,DEUGGSUTAOAWFI-OKZBNKHCSA-N,54640134.0,405.189985584,0.7500999999999998,109.36
BRD-K00530476,COc1ccc(cc1)NC(=O)Nc1ccc2c(c1)C(=O)N(C[C@@H](C)[C@H](CN(C)C(=O)Nc1c(noc1C)C)OCCCC[C@@H](C)O2)[C@H](C)CO,1.123696005,0.992839864,0.987349102,1.025114449,97205380,COc1ccc(NC(=O)Nc2ccc3c(c2)C(=O)N([C@H](C)CO)C[C@@H](C)[C@H](CN(C)C(=O)Nc2c(C)noc2C)OCCCC[C@@H](C)O3)cc1,AZXAFFGQRZQZEP-RICRHEPGSA-N,44616535.0,694.3690125600001,5.903440000000007,167.72999999999996
BRD-K78156634,COCC(=O)OCN1N=Nc2ccccc2C1=O,0.916819914,0.936069484,1.00618812,0.935415638,97491715,COCC(=O)OCn1nnc2ccccc2c1=O,PNAAAWUCYGUJQQ-UHFFFAOYSA-N,3245773.0,249.074955832,-0.0614000000000003,83.31
BRD-K87863641,C[C@H]1CCCCO[C@@H](CN(C)S(=O)(=O)c2ccccc2)[C@H](C)CN([C@H](C)CO)C(=O)c2cc(ccc2O1)NC(=O)Nc1c(noc1C)C,1.049088831,0.980998003,1.00780974,1.098448647,97499826,Cc1noc(C)c1NC(=O)Nc1ccc2c(c1)C(=O)N([C@H](C)CO)C[C@@H](C)[C@H](CN(C)S(=O)(=O)c1ccccc1)OCCCC[C@H](C)O2,MNGKGCYBPNKPRY-JYWVQFHMSA-N,49843121.0,685.314534464,5.051640000000004,163.54000000000002
BRD-K94725447,C[C@@H]1CCCCO[C@H](CN(C)C(=O)Nc2ccc(cc2)C(F)(F)F)[C@H](C)CN([C@@H](C)CO)C(=O)c2cc(ccc2O1)NC(=O)Nc1cccc2ccccc12,0.911569339,1.0030985,1.001170993,1.000177615,97532937,C[C@@H]1CCCCO[C@H](CN(C)C(=O)Nc2ccc(C(F)(F)F)cc2)[C@H](C)CN([C@@H](C)CO)C(=O)c2cc(NC(=O)Nc3cccc4ccccc34)ccc2O1,NWLXXCWQRNKJOL-IIOCKGBISA-N,54615628.0,763.355668916,8.462000000000007,132.47000000000003
BRD-K52598503,NC/C(=C/F)CCc1ccc(cc1)F,0.959935834,0.975203067,1.005080245,0.881408497,97686015,NC/C(=C/F)CCc1ccc(F)cc1,VXLBSYHAEKDUSU-UHFFFAOYSA-N,114903.0,197.101605856,2.570400000000001,26.02
BRD-K98655317,CCc1cccc(c1NC(=O)C)C,0.993813372,0.975150883,1.029531647,1.041805961,97721747,CCc1cccc(C)c1NC(C)=O,OEYCXAGQPZAQQE-UHFFFAOYSA-N,178926.0,177.1153641,2.5158200000000006,29.1
BRD-K17559923,COc1cccc(c1)S(=O)(=O)N(C)C[C@H]1Oc2ncc(cc2C(=O)N(C[C@H]1C)[C@H](C)CO)C#CCC(C)C,1.119120997,0.934514932,0.988167171,1.028669955,97794700,COc1cccc(S(=O)(=O)N(C)C[C@H]2Oc3ncc(C#CCC(C)C)cc3C(=O)N([C@H](C)CO)C[C@H]2C)c1,RWCYONGKCINDSM-IPVFLDMMSA-N,54627685.0,543.2403069039999,3.0286000000000017,109.27
BRD-K84267379,C[C@@H]1CCCCO[C@@H](CN(C)S(=O)(=O)C)[C@H](C)CN([C@H](C)CO)C(=O)c2cc(ccc2O1)NC(=O)Nc1ccc(cc1)C(F)(F)F,0.865125335,0.907200918,0.977806979,0.957044285,97962299,C[C@@H]1CCCCO[C@@H](CN(C)S(C)(=O)=O)[C@H](C)CN([C@H](C)CO)C(=O)c2cc(NC(=O)Nc3ccc(C(F)(F)F)cc3)ccc2O1,BGGFUJXKIGFKDW-KUMFRPPMSA-N,44618202.0,672.2804553759998,5.036300000000005,137.51000000000002
BRD-K48021997,C[C@H]1CN([C@@H](C)CO)C(=O)c2cccc(c2O[C@H]1CN(C)S(=O)(=O)c1cn(cn1)C)NC(=O)NC1CCCCC1,1.04681827,1.020349023,1.024023854,0.960286367,97968367,C[C@H]1CN([C@@H](C)CO)C(=O)c2cccc(NC(=O)NC3CCCCC3)c2O[C@H]1CN(C)S(=O)(=O)c1cn(C)cn1,ZHELEZKLVGJGKY-YDHSSHFGSA-N,44490818.0,576.2730040000001,2.4151,146.10000000000002
BRD-K76512739,C[C@H]1CCCCO[C@@H](CN(C)S(=O)(=O)c2ccc(cc2)F)[C@@H](C)CN([C@H](C)CO)C(=O)c2cc(ccc2O1)NC(=O)C1CCCCC1,1.478332928,1.005020709,0.985447659,1.117637029,98075260,C[C@H](CO)N1C[C@H](C)[C@H](CN(C)S(=O)(=O)c2ccc(F)cc2)OCCCC[C@H](C)Oc2ccc(NC(=O)C3CCCCC3)cc2C1=O,UFFXBMXALLVAPW-CEMVDLCSSA-N,44496432.0,675.33535016,5.460700000000005,125.48000000000002
BRD-K92813160,C[C@H]1CN([C@H](C)CO)C(=O)c2cc(ccc2O[C@@H]1CN(C)Cc1ccc(cc1)C(=O)O)NC(=O)c1ccncc1,0.92333012,1.089996932,0.980092553,1.00491782,98315039,C[C@H](CO)N1C[C@H](C)[C@@H](CN(C)Cc2ccc(C(=O)O)cc2)Oc2ccc(NC(=O)c3ccncc3)cc2C1=O,SAZGMMZFLXOKSB-ASHZAFPQSA-N,44489382.0,546.247834808,3.3842000000000017,132.3
BRD-K18346355,COC(=O)CCN1C=C(F)C(=NC1=O)N,0.939370294,0.945195466,0.989285658,1.051872968,98514698,COC(=O)CCn1cc(F)c(N)nc1=O,XEHYZCIJESBTCO-UHFFFAOYSA-N,704811.0,215.0706194,-0.4723000000000001,87.21000000000001
BRD-K44755608,COc1ccc(cc1)CN(C)C[C@H]1Oc2ccc(cc2CC(=O)N(C[C@@H]1C)[C@@H](C)CO)NC(=O)Nc1cccc2ccccc12,0.825594825,0.874763814,1.011390943,0.947821402,99074901,COc1ccc(CN(C)C[C@H]2Oc3ccc(NC(=O)Nc4cccc5ccccc45)cc3CC(=O)N([C@@H](C)CO)C[C@@H]2C)cc1,HLLDWJBSDKHRFC-JCGBMYGUSA-N,44492023.0,610.3155204440001,5.773400000000007,103.37
BRD-K91156493,COc1ccc(cc1)NC(=O)N(C)C[C@@H]1Oc2ccc(cc2C(=O)N(C[C@@H]1C)[C@@H](C)CO)NC(=O)Nc1cccc2ccccc12,1.068690191,0.977882246,0.9993455,1.02595243,99076780,COc1ccc(NC(=O)N(C)C[C@@H]2Oc3ccc(NC(=O)Nc4cccc5ccccc45)cc3C(=O)N([C@@H](C)CO)C[C@@H]2C)cc1,ACAWOFBHSXEWAI-HYUGZUBYSA-N,44484841.0,625.290033968,5.876400000000007,132.47
BRD-K06877872,COc1ccc(cc1)C#Cc1ccc2c(c1)[C@]1([C@H]([C@H]3N([C@@H]([C@@H](OC3=O)c3ccccc3)c3ccccc3)[C@H]1c1ccccc1OCCO)C(=O)O)C(=O)N2,0.34473555,0.989895369,0.997023465,0.989527407,99138157,COc1ccc(C#Cc2ccc3c(c2)[C@]2(C(=O)N3)[C@H](c3ccccc3OCCO)N3[C@H](c4ccccc4)[C@H](c4ccccc4)OC(=O)[C@H]3[C@@H]2C(=O)O)cc1,KFMHLEUGXDQKIW-KTDJTCJASA-N,6728986.0,720.2471661120001,5.821700000000007,134.63000000000002
BRD-K84807098,C[C@@H]1CN([C@@H](C)CO)C(=O)c2cccc(c2O[C@H]1CN(C)CC1CCCCC1)NC(=O)Nc1ccccc1,1.328977929,1.020773889,1.049877335,1.065844672,99178430,C[C@@H]1CN([C@@H](C)CO)C(=O)c2cccc(NC(=O)Nc3ccccc3)c2O[C@H]1CN(C)CC1CCCCC1,FACQEHPGYFDBAQ-VHSZZVNMSA-N,44499658.0,522.320605824,5.062800000000005,94.14
BRD-K72210630,C[C@H]1CN([C@@H](C)CO)C(=O)CCCn2cc(nn2)CO[C@@H]1CN(C)S(=O)(=O)c1c(noc1C)C,1.131135249,0.94857284,1.044042701,0.06417852,99813244,Cc1noc(C)c1S(=O)(=O)N(C)C[C@H]1OCc2cn(nn2)CCCC(=O)N([C@@H](C)CO)C[C@@H]1C,VEWOEMHTGDJGFP-YZVOILCLSA-N,44505536.0,498.2260538079999,0.7281400000000009,143.89
BRD-K25216602,CC(C)CC#Cc1ccc2c(c1)O[C@@H](CN(C)C(=O)Cc1cccnc1)[C@H](C)CN([C@@H](C)CO)S2(=O)=O,1.056707935,0.985541543,0.985571244,0.995702276,99977785,CC(C)CC#Cc1ccc2c(c1)O[C@@H](CN(C)C(=O)Cc1cccnc1)[C@H](C)CN([C@@H](C)CO)S2(=O)=O,HNBFIRYNWWOTHM-UFPGJGBJSA-N,54620153.0,527.245392284,2.9489000000000014,100.04
